o wall
v -104.78578186 34.92516327 -1.79999995
v -103.29149628 34.79442596 -1.79999995
v -103.30857086 34.66469193 -1.79999995
v -103.33689880 34.53693390 -1.79999995
v -103.37624359 34.41213226 -1.79999995
v -103.42632294 34.29123306 -1.79999995
v -103.48674774 34.17515945 -1.79999995
v -103.55706024 34.06479645 -1.79999995
v -103.63671875 33.96097946 -1.79999995
v -103.72512817 33.86450195 -1.79999995
v -103.82160187 33.77609634 -1.79999995
v -103.92542267 33.69643402 -1.79999995
v -104.03578949 33.62612534 -1.79999995
v -104.15186310 33.56570053 -1.79999995
v -104.27275848 33.51562500 -1.79999995
v -104.39756012 33.47627258 -1.79999995
v -104.52531433 33.44795227 -1.79999995
v -104.65505981 33.43087006 -1.79999995
v -104.78578186 33.42516327 -1.79999995
v -104.91651917 33.43087006 -1.79999995
v -105.04625702 33.44795227 -1.79999995
v -105.17401123 33.47627258 -1.79999995
v -105.29882050 33.51562500 -1.79999995
v -105.41971588 33.56570053 -1.79999995
v -105.53578949 33.62612534 -1.79999995
v -105.64615631 33.69643402 -1.79999995
v -105.74996948 33.77609634 -1.79999995
v -105.84645081 33.86450195 -1.79999995
v -105.93485260 33.96097946 -1.79999995
v -106.01451111 34.06479645 -1.79999995
v -106.08482361 34.17515945 -1.79999995
v -106.14524841 34.29123306 -1.79999995
v -106.19532013 34.41213226 -1.79999995
v -106.23468018 34.53693390 -1.79999995
v -106.26300049 34.66469193 -1.79999995
v -106.28008270 34.79442596 -1.79999995
v -106.28578949 34.92516327 -1.79999995
v -106.28008270 35.05589294 -1.79999995
v -106.26300049 35.18563461 -1.79999995
v -106.23468018 35.31338882 -1.79999995
v -106.19532013 35.43819046 -1.79999995
v -106.14524841 35.55908966 -1.79999995
v -106.08482361 35.67515945 -1.79999995
v -106.01451111 35.78552628 -1.79999995
v -105.93485260 35.88934326 -1.79999995
v -105.84645081 35.98582458 -1.79999995
v -105.74996948 36.07423019 -1.79999995
v -105.64615631 36.15388870 -1.79999995
v -105.53578949 36.22420120 -1.79999995
v -105.41971588 36.28462601 -1.79999995
v -105.29882050 36.33470154 -1.79999995
v -105.17401123 36.37405014 -1.79999995
v -105.04625702 36.40237427 -1.79999995
v -104.91651917 36.41945648 -1.79999995
v -104.78578186 36.42516327 -1.79999995
v -104.65505981 36.41945648 -1.79999995
v -104.52531433 36.40237427 -1.79999995
v -104.39756012 36.37405014 -1.79999995
v -104.27275848 36.33470154 -1.79999995
v -104.15186310 36.28462601 -1.79999995
v -104.03578949 36.22420120 -1.79999995
v -103.92542267 36.15388870 -1.79999995
v -103.82160187 36.07423019 -1.79999995
v -103.72512817 35.98582458 -1.79999995
v -103.63671875 35.88934326 -1.79999995
v -103.55706024 35.78552628 -1.79999995
v -103.48674774 35.67515945 -1.79999995
v -103.42632294 35.55908966 -1.79999995
v -103.37624359 35.43819046 -1.79999995
v -103.33689880 35.31338882 -1.79999995
v -103.30857086 35.18563461 -1.79999995
v -103.29149628 35.05589294 -1.79999995
v -103.28578949 34.92516327 -1.79999995
v -103.28578949 34.92516327 4.50000000
v -103.29149628 35.05589294 4.50000000
v -103.30857086 35.18563461 4.50000000
v -103.33689880 35.31338882 4.50000000
v -103.37624359 35.43819046 4.50000000
v -103.42632294 35.55908966 4.50000000
v -103.48674774 35.67515945 4.50000000
v -103.55706024 35.78552628 4.50000000
v -103.63671875 35.88934326 4.50000000
v -103.72512817 35.98582458 4.50000000
v -103.82160187 36.07423019 4.50000000
v -103.92542267 36.15388870 4.50000000
v -104.03578949 36.22420120 4.50000000
v -104.15186310 36.28462601 4.50000000
v -104.27275848 36.33470154 4.50000000
v -104.39756012 36.37405014 4.50000000
v -104.52531433 36.40237427 4.50000000
v -104.65505981 36.41945648 4.50000000
v -104.78578186 36.42516327 4.50000000
v -104.91651917 36.41945648 4.50000000
v -105.04625702 36.40237427 4.50000000
v -105.17401123 36.37405014 4.50000000
v -105.29882050 36.33470154 4.50000000
v -105.41971588 36.28462601 4.50000000
v -105.53578949 36.22420120 4.50000000
v -105.64615631 36.15388870 4.50000000
v -105.74996948 36.07423019 4.50000000
v -105.84645081 35.98582458 4.50000000
v -105.93485260 35.88934326 4.50000000
v -106.01451111 35.78552628 4.50000000
v -106.08482361 35.67515945 4.50000000
v -106.14524841 35.55908966 4.50000000
v -106.19532013 35.43819046 4.50000000
v -106.23468018 35.31338882 4.50000000
v -106.26300049 35.18563461 4.50000000
v -106.28008270 35.05589294 4.50000000
v -106.28578949 34.92516327 4.50000000
v -106.28008270 34.79442596 4.50000000
v -106.26300049 34.66469193 4.50000000
v -106.23468018 34.53693390 4.50000000
v -106.19532013 34.41213226 4.50000000
v -106.14524841 34.29123306 4.50000000
v -106.08482361 34.17515945 4.50000000
v -106.01451111 34.06479645 4.50000000
v -105.93485260 33.96097946 4.50000000
v -105.84645081 33.86450195 4.50000000
v -105.74996948 33.77609634 4.50000000
v -105.64615631 33.69643402 4.50000000
v -105.53578949 33.62612534 4.50000000
v -105.41971588 33.56570053 4.50000000
v -105.29882050 33.51562500 4.50000000
v -105.17401123 33.47627258 4.50000000
v -105.04625702 33.44795227 4.50000000
v -104.91651917 33.43087006 4.50000000
v -104.78578186 33.42516327 4.50000000
v -104.65505981 33.43087006 4.50000000
v -104.52531433 33.44795227 4.50000000
v -104.39756012 33.47627258 4.50000000
v -104.27275848 33.51562500 4.50000000
v -104.15186310 33.56570053 4.50000000
v -104.03578949 33.62612534 4.50000000
v -103.92542267 33.69643402 4.50000000
v -103.82160187 33.77609634 4.50000000
v -103.72512817 33.86450195 4.50000000
v -103.63671875 33.96097946 4.50000000
v -103.55706024 34.06479645 4.50000000
v -103.48674774 34.17515945 4.50000000
v -103.42632294 34.29123306 4.50000000
v -103.37624359 34.41213226 4.50000000
v -103.33689880 34.53693390 4.50000000
v -103.30857086 34.66469193 4.50000000
v -103.29149628 34.79442596 4.50000000
v -102.78578949 34.92516327 5
v -102.79339600 35.09947205 5
v -102.81616974 35.27246094 5
v -102.85393524 35.44279861 5
v -102.90640259 35.60920334 5
v -102.97316742 35.77039719 5
v -103.05373383 35.92515945 5
v -103.14748383 36.07231522 5
v -103.25370026 36.21073914 5
v -103.37157440 36.33937454 5
v -103.50020599 36.45725250 5
v -103.63863373 36.56346893 5
v -103.78578949 36.65721512 5
v -103.94055176 36.73777771 5
v -104.10174561 36.80454636 5
v -104.26815033 36.85701370 5
v -104.43849182 36.89477539 5
v -104.61148071 36.91755295 5
v -104.78578186 36.92516327 5
v -104.96009827 36.91755295 5
v -105.13308716 36.89477539 5
v -105.30342865 36.85701370 5
v -105.46983337 36.80454636 5
v -105.63102722 36.73777771 5
v -105.78578949 36.65721512 5
v -105.93294525 36.56346893 5
v -106.07135773 36.45725250 5
v -106.20000458 36.33937454 5
v -106.31787872 36.21073914 5
v -106.42409515 36.07231522 5
v -106.51783752 35.92515945 5
v -106.59839630 35.77039719 5
v -106.66516876 35.60920334 5
v -106.71763611 35.44279861 5
v -106.75540924 35.27246094 5
v -106.77817535 35.09947205 5
v -106.78578949 34.92516327 5
v -106.77817535 34.75085068 5
v -106.75540924 34.57786560 5
v -106.71763611 34.40752411 5
v -106.66516876 34.24111938 5
v -106.59839630 34.07992554 5
v -106.51783752 33.92515945 5
v -106.42409515 33.77800751 5
v -106.31787872 33.63958740 5
v -106.20000458 33.51094818 5
v -106.07135773 33.39307404 5
v -105.93294525 33.28685760 5
v -105.78578949 33.19311142 5
v -105.63102722 33.11254883 5
v -105.46983337 33.04577637 5
v -105.30342865 32.99330902 5
v -105.13308716 32.95554733 5
v -104.96009827 32.93277359 5
v -104.78578186 32.92516327 5
v -104.61148071 32.93277359 5
v -104.43849182 32.95554733 5
v -104.26815033 32.99330902 5
v -104.10174561 33.04577637 5
v -103.94055176 33.11254883 5
v -103.78578949 33.19311142 5
v -103.63863373 33.28685760 5
v -103.50020599 33.39307404 5
v -103.37157440 33.51094818 5
v -103.25370026 33.63958740 5
v -103.14748383 33.77800751 5
v -103.05373383 33.92515945 5
v -102.97316742 34.07992554 5
v -102.90640259 34.24111938 5
v -102.85393524 34.40752411 5
v -102.81616974 34.57786560 5
v -102.79339600 34.75085068 5
v -107.28013611 34.85385895 5
v -106.85709381 34.85385895 5
v -106.85709381 17.66131210 5
v -88.13709259 34.85385895 5
v -86.47673798 34.85385895 5
v -86.47673798 17.66131210 5
v -85.34494019 34.85385895 5
v -85.34494019 17.66131210 5
v -83.29248047 33.12156296 5
v -84.51258087 19.17486191 5
v -68.70558929 34.85385895 5
v -69.34568787 31.90146446 5
v -68.70558929 17.66131210 5
v -70.56588745 17.95466232 5
v -67.38813782 34.85385895 5
v -67.38813782 17.66131210 5
v -50.20818710 34.85385895 5
v -48.54788589 34.85385895 5
v -48.54788589 17.66131210 5
v 67.65936279 34.85385895 5
v 69.31961060 34.85385895 5
v 69.31961060 17.66131210 5
v 86.74686432 34.85385895 5
v 88.40721130 34.85385895 5
v 88.40721130 17.66131210 5
v -107.28013611 17.66131210 5
v -106.85709381 14.17861271 5
v -89.26453400 17.66131210 5
v -88.13709259 17.66131210 5
v -88.13709259 14.17861271 5
v -86.47673798 14.17861271 5
v -85.34494019 14.17861271 5
v -68.70558929 14.17861271 5
v -67.38813782 14.17861271 5
v -50.20818710 17.66131210 5
v -48.54788589 14.17861271 5
v -31.73908615 17.66131210 5
v -31.05988693 17.66131210 5
v -31.05988693 14.17861271 5
v -29.76428795 17.66131210 5
v -29.76428795 14.17861271 5
v 29.97736168 17.66131210 5
v 30.22346306 17.66131210 5
v 30.22346306 14.17861271 5
v 31.58461380 17.66131210 5
v 31.58461380 14.17861271 5
v 31.82631302 17.66131210 5
v 31.82631302 14.17861271 5
v 48.86635971 17.66131210 5
v 51.36066437 17.66131210 5
v 51.36066437 14.17861271 5
v 67.65936279 17.66131210 5
v 69.31961060 14.17861271 5
v 70.44706726 17.66131210 5
v 70.44706726 14.17861271 5
v 86.74686432 17.66131210 5
v 86.74686432 14.17861271 5
v 88.40721130 14.17861271 5
v 91.20035553 17.66131210 5
v 91.20035553 14.17861271 5
v 107.53191376 17.66131210 5
v 108.73546600 17.66131210 5
v 108.73546600 14.17861271 5
v -107.28013611 14.17861271 5
v -106.85709381 -1.36598778 5
v -89.26453400 14.17861271 5
v -88.13709259 -1.36598778 5
v -86.47673798 -1.36598778 5
v -67.38813782 -1.36598778 5
v -50.20818710 14.17861271 5
v -48.54788589 -1.36598778 5
v -31.73908615 14.17861271 5
v -31.05988693 -1.36598778 5
v -29.76428795 -1.36598778 5
v 29.97736168 14.17861271 5
v 30.22346306 -1.36598778 5
v 31.58461380 -1.36598778 5
v 31.82631302 -1.36598778 5
v 48.86635971 14.17861271 5
v 51.36066437 -1.36598778 5
v 67.65936279 14.17861271 5
v 69.31961060 -1.36598778 5
v 70.44706726 -1.36598778 5
v 85.22611237 13.87276268 5
v 86.74686432 -1.36598778 5
v 86.44631195 -0.07393779 5
v 72.49961090 -1.29413784 5
v 71.27941132 12.65256214 5
v 88.40721130 -1.36598778 5
v 107.53191376 14.17861271 5
v 108.73546600 -1.36598778 5
v -107.28013611 -1.36598778 5
v -106.85709381 -4.84868813 5
v -89.26453400 -1.36598778 5
v -88.13709259 -4.84868813 5
v -86.47673798 -4.84868813 5
v -85.34494019 -1.36598778 5
v -85.34494019 -4.84868813 5
v -68.70558929 -1.36598778 5
v -68.70558929 -4.84868813 5
v -67.38813782 -4.84868813 5
v -50.20818710 -1.36598778 5
v -48.54788589 -4.84868813 5
v -31.73908615 -1.36598778 5
v -31.05988693 -4.84868813 5
v -29.76428795 -4.84868813 5
v 29.97736168 -1.36598778 5
v 30.22346306 -4.84868813 5
v 31.58461380 -4.84868813 5
v 31.82631302 -4.84868813 5
v 48.86635971 -1.36598778 5
v 51.36066437 -4.84868813 5
v 67.65936279 -1.36598778 5
v 69.31961060 -4.84868813 5
v 70.44706726 -4.84868813 5
v 86.74686432 -4.84868813 5
v 88.40721130 -4.84868813 5
v 91.20035553 -1.36598778 5
v 91.20035553 -4.84868813 5
v 107.53191376 -1.36598778 5
v 108.73546600 -4.84868813 5
v -89.26453400 -4.84868813 5
v -88.13709259 -22.39303780 5
v -31.73908615 -4.84868813 5
v -31.05988693 -22.39303780 5
v 31.82631302 -22.39303780 5
v 70.44706726 -22.39303780 5
v 91.20035553 -22.39303780 5
v 107.53191376 -4.84868813 5
v 108.73546600 -22.39303780 5
v -89.26453400 -22.39303780 5
v -88.13709259 -28.98183823 5
v -68.70558929 -22.39303780 5
v -67.38813782 -22.39303780 5
v -67.38813782 -28.98183823 5
v -50.20818710 -22.39303780 5
v -50.20818710 -28.98183823 5
v 31.58461380 -22.39303780 5
v 31.82631302 -28.98183823 5
v 51.36066437 -22.39303780 5
v 67.65936279 -22.39303780 5
v 67.65936279 -28.98183823 5
v 69.31961060 -22.39303780 5
v 69.31961060 -28.98183823 5
v 70.44706726 -28.98183823 5
v 86.74686432 -22.39303780 5
v 88.40721130 -22.39303780 5
v 88.40721130 -28.98183823 5
v 91.20035553 -28.98183823 5
v 10.29633141 -22.39303780 5
v 13.79126263 -22.39303780 5
v 13.79126263 -28.98183823 5
v 10.29633141 -4.84868813 5
v 13.79126263 -4.84868813 5
v 10.29633141 -1.36598778 5
v 13.79126263 -1.36598778 5
v 30.22346306 34.85385895 5
v 29.97736168 34.85385895 5
v 29.97736168 49.48209381 5
v 127.75968170 -4.84868813 5
v 125.17921448 -5.64433765 5
v 129.24848938 -21.93227005 5
v 126.39941406 -19.59103775 5
v 128.44737244 -22.39303780 5
v 112.45271301 -20.81123734 5
v 111.23251343 -6.86453772 5
v 116.99169159 -28.98183823 5
v 107.53191376 -28.98183823 5
v 108.73546600 -28.98183823 5
v 108.73546600 -33.73045731 5
v 107.53191376 -34.42268753 5
v 91.20035553 -43.81587982 5
v 90.32899475 -44.31705856 5
v 70.44706726 -46.08044434 5
v 48.86635971 -28.98183823 5
v 51.36066437 -28.98183823 5
v 52.16613007 -47.70183182 5
v 30.22346306 -28.98183823 5
v 31.58461380 -28.98183823 5
v 30.31637383 -53.33426285 5
v -31.05988693 -28.98183823 5
v -30.41088867 -53.30970764 5
v -31.73908615 -53.00529099 5
v -88.13709259 -44.39593124 5
v -89.26453400 -44.29632568 5
v -89.26453400 -28.98183823 5
v -90.46994019 -44.18983078 5
v -106.85709381 -34.59251785 5
v -106.85709381 -28.98183823 5
v -107.28013611 -34.34475327 5
v -123.63113403 -4.84868813 5
v -127.51802826 -4.84868813 5
v -127.21391296 -1.36598778 5
v -123.63113403 14.17861271 5
v -125.85655212 14.17861271 5
v -125.55244446 17.66131210 5
v -123.63113403 17.66131210 5
v -124.05118561 34.85385895 5
v -86.47673798 54.94748688 5
v -85.34494019 54.92338181 5
v 30.05945015 29.23777771 5
v 29.89825249 29.30454636 5
v 30.21421242 29.15721321 5
v 29.89825249 25.54577827 5
v 30.05945015 25.61254692 5
v 104.13216400 -27.42483902 5
v 104.22591400 -27.57199097 5
v 107.53191376 -22.39303780 5
v 105.34657288 -24.49298668 5
v 105.18017578 -24.54545212 5
v 105.68989563 -24.43244934 5
v 105.51691437 -24.45522118 5
v 106.03852844 -28.41722870 5
v 106.21150208 -28.39445305 5
v 105.51691437 -28.39445305 5
v 105.68989563 -28.41722870 5
v 104.45000458 -27.83905220 5
v 104.57863617 -27.95692635 5
v 104.33213043 -27.71041298 5
v 105.01897430 -24.61222267 5
v 106.38185120 -24.49298668 5
v 106.21150208 -24.45522118 5
v 105.86421204 -28.42483902 5
v 103.93235779 -26.94247627 5
v 103.98482513 -27.10887718 5
v 103.87182617 -26.59914970 5
v 103.89459991 -26.77213478 5
v 103.87182617 -26.25052643 5
v 103.93235779 -25.90719986 5
v 103.89459991 -26.07754135 5
v 104.57863617 -24.89274979 5
v 104.45000458 -25.01062584 5
v 106.03852844 -24.43244934 5
v 105.86421204 -24.42483711 5
v 106.54824829 -24.54545212 5
v 106.86421204 -24.69278717 5
v 106.70944977 -24.61222267 5
v 107.01136017 -28.06314278 5
v 107.14978790 -27.95692635 5
v 106.70944977 -28.23745346 5
v 106.86421204 -28.15688705 5
v 106.38185120 -28.35668945 5
v 106.54824829 -28.30422211 5
v 105.01897430 -28.23745346 5
v 105.18017578 -28.30422211 5
v 104.05159760 -27.27007484 5
v 104.71706390 -24.78653336 5
v 107.27842712 -27.83905220 5
v 107.39630127 -27.71041298 5
v 105.34657288 -28.35668945 5
v 103.86421204 -26.42483902 5
v 104.86421204 -24.69278717 5
v 104.71706390 -28.06314278 5
v 104.86421204 -28.15688705 5
v 104.22591400 -25.27768517 5
v 104.13216400 -25.42483902 5
v 107.14978790 -24.89274979 5
v 107.01136017 -24.78653336 5
v 104.33213043 -25.13926315 5
v 107.39630127 -25.13926315 5
v 107.27842712 -25.01062584 5
v 104.05159760 -25.57960129 5
v 103.98482513 -25.74079704 5
v 107.50251770 -25.27768517 5
v 107.50251770 -27.57199097 5
v 107.79606628 -25.90719986 5
v 107.74359894 -25.74079704 5
v 107.83382416 -26.77213478 5
v 107.85659790 -26.59914970 5
v 107.74359894 -27.10887718 5
v 107.79606628 -26.94247627 5
v 107.59626007 -27.42483902 5
v 107.83382416 -26.07754135 5
v 107.86421967 -26.42483902 5
v 107.85659790 -26.25052643 5
v 107.67682648 -27.27007484 5
v 107.59626007 -25.42483902 5
v 107.67682648 -25.57960129 5
v 30.13382912 -31.77754211 5
v 30.09606361 -31.60719872 5
v 30.16421127 -32.12483597 5
v 30.15660095 -31.95052528 5
v 30.22346306 -53.34240723 5
v 30.15660095 -32.29914856 5
v 30.13382912 -32.47213364 5
v 30.04359818 -31.44079781 5
v 29.97682762 -31.27960205 5
v 30.04359818 -32.80887604 5
v 30.09606361 -32.64247513 5
v 29.97736168 -53.36397552 5
v 29.97682762 -32.97007370 5
v -30.17817688 -32.09915161 5
v -30.15540314 -32.27213287 5
v -30.17817688 -31.75052643 5
v -30.18578720 -31.92483711 5
v -30.06517410 -31.24079704 5
v -30.11763763 -31.40719986 5
v -30.15540314 -31.57754326 5
v -29.99840355 -31.07960129 5
v -29.99840355 -32.77007675 5
v -29.91783714 -32.92483902 5
v -30.11763763 -32.44247818 5
v -30.06517410 -32.60887909 5
v -29.91783714 -30.92483711 5
v -29.76428795 -28.98183823 5
v -29.82409096 -30.77768517 5
v -28.36009789 -29.93244934 5
v -28.53308487 -29.95522308 5
v -28.01147652 -29.93244934 5
v -28.18578720 -29.92483711 5
v -10.01971722 -28.98183823 5
v -27.66814995 -29.99298668 5
v -27.83849144 -29.95522308 5
v -21.54758835 -37.32793808 5
v -26.77157402 -33.33905029 5
v -26.65369987 -33.21041107 5
v -27.18578911 -33.65688705 5
v -27.03863335 -33.56314087 5
v -28.70342445 -29.99298668 5
v -28.86982727 -30.04545403 5
v -27.03863335 -30.28653336 5
v -27.18578911 -30.19278717 5
v -26.21617126 -31.57754326 5
v -26.25393677 -31.40719986 5
v -10.01971722 -31.15739250 5
v -26.19339943 -31.75052643 5
v -26.19339943 -32.09915161 5
v -26.18578911 -31.92483711 5
v -26.90021324 -33.45692444 5
v -22.76778793 -51.27463913 5
v -28.18578720 -33.92483521 5
v -28.01147652 -33.91722488 5
v -29.18578720 -30.19278717 5
v -29.33293915 -30.28653336 5
v -27.34055138 -30.11222267 5
v -27.50174713 -30.04545403 5
v -26.90021324 -30.39274979 5
v -26.65369987 -30.63926315 5
v -26.77157402 -30.51062393 5
v -26.37317276 -31.07960129 5
v -26.45373726 -30.92483711 5
v -26.30640221 -31.24079704 5
v -26.45373726 -32.92483902 5
v -26.37317276 -32.77007675 5
v -27.83849144 -33.89445496 5
v -28.36009789 -33.91722488 5
v -28.86982727 -33.80422211 5
v -28.70342445 -33.85668945 5
v -29.03102303 -30.11222267 5
v -26.54748344 -30.77768517 5
v -26.30640221 -32.60887909 5
v -26.54748344 -33.07199097 5
v -27.66814995 -33.85668945 5
v -27.50174713 -33.80422211 5
v -29.03102303 -33.73745346 5
v -26.21617126 -32.27213287 5
v -26.25393677 -32.44247818 5
v -27.34055138 -33.73745346 5
v -28.53308487 -33.89445496 5
v -29.18578720 -33.65688705 5
v -29.82409096 -33.07199097 5
v -29.71787643 -33.21041107 5
v -29.47136116 -30.39274979 5
v -29.60000229 -30.51062393 5
v -29.47136116 -33.45692444 5
v -29.33293915 -33.56314087 5
v -29.60000229 -33.33905029 5
v -29.71787643 -30.63926315 5
v 0.03719150 -34.11799622 5
v -7.60078764 -38.54803848 5
v -1.73171616 -55.82316208 5
v -8.82098770 -52.49483871 5
v 1.63833094 -55.84762573 5
v -107.28013611 -22.39303780 5
v -106.98578644 -24.24278641 5
v -107.13294220 -24.33653450 5
v -106.85709381 -22.39303780 5
v -106.83102417 -24.16222191 5
v -116.43715668 -28.98183823 5
v -107.71784210 -26.97483826 5
v -107.62409210 -27.12199020 5
v -107.40000153 -27.38905144 5
v -107.27136230 -27.50692749 5
v -107.51787567 -27.26041412 5
v -107.97817993 -26.14915085 5
v -107.95540619 -26.32213402 5
v -123.63113403 -24.76860619 5
v -123.63113403 -22.39303780 5
v -107.95540619 -25.62754250 5
v -107.91763306 -26.49247742 5
v -107.86517334 -26.65887833 5
v -107.91763306 -25.45719910 5
v -107.79840851 -26.82007408 5
v -107.97817993 -25.80052567 5
v -107.98578644 -25.97483826 5
v -107.62409210 -24.82768440 5
v -107.71784210 -24.97483826 5
v -107.27136230 -24.44274902 5
v -107.79840851 -25.12960052 5
v -107.86517334 -25.29079819 5
v -107.51787567 -24.68926239 5
v -107.40000153 -24.56062508 5
v -107.28013611 -28.98183823 5
v -106.98578644 -27.70689011 5
v -106.83102417 -27.78745270 5
v -107.13294220 -27.61314201 5
v -106.16009521 -23.98244858 5
v -106.33308411 -24.00522232 5
v -106.50342560 -24.04298592 5
v -105.46814728 -24.04298592 5
v -105.63848877 -24.00522232 5
v -105.14054871 -24.16222191 5
v -105.30174255 -24.09545326 5
v -104.05393982 -25.45719910 5
v -104.10640717 -25.29079819 5
v -104.01616669 -26.32213402 5
v -103.99340057 -26.14915085 5
v -104.10640717 -26.65887833 5
v -104.05393982 -26.49247742 5
v -104.34748077 -27.12199020 5
v -104.25373840 -26.97483826 5
v -105.81147766 -27.96722794 5
v -105.63848877 -27.94445229 5
v -106.66983032 -24.09545326 5
v -105.81147766 -23.98244858 5
v -105.98579407 -23.97483826 5
v -104.98578644 -24.24278641 5
v -104.45369720 -24.68926239 5
v -104.57157135 -24.56062508 5
v -104.25373840 -24.97483826 5
v -104.34748077 -24.82768440 5
v -104.01616669 -25.62754250 5
v -103.98578644 -25.97483826 5
v -104.17317200 -26.82007408 5
v -105.46814728 -27.90669060 5
v -105.98579407 -27.97483826 5
v -106.33308411 -27.94445229 5
v -106.16009521 -27.96722794 5
v -104.17317200 -25.12960052 5
v -103.99340057 -25.80052567 5
v -104.83863068 -27.61314201 5
v -104.70021820 -27.50692749 5
v -105.14054871 -27.78745270 5
v -104.98578644 -27.70689011 5
v -105.30174255 -27.85422325 5
v -106.66983032 -27.85422325 5
v -104.70021820 -24.44274902 5
v -104.83863068 -24.33653450 5
v -104.57157135 -27.38905144 5
v -104.45369720 -27.26041412 5
v -106.50342560 -27.90669060 5
v -86.17729187 0.14756221 5
v -84.95708466 14.09426212 5
v -72.23058319 -1.07263780 5
v -71.01039124 12.87406254 5
v -86.77619171 51.24416351 5
v -100.72288513 52.46436310 5
v -89.26453400 55.00685883 5
v -87.99638367 37.29746246 5
v -89.26453400 34.85385895 5
v -86.62178802 -4.93303776 5
v -87.84198761 -18.87973785 5
v -73.89529419 -20.09993744 5
v -85.34494019 -22.39303780 5
v 31.71401024 -35.99513626 5
v 48.86635971 -48.58761215 5
v 48.86041260 -45.89463806 5
v 33.38226318 -52.74411011 5
v 35.33751297 -49.51813889 5
v 45.23701096 -32.37163544 5
v -68.70558929 -28.98183823 5
v -67.43978882 -29.49833870 5
v -68.65998840 -43.44503784 5
v -68.70558929 -46.11263275 5
v -53.49308777 -30.71853638 5
v -52.25667191 -47.56583786 5
v -54.71328735 -44.66523743 5
v -67.38813782 -46.22902679 5
v -46.83218765 12.71626282 5
v -32.65071106 14.17861271 5
v -32.34603119 17.66131210 5
v -102.37889099 33.53666306 5
v -103.59908295 19.58996201 5
v -88.43218231 32.31645966 5
v -89.65238953 18.36976242 5
v -108.85208893 17.48976326 5
v -123.63113403 34.85385895 5
v -121.57868958 32.65666199 5
v -122.79878235 18.70996094 5
v -107.63188171 31.43656158 5
v 69.61471558 31.67996216 5
v 70.83491516 17.73316193 5
v 70.44706726 34.85385895 5
v 84.78160858 18.95336342 5
v 83.56150818 32.90006256 5
v 47.10551453 12.44496155 5
v 45.88531494 26.39166260 5
v 33.15881348 11.22476292 5
v 47.55001068 7.36436224 5
v 48.86635971 -4.84868813 5
v 33.60330963 6.14416218 5
v 34.82350922 -7.80253744 5
v 49.21471405 -11.66303730 5
v 50.43491364 -25.60973740 5
v 48.77021027 -6.58243799 5
v 35.26801300 -12.88313770 5
v 36.48811340 -26.82993698 5
v 67.65936279 -4.84868813 5
v 53.41311264 -1.70923781 5
v 52.19301224 12.23756218 5
v 66.13970947 13.45776176 5
v 67.35990906 -0.48903778 5
v 55.07781219 -20.73653793 5
v 53.85761261 -6.78973770 5
v 67.80441284 -5.56963778 5
v 69.02451324 -19.51633835 5
v 67.95880890 50.60766220 5
v 69.31961060 54.33823013 5
v 70.44706726 54.36223984 5
v 69.17901611 36.66086197 5
v 67.65936279 54.30287170 5
v 83.12570953 37.88106155 5
v 86.74686432 54.70805359 5
v 81.90551758 51.82776260 5
v 84.17391968 54.65458298 5
v 86.35190582 -27.96603775 5
v 72.40521240 -29.18623734 5
v 86.74686432 -28.98183823 5
v 86.74686432 -44.63476563 5
v 73.62541199 -43.13293839 5
v 88.40721130 -44.48750687 5
v 87.57211304 -41.91273880 5
v 88.70340729 32.07006454 5
v 91.20035553 34.85385895 5
v 89.92351532 18.12336159 5
v 105.23852539 32.73277283 5
v 105.41150665 32.75554657 5
v 103.87030792 19.34356308 5
v 102.65011597 33.29026413 5
v 103.64999390 33.31095123 5
v 103.42590332 33.57800674 5
v 103.53211975 33.43958664 5
v 106.47842407 33.31095123 5
v 106.59629822 33.43958664 5
v 106.21136475 33.08685684 5
v 106.34978485 33.19307327 5
v 105.06421661 32.72516251 5
v 104.71691895 32.75554657 5
v 104.88990021 32.73277283 5
v 104.21897125 32.91254425 5
v 104.38017273 32.84577560 5
v 103.91706085 33.08685684 5
v 104.06420898 32.99311066 5
v 103.77864075 33.19307327 5
v 103.33216095 33.72516251 5
v 107.53191376 34.85385895 5
v 106.94360352 34.04112244 5
v 105.90945435 32.91254425 5
v 106.06421661 32.99311066 5
v 104.54657745 32.79330826 5
v 103.25160217 33.87992477 5
v 107.03382874 34.37786484 5
v 107.05660248 34.55084991 5
v 106.99606323 34.20752335 5
v 106.70251465 33.57800674 5
v 106.79626465 33.72516251 5
v 105.58184814 32.79330826 5
v 105.74825287 32.84577560 5
v 106.87683105 33.87992477 5
v 103.13236237 34.20752335 5
v 103.18482971 34.04112244 5
v 103.07182312 34.55084991 5
v 103.09459686 34.37786484 5
v 103.07182312 34.89947510 5
v 103.06420898 34.72516251 5
v 107.06420898 34.72516251 5
v 107.05660248 34.89947510 5
v 105.97941589 -4.76433754 5
v 107.19960785 -18.71103859 5
v 93.25291443 -19.93123817 5
v 92.03271484 -5.98453760 5
v -68.75118256 -19.24503708 5
v -54.80438995 -20.46523857 5
v -53.58428955 -6.51843786 5
v -50.20818710 -4.84868813 5
v -67.53099060 -5.29833794 5
v -72.67508698 -6.15323782 5
v 107.46731567 36.17106247 5
v 121.41410828 37.39126587 5
v 108.73546600 34.85385895 5
v 122.61523438 54.18216705 5
v 124.29966736 34.85385895 5
v 120.19391632 51.33795929 5
v 17.50851250 -28.46533775 5
v 31.45521164 -27.24513817 5
v 29.97736168 -28.98183823 5
v 30.23501205 -13.29843807 5
v 29.97736168 -4.84868813 5
v 27.81691551 -30.15522194 5
v 26.19459724 -32.47213364 5
v 26.23236084 -32.64247513 5
v 26.17182350 -31.95052528 5
v 26.16421318 -32.12483597 5
v 26.35159683 -31.27960205 5
v 26.28482628 -31.44079781 5
v 27.98990250 -30.13244820 5
v 28.33852386 -30.13244820 5
v 28.16421127 -30.12483788 5
v 26.17182350 -32.29914856 5
v 26.19459724 -31.77754211 5
v 26.23236084 -31.60719872 5
v 28.68185043 -30.19298553 5
v 28.51150894 -30.15522194 5
v 21.44851112 -37.35853577 5
v 26.52590942 -33.27199173 5
v 26.63212204 -33.41041183 5
v 26.35159683 -32.97007370 5
v 26.43216133 -33.12483978 5
v 26.28482628 -32.80887604 5
v 26.43216133 -31.12483788 5
v 27.64657593 -30.19298553 5
v 27.48017120 -30.24545288 5
v 29.31136513 -30.48653412 5
v 29.16421127 -30.39278603 5
v 28.33852386 -34.11722565 5
v 28.51150894 -34.09445190 5
v 27.98990250 -34.11722565 5
v 28.16421127 -34.12483597 5
v 27.48017120 -34.00422287 5
v 27.64657593 -34.05669022 5
v 26.87863541 -33.65692520 5
v 27.01705933 -33.76314163 5
v 26.74999809 -33.53905487 5
v 27.16421318 -30.39278603 5
v 27.01705933 -30.48653412 5
v 29.00944901 -30.31222153 5
v 28.84825325 -30.24545288 5
v 29.44978714 -30.59274864 5
v 29.69630051 -30.83926201 5
v 29.57842636 -30.71062469 5
v 29.89626312 -31.12483788 5
v 29.80251694 -30.97768593 5
v 29.57842636 -33.53905487 5
v 29.69630051 -33.41041183 5
v 27.31897736 -33.93745422 5
v 26.63212204 -30.83926201 5
v 26.52590942 -30.97768593 5
v 26.87863541 -30.59274864 5
v 26.74999809 -30.71062469 5
v 27.31897736 -30.31222153 5
v 29.44978714 -33.65692520 5
v 29.16421127 -33.85688782 5
v 29.31136513 -33.76314163 5
v 27.81691551 -34.09445190 5
v 27.16421318 -33.85688782 5
v 28.68185043 -34.05669022 5
v 28.84825325 -34.00422287 5
v 29.80251694 -33.27199173 5
v 29.00944901 -33.93745422 5
v 22.66871262 -51.30523682 5
v 29.89626312 -33.12483978 5
v 13.79126263 -54.78253555 5
v 8.72201252 -52.52544022 5
v 7.50181246 -38.57863617 5
v 10.29633141 -31.27806664 5
v 10.29633141 -28.98183823 5
v -29.96378708 -13.05203819 5
v -31.73908615 -22.39303780 5
v -31.18398857 -26.99873734 5
v -31.73908615 -28.98183823 5
v -17.23728752 -28.21893883 5
v -47.27668762 7.63566256 5
v -48.49678802 -6.31113768 5
v -34.55009079 -7.53123760 5
v -33.32988739 6.41546202 5
v -32.88538742 11.49606228 5
v -48.94128799 -11.39163780 5
v -50.16148758 -25.33843803 5
v -48.54788589 -28.98183823 5
v -36.21478653 -26.55863762 5
v -34.99458694 -12.61183834 5
v -64.84277344 54.49661636 5
v -62.54568863 51.68406296 5
v -50.20818710 53.21617889 5
v -48.59898758 50.46386337 5
v -63.76589203 37.73726273 5
v -45.86818695 52.83645630 5
v -49.81908417 36.51716232 5
v -51.47509003 17.58946228 5
v -64.20158386 32.75636292 5
v -65.42179108 18.80966377 5
v -50.25489044 31.53616142 5
v -53.13978577 -1.43783784 5
v -51.91958618 12.50886250 5
v -65.86628723 13.72906208 5
v -67.08648682 -0.21773779 5
v 87.04741669 50.99776459 5
v 88.40721130 54.74255371 5
v 91.20035553 54.80059433 5
v 88.26760864 37.05106354 5
v 102.21431732 38.27126312 5
v 103.77864075 36.25725174 5
v 103.64999390 36.13937759 5
v 106.24720764 50.11786270 5
v 105.90945435 36.53777695 5
v 106.47842407 36.13937759 5
v 106.99606323 35.24279785 5
v 106.94360352 35.40920258 5
v 107.03382874 35.07245636 5
v 103.91706085 36.36346817 5
v 100.99411011 52.21796036 5
v 103.28163147 55.05165100 5
v 106.59629822 36.01073837 5
v 106.79626465 35.72516251 5
v 106.70251465 35.87231445 5
v 104.06420898 36.45721436 5
v 104.71691895 36.69477463 5
v 104.54657745 36.65701294 5
v 106.06421661 36.45721436 5
v 106.34978485 36.25725174 5
v 106.21136475 36.36346817 5
v 106.87683105 35.57039642 5
v 103.42590332 35.87231445 5
v 103.33216095 35.72516251 5
v 103.53211975 36.01073837 5
v 104.38017273 36.60454559 5
v 104.21897125 36.53777695 5
v 104.88990021 36.71755219 5
v 105.23852539 36.71755219 5
v 105.06421661 36.72516251 5
v 105.58184814 36.65701294 5
v 105.41150665 36.69477463 5
v 105.74825287 36.60454559 5
v 103.13236237 35.24279785 5
v 103.09459686 35.07245636 5
v 103.25160217 35.57039642 5
v 103.18482971 35.40920258 5
v -15.57258797 -9.19153786 5
v -14.35238743 4.75516224 5
v -10.01971722 -1.36598778 5
v -28.29908752 5.97536230 5
v -29.51928711 -7.97143745 5
v -16.01708603 -14.27213764 5
v -10.01971722 -22.39303780 5
v -10.01971722 -4.84868813 5
v -48.95938873 -45.75593948 5
v -31.81288719 -35.85643768 5
v -33.47442245 -52.60755539 5
v -45.33588791 -32.23293686 5
v -35.43638992 -49.37933731 5
v -48.54788589 -48.56138611 5
v -27.85458755 11.05596256 5
v -13.90788841 9.83576202 5
v -10.01971722 14.17861271 5
v -12.68768787 23.78246117 5
v -10.01971722 17.66131210 5
v 15.84381199 -9.43793869 5
v 29.79051399 -8.21783733 5
v 29.97736168 -13.32097816 5
v 16.28831291 -14.51853752 5
v 28.57031250 5.72896242 5
v 10.29633141 25.81580925 5
v 8.63629150 45.07334900 5
v 11.30301189 42.46376038 5
v 13.79126263 46.37147903 5
v 8.66342163 45.38602066 5
v 25.24971199 43.68395996 5
v 26.46991158 29.73716164 5
v -126.12818146 -19.34463692 5
v -127.68734741 -22.39303780 5
v -124.90798187 -5.39793777 5
v -128.98370361 -21.63381577 5
v -110.96128845 -6.61813784 5
v -112.18148804 -20.56483650 5
v -107.28013611 -4.84868813 5
v 48.86635971 34.85385895 5
v 46.14199066 52.58857727 5
v 48.87231064 50.19256210 5
v 50.09251022 36.24586487 5
v 64.03921509 37.46596527 5
v 65.11629486 54.24871445 5
v 62.81901169 51.41276169 5
v 51.36066437 34.85385895 5
v -45.17618942 31.64396095 5
v -31.22948647 30.42376137 5
v -31.66528702 25.44276237 5
v -45.61198807 26.66296196 5
v -31.73908615 24.59917068 5
v -30.93578720 27.67516327 5
v -30.92817688 27.50085068 5
v -29.93578911 25.94311142 5
v -29.78102493 25.86254692 5
v -30.22136307 26.14307404 5
v -30.08294106 26.03685760 5
v -30.90540314 27.32786560 5
v -30.92817688 27.84947395 5
v -30.46787643 26.38958740 5
v -30.35000229 26.26094818 5
v -30.81517220 26.99112129 5
v -30.74840355 26.82992554 5
v -30.66783714 26.67516327 5
v -30.57409096 26.52800941 5
v -30.86763954 27.15752411 5
v -30.90540314 28.02245903 5
v -30.81517220 28.35920334 5
v -30.86763954 28.19279861 5
v -30.74840355 28.52039719 5
v -30.66783714 28.67516136 5
v -30.46787643 28.96073914 5
v -30.57409096 28.82231522 5
v -30.22136307 29.20725250 5
v -30.35000229 29.08937645 5
v -29.76428795 34.85385895 5
v -29.78102493 29.48777771 5
v -29.93578911 29.40721321 5
v -30.08294106 29.31346512 5
v -30.00928879 44.37046051 5
v -29.76428795 49.65422058 5
v -43.95598984 45.59066010 5
v -31.73908615 50.04445267 5
v 104.31481171 14.26296234 5
v 90.36801147 13.04276180 5
v 91.58821106 -0.90393782 5
v 105.53501892 0.31626222 5
v -123.24328613 13.62936211 5
v -124.46349335 -0.31733778 5
v -123.63113403 -1.36598778 5
v -110.51678467 -1.53753781 5
v -109.29659271 12.40916157 5
v -72.47058868 -29.05823898 5
v -86.47673798 -22.39303780 5
v -86.41728973 -27.83803749 5
v -87.63748169 -41.78473663 5
v -73.69078827 -43.00493622 5
v -85.34494019 -44.64260864 5
v 72.94411469 -6.37473774 5
v 86.89080811 -5.15453815 5
v 74.16431427 -20.32143784 5
v 88.11101532 -19.10123825 5
v 28.12581253 10.80956173 5
v 26.90571213 24.75626183 5
v 29.03989983 29.41755295 5
v 28.86691666 29.39477730 5
v 29.38852501 29.41755295 5
v 29.21421242 29.42516327 5
v 29.73185158 29.35701370 5
v 29.56150818 29.39477730 5
v 29.21421242 25.42516136 5
v 29.38852501 25.43277359 5
v 27.92863655 25.89307404 5
v 28.06706047 25.78685760 5
v 28.69657516 29.35701370 5
v 28.53017235 29.30454636 5
v 29.03989983 25.43277359 5
v 28.53017235 25.54577827 5
v 28.69657516 25.49331093 5
v 28.36897659 25.61254692 5
v 28.21421242 25.69311142 5
v 27.68212318 26.13958740 5
v 27.79999924 26.01095009 5
v 27.68212318 28.71073723 5
v 27.57590866 28.57231522 5
v 27.92863655 28.95725060 5
v 27.79999924 28.83937645 5
v 28.21421242 29.15721321 5
v 28.06706047 29.06346703 5
v 28.36897659 29.23777771 5
v 28.86691666 25.45554733 5
v 27.48216057 26.42516327 5
v 27.57590866 26.27800941 5
v 27.33482742 26.74112320 5
v 27.40159607 26.57992554 5
v 27.22182274 27.25085068 5
v 27.24459839 27.07786751 5
v 27.22182274 27.59947395 5
v 27.21421242 27.42516327 5
v 12.52321243 28.51706123 5
v 27.33482742 28.10920143 5
v 27.28236008 27.94280052 5
v 27.40159607 28.27039909 5
v 27.28236008 26.90752411 5
v 27.48216057 28.42516327 5
v 27.24459839 27.77245903 5
v 29.56150818 25.45554733 5
v 29.73185158 25.49331093 5
v 12.95891190 23.53606224 5
v 10.29633141 17.66131210 5
v 10.29633141 14.17861271 5
v 13.47289562 17.66131210 5
v 13.79126263 14.02242851 5
v 13.77759743 14.17861271 5
v 14.17911243 9.58936214 5
v 14.62361240 4.50876236 5
v 50.52831268 31.26486397 5
v 51.74851227 17.31816292 5
v 64.47501373 32.48506165 5
v 65.69521332 18.53826332 5
v 45.44961166 31.37266350 5
v 44.22941208 45.31936264 5
v 30.28271103 44.09916306 5
v 31.58461380 49.79096603 5
v 31.82631302 49.83741760 5
v 30.22346306 49.52938461 5
v 31.50281334 30.15246201 5
v 31.20660210 27.59947395 5
v 31.18382835 27.77245903 5
v 31.20660210 27.25085068 5
v 31.21421242 27.42516327 5
v 30.36136627 29.06346703 5
v 31.18382835 27.07786751 5
v 30.49978828 28.95725060 5
v 30.74630165 28.71073723 5
v 30.62842560 28.83937645 5
v 31.02682686 28.27039909 5
v 30.94626427 28.42516327 5
v 31.14606476 27.94280052 5
v 31.09359741 28.10920143 5
v 30.85251617 28.57231522 5
v 31.09359741 26.74112320 5
v 31.14606476 26.90752411 5
v 30.74630165 26.13958740 5
v 30.85251617 26.27800941 5
v 30.36136627 25.78685760 5
v 30.49978828 25.89307404 5
v 30.21421242 25.69311142 5
v 30.94626427 26.42516327 5
v 31.02682686 26.57992554 5
v 30.62842560 26.01095009 5
v 31.93861198 25.17146301 5
v 31.82631302 30.18076515 5
v -8.37224388 45.42700958 5
v -8.36343765 45.32513046 5
v -11.03178787 42.71016312 5
v -24.97848701 43.93036270 5
v -10.01971722 26.06229210 5
v -12.25198746 28.76346207 5
v -26.19868660 29.98366165 5
v -26.94339943 27.50085068 5
v -26.93578720 27.67516327 5
v -29.11009789 29.66755104 5
v -29.28308487 29.64477730 5
v -28.76147652 29.66755104 5
v -28.93578911 29.67516136 5
v -27.93578720 29.40721321 5
v -28.09055138 29.48777771 5
v -26.94339943 27.84947395 5
v -26.96617126 28.02245903 5
v -28.41814995 29.60701561 5
v -28.58849144 29.64477730 5
v -27.78863525 29.31346512 5
v -26.63448906 25.00266266 5
v -27.78863525 26.03685760 5
v -27.65021324 26.14307404 5
v -28.09055138 25.86254692 5
v -27.93578720 25.94311142 5
v -29.45342445 29.60701561 5
v -29.61982727 29.55454826 5
v -27.65021324 29.20725250 5
v -27.40369987 28.96073914 5
v -27.52157402 29.08937645 5
v -27.12317276 28.52039719 5
v -27.20373726 28.67516136 5
v -28.25174713 25.79577637 5
v -28.93578911 25.67516327 5
v -28.76147652 25.68277359 5
v -27.00393677 28.19279861 5
v -27.05640221 28.35920334 5
v -26.96617126 27.32786560 5
v -28.25174713 29.55454826 5
v -27.29748344 28.82231522 5
v -27.40369987 26.38958740 5
v -27.29748344 26.52800941 5
v -28.58849144 25.70554543 5
v -28.41814995 25.74331093 5
v -29.11009789 25.68277359 5
v -29.61982727 25.79577637 5
v -29.45342445 25.74331093 5
v -27.05640221 26.99112129 5
v -27.00393677 27.15752411 5
v -27.52157402 26.26094818 5
v -29.28308487 25.70554543 5
v -27.12317276 26.82992554 5
v -27.20373726 26.67516327 5
v -107.19618988 36.41746140 5
v -101.94309235 38.51766205 5
v -105.97598267 50.36426163 5
v -103.00806427 55.29955292 5
v -119.92269135 51.58436203 5
v -107.28013611 55.10742950 5
v -123.63113403 39.66424942 5
v -122.34178162 54.43006897 5
v -121.14288330 37.63766098 5
v -68.90988922 36.88236237 5
v -67.68978119 50.82916260 5
v -83.95037842 54.89368439 5
v -81.63648987 52.04925919 5
v -82.85668182 38.10256195 5
v -68.70558929 54.57688904 5
v 68.56970978 -43.57523727 5
v 67.34951782 -29.62853813 5
v 69.31961060 -46.18044281 5
v 67.65936279 -46.32769394 5
v 54.62301254 -44.79543686 5
v 53.40281296 -30.84873772 5
v -104.04358673 14.50936222 5
v -91.31699371 -0.65753776 5
v -90.09689331 13.28916168 5
v -105.26378632 0.56266218 5
v 107.90311432 31.19016266 5
v 126.10147858 14.17861271 5
v 109.12331390 17.24336243 5
v 125.79797363 17.66131210 5
v 123.07000732 18.46356201 5
v 121.84990692 32.41026306 5
v 110.78800964 -1.78393781 5
v 123.51451111 13.38296223 5
v 127.45616150 -1.36598778 5
v 124.73471832 -0.56373775 5
v 109.56781006 12.16276169 5
v -105.70828247 -4.51793814 5
v -106.92838287 -18.46473885 5
v -92.98168945 -19.68483734 5
v -91.76148224 -5.73813772 5
v -86.47673798 -44.54261398 5
v -31.05988693 49.91023636 5
v -88.13709259 54.98284912 5
v -8.36343765 45.32513046 6
v -10.01971722 26.06229210 6
v -64.84277344 54.49661636 -3.50000000
v -45.86818695 52.83645630 -3.50000000
v -83.95037842 54.89368439 -3.50000000
v -103.00806427 55.29955292 -3.50000000
v -122.34178162 54.43006897 -3.50000000
v -128.98370361 -21.63381577 -3.50000000
v -90.46994019 -44.18983078 -3.50000000
v -52.25667191 -47.56583786 -3.50000000
v -33.47442245 -52.60755539 -3.50000000
v -30.41088867 -53.30970764 -3.50000000
v -1.73171616 -55.82316208 -3.50000000
v 1.63833094 -55.84762573 -3.50000000
v 30.31637383 -53.33426285 -3.50000000
v 33.38226318 -52.74411011 -3.50000000
v 52.16613007 -47.70183182 -3.50000000
v 90.32899475 -44.31705856 -3.50000000
v 129.24848938 -21.93227005 -3.50000000
v 122.61523438 54.18216705 -3.50000000
v 103.28163147 55.05165100 -3.50000000
v 84.17391968 54.65458298 -3.50000000
v 65.11629486 54.24871445 -3.50000000
v 46.14199066 52.58857727 -3.50000000
v -8.88282871 45.52790451 -3.50000000
v -8.37224388 45.42700958 -3
v 8.66342163 45.38602066 -3
v 9.17369556 45.48408127 -3.50000000
v -91.76148224 -5.73813772 6.50000000
v -92.98168945 -19.68483734 6.50000000
v -106.92838287 -18.46473885 6.50000000
v -105.70828247 -4.51793814 6.50000000
v 123.51451111 13.38296223 6.50000000
v 124.73471832 -0.56373775 6.50000000
v 110.78800964 -1.78393781 6.50000000
v 109.56781006 12.16276169 6.50000000
v 121.84990692 32.41026306 6.50000000
v 123.07000732 18.46356201 6.50000000
v 109.12331390 17.24336243 6.50000000
v 107.90311432 31.19016266 6.50000000
v -90.09689331 13.28916168 6.50000000
v -91.31699371 -0.65753776 6.50000000
v -105.26378632 0.56266218 6.50000000
v -104.04358673 14.50936222 6.50000000
v 53.40281296 -30.84873772 6.50000000
v 67.34951782 -29.62853813 6.50000000
v 68.56970978 -43.57523727 6.50000000
v 54.62301254 -44.79543686 6.50000000
v 111.23251343 -6.86453772 6.50000000
v 125.17921448 -5.64433765 6.50000000
v 126.39941406 -19.59103775 6.50000000
v 112.45271301 -20.81123734 6.50000000
v -82.85668182 38.10256195 6.50000000
v -81.63648987 52.04925919 6.50000000
v -67.68978119 50.82916260 6.50000000
v -68.90988922 36.88236237 6.50000000
v -107.19618988 36.41746140 6.50000000
v -121.14288330 37.63766098 6.50000000
v -119.92269135 51.58436203 6.50000000
v -105.97598267 50.36426163 6.50000000
v -11.03178787 42.71016312 6.50000000
v -12.25198746 28.76346207 6.50000000
v -26.19868660 29.98366165 6.50000000
v -24.97848701 43.93036270 6.50000000
v 44.22941208 45.31936264 6.50000000
v 45.44961166 31.37266350 6.50000000
v 31.50281334 30.15246201 6.50000000
v 30.28271103 44.09916306 6.50000000
v 50.52831268 31.26486397 6.50000000
v 64.47501373 32.48506165 6.50000000
v 65.69521332 18.53826332 6.50000000
v 51.74851227 17.31816292 6.50000000
v 26.90571213 24.75626183 6.50000000
v 28.12581253 10.80956173 6.50000000
v 14.17911243 9.58936214 6.50000000
v 12.95891190 23.53606224 6.50000000
v 86.89080811 -5.15453815 6.50000000
v 88.11101532 -19.10123825 6.50000000
v 74.16431427 -20.32143784 6.50000000
v 72.94411469 -6.37473774 6.50000000
v -80.65550232 -28.34213638 6.50000000
v -85.34494019 -27.93185806 6.50000000
v -73.34382629 -28.98183823 6.50000000
v -72.47058868 -29.05823898 6.50000000
v -86.41728973 -27.83803749 6.50000000
v -73.69078827 -43.00493622 6.50000000
v -87.63748169 -41.78473663 6.50000000
v -124.46349335 -0.31733778 6.50000000
v -123.24328613 13.62936211 6.50000000
v -109.29659271 12.40916157 6.50000000
v -110.51678467 -1.53753781 6.50000000
v 105.53501892 0.31626222 6.50000000
v 91.58821106 -0.90393782 6.50000000
v 90.36801147 13.04276180 6.50000000
v 104.31481171 14.26296234 6.50000000
v -45.17618942 31.64396095 6.50000000
v -43.95598984 45.59066010 6.50000000
v -30.00928879 44.37046051 6.50000000
v -31.22948647 30.42376137 6.50000000
v 48.87231064 50.19256210 6.50000000
v 62.81901169 51.41276169 6.50000000
v 64.03921509 37.46596527 6.50000000
v 50.09251022 36.24586487 6.50000000
v -124.90798187 -5.39793777 6.50000000
v -110.96128845 -6.61813784 6.50000000
v -112.18148804 -20.56483650 6.50000000
v -126.12818146 -19.34463692 6.50000000
v 11.30301189 42.46376038 6.50000000
v 25.24971199 43.68395996 6.50000000
v 26.46991158 29.73716164 6.50000000
v 12.52321243 28.51706123 6.50000000
v 15.84381199 -9.43793869 6.50000000
v 14.62361240 4.50876236 6.50000000
v 28.57031250 5.72896242 6.50000000
v 29.79051399 -8.21783733 6.50000000
v -27.85458755 11.05596256 6.50000000
v -26.63448906 25.00266266 6.50000000
v -12.68768787 23.78246117 6.50000000
v -13.90788841 9.83576202 6.50000000
v -31.81288719 -35.85643768 6.50000000
v -35.43638992 -49.37933731 6.50000000
v -48.95938873 -45.75593948 6.50000000
v -45.33588791 -32.23293686 6.50000000
v -15.57258797 -9.19153786 6.50000000
v -29.51928711 -7.97143745 6.50000000
v -28.94137955 -1.36598778 6.50000000
v -29.24607849 -4.84868813 6.50000000
v -28.68693733 1.54226398 6.50000000
v -28.29908752 5.97536230 6.50000000
v -14.35238743 4.75516224 6.50000000
v 87.04741669 50.99776459 6.50000000
v 100.99411011 52.21796036 6.50000000
v 102.21431732 38.27126312 6.50000000
v 88.26760864 37.05106354 6.50000000
v -65.86628723 13.72906208 6.50000000
v -51.91958618 12.50886250 6.50000000
v -53.13978577 -1.43783784 6.50000000
v -67.08648682 -0.21773779 6.50000000
v -64.20158386 32.75636292 6.50000000
v -50.25489044 31.53616142 6.50000000
v -51.47509003 17.58946228 6.50000000
v -65.42179108 18.80966377 6.50000000
v -62.54568863 51.68406296 6.50000000
v -48.59898758 50.46386337 6.50000000
v -49.81908417 36.51716232 6.50000000
v -63.76589203 37.73726273 6.50000000
v -48.94128799 -11.39163780 6.50000000
v -34.99458694 -12.61183834 6.50000000
v -36.21478653 -26.55863762 6.50000000
v -50.16148758 -25.33843803 6.50000000
v -47.27668762 7.63566256 6.50000000
v -33.32988739 6.41546202 6.50000000
v -34.55009079 -7.53123760 6.50000000
v -48.49678802 -6.31113768 6.50000000
v -29.96378708 -13.05203819 6.50000000
v -16.01708603 -14.27213764 6.50000000
v -17.23728752 -28.21893883 6.50000000
v -31.18398857 -26.99873734 6.50000000
v -22.76778793 -51.27463913 6.50000000
v -21.54758835 -37.32793808 6.50000000
v -7.60078764 -38.54803848 6.50000000
v -8.82098770 -52.49483871 6.50000000
v 8.72201252 -52.52544022 6.50000000
v 7.50181246 -38.57863617 6.50000000
v 21.44851112 -37.35853577 6.50000000
v 22.66871262 -51.30523682 6.50000000
v 17.40953064 -27.33398819 6.50000000
v 17.49773407 -28.34213638 6.50000000
v 16.82481194 -20.65068817 6.50000000
v 16.28831291 -14.51853752 6.50000000
v 17.50851250 -28.46533775 6.50000000
v 30.23501205 -13.29843807 6.50000000
v 31.45521164 -27.24513817 6.50000000
v 120.19391632 51.33795929 6.50000000
v 121.41410828 37.39126587 6.50000000
v 107.46731567 36.17106247 6.50000000
v 106.24720764 50.11786270 6.50000000
v -54.80438995 -20.46523857 6.50000000
v -68.75118256 -19.24503708 6.50000000
v -67.53099060 -5.29833794 6.50000000
v -53.58428955 -6.51843786 6.50000000
v 107.19960785 -18.71103859 6.50000000
v 93.25291443 -19.93123817 6.50000000
v 92.03271484 -5.98453760 6.50000000
v 105.97941589 -4.76433754 6.50000000
v 102.65011597 33.29026413 6.50000000
v 103.87030792 19.34356308 6.50000000
v 89.92351532 18.12336159 6.50000000
v 88.70340729 32.07006454 6.50000000
v 86.44078827 -28.98183823 6.50000000
v 86.38481903 -28.34213638 6.50000000
v 86.74686432 -32.48025513 6.50000000
v 87.57211304 -41.91273880 6.50000000
v 86.35190582 -27.96603775 6.50000000
v 73.62541199 -43.13293839 6.50000000
v 72.40521240 -29.18623734 6.50000000
v 85.22611237 13.87276268 6.50000000
v 86.44631195 -0.07393779 6.50000000
v 72.49961090 -1.29413784 6.50000000
v 71.27941132 12.65256214 6.50000000
v 81.90551758 51.82776260 6.50000000
v 83.12570953 37.88106155 6.50000000
v 69.17901611 36.66086197 6.50000000
v 67.95880890 50.60766220 6.50000000
v 67.80441284 -5.56963778 6.50000000
v 69.02451324 -19.51633835 6.50000000
v 55.07781219 -20.73653793 6.50000000
v 53.85761261 -6.78973770 6.50000000
v 66.13970947 13.45776176 6.50000000
v 67.35990906 -0.48903778 6.50000000
v 53.41311264 -1.70923781 6.50000000
v 52.19301224 12.23756218 6.50000000
v 49.21471405 -11.66303730 6.50000000
v 50.43491364 -25.60973740 6.50000000
v 36.48811340 -26.82993698 6.50000000
v 35.26801300 -12.88313770 6.50000000
v 47.55001068 7.36436224 6.50000000
v 48.77021027 -6.58243799 6.50000000
v 34.82350922 -7.80253744 6.50000000
v 33.60330963 6.14416218 6.50000000
v 45.88531494 26.39166260 6.50000000
v 47.10551453 12.44496155 6.50000000
v 33.15881348 11.22476292 6.50000000
v 31.93861198 25.17146301 6.50000000
v 83.56150818 32.90006256 6.50000000
v 84.78160858 18.95336342 6.50000000
v 70.83491516 17.73316193 6.50000000
v 69.61471558 31.67996216 6.50000000
v -122.79878235 18.70996094 6.50000000
v -121.57868958 32.65666199 6.50000000
v -107.63188171 31.43656158 6.50000000
v -108.85208893 17.48976326 6.50000000
v -102.37889099 33.53666306 6.50000000
v -88.43218231 32.31645966 6.50000000
v -89.65238953 18.36976242 6.50000000
v -103.59908295 19.58996201 6.50000000
v -45.61198807 26.66296196 6.50000000
v -31.66528702 25.44276237 6.50000000
v -31.73908615 24.59917068 6.50000000
v -32.36854935 17.40396118 6.50000000
v -32.66777802 13.98351192 6.50000000
v -32.88538742 11.49606228 6.50000000
v -46.83218765 12.71626282 6.50000000
v -53.49308777 -30.71853638 6.50000000
v -54.71328735 -44.66523743 6.50000000
v -68.65998840 -43.44503784 6.50000000
v -67.43978882 -29.49833870 6.50000000
v 45.23701096 -32.37163544 6.50000000
v 48.86041260 -45.89463806 6.50000000
v 35.33751297 -49.51813889 6.50000000
v 31.71401024 -35.99513626 6.50000000
v -86.62178802 -4.93303776 6.50000000
v -72.67508698 -6.15323782 6.50000000
v -73.89529419 -20.09993744 6.50000000
v -85.34494019 -19.09820557 6.50000000
v -86.47673798 -18.99918365 6.50000000
v -87.73973846 -18.88868332 6.50000000
v -87.84198761 -18.87973785 6.50000000
v -100.72288513 52.46436310 6.50000000
v -86.77619171 51.24416351 6.50000000
v -87.99638367 37.29746246 6.50000000
v -101.94309235 38.51766205 6.50000000
v -84.95708466 14.09426212 6.50000000
v -71.01039124 12.87406254 6.50000000
v -72.23058319 -1.07263780 6.50000000
v -86.17729187 0.14756221 6.50000000
v -69.34568787 31.90146446 6.50000000
v -70.56588745 17.95466232 6.50000000
v -84.51258087 19.17486191 6.50000000
v -83.29248047 33.12156296 6.50000000
v -86.51735687 -28.98183823 6.50000000
v -86.47673798 -28.51754189 6.50000000
v -86.46139526 -28.34213638 6.50000000
v 30.03661346 -27.36925125 6.50000000
v 30.43967056 -27.33398819 6.50000000
v 18.91666985 -28.34213638 6.50000000
v 48.81531525 -11.69797897 6.50000000
v 10.29633141 25.81580925 6
v 8.63637257 45.07537460 6
v -10.01971722 -31.15739250 6
v 10.29633141 -31.27806664 6
v 0.03719150 -34.11799622 6
v 10.79633141 13.98351192 6.50000000
v 10.79633141 17.40396118 6.50000000
v 10.79633141 -1.36598778 6.50000000
v 10.79633141 -4.84868813 6.50000000
v 10.79633141 -20.65068817 6.50000000
v 10.79633141 -27.33398819 6.50000000
v 10.79633141 -28.34213638 6.50000000
v 10.79633141 -31.65845871 6.50000000
v 10.79633141 -28.98183823 6.50000000
v 10.79633141 25.83732033 6.50000000
v 0.03296912 -34.63796997 6.50000000
v -10.51971722 -31.53141594 6.50000000
v -10.51971722 -28.34213638 6.50000000
v -10.51971722 -28.98183823 6.50000000
v -10.51971722 -27.33398819 6.50000000
v -10.51971722 -20.65068817 6.50000000
v -10.51971722 -4.84868813 6.50000000
v -10.51971722 -1.36598778 6.50000000
v -10.51971722 13.98351192 6.50000000
v -10.51971722 26.08374786 6.50000000
v -10.51971722 17.40396118 6.50000000
v 9.13821888 45.07139587 6.50000000
v -8.86529255 45.32501602 6.50000000
v 30.71421242 27.42516327 4.50000000
v 30.70850563 27.55589676 4.50000000
v 30.69142532 27.68563461 4.50000000
v 30.66310120 27.81339073 4.50000000
v 30.62375069 27.93819237 4.50000000
v 30.57367325 28.05908966 4.50000000
v 30.51325035 28.17516136 4.50000000
v 30.44293976 28.28552818 4.50000000
v 30.36327934 28.38934326 4.50000000
v 30.27487183 28.48582077 4.50000000
v 30.17839432 28.57422829 4.50000000
v 30.07457733 28.65389061 4.50000000
v 29.96421242 28.72420120 4.50000000
v 29.84813881 28.78462410 4.50000000
v 29.72724342 28.83470154 4.50000000
v 29.60244179 28.87405014 4.50000000
v 29.47468567 28.90237427 4.50000000
v 29.34494591 28.91945457 4.50000000
v 29.21421242 28.92516136 4.50000000
v 29.08347893 28.91945457 4.50000000
v 28.95374107 28.90237427 4.50000000
v 28.82598305 28.87405014 4.50000000
v 28.70118332 28.83470154 4.50000000
v 28.58028603 28.78462410 4.50000000
v 28.46421242 28.72420120 4.50000000
v 28.35384750 28.65389061 4.50000000
v 28.25003052 28.57422829 4.50000000
v 28.15355110 28.48582077 4.50000000
v 28.06514549 28.38934326 4.50000000
v 27.98548508 28.28552818 4.50000000
v 27.91517448 28.17516136 4.50000000
v 27.85474968 28.05908966 4.50000000
v 27.80467224 27.93819237 4.50000000
v 27.76532364 27.81339073 4.50000000
v 27.73700142 27.68563461 4.50000000
v 27.71992111 27.55589676 4.50000000
v 27.71421242 27.42516327 4.50000000
v 27.71992111 27.29442978 4.50000000
v 27.73700142 27.16469002 4.50000000
v 27.76532364 27.03693390 4.50000000
v 27.80467224 26.91213226 4.50000000
v 27.85474968 26.79123497 4.50000000
v 27.91517448 26.67516327 4.50000000
v 27.98548508 26.56479645 4.50000000
v 28.06514549 26.46098137 4.50000000
v 28.15355110 26.36450195 4.50000000
v 28.25003052 26.27609444 4.50000000
v 28.35384750 26.19643402 4.50000000
v 28.46421242 26.12612343 4.50000000
v 28.58028603 26.06570053 4.50000000
v 28.70118332 26.01562309 4.50000000
v 28.82598305 25.97627449 4.50000000
v 28.95374107 25.94795036 4.50000000
v 29.08347893 25.93087006 4.50000000
v 29.21421242 25.92516136 4.50000000
v 29.34494591 25.93087006 4.50000000
v 29.47468567 25.94795036 4.50000000
v 29.60244179 25.97627449 4.50000000
v 29.72724342 26.01562309 4.50000000
v 29.84813881 26.06570053 4.50000000
v 29.96421242 26.12612343 4.50000000
v 30.07457733 26.19643402 4.50000000
v 30.17839432 26.27609444 4.50000000
v 30.27487183 26.36450195 4.50000000
v 30.36327934 26.46098137 4.50000000
v 30.44293976 26.56479645 4.50000000
v 30.51325035 26.67516327 4.50000000
v 30.57367325 26.79123497 4.50000000
v 30.62375069 26.91213226 4.50000000
v 30.66310120 27.03693390 4.50000000
v 30.69142532 27.16469002 4.50000000
v 30.70850563 27.29442978 4.50000000
v 30.71421242 27.42516327 -1.79999995
v 30.70850563 27.55589676 -1.79999995
v 30.69142532 27.68563461 -1.79999995
v 30.66310120 27.81339073 -1.79999995
v 30.62375069 27.93819237 -1.79999995
v 30.57367325 28.05908966 -1.79999995
v 30.51325035 28.17516136 -1.79999995
v 30.44293976 28.28552818 -1.79999995
v 30.36327934 28.38934326 -1.79999995
v 30.27487183 28.48582077 -1.79999995
v 30.17839432 28.57422829 -1.79999995
v 30.07457733 28.65389061 -1.79999995
v 29.96421242 28.72420120 -1.79999995
v 29.84813881 28.78462410 -1.79999995
v 29.72724342 28.83470154 -1.79999995
v 29.60244179 28.87405014 -1.79999995
v 29.47468567 28.90237427 -1.79999995
v 29.34494591 28.91945457 -1.79999995
v 29.21421242 28.92516136 -1.79999995
v 29.08347893 28.91945457 -1.79999995
v 28.95374107 28.90237427 -1.79999995
v 28.82598305 28.87405014 -1.79999995
v 28.70118332 28.83470154 -1.79999995
v 28.58028603 28.78462410 -1.79999995
v 28.46421242 28.72420120 -1.79999995
v 28.35384750 28.65389061 -1.79999995
v 28.25003052 28.57422829 -1.79999995
v 28.15355110 28.48582077 -1.79999995
v 28.06514549 28.38934326 -1.79999995
v 27.98548508 28.28552818 -1.79999995
v 27.91517448 28.17516136 -1.79999995
v 27.85474968 28.05908966 -1.79999995
v 27.80467224 27.93819237 -1.79999995
v 27.76532364 27.81339073 -1.79999995
v 27.73700142 27.68563461 -1.79999995
v 27.71992111 27.55589676 -1.79999995
v 27.71421242 27.42516327 -1.79999995
v 27.71992111 27.29442978 -1.79999995
v 27.73700142 27.16469002 -1.79999995
v 27.76532364 27.03693390 -1.79999995
v 27.80467224 26.91213226 -1.79999995
v 27.85474968 26.79123497 -1.79999995
v 27.91517448 26.67516327 -1.79999995
v 27.98548508 26.56479645 -1.79999995
v 28.06514549 26.46098137 -1.79999995
v 28.15355110 26.36450195 -1.79999995
v 28.25003052 26.27609444 -1.79999995
v 28.35384750 26.19643402 -1.79999995
v 28.46421242 26.12612343 -1.79999995
v 28.58028603 26.06570053 -1.79999995
v 28.70118332 26.01562309 -1.79999995
v 28.82598305 25.97627449 -1.79999995
v 28.95374107 25.94795036 -1.79999995
v 29.08347893 25.93087006 -1.79999995
v 29.21421242 25.92516136 -1.79999995
v 29.34494591 25.93087006 -1.79999995
v 29.47468567 25.94795036 -1.79999995
v 29.60244179 25.97627449 -1.79999995
v 29.72724342 26.01562309 -1.79999995
v 29.84813881 26.06570053 -1.79999995
v 29.96421242 26.12612343 -1.79999995
v 30.07457733 26.19643402 -1.79999995
v 30.17839432 26.27609444 -1.79999995
v 30.27487183 26.36450195 -1.79999995
v 30.36327934 26.46098137 -1.79999995
v 30.44293976 26.56479645 -1.79999995
v 30.51325035 26.67516327 -1.79999995
v 30.57367325 26.79123497 -1.79999995
v 30.62375069 26.91213226 -1.79999995
v 30.66310120 27.03693390 -1.79999995
v 30.69142532 27.16469002 -1.79999995
v 30.70850563 27.29442978 -1.79999995
v 29.21421242 27.42516327 -1.79999995
v 106.56420898 34.72516251 4.50000000
v 106.55850220 34.85589600 4.50000000
v 106.54142761 34.98563385 4.50000000
v 106.51309967 35.11339188 4.50000000
v 106.47375488 35.23818970 4.50000000
v 106.42367554 35.35908890 4.50000000
v 106.36325073 35.47516251 4.50000000
v 106.29293823 35.58552551 4.50000000
v 106.21327972 35.68934250 4.50000000
v 106.12487030 35.78582382 4.50000000
v 106.02839661 35.87422943 4.50000000
v 105.92457581 35.95389175 4.50000000
v 105.81420898 36.02420044 4.50000000
v 105.69813538 36.08462143 4.50000000
v 105.57724762 36.13470078 4.50000000
v 105.45243835 36.17405319 4.50000000
v 105.32468414 36.20237350 4.50000000
v 105.19494629 36.21945572 4.50000000
v 105.06421661 36.22516251 4.50000000
v 104.93347931 36.21945572 4.50000000
v 104.80374146 36.20237350 4.50000000
v 104.67598724 36.17405319 4.50000000
v 104.55117798 36.13470078 4.50000000
v 104.43029022 36.08462143 4.50000000
v 104.31421661 36.02420044 4.50000000
v 104.20384979 35.95389175 4.50000000
v 104.10003662 35.87422943 4.50000000
v 104.00354767 35.78582382 4.50000000
v 103.91514587 35.68934250 4.50000000
v 103.83548737 35.58552551 4.50000000
v 103.76517487 35.47516251 4.50000000
v 103.70475006 35.35908890 4.50000000
v 103.65467834 35.23818970 4.50000000
v 103.61531830 35.11339188 4.50000000
v 103.58699799 34.98563385 4.50000000
v 103.56991577 34.85589600 4.50000000
v 103.56420898 34.72516251 4.50000000
v 103.56991577 34.59442902 4.50000000
v 103.58699799 34.46469116 4.50000000
v 103.61531830 34.33693314 4.50000000
v 103.65467834 34.21213150 4.50000000
v 103.70475006 34.09123230 4.50000000
v 103.76517487 33.97516251 4.50000000
v 103.83548737 33.86479568 4.50000000
v 103.91514587 33.76097870 4.50000000
v 104.00354767 33.66450119 4.50000000
v 104.10003662 33.57609558 4.50000000
v 104.20384979 33.49643707 4.50000000
v 104.31421661 33.42612457 4.50000000
v 104.43029022 33.36569977 4.50000000
v 104.55117798 33.31562424 4.50000000
v 104.67598724 33.27627563 4.50000000
v 104.80374146 33.24795151 4.50000000
v 104.93347931 33.23086929 4.50000000
v 105.06421661 33.22516251 4.50000000
v 105.19494629 33.23086929 4.50000000
v 105.32468414 33.24795151 4.50000000
v 105.45243835 33.27627563 4.50000000
v 105.57724762 33.31562424 4.50000000
v 105.69813538 33.36569977 4.50000000
v 105.81420898 33.42612457 4.50000000
v 105.92457581 33.49643707 4.50000000
v 106.02839661 33.57609558 4.50000000
v 106.12487030 33.66450119 4.50000000
v 106.21327972 33.76097870 4.50000000
v 106.29293823 33.86479568 4.50000000
v 106.36325073 33.97516251 4.50000000
v 106.42367554 34.09123230 4.50000000
v 106.47375488 34.21213150 4.50000000
v 106.51309967 34.33693314 4.50000000
v 106.54142761 34.46469116 4.50000000
v 106.55850220 34.59442902 4.50000000
v 106.56420898 34.72516251 -1.79999995
v 106.55850220 34.85589600 -1.79999995
v 106.54142761 34.98563385 -1.79999995
v 106.51309967 35.11339188 -1.79999995
v 106.47375488 35.23818970 -1.79999995
v 106.42367554 35.35908890 -1.79999995
v 106.36325073 35.47516251 -1.79999995
v 106.29293823 35.58552551 -1.79999995
v 106.21327972 35.68934250 -1.79999995
v 106.12487030 35.78582382 -1.79999995
v 106.02839661 35.87422943 -1.79999995
v 105.92457581 35.95389175 -1.79999995
v 105.81420898 36.02420044 -1.79999995
v 105.69813538 36.08462143 -1.79999995
v 105.57724762 36.13470078 -1.79999995
v 105.45243835 36.17405319 -1.79999995
v 105.32468414 36.20237350 -1.79999995
v 105.19494629 36.21945572 -1.79999995
v 105.06421661 36.22516251 -1.79999995
v 104.93347931 36.21945572 -1.79999995
v 104.80374146 36.20237350 -1.79999995
v 104.67598724 36.17405319 -1.79999995
v 104.55117798 36.13470078 -1.79999995
v 104.43029022 36.08462143 -1.79999995
v 104.31421661 36.02420044 -1.79999995
v 104.20384979 35.95389175 -1.79999995
v 104.10003662 35.87422943 -1.79999995
v 104.00354767 35.78582382 -1.79999995
v 103.91514587 35.68934250 -1.79999995
v 103.83548737 35.58552551 -1.79999995
v 103.76517487 35.47516251 -1.79999995
v 103.70475006 35.35908890 -1.79999995
v 103.65467834 35.23818970 -1.79999995
v 103.61531830 35.11339188 -1.79999995
v 103.58699799 34.98563385 -1.79999995
v 103.56991577 34.85589600 -1.79999995
v 103.56420898 34.72516251 -1.79999995
v 103.56991577 34.59442902 -1.79999995
v 103.58699799 34.46469116 -1.79999995
v 103.61531830 34.33693314 -1.79999995
v 103.65467834 34.21213150 -1.79999995
v 103.70475006 34.09123230 -1.79999995
v 103.76517487 33.97516251 -1.79999995
v 103.83548737 33.86479568 -1.79999995
v 103.91514587 33.76097870 -1.79999995
v 104.00354767 33.66450119 -1.79999995
v 104.10003662 33.57609558 -1.79999995
v 104.20384979 33.49643707 -1.79999995
v 104.31421661 33.42612457 -1.79999995
v 104.43029022 33.36569977 -1.79999995
v 104.55117798 33.31562424 -1.79999995
v 104.67598724 33.27627563 -1.79999995
v 104.80374146 33.24795151 -1.79999995
v 104.93347931 33.23086929 -1.79999995
v 105.06421661 33.22516251 -1.79999995
v 105.19494629 33.23086929 -1.79999995
v 105.32468414 33.24795151 -1.79999995
v 105.45243835 33.27627563 -1.79999995
v 105.57724762 33.31562424 -1.79999995
v 105.69813538 33.36569977 -1.79999995
v 105.81420898 33.42612457 -1.79999995
v 105.92457581 33.49643707 -1.79999995
v 106.02839661 33.57609558 -1.79999995
v 106.12487030 33.66450119 -1.79999995
v 106.21327972 33.76097870 -1.79999995
v 106.29293823 33.86479568 -1.79999995
v 106.36325073 33.97516251 -1.79999995
v 106.42367554 34.09123230 -1.79999995
v 106.47375488 34.21213150 -1.79999995
v 106.51309967 34.33693314 -1.79999995
v 106.54142761 34.46469116 -1.79999995
v 106.55850220 34.59442902 -1.79999995
v 105.06421661 34.72516251 -1.79999995
v 107.36421204 -26.42483902 4.50000000
v 107.35850525 -26.29410553 4.50000000
v 107.34142303 -26.16436577 4.50000000
v 107.31310272 -26.03660965 4.50000000
v 107.27375031 -25.91180801 4.50000000
v 107.22367096 -25.79091072 4.50000000
v 107.16325378 -25.67483902 4.50000000
v 107.09294128 -25.56447220 4.50000000
v 107.01327515 -25.46065712 4.50000000
v 106.92486572 -25.36417770 4.50000000
v 106.82839203 -25.27577019 4.50000000
v 106.72457886 -25.19610977 4.50000000
v 106.61421204 -25.12579918 4.50000000
v 106.49813843 -25.06537628 4.50000000
v 106.37724304 -25.01529884 4.50000000
v 106.25244141 -24.97595024 4.50000000
v 106.12468719 -24.94762611 4.50000000
v 105.99494934 -24.93054581 4.50000000
v 105.86421204 -24.92483711 4.50000000
v 105.73347473 -24.93054581 4.50000000
v 105.60373688 -24.94762611 4.50000000
v 105.47598267 -24.97595024 4.50000000
v 105.35118103 -25.01529884 4.50000000
v 105.23028564 -25.06537628 4.50000000
v 105.11421204 -25.12579918 4.50000000
v 105.00384521 -25.19610977 4.50000000
v 104.90003204 -25.27577019 4.50000000
v 104.80355835 -25.36417770 4.50000000
v 104.71514893 -25.46065712 4.50000000
v 104.63548279 -25.56447220 4.50000000
v 104.56517029 -25.67483902 4.50000000
v 104.50474548 -25.79091072 4.50000000
v 104.45467377 -25.91180801 4.50000000
v 104.41532898 -26.03660965 4.50000000
v 104.38700104 -26.16436577 4.50000000
v 104.36992645 -26.29410553 4.50000000
v 104.36421204 -26.42483902 4.50000000
v 104.36992645 -26.55557251 4.50000000
v 104.38700104 -26.68531036 4.50000000
v 104.41532898 -26.81306648 4.50000000
v 104.45467377 -26.93786812 4.50000000
v 104.50474548 -27.05876541 4.50000000
v 104.56517029 -27.17483711 4.50000000
v 104.63548279 -27.28520393 4.50000000
v 104.71514893 -27.38901901 4.50000000
v 104.80355835 -27.48549652 4.50000000
v 104.90003204 -27.57390404 4.50000000
v 105.00384521 -27.65356636 4.50000000
v 105.11421204 -27.72387695 4.50000000
v 105.23028564 -27.78429985 4.50000000
v 105.35118103 -27.83437538 4.50000000
v 105.47598267 -27.87372589 4.50000000
v 105.60373688 -27.90205002 4.50000000
v 105.73347473 -27.91913033 4.50000000
v 105.86421204 -27.92483711 4.50000000
v 105.99494934 -27.91913033 4.50000000
v 106.12468719 -27.90205002 4.50000000
v 106.25244141 -27.87372589 4.50000000
v 106.37724304 -27.83437538 4.50000000
v 106.49813843 -27.78429985 4.50000000
v 106.61421204 -27.72387695 4.50000000
v 106.72457886 -27.65356636 4.50000000
v 106.82839203 -27.57390404 4.50000000
v 106.92486572 -27.48549652 4.50000000
v 107.01327515 -27.38901901 4.50000000
v 107.09294128 -27.28520393 4.50000000
v 107.16325378 -27.17483711 4.50000000
v 107.22367096 -27.05876541 4.50000000
v 107.27375031 -26.93786812 4.50000000
v 107.31310272 -26.81306648 4.50000000
v 107.34142303 -26.68531036 4.50000000
v 107.35850525 -26.55557251 4.50000000
v 107.36421204 -26.42483902 -1.79999995
v 107.35850525 -26.29410553 -1.79999995
v 107.34142303 -26.16436577 -1.79999995
v 107.31310272 -26.03660965 -1.79999995
v 107.27375031 -25.91180801 -1.79999995
v 107.22367096 -25.79091072 -1.79999995
v 107.16325378 -25.67483902 -1.79999995
v 107.09294128 -25.56447220 -1.79999995
v 107.01327515 -25.46065712 -1.79999995
v 106.92486572 -25.36417770 -1.79999995
v 106.82839203 -25.27577019 -1.79999995
v 106.72457886 -25.19610977 -1.79999995
v 106.61421204 -25.12579918 -1.79999995
v 106.49813843 -25.06537628 -1.79999995
v 106.37724304 -25.01529884 -1.79999995
v 106.25244141 -24.97595024 -1.79999995
v 106.12468719 -24.94762611 -1.79999995
v 105.99494934 -24.93054581 -1.79999995
v 105.86421204 -24.92483711 -1.79999995
v 105.73347473 -24.93054581 -1.79999995
v 105.60373688 -24.94762611 -1.79999995
v 105.47598267 -24.97595024 -1.79999995
v 105.35118103 -25.01529884 -1.79999995
v 105.23028564 -25.06537628 -1.79999995
v 105.11421204 -25.12579918 -1.79999995
v 105.00384521 -25.19610977 -1.79999995
v 104.90003204 -25.27577019 -1.79999995
v 104.80355835 -25.36417770 -1.79999995
v 104.71514893 -25.46065712 -1.79999995
v 104.63548279 -25.56447220 -1.79999995
v 104.56517029 -25.67483902 -1.79999995
v 104.50474548 -25.79091072 -1.79999995
v 104.45467377 -25.91180801 -1.79999995
v 104.41532898 -26.03660965 -1.79999995
v 104.38700104 -26.16436577 -1.79999995
v 104.36992645 -26.29410553 -1.79999995
v 104.36421204 -26.42483902 -1.79999995
v 104.36992645 -26.55557251 -1.79999995
v 104.38700104 -26.68531036 -1.79999995
v 104.41532898 -26.81306648 -1.79999995
v 104.45467377 -26.93786812 -1.79999995
v 104.50474548 -27.05876541 -1.79999995
v 104.56517029 -27.17483711 -1.79999995
v 104.63548279 -27.28520393 -1.79999995
v 104.71514893 -27.38901901 -1.79999995
v 104.80355835 -27.48549652 -1.79999995
v 104.90003204 -27.57390404 -1.79999995
v 105.00384521 -27.65356636 -1.79999995
v 105.11421204 -27.72387695 -1.79999995
v 105.23028564 -27.78429985 -1.79999995
v 105.35118103 -27.83437538 -1.79999995
v 105.47598267 -27.87372589 -1.79999995
v 105.60373688 -27.90205002 -1.79999995
v 105.73347473 -27.91913033 -1.79999995
v 105.86421204 -27.92483711 -1.79999995
v 105.99494934 -27.91913033 -1.79999995
v 106.12468719 -27.90205002 -1.79999995
v 106.25244141 -27.87372589 -1.79999995
v 106.37724304 -27.83437538 -1.79999995
v 106.49813843 -27.78429985 -1.79999995
v 106.61421204 -27.72387695 -1.79999995
v 106.72457886 -27.65356636 -1.79999995
v 106.82839203 -27.57390404 -1.79999995
v 106.92486572 -27.48549652 -1.79999995
v 107.01327515 -27.38901901 -1.79999995
v 107.09294128 -27.28520393 -1.79999995
v 107.16325378 -27.17483711 -1.79999995
v 107.22367096 -27.05876541 -1.79999995
v 107.27375031 -26.93786812 -1.79999995
v 107.31310272 -26.81306648 -1.79999995
v 107.34142303 -26.68531036 -1.79999995
v 107.35850525 -26.55557251 -1.79999995
v 105.86421204 -26.42483902 -1.79999995
v 29.66421318 -32.12483597 4.50000000
v 29.65850449 -31.99410439 4.50000000
v 29.64142418 -31.86436462 4.50000000
v 29.61310196 -31.73660851 4.50000000
v 29.57375145 -31.61180687 4.50000000
v 29.52367401 -31.49091148 4.50000000
v 29.46325111 -31.37483788 4.50000000
v 29.39294052 -31.26447296 4.50000000
v 29.31328011 -31.16065598 4.50000000
v 29.22487259 -31.06417656 4.50000000
v 29.12839317 -30.97577095 4.50000000
v 29.02457619 -30.89611053 4.50000000
v 28.91421318 -30.82579994 4.50000000
v 28.79814148 -30.76537704 4.50000000
v 28.67724228 -30.71529961 4.50000000
v 28.55244064 -30.67594910 4.50000000
v 28.42468452 -30.64762688 4.50000000
v 28.29494476 -30.63054657 4.50000000
v 28.16421127 -30.62483788 4.50000000
v 28.03347778 -30.63054657 4.50000000
v 27.90373993 -30.64762688 4.50000000
v 27.77598381 -30.67594910 4.50000000
v 27.65118217 -30.71529961 4.50000000
v 27.53028488 -30.76537704 4.50000000
v 27.41421127 -30.82579994 4.50000000
v 27.30384827 -30.89611053 4.50000000
v 27.20002937 -30.97577095 4.50000000
v 27.10355186 -31.06417656 4.50000000
v 27.01514626 -31.16065598 4.50000000
v 26.93548393 -31.26447296 4.50000000
v 26.86517525 -31.37483788 4.50000000
v 26.80475044 -31.49091148 4.50000000
v 26.75467300 -31.61180687 4.50000000
v 26.71532249 -31.73660851 4.50000000
v 26.68700027 -31.86436462 4.50000000
v 26.66991997 -31.99410439 4.50000000
v 26.66421318 -32.12483597 4.50000000
v 26.66991997 -32.25556946 4.50000000
v 26.68700027 -32.38530731 4.50000000
v 26.71532249 -32.51306534 4.50000000
v 26.75467300 -32.63786697 4.50000000
v 26.80475044 -32.75876617 4.50000000
v 26.86517525 -32.87483597 4.50000000
v 26.93548393 -32.98520279 4.50000000
v 27.01514626 -33.08901978 4.50000000
v 27.10355186 -33.18549728 4.50000000
v 27.20002937 -33.27390671 4.50000000
v 27.30384827 -33.35356903 4.50000000
v 27.41421127 -33.42387390 4.50000000
v 27.53028488 -33.48429871 4.50000000
v 27.65118217 -33.53437805 4.50000000
v 27.77598381 -33.57372665 4.50000000
v 27.90373993 -33.60204697 4.50000000
v 28.03347778 -33.61912918 4.50000000
v 28.16421127 -33.62483978 4.50000000
v 28.29494476 -33.61912918 4.50000000
v 28.42468452 -33.60204697 4.50000000
v 28.55244064 -33.57372665 4.50000000
v 28.67724228 -33.53437805 4.50000000
v 28.79814148 -33.48429871 4.50000000
v 28.91421318 -33.42387390 4.50000000
v 29.02457619 -33.35356903 4.50000000
v 29.12839317 -33.27390671 4.50000000
v 29.22487259 -33.18549728 4.50000000
v 29.31328011 -33.08901978 4.50000000
v 29.39294052 -32.98520279 4.50000000
v 29.46325111 -32.87483597 4.50000000
v 29.52367401 -32.75876617 4.50000000
v 29.57375145 -32.63786697 4.50000000
v 29.61310196 -32.51306534 4.50000000
v 29.64142418 -32.38530731 4.50000000
v 29.65850449 -32.25556946 4.50000000
v 29.66421318 -32.12483597 -1.79999995
v 29.65850449 -31.99410439 -1.79999995
v 29.64142418 -31.86436462 -1.79999995
v 29.61310196 -31.73660851 -1.79999995
v 29.57375145 -31.61180687 -1.79999995
v 29.52367401 -31.49091148 -1.79999995
v 29.46325111 -31.37483788 -1.79999995
v 29.39294052 -31.26447296 -1.79999995
v 29.31328011 -31.16065598 -1.79999995
v 29.22487259 -31.06417656 -1.79999995
v 29.12839317 -30.97577095 -1.79999995
v 29.02457619 -30.89611053 -1.79999995
v 28.91421318 -30.82579994 -1.79999995
v 28.79814148 -30.76537704 -1.79999995
v 28.67724228 -30.71529961 -1.79999995
v 28.55244064 -30.67594910 -1.79999995
v 28.42468452 -30.64762688 -1.79999995
v 28.29494476 -30.63054657 -1.79999995
v 28.16421127 -30.62483788 -1.79999995
v 28.03347778 -30.63054657 -1.79999995
v 27.90373993 -30.64762688 -1.79999995
v 27.77598381 -30.67594910 -1.79999995
v 27.65118217 -30.71529961 -1.79999995
v 27.53028488 -30.76537704 -1.79999995
v 27.41421127 -30.82579994 -1.79999995
v 27.30384827 -30.89611053 -1.79999995
v 27.20002937 -30.97577095 -1.79999995
v 27.10355186 -31.06417656 -1.79999995
v 27.01514626 -31.16065598 -1.79999995
v 26.93548393 -31.26447296 -1.79999995
v 26.86517525 -31.37483788 -1.79999995
v 26.80475044 -31.49091148 -1.79999995
v 26.75467300 -31.61180687 -1.79999995
v 26.71532249 -31.73660851 -1.79999995
v 26.68700027 -31.86436462 -1.79999995
v 26.66991997 -31.99410439 -1.79999995
v 26.66421318 -32.12483597 -1.79999995
v 26.66991997 -32.25556946 -1.79999995
v 26.68700027 -32.38530731 -1.79999995
v 26.71532249 -32.51306534 -1.79999995
v 26.75467300 -32.63786697 -1.79999995
v 26.80475044 -32.75876617 -1.79999995
v 26.86517525 -32.87483597 -1.79999995
v 26.93548393 -32.98520279 -1.79999995
v 27.01514626 -33.08901978 -1.79999995
v 27.10355186 -33.18549728 -1.79999995
v 27.20002937 -33.27390671 -1.79999995
v 27.30384827 -33.35356903 -1.79999995
v 27.41421127 -33.42387390 -1.79999995
v 27.53028488 -33.48429871 -1.79999995
v 27.65118217 -33.53437805 -1.79999995
v 27.77598381 -33.57372665 -1.79999995
v 27.90373993 -33.60204697 -1.79999995
v 28.03347778 -33.61912918 -1.79999995
v 28.16421127 -33.62483978 -1.79999995
v 28.29494476 -33.61912918 -1.79999995
v 28.42468452 -33.60204697 -1.79999995
v 28.55244064 -33.57372665 -1.79999995
v 28.67724228 -33.53437805 -1.79999995
v 28.79814148 -33.48429871 -1.79999995
v 28.91421318 -33.42387390 -1.79999995
v 29.02457619 -33.35356903 -1.79999995
v 29.12839317 -33.27390671 -1.79999995
v 29.22487259 -33.18549728 -1.79999995
v 29.31328011 -33.08901978 -1.79999995
v 29.39294052 -32.98520279 -1.79999995
v 29.46325111 -32.87483597 -1.79999995
v 29.52367401 -32.75876617 -1.79999995
v 29.57375145 -32.63786697 -1.79999995
v 29.61310196 -32.51306534 -1.79999995
v 29.64142418 -32.38530731 -1.79999995
v 29.65850449 -32.25556946 -1.79999995
v 28.16421127 -32.12483597 -1.79999995
v -26.68578720 -31.92483711 4.50000000
v -26.69149590 -31.79410553 4.50000000
v -26.70857620 -31.66436386 4.50000000
v -26.73689842 -31.53660965 4.50000000
v -26.77624893 -31.41180801 4.50000000
v -26.82632637 -31.29091072 4.50000000
v -26.88674927 -31.17483902 4.50000000
v -26.95705986 -31.06447220 4.50000000
v -27.03672028 -30.96065712 4.50000000
v -27.12512779 -30.86417770 4.50000000
v -27.22160721 -30.77577019 4.50000000
v -27.32542419 -30.69610977 4.50000000
v -27.43578720 -30.62579918 4.50000000
v -27.55185890 -30.56537628 4.50000000
v -27.67275620 -30.51529884 4.50000000
v -27.79755974 -30.47595024 4.50000000
v -27.92531395 -30.44762611 4.50000000
v -28.05505371 -30.43054581 4.50000000
v -28.18578720 -30.42483711 4.50000000
v -28.31652260 -30.43054581 4.50000000
v -28.44625854 -30.44762611 4.50000000
v -28.57401657 -30.47595024 4.50000000
v -28.69881630 -30.51529884 4.50000000
v -28.81971550 -30.56537628 4.50000000
v -28.93578911 -30.62579918 4.50000000
v -29.04615211 -30.69610977 4.50000000
v -29.14996910 -30.77577019 4.50000000
v -29.24644852 -30.86417770 4.50000000
v -29.33485413 -30.96065712 4.50000000
v -29.41451645 -31.06447220 4.50000000
v -29.48482513 -31.17483902 4.50000000
v -29.54524994 -31.29091072 4.50000000
v -29.59532738 -31.41180801 4.50000000
v -29.63467598 -31.53660965 4.50000000
v -29.66299820 -31.66436386 4.50000000
v -29.68007851 -31.79410553 4.50000000
v -29.68578720 -31.92483711 4.50000000
v -29.68007851 -32.05557251 4.50000000
v -29.66299820 -32.18531036 4.50000000
v -29.63467598 -32.31306839 4.50000000
v -29.59532738 -32.43787003 4.50000000
v -29.54524994 -32.55876541 4.50000000
v -29.48482513 -32.67483902 4.50000000
v -29.41451645 -32.78520203 4.50000000
v -29.33485413 -32.88901901 4.50000000
v -29.24644852 -32.98549652 4.50000000
v -29.14996910 -33.07390594 4.50000000
v -29.04615211 -33.15356827 4.50000000
v -28.93578911 -33.22387314 4.50000000
v -28.81971550 -33.28429794 4.50000000
v -28.69881630 -33.33437729 4.50000000
v -28.57401657 -33.37372589 4.50000000
v -28.44625854 -33.40204620 4.50000000
v -28.31652260 -33.41912842 4.50000000
v -28.18578720 -33.42483902 4.50000000
v -28.05505371 -33.41912842 4.50000000
v -27.92531395 -33.40204620 4.50000000
v -27.79755974 -33.37372589 4.50000000
v -27.67275620 -33.33437729 4.50000000
v -27.55185890 -33.28429794 4.50000000
v -27.43578720 -33.22387314 4.50000000
v -27.32542419 -33.15356827 4.50000000
v -27.22160721 -33.07390594 4.50000000
v -27.12512779 -32.98549652 4.50000000
v -27.03672028 -32.88901901 4.50000000
v -26.95705986 -32.78520203 4.50000000
v -26.88674927 -32.67483902 4.50000000
v -26.82632637 -32.55876541 4.50000000
v -26.77624893 -32.43787003 4.50000000
v -26.73689842 -32.31306839 4.50000000
v -26.70857620 -32.18531036 4.50000000
v -26.69149590 -32.05557251 4.50000000
v -26.68578720 -31.92483711 -1.79999995
v -26.69149590 -31.79410553 -1.79999995
v -26.70857620 -31.66436386 -1.79999995
v -26.73689842 -31.53660965 -1.79999995
v -26.77624893 -31.41180801 -1.79999995
v -26.82632637 -31.29091072 -1.79999995
v -26.88674927 -31.17483902 -1.79999995
v -26.95705986 -31.06447220 -1.79999995
v -27.03672028 -30.96065712 -1.79999995
v -27.12512779 -30.86417770 -1.79999995
v -27.22160721 -30.77577019 -1.79999995
v -27.32542419 -30.69610977 -1.79999995
v -27.43578720 -30.62579918 -1.79999995
v -27.55185890 -30.56537628 -1.79999995
v -27.67275620 -30.51529884 -1.79999995
v -27.79755974 -30.47595024 -1.79999995
v -27.92531395 -30.44762611 -1.79999995
v -28.05505371 -30.43054581 -1.79999995
v -28.18578720 -30.42483711 -1.79999995
v -28.31652260 -30.43054581 -1.79999995
v -28.44625854 -30.44762611 -1.79999995
v -28.57401657 -30.47595024 -1.79999995
v -28.69881630 -30.51529884 -1.79999995
v -28.81971550 -30.56537628 -1.79999995
v -28.93578911 -30.62579918 -1.79999995
v -29.04615211 -30.69610977 -1.79999995
v -29.14996910 -30.77577019 -1.79999995
v -29.24644852 -30.86417770 -1.79999995
v -29.33485413 -30.96065712 -1.79999995
v -29.41451645 -31.06447220 -1.79999995
v -29.48482513 -31.17483902 -1.79999995
v -29.54524994 -31.29091072 -1.79999995
v -29.59532738 -31.41180801 -1.79999995
v -29.63467598 -31.53660965 -1.79999995
v -29.66299820 -31.66436386 -1.79999995
v -29.68007851 -31.79410553 -1.79999995
v -29.68578720 -31.92483711 -1.79999995
v -29.68007851 -32.05557251 -1.79999995
v -29.66299820 -32.18531036 -1.79999995
v -29.63467598 -32.31306839 -1.79999995
v -29.59532738 -32.43787003 -1.79999995
v -29.54524994 -32.55876541 -1.79999995
v -29.48482513 -32.67483902 -1.79999995
v -29.41451645 -32.78520203 -1.79999995
v -29.33485413 -32.88901901 -1.79999995
v -29.24644852 -32.98549652 -1.79999995
v -29.14996910 -33.07390594 -1.79999995
v -29.04615211 -33.15356827 -1.79999995
v -28.93578911 -33.22387314 -1.79999995
v -28.81971550 -33.28429794 -1.79999995
v -28.69881630 -33.33437729 -1.79999995
v -28.57401657 -33.37372589 -1.79999995
v -28.44625854 -33.40204620 -1.79999995
v -28.31652260 -33.41912842 -1.79999995
v -28.18578720 -33.42483902 -1.79999995
v -28.05505371 -33.41912842 -1.79999995
v -27.92531395 -33.40204620 -1.79999995
v -27.79755974 -33.37372589 -1.79999995
v -27.67275620 -33.33437729 -1.79999995
v -27.55185890 -33.28429794 -1.79999995
v -27.43578720 -33.22387314 -1.79999995
v -27.32542419 -33.15356827 -1.79999995
v -27.22160721 -33.07390594 -1.79999995
v -27.12512779 -32.98549652 -1.79999995
v -27.03672028 -32.88901901 -1.79999995
v -26.95705986 -32.78520203 -1.79999995
v -26.88674927 -32.67483902 -1.79999995
v -26.82632637 -32.55876541 -1.79999995
v -26.77624893 -32.43787003 -1.79999995
v -26.73689842 -32.31306839 -1.79999995
v -26.70857620 -32.18531036 -1.79999995
v -26.69149590 -32.05557251 -1.79999995
v -28.18578720 -31.92483711 -1.79999995
v -27.43578720 27.67516327 4.50000000
v -27.44149590 27.80589676 4.50000000
v -27.45857620 27.93563461 4.50000000
v -27.48689842 28.06339073 4.50000000
v -27.52624893 28.18819237 4.50000000
v -27.57632637 28.30908966 4.50000000
v -27.63674927 28.42516327 4.50000000
v -27.70705986 28.53552628 4.50000000
v -27.78672028 28.63934517 4.50000000
v -27.87512779 28.73582268 4.50000000
v -27.97160721 28.82422829 4.50000000
v -28.07542229 28.90389061 4.50000000
v -28.18578720 28.97419930 4.50000000
v -28.30185890 29.03462410 4.50000000
v -28.42275810 29.08470154 4.50000000
v -28.54755974 29.12405205 4.50000000
v -28.67531586 29.15237427 4.50000000
v -28.80505562 29.16945457 4.50000000
v -28.93578911 29.17516327 4.50000000
v -29.06652260 29.16945457 4.50000000
v -29.19626045 29.15237427 4.50000000
v -29.32401466 29.12405205 4.50000000
v -29.44881821 29.08470154 4.50000000
v -29.56971550 29.03462410 4.50000000
v -29.68578720 28.97419930 4.50000000
v -29.79615211 28.90389061 4.50000000
v -29.89996910 28.82422829 4.50000000
v -29.99644661 28.73582268 4.50000000
v -30.08485413 28.63934517 4.50000000
v -30.16451645 28.53552628 4.50000000
v -30.23482513 28.42516327 4.50000000
v -30.29524994 28.30908966 4.50000000
v -30.34532547 28.18819237 4.50000000
v -30.38467598 28.06339073 4.50000000
v -30.41300011 27.93563461 4.50000000
v -30.43008041 27.80589676 4.50000000
v -30.43578720 27.67516327 4.50000000
v -30.43008041 27.54442978 4.50000000
v -30.41300011 27.41469002 4.50000000
v -30.38467598 27.28693390 4.50000000
v -30.34532547 27.16213226 4.50000000
v -30.29524994 27.04123497 4.50000000
v -30.23482513 26.92516136 4.50000000
v -30.16451645 26.81479836 4.50000000
v -30.08485413 26.71098137 4.50000000
v -29.99644661 26.61450195 4.50000000
v -29.89996910 26.52609444 4.50000000
v -29.79615211 26.44643402 4.50000000
v -29.68578720 26.37612534 4.50000000
v -29.56971550 26.31570053 4.50000000
v -29.44881821 26.26562309 4.50000000
v -29.32401466 26.22627258 4.50000000
v -29.19626045 26.19795036 4.50000000
v -29.06652260 26.18087006 4.50000000
v -28.93578911 26.17516136 4.50000000
v -28.80505562 26.18087006 4.50000000
v -28.67531586 26.19795036 4.50000000
v -28.54755974 26.22627258 4.50000000
v -28.42275810 26.26562309 4.50000000
v -28.30185890 26.31570053 4.50000000
v -28.18578720 26.37612534 4.50000000
v -28.07542229 26.44643402 4.50000000
v -27.97160721 26.52609444 4.50000000
v -27.87512779 26.61450195 4.50000000
v -27.78672028 26.71098137 4.50000000
v -27.70705986 26.81479836 4.50000000
v -27.63674927 26.92516136 4.50000000
v -27.57632637 27.04123497 4.50000000
v -27.52624893 27.16213226 4.50000000
v -27.48689842 27.28693390 4.50000000
v -27.45857620 27.41469002 4.50000000
v -27.44149590 27.54442978 4.50000000
v -27.43578720 27.67516327 -1.79999995
v -27.44149590 27.80589676 -1.79999995
v -27.45857620 27.93563461 -1.79999995
v -27.48689842 28.06339073 -1.79999995
v -27.52624893 28.18819237 -1.79999995
v -27.57632637 28.30908966 -1.79999995
v -27.63674927 28.42516327 -1.79999995
v -27.70705986 28.53552628 -1.79999995
v -27.78672028 28.63934517 -1.79999995
v -27.87512779 28.73582268 -1.79999995
v -27.97160721 28.82422829 -1.79999995
v -28.07542229 28.90389061 -1.79999995
v -28.18578720 28.97419930 -1.79999995
v -28.30185890 29.03462410 -1.79999995
v -28.42275810 29.08470154 -1.79999995
v -28.54755974 29.12405205 -1.79999995
v -28.67531586 29.15237427 -1.79999995
v -28.80505562 29.16945457 -1.79999995
v -28.93578911 29.17516327 -1.79999995
v -29.06652260 29.16945457 -1.79999995
v -29.19626045 29.15237427 -1.79999995
v -29.32401466 29.12405205 -1.79999995
v -29.44881821 29.08470154 -1.79999995
v -29.56971550 29.03462410 -1.79999995
v -29.68578720 28.97419930 -1.79999995
v -29.79615211 28.90389061 -1.79999995
v -29.89996910 28.82422829 -1.79999995
v -29.99644661 28.73582268 -1.79999995
v -30.08485413 28.63934517 -1.79999995
v -30.16451645 28.53552628 -1.79999995
v -30.23482513 28.42516327 -1.79999995
v -30.29524994 28.30908966 -1.79999995
v -30.34532547 28.18819237 -1.79999995
v -30.38467598 28.06339073 -1.79999995
v -30.41300011 27.93563461 -1.79999995
v -30.43008041 27.80589676 -1.79999995
v -30.43578720 27.67516327 -1.79999995
v -30.43008041 27.54442978 -1.79999995
v -30.41300011 27.41469002 -1.79999995
v -30.38467598 27.28693390 -1.79999995
v -30.34532547 27.16213226 -1.79999995
v -30.29524994 27.04123497 -1.79999995
v -30.23482513 26.92516136 -1.79999995
v -30.16451645 26.81479836 -1.79999995
v -30.08485413 26.71098137 -1.79999995
v -29.99644661 26.61450195 -1.79999995
v -29.89996910 26.52609444 -1.79999995
v -29.79615211 26.44643402 -1.79999995
v -29.68578720 26.37612534 -1.79999995
v -29.56971550 26.31570053 -1.79999995
v -29.44881821 26.26562309 -1.79999995
v -29.32401466 26.22627258 -1.79999995
v -29.19626045 26.19795036 -1.79999995
v -29.06652260 26.18087006 -1.79999995
v -28.93578911 26.17516136 -1.79999995
v -28.80505562 26.18087006 -1.79999995
v -28.67531586 26.19795036 -1.79999995
v -28.54755974 26.22627258 -1.79999995
v -28.42275810 26.26562309 -1.79999995
v -28.30185890 26.31570053 -1.79999995
v -28.18578720 26.37612534 -1.79999995
v -28.07542229 26.44643402 -1.79999995
v -27.97160721 26.52609444 -1.79999995
v -27.87512779 26.61450195 -1.79999995
v -27.78672028 26.71098137 -1.79999995
v -27.70705986 26.81479836 -1.79999995
v -27.63674927 26.92516136 -1.79999995
v -27.57632637 27.04123497 -1.79999995
v -27.52624893 27.16213226 -1.79999995
v -27.48689842 27.28693390 -1.79999995
v -27.45857620 27.41469002 -1.79999995
v -27.44149590 27.54442978 -1.79999995
v -28.93578911 27.67516327 -1.79999995
v -104.48578644 -25.97483826 4.50000000
v -104.49149323 -25.84410477 4.50000000
v -104.50857544 -25.71436501 4.50000000
v -104.53689575 -25.58660889 4.50000000
v -104.57624817 -25.46180725 4.50000000
v -104.62632751 -25.34091187 4.50000000
v -104.68675232 -25.22483826 4.50000000
v -104.75706482 -25.11447334 4.50000000
v -104.83671570 -25.01065636 4.50000000
v -104.92512512 -24.91417694 4.50000000
v -105.02160645 -24.82577133 4.50000000
v -105.12541962 -24.74610901 4.50000000
v -105.23578644 -24.67580032 4.50000000
v -105.35186005 -24.61537552 4.50000000
v -105.47275543 -24.56529808 4.50000000
v -105.59755707 -24.52594948 4.50000000
v -105.72531891 -24.49762726 4.50000000
v -105.85505676 -24.48054504 4.50000000
v -105.98579407 -24.47483635 4.50000000
v -106.11651611 -24.48054504 4.50000000
v -106.24626160 -24.49762726 4.50000000
v -106.37401581 -24.52594948 4.50000000
v -106.49881744 -24.56529808 4.50000000
v -106.61971283 -24.61537552 4.50000000
v -106.73578644 -24.67580032 4.50000000
v -106.84615326 -24.74610901 4.50000000
v -106.94996643 -24.82577133 4.50000000
v -107.04644775 -24.91417694 4.50000000
v -107.13485718 -25.01065636 4.50000000
v -107.21451569 -25.11447334 4.50000000
v -107.28482819 -25.22483826 4.50000000
v -107.34524536 -25.34091187 4.50000000
v -107.39533234 -25.46180725 4.50000000
v -107.43467712 -25.58660889 4.50000000
v -107.46300507 -25.71436501 4.50000000
v -107.48007965 -25.84410477 4.50000000
v -107.48578644 -25.97483826 4.50000000
v -107.48007965 -26.10557175 4.50000000
v -107.46300507 -26.23530960 4.50000000
v -107.43467712 -26.36306572 4.50000000
v -107.39533234 -26.48786736 4.50000000
v -107.34524536 -26.60876465 4.50000000
v -107.28482819 -26.72483826 4.50000000
v -107.21451569 -26.83520317 4.50000000
v -107.13485718 -26.93902016 4.50000000
v -107.04644775 -27.03549767 4.50000000
v -106.94996643 -27.12390327 4.50000000
v -106.84615326 -27.20356560 4.50000000
v -106.73578644 -27.27387619 4.50000000
v -106.61971283 -27.33429909 4.50000000
v -106.49881744 -27.38437653 4.50000000
v -106.37401581 -27.42372704 4.50000000
v -106.24626160 -27.45204926 4.50000000
v -106.11651611 -27.46912956 4.50000000
v -105.98579407 -27.47483826 4.50000000
v -105.85505676 -27.46912956 4.50000000
v -105.72531891 -27.45204926 4.50000000
v -105.59755707 -27.42372704 4.50000000
v -105.47275543 -27.38437653 4.50000000
v -105.35186005 -27.33429909 4.50000000
v -105.23578644 -27.27387619 4.50000000
v -105.12541962 -27.20356560 4.50000000
v -105.02160645 -27.12390327 4.50000000
v -104.92512512 -27.03549767 4.50000000
v -104.83671570 -26.93902016 4.50000000
v -104.75706482 -26.83520317 4.50000000
v -104.68675232 -26.72483826 4.50000000
v -104.62632751 -26.60876465 4.50000000
v -104.57624817 -26.48786736 4.50000000
v -104.53689575 -26.36306572 4.50000000
v -104.50857544 -26.23530960 4.50000000
v -104.49149323 -26.10557175 4.50000000
v -104.48578644 -25.97483826 -1.79999995
v -104.49149323 -25.84410477 -1.79999995
v -104.50857544 -25.71436501 -1.79999995
v -104.53689575 -25.58660889 -1.79999995
v -104.57624817 -25.46180725 -1.79999995
v -104.62632751 -25.34091187 -1.79999995
v -104.68675232 -25.22483826 -1.79999995
v -104.75706482 -25.11447334 -1.79999995
v -104.83671570 -25.01065636 -1.79999995
v -104.92512512 -24.91417694 -1.79999995
v -105.02160645 -24.82577133 -1.79999995
v -105.12541962 -24.74610901 -1.79999995
v -105.23578644 -24.67580032 -1.79999995
v -105.35186005 -24.61537552 -1.79999995
v -105.47275543 -24.56529808 -1.79999995
v -105.59755707 -24.52594948 -1.79999995
v -105.72531891 -24.49762726 -1.79999995
v -105.85505676 -24.48054504 -1.79999995
v -105.98579407 -24.47483635 -1.79999995
v -106.11651611 -24.48054504 -1.79999995
v -106.24626160 -24.49762726 -1.79999995
v -106.37401581 -24.52594948 -1.79999995
v -106.49881744 -24.56529808 -1.79999995
v -106.61971283 -24.61537552 -1.79999995
v -106.73578644 -24.67580032 -1.79999995
v -106.84615326 -24.74610901 -1.79999995
v -106.94996643 -24.82577133 -1.79999995
v -107.04644775 -24.91417694 -1.79999995
v -107.13485718 -25.01065636 -1.79999995
v -107.21451569 -25.11447334 -1.79999995
v -107.28482819 -25.22483826 -1.79999995
v -107.34524536 -25.34091187 -1.79999995
v -107.39533234 -25.46180725 -1.79999995
v -107.43467712 -25.58660889 -1.79999995
v -107.46300507 -25.71436501 -1.79999995
v -107.48007965 -25.84410477 -1.79999995
v -107.48578644 -25.97483826 -1.79999995
v -107.48007965 -26.10557175 -1.79999995
v -107.46300507 -26.23530960 -1.79999995
v -107.43467712 -26.36306572 -1.79999995
v -107.39533234 -26.48786736 -1.79999995
v -107.34524536 -26.60876465 -1.79999995
v -107.28482819 -26.72483826 -1.79999995
v -107.21451569 -26.83520317 -1.79999995
v -107.13485718 -26.93902016 -1.79999995
v -107.04644775 -27.03549767 -1.79999995
v -106.94996643 -27.12390327 -1.79999995
v -106.84615326 -27.20356560 -1.79999995
v -106.73578644 -27.27387619 -1.79999995
v -106.61971283 -27.33429909 -1.79999995
v -106.49881744 -27.38437653 -1.79999995
v -106.37401581 -27.42372704 -1.79999995
v -106.24626160 -27.45204926 -1.79999995
v -106.11651611 -27.46912956 -1.79999995
v -105.98579407 -27.47483826 -1.79999995
v -105.85505676 -27.46912956 -1.79999995
v -105.72531891 -27.45204926 -1.79999995
v -105.59755707 -27.42372704 -1.79999995
v -105.47275543 -27.38437653 -1.79999995
v -105.35186005 -27.33429909 -1.79999995
v -105.23578644 -27.27387619 -1.79999995
v -105.12541962 -27.20356560 -1.79999995
v -105.02160645 -27.12390327 -1.79999995
v -104.92512512 -27.03549767 -1.79999995
v -104.83671570 -26.93902016 -1.79999995
v -104.75706482 -26.83520317 -1.79999995
v -104.68675232 -26.72483826 -1.79999995
v -104.62632751 -26.60876465 -1.79999995
v -104.57624817 -26.48786736 -1.79999995
v -104.53689575 -26.36306572 -1.79999995
v -104.50857544 -26.23530960 -1.79999995
v -104.49149323 -26.10557175 -1.79999995
v -105.98579407 -25.97483826 -1.79999995
v -8.50997066 47.02044678 -3
v -8.50997066 47.02044678 5
v -8.50997066 47.02044678 6
v -9.00811291 46.97739029 6.50000000
v -8.71057701 47.24417496 6.18059540
v -9.00811291 46.97739029 -3.50000000
v -8.71057701 47.24417496 -3.18059587
v -8.91118431 47.46790695 5
v -8.91118431 47.46790695 6
v -8.91118431 47.46790695 -3
v -45.57448196 54.71281433 -3
v -45.57448196 54.71281433 6
v -28.68693733 50.86605453 6.50000000
v -31.73908615 51.46918106 6.50000000
v -31.42463875 51.40704346 6.50000000
v -45.67140961 54.22229767 6.50000000
v -45.60115433 54.71660614 6.00145197
v -45.67140961 54.22229767 -3.50000000
v -45.60115433 54.71660614 -3.00145173
v -45.62783051 54.72039413 -3
v -45.62783051 54.72039413 6
v -64.72406769 56.39119720 -3
v -64.72406769 56.39119720 6
v -64.76764679 55.89310074 6.50000000
v -51.08723831 54.69615173 6.50000000
v -50.20818710 54.61923599 6.50000000
v -48.54788589 54.47397232 6.50000000
v -64.74066162 56.39209747 6.00055218
v -64.76764679 55.89310074 -3.50000000
v -64.74066162 56.39209747 -3.00055242
v -64.75725555 56.39299393 -3
v -64.75725555 56.39299393 6
v -83.91091919 56.79101944 6
v -83.92156982 56.29113388 6.50000000
v -83.92156982 56.29113388 -3.50000000
v -83.91091919 56.79101944 -3
v -103.01448059 57.19786453 -3
v -103.01448059 57.19786453 6
v -87.73973846 56.37244797 6.50000000
v -86.47673798 56.34555054 6.50000000
v -103.02513123 56.69797897 6.50000000
v -88.13709259 56.38090897 6.50000000
v -103.03103638 57.19766998 6.00054836
v -85.34494019 56.32144547 6.50000000
v -103.02513123 56.69797897 -3.50000000
v -103.03103638 57.19766998 -3.00054812
v -103.04759216 57.19747543 -3
v -103.04759216 57.19747543 6
v -123.65276337 56.27081299 -3
v -123.65276337 56.27081299 6
v -123.63030243 55.77131653 6.50000000
v -123.89058685 56.04280853 6.21708536
v -123.63030243 55.77131653 -3.50000000
v -123.89058685 56.04280853 -3.21708560
v -124.12841034 55.81481171 -3
v -124.12841034 55.81481171 6
v 8.78259945 46.77236176 5
v 8.78259945 46.77236176 6
v 8.78259945 46.77236176 -3
v 9.28076172 46.72953415 6.50000000
v 8.98321629 46.99620438 6.18070745
v 9.28076172 46.72953415 -3.50000000
v 8.98321629 46.99620438 -3.18070745
v 9.18383217 47.22005081 5
v 9.18383217 47.22005081 -3
v 9.18383217 47.22005081 6
v 45.84700775 54.46491241 5
v 45.84700775 54.46491241 6
v 45.84700775 54.46491241 -3
v 12.13096237 47.29275131 6.50000000
v 30.03661346 50.83101654 6.50000000
v 45.94393539 53.97439575 6.50000000
v 45.87368011 54.46870804 6.00145197
v 31.82631302 51.18467331 6.50000000
v 45.94393539 53.97439575 -3.50000000
v 45.87368011 54.46870804 -3.00145173
v 45.90035629 54.47249603 5
v 45.90035629 54.47249603 -3
v 45.90035629 54.47249603 6
v 64.99620819 56.14326477 -3
v 64.99620819 56.14326477 6
v 51.36066437 54.44832993 6.50000000
v 65.03978729 55.64516830 6.50000000
v 65.01267242 56.14415741 6.00054407
v 48.81531525 54.22562790 6.50000000
v 48.86635971 54.23009491 6.50000000
v 65.03978729 55.64516830 -3.50000000
v 65.01267242 56.14415741 -3.00054383
v 65.02913666 56.14505386 6
v 65.02913666 56.14505386 -3
v 84.13344574 56.55191803 6
v 70.44706726 55.76032639 6.50000000
v 69.31961060 55.73631287 6.50000000
v 67.65936279 55.70095825 6.50000000
v 84.14382935 56.05202866 6.50000000
v 84.13344574 56.55191803 -3
v 84.14382935 56.05202866 -3.50000000
v 103.28765869 56.94995499 6
v 103.28765869 56.94995499 -3
v 89.53571320 56.16407394 6.50000000
v 86.74686432 56.10612106 6.50000000
v 88.40721130 56.14062500 6.50000000
v 103.29804230 56.45006180 6.50000000
v 103.30407715 56.94975662 6.00053978
v 103.29804230 56.45006180 -3.50000000
v 103.30407715 56.94975662 -3.00053978
v 103.32051086 56.94955826 6
v 103.32051086 56.94955826 -3
v 123.92541504 56.02289963 6
v 123.92541504 56.02289963 -3
v 123.90295410 55.52340698 6.50000000
v 124.16323853 55.79485703 6.21712780
v 107.55136871 56.25877762 6.50000000
v 123.90295410 55.52340698 -3.50000000
v 124.16323853 55.79485703 -3.21712756
v 124.40106201 55.56681442 6
v 124.40106201 55.56681442 -3
v 131.21833801 -22.65937233 6
v 131.21833801 -22.65937233 -3
v 127.52307892 13.98351192 6.50000000
v 128.86077881 -1.36598778 6.50000000
v 127.22499847 17.40396118 6.50000000
v 125.70427704 34.85385895 6.50000000
v 130.72023010 -22.70278168 6.50000000
v 131.09393311 -22.89778900 6.14464235
v 129.16427612 -4.84868813 6.50000000
v 130.54139709 -20.65068817 6.50000000
v 130.72023010 -22.70278168 -3.50000000
v 131.09393311 -22.89778900 -3.14464211
v 130.96952820 -23.13620567 6
v 130.96952820 -23.13620567 -3
v 91.00853729 -46.12001419 6
v 91.00853729 -46.12001419 -3
v 119.80310059 -28.98183823 6.50000000
v 107.55136871 -36.02849960 6.50000000
v 120.91532135 -28.34213638 6.50000000
v 122.66814423 -27.33398819 6.50000000
v 90.75924683 -45.68659210 6.50000000
v 90.90598297 -46.15232849 6.02312374
v 105.89111328 -36.98340607 6.50000000
v 90.75924683 -45.68659210 -3.50000000
v 90.90598297 -46.15232849 -3.02312350
v 90.80342102 -46.18463516 6
v 90.80342102 -46.18463516 -3
v 52.54174423 -49.57817459 6
v 52.54174423 -49.57817459 -3
v 86.74686432 -46.04246140 6.50000000
v 70.44706726 -47.48813629 6.50000000
v 89.53571320 -45.79510880 6.50000000
v 88.40721130 -45.89519882 6.50000000
v 69.31961060 -47.58813477 6.50000000
v 67.65936279 -47.73538971 6.50000000
v 52.41079330 -49.08782959 6.50000000
v 52.49901581 -49.58574677 5.99623394
v 52.41079330 -49.08782959 -3.50000000
v 52.49901581 -49.58574677 -2.99623394
v 52.45628738 -49.59331894 6
v 52.45628738 -49.59331894 -3
v 33.82558823 -54.59447479 -3
v 33.82558823 -54.59447479 6
v 48.81531525 -50.05298615 6.50000000
v 51.36066437 -49.36972427 6.50000000
v 48.86635971 -50.03928375 6.50000000
v 33.69595718 -54.11157227 6.50000000
v 33.80802536 -54.59851837 6.00064898
v 33.69595718 -54.11157227 -3.50000000
v 33.80802536 -54.59851837 -3.00064945
v 33.79047012 -54.60255814 6
v 33.79047012 -54.60255814 -3
v 30.50980568 -54.72487640 6.50000000
v 30.57888794 -55.21941376 6.00131845
v 30.60431671 -55.21586227 6
v 30.60431671 -55.21586227 5
v 30.60431671 -55.21586227 -3
v 30.50980568 -54.72487640 -3.50000000
v 30.57888794 -55.21941376 -3.00131845
v 30.55345917 -55.22296524 5
v 30.55345917 -55.22296524 -3
v 30.55345917 -55.22296524 6
v 1.73763549 -57.74840164 6
v 1.73763549 -57.74840164 -3
v 1.73763549 -57.74840164 5
v 12.13096237 -56.33560944 6.50000000
v 1.69398248 -57.25031281 6.50000000
v 1.71399426 -57.74935150 6.00111961
v 1.69398248 -57.25031281 -3.50000000
v 1.71399426 -57.74935150 -3.00111961
v 1.69035304 -57.75030136 6
v 1.69035304 -57.75030136 5
v 1.69035304 -57.75030136 -3
v -1.80215442 -57.72494888 5
v -1.80215442 -57.72494888 6
v -1.80215442 -57.72494888 -3
v -1.79852509 -57.22496414 6.50000000
v -1.82216620 -57.72399902 6.00080299
v -1.79852509 -57.22496414 -3.50000000
v -1.82216620 -57.72399902 -3.00080276
v -1.84217799 -57.72305298 6
v -1.84217799 -57.72305298 5
v -1.84217799 -57.72305298 -3
v -30.67358398 -55.19625854 -3
v -30.67358398 -55.19625854 6
v -30.62993240 -54.69816589 6.50000000
v -30.70760918 -55.19089508 6.00237322
v -30.62993240 -54.69816589 -3.50000000
v -30.70760918 -55.19089508 -3.00237298
v -30.74163437 -55.18553162 6
v -30.74163437 -55.18553162 -3
v -33.92460632 -54.45599747 6
v -33.92460632 -54.45599747 -3
v -31.73908615 -54.44395065 6.50000000
v -33.81290436 -53.96863556 6.50000000
v -33.93356705 -54.45376968 6.00017071
v -33.81290436 -53.96863556 -3.50000000
v -33.93356705 -54.45376968 -3.00017047
v -33.94253159 -54.45154190 6
v -33.94253159 -54.45154190 -3
v -107.28013611 -28.34213638 6.50000000
v -107.28013611 -28.98183823 6.50000000
v -105.61988831 -28.98183823 6.50000000
v -105.61988831 -28.34213638 6.50000000
v -88.13709259 -28.98183823 6.50000000
v -88.13709259 -28.34213638 6.50000000
v -87.73973846 -28.98183823 6.50000000
v -68.70558929 -28.34213638 6.50000000
v -68.70558929 -28.98183823 6.50000000
v -67.38813782 -28.98183823 6.50000000
v -67.38813782 -28.34213638 6.50000000
v -51.08723831 -28.98183823 6.50000000
v -51.08723831 -28.34213638 6.50000000
v -50.20818710 -28.98183823 6.50000000
v -50.20818710 -28.34213638 6.50000000
v -48.54788589 -28.98183823 6.50000000
v -48.54788589 -28.34213638 6.50000000
v -31.73908615 -28.98183823 6.50000000
v -31.73908615 -28.34213638 6.50000000
v -31.42463875 -28.98183823 6.50000000
v -31.42463875 -28.34213638 6.50000000
v -28.68693733 -28.98183823 6.50000000
v 30.03661346 -28.34213638 6.50000000
v 30.03661346 -28.98183823 6.50000000
v 31.82631302 -28.98183823 6.50000000
v 31.82631302 -28.34213638 6.50000000
v 48.81531525 -28.98183823 6.50000000
v 48.81531525 -28.34213638 6.50000000
v 48.86635971 -28.98183823 6.50000000
v 48.86635971 -28.34213638 6.50000000
v 51.36066437 -28.98183823 6.50000000
v 51.36066437 -28.34213638 6.50000000
v 67.65936279 -28.98183823 6.50000000
v 67.65936279 -28.34213638 6.50000000
v 69.31961060 -28.98183823 6.50000000
v 69.31961060 -28.34213638 6.50000000
v 70.44706726 -28.98183823 6.50000000
v 86.74686432 -28.34213638 6.50000000
v 86.74686432 -28.98183823 6.50000000
v 88.40721130 -28.98183823 6.50000000
v 88.40721130 -28.34213638 6.50000000
v 89.53571320 -28.98183823 6.50000000
v 89.53571320 -28.34213638 6.50000000
v 105.89111328 -28.98183823 6.50000000
v 105.89111328 -28.34213638 6.50000000
v 107.55136871 -28.98183823 6.50000000
v -107.28013611 -27.33398819 6.50000000
v -105.61988831 -27.33398819 6.50000000
v -88.13709259 -27.33398819 6.50000000
v -87.73973846 -28.34213638 6.50000000
v -87.73973846 -27.33398819 6.50000000
v -86.47673798 -28.34213638 6.50000000
v -68.70558929 -27.33398819 6.50000000
v -67.38813782 -27.33398819 6.50000000
v -51.08723831 -27.33398819 6.50000000
v -50.20818710 -27.33398819 6.50000000
v -48.54788589 -27.33398819 6.50000000
v -31.73908615 -27.33398819 6.50000000
v -31.42463875 -27.33398819 6.50000000
v -28.68693733 -28.34213638 6.50000000
v 31.82631302 -27.33398819 6.50000000
v 48.81531525 -27.33398819 6.50000000
v 48.86635971 -27.33398819 6.50000000
v 51.36066437 -27.33398819 6.50000000
v 67.65936279 -27.33398819 6.50000000
v 69.31961060 -27.33398819 6.50000000
v 70.44706726 -28.34213638 6.50000000
v 86.74686432 -27.33398819 6.50000000
v 88.40721130 -27.33398819 6.50000000
v 89.53571320 -27.33398819 6.50000000
v 105.89111328 -27.33398819 6.50000000
v 107.55136871 -28.34213638 6.50000000
v -107.28013611 -20.65068817 6.50000000
v -105.61988831 -20.65068817 6.50000000
v -88.13709259 -20.65068817 6.50000000
v -87.73973846 -20.65068817 6.50000000
v -86.47673798 -27.33398819 6.50000000
v -86.47673798 -20.65068817 6.50000000
v -85.34494019 -27.33398819 6.50000000
v -85.34494019 -20.65068817 6.50000000
v -68.70558929 -20.65068817 6.50000000
v -67.38813782 -20.65068817 6.50000000
v -51.08723831 -20.65068817 6.50000000
v -31.73908615 -20.65068817 6.50000000
v 67.65936279 -20.65068817 6.50000000
v 69.31961060 -20.65068817 6.50000000
v 70.44706726 -27.33398819 6.50000000
v 70.44706726 -20.65068817 6.50000000
v 86.74686432 -20.65068817 6.50000000
v 88.40721130 -20.65068817 6.50000000
v 89.53571320 -20.65068817 6.50000000
v 105.89111328 -20.65068817 6.50000000
v 107.55136871 -27.33398819 6.50000000
v -51.08723831 -4.84868813 6.50000000
v -50.20818710 -20.65068817 6.50000000
v -31.73908615 -4.84868813 6.50000000
v -31.42463875 -20.65068817 6.50000000
v 69.31961060 -4.84868813 6.50000000
v 88.40721130 -4.84868813 6.50000000
v -88.13709259 -1.36598778 6.50000000
v -88.13709259 -4.84868813 6.50000000
v -87.73973846 -4.84868813 6.50000000
v -87.73973846 -1.36598778 6.50000000
v -86.47673798 -4.84868813 6.50000000
v -86.47673798 -1.36598778 6.50000000
v -85.34494019 -4.84868813 6.50000000
v -85.34494019 -1.36598778 6.50000000
v -68.70558929 -4.84868813 6.50000000
v -68.70558929 -1.36598778 6.50000000
v -67.38813782 -4.84868813 6.50000000
v -51.08723831 -1.36598778 6.50000000
v -50.20818710 -4.84868813 6.50000000
v -50.20818710 -1.36598778 6.50000000
v -48.54788589 -4.84868813 6.50000000
v -31.73908615 -1.36598778 6.50000000
v -31.42463875 -4.84868813 6.50000000
v 30.03661346 -1.36598778 6.50000000
v 30.03661346 -4.84868813 6.50000000
v 31.82631302 -4.84868813 6.50000000
v 48.81531525 -1.36598778 6.50000000
v 48.81531525 -4.84868813 6.50000000
v 48.86635971 -4.84868813 6.50000000
v 48.86635971 -1.36598778 6.50000000
v 51.36066437 -4.84868813 6.50000000
v 67.65936279 -1.36598778 6.50000000
v 67.65936279 -4.84868813 6.50000000
v 69.31961060 -1.36598778 6.50000000
v 70.44706726 -4.84868813 6.50000000
v 70.44706726 -1.36598778 6.50000000
v 86.74686432 -4.84868813 6.50000000
v 86.74686432 -1.36598778 6.50000000
v 88.40721130 -1.36598778 6.50000000
v 89.53571320 -4.84868813 6.50000000
v -107.28013611 13.98351192 6.50000000
v -107.28013611 -1.36598778 6.50000000
v -105.61988831 -1.36598778 6.50000000
v -88.13709259 13.98351192 6.50000000
v -87.73973846 13.98351192 6.50000000
v -68.70558929 13.98351192 6.50000000
v -67.38813782 -1.36598778 6.50000000
v -51.08723831 13.98351192 6.50000000
v -50.20818710 13.98351192 6.50000000
v -48.54788589 -1.36598778 6.50000000
v -31.73908615 13.98351192 6.50000000
v -31.42463875 -1.36598778 6.50000000
v 30.03661346 13.98351192 6.50000000
v 31.82631302 -1.36598778 6.50000000
v 48.81531525 13.98351192 6.50000000
v 48.86635971 13.98351192 6.50000000
v 51.36066437 -1.36598778 6.50000000
v 67.65936279 13.98351192 6.50000000
v 69.31961060 13.98351192 6.50000000
v 86.74686432 13.98351192 6.50000000
v 70.44706726 13.98351192 6.50000000
v 88.40721130 13.98351192 6.50000000
v 89.53571320 -1.36598778 6.50000000
v 105.89111328 13.98351192 6.50000000
v 105.89111328 -1.36598778 6.50000000
v 107.55136871 -1.36598778 6.50000000
v -123.63113403 17.40396118 6.50000000
v -123.63113403 13.98351192 6.50000000
v -107.28013611 17.40396118 6.50000000
v -105.61988831 13.98351192 6.50000000
v -88.13709259 17.40396118 6.50000000
v -87.73973846 17.40396118 6.50000000
v -86.47673798 13.98351192 6.50000000
v -86.47673798 17.40396118 6.50000000
v -85.34494019 13.98351192 6.50000000
v -68.70558929 17.40396118 6.50000000
v -67.38813782 13.98351192 6.50000000
v -67.38813782 17.40396118 6.50000000
v -51.08723831 17.40396118 6.50000000
v -50.20818710 17.40396118 6.50000000
v -48.54788589 13.98351192 6.50000000
v -31.73908615 17.40396118 6.50000000
v -31.42463875 13.98351192 6.50000000
v -31.42463875 17.40396118 6.50000000
v -28.68693733 13.98351192 6.50000000
v 30.03661346 17.40396118 6.50000000
v 31.82631302 13.98351192 6.50000000
v 48.81531525 17.40396118 6.50000000
v 48.86635971 17.40396118 6.50000000
v 51.36066437 13.98351192 6.50000000
v 67.65936279 17.40396118 6.50000000
v 69.31961060 17.40396118 6.50000000
v 70.44706726 17.40396118 6.50000000
v 86.74686432 17.40396118 6.50000000
v 88.40721130 17.40396118 6.50000000
v 89.53571320 13.98351192 6.50000000
v 105.89111328 17.40396118 6.50000000
v 107.55136871 13.98351192 6.50000000
v -123.63113403 34.85385895 6.50000000
v -107.28013611 34.85385895 6.50000000
v -105.61988831 17.40396118 6.50000000
v -88.13709259 34.85385895 6.50000000
v -105.61988831 34.85385895 6.50000000
v -87.73973846 34.85385895 6.50000000
v -86.47673798 34.85385895 6.50000000
v -85.34494019 17.40396118 6.50000000
v -85.34494019 34.85385895 6.50000000
v -68.70558929 34.85385895 6.50000000
v -50.20818710 34.85385895 6.50000000
v -48.54788589 17.40396118 6.50000000
v 48.81531525 34.85385895 6.50000000
v 67.65936279 34.85385895 6.50000000
v 86.74686432 34.85385895 6.50000000
v 105.89111328 34.85385895 6.50000000
v 107.55136871 17.40396118 6.50000000
v 12.13096237 13.98351192 6.50000000
v 12.13096237 -1.36598778 6.50000000
v 12.13096237 -4.84868813 6.50000000
v 12.13096237 -20.65068817 6.50000000
v 12.13096237 -27.33398819 6.50000000
v 12.13096237 -28.34213638 6.50000000
v 12.13096237 -28.98183823 6.50000000
v -125.45682526 34.85385895 6.50000000
v -126.98056030 17.40396118 6.50000000
v -123.63113403 -4.84868813 6.50000000
v -123.63113403 -1.36598778 6.50000000
v -128.61955261 -1.36598778 6.50000000
v -123.63113403 -20.65068817 6.50000000
v -130.30349731 -20.65068817 6.50000000
v -130.45594788 -22.39655113 6.50000000
v -122.02540588 -27.33398819 6.50000000
v -123.63113403 -26.39357567 6.50000000
v -120.30402374 -28.34213638 6.50000000
v -119.21175385 -28.98183823 6.50000000
v -107.28013611 -35.96972275 6.50000000
v -105.61988831 -36.94207001 6.50000000
v -90.90674591 -45.55898285 6.50000000
v -88.13709259 -45.80366898 6.50000000
v -51.08723831 -49.33169174 6.50000000
v 48.86635971 34.85385895 6.50000000
v -68.70558929 -47.52037811 6.50000000
v -67.38813782 -47.63676834 6.50000000
v -52.50211334 -48.95189285 6.50000000
v 69.31961060 34.85385895 6.50000000
v 70.44706726 34.85385895 6.50000000
v 31.82631302 17.40396118 6.50000000
v 51.36066437 -20.65068817 6.50000000
v 31.82631302 -20.65068817 6.50000000
v 89.53571320 17.40396118 6.50000000
v 88.40721130 34.85385895 6.50000000
v 89.53571320 34.85385895 6.50000000
v 107.55136871 -4.84868813 6.50000000
v 107.55136871 -20.65068817 6.50000000
v 107.55136871 34.85385895 6.50000000
v -28.68693733 -27.33398819 6.50000000
v -48.54788589 34.85385895 6.50000000
v -51.08723831 34.85385895 6.50000000
v -67.38813782 34.85385895 6.50000000
v -50.20818710 -49.56765366 6.50000000
v -48.54788589 -50.01332474 6.50000000
v -28.68693733 17.40396118 6.50000000
v 30.03661346 34.85385895 6.50000000
v 12.13096237 17.40396118 6.50000000
v -107.28013611 -4.84868813 6.50000000
v -128.92366028 -4.84868813 6.50000000
v 51.36066437 34.85385895 6.50000000
v -28.68693733 34.85385895 6.50000000
v -86.47673798 -45.95035553 6.50000000
v -85.34494019 -46.05034637 6.50000000
v -87.73973846 -45.83877563 6.50000000
v 51.36066437 17.40396118 6.50000000
v -123.63113403 55.76174164 6.50000000
v -127.27922058 13.98351192 6.50000000
v -130.95405579 -22.35305595 6
v -130.83134460 -22.59052849 6.14290285
v -52.54743958 -49.45743179 6
v -52.59025192 -49.44985199 5.99621916
v -52.54743958 -49.45743179 5
v -52.54743958 -49.45743179 -3
v -52.50211334 -48.95189285 -3.50000000
v -52.59025192 -49.44985199 -2.99621940
v -90.90674591 -45.55898285 -3.50000000
v -130.45594788 -22.39655113 -3.50000000
v -130.95405579 -22.35305595 -3
v -130.83134460 -22.59052849 -3.14290261
v -130.95405579 -22.35305595 5
v -130.70863342 -22.82800293 5
v -130.70863342 -22.82800293 6
v -130.70863342 -22.82800293 -3
v -91.15943146 -45.99043274 6
v -91.05508423 -46.02373886 6.02399302
v -91.15943146 -45.99043274 -3
v -91.05508423 -46.02373886 -3.02399254
v -90.95075226 -46.05704117 6
v -52.63306046 -49.44227219 6
v -52.63306046 -49.44227219 -3
v -90.95075226 -46.05704117 -3
v -52.63306046 -49.44227219 5
vt 0.50000000 0.50000000
vt 0.00780894 0.45693886
vt 0.01343490 0.41420543
vt 0.02276392 0.37212497
vt 0.03572499 0.33101770
vt 0.05221947 0.29119653
vt 0.07212184 0.25296444
vt 0.09528061 0.21661243
vt 0.12151954 0.18241718
vt 0.15063894 0.15063894
vt 0.18241718 0.12151954
vt 0.21661243 0.09528061
vt 0.25296444 0.07212184
vt 0.29119653 0.05221947
vt 0.33101770 0.03572499
vt 0.37212497 0.02276392
vt 0.41420543 0.01343490
vt 0.45693886 0.00780894
vt 0.50000000 0.00592885
vt 0.54306114 0.00780894
vt 0.58579457 0.01343490
vt 0.62787503 0.02276392
vt 0.66898227 0.03572499
vt 0.70880347 0.05221947
vt 0.74703556 0.07212184
vt 0.78338754 0.09528061
vt 0.81758279 0.12151954
vt 0.84936106 0.15063894
vt 0.87848043 0.18241718
vt 0.90471941 0.21661243
vt 0.92787814 0.25296444
vt 0.94778055 0.29119653
vt 0.96427500 0.33101770
vt 0.97723609 0.37212497
vt 0.98656511 0.41420543
vt 0.99219108 0.45693886
vt 0.99407113 0.50000000
vt 0.99219108 0.54306114
vt 0.98656511 0.58579457
vt 0.97723609 0.62787503
vt 0.96427500 0.66898227
vt 0.94778055 0.70880347
vt 0.92787814 0.74703556
vt 0.90471941 0.78338754
vt 0.87848043 0.81758279
vt 0.84936106 0.84936106
vt 0.81758279 0.87848043
vt 0.78338754 0.90471941
vt 0.74703556 0.92787814
vt 0.70880347 0.94778055
vt 0.66898227 0.96427500
vt 0.62787503 0.97723609
vt 0.58579457 0.98656511
vt 0.54306114 0.99219108
vt 0.50000000 0.99407113
vt 0.45693886 0.99219108
vt 0.41420543 0.98656511
vt 0.37212497 0.97723609
vt 0.33101770 0.96427500
vt 0.29119653 0.94778055
vt 0.25296444 0.92787814
vt 0.21661243 0.90471941
vt 0.18241718 0.87848043
vt 0.15063894 0.84936106
vt 0.12151954 0.81758279
vt 0.09528061 0.78338754
vt 0.07212184 0.74703556
vt 0.05221947 0.70880347
vt 0.03572499 0.66898227
vt 0.02276392 0.62787503
vt 0.01343490 0.58579457
vt 0.00780894 0.54306114
vt 0.00592885 0.50000000
vt 0 1
vt 0 0
vt 0.01388889 0
vt 0.01388889 1
vt 0.02777778 0
vt 0.02777778 1
vt 0.04166667 0
vt 0.04166667 1
vt 0.05555556 0
vt 0.05555556 1
vt 0.06944445 0
vt 0.06944445 1
vt 0.08333334 0
vt 0.08333334 1
vt 0.09722222 0
vt 0.09722222 1
vt 0.11111111 0
vt 0.11111111 1
vt 0.12500000 0
vt 0.12500000 1
vt 0.13888890 0
vt 0.13888890 1
vt 0.15277778 0
vt 0.15277778 1
vt 0.16666667 0
vt 0.16666667 1
vt 0.18055555 0
vt 0.18055555 1
vt 0.19444445 0
vt 0.19444445 1
vt 0.20833333 0
vt 0.20833333 1
vt 0.22222222 0
vt 0.22222222 1
vt 0.23611110 0
vt 0.23611110 1
vt 0.25000000 0
vt 0.25000000 1
vt 0.26388890 0
vt 0.26388890 1
vt 0.27777779 0
vt 0.27777779 1
vt 0.29166666 0
vt 0.29166666 1
vt 0.30555555 0
vt 0.30555555 1
vt 0.31944445 0
vt 0.31944445 1
vt 0.33333334 0
vt 0.33333334 1
vt 0.34722221 0
vt 0.34722221 1
vt 0.36111110 0
vt 0.36111110 1
vt 0.37500000 0
vt 0.37500000 1
vt 0.38888890 0
vt 0.38888890 1
vt 0.40277779 0
vt 0.40277779 1
vt 0.41666666 0
vt 0.41666666 1
vt 0.43055555 0
vt 0.43055555 1
vt 0.44444445 0
vt 0.44444445 1
vt 0.45833334 0
vt 0.45833334 1
vt 0.47222221 0
vt 0.47222221 1
vt 0.48611110 0
vt 0.48611110 1
vt 0.50000000 0
vt 0.50000000 1
vt 0.51388890 0
vt 0.51388890 1
vt 0.52777779 0
vt 0.52777779 1
vt 0.54166669 0
vt 0.54166669 1
vt 0.55555558 0
vt 0.55555558 1
vt 0.56944442 0
vt 0.56944442 1
vt 0.58333331 0
vt 0.58333331 1
vt 0.59722221 0
vt 0.59722221 1
vt 0.61111110 0
vt 0.61111110 1
vt 0.62500000 0
vt 0.62500000 1
vt 0.63888890 0
vt 0.63888890 1
vt 0.65277779 0
vt 0.65277779 1
vt 0.66666669 0
vt 0.66666669 1
vt 0.68055558 0
vt 0.68055558 1
vt 0.69444442 0
vt 0.69444442 1
vt 0.70833331 0
vt 0.70833331 1
vt 0.72222221 0
vt 0.72222221 1
vt 0.73611110 0
vt 0.73611110 1
vt 0.75000000 0
vt 0.75000000 1
vt 0.76388890 0
vt 0.76388890 1
vt 0.77777779 0
vt 0.77777779 1
vt 0.79166669 0
vt 0.79166669 1
vt 0.80555558 0
vt 0.80555558 1
vt 0.81944442 0
vt 0.81944442 1
vt 0.83333331 0
vt 0.83333331 1
vt 0.84722221 0
vt 0.84722221 1
vt 0.86111110 0
vt 0.86111110 1
vt 0.87500000 0
vt 0.87500000 1
vt 0.88888890 0
vt 0.88888890 1
vt 0.90277779 0
vt 0.90277779 1
vt 0.91666669 0
vt 0.91666669 1
vt 0.93055558 0
vt 0.93055558 1
vt 0.94444442 0
vt 0.94444442 1
vt 0.95833331 0
vt 0.95833331 1
vt 0.97222221 0
vt 0.97222221 1
vt 0.98611110 0
vt 0.98611110 1
vt 0 1
vt 0 0
vt 0.01388889 0
vt 0.01388889 1
vt 0.02777778 0
vt 0.02777778 1
vt 0.04166667 0
vt 0.04166667 1
vt 0.05555556 0
vt 0.05555556 1
vt 0.06944445 0
vt 0.06944445 1
vt 0.08333334 0
vt 0.08333334 1
vt 0.09722222 0
vt 0.09722222 1
vt 0.11111111 0
vt 0.11111111 1
vt 0.12500000 0
vt 0.12500000 1
vt 0.13888890 0
vt 0.13888890 1
vt 0.15277778 0
vt 0.15277778 1
vt 0.16666667 0
vt 0.16666667 1
vt 0.18055555 0
vt 0.18055555 1
vt 0.19444445 0
vt 0.19444445 1
vt 0.20833333 0
vt 0.20833333 1
vt 0.22222222 0
vt 0.22222222 1
vt 0.23611110 0
vt 0.23611110 1
vt 0.25000000 0
vt 0.25000000 1
vt 0.26388890 0
vt 0.26388890 1
vt 0.27777779 0
vt 0.27777779 1
vt 0.29166666 0
vt 0.29166666 1
vt 0.30555555 0
vt 0.30555555 1
vt 0.31944445 0
vt 0.31944445 1
vt 0.33333334 0
vt 0.33333334 1
vt 0.34722221 0
vt 0.34722221 1
vt 0.36111110 0
vt 0.36111110 1
vt 0.37500000 0
vt 0.37500000 1
vt 0.38888890 0
vt 0.38888890 1
vt 0.40277779 0
vt 0.40277779 1
vt 0.41666666 0
vt 0.41666666 1
vt 0.43055555 0
vt 0.43055555 1
vt 0.44444445 0
vt 0.44444445 1
vt 0.45833334 0
vt 0.45833334 1
vt 0.47222221 0
vt 0.47222221 1
vt 0.48611110 0
vt 0.48611110 1
vt 0.50000000 0
vt 0.50000000 1
vt 0.51388890 0
vt 0.51388890 1
vt 0.52777779 0
vt 0.52777779 1
vt 0.54166669 0
vt 0.54166669 1
vt 0.55555558 0
vt 0.55555558 1
vt 0.56944442 0
vt 0.56944442 1
vt 0.58333331 0
vt 0.58333331 1
vt 0.59722221 0
vt 0.59722221 1
vt 0.61111110 0
vt 0.61111110 1
vt 0.62500000 0
vt 0.62500000 1
vt 0.63888890 0
vt 0.63888890 1
vt 0.65277779 0
vt 0.65277779 1
vt 0.66666669 0
vt 0.66666669 1
vt 0.68055558 0
vt 0.68055558 1
vt 0.69444442 0
vt 0.69444442 1
vt 0.70833331 0
vt 0.70833331 1
vt 0.72222221 0
vt 0.72222221 1
vt 0.73611110 0
vt 0.73611110 1
vt 0.75000000 0
vt 0.75000000 1
vt 0.76388890 0
vt 0.76388890 1
vt 0.77777779 0
vt 0.77777779 1
vt 0.79166669 0
vt 0.79166669 1
vt 0.80555558 0
vt 0.80555558 1
vt 0.81944442 0
vt 0.81944442 1
vt 0.83333331 0
vt 0.83333331 1
vt 0.84722221 0
vt 0.84722221 1
vt 0.86111110 0
vt 0.86111110 1
vt 0.87500000 0
vt 0.87500000 1
vt 0.88888890 0
vt 0.88888890 1
vt 0.90277779 0
vt 0.90277779 1
vt 0.91666669 0
vt 0.91666669 1
vt 0.93055558 0
vt 0.93055558 1
vt 0.94444442 0
vt 0.94444442 1
vt 0.95833331 0
vt 0.95833331 1
vt 0.97222221 0
vt 0.97222221 1
vt 0.98611110 0
vt 0.98611110 1
vt 0.08897897 0.81230086
vt 0.09059779 0.81230086
vt 0.09059779 0.65945232
vt 0.16223110 0.81230086
vt 0.16858453 0.81230086
vt 0.16858453 0.65945232
vt 0.17291544 0.81230086
vt 0.17291544 0.65945232
vt 0.18076928 0.79690003
vt 0.17610048 0.67290837
vt 0.23658700 0.81230086
vt 0.23413761 0.78605288
vt 0.23658700 0.65945232
vt 0.22946844 0.66206032
vt 0.24162830 0.81230086
vt 0.24162830 0.65945232
vt 0.30736852 0.81230086
vt 0.31372175 0.81230086
vt 0.31372175 0.65945232
vt 0.75839639 0.81230086
vt 0.76474941 0.81230086
vt 0.76474941 0.65945232
vt 0.83143592 0.81230086
vt 0.83778936 0.81230086
vt 0.83778936 0.65945232
vt 0.08897897 0.65945232
vt 0.09059779 0.62848973
vt 0.15791683 0.65945232
vt 0.16223110 0.65945232
vt 0.16223110 0.62848973
vt 0.16858453 0.62848973
vt 0.17291544 0.62848973
vt 0.23658700 0.62848973
vt 0.24162830 0.62848973
vt 0.30736852 0.65945232
vt 0.31372175 0.62848973
vt 0.37804171 0.65945232
vt 0.38064072 0.65945232
vt 0.38064072 0.62848973
vt 0.38559842 0.65945232
vt 0.38559842 0.62848973
vt 0.61420375 0.65945232
vt 0.61514544 0.65945232
vt 0.61514544 0.62848973
vt 0.62035400 0.65945232
vt 0.62035400 0.62848973
vt 0.62127888 0.65945232
vt 0.62127888 0.62848973
vt 0.68648374 0.65945232
vt 0.69602835 0.65945232
vt 0.69602835 0.62848973
vt 0.75839639 0.65945232
vt 0.76474941 0.62848973
vt 0.76906371 0.65945232
vt 0.76906371 0.62848973
vt 0.83143592 0.65945232
vt 0.83143592 0.62848973
vt 0.83778936 0.62848973
vt 0.84847754 0.65945232
vt 0.84847754 0.62848973
vt 0.91097128 0.65945232
vt 0.91557676 0.65945232
vt 0.91557676 0.62848973
vt 0.08897897 0.62848973
vt 0.09059779 0.49029213
vt 0.15791683 0.62848973
vt 0.16223110 0.49029213
vt 0.16858453 0.49029213
vt 0.24162830 0.49029213
vt 0.30736852 0.62848973
vt 0.31372175 0.49029213
vt 0.37804171 0.62848973
vt 0.38064072 0.49029213
vt 0.38559842 0.49029213
vt 0.61420375 0.62848973
vt 0.61514544 0.49029213
vt 0.62035400 0.49029213
vt 0.62127888 0.49029213
vt 0.68648374 0.62848973
vt 0.69602835 0.49029213
vt 0.75839639 0.62848973
vt 0.76474941 0.49029213
vt 0.76906371 0.49029213
vt 0.82561666 0.62577063
vt 0.83143592 0.49029213
vt 0.83028585 0.50177896
vt 0.77691787 0.49093089
vt 0.77224874 0.61492258
vt 0.83778936 0.49029213
vt 0.91097128 0.62848973
vt 0.91557676 0.49029213
vt 0.08897897 0.49029213
vt 0.09059779 0.45932955
vt 0.15791683 0.49029213
vt 0.16223110 0.45932955
vt 0.16858453 0.45932955
vt 0.17291544 0.49029213
vt 0.17291544 0.45932955
vt 0.23658700 0.49029213
vt 0.23658700 0.45932955
vt 0.24162830 0.45932955
vt 0.30736852 0.49029213
vt 0.31372175 0.45932955
vt 0.37804171 0.49029213
vt 0.38064072 0.45932955
vt 0.38559842 0.45932955
vt 0.61420375 0.49029213
vt 0.61514544 0.45932955
vt 0.62035400 0.45932955
vt 0.62127888 0.45932955
vt 0.68648374 0.49029213
vt 0.69602835 0.45932955
vt 0.75839639 0.49029213
vt 0.76474941 0.45932955
vt 0.76906371 0.45932955
vt 0.83143592 0.45932955
vt 0.83778936 0.45932955
vt 0.84847754 0.49029213
vt 0.84847754 0.45932955
vt 0.91097128 0.49029213
vt 0.91557676 0.45932955
vt 0.15791683 0.45932955
vt 0.16223110 0.30335334
vt 0.37804171 0.45932955
vt 0.38064072 0.30335334
vt 0.62127888 0.30335334
vt 0.76906371 0.30335334
vt 0.84847754 0.30335334
vt 0.91097128 0.45932955
vt 0.91557676 0.30335334
vt 0.15791683 0.30335334
vt 0.16223110 0.24477631
vt 0.23658700 0.30335334
vt 0.24162830 0.30335334
vt 0.24162830 0.24477631
vt 0.30736852 0.30335334
vt 0.30736852 0.24477631
vt 0.62035400 0.30335334
vt 0.62127888 0.24477631
vt 0.69602835 0.30335334
vt 0.75839639 0.30335334
vt 0.75839639 0.24477631
vt 0.76474941 0.30335334
vt 0.76474941 0.24477631
vt 0.76906371 0.24477631
vt 0.83143592 0.30335334
vt 0.83778936 0.30335334
vt 0.83778936 0.24477631
vt 0.84847754 0.24477631
vt 0.53889298 0.30335334
vt 0.55226660 0.30335334
vt 0.55226660 0.24477631
vt 0.53889298 0.45932955
vt 0.55226660 0.45932955
vt 0.53889298 0.49029213
vt 0.55226660 0.49029213
vt 0.61514544 0.81230086
vt 0.61420375 0.81230086
vt 0.61420375 0.94235158
vt 0.98837411 0.45932955
vt 0.97849983 0.45225590
vt 0.99407113 0.30744976
vt 0.98316902 0.32826424
vt 0.99100560 0.30335334
vt 0.92980105 0.31741616
vt 0.92513186 0.44140783
vt 0.94716972 0.24477631
vt 0.91097128 0.24477631
vt 0.91557676 0.24477631
vt 0.91557676 0.20255919
vt 0.91097128 0.19640499
vt 0.84847754 0.11289581
vt 0.84514320 0.10844015
vt 0.76906371 0.09276295
vt 0.68648374 0.24477631
vt 0.69602835 0.24477631
vt 0.69911051 0.07834816
vt 0.61514544 0.24477631
vt 0.62035400 0.24477631
vt 0.61550099 0.02827364
vt 0.38064072 0.24477631
vt 0.38312414 0.02849193
vt 0.37804171 0.03119835
vt 0.16223110 0.10773895
vt 0.15791683 0.10862449
vt 0.15791683 0.24477631
vt 0.15330426 0.10957126
vt 0.09059779 0.19489516
vt 0.09059779 0.24477631
vt 0.08897897 0.19709788
vt 0.02641080 0.45932955
vt 0.01153738 0.45932955
vt 0.01270108 0.49029213
vt 0.02641080 0.62848973
vt 0.01789511 0.62848973
vt 0.01905881 0.65945232
vt 0.02641080 0.65945232
vt 0.02480347 0.81230086
vt 0.16858453 0.99094117
vt 0.17291544 0.99072683
vt 0.61451787 0.76237166
vt 0.61390102 0.76296526
vt 0.61511004 0.76165545
vt 0.61390102 0.72954834
vt 0.61451787 0.73014194
vt 0.89796191 0.25861865
vt 0.89832062 0.25731042
vt 0.91097128 0.30335334
vt 0.90260893 0.28468397
vt 0.90197217 0.28421754
vt 0.90392268 0.28522217
vt 0.90326077 0.28501973
vt 0.90525675 0.24979593
vt 0.90591866 0.24999839
vt 0.90326077 0.24999839
vt 0.90392268 0.24979593
vt 0.89917815 0.25493613
vt 0.89967036 0.25388819
vt 0.89872706 0.25607979
vt 0.90135539 0.28362393
vt 0.90657049 0.28468397
vt 0.90591866 0.28501973
vt 0.90458971 0.24972826
vt 0.89719737 0.26290706
vt 0.89739811 0.26142767
vt 0.89696568 0.26595935
vt 0.89705288 0.26442146
vt 0.89696568 0.26905876
vt 0.89719737 0.27211106
vt 0.89705288 0.27059665
vt 0.89967036 0.28112993
vt 0.89917815 0.28008196
vt 0.90525675 0.28522217
vt 0.90458971 0.28528985
vt 0.90720725 0.28421754
vt 0.90841627 0.28290766
vt 0.90782410 0.28362393
vt 0.90897936 0.25294387
vt 0.90950906 0.25388819
vt 0.90782410 0.25139418
vt 0.90841627 0.25211045
vt 0.90657049 0.25033414
vt 0.90720725 0.25080058
vt 0.90135539 0.25139418
vt 0.90197217 0.25080058
vt 0.89765364 0.25999457
vt 0.90020007 0.28207421
vt 0.91000128 0.25493613
vt 0.91045237 0.25607979
vt 0.90260893 0.25033414
vt 0.89693660 0.26750904
vt 0.90076315 0.28290766
vt 0.90020007 0.25294387
vt 0.90076315 0.25211045
vt 0.89832062 0.27770770
vt 0.89796191 0.27639943
vt 0.90950906 0.28112993
vt 0.90897936 0.28207421
vt 0.89872706 0.27893832
vt 0.91045237 0.27893832
vt 0.91000128 0.28008196
vt 0.89765364 0.27502355
vt 0.89739811 0.27359045
vt 0.91085881 0.27770770
vt 0.91085881 0.25731042
vt 0.91198206 0.27211106
vt 0.91178131 0.27359045
vt 0.91212660 0.26442146
vt 0.91221374 0.26595935
vt 0.91178131 0.26142767
vt 0.91198206 0.26290706
vt 0.91121751 0.25861865
vt 0.91212660 0.27059665
vt 0.91224283 0.26750904
vt 0.91221374 0.26905876
vt 0.91152579 0.25999457
vt 0.91121751 0.27639943
vt 0.91152579 0.27502355
vt 0.61480248 0.21992141
vt 0.61465794 0.22143582
vt 0.61491871 0.21683380
vt 0.61488962 0.21838351
vt 0.61514544 0.02820125
vt 0.61488962 0.21528411
vt 0.61480248 0.21374620
vt 0.61445719 0.22291519
vt 0.61420166 0.22434829
vt 0.61445719 0.21075241
vt 0.61465794 0.21223180
vt 0.61420375 0.02800949
vt 0.61420166 0.20931932
vt 0.38401464 0.21706219
vt 0.38410178 0.21552429
vt 0.38401464 0.22016159
vt 0.38398552 0.21861188
vt 0.38444707 0.22469327
vt 0.38424629 0.22321390
vt 0.38410178 0.22169949
vt 0.38470256 0.22612637
vt 0.38470256 0.21109739
vt 0.38501084 0.20972149
vt 0.38424629 0.21400988
vt 0.38444707 0.21253049
vt 0.38501084 0.22750227
vt 0.38559842 0.24477631
vt 0.38536957 0.22881052
vt 0.39097163 0.23632501
vt 0.39030969 0.23612255
vt 0.39230567 0.23632501
vt 0.39163867 0.23639268
vt 0.46115232 0.24477631
vt 0.39361942 0.23578681
vt 0.39296761 0.23612255
vt 0.41704017 0.17057618
vt 0.39705023 0.20603897
vt 0.39750129 0.20718262
vt 0.39546522 0.20321326
vt 0.39602831 0.20404671
vt 0.38965788 0.23578681
vt 0.38902113 0.23532036
vt 0.39602831 0.23317705
vt 0.39546522 0.23401050
vt 0.39917552 0.22169949
vt 0.39903101 0.22321390
vt 0.46115232 0.22543477
vt 0.39926267 0.22016159
vt 0.39926267 0.21706219
vt 0.39929178 0.21861188
vt 0.39655799 0.20499101
vt 0.41237098 0.04658452
vt 0.39163867 0.20083109
vt 0.39230567 0.20089875
vt 0.38781208 0.23401050
vt 0.38724899 0.23317705
vt 0.39487299 0.23472676
vt 0.39425617 0.23532036
vt 0.39655799 0.23223276
vt 0.39750129 0.23004115
vt 0.39705023 0.23118480
vt 0.39857474 0.22612637
vt 0.39826646 0.22750227
vt 0.39883024 0.22469327
vt 0.39826646 0.20972149
vt 0.39857474 0.21109739
vt 0.39296761 0.20110123
vt 0.39097163 0.20089875
vt 0.38902113 0.20190340
vt 0.38965788 0.20143695
vt 0.38840431 0.23472676
vt 0.39790773 0.22881052
vt 0.39883024 0.21253049
vt 0.39790773 0.20841324
vt 0.39361942 0.20143695
vt 0.39425617 0.20190340
vt 0.38840431 0.20249702
vt 0.39917552 0.21552429
vt 0.39903101 0.21400988
vt 0.39487299 0.20249702
vt 0.39030969 0.20110123
vt 0.38781208 0.20321326
vt 0.38536957 0.20841324
vt 0.38577601 0.20718262
vt 0.38671932 0.23223276
vt 0.38622707 0.23118480
vt 0.38671932 0.20499101
vt 0.38724899 0.20404671
vt 0.38622707 0.20603897
vt 0.38577601 0.23004115
vt 0.49963573 0.19911383
vt 0.47040850 0.15972902
vt 0.49286687 0.00614634
vt 0.46573931 0.03573646
vt 0.50576258 0.00592885
vt 0.08897897 0.30335334
vt 0.09010532 0.28690836
vt 0.08954223 0.28607491
vt 0.09059779 0.30335334
vt 0.09069753 0.28762460
vt 0.05393901 0.24477631
vt 0.08730408 0.26261935
vt 0.08766280 0.26131108
vt 0.08852030 0.25893682
vt 0.08901254 0.25788885
vt 0.08806925 0.26008046
vt 0.08630788 0.26996005
vt 0.08639502 0.26842213
vt 0.02641080 0.28223360
vt 0.02641080 0.30335334
vt 0.08639502 0.27459735
vt 0.08653952 0.26690772
vt 0.08674029 0.26542833
vt 0.08653952 0.27611175
vt 0.08699579 0.26399523
vt 0.08630788 0.27305943
vt 0.08627875 0.27150974
vt 0.08766280 0.28170836
vt 0.08730408 0.28040013
vt 0.08901254 0.28513062
vt 0.08699579 0.27902421
vt 0.08674029 0.27759111
vt 0.08806925 0.28293899
vt 0.08852030 0.28408265
vt 0.08897897 0.24477631
vt 0.09010532 0.25611112
vt 0.09069753 0.25539488
vt 0.08954223 0.25694457
vt 0.09326487 0.28922287
vt 0.09260293 0.28902039
vt 0.09195110 0.28868467
vt 0.09591266 0.28868467
vt 0.09526084 0.28902039
vt 0.09716623 0.28762460
vt 0.09654941 0.28821820
vt 0.10132424 0.27611175
vt 0.10112347 0.27759111
vt 0.10146874 0.26842213
vt 0.10155589 0.26996005
vt 0.10112347 0.26542833
vt 0.10132424 0.26690772
vt 0.10020096 0.26131108
vt 0.10055969 0.26261935
vt 0.09459890 0.25379661
vt 0.09526084 0.25399908
vt 0.09131435 0.28821820
vt 0.09459890 0.28922287
vt 0.09393188 0.28929052
vt 0.09775845 0.28690836
vt 0.09979452 0.28293899
vt 0.09934346 0.28408265
vt 0.10055969 0.28040013
vt 0.10020096 0.28170836
vt 0.10146874 0.27459735
vt 0.10158501 0.27150974
vt 0.10086797 0.26399523
vt 0.09591266 0.25433481
vt 0.09393188 0.25372896
vt 0.09260293 0.25399908
vt 0.09326487 0.25379661
vt 0.10086797 0.27902421
vt 0.10155589 0.27305943
vt 0.09832153 0.25694457
vt 0.09885122 0.25788885
vt 0.09716623 0.25539488
vt 0.09775845 0.25611112
vt 0.09654941 0.25480124
vt 0.09131435 0.25480124
vt 0.09885122 0.28513062
vt 0.09832153 0.28607491
vt 0.09934346 0.25893682
vt 0.09979452 0.26008046
vt 0.09195110 0.25433481
vt 0.16973040 0.50374818
vt 0.17439957 0.62773985
vt 0.22309835 0.49290010
vt 0.22776753 0.61689180
vt 0.16743867 0.95801711
vt 0.11407071 0.96886516
vt 0.15791683 0.99146897
vt 0.16276950 0.83402544
vt 0.15791683 0.81230086
vt 0.16802949 0.45857963
vt 0.16336031 0.33458796
vt 0.21672827 0.32373992
vt 0.17291544 0.30335334
vt 0.62084913 0.18242531
vt 0.68648374 0.07047324
vt 0.68646097 0.09441485
vt 0.62723279 0.03352034
vt 0.63471472 0.06220050
vt 0.67259580 0.21463965
vt 0.23658700 0.24477631
vt 0.24143067 0.24018443
vt 0.23676150 0.11619276
vt 0.23658700 0.09247677
vt 0.29479861 0.22933637
vt 0.29952982 0.07955722
vt 0.29012945 0.10534470
vt 0.24162830 0.09144200
vt 0.32028699 0.61548889
vt 0.37455332 0.62848973
vt 0.37571919 0.65945232
vt 0.10773392 0.80059046
vt 0.10306475 0.67659879
vt 0.10393534 0.80036187
vt 0.09919077 0.79522163
vt 0.09985271 0.79542410
vt 0.09785675 0.79522163
vt 0.09852376 0.79515398
vt 0.09225468 0.80273610
vt 0.09266112 0.80150551
vt 0.10438640 0.80150551
vt 0.10291342 0.79836959
vt 0.10344309 0.79931390
vt 0.09719481 0.79542410
vt 0.09528941 0.79681993
vt 0.09590624 0.79622626
vt 0.09413411 0.79836959
vt 0.09469719 0.79753613
vt 0.09311218 0.80036187
vt 0.09360442 0.79931390
vt 0.09189595 0.80404437
vt 0.10175811 0.79681993
vt 0.10235032 0.79753613
vt 0.09654298 0.79575986
vt 0.09158767 0.80542028
vt 0.09089975 0.81138510
vt 0.09098690 0.80984718
vt 0.10050453 0.79575986
vt 0.10114128 0.79622626
vt 0.09113140 0.80833274
vt 0.09133217 0.80685335
vt 0.10479283 0.80273610
vt 0.10515156 0.80404437
vt 0.09087063 0.81293476
vt 0.10545985 0.80542028
vt 0.10614777 0.81138510
vt 0.10617689 0.81293476
vt 0.10591611 0.80833274
vt 0.16110188 0.78974241
vt 0.10606062 0.80984718
vt 0.10571535 0.80685335
vt 0.15643270 0.66575074
vt 0.08296379 0.65792716
vt 0.02641080 0.81230086
vt 0.03426463 0.79276693
vt 0.02959584 0.66877526
vt 0.08763297 0.78191972
vt 0.76587862 0.78408366
vt 0.77054781 0.66009110
vt 0.76906371 0.81230086
vt 0.82391578 0.67093915
vt 0.81924701 0.79493082
vt 0.67974573 0.61307693
vt 0.67507654 0.73706859
vt 0.62637776 0.60222888
vt 0.68144661 0.56790835
vt 0.68648374 0.45932955
vt 0.62807870 0.55706030
vt 0.63274783 0.43306866
vt 0.68781674 0.39874730
vt 0.69248587 0.27475563
vt 0.68611580 0.44391581
vt 0.63444877 0.38790011
vt 0.63911754 0.26390755
vt 0.75839639 0.45932955
vt 0.70388216 0.48724049
vt 0.69921339 0.61123306
vt 0.75258136 0.62208110
vt 0.75725049 0.49808854
vt 0.71025223 0.31808028
vt 0.70558310 0.44207284
vt 0.75895143 0.45292002
vt 0.76362020 0.32892835
vt 0.75954223 0.95235837
vt 0.76474941 0.98552459
vt 0.76906371 0.98573810
vt 0.76421142 0.82836580
vt 0.75839639 0.98521024
vt 0.81757939 0.83921391
vt 0.83143592 0.98881245
vt 0.81291020 0.96320558
vt 0.82159036 0.98833710
vt 0.82992464 0.25380719
vt 0.77655667 0.24295911
vt 0.83143592 0.24477631
vt 0.83143592 0.10561559
vt 0.78122586 0.11896745
vt 0.83778936 0.10692481
vt 0.83459383 0.12981550
vt 0.83892280 0.78755182
vt 0.84847754 0.81230086
vt 0.84359157 0.66356015
vt 0.90219545 0.79344356
vt 0.90285742 0.79364604
vt 0.89695990 0.67440820
vt 0.89229077 0.79839987
vt 0.89611691 0.79858375
vt 0.89525938 0.80095804
vt 0.89566582 0.79972744
vt 0.90694004 0.79858375
vt 0.90739113 0.79972744
vt 0.90591812 0.79659152
vt 0.90644783 0.79753584
vt 0.90152848 0.79337591
vt 0.90019953 0.79364604
vt 0.90086144 0.79344356
vt 0.89829409 0.79504180
vt 0.89891094 0.79444820
vt 0.89713883 0.79659152
vt 0.89770192 0.79575807
vt 0.89660913 0.79753584
vt 0.89490068 0.80226630
vt 0.91097128 0.81230086
vt 0.90872008 0.80507529
vt 0.90476280 0.79504180
vt 0.90535504 0.79575807
vt 0.89954770 0.79398179
vt 0.89459234 0.80364221
vt 0.90906531 0.80806911
vt 0.90915245 0.80960697
vt 0.90892082 0.80655468
vt 0.90779752 0.80095804
vt 0.90815628 0.80226630
vt 0.90350926 0.79398179
vt 0.90414602 0.79444820
vt 0.90846455 0.80364221
vt 0.89413613 0.80655468
vt 0.89433688 0.80507529
vt 0.89390445 0.80960697
vt 0.89399159 0.80806911
vt 0.89390445 0.81270641
vt 0.89387536 0.81115669
vt 0.90918159 0.81115669
vt 0.90915245 0.81270641
vt 0.90503055 0.46007943
vt 0.90969974 0.33608779
vt 0.85633177 0.32523972
vt 0.85166258 0.44923139
vt 0.23641251 0.33134031
vt 0.28978086 0.32049224
vt 0.29444963 0.44448480
vt 0.30736852 0.45932955
vt 0.24108168 0.45533198
vt 0.22139744 0.44773158
vt 0.91072410 0.82401133
vt 0.96409243 0.83485937
vt 0.91557676 0.81230086
vt 0.96868861 0.98413718
vt 0.97513419 0.81230086
vt 0.95942324 0.95885104
vt 0.56649089 0.24936821
vt 0.61985880 0.26021627
vt 0.61420375 0.24477631
vt 0.61518967 0.38420793
vt 0.61420375 0.45932955
vt 0.60593665 0.23434447
vt 0.59972876 0.21374620
vt 0.59987324 0.21223180
vt 0.59964162 0.21838351
vt 0.59961247 0.21683380
vt 0.60032952 0.22434829
vt 0.60007399 0.22291519
vt 0.60659862 0.23454693
vt 0.60793263 0.23454693
vt 0.60726559 0.23461460
vt 0.59964162 0.21528411
vt 0.59972876 0.21992141
vt 0.59987324 0.22143582
vt 0.60924637 0.23400873
vt 0.60859454 0.23434447
vt 0.58156753 0.17030415
vt 0.60099655 0.20663516
vt 0.60140294 0.20540453
vt 0.60032952 0.20931932
vt 0.60063779 0.20794341
vt 0.60007399 0.21075241
vt 0.60063779 0.22572421
vt 0.60528481 0.23400873
vt 0.60464805 0.23354228
vt 0.61165524 0.23139897
vt 0.61109215 0.23223242
vt 0.60793263 0.19912067
vt 0.60859454 0.19932315
vt 0.60659862 0.19912067
vt 0.60726559 0.19905302
vt 0.60464805 0.20012532
vt 0.60528481 0.19965889
vt 0.60234624 0.20321293
vt 0.60287595 0.20226863
vt 0.60185403 0.20426089
vt 0.60343903 0.23223242
vt 0.60287595 0.23139897
vt 0.61049998 0.23294868
vt 0.60988313 0.23354228
vt 0.61218494 0.23045468
vt 0.61312824 0.22826308
vt 0.61267716 0.22940671
vt 0.61389339 0.22572421
vt 0.61353469 0.22703244
vt 0.61267716 0.20426089
vt 0.61312824 0.20540453
vt 0.60403126 0.20071894
vt 0.60140294 0.22826308
vt 0.60099655 0.22703244
vt 0.60234624 0.23045468
vt 0.60185403 0.22940671
vt 0.60403126 0.23294868
vt 0.61218494 0.20321293
vt 0.61109215 0.20143519
vt 0.61165524 0.20226863
vt 0.60593665 0.19932315
vt 0.60343903 0.20143519
vt 0.60924637 0.19965889
vt 0.60988313 0.20012532
vt 0.61353469 0.20663516
vt 0.61049998 0.20071894
vt 0.58623672 0.04631248
vt 0.61389339 0.20794341
vt 0.55226660 0.01539793
vt 0.53286874 0.03546442
vt 0.52819955 0.15945697
vt 0.53889298 0.22436194
vt 0.53889298 0.24477631
vt 0.38483503 0.38639852
vt 0.37804171 0.30335334
vt 0.38016585 0.26240686
vt 0.37804171 0.24477631
vt 0.43353379 0.25155881
vt 0.31858608 0.57032037
vt 0.31391728 0.44632778
vt 0.36728525 0.43548062
vt 0.37195441 0.55947226
vt 0.37365532 0.60464084
vt 0.31221637 0.40116012
vt 0.30754721 0.27716759
vt 0.31372175 0.24477631
vt 0.36091515 0.26631951
vt 0.36558434 0.39031208
vt 0.25136828 0.98693269
vt 0.26015827 0.96192801
vt 0.30736852 0.97554910
vt 0.31352621 0.95107996
vt 0.25548908 0.83793545
vt 0.32397580 0.97217321
vt 0.30885741 0.82708830
vt 0.30252063 0.65881354
vt 0.25382185 0.79365325
vt 0.24915268 0.66966158
vt 0.30718979 0.78280520
vt 0.29615054 0.48965335
vt 0.30081972 0.61364502
vt 0.24745177 0.62449306
vt 0.24278259 0.50050050
vt 0.83258599 0.95582652
vt 0.83778936 0.98911917
vt 0.84847754 0.98963523
vt 0.83725518 0.83183485
vt 0.89062315 0.84268290
vt 0.89660913 0.82477754
vt 0.89611691 0.82372957
vt 0.90605527 0.94800389
vt 0.90476280 0.82727158
vt 0.90694004 0.82372957
vt 0.90892082 0.81575871
vt 0.90872008 0.81723809
vt 0.90906531 0.81424427
vt 0.89713883 0.82572186
vt 0.88595396 0.96667457
vt 0.89470726 0.99186718
vt 0.90739113 0.82258594
vt 0.90815628 0.82004708
vt 0.90779752 0.82135534
vt 0.89770192 0.82655531
vt 0.90019953 0.82866734
vt 0.89954770 0.82833159
vt 0.90535504 0.82655531
vt 0.90644783 0.82477754
vt 0.90591812 0.82572186
vt 0.90846455 0.81867117
vt 0.89525938 0.82135534
vt 0.89490068 0.82004708
vt 0.89566582 0.82258594
vt 0.89891094 0.82786518
vt 0.89829409 0.82727158
vt 0.90086144 0.82886982
vt 0.90219545 0.82886982
vt 0.90152848 0.82893747
vt 0.90350926 0.82833159
vt 0.90285742 0.82866734
vt 0.90414602 0.82786518
vt 0.89413613 0.81575871
vt 0.89399159 0.81424427
vt 0.89459234 0.81867117
vt 0.89433688 0.81723809
vt 0.43990389 0.42071989
vt 0.44457307 0.54471153
vt 0.46115232 0.49029213
vt 0.39120510 0.55555964
vt 0.38653594 0.43156707
vt 0.43820298 0.37555134
vt 0.46115232 0.30335334
vt 0.46115232 0.45932955
vt 0.31214711 0.09564795
vt 0.37775931 0.18365841
vt 0.37140134 0.03473437
vt 0.32601267 0.21587275
vt 0.36389375 0.06343449
vt 0.31372175 0.07070639
vt 0.39290601 0.60072815
vt 0.44627398 0.58988011
vt 0.46115232 0.62848973
vt 0.45094314 0.71387178
vt 0.46115232 0.65945232
vt 0.56012076 0.41852930
vt 0.61348873 0.42937648
vt 0.61420375 0.38400754
vt 0.56182170 0.37336075
vt 0.60881954 0.55336905
vt 0.53889298 0.73194903
vt 0.53254074 0.90315616
vt 0.54274511 0.87995589
vt 0.55226660 0.91469705
vt 0.53264457 0.90593588
vt 0.59611309 0.89080393
vt 0.60078228 0.76681137
vt 0.01685567 0.33045483
vt 0.01088943 0.30335334
vt 0.02152485 0.45444649
vt 0.00592885 0.31010315
vt 0.07489280 0.44359842
vt 0.07022363 0.31960675
vt 0.08897897 0.45932955
vt 0.68648374 0.81230086
vt 0.67605871 0.96996951
vt 0.68650651 0.94866800
vt 0.69117570 0.82467633
vt 0.74454361 0.83552349
vt 0.74866515 0.98472875
vt 0.73987448 0.95951605
vt 0.69602835 0.81230086
vt 0.32662377 0.78376359
vt 0.37999174 0.77291554
vt 0.37832412 0.72863251
vt 0.32495615 0.73948056
vt 0.37804171 0.72113264
vt 0.38111559 0.74847943
vt 0.38114473 0.74692971
vt 0.38494217 0.73308080
vt 0.38553438 0.73236454
vt 0.38384938 0.73485851
vt 0.38437909 0.73391426
vt 0.38123187 0.74539179
vt 0.38114473 0.75002909
vt 0.38290608 0.73705012
vt 0.38335714 0.73590648
vt 0.38157713 0.74239802
vt 0.38183263 0.74096489
vt 0.38214093 0.73958904
vt 0.38249967 0.73828077
vt 0.38137639 0.74387741
vt 0.38123187 0.75156701
vt 0.38157713 0.75456077
vt 0.38137639 0.75308138
vt 0.38183263 0.75599390
vt 0.38214093 0.75736982
vt 0.38290608 0.75990868
vt 0.38249967 0.75867802
vt 0.38384938 0.76210028
vt 0.38335714 0.76105231
vt 0.38559842 0.81230086
vt 0.38553438 0.76459426
vt 0.38494217 0.76387805
vt 0.38437909 0.76304460
vt 0.38466090 0.89690721
vt 0.38559842 0.94388187
vt 0.33129296 0.90775526
vt 0.37804171 0.94735122
vt 0.89866084 0.62923968
vt 0.84529251 0.61839157
vt 0.84996170 0.49439994
vt 0.90333003 0.50524801
vt 0.02789493 0.62360668
vt 0.02322576 0.49961504
vt 0.02641080 0.49029213
vt 0.07659371 0.48876697
vt 0.08126289 0.61275864
vt 0.22217998 0.24409708
vt 0.16858453 0.30335334
vt 0.16881202 0.25494516
vt 0.16414285 0.13095348
vt 0.21751080 0.12010542
vt 0.17291544 0.10554589
vt 0.77861881 0.44576237
vt 0.83198678 0.45661041
vt 0.78328800 0.32177070
vt 0.83665591 0.33261874
vt 0.60711867 0.59853756
vt 0.60244989 0.72252923
vt 0.61061651 0.76396996
vt 0.60995454 0.76376748
vt 0.61195052 0.76396996
vt 0.61128348 0.76403761
vt 0.61326426 0.76343173
vt 0.61261243 0.76376748
vt 0.61128348 0.72847599
vt 0.61195052 0.72854370
vt 0.60636413 0.73263592
vt 0.60689384 0.73169166
vt 0.60930270 0.76343173
vt 0.60866594 0.76296526
vt 0.61061651 0.72854370
vt 0.60866594 0.72954834
vt 0.60930270 0.72908187
vt 0.60804915 0.73014194
vt 0.60745692 0.73085821
vt 0.60542083 0.73482752
vt 0.60587192 0.73368388
vt 0.60542083 0.75768608
vt 0.60501444 0.75645542
vt 0.60636413 0.75987768
vt 0.60587192 0.75882971
vt 0.60745692 0.76165545
vt 0.60689384 0.76082200
vt 0.60804915 0.76237166
vt 0.60995454 0.72874618
vt 0.60465568 0.73736644
vt 0.60501444 0.73605818
vt 0.60409188 0.74017543
vt 0.60434741 0.73874229
vt 0.60365951 0.74470711
vt 0.60374665 0.74316919
vt 0.60365951 0.74780649
vt 0.60363036 0.74625683
vt 0.54741430 0.75596422
vt 0.60409188 0.75233817
vt 0.60389113 0.75085878
vt 0.60434741 0.75377131
vt 0.60389113 0.74165481
vt 0.60465568 0.75514722
vt 0.60374665 0.74934441
vt 0.61261243 0.72874618
vt 0.61326426 0.72908187
vt 0.54908150 0.71168119
vt 0.53889298 0.65945232
vt 0.53889298 0.62848973
vt 0.55104834 0.65945232
vt 0.55226660 0.62710124
vt 0.55221426 0.62848973
vt 0.55375069 0.58768952
vt 0.55545163 0.54252094
vt 0.69284332 0.78039324
vt 0.69751245 0.65640157
vt 0.74621123 0.79124129
vt 0.75088042 0.66724879
vt 0.67340928 0.78135163
vt 0.66874015 0.90534329
vt 0.61537218 0.89449525
vt 0.62035400 0.94509763
vt 0.62127888 0.94551063
vt 0.61514544 0.94277209
vt 0.62004095 0.77050358
vt 0.61890751 0.74780649
vt 0.61882037 0.74934441
vt 0.61890751 0.74470711
vt 0.61893660 0.74625683
vt 0.61567312 0.76082200
vt 0.61882037 0.74316919
vt 0.61620283 0.75987768
vt 0.61714613 0.75768608
vt 0.61669505 0.75882971
vt 0.61821961 0.75377131
vt 0.61791128 0.75514722
vt 0.61867583 0.75085878
vt 0.61847508 0.75233817
vt 0.61755258 0.75645542
vt 0.61847508 0.74017543
vt 0.61867583 0.74165481
vt 0.61714613 0.73482752
vt 0.61755258 0.73605818
vt 0.61567312 0.73169166
vt 0.61620283 0.73263592
vt 0.61511004 0.73085821
vt 0.61791128 0.73736644
vt 0.61821961 0.73874229
vt 0.61669505 0.73368388
vt 0.62170857 0.72622055
vt 0.62127888 0.77075523
vt 0.46745646 0.90630037
vt 0.46749017 0.90539455
vt 0.45727956 0.88214648
vt 0.40391159 0.89299452
vt 0.46115232 0.73414034
vt 0.45261037 0.75815481
vt 0.39924243 0.76900285
vt 0.39639273 0.74692971
vt 0.39642185 0.74847943
vt 0.38810173 0.76619256
vt 0.38743979 0.76599008
vt 0.38943574 0.76619256
vt 0.38876873 0.76626021
vt 0.39259529 0.76387805
vt 0.39200309 0.76459426
vt 0.39639273 0.75002909
vt 0.39630559 0.75156701
vt 0.39074951 0.76565433
vt 0.39009768 0.76599008
vt 0.39315838 0.76304460
vt 0.39757481 0.72471982
vt 0.39315838 0.73391426
vt 0.39368805 0.73485851
vt 0.39200309 0.73236454
vt 0.39259529 0.73308080
vt 0.38678795 0.76565433
vt 0.38615119 0.76518786
vt 0.39368805 0.76210028
vt 0.39463136 0.75990868
vt 0.39418030 0.76105231
vt 0.39570484 0.75599390
vt 0.39539653 0.75736982
vt 0.39138624 0.73177093
vt 0.38876873 0.73069859
vt 0.38943574 0.73076630
vt 0.39616108 0.75308138
vt 0.39596033 0.75456077
vt 0.39630559 0.74539179
vt 0.39138624 0.76518786
vt 0.39503780 0.75867802
vt 0.39463136 0.73705012
vt 0.39503780 0.73828077
vt 0.39009768 0.73096877
vt 0.39074951 0.73130447
vt 0.38810173 0.73076630
vt 0.38615119 0.73177093
vt 0.38678795 0.73130447
vt 0.39596033 0.74239802
vt 0.39616108 0.74387741
vt 0.39418030 0.73590648
vt 0.38743979 0.73096877
vt 0.39570484 0.74096489
vt 0.39539653 0.73958904
vt 0.08930021 0.82620192
vt 0.09360442 0.82655567
vt 0.09311218 0.82550770
vt 0.10940154 0.84487349
vt 0.09654298 0.83010972
vt 0.09590624 0.82964325
vt 0.09413411 0.82749993
vt 0.09719481 0.83044541
vt 0.10114128 0.82964325
vt 0.10050453 0.83010972
vt 0.09469719 0.82833338
vt 0.09785675 0.83064789
vt 0.09919077 0.83064789
vt 0.09852376 0.83071554
vt 0.09985271 0.83044541
vt 0.10235032 0.82833338
vt 0.10175811 0.82904965
vt 0.10515156 0.82182515
vt 0.09266112 0.82436407
vt 0.09528941 0.82904965
vt 0.10438640 0.82436407
vt 0.10393534 0.82550770
vt 0.10479283 0.82313341
vt 0.10591611 0.81753677
vt 0.10571535 0.81901616
vt 0.09225468 0.82313341
vt 0.09189595 0.82182515
vt 0.10344309 0.82655567
vt 0.10291342 0.82749993
vt 0.10545985 0.82044923
vt 0.10614777 0.81448448
vt 0.10606062 0.81602240
vt 0.09089975 0.81448448
vt 0.09113140 0.81753677
vt 0.09098690 0.81602240
vt 0.09158767 0.82044923
vt 0.09133217 0.81901616
vt 0.09396938 0.95019448
vt 0.10532634 0.99407113
vt 0.04060142 0.96104163
vt 0.08897897 0.99236310
vt 0.02641080 0.85506713
vt 0.03134460 0.98634106
vt 0.03593225 0.83704996
vt 0.23580523 0.83033502
vt 0.24047402 0.95432758
vt 0.17825182 0.99046278
vt 0.18710606 0.96517479
vt 0.18243688 0.84118313
vt 0.23658700 0.98764634
vt 0.76187986 0.11503523
vt 0.75721073 0.23902689
vt 0.76474941 0.09187394
vt 0.75839639 0.09056481
vt 0.70851195 0.10418717
vt 0.70384276 0.22817883
vt 0.10136384 0.63143027
vt 0.15006301 0.49659052
vt 0.15473180 0.62058216
vt 0.09669466 0.50743860
vt 0.91239172 0.77972913
vt 0.98202896 0.62848973
vt 0.91706085 0.65573657
vt 0.98086751 0.65945232
vt 0.97042882 0.66658467
vt 0.96576005 0.79057634
vt 0.92343098 0.48657638
vt 0.97212976 0.62141609
vt 0.98721272 0.49029213
vt 0.97679889 0.49742442
vt 0.91876179 0.61056805
vt 0.09499376 0.46227005
vt 0.09032496 0.33827749
vt 0.14369291 0.32743031
vt 0.14836209 0.45142198
vt 0.16858453 0.10643485
vt 0.38064072 0.94615799
vt 0.16223110 0.99125552
vt 0.00000000 0
vt 0.00000000 1
vt 1 1
vt 1 0
vt 0 0
vt 1 -0.00000000
vt 0.77127308 1
vt 1 1
vt 0 1
vt 0 0
vt 1 -0.00000000
vt 0.79783905 1
vt 1 1
vt -0.00000000 1
vt 0 0
vt 1 0.00000000
vt 0.72115397 1
vt 0.78031379 1
vt 0.86743611 1
vt 0.92682427 1
vt 1 1
vt 0.00000000 1
vt 0 0
vt 1 -0.00000000
vt 0.77903503 1
vt 1 1
vt 0 1
vt 0 0
vt 0.26645795 1
vt 0.22067145 1
vt 0.47082040 1
vt 1 0.00000000
vt 0.51660687 1
vt 0.74263465 1
vt 0.80587608 1
vt 1 1
vt 0 1
vt -0.00000000 0.00000000
vt 0.43647239 1
vt 0.42548802 1
vt 1 0.00000000
vt 0.67423224 1
vt 0.86102200 1
vt 0.96634054 1
vt 1 1
vt -0.00000000 1
vt 0 0
vt 0.43045026 1
vt 0.39597404 1
vt 1 -0.00000000
vt 0.86588413 1
vt 0.89550209 1
vt 0.93895167 1
vt 0.96845579 1
vt 1 1
vt 0 1
vt 0 0
vt 1 0.00000000
vt 0.80253768 1
vt 1 1
vt 0.00000000 1
vt 1 0.00000000
vt 1 1
vt 0.43355116 1
vt 0 0
vt -0.00000000 1
vt 0.00000000 0.00000000
vt 1 -0.00000000
vt 1 1
vt 0 1
vt 1 1
vt -0.00000000 1
vt 0 0
vt 1 0.00000000
vt 0 0
vt 0.01182124 1
vt 0.00323976 1
vt 1 0.00000000
vt 0.57622868 1
vt 1 1
vt 0.00000000 1
vt 0 1
vt 0 0
vt 1 -0.00000000
vt 1 1
vt 1 -0.00000000
vt 1 1
vt 0.17567037 1
vt 0 0
vt 0 1
vt 0 0
vt 0.09386420 1
vt 0.05035724 1
vt 1 0.00000000
vt 0.52097583 1
vt 0.55051893 1
vt 0.59402329 1
vt 1 1
vt -0.00000000 1
vt -0.00000000 -0.00000000
vt 0.31492671 1
vt 0.02058395 1
vt 1 -0.00000000
vt 0.52706283 1
vt 0.55798692 1
vt 0.97761089 1
vt 1 1
vt 0 1
vt 0 0
vt 0.47981510 1
vt 0.25393745 1
vt 1 -0.00000000
vt 0.52557117 1
vt 0.72979790 1
vt 0.77555400 1
vt 1 1
vt 0 1
vt 1 -0.00000000
vt 1 1
vt 0 1
vt 0 0
vt 0 0
vt 0.22154909 1
vt 0.13465485 1
vt 0.36772829 1
vt 1 0.00000000
vt 1 1
vt 0 1
vt 0 0
vt 0.22055851 1
vt 0.13344115 1
vt 0.27971855 1
vt 1 -0.00000000
vt 1 1
vt 0 1
vt 1 1
vt -0.00000000 1
vt 0 0
vt 1 0.00000000
vt 0 0
vt 0.39493072 1
vt 0.37681678 1
vt 0.42948380 1
vt 0.98638290 0.00000000
vt 1 0.05882353
vt 1 1
vt 0.00000000 1
vt 0.86317939 1
vt 1 1
vt 1 0.05882353
vt 0.98638493 0
vt 0 0
vt 0.43130320 1
vt 0.42473680 1
vt 0.38841870 1
vt 0.38196969 1
vt 0.00000000 1
vt 1 1
vt 1 -0.00000000
vt 0 -0.00000000
vt 0 1
vt 1 1
vt 1 -0.00000000
vt 0 -0.00000000
vt 0 1
vt 1 1
vt 1 -0.00000000
vt 0 -0.00000000
vt 0 1
vt 1 1
vt 1 -0.00000000
vt 0 -0.00000000
vt 0 1
vt 1 1
vt 1 -0.00000000
vt 0 -0.00000000
vt 0 1
vt 1 1
vt 1 -0.00000000
vt 0 -0.00000000
vt 0 1
vt 1 1
vt 1 -0.00000000
vt 0 -0.00000000
vt 0 1
vt 1 1
vt 1 -0.00000000
vt 0 -0.00000000
vt 0 1
vt 1 1
vt 1 -0.00000000
vt 0 -0.00000000
vt 0 1
vt 1 1
vt 1 -0.00000000
vt 0 -0.00000000
vt 0 1
vt 1 1
vt 1 -0.00000000
vt 0 -0.00000000
vt 0 1
vt 1 1
vt 1 -0.00000000
vt 0 -0.00000000
vt 0 1
vt 1 1
vt 1 -0.00000000
vt 0 -0.00000000
vt 0 1
vt 1 1
vt 1 -0.00000000
vt 0 -0.00000000
vt 0 1
vt 1 1
vt 1 -0.00000000
vt 0 -0.00000000
vt 0 1
vt 1 1
vt 1 -0.00000000
vt 0 -0.00000000
vt 0 1
vt 1 1
vt 1 -0.00000000
vt 0 -0.00000000
vt 0 1
vt 1 1
vt 1 -0.00000000
vt 0 -0.00000000
vt 0 1
vt 1 1
vt 1 -0.00000000
vt 0 -0.00000000
vt 0 1
vt 1 1
vt 1 -0.00000000
vt 0 -0.00000000
vt 0 1
vt 1 1
vt 1 -0.00000000
vt 0 -0.00000000
vt 0 1
vt 1 1
vt 1 -0.00000000
vt 0 -0.00000000
vt 0 1
vt 1 1
vt 1 -0.00000000
vt 0 -0.00000000
vt 0 1
vt 1 1
vt 1 -0.00000000
vt 0 -0.00000000
vt 0 1
vt 1 1
vt 1 -0.00000000
vt 0 -0.00000000
vt 0 1
vt 1 1
vt 1 -0.00000000
vt 0 -0.00000000
vt 0 1
vt 1 1
vt 1 -0.00000000
vt 0 -0.00000000
vt 0 1
vt 1 1
vt 1 -0.00000000
vt 0 -0.00000000
vt 0 1
vt 1 1
vt 1 -0.00000000
vt 0.02319529 -0.00000000
vt 0 1
vt 0 -0.00000000
vt 1 1
vt 1 -0.00000000
vt 0 -0.00000000
vt 0 1
vt 1 1
vt 1 -0.00000000
vt 0 -0.00000000
vt 0 1
vt 1 1
vt 1 -0.00000000
vt 0 -0.00000000
vt 0 1
vt 1 1
vt 1 -0.00000000
vt 0 -0.00000000
vt 0 1
vt 1 1
vt 1 -0.00000000
vt 0 -0.00000000
vt 0 1
vt 1 1
vt 1 -0.00000000
vt 0 -0.00000000
vt 0 1
vt 1 1
vt 0.67094368 -0.00000000
vt 0.42122868 -0.00000000
vt 0 1
vt 0.68214226 -0.00000000
vt 1 -0.00000000
vt 0 -0.00000000
vt 1 1
vt 1 -0.00000000
vt 0 -0.00000000
vt 0 1
vt 1 1
vt 1 -0.00000000
vt 0 -0.00000000
vt 0 1
vt 1 1
vt 1 -0.00000000
vt 0 -0.00000000
vt 0 1
vt 1 -0.00000000
vt 0.58687103 1
vt 0.92311084 1
vt 0 -0.00000000
vt 0.06261269 1
vt 0 1
vt 1 1
vt 1 1
vt 1 -0.00000000
vt 0 -0.00000000
vt 0 1
vt 1 1
vt 1 -0.00000000
vt 0 -0.00000000
vt 0 1
vt 1 1
vt 1 -0.00000000
vt 0 -0.00000000
vt 0 1
vt 1 1
vt 1 -0.00000000
vt 0 -0.00000000
vt 0 1
vt 1 1
vt 1 -0.00000000
vt 0 -0.00000000
vt 0 1
vt 1 1
vt 1 -0.00000000
vt 0 -0.00000000
vt 0 1
vt 1 1
vt 1 -0.00000000
vt 0 -0.00000000
vt 0 1
vt 1 1
vt 1 -0.00000000
vt 0 -0.00000000
vt 0 1
vt 1 1
vt 1 -0.00000000
vt 0 -0.00000000
vt 0 1
vt 1 1
vt 1 -0.00000000
vt 0 -0.00000000
vt 0 1
vt 1 1
vt 1 -0.00000000
vt 0 -0.00000000
vt 0 1
vt 1 1
vt 1 -0.00000000
vt 0 -0.00000000
vt 0 1
vt 1 1
vt 1 -0.00000000
vt 0 -0.00000000
vt 0 1
vt 1 1
vt 1 -0.00000000
vt 0 -0.00000000
vt 0 1
vt 1 1
vt 1 -0.00000000
vt 0 -0.00000000
vt 0 1
vt 1 1
vt 1 -0.00000000
vt 0 -0.00000000
vt 0 1
vt 1 1
vt 1 -0.00000000
vt 0 -0.00000000
vt 0 1
vt 1 1
vt 1 -0.00000000
vt 0.00000000 -0.00000000
vt 0.00000000 1
vt 1 1
vt 1 -0.00000000
vt 0 -0.00000000
vt 0 1
vt 1 1
vt 1 -0.00000000
vt 0 -0.00000000
vt 0 1
vt 1 1
vt 1 -0.00000000
vt 0 -0.00000000
vt 0 1
vt 1 1
vt 1 -0.00000000
vt 0 -0.00000000
vt 0 1
vt 1 1
vt 1 -0.00000000
vt 0 -0.00000000
vt 0 1
vt 1 1
vt 1 -0.00000000
vt 0 -0.00000000
vt 0 1
vt 1 1
vt 1 -0.00000000
vt 0 -0.00000000
vt 0 1
vt 1 1
vt 1 -0.00000000
vt 0 -0.00000000
vt 0 1
vt 1 1
vt 1 -0.00000000
vt 0 -0.00000000
vt 0 1
vt 1 1
vt 1 -0.00000000
vt 0 -0.00000000
vt 0 1
vt 1 1
vt 1 -0.00000000
vt 0 -0.00000000
vt 0 1
vt 1 1
vt 1 -0.00000000
vt 0 -0.00000000
vt 0 1
vt 1 -0.00000000
vt 0.52638239 1
vt 0.77609557 1
vt 0 -0.00000000
vt 0.31785774 1
vt 0 1
vt 1 1
vt 1 1
vt 1 -0.00000000
vt 0 -0.00000000
vt 0 1
vt 1 1
vt 1 -0.00000000
vt 0 -0.00000000
vt 0 1
vt 1 1
vt 1 -0.00000000
vt 0 -0.00000000
vt 0 1
vt 1 1
vt 1 -0.00000000
vt 0 -0.00000000
vt 0 1
vt 1 1
vt 1 -0.00000000
vt 0 -0.00000000
vt 0 1
vt 1 1
vt 1 -0.00000000
vt 0 -0.00000000
vt 0 1
vt 1 1
vt 1 -0.00000000
vt 0 -0.00000000
vt 0 1
vt 1 1
vt 1 -0.00000000
vt 0 -0.00000000
vt 0 1
vt 1 1
vt 1 -0.00000000
vt 0 -0.00000000
vt 0 1
vt 1 1
vt 1 -0.00000000
vt 0 -0.00000000
vt 0 1
vt 1 1
vt 1 -0.00000000
vt 0 -0.00000000
vt 0 1
vt 1 1
vt 1 -0.00000000
vt 0 -0.00000000
vt 0 1
vt 1 1
vt 1 -0.00000000
vt 0 -0.00000000
vt 0 1
vt 1 1
vt 1 -0.00000000
vt 0 -0.00000000
vt 0 1
vt 1 1
vt 1 -0.00000000
vt 0 -0.00000000
vt 0 1
vt 1 1
vt 1 -0.00000000
vt 0 -0.00000000
vt 0 1
vt 1 1
vt 1 -0.00000000
vt 0 -0.00000000
vt 0 1
vt 1 1
vt 1 -0.00000000
vt 0 -0.00000000
vt 0 1
vt 1 1
vt 1 -0.00000000
vt 0 -0.00000000
vt 0 1
vt 1 1
vt 1 -0.00000000
vt 0 -0.00000000
vt 0 1
vt 1 1
vt 1 -0.00000000
vt 0 -0.00000000
vt 0 1
vt 1 1
vt 1 -0.00000000
vt 0 -0.00000000
vt 0 1
vt 1 1
vt 1 -0.00000000
vt 0 -0.00000000
vt 0 1
vt 1 1
vt 1 -0.00000000
vt 0 -0.00000000
vt 0 1
vt 1 1
vt 1 -0.00000000
vt 0 -0.00000000
vt 0 1
vt 1 1
vt 1 -0.00000000
vt 0 -0.00000000
vt 0 1
vt 1 1
vt 1 -0.00000000
vt 0 -0.00000000
vt 0 1
vt 1 1
vt 1 -0.00000000
vt 0 -0.00000000
vt 0 1
vt 1 -0.00000000
vt 0.91888106 1
vt 0.99116641 1
vt 0 -0.00000000
vt 0.43968150 1
vt 0 1
vt 1 1
vt 1 1
vt 1 -0.00000000
vt 0.01847390 -0.00000000
vt 0 1
vt 0 -0.00000000
vt 1 1
vt 1 -0.00000000
vt 0 -0.00000000
vt 0 1
vt 1 1
vt 1 -0.00000000
vt 0 -0.00000000
vt 0 1
vt 1 1
vt 1 -0.00000000
vt 0 -0.00000000
vt 0 1
vt 1 1
vt 1 -0.00000000
vt 0 -0.00000000
vt 0 1
vt 1 1
vt 1 -0.00000000
vt 0 -0.00000000
vt 0 1
vt 1 1
vt 1 -0.00000000
vt 0 -0.00000000
vt 0 1
vt 1 1
vt 1 -0.00000000
vt 0 -0.00000000
vt 0 1
vt 1 1
vt 1 -0.00000000
vt 0 -0.00000000
vt 0 1
vt 1 1
vt 1 -0.00000000
vt 0 -0.00000000
vt 0 1
vt 1 1
vt 1 -0.00000000
vt 0 -0.00000000
vt 0 1
vt 1 1
vt 1 -0.00000000
vt 0 -0.00000000
vt 0 1
vt 1 1
vt 1 -0.00000000
vt 0 -0.00000000
vt 0 1
vt 1 1
vt 1 -0.00000000
vt 0 -0.00000000
vt 0 1
vt 1 -0.00000000
vt 0.92716557 1
vt 0.97303307 1
vt 0.67632353 1
vt 0 -0.00000000
vt 0 1
vt 1 1
vt 1 1
vt 1 -0.00000000
vt 0 -0.00000000
vt 0 1
vt 1 1
vt 1 -0.00000000
vt 0 -0.00000000
vt 0 1
vt 1 1
vt 1 -0.00000000
vt 0 -0.00000000
vt 0 1
vt 1 1
vt 1 -0.00000000
vt 0 -0.00000000
vt 0 1
vt 1 1
vt 1 -0.00000000
vt 0 -0.00000000
vt 0 1
vt 1 1
vt 1 -0.00000000
vt 0 -0.00000000
vt 0 1
vt 1 1
vt 1 -0.00000000
vt 0.00000000 -0.00000000
vt 0.00000000 1
vt 1 1
vt 1 -0.00000000
vt 0 -0.00000000
vt 0 1
vt 1 1
vt 1 -0.00000000
vt 0 -0.00000000
vt 0 1
vt 1 1
vt 1 -0.00000000
vt 0 -0.00000000
vt 0 1
vt 1 1
vt 1 -0.00000000
vt 0 -0.00000000
vt 0 1
vt 1 1
vt 1 -0.00000000
vt 0 -0.00000000
vt 0 1
vt 1 1
vt 1 -0.00000000
vt 0 -0.00000000
vt 0 1
vt 1 1
vt 1 -0.00000000
vt 0 -0.00000000
vt 0 1
vt 1 1
vt 1 -0.00000000
vt 0 -0.00000000
vt 0 1
vt 1 1
vt 1 -0.00000000
vt 0 -0.00000000
vt 0 1
vt 1 1
vt 1 -0.00000000
vt 0 -0.00000000
vt 0 1
vt 1 1
vt 1 -0.00000000
vt 0 -0.00000000
vt 0 1
vt 1 1
vt 1 -0.00000000
vt 0 -0.00000000
vt 0 1
vt 1 1
vt 1 -0.00000000
vt 0 -0.00000000
vt 0 1
vt 1 1
vt 1 -0.00000000
vt 0 -0.00000000
vt 0 1
vt 1 1
vt 1 -0.00000000
vt 0 -0.00000000
vt 0 1
vt 1 1
vt 1 -0.00000000
vt 0 -0.00000000
vt 0 1
vt 1 1
vt 1 -0.00000000
vt 0 -0.00000000
vt 0 1
vt 1 1
vt 1 -0.00000000
vt 0 -0.00000000
vt 0 1
vt 1 1
vt 1 -0.00000000
vt 0 -0.00000000
vt 0 1
vt 1 1
vt 1 -0.00000000
vt 0 -0.00000000
vt 0 1
vt 1 1
vt 1 -0.00000000
vt 0 -0.00000000
vt 0 1
vt 1 1
vt 1 -0.00000000
vt 0 -0.00000000
vt 0 1
vt 1 1
vt 1 -0.00000000
vt 0 -0.00000000
vt 0 1
vt 1 1
vt 1 -0.00000000
vt 0 -0.00000000
vt 0 1
vt 1 1
vt 1 -0.00000000
vt 0 -0.00000000
vt 0 1
vt 1 1
vt 1 -0.00000000
vt 0 -0.00000000
vt 0 1
vt 1 -0.00000000
vt 0.93951315 -0.00000000
vt 0.93951315 1
vt 0.44205797 -0.00000000
vt 0.42360559 1
vt 0.19234300 -0.00000000
vt 0.17835402 1
vt 0 -0.00000000
vt 0 1
vt 1 1
vt 1 1
vt 1 -0.00000000
vt 0 -0.00000000
vt 0 1
vt 1 1
vt 1 -0.00000000
vt 0 -0.00000000
vt 0 1
vt 1 1
vt 1 -0.00000000
vt 0 -0.00000000
vt 0 1
vt 1 1
vt 1 -0.00000000
vt 0 -0.00000000
vt 0 1
vt 1 1
vt 1 -0.00000000
vt 0 -0.00000000
vt 0 1
vt 1 1
vt 1 -0.00000000
vt 0 -0.00000000
vt 0 1
vt 1 1
vt 1 -0.00000000
vt 0 -0.00000000
vt 0 1
vt 1 1
vt 1 -0.00000000
vt 0 -0.00000000
vt 0 1
vt 1 1
vt 1 -0.00000000
vt 0.00000000 -0.00000000
vt 0.00000000 1
vt 1 -0.00000000
vt 0 -0.00000000
vt 0.17904235 1
vt 0.09789054 1
vt 0.00733148 1
vt 0 1
vt 1 1
vt 1 1
vt 1 -0.00000000
vt 0.00000000 -0.00000000
vt 0.00000000 1
vt 1 1
vt 1 -0.00000000
vt 0 -0.00000000
vt 0 1
vt 1 1
vt 1 -0.00000000
vt 0 -0.00000000
vt 0 1
vt 1 1
vt 1 -0.00000000
vt 0 -0.00000000
vt 0 1
vt 1 1
vt 1 -0.00000000
vt 0 -0.00000000
vt 0 1
vt 1 1
vt 1 -0.00000000
vt 0 -0.00000000
vt 0 1
vt 1 1
vt 1 -0.00000000
vt 0 -0.00000000
vt 0 1
vt 1 1
vt 1 -0.00000000
vt 0 -0.00000000
vt 0 1
vt 1 1
vt 1 -0.00000000
vt 0 -0.00000000
vt 0 1
vt 1 1
vt 1 -0.00000000
vt 0 -0.00000000
vt 0 1
vt 1 1
vt 1 -0.00000000
vt 0 -0.00000000
vt 0 1
vt 1 1
vt 1 -0.00000000
vt 0.00000000 -0.00000000
vt 0.00000000 1
vt 1 1
vt 1 -0.00000000
vt 0 -0.00000000
vt 0 1
vt 1 1
vt 1 -0.00000000
vt 0 -0.00000000
vt 0 1
vt 1 1
vt 1 -0.00000000
vt 0 -0.00000000
vt 0 1
vt 1 1
vt 1 -0.00000000
vt 0 -0.00000000
vt 0 1
vt 1 1
vt 1 -0.00000000
vt 0 -0.00000000
vt 0 1
vt 1 1
vt 1 -0.00000000
vt 0.00000000 -0.00000000
vt 0.00000000 1
vt 1 1
vt 1 -0.00000000
vt 0 -0.00000000
vt 0 1
vt 1 1
vt 1 -0.00000000
vt 0 -0.00000000
vt 0 1
vt 1 1
vt 1 -0.00000000
vt 0 -0.00000000
vt 0 1
vt 1 1
vt 1 -0.00000000
vt 0 -0.00000000
vt 0 1
vt 1 -0.00000000
vt 0 -0.00000000
vt 0.08201223 1
vt 0.04872152 1
vt 0.03614475 1
vt 0 1
vt 1 1
vt 1 1
vt 1 -0.00000000
vt 0 -0.00000000
vt 0 1
vt 1 1
vt 1 -0.00000000
vt 0 -0.00000000
vt 0 1
vt 1 1
vt 1 -0.00000000
vt 0 -0.00000000
vt 0 1
vt 1 1
vt 1 -0.00000000
vt 0 -0.00000000
vt 0 1
vt 1 1
vt 1 -0.00000000
vt 0 -0.00000000
vt 0 1
vt 1 1
vt 1 -0.00000000
vt 0 -0.00000000
vt 0 1
vt 1 1
vt 1 -0.00000000
vt 0 -0.00000000
vt 0 1
vt 1 1
vt 1 -0.00000000
vt 0 -0.00000000
vt 0 1
vt 1 1
vt 1 -0.00000000
vt 0 -0.00000000
vt 0 1
vt 1 1
vt 1 -0.00000000
vt 0 -0.00000000
vt 0 1
vt 1 1
vt 1 -0.00000000
vt 0 -0.00000000
vt 0 1
vt 1 1
vt 1 -0.00000000
vt 0 -0.00000000
vt 0 1
vt 1 1
vt 1 -0.00000000
vt 0 -0.00000000
vt 0 1
vt 1 1
vt 1 -0.00000000
vt 0 -0.00000000
vt 0 1
vt 1 1
vt 1 -0.00000000
vt 0 -0.00000000
vt 0 1
vt 1 1
vt 1 -0.00000000
vt 0 -0.00000000
vt 0 1
vt 1 1
vt 1 -0.00000000
vt 0 -0.00000000
vt 0 1
vt 1 1
vt 1 -0.00000000
vt 0 -0.00000000
vt 0 1
vt 1 1
vt 1 -0.00000000
vt 0 -0.00000000
vt 0 1
vt 1 -0.00000000
vt 0.89828420 1
vt 0.92718405 1
vt 0 -0.00000000
vt 0.10096706 1
vt 0 1
vt 1 1
vt 1 1
vt 1 -0.00000000
vt 0 -0.00000000
vt 0 1
vt 1 1
vt 1 -0.00000000
vt 0 -0.00000000
vt 0 1
vt 1 1
vt 1 -0.00000000
vt 0 -0.00000000
vt 0 1
vt 1 1
vt 1 -0.00000000
vt 0 -0.00000000
vt 0 1
vt 1 1
vt 1 -0.00000000
vt 0 -0.00000000
vt 0 1
vt 1 1
vt 1 -0.00000000
vt 0 -0.00000000
vt 0 1
vt 1 1
vt 1 -0.00000000
vt 0 -0.00000000
vt 0 1
vt 1 1
vt 1 -0.00000000
vt 0 -0.00000000
vt 0 1
vt 1 1
vt 1 -0.00000000
vt 0 -0.00000000
vt 0 1
vt 1 -0.00000000
vt 0 -0.00000000
vt 0.02863760 1
vt 0 1
vt 1 1
vt 1 1
vt 1 -0.00000000
vt 0 -0.00000000
vt 0 1
vt 1 1
vt 1 -0.00000000
vt 0 -0.00000000
vt 0 1
vt 1 1
vt 1 -0.00000000
vt 0 -0.00000000
vt 0 1
vt 1 1
vt 1 -0.00000000
vt 0 -0.00000000
vt 0 1
vt 1 1
vt 1 -0.00000000
vt 0 -0.00000000
vt 0 1
vt 1 1
vt 1 -0.00000000
vt 0 -0.00000000
vt 0 1
vt 1 1
vt 1 -0.00000000
vt 0 -0.00000000
vt 0 1
vt 1 1
vt 1 -0.00000000
vt 0 -0.00000000
vt 0 1
vt 1 1
vt 1 -0.00000000
vt 0 -0.00000000
vt 0 1
vt 1 1
vt 1 -0.00000000
vt 0 -0.00000000
vt 0 1
vt 1 1
vt 1 -0.00000000
vt 0 -0.00000000
vt 0 1
vt 1 1
vt 1 -0.00000000
vt 0 -0.00000000
vt 0 1
vt 0 1
vt 1 1
vt 0.99989593 0
vt 0 0.00000000
vt -0.00000000 1
vt 0.20768519 0
vt 0.14681977 0
vt 0.47935042 0
vt 1 1
vt 0.54021585 0
vt 0.84682971 0
vt 1 0.00000000
vt 0.96197891 0
vt 0 0
vt 1 1
vt 0.84437859 -0.00000000
vt 0.95978153 -0.00000000
vt 0.53708911 -0.00000000
vt 0 1
vt 0.47608954 -0.00000000
vt 0.20382567 -0.00000000
vt 0.14282613 -0.00000000
vt 0 0
vt 1 0
vt 1 0
vt 1 1
vt 0.00000000 1
vt 0 0.00000000
vt 0.00629856 1
vt 0.20965250 -0.00000000
vt 0.15086746 -0.00000000
vt 0.47345430 -0.00000000
vt 0.98753357 1
vt 0.53330916 -0.00000000
vt 0.80488777 -0.00000000
vt 0.91974926 -0.00000000
vt 0.93707567 -0.00000000
vt 0.99407113 0
vt 0.94806981 -0.00000000
vt 0.00592885 0.00000000
vt 0 1
vt 1 1
vt 1 0.00000000
vt -0.00000000 0
vt 0.99407113 -0.00000000
vt 0.00592885 0.00000000
vt 0.03958559 1
vt 0.98143721 1
vt 0.99407113 0
vt 0.98124456 1
vt 0.03952639 1
vt 0.00592885 0.00000000
vt 0.01234362 0.00000000
vt 0.06062732 1
vt 0.04965600 1
vt 0.07791783 1
vt 0.19254132 1
vt 0.46355718 1
vt 0.99370319 0
vt 0.52328807 1
vt 0.78654319 1
vt 0.99407113 1
vt 0.84520644 1
vt 0.00592885 1
vt 0.00702725 1
vt 0.00592885 0.00000000
vt 0.99166787 0
vt 0.99407113 0.99965096
vt 0.00702425 0
vt 0.99407113 0.00000000
vt 0.99187058 1
vt 0.00592885 1
vt 0 1
vt 0 0
vt 0.01388889 0
vt 0.01388889 1
vt 0.02777778 0
vt 0.02777778 1
vt 0.04166667 0
vt 0.04166667 1
vt 0.05555556 0
vt 0.05555556 1
vt 0.06944445 0
vt 0.06944445 1
vt 0.08333334 0
vt 0.08333334 1
vt 0.09722222 0
vt 0.09722222 1
vt 0.11111111 0
vt 0.11111111 1
vt 0.12500000 0
vt 0.12500000 1
vt 0.13888890 0
vt 0.13888890 1
vt 0.15277778 0
vt 0.15277778 1
vt 0.16666667 0
vt 0.16666667 1
vt 0.18055555 0
vt 0.18055555 1
vt 0.19444445 0
vt 0.19444445 1
vt 0.20833333 0
vt 0.20833333 1
vt 0.22222222 0
vt 0.22222222 1
vt 0.23611110 0
vt 0.23611110 1
vt 0.25000000 0
vt 0.25000000 1
vt 0.26388890 0
vt 0.26388890 1
vt 0.27777779 0
vt 0.27777779 1
vt 0.29166666 0
vt 0.29166666 1
vt 0.30555555 0
vt 0.30555555 1
vt 0.31944445 0
vt 0.31944445 1
vt 0.33333334 0
vt 0.33333334 1
vt 0.34722221 0
vt 0.34722221 1
vt 0.36111110 0
vt 0.36111110 1
vt 0.37500000 0
vt 0.37500000 1
vt 0.38888890 0
vt 0.38888890 1
vt 0.40277779 0
vt 0.40277779 1
vt 0.41666666 0
vt 0.41666666 1
vt 0.43055555 0
vt 0.43055555 1
vt 0.44444445 0
vt 0.44444445 1
vt 0.45833334 0
vt 0.45833334 1
vt 0.47222221 0
vt 0.47222221 1
vt 0.48611110 0
vt 0.48611110 1
vt 0.50000000 0
vt 0.50000000 1
vt 0.51388890 0
vt 0.51388890 1
vt 0.52777779 0
vt 0.52777779 1
vt 0.54166669 0
vt 0.54166669 1
vt 0.55555558 0
vt 0.55555558 1
vt 0.56944442 0
vt 0.56944442 1
vt 0.58333331 0
vt 0.58333331 1
vt 0.59722221 0
vt 0.59722221 1
vt 0.61111110 0
vt 0.61111110 1
vt 0.62500000 0
vt 0.62500000 1
vt 0.63888890 0
vt 0.63888890 1
vt 0.65277779 0
vt 0.65277779 1
vt 0.66666669 0
vt 0.66666669 1
vt 0.68055558 0
vt 0.68055558 1
vt 0.69444442 0
vt 0.69444442 1
vt 0.70833331 0
vt 0.70833331 1
vt 0.72222221 0
vt 0.72222221 1
vt 0.73611110 0
vt 0.73611110 1
vt 0.75000000 0
vt 0.75000000 1
vt 0.76388890 0
vt 0.76388890 1
vt 0.77777779 0
vt 0.77777779 1
vt 0.79166669 0
vt 0.79166669 1
vt 0.80555558 0
vt 0.80555558 1
vt 0.81944442 0
vt 0.81944442 1
vt 0.83333331 0
vt 0.83333331 1
vt 0.84722221 0
vt 0.84722221 1
vt 0.86111110 0
vt 0.86111110 1
vt 0.87500000 0
vt 0.87500000 1
vt 0.88888890 0
vt 0.88888890 1
vt 0.90277779 0
vt 0.90277779 1
vt 0.91666669 0
vt 0.91666669 1
vt 0.93055558 0
vt 0.93055558 1
vt 0.94444442 0
vt 0.94444442 1
vt 0.95833331 0
vt 0.95833331 1
vt 0.97222221 0
vt 0.97222221 1
vt 0.98611110 0
vt 0.98611110 1
vt 0 1
vt 0 0
vt 0.01388889 0
vt 0.01388889 1
vt 0.02777778 0
vt 0.02777778 1
vt 0.04166667 0
vt 0.04166667 1
vt 0.05555556 0
vt 0.05555556 1
vt 0.06944445 0
vt 0.06944445 1
vt 0.08333334 0
vt 0.08333334 1
vt 0.09722222 0
vt 0.09722222 1
vt 0.11111111 0
vt 0.11111111 1
vt 0.12500000 0
vt 0.12500000 1
vt 0.13888890 0
vt 0.13888890 1
vt 0.15277778 0
vt 0.15277778 1
vt 0.16666667 0
vt 0.16666667 1
vt 0.18055555 0
vt 0.18055555 1
vt 0.19444445 0
vt 0.19444445 1
vt 0.20833333 0
vt 0.20833333 1
vt 0.22222222 0
vt 0.22222222 1
vt 0.23611110 0
vt 0.23611110 1
vt 0.25000000 0
vt 0.25000000 1
vt 0.26388890 0
vt 0.26388890 1
vt 0.27777779 0
vt 0.27777779 1
vt 0.29166666 0
vt 0.29166666 1
vt 0.30555555 0
vt 0.30555555 1
vt 0.31944445 0
vt 0.31944445 1
vt 0.33333334 0
vt 0.33333334 1
vt 0.34722221 0
vt 0.34722221 1
vt 0.36111110 0
vt 0.36111110 1
vt 0.37500000 0
vt 0.37500000 1
vt 0.38888890 0
vt 0.38888890 1
vt 0.40277779 0
vt 0.40277779 1
vt 0.41666666 0
vt 0.41666666 1
vt 0.43055555 0
vt 0.43055555 1
vt 0.44444445 0
vt 0.44444445 1
vt 0.45833334 0
vt 0.45833334 1
vt 0.47222221 0
vt 0.47222221 1
vt 0.48611110 0
vt 0.48611110 1
vt 0.50000000 0
vt 0.50000000 1
vt 0.51388890 0
vt 0.51388890 1
vt 0.52777779 0
vt 0.52777779 1
vt 0.54166669 0
vt 0.54166669 1
vt 0.55555558 0
vt 0.55555558 1
vt 0.56944442 0
vt 0.56944442 1
vt 0.58333331 0
vt 0.58333331 1
vt 0.59722221 0
vt 0.59722221 1
vt 0.61111110 0
vt 0.61111110 1
vt 0.62500000 0
vt 0.62500000 1
vt 0.63888890 0
vt 0.63888890 1
vt 0.65277779 0
vt 0.65277779 1
vt 0.66666669 0
vt 0.66666669 1
vt 0.68055558 0
vt 0.68055558 1
vt 0.69444442 0
vt 0.69444442 1
vt 0.70833331 0
vt 0.70833331 1
vt 0.72222221 0
vt 0.72222221 1
vt 0.73611110 0
vt 0.73611110 1
vt 0.75000000 0
vt 0.75000000 1
vt 0.76388890 0
vt 0.76388890 1
vt 0.77777779 0
vt 0.77777779 1
vt 0.79166669 0
vt 0.79166669 1
vt 0.80555558 0
vt 0.80555558 1
vt 0.81944442 0
vt 0.81944442 1
vt 0.83333331 0
vt 0.83333331 1
vt 0.84722221 0
vt 0.84722221 1
vt 0.86111110 0
vt 0.86111110 1
vt 0.87500000 0
vt 0.87500000 1
vt 0.88888890 0
vt 0.88888890 1
vt 0.90277779 0
vt 0.90277779 1
vt 0.91666669 0
vt 0.91666669 1
vt 0.93055558 0
vt 0.93055558 1
vt 0.94444442 0
vt 0.94444442 1
vt 0.95833331 0
vt 0.95833331 1
vt 0.97222221 0
vt 0.97222221 1
vt 0.98611110 0
vt 0.98611110 1
vt 0.50000000 0.50000000
vt 0.00780894 0.45693886
vt 0.01343490 0.41420543
vt 0.02276392 0.37212497
vt 0.03572499 0.33101770
vt 0.05221947 0.29119653
vt 0.07212184 0.25296444
vt 0.09528061 0.21661243
vt 0.12151954 0.18241718
vt 0.15063894 0.15063894
vt 0.18241718 0.12151954
vt 0.21661243 0.09528061
vt 0.25296444 0.07212184
vt 0.29119653 0.05221947
vt 0.33101770 0.03572499
vt 0.37212497 0.02276392
vt 0.41420543 0.01343490
vt 0.45693886 0.00780894
vt 0.50000000 0.00592885
vt 0.54306114 0.00780894
vt 0.58579457 0.01343490
vt 0.62787503 0.02276392
vt 0.66898227 0.03572499
vt 0.70880347 0.05221947
vt 0.74703556 0.07212184
vt 0.78338754 0.09528061
vt 0.81758279 0.12151954
vt 0.84936106 0.15063894
vt 0.87848043 0.18241718
vt 0.90471941 0.21661243
vt 0.92787814 0.25296444
vt 0.94778055 0.29119653
vt 0.96427500 0.33101770
vt 0.97723609 0.37212497
vt 0.98656511 0.41420543
vt 0.99219108 0.45693886
vt 0.99407113 0.50000000
vt 0.99219108 0.54306114
vt 0.98656511 0.58579457
vt 0.97723609 0.62787503
vt 0.96427500 0.66898227
vt 0.94778055 0.70880347
vt 0.92787814 0.74703556
vt 0.90471941 0.78338754
vt 0.87848043 0.81758279
vt 0.84936106 0.84936106
vt 0.81758279 0.87848043
vt 0.78338754 0.90471941
vt 0.74703556 0.92787814
vt 0.70880347 0.94778055
vt 0.66898227 0.96427500
vt 0.62787503 0.97723609
vt 0.58579457 0.98656511
vt 0.54306114 0.99219108
vt 0.50000000 0.99407113
vt 0.45693886 0.99219108
vt 0.41420543 0.98656511
vt 0.37212497 0.97723609
vt 0.33101770 0.96427500
vt 0.29119653 0.94778055
vt 0.25296444 0.92787814
vt 0.21661243 0.90471941
vt 0.18241718 0.87848043
vt 0.15063894 0.84936106
vt 0.12151954 0.81758279
vt 0.09528061 0.78338754
vt 0.07212184 0.74703556
vt 0.05221947 0.70880347
vt 0.03572499 0.66898227
vt 0.02276392 0.62787503
vt 0.01343490 0.58579457
vt 0.00780894 0.54306114
vt 0.00592885 0.50000000
vt 0 1
vt 0 0
vt 0.01388889 0
vt 0.01388889 1
vt 0.02777778 0
vt 0.02777778 1
vt 0.04166667 0
vt 0.04166667 1
vt 0.05555556 0
vt 0.05555556 1
vt 0.06944445 0
vt 0.06944445 1
vt 0.08333334 0
vt 0.08333334 1
vt 0.09722222 0
vt 0.09722222 1
vt 0.11111111 0
vt 0.11111111 1
vt 0.12500000 0
vt 0.12500000 1
vt 0.13888890 0
vt 0.13888890 1
vt 0.15277778 0
vt 0.15277778 1
vt 0.16666667 0
vt 0.16666667 1
vt 0.18055555 0
vt 0.18055555 1
vt 0.19444445 0
vt 0.19444445 1
vt 0.20833333 0
vt 0.20833333 1
vt 0.22222222 0
vt 0.22222222 1
vt 0.23611110 0
vt 0.23611110 1
vt 0.25000000 0
vt 0.25000000 1
vt 0.26388890 0
vt 0.26388890 1
vt 0.27777779 0
vt 0.27777779 1
vt 0.29166666 0
vt 0.29166666 1
vt 0.30555555 0
vt 0.30555555 1
vt 0.31944445 0
vt 0.31944445 1
vt 0.33333334 0
vt 0.33333334 1
vt 0.34722221 0
vt 0.34722221 1
vt 0.36111110 0
vt 0.36111110 1
vt 0.37500000 0
vt 0.37500000 1
vt 0.38888890 0
vt 0.38888890 1
vt 0.40277779 0
vt 0.40277779 1
vt 0.41666666 0
vt 0.41666666 1
vt 0.43055555 0
vt 0.43055555 1
vt 0.44444445 0
vt 0.44444445 1
vt 0.45833334 0
vt 0.45833334 1
vt 0.47222221 0
vt 0.47222221 1
vt 0.48611110 0
vt 0.48611110 1
vt 0.50000000 0
vt 0.50000000 1
vt 0.51388890 0
vt 0.51388890 1
vt 0.52777779 0
vt 0.52777779 1
vt 0.54166669 0
vt 0.54166669 1
vt 0.55555558 0
vt 0.55555558 1
vt 0.56944442 0
vt 0.56944442 1
vt 0.58333331 0
vt 0.58333331 1
vt 0.59722221 0
vt 0.59722221 1
vt 0.61111110 0
vt 0.61111110 1
vt 0.62500000 0
vt 0.62500000 1
vt 0.63888890 0
vt 0.63888890 1
vt 0.65277779 0
vt 0.65277779 1
vt 0.66666669 0
vt 0.66666669 1
vt 0.68055558 0
vt 0.68055558 1
vt 0.69444442 0
vt 0.69444442 1
vt 0.70833331 0
vt 0.70833331 1
vt 0.72222221 0
vt 0.72222221 1
vt 0.73611110 0
vt 0.73611110 1
vt 0.75000000 0
vt 0.75000000 1
vt 0.76388890 0
vt 0.76388890 1
vt 0.77777779 0
vt 0.77777779 1
vt 0.79166669 0
vt 0.79166669 1
vt 0.80555558 0
vt 0.80555558 1
vt 0.81944442 0
vt 0.81944442 1
vt 0.83333331 0
vt 0.83333331 1
vt 0.84722221 0
vt 0.84722221 1
vt 0.86111110 0
vt 0.86111110 1
vt 0.87500000 0
vt 0.87500000 1
vt 0.88888890 0
vt 0.88888890 1
vt 0.90277779 0
vt 0.90277779 1
vt 0.91666669 0
vt 0.91666669 1
vt 0.93055558 0
vt 0.93055558 1
vt 0.94444442 0
vt 0.94444442 1
vt 0.95833331 0
vt 0.95833331 1
vt 0.97222221 0
vt 0.97222221 1
vt 0.98611110 0
vt 0.98611110 1
vt 0 1
vt 0 0
vt 0.01388889 0
vt 0.01388889 1
vt 0.02777778 0
vt 0.02777778 1
vt 0.04166667 0
vt 0.04166667 1
vt 0.05555556 0
vt 0.05555556 1
vt 0.06944445 0
vt 0.06944445 1
vt 0.08333334 0
vt 0.08333334 1
vt 0.09722222 0
vt 0.09722222 1
vt 0.11111111 0
vt 0.11111111 1
vt 0.12500000 0
vt 0.12500000 1
vt 0.13888890 0
vt 0.13888890 1
vt 0.15277778 0
vt 0.15277778 1
vt 0.16666667 0
vt 0.16666667 1
vt 0.18055555 0
vt 0.18055555 1
vt 0.19444445 0
vt 0.19444445 1
vt 0.20833333 0
vt 0.20833333 1
vt 0.22222222 0
vt 0.22222222 1
vt 0.23611110 0
vt 0.23611110 1
vt 0.25000000 0
vt 0.25000000 1
vt 0.26388890 0
vt 0.26388890 1
vt 0.27777779 0
vt 0.27777779 1
vt 0.29166666 0
vt 0.29166666 1
vt 0.30555555 0
vt 0.30555555 1
vt 0.31944445 0
vt 0.31944445 1
vt 0.33333334 0
vt 0.33333334 1
vt 0.34722221 0
vt 0.34722221 1
vt 0.36111110 0
vt 0.36111110 1
vt 0.37500000 0
vt 0.37500000 1
vt 0.38888890 0
vt 0.38888890 1
vt 0.40277779 0
vt 0.40277779 1
vt 0.41666666 0
vt 0.41666666 1
vt 0.43055555 0
vt 0.43055555 1
vt 0.44444445 0
vt 0.44444445 1
vt 0.45833334 0
vt 0.45833334 1
vt 0.47222221 0
vt 0.47222221 1
vt 0.48611110 0
vt 0.48611110 1
vt 0.50000000 0
vt 0.50000000 1
vt 0.51388890 0
vt 0.51388890 1
vt 0.52777779 0
vt 0.52777779 1
vt 0.54166669 0
vt 0.54166669 1
vt 0.55555558 0
vt 0.55555558 1
vt 0.56944442 0
vt 0.56944442 1
vt 0.58333331 0
vt 0.58333331 1
vt 0.59722221 0
vt 0.59722221 1
vt 0.61111110 0
vt 0.61111110 1
vt 0.62500000 0
vt 0.62500000 1
vt 0.63888890 0
vt 0.63888890 1
vt 0.65277779 0
vt 0.65277779 1
vt 0.66666669 0
vt 0.66666669 1
vt 0.68055558 0
vt 0.68055558 1
vt 0.69444442 0
vt 0.69444442 1
vt 0.70833331 0
vt 0.70833331 1
vt 0.72222221 0
vt 0.72222221 1
vt 0.73611110 0
vt 0.73611110 1
vt 0.75000000 0
vt 0.75000000 1
vt 0.76388890 0
vt 0.76388890 1
vt 0.77777779 0
vt 0.77777779 1
vt 0.79166669 0
vt 0.79166669 1
vt 0.80555558 0
vt 0.80555558 1
vt 0.81944442 0
vt 0.81944442 1
vt 0.83333331 0
vt 0.83333331 1
vt 0.84722221 0
vt 0.84722221 1
vt 0.86111110 0
vt 0.86111110 1
vt 0.87500000 0
vt 0.87500000 1
vt 0.88888890 0
vt 0.88888890 1
vt 0.90277779 0
vt 0.90277779 1
vt 0.91666669 0
vt 0.91666669 1
vt 0.93055558 0
vt 0.93055558 1
vt 0.94444442 0
vt 0.94444442 1
vt 0.95833331 0
vt 0.95833331 1
vt 0.97222221 0
vt 0.97222221 1
vt 0.98611110 0
vt 0.98611110 1
vt 0.50000000 0.50000000
vt 0.00780894 0.45693886
vt 0.01343490 0.41420543
vt 0.02276392 0.37212497
vt 0.03572499 0.33101770
vt 0.05221947 0.29119653
vt 0.07212184 0.25296444
vt 0.09528061 0.21661243
vt 0.12151954 0.18241718
vt 0.15063894 0.15063894
vt 0.18241718 0.12151954
vt 0.21661243 0.09528061
vt 0.25296444 0.07212184
vt 0.29119653 0.05221947
vt 0.33101770 0.03572499
vt 0.37212497 0.02276392
vt 0.41420543 0.01343490
vt 0.45693886 0.00780894
vt 0.50000000 0.00592885
vt 0.54306114 0.00780894
vt 0.58579457 0.01343490
vt 0.62787503 0.02276392
vt 0.66898227 0.03572499
vt 0.70880347 0.05221947
vt 0.74703556 0.07212184
vt 0.78338754 0.09528061
vt 0.81758279 0.12151954
vt 0.84936106 0.15063894
vt 0.87848043 0.18241718
vt 0.90471941 0.21661243
vt 0.92787814 0.25296444
vt 0.94778055 0.29119653
vt 0.96427500 0.33101770
vt 0.97723609 0.37212497
vt 0.98656511 0.41420543
vt 0.99219108 0.45693886
vt 0.99407113 0.50000000
vt 0.99219108 0.54306114
vt 0.98656511 0.58579457
vt 0.97723609 0.62787503
vt 0.96427500 0.66898227
vt 0.94778055 0.70880347
vt 0.92787814 0.74703556
vt 0.90471941 0.78338754
vt 0.87848043 0.81758279
vt 0.84936106 0.84936106
vt 0.81758279 0.87848043
vt 0.78338754 0.90471941
vt 0.74703556 0.92787814
vt 0.70880347 0.94778055
vt 0.66898227 0.96427500
vt 0.62787503 0.97723609
vt 0.58579457 0.98656511
vt 0.54306114 0.99219108
vt 0.50000000 0.99407113
vt 0.45693886 0.99219108
vt 0.41420543 0.98656511
vt 0.37212497 0.97723609
vt 0.33101770 0.96427500
vt 0.29119653 0.94778055
vt 0.25296444 0.92787814
vt 0.21661243 0.90471941
vt 0.18241718 0.87848043
vt 0.15063894 0.84936106
vt 0.12151954 0.81758279
vt 0.09528061 0.78338754
vt 0.07212184 0.74703556
vt 0.05221947 0.70880347
vt 0.03572499 0.66898227
vt 0.02276392 0.62787503
vt 0.01343490 0.58579457
vt 0.00780894 0.54306114
vt 0.00592885 0.50000000
vt 0 1
vt 0 0
vt 0.01388889 0
vt 0.01388889 1
vt 0.02777778 0
vt 0.02777778 1
vt 0.04166667 0
vt 0.04166667 1
vt 0.05555556 0
vt 0.05555556 1
vt 0.06944445 0
vt 0.06944445 1
vt 0.08333334 0
vt 0.08333334 1
vt 0.09722222 0
vt 0.09722222 1
vt 0.11111111 0
vt 0.11111111 1
vt 0.12500000 0
vt 0.12500000 1
vt 0.13888890 0
vt 0.13888890 1
vt 0.15277778 0
vt 0.15277778 1
vt 0.16666667 0
vt 0.16666667 1
vt 0.18055555 0
vt 0.18055555 1
vt 0.19444445 0
vt 0.19444445 1
vt 0.20833333 0
vt 0.20833333 1
vt 0.22222222 0
vt 0.22222222 1
vt 0.23611110 0
vt 0.23611110 1
vt 0.25000000 0
vt 0.25000000 1
vt 0.26388890 0
vt 0.26388890 1
vt 0.27777779 0
vt 0.27777779 1
vt 0.29166666 0
vt 0.29166666 1
vt 0.30555555 0
vt 0.30555555 1
vt 0.31944445 0
vt 0.31944445 1
vt 0.33333334 0
vt 0.33333334 1
vt 0.34722221 0
vt 0.34722221 1
vt 0.36111110 0
vt 0.36111110 1
vt 0.37500000 0
vt 0.37500000 1
vt 0.38888890 0
vt 0.38888890 1
vt 0.40277779 0
vt 0.40277779 1
vt 0.41666666 0
vt 0.41666666 1
vt 0.43055555 0
vt 0.43055555 1
vt 0.44444445 0
vt 0.44444445 1
vt 0.45833334 0
vt 0.45833334 1
vt 0.47222221 0
vt 0.47222221 1
vt 0.48611110 0
vt 0.48611110 1
vt 0.50000000 0
vt 0.50000000 1
vt 0.51388890 0
vt 0.51388890 1
vt 0.52777779 0
vt 0.52777779 1
vt 0.54166669 0
vt 0.54166669 1
vt 0.55555558 0
vt 0.55555558 1
vt 0.56944442 0
vt 0.56944442 1
vt 0.58333331 0
vt 0.58333331 1
vt 0.59722221 0
vt 0.59722221 1
vt 0.61111110 0
vt 0.61111110 1
vt 0.62500000 0
vt 0.62500000 1
vt 0.63888890 0
vt 0.63888890 1
vt 0.65277779 0
vt 0.65277779 1
vt 0.66666669 0
vt 0.66666669 1
vt 0.68055558 0
vt 0.68055558 1
vt 0.69444442 0
vt 0.69444442 1
vt 0.70833331 0
vt 0.70833331 1
vt 0.72222221 0
vt 0.72222221 1
vt 0.73611110 0
vt 0.73611110 1
vt 0.75000000 0
vt 0.75000000 1
vt 0.76388890 0
vt 0.76388890 1
vt 0.77777779 0
vt 0.77777779 1
vt 0.79166669 0
vt 0.79166669 1
vt 0.80555558 0
vt 0.80555558 1
vt 0.81944442 0
vt 0.81944442 1
vt 0.83333331 0
vt 0.83333331 1
vt 0.84722221 0
vt 0.84722221 1
vt 0.86111110 0
vt 0.86111110 1
vt 0.87500000 0
vt 0.87500000 1
vt 0.88888890 0
vt 0.88888890 1
vt 0.90277779 0
vt 0.90277779 1
vt 0.91666669 0
vt 0.91666669 1
vt 0.93055558 0
vt 0.93055558 1
vt 0.94444442 0
vt 0.94444442 1
vt 0.95833331 0
vt 0.95833331 1
vt 0.97222221 0
vt 0.97222221 1
vt 0.98611110 0
vt 0.98611110 1
vt 0 1
vt 0 0
vt 0.01388889 0
vt 0.01388889 1
vt 0.02777778 0
vt 0.02777778 1
vt 0.04166667 0
vt 0.04166667 1
vt 0.05555556 0
vt 0.05555556 1
vt 0.06944445 0
vt 0.06944445 1
vt 0.08333334 0
vt 0.08333334 1
vt 0.09722222 0
vt 0.09722222 1
vt 0.11111111 0
vt 0.11111111 1
vt 0.12500000 0
vt 0.12500000 1
vt 0.13888890 0
vt 0.13888890 1
vt 0.15277778 0
vt 0.15277778 1
vt 0.16666667 0
vt 0.16666667 1
vt 0.18055555 0
vt 0.18055555 1
vt 0.19444445 0
vt 0.19444445 1
vt 0.20833333 0
vt 0.20833333 1
vt 0.22222222 0
vt 0.22222222 1
vt 0.23611110 0
vt 0.23611110 1
vt 0.25000000 0
vt 0.25000000 1
vt 0.26388890 0
vt 0.26388890 1
vt 0.27777779 0
vt 0.27777779 1
vt 0.29166666 0
vt 0.29166666 1
vt 0.30555555 0
vt 0.30555555 1
vt 0.31944445 0
vt 0.31944445 1
vt 0.33333334 0
vt 0.33333334 1
vt 0.34722221 0
vt 0.34722221 1
vt 0.36111110 0
vt 0.36111110 1
vt 0.37500000 0
vt 0.37500000 1
vt 0.38888890 0
vt 0.38888890 1
vt 0.40277779 0
vt 0.40277779 1
vt 0.41666666 0
vt 0.41666666 1
vt 0.43055555 0
vt 0.43055555 1
vt 0.44444445 0
vt 0.44444445 1
vt 0.45833334 0
vt 0.45833334 1
vt 0.47222221 0
vt 0.47222221 1
vt 0.48611110 0
vt 0.48611110 1
vt 0.50000000 0
vt 0.50000000 1
vt 0.51388890 0
vt 0.51388890 1
vt 0.52777779 0
vt 0.52777779 1
vt 0.54166669 0
vt 0.54166669 1
vt 0.55555558 0
vt 0.55555558 1
vt 0.56944442 0
vt 0.56944442 1
vt 0.58333331 0
vt 0.58333331 1
vt 0.59722221 0
vt 0.59722221 1
vt 0.61111110 0
vt 0.61111110 1
vt 0.62500000 0
vt 0.62500000 1
vt 0.63888890 0
vt 0.63888890 1
vt 0.65277779 0
vt 0.65277779 1
vt 0.66666669 0
vt 0.66666669 1
vt 0.68055558 0
vt 0.68055558 1
vt 0.69444442 0
vt 0.69444442 1
vt 0.70833331 0
vt 0.70833331 1
vt 0.72222221 0
vt 0.72222221 1
vt 0.73611110 0
vt 0.73611110 1
vt 0.75000000 0
vt 0.75000000 1
vt 0.76388890 0
vt 0.76388890 1
vt 0.77777779 0
vt 0.77777779 1
vt 0.79166669 0
vt 0.79166669 1
vt 0.80555558 0
vt 0.80555558 1
vt 0.81944442 0
vt 0.81944442 1
vt 0.83333331 0
vt 0.83333331 1
vt 0.84722221 0
vt 0.84722221 1
vt 0.86111110 0
vt 0.86111110 1
vt 0.87500000 0
vt 0.87500000 1
vt 0.88888890 0
vt 0.88888890 1
vt 0.90277779 0
vt 0.90277779 1
vt 0.91666669 0
vt 0.91666669 1
vt 0.93055558 0
vt 0.93055558 1
vt 0.94444442 0
vt 0.94444442 1
vt 0.95833331 0
vt 0.95833331 1
vt 0.97222221 0
vt 0.97222221 1
vt 0.98611110 0
vt 0.98611110 1
vt 0.50000000 0.50000000
vt 0.00780894 0.45693886
vt 0.01343490 0.41420543
vt 0.02276392 0.37212497
vt 0.03572499 0.33101770
vt 0.05221947 0.29119653
vt 0.07212184 0.25296444
vt 0.09528061 0.21661243
vt 0.12151954 0.18241718
vt 0.15063894 0.15063894
vt 0.18241718 0.12151954
vt 0.21661243 0.09528061
vt 0.25296444 0.07212184
vt 0.29119653 0.05221947
vt 0.33101770 0.03572499
vt 0.37212497 0.02276392
vt 0.41420543 0.01343490
vt 0.45693886 0.00780894
vt 0.50000000 0.00592885
vt 0.54306114 0.00780894
vt 0.58579457 0.01343490
vt 0.62787503 0.02276392
vt 0.66898227 0.03572499
vt 0.70880347 0.05221947
vt 0.74703556 0.07212184
vt 0.78338754 0.09528061
vt 0.81758279 0.12151954
vt 0.84936106 0.15063894
vt 0.87848043 0.18241718
vt 0.90471941 0.21661243
vt 0.92787814 0.25296444
vt 0.94778055 0.29119653
vt 0.96427500 0.33101770
vt 0.97723609 0.37212497
vt 0.98656511 0.41420543
vt 0.99219108 0.45693886
vt 0.99407113 0.50000000
vt 0.99219108 0.54306114
vt 0.98656511 0.58579457
vt 0.97723609 0.62787503
vt 0.96427500 0.66898227
vt 0.94778055 0.70880347
vt 0.92787814 0.74703556
vt 0.90471941 0.78338754
vt 0.87848043 0.81758279
vt 0.84936106 0.84936106
vt 0.81758279 0.87848043
vt 0.78338754 0.90471941
vt 0.74703556 0.92787814
vt 0.70880347 0.94778055
vt 0.66898227 0.96427500
vt 0.62787503 0.97723609
vt 0.58579457 0.98656511
vt 0.54306114 0.99219108
vt 0.50000000 0.99407113
vt 0.45693886 0.99219108
vt 0.41420543 0.98656511
vt 0.37212497 0.97723609
vt 0.33101770 0.96427500
vt 0.29119653 0.94778055
vt 0.25296444 0.92787814
vt 0.21661243 0.90471941
vt 0.18241718 0.87848043
vt 0.15063894 0.84936106
vt 0.12151954 0.81758279
vt 0.09528061 0.78338754
vt 0.07212184 0.74703556
vt 0.05221947 0.70880347
vt 0.03572499 0.66898227
vt 0.02276392 0.62787503
vt 0.01343490 0.58579457
vt 0.00780894 0.54306114
vt 0.00592885 0.50000000
vt 0 1
vt 0 0
vt 0.01388889 0
vt 0.01388889 1
vt 0.02777778 0
vt 0.02777778 1
vt 0.04166667 0
vt 0.04166667 1
vt 0.05555556 0
vt 0.05555556 1
vt 0.06944445 0
vt 0.06944445 1
vt 0.08333334 0
vt 0.08333334 1
vt 0.09722222 0
vt 0.09722222 1
vt 0.11111111 0
vt 0.11111111 1
vt 0.12500000 0
vt 0.12500000 1
vt 0.13888890 0
vt 0.13888890 1
vt 0.15277778 0
vt 0.15277778 1
vt 0.16666667 0
vt 0.16666667 1
vt 0.18055555 0
vt 0.18055555 1
vt 0.19444445 0
vt 0.19444445 1
vt 0.20833333 0
vt 0.20833333 1
vt 0.22222222 0
vt 0.22222222 1
vt 0.23611110 0
vt 0.23611110 1
vt 0.25000000 0
vt 0.25000000 1
vt 0.26388890 0
vt 0.26388890 1
vt 0.27777779 0
vt 0.27777779 1
vt 0.29166666 0
vt 0.29166666 1
vt 0.30555555 0
vt 0.30555555 1
vt 0.31944445 0
vt 0.31944445 1
vt 0.33333334 0
vt 0.33333334 1
vt 0.34722221 0
vt 0.34722221 1
vt 0.36111110 0
vt 0.36111110 1
vt 0.37500000 0
vt 0.37500000 1
vt 0.38888890 0
vt 0.38888890 1
vt 0.40277779 0
vt 0.40277779 1
vt 0.41666666 0
vt 0.41666666 1
vt 0.43055555 0
vt 0.43055555 1
vt 0.44444445 0
vt 0.44444445 1
vt 0.45833334 0
vt 0.45833334 1
vt 0.47222221 0
vt 0.47222221 1
vt 0.48611110 0
vt 0.48611110 1
vt 0.50000000 0
vt 0.50000000 1
vt 0.51388890 0
vt 0.51388890 1
vt 0.52777779 0
vt 0.52777779 1
vt 0.54166669 0
vt 0.54166669 1
vt 0.55555558 0
vt 0.55555558 1
vt 0.56944442 0
vt 0.56944442 1
vt 0.58333331 0
vt 0.58333331 1
vt 0.59722221 0
vt 0.59722221 1
vt 0.61111110 0
vt 0.61111110 1
vt 0.62500000 0
vt 0.62500000 1
vt 0.63888890 0
vt 0.63888890 1
vt 0.65277779 0
vt 0.65277779 1
vt 0.66666669 0
vt 0.66666669 1
vt 0.68055558 0
vt 0.68055558 1
vt 0.69444442 0
vt 0.69444442 1
vt 0.70833331 0
vt 0.70833331 1
vt 0.72222221 0
vt 0.72222221 1
vt 0.73611110 0
vt 0.73611110 1
vt 0.75000000 0
vt 0.75000000 1
vt 0.76388890 0
vt 0.76388890 1
vt 0.77777779 0
vt 0.77777779 1
vt 0.79166669 0
vt 0.79166669 1
vt 0.80555558 0
vt 0.80555558 1
vt 0.81944442 0
vt 0.81944442 1
vt 0.83333331 0
vt 0.83333331 1
vt 0.84722221 0
vt 0.84722221 1
vt 0.86111110 0
vt 0.86111110 1
vt 0.87500000 0
vt 0.87500000 1
vt 0.88888890 0
vt 0.88888890 1
vt 0.90277779 0
vt 0.90277779 1
vt 0.91666669 0
vt 0.91666669 1
vt 0.93055558 0
vt 0.93055558 1
vt 0.94444442 0
vt 0.94444442 1
vt 0.95833331 0
vt 0.95833331 1
vt 0.97222221 0
vt 0.97222221 1
vt 0.98611110 0
vt 0.98611110 1
vt 0 1
vt 0 0
vt 0.01388889 0
vt 0.01388889 1
vt 0.02777778 0
vt 0.02777778 1
vt 0.04166667 0
vt 0.04166667 1
vt 0.05555556 0
vt 0.05555556 1
vt 0.06944445 0
vt 0.06944445 1
vt 0.08333334 0
vt 0.08333334 1
vt 0.09722222 0
vt 0.09722222 1
vt 0.11111111 0
vt 0.11111111 1
vt 0.12500000 0
vt 0.12500000 1
vt 0.13888890 0
vt 0.13888890 1
vt 0.15277778 0
vt 0.15277778 1
vt 0.16666667 0
vt 0.16666667 1
vt 0.18055555 0
vt 0.18055555 1
vt 0.19444445 0
vt 0.19444445 1
vt 0.20833333 0
vt 0.20833333 1
vt 0.22222222 0
vt 0.22222222 1
vt 0.23611110 0
vt 0.23611110 1
vt 0.25000000 0
vt 0.25000000 1
vt 0.26388890 0
vt 0.26388890 1
vt 0.27777779 0
vt 0.27777779 1
vt 0.29166666 0
vt 0.29166666 1
vt 0.30555555 0
vt 0.30555555 1
vt 0.31944445 0
vt 0.31944445 1
vt 0.33333334 0
vt 0.33333334 1
vt 0.34722221 0
vt 0.34722221 1
vt 0.36111110 0
vt 0.36111110 1
vt 0.37500000 0
vt 0.37500000 1
vt 0.38888890 0
vt 0.38888890 1
vt 0.40277779 0
vt 0.40277779 1
vt 0.41666666 0
vt 0.41666666 1
vt 0.43055555 0
vt 0.43055555 1
vt 0.44444445 0
vt 0.44444445 1
vt 0.45833334 0
vt 0.45833334 1
vt 0.47222221 0
vt 0.47222221 1
vt 0.48611110 0
vt 0.48611110 1
vt 0.50000000 0
vt 0.50000000 1
vt 0.51388890 0
vt 0.51388890 1
vt 0.52777779 0
vt 0.52777779 1
vt 0.54166669 0
vt 0.54166669 1
vt 0.55555558 0
vt 0.55555558 1
vt 0.56944442 0
vt 0.56944442 1
vt 0.58333331 0
vt 0.58333331 1
vt 0.59722221 0
vt 0.59722221 1
vt 0.61111110 0
vt 0.61111110 1
vt 0.62500000 0
vt 0.62500000 1
vt 0.63888890 0
vt 0.63888890 1
vt 0.65277779 0
vt 0.65277779 1
vt 0.66666669 0
vt 0.66666669 1
vt 0.68055558 0
vt 0.68055558 1
vt 0.69444442 0
vt 0.69444442 1
vt 0.70833331 0
vt 0.70833331 1
vt 0.72222221 0
vt 0.72222221 1
vt 0.73611110 0
vt 0.73611110 1
vt 0.75000000 0
vt 0.75000000 1
vt 0.76388890 0
vt 0.76388890 1
vt 0.77777779 0
vt 0.77777779 1
vt 0.79166669 0
vt 0.79166669 1
vt 0.80555558 0
vt 0.80555558 1
vt 0.81944442 0
vt 0.81944442 1
vt 0.83333331 0
vt 0.83333331 1
vt 0.84722221 0
vt 0.84722221 1
vt 0.86111110 0
vt 0.86111110 1
vt 0.87500000 0
vt 0.87500000 1
vt 0.88888890 0
vt 0.88888890 1
vt 0.90277779 0
vt 0.90277779 1
vt 0.91666669 0
vt 0.91666669 1
vt 0.93055558 0
vt 0.93055558 1
vt 0.94444442 0
vt 0.94444442 1
vt 0.95833331 0
vt 0.95833331 1
vt 0.97222221 0
vt 0.97222221 1
vt 0.98611110 0
vt 0.98611110 1
vt 0.50000000 0.50000000
vt 0.00780894 0.45693886
vt 0.01343490 0.41420543
vt 0.02276392 0.37212497
vt 0.03572499 0.33101770
vt 0.05221947 0.29119653
vt 0.07212184 0.25296444
vt 0.09528061 0.21661243
vt 0.12151954 0.18241718
vt 0.15063894 0.15063894
vt 0.18241718 0.12151954
vt 0.21661243 0.09528061
vt 0.25296444 0.07212184
vt 0.29119653 0.05221947
vt 0.33101770 0.03572499
vt 0.37212497 0.02276392
vt 0.41420543 0.01343490
vt 0.45693886 0.00780894
vt 0.50000000 0.00592885
vt 0.54306114 0.00780894
vt 0.58579457 0.01343490
vt 0.62787503 0.02276392
vt 0.66898227 0.03572499
vt 0.70880347 0.05221947
vt 0.74703556 0.07212184
vt 0.78338754 0.09528061
vt 0.81758279 0.12151954
vt 0.84936106 0.15063894
vt 0.87848043 0.18241718
vt 0.90471941 0.21661243
vt 0.92787814 0.25296444
vt 0.94778055 0.29119653
vt 0.96427500 0.33101770
vt 0.97723609 0.37212497
vt 0.98656511 0.41420543
vt 0.99219108 0.45693886
vt 0.99407113 0.50000000
vt 0.99219108 0.54306114
vt 0.98656511 0.58579457
vt 0.97723609 0.62787503
vt 0.96427500 0.66898227
vt 0.94778055 0.70880347
vt 0.92787814 0.74703556
vt 0.90471941 0.78338754
vt 0.87848043 0.81758279
vt 0.84936106 0.84936106
vt 0.81758279 0.87848043
vt 0.78338754 0.90471941
vt 0.74703556 0.92787814
vt 0.70880347 0.94778055
vt 0.66898227 0.96427500
vt 0.62787503 0.97723609
vt 0.58579457 0.98656511
vt 0.54306114 0.99219108
vt 0.50000000 0.99407113
vt 0.45693886 0.99219108
vt 0.41420543 0.98656511
vt 0.37212497 0.97723609
vt 0.33101770 0.96427500
vt 0.29119653 0.94778055
vt 0.25296444 0.92787814
vt 0.21661243 0.90471941
vt 0.18241718 0.87848043
vt 0.15063894 0.84936106
vt 0.12151954 0.81758279
vt 0.09528061 0.78338754
vt 0.07212184 0.74703556
vt 0.05221947 0.70880347
vt 0.03572499 0.66898227
vt 0.02276392 0.62787503
vt 0.01343490 0.58579457
vt 0.00780894 0.54306114
vt 0.00592885 0.50000000
vt 0 1
vt 0 0
vt 0.01388889 0
vt 0.01388889 1
vt 0.02777778 0
vt 0.02777778 1
vt 0.04166667 0
vt 0.04166667 1
vt 0.05555556 0
vt 0.05555556 1
vt 0.06944445 0
vt 0.06944445 1
vt 0.08333334 0
vt 0.08333334 1
vt 0.09722222 0
vt 0.09722222 1
vt 0.11111111 0
vt 0.11111111 1
vt 0.12500000 0
vt 0.12500000 1
vt 0.13888890 0
vt 0.13888890 1
vt 0.15277778 0
vt 0.15277778 1
vt 0.16666667 0
vt 0.16666667 1
vt 0.18055555 0
vt 0.18055555 1
vt 0.19444445 0
vt 0.19444445 1
vt 0.20833333 0
vt 0.20833333 1
vt 0.22222222 0
vt 0.22222222 1
vt 0.23611110 0
vt 0.23611110 1
vt 0.25000000 0
vt 0.25000000 1
vt 0.26388890 0
vt 0.26388890 1
vt 0.27777779 0
vt 0.27777779 1
vt 0.29166666 0
vt 0.29166666 1
vt 0.30555555 0
vt 0.30555555 1
vt 0.31944445 0
vt 0.31944445 1
vt 0.33333334 0
vt 0.33333334 1
vt 0.34722221 0
vt 0.34722221 1
vt 0.36111110 0
vt 0.36111110 1
vt 0.37500000 0
vt 0.37500000 1
vt 0.38888890 0
vt 0.38888890 1
vt 0.40277779 0
vt 0.40277779 1
vt 0.41666666 0
vt 0.41666666 1
vt 0.43055555 0
vt 0.43055555 1
vt 0.44444445 0
vt 0.44444445 1
vt 0.45833334 0
vt 0.45833334 1
vt 0.47222221 0
vt 0.47222221 1
vt 0.48611110 0
vt 0.48611110 1
vt 0.50000000 0
vt 0.50000000 1
vt 0.51388890 0
vt 0.51388890 1
vt 0.52777779 0
vt 0.52777779 1
vt 0.54166669 0
vt 0.54166669 1
vt 0.55555558 0
vt 0.55555558 1
vt 0.56944442 0
vt 0.56944442 1
vt 0.58333331 0
vt 0.58333331 1
vt 0.59722221 0
vt 0.59722221 1
vt 0.61111110 0
vt 0.61111110 1
vt 0.62500000 0
vt 0.62500000 1
vt 0.63888890 0
vt 0.63888890 1
vt 0.65277779 0
vt 0.65277779 1
vt 0.66666669 0
vt 0.66666669 1
vt 0.68055558 0
vt 0.68055558 1
vt 0.69444442 0
vt 0.69444442 1
vt 0.70833331 0
vt 0.70833331 1
vt 0.72222221 0
vt 0.72222221 1
vt 0.73611110 0
vt 0.73611110 1
vt 0.75000000 0
vt 0.75000000 1
vt 0.76388890 0
vt 0.76388890 1
vt 0.77777779 0
vt 0.77777779 1
vt 0.79166669 0
vt 0.79166669 1
vt 0.80555558 0
vt 0.80555558 1
vt 0.81944442 0
vt 0.81944442 1
vt 0.83333331 0
vt 0.83333331 1
vt 0.84722221 0
vt 0.84722221 1
vt 0.86111110 0
vt 0.86111110 1
vt 0.87500000 0
vt 0.87500000 1
vt 0.88888890 0
vt 0.88888890 1
vt 0.90277779 0
vt 0.90277779 1
vt 0.91666669 0
vt 0.91666669 1
vt 0.93055558 0
vt 0.93055558 1
vt 0.94444442 0
vt 0.94444442 1
vt 0.95833331 0
vt 0.95833331 1
vt 0.97222221 0
vt 0.97222221 1
vt 0.98611110 0
vt 0.98611110 1
vt 0 1
vt 0 0
vt 0.01388889 0
vt 0.01388889 1
vt 0.02777778 0
vt 0.02777778 1
vt 0.04166667 0
vt 0.04166667 1
vt 0.05555556 0
vt 0.05555556 1
vt 0.06944445 0
vt 0.06944445 1
vt 0.08333334 0
vt 0.08333334 1
vt 0.09722222 0
vt 0.09722222 1
vt 0.11111111 0
vt 0.11111111 1
vt 0.12500000 0
vt 0.12500000 1
vt 0.13888890 0
vt 0.13888890 1
vt 0.15277778 0
vt 0.15277778 1
vt 0.16666667 0
vt 0.16666667 1
vt 0.18055555 0
vt 0.18055555 1
vt 0.19444445 0
vt 0.19444445 1
vt 0.20833333 0
vt 0.20833333 1
vt 0.22222222 0
vt 0.22222222 1
vt 0.23611110 0
vt 0.23611110 1
vt 0.25000000 0
vt 0.25000000 1
vt 0.26388890 0
vt 0.26388890 1
vt 0.27777779 0
vt 0.27777779 1
vt 0.29166666 0
vt 0.29166666 1
vt 0.30555555 0
vt 0.30555555 1
vt 0.31944445 0
vt 0.31944445 1
vt 0.33333334 0
vt 0.33333334 1
vt 0.34722221 0
vt 0.34722221 1
vt 0.36111110 0
vt 0.36111110 1
vt 0.37500000 0
vt 0.37500000 1
vt 0.38888890 0
vt 0.38888890 1
vt 0.40277779 0
vt 0.40277779 1
vt 0.41666666 0
vt 0.41666666 1
vt 0.43055555 0
vt 0.43055555 1
vt 0.44444445 0
vt 0.44444445 1
vt 0.45833334 0
vt 0.45833334 1
vt 0.47222221 0
vt 0.47222221 1
vt 0.48611110 0
vt 0.48611110 1
vt 0.50000000 0
vt 0.50000000 1
vt 0.51388890 0
vt 0.51388890 1
vt 0.52777779 0
vt 0.52777779 1
vt 0.54166669 0
vt 0.54166669 1
vt 0.55555558 0
vt 0.55555558 1
vt 0.56944442 0
vt 0.56944442 1
vt 0.58333331 0
vt 0.58333331 1
vt 0.59722221 0
vt 0.59722221 1
vt 0.61111110 0
vt 0.61111110 1
vt 0.62500000 0
vt 0.62500000 1
vt 0.63888890 0
vt 0.63888890 1
vt 0.65277779 0
vt 0.65277779 1
vt 0.66666669 0
vt 0.66666669 1
vt 0.68055558 0
vt 0.68055558 1
vt 0.69444442 0
vt 0.69444442 1
vt 0.70833331 0
vt 0.70833331 1
vt 0.72222221 0
vt 0.72222221 1
vt 0.73611110 0
vt 0.73611110 1
vt 0.75000000 0
vt 0.75000000 1
vt 0.76388890 0
vt 0.76388890 1
vt 0.77777779 0
vt 0.77777779 1
vt 0.79166669 0
vt 0.79166669 1
vt 0.80555558 0
vt 0.80555558 1
vt 0.81944442 0
vt 0.81944442 1
vt 0.83333331 0
vt 0.83333331 1
vt 0.84722221 0
vt 0.84722221 1
vt 0.86111110 0
vt 0.86111110 1
vt 0.87500000 0
vt 0.87500000 1
vt 0.88888890 0
vt 0.88888890 1
vt 0.90277779 0
vt 0.90277779 1
vt 0.91666669 0
vt 0.91666669 1
vt 0.93055558 0
vt 0.93055558 1
vt 0.94444442 0
vt 0.94444442 1
vt 0.95833331 0
vt 0.95833331 1
vt 0.97222221 0
vt 0.97222221 1
vt 0.98611110 0
vt 0.98611110 1
vt 0.50000000 0.50000000
vt 0.00780894 0.45693886
vt 0.01343490 0.41420543
vt 0.02276392 0.37212497
vt 0.03572499 0.33101770
vt 0.05221947 0.29119653
vt 0.07212184 0.25296444
vt 0.09528061 0.21661243
vt 0.12151954 0.18241718
vt 0.15063894 0.15063894
vt 0.18241718 0.12151954
vt 0.21661243 0.09528061
vt 0.25296444 0.07212184
vt 0.29119653 0.05221947
vt 0.33101770 0.03572499
vt 0.37212497 0.02276392
vt 0.41420543 0.01343490
vt 0.45693886 0.00780894
vt 0.50000000 0.00592885
vt 0.54306114 0.00780894
vt 0.58579457 0.01343490
vt 0.62787503 0.02276392
vt 0.66898227 0.03572499
vt 0.70880347 0.05221947
vt 0.74703556 0.07212184
vt 0.78338754 0.09528061
vt 0.81758279 0.12151954
vt 0.84936106 0.15063894
vt 0.87848043 0.18241718
vt 0.90471941 0.21661243
vt 0.92787814 0.25296444
vt 0.94778055 0.29119653
vt 0.96427500 0.33101770
vt 0.97723609 0.37212497
vt 0.98656511 0.41420543
vt 0.99219108 0.45693886
vt 0.99407113 0.50000000
vt 0.99219108 0.54306114
vt 0.98656511 0.58579457
vt 0.97723609 0.62787503
vt 0.96427500 0.66898227
vt 0.94778055 0.70880347
vt 0.92787814 0.74703556
vt 0.90471941 0.78338754
vt 0.87848043 0.81758279
vt 0.84936106 0.84936106
vt 0.81758279 0.87848043
vt 0.78338754 0.90471941
vt 0.74703556 0.92787814
vt 0.70880347 0.94778055
vt 0.66898227 0.96427500
vt 0.62787503 0.97723609
vt 0.58579457 0.98656511
vt 0.54306114 0.99219108
vt 0.50000000 0.99407113
vt 0.45693886 0.99219108
vt 0.41420543 0.98656511
vt 0.37212497 0.97723609
vt 0.33101770 0.96427500
vt 0.29119653 0.94778055
vt 0.25296444 0.92787814
vt 0.21661243 0.90471941
vt 0.18241718 0.87848043
vt 0.15063894 0.84936106
vt 0.12151954 0.81758279
vt 0.09528061 0.78338754
vt 0.07212184 0.74703556
vt 0.05221947 0.70880347
vt 0.03572499 0.66898227
vt 0.02276392 0.62787503
vt 0.01343490 0.58579457
vt 0.00780894 0.54306114
vt 0.00592885 0.50000000
vt 0 1
vt 0 0
vt 0.01388889 0
vt 0.01388889 1
vt 0.02777778 0
vt 0.02777778 1
vt 0.04166667 0
vt 0.04166667 1
vt 0.05555556 0
vt 0.05555556 1
vt 0.06944445 0
vt 0.06944445 1
vt 0.08333334 0
vt 0.08333334 1
vt 0.09722222 0
vt 0.09722222 1
vt 0.11111111 0
vt 0.11111111 1
vt 0.12500000 0
vt 0.12500000 1
vt 0.13888890 0
vt 0.13888890 1
vt 0.15277778 0
vt 0.15277778 1
vt 0.16666667 0
vt 0.16666667 1
vt 0.18055555 0
vt 0.18055555 1
vt 0.19444445 0
vt 0.19444445 1
vt 0.20833333 0
vt 0.20833333 1
vt 0.22222222 0
vt 0.22222222 1
vt 0.23611110 0
vt 0.23611110 1
vt 0.25000000 0
vt 0.25000000 1
vt 0.26388890 0
vt 0.26388890 1
vt 0.27777779 0
vt 0.27777779 1
vt 0.29166666 0
vt 0.29166666 1
vt 0.30555555 0
vt 0.30555555 1
vt 0.31944445 0
vt 0.31944445 1
vt 0.33333334 0
vt 0.33333334 1
vt 0.34722221 0
vt 0.34722221 1
vt 0.36111110 0
vt 0.36111110 1
vt 0.37500000 0
vt 0.37500000 1
vt 0.38888890 0
vt 0.38888890 1
vt 0.40277779 0
vt 0.40277779 1
vt 0.41666666 0
vt 0.41666666 1
vt 0.43055555 0
vt 0.43055555 1
vt 0.44444445 0
vt 0.44444445 1
vt 0.45833334 0
vt 0.45833334 1
vt 0.47222221 0
vt 0.47222221 1
vt 0.48611110 0
vt 0.48611110 1
vt 0.50000000 0
vt 0.50000000 1
vt 0.51388890 0
vt 0.51388890 1
vt 0.52777779 0
vt 0.52777779 1
vt 0.54166669 0
vt 0.54166669 1
vt 0.55555558 0
vt 0.55555558 1
vt 0.56944442 0
vt 0.56944442 1
vt 0.58333331 0
vt 0.58333331 1
vt 0.59722221 0
vt 0.59722221 1
vt 0.61111110 0
vt 0.61111110 1
vt 0.62500000 0
vt 0.62500000 1
vt 0.63888890 0
vt 0.63888890 1
vt 0.65277779 0
vt 0.65277779 1
vt 0.66666669 0
vt 0.66666669 1
vt 0.68055558 0
vt 0.68055558 1
vt 0.69444442 0
vt 0.69444442 1
vt 0.70833331 0
vt 0.70833331 1
vt 0.72222221 0
vt 0.72222221 1
vt 0.73611110 0
vt 0.73611110 1
vt 0.75000000 0
vt 0.75000000 1
vt 0.76388890 0
vt 0.76388890 1
vt 0.77777779 0
vt 0.77777779 1
vt 0.79166669 0
vt 0.79166669 1
vt 0.80555558 0
vt 0.80555558 1
vt 0.81944442 0
vt 0.81944442 1
vt 0.83333331 0
vt 0.83333331 1
vt 0.84722221 0
vt 0.84722221 1
vt 0.86111110 0
vt 0.86111110 1
vt 0.87500000 0
vt 0.87500000 1
vt 0.88888890 0
vt 0.88888890 1
vt 0.90277779 0
vt 0.90277779 1
vt 0.91666669 0
vt 0.91666669 1
vt 0.93055558 0
vt 0.93055558 1
vt 0.94444442 0
vt 0.94444442 1
vt 0.95833331 0
vt 0.95833331 1
vt 0.97222221 0
vt 0.97222221 1
vt 0.98611110 0
vt 0.98611110 1
vt 0 1
vt 0 0
vt 0.01388889 0
vt 0.01388889 1
vt 0.02777778 0
vt 0.02777778 1
vt 0.04166667 0
vt 0.04166667 1
vt 0.05555556 0
vt 0.05555556 1
vt 0.06944445 0
vt 0.06944445 1
vt 0.08333334 0
vt 0.08333334 1
vt 0.09722222 0
vt 0.09722222 1
vt 0.11111111 0
vt 0.11111111 1
vt 0.12500000 0
vt 0.12500000 1
vt 0.13888890 0
vt 0.13888890 1
vt 0.15277778 0
vt 0.15277778 1
vt 0.16666667 0
vt 0.16666667 1
vt 0.18055555 0
vt 0.18055555 1
vt 0.19444445 0
vt 0.19444445 1
vt 0.20833333 0
vt 0.20833333 1
vt 0.22222222 0
vt 0.22222222 1
vt 0.23611110 0
vt 0.23611110 1
vt 0.25000000 0
vt 0.25000000 1
vt 0.26388890 0
vt 0.26388890 1
vt 0.27777779 0
vt 0.27777779 1
vt 0.29166666 0
vt 0.29166666 1
vt 0.30555555 0
vt 0.30555555 1
vt 0.31944445 0
vt 0.31944445 1
vt 0.33333334 0
vt 0.33333334 1
vt 0.34722221 0
vt 0.34722221 1
vt 0.36111110 0
vt 0.36111110 1
vt 0.37500000 0
vt 0.37500000 1
vt 0.38888890 0
vt 0.38888890 1
vt 0.40277779 0
vt 0.40277779 1
vt 0.41666666 0
vt 0.41666666 1
vt 0.43055555 0
vt 0.43055555 1
vt 0.44444445 0
vt 0.44444445 1
vt 0.45833334 0
vt 0.45833334 1
vt 0.47222221 0
vt 0.47222221 1
vt 0.48611110 0
vt 0.48611110 1
vt 0.50000000 0
vt 0.50000000 1
vt 0.51388890 0
vt 0.51388890 1
vt 0.52777779 0
vt 0.52777779 1
vt 0.54166669 0
vt 0.54166669 1
vt 0.55555558 0
vt 0.55555558 1
vt 0.56944442 0
vt 0.56944442 1
vt 0.58333331 0
vt 0.58333331 1
vt 0.59722221 0
vt 0.59722221 1
vt 0.61111110 0
vt 0.61111110 1
vt 0.62500000 0
vt 0.62500000 1
vt 0.63888890 0
vt 0.63888890 1
vt 0.65277779 0
vt 0.65277779 1
vt 0.66666669 0
vt 0.66666669 1
vt 0.68055558 0
vt 0.68055558 1
vt 0.69444442 0
vt 0.69444442 1
vt 0.70833331 0
vt 0.70833331 1
vt 0.72222221 0
vt 0.72222221 1
vt 0.73611110 0
vt 0.73611110 1
vt 0.75000000 0
vt 0.75000000 1
vt 0.76388890 0
vt 0.76388890 1
vt 0.77777779 0
vt 0.77777779 1
vt 0.79166669 0
vt 0.79166669 1
vt 0.80555558 0
vt 0.80555558 1
vt 0.81944442 0
vt 0.81944442 1
vt 0.83333331 0
vt 0.83333331 1
vt 0.84722221 0
vt 0.84722221 1
vt 0.86111110 0
vt 0.86111110 1
vt 0.87500000 0
vt 0.87500000 1
vt 0.88888890 0
vt 0.88888890 1
vt 0.90277779 0
vt 0.90277779 1
vt 0.91666669 0
vt 0.91666669 1
vt 0.93055558 0
vt 0.93055558 1
vt 0.94444442 0
vt 0.94444442 1
vt 0.95833331 0
vt 0.95833331 1
vt 0.97222221 0
vt 0.97222221 1
vt 0.98611110 0
vt 0.98611110 1
vt 0.50000000 0.50000000
vt 0.00780894 0.45693886
vt 0.01343490 0.41420543
vt 0.02276392 0.37212497
vt 0.03572499 0.33101770
vt 0.05221947 0.29119653
vt 0.07212184 0.25296444
vt 0.09528061 0.21661243
vt 0.12151954 0.18241718
vt 0.15063894 0.15063894
vt 0.18241718 0.12151954
vt 0.21661243 0.09528061
vt 0.25296444 0.07212184
vt 0.29119653 0.05221947
vt 0.33101770 0.03572499
vt 0.37212497 0.02276392
vt 0.41420543 0.01343490
vt 0.45693886 0.00780894
vt 0.50000000 0.00592885
vt 0.54306114 0.00780894
vt 0.58579457 0.01343490
vt 0.62787503 0.02276392
vt 0.66898227 0.03572499
vt 0.70880347 0.05221947
vt 0.74703556 0.07212184
vt 0.78338754 0.09528061
vt 0.81758279 0.12151954
vt 0.84936106 0.15063894
vt 0.87848043 0.18241718
vt 0.90471941 0.21661243
vt 0.92787814 0.25296444
vt 0.94778055 0.29119653
vt 0.96427500 0.33101770
vt 0.97723609 0.37212497
vt 0.98656511 0.41420543
vt 0.99219108 0.45693886
vt 0.99407113 0.50000000
vt 0.99219108 0.54306114
vt 0.98656511 0.58579457
vt 0.97723609 0.62787503
vt 0.96427500 0.66898227
vt 0.94778055 0.70880347
vt 0.92787814 0.74703556
vt 0.90471941 0.78338754
vt 0.87848043 0.81758279
vt 0.84936106 0.84936106
vt 0.81758279 0.87848043
vt 0.78338754 0.90471941
vt 0.74703556 0.92787814
vt 0.70880347 0.94778055
vt 0.66898227 0.96427500
vt 0.62787503 0.97723609
vt 0.58579457 0.98656511
vt 0.54306114 0.99219108
vt 0.50000000 0.99407113
vt 0.45693886 0.99219108
vt 0.41420543 0.98656511
vt 0.37212497 0.97723609
vt 0.33101770 0.96427500
vt 0.29119653 0.94778055
vt 0.25296444 0.92787814
vt 0.21661243 0.90471941
vt 0.18241718 0.87848043
vt 0.15063894 0.84936106
vt 0.12151954 0.81758279
vt 0.09528061 0.78338754
vt 0.07212184 0.74703556
vt 0.05221947 0.70880347
vt 0.03572499 0.66898227
vt 0.02276392 0.62787503
vt 0.01343490 0.58579457
vt 0.00780894 0.54306114
vt 0.00592885 0.50000000
vt 0 1
vt 0 0
vt 0.01388889 0
vt 0.01388889 1
vt 0.02777778 0
vt 0.02777778 1
vt 0.04166667 0
vt 0.04166667 1
vt 0.05555556 0
vt 0.05555556 1
vt 0.06944445 0
vt 0.06944445 1
vt 0.08333334 0
vt 0.08333334 1
vt 0.09722222 0
vt 0.09722222 1
vt 0.11111111 0
vt 0.11111111 1
vt 0.12500000 0
vt 0.12500000 1
vt 0.13888890 0
vt 0.13888890 1
vt 0.15277778 0
vt 0.15277778 1
vt 0.16666667 0
vt 0.16666667 1
vt 0.18055555 0
vt 0.18055555 1
vt 0.19444445 0
vt 0.19444445 1
vt 0.20833333 0
vt 0.20833333 1
vt 0.22222222 0
vt 0.22222222 1
vt 0.23611110 0
vt 0.23611110 1
vt 0.25000000 0
vt 0.25000000 1
vt 0.26388890 0
vt 0.26388890 1
vt 0.27777779 0
vt 0.27777779 1
vt 0.29166666 0
vt 0.29166666 1
vt 0.30555555 0
vt 0.30555555 1
vt 0.31944445 0
vt 0.31944445 1
vt 0.33333334 0
vt 0.33333334 1
vt 0.34722221 0
vt 0.34722221 1
vt 0.36111110 0
vt 0.36111110 1
vt 0.37500000 0
vt 0.37500000 1
vt 0.38888890 0
vt 0.38888890 1
vt 0.40277779 0
vt 0.40277779 1
vt 0.41666666 0
vt 0.41666666 1
vt 0.43055555 0
vt 0.43055555 1
vt 0.44444445 0
vt 0.44444445 1
vt 0.45833334 0
vt 0.45833334 1
vt 0.47222221 0
vt 0.47222221 1
vt 0.48611110 0
vt 0.48611110 1
vt 0.50000000 0
vt 0.50000000 1
vt 0.51388890 0
vt 0.51388890 1
vt 0.52777779 0
vt 0.52777779 1
vt 0.54166669 0
vt 0.54166669 1
vt 0.55555558 0
vt 0.55555558 1
vt 0.56944442 0
vt 0.56944442 1
vt 0.58333331 0
vt 0.58333331 1
vt 0.59722221 0
vt 0.59722221 1
vt 0.61111110 0
vt 0.61111110 1
vt 0.62500000 0
vt 0.62500000 1
vt 0.63888890 0
vt 0.63888890 1
vt 0.65277779 0
vt 0.65277779 1
vt 0.66666669 0
vt 0.66666669 1
vt 0.68055558 0
vt 0.68055558 1
vt 0.69444442 0
vt 0.69444442 1
vt 0.70833331 0
vt 0.70833331 1
vt 0.72222221 0
vt 0.72222221 1
vt 0.73611110 0
vt 0.73611110 1
vt 0.75000000 0
vt 0.75000000 1
vt 0.76388890 0
vt 0.76388890 1
vt 0.77777779 0
vt 0.77777779 1
vt 0.79166669 0
vt 0.79166669 1
vt 0.80555558 0
vt 0.80555558 1
vt 0.81944442 0
vt 0.81944442 1
vt 0.83333331 0
vt 0.83333331 1
vt 0.84722221 0
vt 0.84722221 1
vt 0.86111110 0
vt 0.86111110 1
vt 0.87500000 0
vt 0.87500000 1
vt 0.88888890 0
vt 0.88888890 1
vt 0.90277779 0
vt 0.90277779 1
vt 0.91666669 0
vt 0.91666669 1
vt 0.93055558 0
vt 0.93055558 1
vt 0.94444442 0
vt 0.94444442 1
vt 0.95833331 0
vt 0.95833331 1
vt 0.97222221 0
vt 0.97222221 1
vt 0.98611110 0
vt 0.98611110 1
vt 0 1
vt 0 0
vt 0.01388889 0
vt 0.01388889 1
vt 0.02777778 0
vt 0.02777778 1
vt 0.04166667 0
vt 0.04166667 1
vt 0.05555556 0
vt 0.05555556 1
vt 0.06944445 0
vt 0.06944445 1
vt 0.08333334 0
vt 0.08333334 1
vt 0.09722222 0
vt 0.09722222 1
vt 0.11111111 0
vt 0.11111111 1
vt 0.12500000 0
vt 0.12500000 1
vt 0.13888890 0
vt 0.13888890 1
vt 0.15277778 0
vt 0.15277778 1
vt 0.16666667 0
vt 0.16666667 1
vt 0.18055555 0
vt 0.18055555 1
vt 0.19444445 0
vt 0.19444445 1
vt 0.20833333 0
vt 0.20833333 1
vt 0.22222222 0
vt 0.22222222 1
vt 0.23611110 0
vt 0.23611110 1
vt 0.25000000 0
vt 0.25000000 1
vt 0.26388890 0
vt 0.26388890 1
vt 0.27777779 0
vt 0.27777779 1
vt 0.29166666 0
vt 0.29166666 1
vt 0.30555555 0
vt 0.30555555 1
vt 0.31944445 0
vt 0.31944445 1
vt 0.33333334 0
vt 0.33333334 1
vt 0.34722221 0
vt 0.34722221 1
vt 0.36111110 0
vt 0.36111110 1
vt 0.37500000 0
vt 0.37500000 1
vt 0.38888890 0
vt 0.38888890 1
vt 0.40277779 0
vt 0.40277779 1
vt 0.41666666 0
vt 0.41666666 1
vt 0.43055555 0
vt 0.43055555 1
vt 0.44444445 0
vt 0.44444445 1
vt 0.45833334 0
vt 0.45833334 1
vt 0.47222221 0
vt 0.47222221 1
vt 0.48611110 0
vt 0.48611110 1
vt 0.50000000 0
vt 0.50000000 1
vt 0.51388890 0
vt 0.51388890 1
vt 0.52777779 0
vt 0.52777779 1
vt 0.54166669 0
vt 0.54166669 1
vt 0.55555558 0
vt 0.55555558 1
vt 0.56944442 0
vt 0.56944442 1
vt 0.58333331 0
vt 0.58333331 1
vt 0.59722221 0
vt 0.59722221 1
vt 0.61111110 0
vt 0.61111110 1
vt 0.62500000 0
vt 0.62500000 1
vt 0.63888890 0
vt 0.63888890 1
vt 0.65277779 0
vt 0.65277779 1
vt 0.66666669 0
vt 0.66666669 1
vt 0.68055558 0
vt 0.68055558 1
vt 0.69444442 0
vt 0.69444442 1
vt 0.70833331 0
vt 0.70833331 1
vt 0.72222221 0
vt 0.72222221 1
vt 0.73611110 0
vt 0.73611110 1
vt 0.75000000 0
vt 0.75000000 1
vt 0.76388890 0
vt 0.76388890 1
vt 0.77777779 0
vt 0.77777779 1
vt 0.79166669 0
vt 0.79166669 1
vt 0.80555558 0
vt 0.80555558 1
vt 0.81944442 0
vt 0.81944442 1
vt 0.83333331 0
vt 0.83333331 1
vt 0.84722221 0
vt 0.84722221 1
vt 0.86111110 0
vt 0.86111110 1
vt 0.87500000 0
vt 0.87500000 1
vt 0.88888890 0
vt 0.88888890 1
vt 0.90277779 0
vt 0.90277779 1
vt 0.91666669 0
vt 0.91666669 1
vt 0.93055558 0
vt 0.93055558 1
vt 0.94444442 0
vt 0.94444442 1
vt 0.95833331 0
vt 0.95833331 1
vt 0.97222221 0
vt 0.97222221 1
vt 0.98611110 0
vt 0.98611110 1
vt 0.50000000 0.50000000
vt 0.00780894 0.45693886
vt 0.01343490 0.41420543
vt 0.02276392 0.37212497
vt 0.03572499 0.33101770
vt 0.05221947 0.29119653
vt 0.07212184 0.25296444
vt 0.09528061 0.21661243
vt 0.12151954 0.18241718
vt 0.15063894 0.15063894
vt 0.18241718 0.12151954
vt 0.21661243 0.09528061
vt 0.25296444 0.07212184
vt 0.29119653 0.05221947
vt 0.33101770 0.03572499
vt 0.37212497 0.02276392
vt 0.41420543 0.01343490
vt 0.45693886 0.00780894
vt 0.50000000 0.00592885
vt 0.54306114 0.00780894
vt 0.58579457 0.01343490
vt 0.62787503 0.02276392
vt 0.66898227 0.03572499
vt 0.70880347 0.05221947
vt 0.74703556 0.07212184
vt 0.78338754 0.09528061
vt 0.81758279 0.12151954
vt 0.84936106 0.15063894
vt 0.87848043 0.18241718
vt 0.90471941 0.21661243
vt 0.92787814 0.25296444
vt 0.94778055 0.29119653
vt 0.96427500 0.33101770
vt 0.97723609 0.37212497
vt 0.98656511 0.41420543
vt 0.99219108 0.45693886
vt 0.99407113 0.50000000
vt 0.99219108 0.54306114
vt 0.98656511 0.58579457
vt 0.97723609 0.62787503
vt 0.96427500 0.66898227
vt 0.94778055 0.70880347
vt 0.92787814 0.74703556
vt 0.90471941 0.78338754
vt 0.87848043 0.81758279
vt 0.84936106 0.84936106
vt 0.81758279 0.87848043
vt 0.78338754 0.90471941
vt 0.74703556 0.92787814
vt 0.70880347 0.94778055
vt 0.66898227 0.96427500
vt 0.62787503 0.97723609
vt 0.58579457 0.98656511
vt 0.54306114 0.99219108
vt 0.50000000 0.99407113
vt 0.45693886 0.99219108
vt 0.41420543 0.98656511
vt 0.37212497 0.97723609
vt 0.33101770 0.96427500
vt 0.29119653 0.94778055
vt 0.25296444 0.92787814
vt 0.21661243 0.90471941
vt 0.18241718 0.87848043
vt 0.15063894 0.84936106
vt 0.12151954 0.81758279
vt 0.09528061 0.78338754
vt 0.07212184 0.74703556
vt 0.05221947 0.70880347
vt 0.03572499 0.66898227
vt 0.02276392 0.62787503
vt 0.01343490 0.58579457
vt 0.00780894 0.54306114
vt 0.00592885 0.50000000
vt 0 0.00000000
vt 0 0.88888890
vt 0.93990391 0.88888890
vt 0.93990391 0.00000000
vt 1 1
vt 1 0.88888890
vt 0 1
vt 0.87631506 -0.00000000
vt 0.87631506 1
vt 0.02219791 1
vt 0 0.00000000
vt 1 0.36119166
vt 0.86943930 1
vt 0 1
vt 0.07854521 -0.00000000
vt 0.86943930 -0.00000000
vt 1 0.63880831
vt 1 1
vt 1 0.00000000
vt 0.15297008 0.00000000
vt 0.15297008 1
vt 0 0.50000000
vt 0.02207612 -0.00000000
vt 0.02207612 1
vt 0 0.50000000
vt 0 -0.00000000
vt 0.00000000 1
vt 1 0.88888890
vt 1 1
vt 1 -0.00000000
vt 0.00638090 1
vt 0 0.36119166
vt 0.00638090 0.00000000
vt 0.99928522 0.00000000
vt 0.53931689 1
vt 0.62197429 1
vt 0.61345845 1
vt 0.99928522 1
vt 1 0.00290355
vt 0.00638090 1
vt 0.00638090 0.00000000
vt 0.99928522 0
vt 0.99928522 1
vt 1 0.99709642
vt 0 0.63880831
vt 0 0.50000000
vt 0.00016126 1
vt 0.99983877 1
vt 1 0.50000000
vt 0.99983877 0
vt 0.00016126 0.00000000
vt 0 -0.00000000
vt 0 1
vt 1 1
vt 1 -0.00000000
vt 0.99913538 0.00000000
vt 0.99913538 1
vt 0.28436503 1
vt 0.00140028 1
vt 0 0.00290355
vt 0.00140028 -0.00000000
vt 0.23843667 1
vt 0.15168974 1
vt 1 0.00110495
vt 0.00140028 1
vt 0.00140028 -0.00000000
vt 0.99913538 0.00000000
vt 0.99913538 1
vt 1 0.99889505
vt 0 0.99709642
vt 0 0.50000000
vt 0.00006138 1
vt 0.99993861 1
vt 1 0.50000000
vt 0.99993861 0.00000000
vt 0.00006138 0
vt 0.00086631 1
vt 0.00086631 -0.00000000
vt 0.99998653 -0.00000000
vt 0 0.00110495
vt 1 0.99999994
vt 0.00086631 0.00000000
vt 1 0.00000007
vt 0.99998653 1
vt 0.00086631 1
vt 0 0.99889505
vt 0 0
vt 0 1
vt 1 1
vt 1 0
vt 1 1
vt 1 0.00000000
vt 0 0
vt 0 1
vt 0 0.00000000
vt 0.19969404 1
vt 0.13363793 1
vt 0.99913478 -0.00000000
vt 0.99913478 1
vt 0.22047582 1
vt 1 0.00109640
vt 0.07444372 1
vt 0.00000000 1
vt 0 1
vt 0 0.00000000
vt 0.99913478 0
vt 1 0.99890363
vt 0.99913478 1
vt 1 0.50000000
vt 0.99993908 0
vt 0.00006090 0.00000000
vt 0 0.50000000
vt 0.00006090 1
vt 0.99993908 1
vt 1 1
vt 1 -0.00000000
vt 0 0
vt 0 1
vt 0.98813695 1
vt 0.00079208 1
vt 0.00079208 0.00000000
vt 0.98813695 0.00000000
vt 0 0.00109640
vt 1 0.43417090
vt 0.98813695 0.00000000
vt 0.98813695 1
vt 0.00079208 1
vt 1 0.56582910
vt 0.00079208 -0.00000000
vt 0 0.99890363
vt 0.97698945 0.00000000
vt 0.02301055 0
vt 0.02301055 1
vt 0.97698945 1
vt 1 0.50000000
vt 0 0.50000000
vt 0.18889938 0.00000000
vt 0.18889938 0.88888890
vt 1 0.88888890
vt 0.00713574 1
vt 1 1
vt 1 0
vt 0.00595477 0.88888890
vt 0.87194109 0.99369407
vt 0.00592885 0.99403578
vt 0.02576740 0.00000000
vt 0.87194109 0.00000000
vt 0.99407113 0.63455796
vt 0.14721532 1
vt 0.14721532 0.00000000
vt 0.91333491 -0.00000000
vt 1 1
vt 0 0.63858485
vt 1 0
vt 0.02208948 0.00000000
vt 0.02208948 1
vt 1 1
vt 0 0.50000000
vt 0.15305024 0.00000000
vt 0 0.50000000
vt 0.15305024 1
vt 0 -0.00000000
vt 0.00000000 0.88888890
vt 1 0.88888890
vt 0.00000000 1
vt 1 1
vt 1 -0.00000000
vt 0.99361825 -0.00000000
vt 0.91642976 1
vt 0.43151313 1
vt 0.00071476 0.00000000
vt 0.99361825 1
vt 0.00071476 1
vt 0 0.00290353
vt 1 0.36141515
vt 0.38304490 1
vt 0.99361825 1
vt 0.00071476 1
vt 0.00071476 0.00000000
vt 0.99361825 0.00000000
vt 1 0.63858485
vt 0 0.99709648
vt 1 1
vt 1 -0.00000000
vt 0.00018144 0.00000000
vt 0 0.50000000
vt 0.00018144 1
vt 0 0.50000000
vt 0.00144966 1
vt 0.00144966 0.00000000
vt 1 0
vt 0 -0.00000000
vt 0.00000000 0.88888890
vt 1 1
vt 0 1
vt 0.00085792 -0.00000000
vt 0.99859971 -0.00000000
vt 0.71558034 1
vt 0.00085792 1
vt 0 0.00108787
vt 0.99859971 1
vt 0.84857267 1
vt 0.84590536 1
vt 1 0.00290353
vt 0.99859971 -0.00000000
vt 0.99859971 1
vt 0.00085792 1
vt 1 0.99709648
vt 0.00085792 0.00000000
vt 0 0.99891216
vt 1 0.50000000
vt 0.99993956 0
vt 0.00006043 0.00000000
vt 0 0.50000000
vt 0.00006043 1
vt 0.99993956 1
vt 0 0.00000000
vt 0.99913818 -0.00000000
vt 0.71634233 1
vt 0.77530694 1
vt 0.86213654 1
vt 0.99913818 1
vt 1 0.00108787
vt 0.00001350 0.99999994
vt 0.99913818 1
vt 0 1
vt 0.00001350 0.00000007
vt 0.99913818 -0.00000000
vt 1 0.99891216
vt 1 1
vt 1 0.00000000
vt 0 0
vt 0 1
vt 0 0.00000000
vt 0 1
vt 1 1
vt 1 0.00000000
vt 0.00085624 0
vt 1 0.00000000
vt 0.71874261 1
vt 0.86421782 1
vt 0.77760875 1
vt 0.00085624 1
vt 0 0.00107939
vt 1 1
vt 1 -0.00000000
vt 1 1
vt 0.00085624 1
vt 0.00085624 0.00000000
vt 0 0.99892062
vt 1 0.50000000
vt 0.99994004 0.00000000
vt 0.00005996 0
vt 0 0.50000000
vt 0.00005996 1
vt 0.99994004 1
vt 1 1
vt 1 0.00000000
vt 0 0
vt 0 1
vt 0.01186355 1
vt 0 0.43425539
vt 0.01186355 -0.00000000
vt 0.99921405 -0.00000000
vt 0.79540271 1
vt 0.99921405 1
vt 1 0.00107939
vt 0.01186355 0.00000000
vt 0.99921405 0.00000000
vt 0.99921405 1
vt 0.01186355 1
vt 1 0.99892062
vt 0 0.56574458
vt 0.02301482 1
vt 0.97698516 1
vt 0.97698516 0.00000000
vt 0.02301482 0.00000000
vt 0 0.50000000
vt 1 0.50000000
vt 0 0.00000000
vt -0.00000000 1
vt 1 1
vt 1 0.00000000
vt 0.00286991 0.00000000
vt 0.46902987 1
vt 0.27398911 1
vt 0.99686283 -0.00000000
vt 0.51249236 1
vt 0.99686283 1
vt 0.73422211 1
vt 0.00286991 1
vt 0 0.28928438
vt 1 0.43425539
vt 0.22973566 1
vt 0.02894516 1
vt 0.99686283 1
vt 0.00286991 1
vt 0.00286991 -0.00000000
vt 0.99686283 0.00000000
vt 1 0.56574458
vt 0 0.71071559
vt 1 0.50000000
vt 0 0.50000000
vt 0.01557087 1
vt 0.98442912 0
vt 0.01557087 0.00000000
vt 0.98442912 1
vt 0.00000000 1
vt 1 1
vt 1 0
vt 0 0
vt 0.99511713 0.00000000
vt 0.72387427 1
vt 0.41947219 1
vt 0.00226164 0.00000000
vt 0.75150806 1
vt 0.79505813 1
vt 0.99511713 1
vt 0.00226164 1
vt 0 0.04624737
vt 1 0.28928438
vt 0.37822223 1
vt 0.99511713 0.00000000
vt 0.99511713 1
vt 0.00226164 1
vt 1 0.71071559
vt 0.00226164 0.00000000
vt 0 0.95375264
vt 0 0.50000000
vt 0.00255616 1
vt 0.99744385 1
vt 1 0.50000000
vt 0.99744385 0.00000000
vt 0.00255616 0
vt 0 -0.00000000
vt -0.00000000 1
vt 1 1
vt 1 -0.00000000
vt 0.99727982 0.00747567
vt 0.89293480 1
vt 0.46904647 1
vt 0.00225665 0.00747567
vt 0.96546090 1
vt 0.93611342 1
vt 0.99727982 1
vt 0.43972629 1
vt 0.39655027 1
vt 1 0.05337731
vt 0 1
vt 0.00113682 0
vt 0.99727982 -0.00000000
vt 0.99727982 0.99252433
vt 0.00225665 0.99252433
vt 1 0.94662267
vt 0 0.00000000
vt 0.00113682 1
vt 0 1
vt 0.00041844 0.50000000
vt 0.99958158 0.50000000
vt 0 0
vt 1 0.00000000
vt 1 1
vt 1 0
vt 0 0.00000000
vt 0.00000000 1
vt 1 1
vt 0.00092841 0.00747567
vt 0.99550843 0.00747567
vt 0.80805904 1
vt 0.94393986 1
vt 0.81078428 1
vt 0.00092841 1
vt 0 0.00876463
vt 1 1
vt 0.99773729 0
vt 0.00092841 -0.00000000
vt 1 0.00000000
vt 0.99550843 0.99252433
vt 0.00092841 0.99252433
vt 0.99773729 1
vt 0 0.99123538
vt 0 0.50000000
vt 0.00007214 1
vt 0.99992788 1
vt 1 0.50000000
vt 0.99992788 0.00000000
vt 0.00007214 0
vt 0.99452394 0
vt 0.99452394 1
vt 0.00779783 1
vt 0 0.00263691
vt 0.00779783 0.00000000
vt 1 0.00129867
vt 0 0.00000000
vt 0 1
vt 1 0.88888890
vt 1 1
vt 1 0
vt 0.00779783 -0.00000000
vt 0.99452394 -0.00000000
vt 0.99452394 1
vt 0.00779783 1
vt 1 0.99870133
vt 0 0.99736309
vt 1 1
vt 1 0
vt 0.00016478 0.00000000
vt 0 0.50000000
vt 0.00016478 1
vt 0 0.50000000
vt 0.00131672 1
vt 0.00131672 0
vt 0.00000000 0.88888890
vt 0.00000000 1
vt 1 1
vt 1 0
vt 0 0
vt 1 0.88888890
vt 0.99911505 1
vt 0.36239585 1
vt 0.99911505 0.00000000
vt 0.00081564 1
vt 0 0.00223923
vt 0.00081564 0
vt 1 0.00263691
vt 0.99911505 -0.00000000
vt 0.99911505 1
vt 0.00081564 1
vt 1 0.99736309
vt 0.00081564 -0.00000000
vt 0 0.99776077
vt 1 0.00000000
vt 0 0.50000000
vt 0.00111836 1
vt 0.00111836 0
vt 1 1
vt 0.00013993 0
vt 0 0.50000000
vt 0.00013993 1
vt 0.00000000 0.00000000
vt 0.00000000 0.88888890
vt 1 0.88888890
vt 0 1
vt 1 1
vt 1 0
vt 0.99433917 1
vt 0.00668327 1
vt 0.00668327 0.00000000
vt 0.99433917 -0.00000000
vt 1 0.99839455
vt 0 0.99776077
vt 0.99331671 0.00000000
vt 0.99331671 1
vt 0.00566081 1
vt 1 0.99776077
vt 0.00566081 0.00000000
vt 0 0.99839455
vt 1 0
vt 0 0.50000000
vt 0.00080209 1
vt 0.00080209 0.00000000
vt 1 1
vt 0.00010033 -0.00000000
vt 0 0.50000000
vt 0.00010033 1
vt 1 0
vt 0.00000000 0
vt -0.00000000 0.88888890
vt 1 1
vt -0.00000000 1
vt 0.00118509 -0.00000000
vt 0.99930966 0.00000000
vt 0.99930966 1
vt 0.00118509 1
vt 0 0.00474586
vt 1 0.00160547
vt 0.00118509 1
vt 0.00118509 0.00000000
vt 0.99930966 -0.00000000
vt 0.99930966 1
vt 1 0.99839455
vt 0 0.99525416
vt 1 0.50000000
vt 0.99973649 0
vt 0.00026352 0.00000000
vt 0 0.50000000
vt 0.00026352 1
vt 0.99973649 1
vt 0 0
vt 0 1
vt 1 1
vt 1 0
vt 0.99720979 1
vt 0.01038447 1
vt 0.35425892 -0.00000000
vt 0.99720979 -0.00000000
vt 1 0.99965888
vt 0.01038447 0.00000000
vt 0 0.99525416
vt 0.98961556 1
vt 0.00279024 1
vt 0.00279024 -0.00000000
vt 0.98961556 -0.00000000
vt 1 0.99525416
vt 0 0.99965888
vt 1 0.50000000
vt 0.99998105 0
vt 0.00001895 0.00000000
vt 0 0.50000000
vt 0.00001895 1
vt 0.99998105 1
vt 0.08873630 0.25369555
vt 0.08873630 0.24808161
vt 0.09509312 0.24808161
vt 0.09509312 0.25369555
vt 0.16203184 0.24808161
vt 0.16203184 0.25369555
vt 0.16355322 0.24808161
vt 0.23643181 0.25369555
vt 0.23643181 0.24808161
vt 0.24147610 0.24808161
vt 0.24147610 0.25369555
vt 0.30388954 0.24808161
vt 0.30388954 0.25369555
vt 0.30725527 0.24808161
vt 0.30725527 0.25369555
vt 0.31361228 0.24808161
vt 0.31361228 0.25369555
vt 0.37797037 0.24808161
vt 0.37797037 0.25369555
vt 0.37917435 0.24808161
vt 0.37917435 0.25369555
vt 0.38965654 0.24808161
vt 0.61449921 0.25369555
vt 0.61449921 0.24808161
vt 0.62135166 0.24808161
vt 0.62135166 0.25369555
vt 0.68639970 0.24808161
vt 0.68639970 0.25369555
vt 0.68659520 0.24808161
vt 0.68659520 0.25369555
vt 0.69614547 0.24808161
vt 0.69614547 0.25369555
vt 0.75855047 0.24808161
vt 0.75855047 0.25369555
vt 0.76490724 0.24808161
vt 0.76490724 0.25369555
vt 0.76922411 0.24808161
vt 0.83163333 0.25369555
vt 0.83163333 0.24808161
vt 0.83799052 0.24808161
vt 0.83799052 0.25369555
vt 0.84231132 0.24808161
vt 0.84231132 0.25369555
vt 0.90493345 0.24808161
vt 0.90493345 0.25369555
vt 0.91129029 0.24808161
vt 0.08873630 0.26254299
vt 0.09509312 0.26254299
vt 0.16203184 0.26254299
vt 0.16355322 0.25369555
vt 0.16355322 0.26254299
vt 0.16838905 0.25369555
vt 0.23643181 0.26254299
vt 0.24147610 0.26254299
vt 0.30388954 0.26254299
vt 0.30725527 0.26254299
vt 0.31361228 0.26254299
vt 0.37797037 0.26254299
vt 0.37917435 0.26254299
vt 0.38965654 0.25369555
vt 0.62135166 0.26254299
vt 0.68639970 0.26254299
vt 0.68659520 0.26254299
vt 0.69614547 0.26254299
vt 0.75855047 0.26254299
vt 0.76490724 0.26254299
vt 0.76922411 0.25369555
vt 0.83163333 0.26254299
vt 0.83799052 0.26254299
vt 0.84231132 0.26254299
vt 0.90493345 0.26254299
vt 0.91129029 0.25369555
vt 0.08873630 0.32119504
vt 0.09509312 0.32119504
vt 0.16203184 0.32119504
vt 0.16355322 0.32119504
vt 0.16838905 0.26254299
vt 0.16838905 0.32119504
vt 0.17272252 0.26254299
vt 0.17272252 0.32119504
vt 0.23643181 0.32119504
vt 0.24147610 0.32119504
vt 0.30388954 0.32119504
vt 0.37797037 0.32119504
vt 0.75855047 0.32119504
vt 0.76490724 0.32119504
vt 0.76922411 0.26254299
vt 0.76922411 0.32119504
vt 0.83163333 0.32119504
vt 0.83799052 0.32119504
vt 0.84231132 0.32119504
vt 0.90493345 0.32119504
vt 0.91129029 0.26254299
vt 0.30388954 0.45987198
vt 0.30725527 0.32119504
vt 0.37797037 0.45987198
vt 0.37917435 0.32119504
vt 0.76490724 0.45987198
vt 0.83799052 0.45987198
vt 0.16203184 0.49043584
vt 0.16203184 0.45987198
vt 0.16355322 0.45987198
vt 0.16355322 0.49043584
vt 0.16838905 0.45987198
vt 0.16838905 0.49043584
vt 0.17272252 0.45987198
vt 0.17272252 0.49043584
vt 0.23643181 0.45987198
vt 0.23643181 0.49043584
vt 0.24147610 0.45987198
vt 0.30388954 0.49043584
vt 0.30725527 0.45987198
vt 0.30725527 0.49043584
vt 0.31361228 0.45987198
vt 0.37797037 0.49043584
vt 0.37917435 0.45987198
vt 0.61449921 0.49043584
vt 0.61449921 0.45987198
vt 0.62135166 0.45987198
vt 0.68639970 0.49043584
vt 0.68639970 0.45987198
vt 0.68659520 0.45987198
vt 0.68659520 0.49043584
vt 0.69614547 0.45987198
vt 0.75855047 0.49043584
vt 0.75855047 0.45987198
vt 0.76490724 0.49043584
vt 0.76922411 0.45987198
vt 0.76922411 0.49043584
vt 0.83163333 0.45987198
vt 0.83163333 0.49043584
vt 0.83799052 0.49043584
vt 0.84231132 0.45987198
vt 0.08873630 0.62514168
vt 0.08873630 0.49043584
vt 0.09509312 0.49043584
vt 0.16203184 0.62514168
vt 0.16355322 0.62514168
vt 0.23643181 0.62514168
vt 0.24147610 0.49043584
vt 0.30388954 0.62514168
vt 0.30725527 0.62514168
vt 0.31361228 0.49043584
vt 0.37797037 0.62514168
vt 0.37917435 0.49043584
vt 0.61449921 0.62514168
vt 0.62135166 0.49043584
vt 0.68639970 0.62514168
vt 0.68659520 0.62514168
vt 0.69614547 0.49043584
vt 0.75855047 0.62514168
vt 0.76490724 0.62514168
vt 0.83163333 0.62514168
vt 0.82581061 0.62416971
vt 0.83048254 0.50177473
vt 0.76922411 0.62514168
vt 0.77241099 0.61346138
vt 0.77708298 0.49106637
vt 0.83799052 0.62514168
vt 0.84231132 0.49043584
vt 0.90493345 0.62514168
vt 0.90493345 0.49043584
vt 0.91129029 0.49043584
vt 0.02613105 0.65515924
vt 0.02613105 0.62514168
vt 0.08873630 0.65515924
vt 0.09509312 0.62514168
vt 0.16203184 0.65515924
vt 0.16355322 0.65515924
vt 0.16838905 0.62514168
vt 0.16838905 0.65515924
vt 0.17272252 0.62514168
vt 0.23643181 0.65515924
vt 0.24147610 0.62514168
vt 0.24147610 0.65515924
vt 0.30388954 0.65515924
vt 0.30725527 0.65515924
vt 0.31361228 0.62514168
vt 0.37797037 0.65515924
vt 0.37917435 0.62514168
vt 0.37917435 0.65515924
vt 0.38965654 0.62514168
vt 0.61449921 0.65515924
vt 0.62135166 0.62514168
vt 0.68639970 0.65515924
vt 0.68659520 0.65515924
vt 0.69614547 0.62514168
vt 0.75855047 0.65515924
vt 0.76490724 0.65515924
vt 0.76922411 0.65515924
vt 0.83163333 0.65515924
vt 0.83799052 0.65515924
vt 0.84231132 0.62514168
vt 0.90493345 0.65515924
vt 0.91129029 0.62514168
vt 0.02613105 0.80829799
vt 0.02931798 0.66662055
vt 0.08271757 0.65591222
vt 0.08873630 0.80829799
vt 0.03398954 0.78901553
vt 0.08738951 0.77830803
vt 0.09509312 0.65515924
vt 0.15623002 0.66363502
vt 0.16203184 0.80829799
vt 0.16090195 0.78602999
vt 0.09509312 0.80829799
vt 0.10283042 0.67434335
vt 0.10750237 0.79673833
vt 0.16355322 0.80829799
vt 0.16838905 0.80829799
vt 0.17272252 0.65515924
vt 0.17272252 0.80829799
vt 0.17590944 0.67070049
vt 0.22930904 0.65999210
vt 0.23643181 0.80829799
vt 0.18058100 0.79309547
vt 0.23398098 0.78238797
vt 0.30725527 0.80829799
vt 0.31361228 0.65515924
vt 0.68639970 0.80829799
vt 0.75855047 0.80829799
vt 0.83163333 0.80829799
vt 0.90493345 0.80829799
vt 0.91129029 0.65515924
vt 0.54083139 0.65515924
vt 0.54083139 0.62514168
vt 0.54594147 0.62514168
vt 0.54083139 0.49043584
vt 0.54594147 0.49043584
vt 0.54083139 0.45987198
vt 0.54594147 0.45987198
vt 0.54083139 0.32119504
vt 0.54594147 0.32119504
vt 0.54083139 0.26254299
vt 0.54594147 0.26254299
vt 0.54083139 0.25369555
vt 0.54594147 0.25369555
vt 0.54083139 0.24808161
vt 0.54594147 0.24808161
vt 0.45921579 0.24808161
vt 0.17272252 0.99669558
vt 0.01914081 0.80829799
vt 0.01330670 0.65515924
vt 0.02613105 0.45987198
vt 0.02613105 0.49043584
vt 0.00703125 0.49043584
vt 0.02613105 0.32119504
vt 0.00058370 0.32119504
vt 0 0.30587348
vt 0.03227911 0.26254299
vt 0.02613105 0.27079597
vt 0.03887001 0.25369555
vt 0.04305213 0.24808161
vt 0.08873630 0.18675657
vt 0.09509312 0.17822336
vt 0.15142727 0.10260208
vt 0.16203184 0.10045471
vt 0.30388954 0.06949313
vt 0.37797037 0.02462839
vt 0.41699192 0.17483698
vt 0.45921579 0.22570674
vt 0.47039190 0.16412950
vt 0.49260780 0.00022249
vt 0.49962029 0.19844390
vt 0.38221714 0.02239741
vt 0.41231999 0.05244200
vt 0.46571994 0.04173363
vt 0.50598001 0
vt 0.68659520 0.06328336
vt 0.69614547 0.06915937
vt 0.76490724 0.08479442
vt 0.76922411 0.08567198
vt 0.83799052 0.09965146
vt 0.84231132 0.10052984
vt 0.84699607 0.10148219
vt 0.90493345 0.17786057
vt 0.91129029 0.18624072
vt 0.95820010 0.24808161
vt 0.96245861 0.25369555
vt 0.68659520 0.80829799
vt 0.68659520 0.97834206
vt 0.68639970 0.97830284
vt 0.22293517 0.49301025
vt 0.22760712 0.61540520
vt 0.17420754 0.62611359
vt 0.16953559 0.50371861
vt 0.16724250 0.95213777
vt 0.16355322 0.99714315
vt 0.16203184 0.99721742
vt 0.16257057 0.82974279
vt 0.16838905 0.99690711
vt 0.10917097 0.84045118
vt 0.11384291 0.96284616
vt 0.10502800 1
vt 0.16783367 0.45913172
vt 0.22123326 0.44842336
vt 0.17272252 0.33481950
vt 0.16838905 0.33568847
vt 0.16316172 0.33673674
vt 0.16355322 0.33665821
vt 0.68657243 0.09965640
vt 0.61631101 0.02216301
vt 0.62851024 0.02754531
vt 0.63479549 0.06785689
vt 0.68639970 0.06316310
vt 0.62092173 0.18653353
vt 0.67269903 0.21833304
vt 0.23643181 0.08538906
vt 0.23660640 0.12115387
vt 0.24127835 0.24354886
vt 0.24147610 0.08436762
vt 0.29847223 0.07282618
vt 0.29000598 0.11044550
vt 0.29467794 0.23284049
vt 0.37556028 0.65515924
vt 0.32018140 0.61402041
vt 0.32485336 0.73641539
vt 0.76603717 0.78044415
vt 0.77070910 0.65804827
vt 0.76490724 0.80829799
vt 0.82410866 0.66875660
vt 0.81943715 0.79115158
vt 0.76922411 0.80829799
vt 0.67985320 0.61163950
vt 0.62645358 0.60093111
vt 0.62178165 0.72332609
vt 0.62135166 0.65515924
vt 0.68155509 0.56705260
vt 0.68622702 0.44465673
vt 0.63282746 0.43394923
vt 0.62815553 0.55634421
vt 0.69614547 0.32119504
vt 0.69260091 0.27767485
vt 0.63920093 0.26696649
vt 0.63452935 0.38936237
vt 0.68639970 0.39976320
vt 0.62135166 0.32119504
vt 0.68792897 0.40006983
vt 0.70400393 0.48742351
vt 0.75273198 0.62052774
vt 0.75740391 0.49813187
vt 0.69933236 0.60981935
vt 0.71037781 0.32044163
vt 0.70570588 0.44283748
vt 0.75910580 0.45354497
vt 0.76377738 0.33115000
vt 0.76436895 0.82415605
vt 0.75969702 0.94655192
vt 0.75855047 0.99125022
vt 0.81309658 0.95725942
vt 0.76922411 0.99177122
vt 0.83163333 0.99480587
vt 0.81776851 0.83486444
vt 0.82166672 0.99433118
vt 0.83024710 0.25369555
vt 0.83046138 0.24808161
vt 0.83163333 0.21737981
vt 0.83479303 0.13460119
vt 0.78139347 0.12389283
vt 0.83163333 0.09835911
vt 0.77672154 0.24628781
vt 0.83012110 0.25699618
vt 0.84231132 0.65515924
vt 0.84379619 0.66147262
vt 0.83912462 0.78386760
vt 0.83799052 0.80829799
vt 0.89252418 0.79457599
vt 0.89719611 0.67218101
vt 0.84231132 0.80829799
vt 0.85654390 0.32750887
vt 0.85187197 0.44990385
vt 0.90994346 0.33821723
vt 0.90527153 0.46061221
vt 0.91129029 0.45987198
vt 0.91129029 0.32119504
vt 0.23625723 0.33353090
vt 0.21656132 0.32602838
vt 0.24092916 0.45592588
vt 0.29432875 0.44521838
vt 0.28965718 0.32282254
vt 0.91096842 0.81985760
vt 0.90629691 0.94225347
vt 0.91129029 0.80829799
vt 0.89500505 0.99782431
vt 0.98079473 0.80829799
vt 0.97389776 0.98969203
vt 0.95969647 0.95296097
vt 0.91129029 0.99614561
vt 0.96436840 0.83056599
vt 0.56648993 0.25369555
vt 0.56615222 0.26254299
vt 0.56391346 0.32119504
vt 0.61525887 0.38571772
vt 0.61993080 0.26332274
vt 0.61604244 0.26254299
vt 0.57192284 0.25369555
vt 0.56653124 0.25261438
vt 0.58161682 0.17456844
vt 0.54594147 0.00802736
vt 0.58628875 0.05217345
vt 0.54083139 0.22459182
vt 0.52821726 0.16386096
vt 0.53288919 0.04146509
vt 0.43349534 0.25477675
vt 0.45921579 0.26254299
vt 0.45921579 0.32119504
vt 0.45921579 0.25369555
vt 0.38965654 0.26254299
vt 0.38009575 0.26548511
vt 0.36720753 0.43633014
vt 0.31847951 0.56943351
vt 0.37187946 0.55872512
vt 0.37358138 0.60331202
vt 0.37441456 0.62514168
vt 0.36550561 0.39174327
vt 0.31380793 0.44703764
vt 0.31210601 0.40245163
vt 0.36083367 0.26934740
vt 0.30743408 0.28005576
vt 0.31341663 0.94528997
vt 0.30725527 0.98175716
vt 0.30388954 0.98243213
vt 0.31361228 0.80829799
vt 0.31361228 0.98048228
vt 0.30874506 0.82289493
vt 0.25534511 0.83360243
vt 0.30388954 0.80829799
vt 0.24147610 0.80829799
vt 0.26001704 0.95599830
vt 0.25150955 0.99293643
vt 0.30707645 0.77918214
vt 0.24900493 0.66749555
vt 0.30240452 0.65678716
vt 0.25367689 0.78989053
vt 0.29603067 0.48980528
vt 0.30070260 0.61220026
vt 0.24730302 0.62290865
vt 0.24263108 0.50051278
vt 0.83278406 0.94997537
vt 0.88618362 0.96068376
vt 0.84231132 0.99531448
vt 0.89085561 0.83828878
vt 0.83745599 0.82758039
vt 0.38476771 0.38788012
vt 0.38646960 0.43246698
vt 0.38751569 0.45987198
vt 0.38965654 0.51595837
vt 0.38868234 0.49043584
vt 0.43986920 0.42175952
vt 0.45921579 0.45987198
vt 0.45921579 0.49043584
vt 0.43816727 0.37717262
vt 0.30725527 0.06742234
vt 0.31203672 0.10087361
vt 0.31361228 0.06351114
vt 0.37003008 0.02879971
vt 0.36381403 0.06907498
vt 0.37768781 0.18775074
vt 0.32591051 0.21955025
vt 0.39284348 0.59944975
vt 0.39751503 0.72184473
vt 0.38965654 0.65515924
vt 0.44624305 0.58874136
vt 0.45921579 0.62514168
vt 0.45921579 0.65515924
vt 0.39114156 0.55486286
vt 0.44454116 0.54415447
vt 0.56015736 0.41959712
vt 0.55548543 0.54199213
vt 0.60888499 0.55270046
vt 0.61355692 0.43030462
vt 0.56185925 0.37501022
vt 0.59617096 0.88579017
vt 0.60084289 0.76339430
vt 0.61449921 0.80829799
vt 0.54594147 0.91746056
vt 0.54277140 0.87508178
vt 0.61449921 0.94851202
vt 0.54594147 0.65515924
vt 0.54744333 0.75268680
vt 0.54083139 0.72916961
vt 0.53502852 0.91251785
vt 0.53448278 0.89796615
vt 0.08873630 0.45987198
vt 0.07464179 0.44434345
vt 0.06996985 0.32194844
vt 0.02124220 0.45505181
vt 0.00586686 0.45987198
vt 0.01657026 0.33265680
vt 0.74001753 0.95361739
vt 0.74852049 0.99076062
vt 0.69614547 0.98025727
vt 0.74468952 0.83122152
vt 0.69614547 0.80829799
vt 0.68661797 0.94290906
vt 0.69128990 0.82051402
vt 0.33119389 0.90252316
vt 0.37797037 0.95411253
vt 0.32462585 0.97827363
vt 0.32652196 0.78012818
vt 0.38459349 0.89181483
vt 0.37917435 0.95356721
vt 0.38965654 0.80829799
vt 0.38965654 0.94881958
vt 0.37992156 0.76941985
vt 0.37825295 0.72570699
vt 0.37797037 0.71830374
vt 0.89889807 0.62759411
vt 0.85017002 0.49449074
vt 0.84549809 0.61688572
vt 0.90357000 0.50519913
vt 0.08101565 0.61132532
vt 0.02761606 0.62203366
vt 0.07634371 0.48893031
vt 0.02294412 0.49963868
vt 0.19067758 0.25369555
vt 0.17272252 0.25729614
vt 0.21867277 0.24808161
vt 0.22201626 0.24741113
vt 0.21734431 0.12501614
vt 0.16394472 0.13572451
vt 0.16838905 0.09916741
vt 0.17272252 0.09828990
vt 0.16355322 0.10014664
vt 0.16823351 0.24808161
vt 0.16838905 0.25215623
vt 0.16861667 0.25811949
vt 0.16844781 0.25369555
vt 0.77878487 0.44647950
vt 0.78345680 0.32408449
vt 0.83685642 0.33479288
vt 0.83218443 0.45718786
vt 0.60718310 0.59728736
vt 0.55378348 0.58657902
vt 0.54911155 0.70897400
vt 0.60251153 0.71968234
vt 0.74635810 0.78750962
vt 0.75103003 0.66511375
vt 0.69295853 0.77680123
vt 0.69763047 0.65440625
vt 0.69614547 0.65515924
vt 0.62011307 0.76703894
vt 0.67518127 0.73403448
vt 0.67351300 0.77774727
vt 0.61544150 0.88943392
vt 0.66884106 0.90014225
vt 0.67540568 0.97609806
vt 0.62135166 0.95161569
vt 0.45091501 0.71113634
vt 0.45258322 0.75484920
vt 0.39918363 0.76555753
vt 0.45921579 0.73133224
vt 0.40385559 0.88795251
vt 0.45725515 0.87724417
vt 0.46555030 0.90019190
vt 0.46500349 0.91469300
vt 0.02613105 0.99178368
vt 0.03565814 0.83272839
vt 0.02613425 0.99186766
vt 0.04033009 0.95512336
vt 0.08905773 0.82201999
vt 0.09372967 0.94441587
vt 0.24032114 0.94849581
vt 0.23564959 0.82609993
vt 0.17817238 0.99642956
vt 0.18692155 0.95920324
vt 0.18224962 0.83680826
vt 0.99931526 0.32119504
vt 0.93005669 0.31978607
vt 0.96916991 0.26254299
vt 1 0.30318603
vt 0.92538476 0.44218105
vt 0.97878438 0.45288941
vt 0.99404252 0.45987198
vt 0.98345631 0.33049443
vt 0.75736409 0.24240623
vt 0.76203603 0.12001124
vt 0.75855047 0.08350214
vt 0.70863646 0.10930288
vt 0.70016623 0.07163324
vt 0.70396447 0.23169786
vt 0.10112851 0.62975645
vt 0.09645656 0.50736147
vt 0.14985654 0.49665311
vt 0.15452810 0.61904812
vt 0.98775864 0.62514168
vt 0.98661733 0.65515924
vt 0.91730899 0.65374982
vt 0.96603703 0.78685319
vt 0.97070861 0.66445816
vt 0.91263705 0.77614570
vt 0.99288040 0.49043584
vt 0.92368287 0.48676795
vt 0.97241050 0.61987132
vt 0.97708243 0.49747631
vt 0.91901094 0.60916293
vt 0.09008309 0.34037873
vt 0.09475465 0.46277460
vt 0.14348269 0.32967123
vt 0.14815462 0.45206624
vt 0.01216313 0.62514168
vt 0.83799052 0.99510866
vt 0.61449921 0.26223353
vt 0.76490724 0.99156052
vt 0.00313943 -0.00000000
vt 0.00326114 1
vt 0.00313943 1
vt 0.99713832 0.00000000
vt 0.53452188 1
vt 0.49102670 1
vt 0.77399606 1
vt 0.72970927 1
vt 0.26913014 1
vt 0.97493756 1
vt 0.99713832 1
vt 1 0.28580505
vt 0 0.43417090
vt 0.99952310 0.00750444
vt 0.99952310 1
vt 0.21147712 1
vt 0.00450855 0.00750444
vt 0.12268213 1
vt 1 0.00784300
vt 0.07566940 1
vt 0 1
vt 0.00227132 0
vt 0 0.00000000
vt 0 1
vt 1 0.88888890
vt 1 1
vt 1 0.00000000
vt 0.99952310 -0.00000000
vt 0.99952310 0.99249554
vt 0.00450855 0.99249554
vt 1 0.99215698
vt 0.00000000 0.00000000
vt 0.00227132 1
vt 0.50739223 0.00022249
vt 0.50713640 0.01252455
vt 0.49423307 0.01230987
vt 0.61778283 0.02239741
vt 0.61694419 0.03458239
vt 0.37269086 0.03954604
vt 0.30077055 0.08379661
vt 0.29983377 0.07163324
vt 0.37148976 0.02754531
vt 0.38368902 0.02216301
vt 0.38442963 0.03436691
vt 0.49401999 0
vt 0.62996989 0.02879971
vt 0.62867391 0.04074445
vt 0.70152777 0.07282618
vt 0.70058805 0.08499009
vt 0.15465133 0.11350109
vt 0.84857273 0.10260208
vt 0.84690028 0.11461763
vt 0.15300395 0.10148219
vt 0.00563509 0.30994797
vt 0.82182765 0.99642956
vt 0.74849045 0.99293643
vt 0.74877810 0.98068100
vt 0.82193792 0.98416567
vt 0.89490664 0.98772752
vt 0.17833327 0.99433118
vt 0.17821808 0.98206735
vt 0.25118655 0.97850543
vt 0.10499498 0.99782431
vt 0.10505784 0.98555195
vt 1 0.30587348
vt 0.99436301 0.31256720
vt 0.89497203 1
vt 0.96893221 0.98009700
vt 0.02610223 0.98969203
vt 0.03103268 0.97792149
vt 0.97386575 0.99186766
vt 0.67537415 0.97827363
vt 0.67612761 0.96611160
vt 0.25147948 0.99076062
vt 0.32383597 0.96393627
vt 0 0.30318603
vt 0.53499651 0.91469300
vt 0.46538141 0.90158784
vt 0.46497148 0.91251785
vt 0.53451681 0.90197241
vt 0.32459429 0.97609806
vt 0.99713832 1
vt 0.00313943 1
vt 0.00313943 0.00000000
vt 0.99713832 -0.00000000
vt 1 0.71419495
vt 0 0.56582910
vt 1 0
vt 0 0.00000000
vt 0.00000000 0.88888890
vt 1 1
vt -0.00000000 1
vt 1 0
vt 0 0.50000000
vt 0.12503473 1
vt 0.12503473 0.00000000
vt 1 1
vt 0 0.50000000
vt 0.01754933 1
vt 0.01754933 0.00000000
vt 0.00489323 0.00000000
vt 0.25973395 1
vt 0.21652246 1
vt 0.99768513 -0.00000000
vt 0.62834549 1
vt 0.58666873 1
vt 0.28715286 1
vt 0.99768513 1
vt 0.00489323 1
vt 0.00000000 0.28580505
vt 1 0.04798513
vt 0.17621438 1
vt 0.99768513 1
vt 0.00489323 1
vt 0.00489323 0.00000000
vt 0.99768513 -0.00000000
vt 1 0.95201486
vt 0 0.71419495
vt 0 0
vt 0 1
vt 1 0.88888890
vt 1 1
vt 1 0
vt 0.00276421 0.00750444
vt 0.11779629 1
vt 0.08500054 1
vt 0.00276421 1
vt 0 0.05512947
vt 0.14718524 1
vt 0.99774230 0.00750444
vt 0.61346132 1
vt 0.57925171 1
vt 0.07468273 1
vt 1 1
vt 0.99886262 -0.00000000
vt 0.00276421 0.00000000
vt 1 0.00000000
vt 0.99774230 0.99249554
vt 0.00276421 0.99249554
vt 0.99886262 1
vt 0 0.94487053
vt 0 0.50000000
vt 0.00265170 1
vt 0.99734831 1
vt 1 0.50000000
vt 0.99734831 0
vt 0.00265170 0.00000000
vt 1 0
vt 0 0.00000000
vt 0 0.88888890
vt 1 1
vt -0.00000000 1
vt 0 0.00000000
vt 1 0.00000000
vt 0.99621940 0.50000000
vt 0 1
vt 1 1
vt 0.99952745 0.50000000
vt 1 0
vt 1 1
vn 0 0 -1
vn 0 0 -1
vn 0 0 -1
vn 0 0 -1
vn 0 0 -1
vn 0 0 -1
vn 0 0 -1
vn 0 0 -1
vn 0 0 -1
vn 0 0 -1
vn 0 0 -1
vn 0 0 -1
vn 0 0 -1
vn 0 0 -1
vn 0 0 -1
vn 0 0 -1
vn 0 0 -1
vn 0 0 -1
vn 0 0 -1
vn 0 0 -1
vn 0 0 -1
vn 0 0 -1
vn 0 0 -1
vn 0 0 -1
vn 0 0 -1
vn 0 0 -1
vn 0 0 -1
vn 0 0 -1
vn 0 0 -1
vn 0 0 -1
vn 0 0 -1
vn 0 0 -1
vn 0 0 -1
vn 0 0 -1
vn 0 0 -1
vn 0 0 -1
vn 0 0 -1
vn 0 0 -1
vn 0 0 -1
vn 0 0 -1
vn 0 0 -1
vn 0 0 -1
vn 0 0 -1
vn 0 0 -1
vn 0 0 -1
vn 0 0 -1
vn 0 0 -1
vn 0 0 -1
vn 0 0 -1
vn 0 0 -1
vn 0 0 -1
vn 0 0 -1
vn 0 0 -1
vn 0 0 -1
vn 0 0 -1
vn 0 0 -1
vn 0 0 -1
vn 0 0 -1
vn 0 0 -1
vn 0 0 -1
vn 0 0 -1
vn 0 0 -1
vn 0 0 -1
vn 0 0 -1
vn 0 0 -1
vn 0 0 -1
vn 0 0 -1
vn 0 0 -1
vn 0 0 -1
vn 0 0 -1
vn 0 0 -1
vn 0 0 -1
vn 0 0 -1
vn 1 0 0
vn 1 0 0
vn 0.99619472 0.08715574 0
vn 0.99619472 0.08715574 0
vn 0.98480773 0.17364818 0
vn 0.98480773 0.17364818 0
vn 0.96592581 0.25881904 0
vn 0.96592581 0.25881904 0
vn 0.93969262 0.34202015 0
vn 0.93969262 0.34202015 0
vn 0.90630782 0.42261827 0
vn 0.90630782 0.42261827 0
vn 0.86602539 0.50000000 0
vn 0.86602539 0.50000000 0
vn 0.81915206 0.57357645 0
vn 0.81915206 0.57357645 0
vn 0.76604444 0.64278764 0
vn 0.76604444 0.64278764 0
vn 0.70710677 0.70710677 0
vn 0.70710677 0.70710677 0
vn 0.64278764 0.76604444 0
vn 0.64278764 0.76604444 0
vn 0.57357645 0.81915206 0
vn 0.57357645 0.81915206 0
vn 0.50000000 0.86602539 0
vn 0.50000000 0.86602539 0
vn 0.42261827 0.90630782 0
vn 0.42261827 0.90630782 0
vn 0.34202015 0.93969262 0
vn 0.34202015 0.93969262 0
vn 0.25881904 0.96592581 0
vn 0.25881904 0.96592581 0
vn 0.17364818 0.98480773 0
vn 0.17364818 0.98480773 0
vn 0.08715574 0.99619472 0
vn 0.08715574 0.99619472 0
vn 0.00000000 1 0
vn 0.00000000 1 0
vn -0.08715574 0.99619472 0
vn -0.08715574 0.99619472 0
vn -0.17364818 0.98480773 0
vn -0.17364818 0.98480773 0
vn -0.25881904 0.96592581 0
vn -0.25881904 0.96592581 0
vn -0.34202015 0.93969262 0
vn -0.34202015 0.93969262 0
vn -0.42261827 0.90630782 0
vn -0.42261827 0.90630782 0
vn -0.50000000 0.86602539 0
vn -0.50000000 0.86602539 0
vn -0.57357645 0.81915206 0
vn -0.57357645 0.81915206 0
vn -0.64278764 0.76604444 0
vn -0.64278764 0.76604444 0
vn -0.70710677 0.70710677 0
vn -0.70710677 0.70710677 0
vn -0.76604444 0.64278764 0
vn -0.76604444 0.64278764 0
vn -0.81915206 0.57357645 0
vn -0.81915206 0.57357645 0
vn -0.86602539 0.50000000 0
vn -0.86602539 0.50000000 0
vn -0.90630782 0.42261827 0
vn -0.90630782 0.42261827 0
vn -0.93969262 0.34202015 0
vn -0.93969262 0.34202015 0
vn -0.96592581 0.25881904 0
vn -0.96592581 0.25881904 0
vn -0.98480773 0.17364818 0
vn -0.98480773 0.17364818 0
vn -0.99619472 0.08715574 0
vn -0.99619472 0.08715574 0
vn -1 0.00000000 0
vn -1 0.00000000 0
vn -0.99619472 -0.08715574 0
vn -0.99619472 -0.08715574 0
vn -0.98480773 -0.17364818 0
vn -0.98480773 -0.17364818 0
vn -0.96592581 -0.25881904 0
vn -0.96592581 -0.25881904 0
vn -0.93969262 -0.34202015 0
vn -0.93969262 -0.34202015 0
vn -0.90630782 -0.42261827 0
vn -0.90630782 -0.42261827 0
vn -0.86602539 -0.50000000 0
vn -0.86602539 -0.50000000 0
vn -0.81915206 -0.57357645 0
vn -0.81915206 -0.57357645 0
vn -0.76604444 -0.64278764 0
vn -0.76604444 -0.64278764 0
vn -0.70710677 -0.70710677 0
vn -0.70710677 -0.70710677 0
vn -0.64278764 -0.76604444 0
vn -0.64278764 -0.76604444 0
vn -0.57357645 -0.81915206 0
vn -0.57357645 -0.81915206 0
vn -0.50000000 -0.86602539 0
vn -0.50000000 -0.86602539 0
vn -0.42261827 -0.90630782 0
vn -0.42261827 -0.90630782 0
vn -0.34202015 -0.93969262 0
vn -0.34202015 -0.93969262 0
vn -0.25881904 -0.96592581 0
vn -0.25881904 -0.96592581 0
vn -0.17364818 -0.98480773 0
vn -0.17364818 -0.98480773 0
vn -0.08715574 -0.99619472 0
vn -0.08715574 -0.99619472 0
vn -0.00000000 -1 0
vn -0.00000000 -1 0
vn 0.08715574 -0.99619472 0
vn 0.08715574 -0.99619472 0
vn 0.17364818 -0.98480773 0
vn 0.17364818 -0.98480773 0
vn 0.25881904 -0.96592581 0
vn 0.25881904 -0.96592581 0
vn 0.34202015 -0.93969262 0
vn 0.34202015 -0.93969262 0
vn 0.42261827 -0.90630782 0
vn 0.42261827 -0.90630782 0
vn 0.50000000 -0.86602539 0
vn 0.50000000 -0.86602539 0
vn 0.57357645 -0.81915206 0
vn 0.57357645 -0.81915206 0
vn 0.64278764 -0.76604444 0
vn 0.64278764 -0.76604444 0
vn 0.70710677 -0.70710677 0
vn 0.70710677 -0.70710677 0
vn 0.76604444 -0.64278764 0
vn 0.76604444 -0.64278764 0
vn 0.81915206 -0.57357645 0
vn 0.81915206 -0.57357645 0
vn 0.86602539 -0.50000000 0
vn 0.86602539 -0.50000000 0
vn 0.90630782 -0.42261827 0
vn 0.90630782 -0.42261827 0
vn 0.93969262 -0.34202015 0
vn 0.93969262 -0.34202015 0
vn 0.96592581 -0.25881904 0
vn 0.96592581 -0.25881904 0
vn 0.98480773 -0.17364818 0
vn 0.98480773 -0.17364818 0
vn 0.99619472 -0.08715574 0
vn 0.99619472 -0.08715574 0
vn 0.70710677 0 -0.70710677
vn 0.70710677 0 -0.70710677
vn 0.70441604 0.06162842 -0.70710677
vn 0.70441604 0.06162842 -0.70710677
vn 0.69636422 0.12278780 -0.70710677
vn 0.69636422 0.12278780 -0.70710677
vn 0.68301272 0.18301271 -0.70710677
vn 0.68301272 0.18301271 -0.70710677
vn 0.66446304 0.24184476 -0.70710677
vn 0.66446304 0.24184476 -0.70710677
vn 0.64085639 0.29883623 -0.70710677
vn 0.64085639 0.29883623 -0.70710677
vn 0.61237246 0.35355338 -0.70710677
vn 0.61237246 0.35355338 -0.70710677
vn 0.57922798 0.40557978 -0.70710677
vn 0.57922798 0.40557978 -0.70710677
vn 0.54167521 0.45451948 -0.70710677
vn 0.54167521 0.45451948 -0.70710677
vn 0.50000000 0.50000000 -0.70710677
vn 0.50000000 0.50000000 -0.70710677
vn 0.45451948 0.54167521 -0.70710677
vn 0.45451948 0.54167521 -0.70710677
vn 0.40557978 0.57922798 -0.70710677
vn 0.40557978 0.57922798 -0.70710677
vn 0.35355338 0.61237246 -0.70710677
vn 0.35355338 0.61237246 -0.70710677
vn 0.29883623 0.64085639 -0.70710677
vn 0.29883623 0.64085639 -0.70710677
vn 0.24184476 0.66446304 -0.70710677
vn 0.24184476 0.66446304 -0.70710677
vn 0.18301271 0.68301272 -0.70710677
vn 0.18301271 0.68301272 -0.70710677
vn 0.12278780 0.69636422 -0.70710677
vn 0.12278780 0.69636422 -0.70710677
vn 0.06162842 0.70441604 -0.70710677
vn 0.06162842 0.70441604 -0.70710677
vn 0.00000000 0.70710677 -0.70710677
vn 0.00000000 0.70710677 -0.70710677
vn -0.06162842 0.70441604 -0.70710677
vn -0.06162842 0.70441604 -0.70710677
vn -0.12278780 0.69636422 -0.70710677
vn -0.12278780 0.69636422 -0.70710677
vn -0.18301271 0.68301272 -0.70710677
vn -0.18301271 0.68301272 -0.70710677
vn -0.24184476 0.66446304 -0.70710677
vn -0.24184476 0.66446304 -0.70710677
vn -0.29883623 0.64085639 -0.70710677
vn -0.29883623 0.64085639 -0.70710677
vn -0.35355338 0.61237246 -0.70710677
vn -0.35355338 0.61237246 -0.70710677
vn -0.40557978 0.57922798 -0.70710677
vn -0.40557978 0.57922798 -0.70710677
vn -0.45451948 0.54167521 -0.70710677
vn -0.45451948 0.54167521 -0.70710677
vn -0.50000000 0.50000000 -0.70710677
vn -0.50000000 0.50000000 -0.70710677
vn -0.54167521 0.45451948 -0.70710677
vn -0.54167521 0.45451948 -0.70710677
vn -0.57922798 0.40557978 -0.70710677
vn -0.57922798 0.40557978 -0.70710677
vn -0.61237246 0.35355338 -0.70710677
vn -0.61237246 0.35355338 -0.70710677
vn -0.64085639 0.29883623 -0.70710677
vn -0.64085639 0.29883623 -0.70710677
vn -0.66446304 0.24184476 -0.70710677
vn -0.66446304 0.24184476 -0.70710677
vn -0.68301272 0.18301271 -0.70710677
vn -0.68301272 0.18301271 -0.70710677
vn -0.69636422 0.12278780 -0.70710677
vn -0.69636422 0.12278780 -0.70710677
vn -0.70441604 0.06162842 -0.70710677
vn -0.70441604 0.06162842 -0.70710677
vn -0.70710677 0.00000000 -0.70710677
vn -0.70710677 0.00000000 -0.70710677
vn -0.70441604 -0.06162842 -0.70710677
vn -0.70441604 -0.06162842 -0.70710677
vn -0.69636422 -0.12278780 -0.70710677
vn -0.69636422 -0.12278780 -0.70710677
vn -0.68301272 -0.18301271 -0.70710677
vn -0.68301272 -0.18301271 -0.70710677
vn -0.66446304 -0.24184476 -0.70710677
vn -0.66446304 -0.24184476 -0.70710677
vn -0.64085639 -0.29883623 -0.70710677
vn -0.64085639 -0.29883623 -0.70710677
vn -0.61237246 -0.35355338 -0.70710677
vn -0.61237246 -0.35355338 -0.70710677
vn -0.57922798 -0.40557978 -0.70710677
vn -0.57922798 -0.40557978 -0.70710677
vn -0.54167521 -0.45451948 -0.70710677
vn -0.54167521 -0.45451948 -0.70710677
vn -0.50000000 -0.50000000 -0.70710677
vn -0.50000000 -0.50000000 -0.70710677
vn -0.45451948 -0.54167521 -0.70710677
vn -0.45451948 -0.54167521 -0.70710677
vn -0.40557978 -0.57922798 -0.70710677
vn -0.40557978 -0.57922798 -0.70710677
vn -0.35355338 -0.61237246 -0.70710677
vn -0.35355338 -0.61237246 -0.70710677
vn -0.29883623 -0.64085639 -0.70710677
vn -0.29883623 -0.64085639 -0.70710677
vn -0.24184476 -0.66446304 -0.70710677
vn -0.24184476 -0.66446304 -0.70710677
vn -0.18301271 -0.68301272 -0.70710677
vn -0.18301271 -0.68301272 -0.70710677
vn -0.12278780 -0.69636422 -0.70710677
vn -0.12278780 -0.69636422 -0.70710677
vn -0.06162842 -0.70441604 -0.70710677
vn -0.06162842 -0.70441604 -0.70710677
vn -0.00000000 -0.70710677 -0.70710677
vn -0.00000000 -0.70710677 -0.70710677
vn 0.06162842 -0.70441604 -0.70710677
vn 0.06162842 -0.70441604 -0.70710677
vn 0.12278780 -0.69636422 -0.70710677
vn 0.12278780 -0.69636422 -0.70710677
vn 0.18301271 -0.68301272 -0.70710677
vn 0.18301271 -0.68301272 -0.70710677
vn 0.24184476 -0.66446304 -0.70710677
vn 0.24184476 -0.66446304 -0.70710677
vn 0.29883623 -0.64085639 -0.70710677
vn 0.29883623 -0.64085639 -0.70710677
vn 0.35355338 -0.61237246 -0.70710677
vn 0.35355338 -0.61237246 -0.70710677
vn 0.40557978 -0.57922798 -0.70710677
vn 0.40557978 -0.57922798 -0.70710677
vn 0.45451948 -0.54167521 -0.70710677
vn 0.45451948 -0.54167521 -0.70710677
vn 0.50000000 -0.50000000 -0.70710677
vn 0.50000000 -0.50000000 -0.70710677
vn 0.54167521 -0.45451948 -0.70710677
vn 0.54167521 -0.45451948 -0.70710677
vn 0.57922798 -0.40557978 -0.70710677
vn 0.57922798 -0.40557978 -0.70710677
vn 0.61237246 -0.35355338 -0.70710677
vn 0.61237246 -0.35355338 -0.70710677
vn 0.64085639 -0.29883623 -0.70710677
vn 0.64085639 -0.29883623 -0.70710677
vn 0.66446304 -0.24184476 -0.70710677
vn 0.66446304 -0.24184476 -0.70710677
vn 0.68301272 -0.18301271 -0.70710677
vn 0.68301272 -0.18301271 -0.70710677
vn 0.69636422 -0.12278780 -0.70710677
vn 0.69636422 -0.12278780 -0.70710677
vn 0.70441604 -0.06162842 -0.70710677
vn 0.70441604 -0.06162842 -0.70710677
vn 0 0 -1
vn 0 0 -1
vn 0 0 -1
vn 0 0 -1
vn 0 0 -1
vn 0 0 -1
vn 0 0 -1
vn 0 0 -1
vn 0 0 -1
vn 0 0 -1
vn 0 0 -1
vn 0 0 -1
vn 0 0 -1
vn 0 0 -1
vn 0 0 -1
vn 0 0 -1
vn 0 0 -1
vn 0 0 -1
vn 0 0 -1
vn 0 0 -1
vn 0 0 -1
vn 0 0 -1
vn 0 0 -1
vn 0 0 -1
vn 0 0 -1
vn 0 0 -1
vn 0 0 -1
vn 0 0 -1
vn 0 0 -1
vn 0 0 -1
vn 0 0 -1
vn 0 0 -1
vn 0 0 -1
vn 0 0 -1
vn 0 0 -1
vn 0 0 -1
vn 0 0 -1
vn 0 0 -1
vn 0 0 -1
vn 0 0 -1
vn 0 0 -1
vn 0 0 -1
vn 0 0 -1
vn 0 0 -1
vn 0 0 -1
vn 0 0 -1
vn 0 0 -1
vn 0 0 -1
vn 0 0 -1
vn 0 0 -1
vn 0 0 -1
vn 0 0 -1
vn 0 0 -1
vn 0 0 -1
vn 0 0 -1
vn 0 0 -1
vn 0 0 -1
vn 0 0 -1
vn 0 0 -1
vn 0 0 -1
vn 0 0 -1
vn 0 0 -1
vn 0 0 -1
vn 0 0 -1
vn 0 0 -1
vn 0 0 -1
vn 0 0 -1
vn 0 0 -1
vn 0 0 -1
vn 0 0 -1
vn 0 0 -1
vn 0 0 -1
vn 0 0 -1
vn 0 0 -1
vn 0 0 -1
vn 0 0 -1
vn 0 0 -1
vn 0 0 -1
vn 0 0 -1
vn 0 0 -1
vn 0 0 -1
vn 0 0 -1
vn 0 0 -1
vn 0 0 -1
vn 0 0 -1
vn 0 0 -1
vn 0 0 -1
vn 0 0 -1
vn 0 0 -1
vn 0 0 -1
vn 0 0 -1
vn 0 0 -1
vn 0 0 -1
vn 0 0 -1
vn 0 0 -1
vn 0 0 -1
vn 0 0 -1
vn 0 0 -1
vn 0 0 -1
vn 0 0 -1
vn 0 0 -1
vn 0 0 -1
vn 0 0 -1
vn 0 0 -1
vn 0 0 -1
vn 0 0 -1
vn 0 0 -1
vn 0 0 -1
vn 0 0 -1
vn 0 0 -1
vn 0 0 -1
vn 0 0 -1
vn 0 0 -1
vn 0 0 -1
vn 0 0 -1
vn 0 0 -1
vn 0 0 -1
vn 0 0 -1
vn 0 0 -1
vn 0 0 -1
vn 0 0 -1
vn 0 0 -1
vn 0 0 -1
vn 0 0 -1
vn 0 0 -1
vn 0 0 -1
vn 0 0 -1
vn 0 0 -1
vn 0 0 -1
vn 0 0 -1
vn 0 0 -1
vn 0 0 -1
vn 0 0 -1
vn 0 0 -1
vn 0 0 -1
vn 0 0 -1
vn 0 0 -1
vn 0 0 -1
vn 0 0 -1
vn 0 0 -1
vn 0 0 -1
vn 0 0 -1
vn 0 0 -1
vn 0 0 -1
vn 0 0 -1
vn 0 0 -1
vn 0 0 -1
vn 0 0 -1
vn 0 0 -1
vn 0 0 -1
vn 0 0 -1
vn 0 0 -1
vn 0 0 -1
vn 0 0 -1
vn 0 0 -1
vn 0 0 -1
vn 0 0 -1
vn 0 0 -1
vn 0 0 -1
vn 0 0 -1
vn 0 0 -1
vn 0 0 -1
vn 0 0 -1
vn 0 0 -1
vn 0 0 -1
vn 0 0 -1
vn 0 0 -1
vn 0 0 -1
vn 0 0 -1
vn 0 0 -1
vn 0 0 -1
vn 0 0 -1
vn 0 0 -1
vn 0 0 -1
vn 0 0 -1
vn 0 0 -1
vn 0 0 -1
vn 0 0 -1
vn 0 0 -1
vn 0 0 -1
vn 0 0 -1
vn 0 0 -1
vn 0 0 -1
vn 0 0 -1
vn 0 0 -1
vn 0 0 -1
vn 0 0 -1
vn 0 0 -1
vn 0 0 -1
vn 0 0 -1
vn 0 0 -1
vn 0 0 -1
vn 0 0 -1
vn 0 0 -1
vn 0 0 -1
vn 0 0 -1
vn 0 0 -1
vn 0 0 -1
vn 0 0 -1
vn 0 0 -1
vn 0 0 -1
vn 0 0 -1
vn 0 0 -1
vn 0 0 -1
vn 0 0 -1
vn 0 0 -1
vn 0 0 -1
vn 0 0 -1
vn 0 0 -1
vn 0 0 -1
vn 0 0 -1
vn 0 0 -1
vn 0 0 -1
vn 0 0 -1
vn 0 0 -1
vn 0 0 -1
vn 0 0 -1
vn 0 0 -1
vn 0 0 -1
vn 0 0 -1
vn 0 0 -1
vn 0 0 -1
vn 0 0 -1
vn 0 0 -1
vn 0 0 -1
vn 0 0 -1
vn 0 0 -1
vn 0 0 -1
vn 0 0 -1
vn 0 0 -1
vn 0 0 -1
vn 0 0 -1
vn 0 0 -1
vn 0 0 -1
vn 0 0 -1
vn 0 0 -1
vn 0 0 -1
vn 0 0 -1
vn 0 0 -1
vn 0 0 -1
vn 0 0 -1
vn 0 0 -1
vn 0 0 -1
vn 0 0 -1
vn 0 0 -1
vn 0 0 -1
vn 0 0 -1
vn 0 0 -1
vn 0 0 -1
vn 0 0 -1
vn 0 0 -1
vn 0 0 -1
vn 0 0 -1
vn 0 0 -1
vn 0 0 -1
vn 0 0 -1
vn 0 0 -1
vn 0 0 -1
vn 0 0 -1
vn 0 0 -1
vn 0 0 -1
vn 0 0 -1
vn 0 0 -1
vn 0 0 -1
vn 0 0 -1
vn 0 0 -1
vn 0 0 -1
vn 0 0 -1
vn 0 0 -1
vn 0 0 -1
vn 0 0 -1
vn 0 0 -1
vn 0 0 -1
vn 0 0 -1
vn 0 0 -1
vn 0 0 -1
vn 0 0 -1
vn 0 0 -1
vn 0 0 -1
vn 0 0 -1
vn 0 0 -1
vn 0 0 -1
vn 0 0 -1
vn 0 0 -1
vn 0 0 -1
vn 0 0 -1
vn 0 0 -1
vn 0 0 -1
vn 0 0 -1
vn 0 0 -1
vn 0 0 -1
vn 0 0 -1
vn 0 0 -1
vn 0 0 -1
vn 0 0 -1
vn 0 0 -1
vn 0 0 -1
vn 0 0 -1
vn 0 0 -1
vn 0 0 -1
vn 0 0 -1
vn 0 0 -1
vn 0 0 -1
vn 0 0 -1
vn 0 0 -1
vn 0 0 -1
vn 0 0 -1
vn 0 0 -1
vn 0 0 -1
vn 0 0 -1
vn 0 0 -1
vn 0 0 -1
vn 0 0 -1
vn 0 0 -1
vn 0 0 -1
vn 0 0 -1
vn 0 0 -1
vn 0 0 -1
vn 0 0 -1
vn 0 0 -1
vn 0 0 -1
vn 0 0 -1
vn 0 0 -1
vn 0 0 -1
vn 0 0 -1
vn 0 0 -1
vn 0 0 -1
vn 0 0 -1
vn 0 0 -1
vn 0 0 -1
vn 0 0 -1
vn 0 0 -1
vn 0 0 -1
vn 0 0 -1
vn 0 0 -1
vn 0 0 -1
vn 0 0 -1
vn 0 0 -1
vn 0 0 -1
vn 0 0 -1
vn 0 0 -1
vn 0 0 -1
vn 0 0 -1
vn 0 0 -1
vn 0 0 -1
vn 0 0 -1
vn 0 0 -1
vn 0 0 -1
vn 0 0 -1
vn 0 0 -1
vn 0 0 -1
vn 0 0 -1
vn 0 0 -1
vn 0 0 -1
vn 0 0 -1
vn 0 0 -1
vn 0 0 -1
vn 0 0 -1
vn 0 0 -1
vn 0 0 -1
vn 0 0 -1
vn 0 0 -1
vn 0 0 -1
vn 0 0 -1
vn 0 0 -1
vn 0 0 -1
vn 0 0 -1
vn 0 0 -1
vn 0 0 -1
vn 0 0 -1
vn 0 0 -1
vn 0 0 -1
vn 0 0 -1
vn 0 0 -1
vn 0 0 -1
vn 0 0 -1
vn 0 0 -1
vn 0 0 -1
vn 0 0 -1
vn 0 0 -1
vn 0 0 -1
vn 0 0 -1
vn 0 0 -1
vn 0 0 -1
vn 0 0 -1
vn 0 0 -1
vn 0 0 -1
vn 0 0 -1
vn 0 0 -1
vn 0 0 -1
vn 0 0 -1
vn 0 0 -1
vn 0 0 -1
vn 0 0 -1
vn 0 0 -1
vn 0 0 -1
vn 0 0 -1
vn 0 0 -1
vn 0 0 -1
vn 0 0 -1
vn 0 0 -1
vn 0 0 -1
vn 0 0 -1
vn 0 0 -1
vn 0 0 -1
vn 0 0 -1
vn 0 0 -1
vn 0 0 -1
vn 0 0 -1
vn 0 0 -1
vn 0 0 -1
vn 0 0 -1
vn 0 0 -1
vn 0 0 -1
vn 0 0 -1
vn 0 0 -1
vn 0 0 -1
vn 0 0 -1
vn 0 0 -1
vn 0 0 -1
vn 0 0 -1
vn 0 0 -1
vn 0 0 -1
vn 0 0 -1
vn 0 0 -1
vn 0 0 -1
vn 0 0 -1
vn 0 0 -1
vn 0 0 -1
vn 0 0 -1
vn 0 0 -1
vn 0 0 -1
vn 0 0 -1
vn 0 0 -1
vn 0 0 -1
vn 0 0 -1
vn 0 0 -1
vn 0 0 -1
vn 0 0 -1
vn 0 0 -1
vn 0 0 -1
vn 0 0 -1
vn 0 0 -1
vn 0 0 -1
vn 0 0 -1
vn 0 0 -1
vn 0 0 -1
vn 0 0 -1
vn 0 0 -1
vn 0 0 -1
vn 0 0 -1
vn 0 0 -1
vn 0 0 -1
vn 0 0 -1
vn 0 0 -1
vn 0 0 -1
vn 0 0 -1
vn 0 0 -1
vn 0 0 -1
vn 0 0 -1
vn 0 0 -1
vn 0 0 -1
vn 0 0 -1
vn 0 0 -1
vn 0 0 -1
vn 0 0 -1
vn 0 0 -1
vn 0 0 -1
vn 0 0 -1
vn 0 0 -1
vn 0 0 -1
vn 0 0 -1
vn 0 0 -1
vn 0 0 -1
vn 0 0 -1
vn 0 0 -1
vn 0 0 -1
vn 0 0 -1
vn 0 0 -1
vn 0 0 -1
vn 0 0 -1
vn 0 0 -1
vn 0 0 -1
vn 0 0 -1
vn 0 0 -1
vn 0 0 -1
vn 0 0 -1
vn 0 0 -1
vn 0 0 -1
vn 0 0 -1
vn 0 0 -1
vn 0 0 -1
vn 0 0 -1
vn 0 0 -1
vn 0 0 -1
vn 0 0 -1
vn 0 0 -1
vn 0 0 -1
vn 0 0 -1
vn 0 0 -1
vn 0 0 -1
vn 0 0 -1
vn 0 0 -1
vn 0 0 -1
vn 0 0 -1
vn 0 0 -1
vn 0 0 -1
vn 0 0 -1
vn 0 0 -1
vn 0 0 -1
vn 0 0 -1
vn 0 0 -1
vn 0 0 -1
vn 0 0 -1
vn 0 0 -1
vn 0 0 -1
vn 0 0 -1
vn 0 0 -1
vn 0 0 -1
vn 0 0 -1
vn 0 0 -1
vn 0 0 -1
vn 0 0 -1
vn 0 0 -1
vn 0 0 -1
vn 0 0 -1
vn 0 0 -1
vn 0 0 -1
vn 0 0 -1
vn 0 0 -1
vn 0 0 -1
vn 0 0 -1
vn 0 0 -1
vn 0 0 -1
vn 0 0 -1
vn 0 0 -1
vn 0 0 -1
vn 0 0 -1
vn 0 0 -1
vn 0 0 -1
vn 0 0 -1
vn 0 0 -1
vn 0 0 -1
vn 0 0 -1
vn 0 0 -1
vn 0 0 -1
vn 0 0 -1
vn 0 0 -1
vn 0 0 -1
vn 0 0 -1
vn 0 0 -1
vn 0 0 -1
vn 0 0 -1
vn 0 0 -1
vn 0 0 -1
vn 0 0 -1
vn 0 0 -1
vn 0 0 -1
vn 0 0 -1
vn 0 0 -1
vn 0 0 -1
vn 0 0 -1
vn 0 0 -1
vn 0 0 -1
vn 0 0 -1
vn 0 0 -1
vn 0 0 -1
vn 0 0 -1
vn 0 0 -1
vn 0 0 -1
vn 0 0 -1
vn 0 0 -1
vn 0 0 -1
vn 0 0 -1
vn 0 0 -1
vn 0 0 -1
vn 0 0 -1
vn 0 0 -1
vn 0 0 -1
vn 0 0 -1
vn 0 0 -1
vn 0 0 -1
vn 0 0 -1
vn 0 0 -1
vn 0 0 -1
vn 0 0 -1
vn 0 0 -1
vn 0 0 -1
vn 0 0 -1
vn 0 0 -1
vn 0 0 -1
vn 0 0 -1
vn 0 0 -1
vn 0 0 -1
vn 0 0 -1
vn 0 0 -1
vn 0 0 -1
vn 0 0 -1
vn 0 0 -1
vn 0 0 -1
vn 0 0 -1
vn 0 0 -1
vn 0 0 -1
vn 0 0 -1
vn 0 0 -1
vn 0 0 -1
vn 0 0 -1
vn 0 0 -1
vn 0 0 -1
vn 0 0 -1
vn 0 0 -1
vn 0 0 -1
vn 0 0 -1
vn 0 0 -1
vn 0 0 -1
vn 0 0 -1
vn 0 0 -1
vn 0 0 -1
vn 0 0 -1
vn 0 0 -1
vn 0 0 -1
vn 0 0 -1
vn 0 0 -1
vn 0 0 -1
vn 0 0 -1
vn 0 0 -1
vn 0 0 -1
vn 0 0 -1
vn 0 0 -1
vn 0 0 -1
vn 0 0 -1
vn 0 0 -1
vn 0 0 -1
vn 0 0 -1
vn 0 0 -1
vn 0 0 -1
vn 0 0 -1
vn 0 0 -1
vn 0 0 -1
vn 0 0 -1
vn 0 0 -1
vn 0 0 -1
vn 0 0 -1
vn 0 0 -1
vn 0 0 -1
vn 0 0 -1
vn 0 0 -1
vn 0 0 -1
vn 0 0 -1
vn 0 0 -1
vn 0 0 -1
vn 0 0 -1
vn 0 0 -1
vn 0 0 -1
vn 0 0 -1
vn 0 0 -1
vn 0 0 -1
vn 0 0 -1
vn 0 0 -1
vn 0 0 -1
vn 0 0 -1
vn 0 0 -1
vn 0 0 -1
vn 0 0 -1
vn 0 0 -1
vn 0 0 -1
vn 0 0 -1
vn 0 0 -1
vn 0 0 -1
vn 0 0 -1
vn 0 0 -1
vn 0 0 -1
vn 0 0 -1
vn 0 0 -1
vn 0 0 -1
vn 0 0 -1
vn 0 0 -1
vn 0 0 -1
vn 0 0 -1
vn 0 0 -1
vn 0 0 -1
vn 0 0 -1
vn 0 0 -1
vn 0 0 -1
vn 0 0 -1
vn 0 0 -1
vn 0 0 -1
vn 0 0 -1
vn 0 0 -1
vn 0 0 -1
vn 0 0 -1
vn 0 0 -1
vn 0 0 -1
vn 0 0 -1
vn 0 0 -1
vn 0 0 -1
vn 0 0 -1
vn 0 0 -1
vn 0 0 -1
vn 0 0 -1
vn 0 0 -1
vn 0 0 -1
vn 0 0 -1
vn 0 0 -1
vn 0 0 -1
vn 0 0 -1
vn 0 0 -1
vn 0 0 -1
vn 0 0 -1
vn 0 0 -1
vn 0 0 -1
vn 0 0 -1
vn 0 0 -1
vn 0 0 -1
vn 0 0 -1
vn 0 0 -1
vn 0 0 -1
vn 0 0 -1
vn 0 0 -1
vn 0 0 -1
vn 0 0 -1
vn 0 0 -1
vn 0 0 -1
vn 0 0 -1
vn 0 0 -1
vn 0 0 -1
vn 0 0 -1
vn 0 0 -1
vn 0 0 -1
vn 0 0 -1
vn 0 0 -1
vn 0 0 -1
vn 0 0 -1
vn 0 0 -1
vn 0 0 -1
vn 0 0 -1
vn 0 0 -1
vn 0 0 -1
vn 0 0 -1
vn 0 0 -1
vn 0 0 -1
vn 0 0 -1
vn 0 0 -1
vn 0 0 -1
vn 0 0 -1
vn 0 0 -1
vn 0 0 -1
vn 0 0 -1
vn 0 0 -1
vn 0 0 -1
vn 0 0 -1
vn 0 0 -1
vn 0 0 -1
vn 0 0 -1
vn 0 0 -1
vn 0 0 -1
vn 0 0 -1
vn 0 0 -1
vn 0 0 -1
vn 0 0 -1
vn 0 0 -1
vn 0 0 -1
vn 0 0 -1
vn 0 0 -1
vn 0 0 -1
vn 0 0 -1
vn 0 0 -1
vn 0 0 -1
vn 0 0 -1
vn 0 0 -1
vn 0 0 -1
vn 0 0 -1
vn 0 0 -1
vn 0 0 -1
vn 0 0 -1
vn 0 0 -1
vn 0 0 -1
vn 0 0 -1
vn 0 0 -1
vn 0 0 -1
vn 0 0 -1
vn 0 0 -1
vn 0 0 -1
vn 0 0 -1
vn 0 0 -1
vn 0 0 -1
vn 0 0 -1
vn 0 0 -1
vn 0 0 -1
vn 0 0 -1
vn 0 0 -1
vn 0 0 -1
vn 0 0 -1
vn 0 0 -1
vn 0 0 -1
vn 0 0 -1
vn 0 0 -1
vn 0 0 -1
vn 0 0 -1
vn 0 0 -1
vn 0 0 -1
vn 0 0 -1
vn 0 0 -1
vn 0 0 -1
vn 0 0 -1
vn 0 0 -1
vn 0 0 -1
vn 0 0 -1
vn 0 0 -1
vn 0 0 -1
vn 0 0 -1
vn 0 0 -1
vn 0 0 -1
vn 0 0 -1
vn 0 0 -1
vn 0 0 -1
vn 0 0 -1
vn 0 0 -1
vn 0 0 -1
vn 0 0 -1
vn 0 0 -1
vn 0 0 -1
vn 0 0 -1
vn 0 0 -1
vn 0 0 -1
vn 0 0 -1
vn 0 0 -1
vn 0 0 -1
vn 0 0 -1
vn 0 0 -1
vn 0 0 -1
vn 0 0 -1
vn 0 0 -1
vn 0 0 -1
vn 0 0 -1
vn 0 0 -1
vn 0 0 -1
vn 0 0 -1
vn 0 0 -1
vn 0 0 -1
vn 0 0 -1
vn 0 0 -1
vn 0 0 -1
vn 0 0 -1
vn 0 0 -1
vn 0 0 -1
vn 0 0 -1
vn 0 0 -1
vn 0 0 -1
vn 0 0 -1
vn 0 0 -1
vn 0 0 -1
vn 0 0 -1
vn 0 0 -1
vn 0 0 -1
vn 0 0 -1
vn 0 0 -1
vn 0 0 -1
vn 0 0 -1
vn 0 0 -1
vn 0 0 -1
vn 0 0 -1
vn 0 0 -1
vn 0 0 -1
vn 0 0 -1
vn 0 0 -1
vn 0 0 -1
vn 0 0 -1
vn 0 0 -1
vn 0 0 -1
vn 0 0 -1
vn 0 0 -1
vn 0 0 -1
vn 0 0 -1
vn 0 0 -1
vn 0 0 -1
vn 0 0 -1
vn 0 0 -1
vn 0 0 -1
vn 0 0 -1
vn 0 0 -1
vn 0 0 -1
vn 0 0 -1
vn 0 0 -1
vn 0 0 -1
vn 0 0 -1
vn 0 0 -1
vn 0 0 -1
vn 0 0 -1
vn 0 0 -1
vn 0 0 -1
vn 0 0 -1
vn 0 0 -1
vn 0 0 -1
vn 0 0 -1
vn 0 0 -1
vn 0 0 -1
vn 0 0 -1
vn 0 0 -1
vn 0 0 -1
vn 0 0 -1
vn 0 0 -1
vn 0 0 -1
vn 0 0 -1
vn 0 0 -1
vn 0 0 -1
vn 0 0 -1
vn 0 0 -1
vn 0 0 -1
vn 0 0 -1
vn 0 0 -1
vn 0 0 -1
vn 0 0 -1
vn 0 0 -1
vn 0 0 -1
vn 0 0 -1
vn 0 0 -1
vn 0 0 -1
vn 0 0 -1
vn 0 0 -1
vn 0 0 -1
vn 0 0 -1
vn 0 0 -1
vn 0 0 -1
vn 0 0 -1
vn 0 0 -1
vn 0 0 -1
vn 0 0 -1
vn 0 0 -1
vn 0 0 -1
vn 0 0 -1
vn 0 0 -1
vn 0 0 -1
vn 0 0 -1
vn 0 0 -1
vn 0 0 -1
vn 0 0 -1
vn 0 0 -1
vn 0 0 -1
vn 0 0 -1
vn 0 0 -1
vn 0 0 -1
vn 0 0 -1
vn 0 0 -1
vn 0 0 -1
vn 0 0 -1
vn 0 0 -1
vn 0 0 -1
vn 0 0 -1
vn 0 0 -1
vn 0 0 -1
vn 0 0 -1
vn 0 0 -1
vn 0 0 -1
vn 0 0 -1
vn 0 0 -1
vn 0 0 -1
vn 0 0 -1
vn 0 0 -1
vn 0 0 -1
vn 0 0 -1
vn 0 0 -1
vn 0 0 -1
vn 0 0 -1
vn 0 0 -1
vn 0 0 -1
vn 0 0 -1
vn 0 0 -1
vn 0 0 -1
vn 0 0 -1
vn 0 0 -1
vn 0 0 -1
vn 0 0 -1
vn 0 0 -1
vn 0 0 -1
vn 0 0 -1
vn 0 0 -1
vn 0 0 -1
vn 0 0 -1
vn 0 0 -1
vn 0 0 -1
vn 0 0 -1
vn 0 0 -1
vn 0 0 -1
vn 0 0 -1
vn 0 0 -1
vn 0 0 -1
vn 0 0 -1
vn 0 0 -1
vn 0 0 -1
vn 0 0 -1
vn 0 0 -1
vn 0 0 -1
vn 0 0 -1
vn 0 0 -1
vn 0 0 -1
vn 0 0 -1
vn 0 0 -1
vn 0 0 -1
vn 0 0 -1
vn 0 0 -1
vn 0 0 -1
vn 0 0 -1
vn 0 0 -1
vn 0 0 -1
vn 0 0 -1
vn 0 0 -1
vn 0 0 -1
vn 0 0 -1
vn 0 0 -1
vn 0 0 -1
vn 0 0 -1
vn 0 0 -1
vn 0 0 -1
vn 0 0 -1
vn 0 0 -1
vn 0 0 -1
vn 0 0 -1
vn 0 0 -1
vn 0 0 -1
vn 0 0 -1
vn 0 0 -1
vn 0 0 -1
vn 0 0 -1
vn 0 0 -1
vn 0 0 -1
vn 0 0 -1
vn 0 0 -1
vn 0 0 -1
vn 0 0 -1
vn 0 0 -1
vn 0 0 -1
vn 0 0 -1
vn 0 0 -1
vn 0 0 -1
vn 0 0 -1
vn 0 0 -1
vn 0 0 -1
vn 0 0 -1
vn 0 0 -1
vn 0 0 -1
vn 0 0 -1
vn 0 0 -1
vn 0 0 -1
vn 0 0 -1
vn 0 0 -1
vn 0 0 -1
vn 0 0 -1
vn 0 0 -1
vn 0 0 -1
vn 0 0 -1
vn 0 0 -1
vn 0 0 -1
vn 0 0 -1
vn 0 0 -1
vn 0 0 -1
vn 0 0 -1
vn 0 0 -1
vn 0 0 -1
vn 0 0 -1
vn 0 0 -1
vn 0 0 -1
vn 0 0 -1
vn 0 0 -1
vn 0 0 -1
vn 0 0 -1
vn 0 0 -1
vn 0 0 -1
vn 0 0 -1
vn 0 0 -1
vn 0 0 -1
vn 0 0 -1
vn 0 0 -1
vn 0 0 -1
vn 0 0 -1
vn 0 0 -1
vn 0 0 -1
vn 0 0 -1
vn 0 0 -1
vn 0 0 -1
vn 0 0 -1
vn 0 0 -1
vn 0 0 -1
vn 0 0 -1
vn 0 0 -1
vn 0 0 -1
vn 0 0 -1
vn 0 0 -1
vn 0 0 -1
vn 0 0 -1
vn 0 0 -1
vn 0 0 -1
vn 0 0 -1
vn 0 0 -1
vn 0 0 -1
vn 0 0 -1
vn 0 0 -1
vn 0 0 -1
vn 0.99632382 -0.08566704 -0.00000000
vn 0.99632382 -0.08566704 -0.00000000
vn 0.99632382 -0.08566704 -0.00000000
vn 0.99632382 -0.08566704 -0.00000000
vn -0.08716089 -0.99619424 -0.00000000
vn -0.08716089 -0.99619424 -0.00000000
vn -0.08716089 -0.99619424 -0.00000000
vn -0.08716089 -0.99619424 -0.00000000
vn -0.08716089 -0.99619424 -0.00000000
vn -0.02077618 -0.99978417 -0.00000000
vn -0.02077618 -0.99978417 -0.00000000
vn -0.02077618 -0.99978417 -0.00000000
vn -0.02077618 -0.99978417 -0.00000000
vn -0.02077618 -0.99978417 -0.00000000
vn -0.02129209 -0.99977332 -0.00000000
vn -0.02129209 -0.99977332 -0.00000000
vn -0.02129209 -0.99977332 -0.00000000
vn -0.02129209 -0.99977332 -0.00000000
vn -0.02129209 -0.99977332 -0.00000000
vn -0.02129209 -0.99977332 -0.00000000
vn -0.02129209 -0.99977332 -0.00000000
vn -0.02129209 -0.99977332 -0.00000000
vn 0.04492702 -0.99899030 -0.00000000
vn 0.04492702 -0.99899030 -0.00000000
vn 0.04492702 -0.99899030 -0.00000000
vn 0.04492702 -0.99899030 -0.00000000
vn 0.04492702 -0.99899030 -0.00000000
vn 0.99620926 -0.08698931 -0.00000000
vn 0.99620926 -0.08698931 -0.00000000
vn 0.99620926 -0.08698931 -0.00000000
vn 0.99620926 -0.08698931 -0.00000000
vn 0.99620926 -0.08698931 -0.00000000
vn 0.99620926 -0.08698931 -0.00000000
vn 0.99620926 -0.08698931 -0.00000000
vn 0.99620926 -0.08698931 -0.00000000
vn 0.99620926 -0.08698931 -0.00000000
vn 0.99620926 -0.08698931 -0.00000000
vn 0.50536901 0.86290336 0.00000000
vn 0.50536901 0.86290336 0.00000000
vn 0.50536901 0.86290336 0.00000000
vn 0.50536901 0.86290336 0.00000000
vn 0.50536901 0.86290336 0.00000000
vn 0.50536901 0.86290336 0.00000000
vn 0.50536901 0.86290336 0.00000000
vn 0.50536901 0.86290336 0.00000000
vn 0.50536901 0.86290336 0.00000000
vn 0.08800370 0.99612015 0.00000000
vn 0.08800370 0.99612015 0.00000000
vn 0.08800370 0.99612015 0.00000000
vn 0.08800370 0.99612015 0.00000000
vn 0.08800370 0.99612015 0.00000000
vn 0.08800370 0.99612015 0.00000000
vn 0.08800370 0.99612015 0.00000000
vn 0.08800370 0.99612015 0.00000000
vn 0.08800370 0.99612015 0.00000000
vn 0.08800370 0.99612015 0.00000000
vn 0.25925207 0.96580970 0.00000000
vn 0.25925207 0.96580970 0.00000000
vn 0.25925207 0.96580970 0.00000000
vn 0.25925207 0.96580970 0.00000000
vn 0.25925207 0.96580970 0.00000000
vn 0.22340521 0.97472566 0.00000000
vn 0.22340521 0.97472566 0.00000000
vn 0.22340521 0.97472566 0.00000000
vn 0.22340521 0.97472566 0.00000000
vn 0.22340521 0.97472566 0.00000000
vn 0.08730571 0.99618155 0.00000000
vn 0.08730571 0.99618155 0.00000000
vn 0.08730571 0.99618155 0.00000000
vn 0.08730571 0.99618155 0.00000000
vn 0.00725891 0.99997365 0.00000000
vn 0.00725891 0.99997365 0.00000000
vn 0.00725891 0.99997365 0.00000000
vn 0.00725891 0.99997365 0.00000000
vn -0.08730601 0.99618155 0.00000000
vn -0.08730601 0.99618155 0.00000000
vn -0.08730601 0.99618155 0.00000000
vn -0.08730601 0.99618155 0.00000000
vn -0.08730601 0.99618155 0.00000000
vn -0.08730601 0.99618155 0.00000000
vn -0.08730601 0.99618155 0.00000000
vn -0.18902013 0.98197323 0.00000000
vn -0.18902013 0.98197323 0.00000000
vn -0.18902013 0.98197323 0.00000000
vn -0.18902013 0.98197323 0.00000000
vn -0.25925815 0.96580803 0.00000000
vn -0.25925815 0.96580803 0.00000000
vn -0.25925815 0.96580803 0.00000000
vn -0.25925815 0.96580803 0.00000000
vn -0.25925815 0.96580803 0.00000000
vn -0.08834613 0.99608982 0.00000000
vn -0.08834613 0.99608982 0.00000000
vn -0.08834613 0.99608982 0.00000000
vn -0.08834613 0.99608982 0.00000000
vn -0.08834613 0.99608982 0.00000000
vn -0.08834613 0.99608982 0.00000000
vn -0.08834613 0.99608982 0.00000000
vn -0.08834613 0.99608982 0.00000000
vn -0.08834613 0.99608982 0.00000000
vn -0.49857289 0.86684781 0.00000000
vn -0.49857289 0.86684781 0.00000000
vn -0.49857289 0.86684781 0.00000000
vn -0.49857289 0.86684781 0.00000000
vn -0.49857289 0.86684781 0.00000000
vn -0.49857289 0.86684781 0.00000000
vn -0.49857289 0.86684781 0.00000000
vn -0.49857289 0.86684781 0.00000000
vn -0.49857289 0.86684781 0.00000000
vn -0.99622411 -0.08681925 -0.00000000
vn -0.99622411 -0.08681925 -0.00000000
vn -0.99622411 -0.08681925 -0.00000000
vn -0.99622411 -0.08681925 -0.00000000
vn -0.99622411 -0.08681925 -0.00000000
vn -0.99622411 -0.08681925 -0.00000000
vn -0.99622411 -0.08681925 -0.00000000
vn -0.99622411 -0.08681925 -0.00000000
vn -0.99622411 -0.08681925 -0.00000000
vn -0.04492725 -0.99899024 -0.00000000
vn -0.04492725 -0.99899024 -0.00000000
vn -0.04492725 -0.99899024 -0.00000000
vn -0.04492725 -0.99899024 -0.00000000
vn 0.02077607 -0.99978417 -0.00000000
vn 0.02077607 -0.99978417 -0.00000000
vn 0.02077607 -0.99978417 -0.00000000
vn 0.02077607 -0.99978417 -0.00000000
vn 0.02077607 -0.99978417 -0.00000000
vn 0.02077607 -0.99978417 -0.00000000
vn 0.02077607 -0.99978417 -0.00000000
vn 0.02129220 -0.99977332 -0.00000000
vn 0.02129220 -0.99977332 -0.00000000
vn 0.02129220 -0.99977332 -0.00000000
vn 0.02129220 -0.99977332 -0.00000000
vn 0.02129220 -0.99977332 -0.00000000
vn 0.02129220 -0.99977332 -0.00000000
vn 0.02129220 -0.99977332 -0.00000000
vn 0.08716089 -0.99619424 -0.00000000
vn 0.08716089 -0.99619424 -0.00000000
vn 0.08716089 -0.99619424 -0.00000000
vn 0.08716089 -0.99619424 -0.00000000
vn -0.19385788 -0.98102963 -0.00000000
vn -0.19385788 -0.98102963 -0.00000000
vn -0.19385788 -0.98102963 -0.00000000
vn -0.19385788 -0.98102963 -0.00000000
vn -0.19385788 -0.98102963 -0.00000000
vn -0.19385788 -0.98102963 -0.00000000
vn -0.19385788 -0.98102963 -0.00000000
vn -0.19385788 -0.98102963 -0.00000000
vn 0.18872465 -0.98203003 0
vn 0.18872465 -0.98203003 0
vn 0.18872465 -0.98203003 0
vn 0.18872465 -0.98203003 0
vn 0.18872465 -0.98203003 0
vn 0.18872465 -0.98203003 0
vn 0.18872465 -0.98203003 0
vn 0.18872465 -0.98203003 0
vn 0.18872465 -0.98203003 0
vn 0.18872465 -0.98203003 0
vn -0.99619454 0.08715729 0
vn -0.99619454 0.08715729 0
vn -0.99619454 0.08715729 0
vn -0.99619454 0.08715729 0
vn 0.08715020 0.99619520 0
vn 0.08715020 0.99619520 0
vn 0.08715020 0.99619520 0
vn 0.08715020 0.99619520 0
vn 0.99619526 -0.08714958 0
vn 0.99619526 -0.08714958 0
vn 0.99619526 -0.08714958 0
vn 0.99619526 -0.08714958 0
vn -0.99619454 -0.08715729 0
vn -0.99619454 -0.08715729 0
vn -0.99619454 -0.08715729 0
vn -0.99619454 -0.08715729 0
vn -0.08715729 0.99619454 0
vn -0.08715729 0.99619454 0
vn -0.08715729 0.99619454 0
vn -0.08715729 0.99619454 0
vn 0.99619454 0.08715729 0
vn 0.99619454 0.08715729 0
vn 0.99619454 0.08715729 0
vn 0.99619454 0.08715729 0
vn -0.99619520 -0.08715020 0
vn -0.99619520 -0.08715020 0
vn -0.99619520 -0.08715020 0
vn -0.99619520 -0.08715020 0
vn -0.08715729 0.99619454 0
vn -0.08715729 0.99619454 0
vn -0.08715729 0.99619454 0
vn -0.08715729 0.99619454 0
vn 0.99619460 0.08715667 0
vn 0.99619460 0.08715667 0
vn 0.99619460 0.08715667 0
vn 0.99619460 0.08715667 0
vn -0.99619520 0.08715020 0
vn -0.99619520 0.08715020 0
vn -0.99619520 0.08715020 0
vn -0.99619520 0.08715020 0
vn 0.08715667 0.99619460 0
vn 0.08715667 0.99619460 0
vn 0.08715667 0.99619460 0
vn 0.08715667 0.99619460 0
vn 0.99619454 -0.08715729 0
vn 0.99619454 -0.08715729 0
vn 0.99619454 -0.08715729 0
vn 0.99619454 -0.08715729 0
vn 0.08715729 -0.99619454 0
vn 0.08715729 -0.99619454 0
vn 0.08715729 -0.99619454 0
vn 0.08715729 -0.99619454 0
vn -0.99619454 -0.08715729 0
vn -0.99619454 -0.08715729 0
vn -0.99619454 -0.08715729 0
vn -0.99619454 -0.08715729 0
vn -0.08715729 0.99619454 0
vn -0.08715729 0.99619454 0
vn -0.08715729 0.99619454 0
vn -0.08715729 0.99619454 0
vn 0.08715729 -0.99619454 0
vn 0.08715729 -0.99619454 0
vn 0.08715729 -0.99619454 0
vn 0.08715729 -0.99619454 0
vn -0.99619454 -0.08715729 0
vn -0.99619454 -0.08715729 0
vn -0.99619454 -0.08715729 0
vn -0.99619454 -0.08715729 0
vn -0.08715729 0.99619454 0
vn -0.08715729 0.99619454 0
vn -0.08715729 0.99619454 0
vn -0.08715729 0.99619454 0
vn 0.99619454 -0.08715729 0
vn 0.99619454 -0.08715729 0
vn 0.99619454 -0.08715729 0
vn 0.99619454 -0.08715729 0
vn -0.08715020 -0.99619520 0
vn -0.08715020 -0.99619520 0
vn -0.08715020 -0.99619520 0
vn -0.08715020 -0.99619520 0
vn -0.99619526 0.08714958 0
vn -0.99619526 0.08714958 0
vn -0.99619526 0.08714958 0
vn -0.99619526 0.08714958 0
vn 0.08715729 0.99619454 0
vn 0.08715729 0.99619454 0
vn 0.08715729 0.99619454 0
vn 0.08715729 0.99619454 0
vn 0.99619454 -0.08715729 0
vn 0.99619454 -0.08715729 0
vn 0.99619454 -0.08715729 0
vn 0.99619454 -0.08715729 0
vn -0.08715020 -0.99619520 0
vn -0.08715020 -0.99619520 0
vn -0.08715020 -0.99619520 0
vn -0.08715020 -0.99619520 0
vn -0.99619454 0.08715729 0
vn -0.99619454 0.08715729 0
vn -0.99619454 0.08715729 0
vn -0.99619454 0.08715729 0
vn 0.08715729 0.99619454 0
vn 0.08715729 0.99619454 0
vn 0.08715729 0.99619454 0
vn 0.08715729 0.99619454 0
vn 0.99619454 -0.08715729 0
vn 0.99619454 -0.08715729 0
vn 0.99619454 -0.08715729 0
vn 0.99619454 -0.08715729 0
vn -0.99619454 -0.08715729 0
vn -0.99619454 -0.08715729 0
vn -0.99619454 -0.08715729 0
vn -0.99619454 -0.08715729 0
vn -0.08715667 0.99619460 0
vn -0.08715667 0.99619460 0
vn -0.08715667 0.99619460 0
vn -0.08715667 0.99619460 0
vn -0.08715667 0.99619460 0
vn 0.99619520 0.08715020 0
vn 0.99619520 0.08715020 0
vn 0.99619520 0.08715020 0
vn 0.99619520 0.08715020 0
vn 0.08715729 -0.99619454 0
vn 0.08715729 -0.99619454 0
vn 0.08715729 -0.99619454 0
vn 0.08715729 -0.99619454 0
vn -0.99619460 -0.08715667 0
vn -0.99619460 -0.08715667 0
vn -0.99619460 -0.08715667 0
vn -0.99619460 -0.08715667 0
vn -0.08715020 0.99619520 0
vn -0.08715020 0.99619520 0
vn -0.08715020 0.99619520 0
vn -0.08715020 0.99619520 0
vn -0.99619520 -0.08715020 0
vn -0.99619520 -0.08715020 0
vn -0.99619520 -0.08715020 0
vn -0.99619520 -0.08715020 0
vn -0.08715729 0.99619454 0
vn -0.08715729 0.99619454 0
vn -0.08715729 0.99619454 0
vn -0.08715729 0.99619454 0
vn 0.99619454 0.08715729 0
vn 0.99619454 0.08715729 0
vn 0.99619454 0.08715729 0
vn 0.99619454 0.08715729 0
vn 0.99619454 0.08715729 0
vn 0.99619454 0.08715729 0
vn 0.99619454 0.08715729 0
vn -0.99619454 -0.08715729 0
vn -0.99619454 -0.08715729 0
vn -0.99619454 -0.08715729 0
vn -0.99619454 -0.08715729 0
vn -0.08715729 0.99619454 0
vn -0.08715729 0.99619454 0
vn -0.08715729 0.99619454 0
vn -0.08715729 0.99619454 0
vn 0.99619454 0.08715729 0
vn 0.99619454 0.08715729 0
vn 0.99619454 0.08715729 0
vn 0.99619454 0.08715729 0
vn -0.08715729 -0.99619454 0
vn -0.08715729 -0.99619454 0
vn -0.08715729 -0.99619454 0
vn -0.08715729 -0.99619454 0
vn -0.08715729 -0.99619454 0
vn -0.08715729 -0.99619454 0
vn -0.08715729 -0.99619454 0
vn -0.99619454 0.08715729 0
vn -0.99619454 0.08715729 0
vn -0.99619454 0.08715729 0
vn -0.99619454 0.08715729 0
vn 0.08715729 0.99619454 0
vn 0.08715729 0.99619454 0
vn 0.08715729 0.99619454 0
vn 0.08715729 0.99619454 0
vn 0.99619454 -0.08715729 0
vn 0.99619454 -0.08715729 0
vn 0.99619454 -0.08715729 0
vn 0.99619454 -0.08715729 0
vn -0.08715729 -0.99619454 0
vn -0.08715729 -0.99619454 0
vn -0.08715729 -0.99619454 0
vn -0.08715729 -0.99619454 0
vn -0.99619454 0.08715729 0
vn -0.99619454 0.08715729 0
vn -0.99619454 0.08715729 0
vn -0.99619454 0.08715729 0
vn -0.08715667 0.99619460 0
vn -0.08715667 0.99619460 0
vn -0.08715667 0.99619460 0
vn -0.08715667 0.99619460 0
vn 0.99619454 0.08715729 0
vn 0.99619454 0.08715729 0
vn 0.99619454 0.08715729 0
vn 0.99619454 0.08715729 0
vn 0.08715667 -0.99619460 0
vn 0.08715667 -0.99619460 0
vn 0.08715667 -0.99619460 0
vn 0.08715667 -0.99619460 0
vn 0.99619454 -0.08715729 0
vn 0.99619454 -0.08715729 0
vn 0.99619454 -0.08715729 0
vn 0.99619454 -0.08715729 0
vn -0.08715729 -0.99619454 0
vn -0.08715729 -0.99619454 0
vn -0.08715729 -0.99619454 0
vn -0.08715729 -0.99619454 0
vn -0.99619454 0.08715729 0
vn -0.99619454 0.08715729 0
vn -0.99619454 0.08715729 0
vn -0.99619454 0.08715729 0
vn 0.08715729 -0.99619454 0
vn 0.08715729 -0.99619454 0
vn 0.08715729 -0.99619454 0
vn 0.08715729 -0.99619454 0
vn -0.99619460 -0.08715667 0
vn -0.99619460 -0.08715667 0
vn -0.99619460 -0.08715667 0
vn -0.99619460 -0.08715667 0
vn -0.08715020 0.99619520 0
vn -0.08715020 0.99619520 0
vn -0.08715020 0.99619520 0
vn -0.08715020 0.99619520 0
vn -0.08715729 -0.99619454 0
vn -0.08715729 -0.99619454 0
vn -0.08715729 -0.99619454 0
vn -0.08715729 -0.99619454 0
vn -0.99619454 0.08715729 0
vn -0.99619454 0.08715729 0
vn -0.99619454 0.08715729 0
vn -0.99619454 0.08715729 0
vn 0.08715729 0.99619454 0
vn 0.08715729 0.99619454 0
vn 0.08715729 0.99619454 0
vn 0.08715729 0.99619454 0
vn 0.08715729 -0.99619454 0
vn 0.08715729 -0.99619454 0
vn 0.08715729 -0.99619454 0
vn 0.08715729 -0.99619454 0
vn -0.99619460 -0.08715667 0
vn -0.99619460 -0.08715667 0
vn -0.99619460 -0.08715667 0
vn -0.99619460 -0.08715667 0
vn -0.08715020 0.99619520 0
vn -0.08715020 0.99619520 0
vn -0.08715020 0.99619520 0
vn -0.08715020 0.99619520 0
vn 0.99619454 0.08715729 0
vn 0.99619454 0.08715729 0
vn 0.99619454 0.08715729 0
vn 0.99619454 0.08715729 0
vn 0.08715729 -0.99619454 0
vn 0.08715729 -0.99619454 0
vn 0.08715729 -0.99619454 0
vn 0.08715729 -0.99619454 0
vn -0.99619460 -0.08715667 0
vn -0.99619460 -0.08715667 0
vn -0.99619460 -0.08715667 0
vn -0.99619460 -0.08715667 0
vn 0.99619520 -0.08715020 0
vn 0.99619520 -0.08715020 0
vn 0.99619520 -0.08715020 0
vn 0.99619520 -0.08715020 0
vn -0.08715667 -0.99619460 0
vn -0.08715667 -0.99619460 0
vn -0.08715667 -0.99619460 0
vn -0.08715667 -0.99619460 0
vn -0.99619454 0.08715729 0
vn -0.99619454 0.08715729 0
vn -0.99619454 0.08715729 0
vn -0.99619454 0.08715729 0
vn -0.96592492 0.25882238 0
vn -0.96592492 0.25882238 0
vn -0.96592492 0.25882238 0
vn -0.96592492 0.25882238 0
vn 0.25881392 0.96592718 0
vn 0.25881392 0.96592718 0
vn 0.25881392 0.96592718 0
vn 0.25881392 0.96592718 0
vn 0.96592540 -0.25882059 0
vn 0.96592540 -0.25882059 0
vn 0.96592540 -0.25882059 0
vn 0.96592540 -0.25882059 0
vn 0.08715020 0.99619520 0
vn 0.08715020 0.99619520 0
vn 0.08715020 0.99619520 0
vn 0.08715020 0.99619520 0
vn 0.99619460 -0.08715667 0
vn 0.99619460 -0.08715667 0
vn 0.99619460 -0.08715667 0
vn 0.99619460 -0.08715667 0
vn 0.99619460 -0.08715667 0
vn 0.99619460 -0.08715667 0
vn 0.99619460 -0.08715667 0
vn -0.08715729 -0.99619454 0
vn -0.08715729 -0.99619454 0
vn -0.08715729 -0.99619454 0
vn -0.08715729 -0.99619454 0
vn 0.08715729 -0.99619454 0
vn 0.08715729 -0.99619454 0
vn 0.08715729 -0.99619454 0
vn 0.08715729 -0.99619454 0
vn -0.99619454 -0.08715729 0
vn -0.99619454 -0.08715729 0
vn -0.99619454 -0.08715729 0
vn -0.99619454 -0.08715729 0
vn -0.08715729 0.99619454 0
vn -0.08715729 0.99619454 0
vn -0.08715729 0.99619454 0
vn -0.08715729 0.99619454 0
vn -0.08715729 -0.99619454 0
vn -0.08715729 -0.99619454 0
vn -0.08715729 -0.99619454 0
vn -0.08715729 -0.99619454 0
vn -0.99619454 0.08715729 0
vn -0.99619454 0.08715729 0
vn -0.99619454 0.08715729 0
vn -0.99619454 0.08715729 0
vn 0.08715020 0.99619520 0
vn 0.08715020 0.99619520 0
vn 0.08715020 0.99619520 0
vn 0.08715020 0.99619520 0
vn -0.08715729 -0.99619454 0
vn -0.08715729 -0.99619454 0
vn -0.08715729 -0.99619454 0
vn -0.08715729 -0.99619454 0
vn -0.99619454 0.08715729 0
vn -0.99619454 0.08715729 0
vn -0.99619454 0.08715729 0
vn -0.99619454 0.08715729 0
vn 0.08715729 0.99619454 0
vn 0.08715729 0.99619454 0
vn 0.08715729 0.99619454 0
vn 0.08715729 0.99619454 0
vn -0.08715729 -0.99619454 0
vn -0.08715729 -0.99619454 0
vn -0.08715729 -0.99619454 0
vn -0.08715729 -0.99619454 0
vn -0.99619520 0.08715020 0
vn -0.99619520 0.08715020 0
vn -0.99619520 0.08715020 0
vn -0.99619520 0.08715020 0
vn 0.08714958 0.99619526 0
vn 0.08714958 0.99619526 0
vn 0.08714958 0.99619526 0
vn 0.08714958 0.99619526 0
vn -0.08715729 -0.99619454 0
vn -0.08715729 -0.99619454 0
vn -0.08715729 -0.99619454 0
vn -0.08715729 -0.99619454 0
vn -0.99619460 0.08715667 0
vn -0.99619460 0.08715667 0
vn -0.99619460 0.08715667 0
vn -0.99619460 0.08715667 0
vn 0.08715729 0.99619454 0
vn 0.08715729 0.99619454 0
vn 0.08715729 0.99619454 0
vn 0.08715729 0.99619454 0
vn -0.08715667 -0.99619460 0
vn -0.08715667 -0.99619460 0
vn -0.08715667 -0.99619460 0
vn -0.08715667 -0.99619460 0
vn -0.99619454 0.08715729 0
vn -0.99619454 0.08715729 0
vn -0.99619454 0.08715729 0
vn -0.99619454 0.08715729 0
vn 0.08715020 0.99619520 0
vn 0.08715020 0.99619520 0
vn 0.08715020 0.99619520 0
vn 0.08715020 0.99619520 0
vn -0.08715020 -0.99619520 0
vn -0.08715020 -0.99619520 0
vn -0.08715020 -0.99619520 0
vn -0.08715020 -0.99619520 0
vn -0.99619460 0.08715667 0
vn -0.99619460 0.08715667 0
vn -0.99619460 0.08715667 0
vn -0.99619460 0.08715667 0
vn 0.08715729 0.99619454 0
vn 0.08715729 0.99619454 0
vn 0.08715729 0.99619454 0
vn 0.08715729 0.99619454 0
vn 0.99619454 -0.08715729 0
vn 0.99619454 -0.08715729 0
vn 0.99619454 -0.08715729 0
vn 0.99619454 -0.08715729 0
vn -0.08714958 -0.99619526 0
vn -0.08714958 -0.99619526 0
vn -0.08714958 -0.99619526 0
vn -0.08714958 -0.99619526 0
vn -0.99619460 0.08715667 0
vn -0.99619460 0.08715667 0
vn -0.99619460 0.08715667 0
vn -0.99619460 0.08715667 0
vn 0.99619460 0.08715667 0
vn 0.99619460 0.08715667 0
vn 0.99619460 0.08715667 0
vn 0.99619460 0.08715667 0
vn 0.08715020 -0.99619520 0
vn 0.08715020 -0.99619520 0
vn 0.08715020 -0.99619520 0
vn 0.08715020 -0.99619520 0
vn -0.99619454 -0.08715729 0
vn -0.99619454 -0.08715729 0
vn -0.99619454 -0.08715729 0
vn -0.99619454 -0.08715729 0
vn 0.99619460 0.08715667 0
vn 0.99619460 0.08715667 0
vn 0.99619460 0.08715667 0
vn 0.99619460 0.08715667 0
vn 0.99619460 0.08715667 0
vn 0.99619460 0.08715667 0
vn 0.99619460 0.08715667 0
vn 0.08715020 -0.99619520 0
vn 0.08715020 -0.99619520 0
vn 0.08715020 -0.99619520 0
vn 0.08715020 -0.99619520 0
vn 0.08715020 -0.99619520 0
vn -0.99619454 -0.08715729 0
vn -0.99619454 -0.08715729 0
vn -0.99619454 -0.08715729 0
vn -0.99619454 -0.08715729 0
vn -0.99619454 -0.08715729 0
vn -0.99619454 -0.08715729 0
vn -0.99619454 -0.08715729 0
vn -0.99619454 -0.08715729 0
vn -0.08715667 0.99619460 0
vn -0.08715667 0.99619460 0
vn -0.08715667 0.99619460 0
vn -0.08715667 0.99619460 0
vn 0.99619526 0.08714958 0
vn 0.99619526 0.08714958 0
vn 0.99619526 0.08714958 0
vn 0.99619526 0.08714958 0
vn 0.08715667 0.99619460 0
vn 0.08715667 0.99619460 0
vn 0.08715667 0.99619460 0
vn 0.08715667 0.99619460 0
vn 0.99619454 -0.08715729 0
vn 0.99619454 -0.08715729 0
vn 0.99619454 -0.08715729 0
vn 0.99619454 -0.08715729 0
vn -0.08715020 -0.99619520 0
vn -0.08715020 -0.99619520 0
vn -0.08715020 -0.99619520 0
vn -0.08715020 -0.99619520 0
vn -0.08715729 0.99619454 0
vn -0.08715729 0.99619454 0
vn -0.08715729 0.99619454 0
vn -0.08715729 0.99619454 0
vn 0.99619454 0.08715729 0
vn 0.99619454 0.08715729 0
vn 0.99619454 0.08715729 0
vn 0.99619454 0.08715729 0
vn 0.08715729 -0.99619454 0
vn 0.08715729 -0.99619454 0
vn 0.08715729 -0.99619454 0
vn 0.08715729 -0.99619454 0
vn -0.99619454 -0.08715729 0
vn -0.99619454 -0.08715729 0
vn -0.99619454 -0.08715729 0
vn -0.99619454 -0.08715729 0
vn -0.08715667 0.99619460 0
vn -0.08715667 0.99619460 0
vn -0.08715667 0.99619460 0
vn -0.08715667 0.99619460 0
vn 0.99619520 0.08715020 0
vn 0.99619520 0.08715020 0
vn 0.99619520 0.08715020 0
vn 0.99619520 0.08715020 0
vn -0.99619454 -0.08715729 0
vn -0.99619454 -0.08715729 0
vn -0.99619454 -0.08715729 0
vn -0.99619454 -0.08715729 0
vn -0.99619454 -0.08715729 0
vn -0.99619454 -0.08715729 0
vn -0.99619454 -0.08715729 0
vn -0.08715729 0.99619454 0
vn -0.08715729 0.99619454 0
vn -0.08715729 0.99619454 0
vn -0.08715729 0.99619454 0
vn 0.99619454 0.08715729 0
vn 0.99619454 0.08715729 0
vn 0.99619454 0.08715729 0
vn 0.99619454 0.08715729 0
vn -0.99619454 -0.08715729 0
vn -0.99619454 -0.08715729 0
vn -0.99619454 -0.08715729 0
vn -0.99619454 -0.08715729 0
vn -0.08715729 0.99619454 0
vn -0.08715729 0.99619454 0
vn -0.08715729 0.99619454 0
vn -0.08715729 0.99619454 0
vn 0.99619454 0.08715729 0
vn 0.99619454 0.08715729 0
vn 0.99619454 0.08715729 0
vn 0.99619454 0.08715729 0
vn -0.99619454 -0.08715729 0
vn -0.99619454 -0.08715729 0
vn -0.99619454 -0.08715729 0
vn -0.99619454 -0.08715729 0
vn -0.08715729 0.99619454 0
vn -0.08715729 0.99619454 0
vn -0.08715729 0.99619454 0
vn -0.08715729 0.99619454 0
vn 0.99619460 0.08715667 0
vn 0.99619460 0.08715667 0
vn 0.99619460 0.08715667 0
vn 0.99619460 0.08715667 0
vn -0.99619520 -0.08715020 0
vn -0.99619520 -0.08715020 0
vn -0.99619520 -0.08715020 0
vn -0.99619520 -0.08715020 0
vn -0.08715729 0.99619454 0
vn -0.08715729 0.99619454 0
vn -0.08715729 0.99619454 0
vn -0.08715729 0.99619454 0
vn 0.99619460 0.08715667 0
vn 0.99619460 0.08715667 0
vn 0.99619460 0.08715667 0
vn 0.99619460 0.08715667 0
vn -0.99619460 -0.08715667 0
vn -0.99619460 -0.08715667 0
vn -0.99619460 -0.08715667 0
vn -0.99619460 -0.08715667 0
vn -0.08715667 0.99619460 0
vn -0.08715667 0.99619460 0
vn -0.08715667 0.99619460 0
vn -0.08715667 0.99619460 0
vn 0.99619526 0.08714958 0
vn 0.99619526 0.08714958 0
vn 0.99619526 0.08714958 0
vn 0.99619526 0.08714958 0
vn -0.99619454 -0.08715729 0
vn -0.99619454 -0.08715729 0
vn -0.99619454 -0.08715729 0
vn -0.99619454 -0.08715729 0
vn -0.08715667 0.99619460 0
vn -0.08715667 0.99619460 0
vn -0.08715667 0.99619460 0
vn -0.08715667 0.99619460 0
vn 0.99619526 0.08714958 0
vn 0.99619526 0.08714958 0
vn 0.99619526 0.08714958 0
vn 0.99619526 0.08714958 0
vn -0.99619460 -0.08715667 0
vn -0.99619460 -0.08715667 0
vn -0.99619460 -0.08715667 0
vn -0.99619460 -0.08715667 0
vn -0.08715020 0.99619520 0
vn -0.08715020 0.99619520 0
vn -0.08715020 0.99619520 0
vn -0.08715020 0.99619520 0
vn 0.99619454 0.08715729 0
vn 0.99619454 0.08715729 0
vn 0.99619454 0.08715729 0
vn 0.99619454 0.08715729 0
vn -0.99619454 -0.08715729 0
vn -0.99619454 -0.08715729 0
vn -0.99619454 -0.08715729 0
vn -0.99619454 -0.08715729 0
vn -0.08715729 0.99619454 0
vn -0.08715729 0.99619454 0
vn -0.08715729 0.99619454 0
vn -0.08715729 0.99619454 0
vn 0.99619454 0.08715729 0
vn 0.99619454 0.08715729 0
vn 0.99619454 0.08715729 0
vn 0.99619454 0.08715729 0
vn -0.99619520 -0.08715020 0
vn -0.99619520 -0.08715020 0
vn -0.99619520 -0.08715020 0
vn -0.99619520 -0.08715020 0
vn -0.08715729 0.99619454 0
vn -0.08715729 0.99619454 0
vn -0.08715729 0.99619454 0
vn -0.08715729 0.99619454 0
vn 0.99619460 0.08715667 0
vn 0.99619460 0.08715667 0
vn 0.99619460 0.08715667 0
vn 0.99619460 0.08715667 0
vn 0.99619520 -0.08715020 0
vn 0.99619520 -0.08715020 0
vn 0.99619520 -0.08715020 0
vn 0.99619520 -0.08715020 0
vn -0.08714958 -0.99619526 0
vn -0.08714958 -0.99619526 0
vn -0.08714958 -0.99619526 0
vn -0.08714958 -0.99619526 0
vn -0.99619460 0.08715667 0
vn -0.99619460 0.08715667 0
vn -0.99619460 0.08715667 0
vn -0.99619460 0.08715667 0
vn -0.08715729 -0.99619454 0
vn -0.08715729 -0.99619454 0
vn -0.08715729 -0.99619454 0
vn -0.08715729 -0.99619454 0
vn -0.99619454 0.08715729 0
vn -0.99619454 0.08715729 0
vn -0.99619454 0.08715729 0
vn -0.99619454 0.08715729 0
vn 0.08715729 0.99619454 0
vn 0.08715729 0.99619454 0
vn 0.08715729 0.99619454 0
vn 0.08715729 0.99619454 0
vn -0.08715729 -0.99619454 0
vn -0.08715729 -0.99619454 0
vn -0.08715729 -0.99619454 0
vn -0.08715729 -0.99619454 0
vn -0.99619520 0.08715020 0
vn -0.99619520 0.08715020 0
vn -0.99619520 0.08715020 0
vn -0.99619520 0.08715020 0
vn -0.99619520 0.08715020 0
vn -0.99619520 0.08715020 0
vn -0.99619520 0.08715020 0
vn -0.99619520 0.08715020 0
vn -0.99619520 0.08715020 0
vn -0.99619520 0.08715020 0
vn 0.08715667 0.99619460 0
vn 0.08715667 0.99619460 0
vn 0.08715667 0.99619460 0
vn 0.08715667 0.99619460 0
vn -0.99619454 0.08715729 0
vn -0.99619454 0.08715729 0
vn -0.99619454 0.08715729 0
vn -0.99619454 0.08715729 0
vn 0.08715729 0.99619454 0
vn 0.08715729 0.99619454 0
vn 0.08715729 0.99619454 0
vn 0.08715729 0.99619454 0
vn 0.99619454 -0.08715729 0
vn 0.99619454 -0.08715729 0
vn 0.99619454 -0.08715729 0
vn 0.99619454 -0.08715729 0
vn -0.96592718 -0.25881392 0
vn -0.96592718 -0.25881392 0
vn -0.96592718 -0.25881392 0
vn -0.96592718 -0.25881392 0
vn -0.25882238 0.96592492 0
vn -0.25882238 0.96592492 0
vn -0.25882238 0.96592492 0
vn -0.25882238 0.96592492 0
vn 0.96592540 0.25882059 0
vn 0.96592540 0.25882059 0
vn 0.96592540 0.25882059 0
vn 0.96592540 0.25882059 0
vn -0.08715729 -0.99619454 0
vn -0.08715729 -0.99619454 0
vn -0.08715729 -0.99619454 0
vn -0.08715729 -0.99619454 0
vn -0.99619454 0.08715729 0
vn -0.99619454 0.08715729 0
vn -0.99619454 0.08715729 0
vn -0.99619454 0.08715729 0
vn 0.08715729 0.99619454 0
vn 0.08715729 0.99619454 0
vn 0.08715729 0.99619454 0
vn 0.08715729 0.99619454 0
vn 0.08715729 0.99619454 0
vn 0.08715729 0.99619454 0
vn 0.08715729 0.99619454 0
vn -0.08715729 -0.99619454 0
vn -0.08715729 -0.99619454 0
vn -0.08715729 -0.99619454 0
vn -0.08715729 -0.99619454 0
vn -0.99619454 0.08715729 0
vn -0.99619454 0.08715729 0
vn -0.99619454 0.08715729 0
vn -0.99619454 0.08715729 0
vn 0.08715729 0.99619454 0
vn 0.08715729 0.99619454 0
vn 0.08715729 0.99619454 0
vn 0.08715729 0.99619454 0
vn -0.08715729 -0.99619454 0
vn -0.08715729 -0.99619454 0
vn -0.08715729 -0.99619454 0
vn -0.08715729 -0.99619454 0
vn -0.99619454 0.08715729 0
vn -0.99619454 0.08715729 0
vn -0.99619454 0.08715729 0
vn -0.99619454 0.08715729 0
vn 0.08715729 0.99619454 0
vn 0.08715729 0.99619454 0
vn 0.08715729 0.99619454 0
vn 0.08715729 0.99619454 0
vn -0.99619460 0.08715667 0
vn -0.99619460 0.08715667 0
vn -0.99619460 0.08715667 0
vn -0.99619460 0.08715667 0
vn 0.08715729 0.99619454 0
vn 0.08715729 0.99619454 0
vn 0.08715729 0.99619454 0
vn 0.08715729 0.99619454 0
vn 0.99619520 -0.08715020 0
vn 0.99619520 -0.08715020 0
vn 0.99619520 -0.08715020 0
vn 0.99619520 -0.08715020 0
vn -0.08715667 -0.99619460 0
vn -0.08715667 -0.99619460 0
vn -0.08715667 -0.99619460 0
vn -0.08715667 -0.99619460 0
vn 0.08715729 -0.99619454 0
vn 0.08715729 -0.99619454 0
vn 0.08715729 -0.99619454 0
vn 0.08715729 -0.99619454 0
vn 0.08714958 -0.99619526 0
vn 0.08714958 -0.99619526 0
vn 0.08714958 -0.99619526 0
vn 0.08714958 -0.99619526 0
vn -0.08715729 -0.99619454 0
vn -0.08715729 -0.99619454 0
vn -0.08715729 -0.99619454 0
vn -0.08715729 -0.99619454 0
vn 0.99619454 0.08715729 0
vn 0.99619454 0.08715729 0
vn 0.99619454 0.08715729 0
vn 0.99619454 0.08715729 0
vn 0.99619454 0.08715729 0
vn 0.99619454 0.08715729 0
vn 0.99619454 0.08715729 0
vn 0.99619454 0.08715729 0
vn 0.08715667 0.99619460 0
vn 0.08715667 0.99619460 0
vn 0.08715667 0.99619460 0
vn 0.08715667 0.99619460 0
vn -0.99619460 0.08715667 0
vn -0.99619460 0.08715667 0
vn -0.99619460 0.08715667 0
vn -0.99619460 0.08715667 0
vn -0.08715729 -0.99619454 0
vn -0.08715729 -0.99619454 0
vn -0.08715729 -0.99619454 0
vn -0.08715729 -0.99619454 0
vn 0.08715729 -0.99619454 0
vn 0.08715729 -0.99619454 0
vn 0.08715729 -0.99619454 0
vn 0.08715729 -0.99619454 0
vn 0.99619454 0.08715729 0
vn 0.99619454 0.08715729 0
vn 0.99619454 0.08715729 0
vn 0.99619454 0.08715729 0
vn 0.08715667 -0.99619460 0
vn 0.08715667 -0.99619460 0
vn 0.08715667 -0.99619460 0
vn 0.08715667 -0.99619460 0
vn 0.08715729 -0.99619454 0
vn 0.08715729 -0.99619454 0
vn 0.08715729 -0.99619454 0
vn 0.08715729 -0.99619454 0
vn 0.99619454 -0.08715729 0
vn 0.99619454 -0.08715729 0
vn 0.99619454 -0.08715729 0
vn 0.99619454 -0.08715729 0
vn 0.99619454 -0.08715729 0
vn 0.99619454 -0.08715729 0
vn 0.99619454 -0.08715729 0
vn 0.08715729 0.99619454 0
vn 0.08715729 0.99619454 0
vn 0.08715729 0.99619454 0
vn 0.08715729 0.99619454 0
vn -0.99619454 -0.08715729 0
vn -0.99619454 -0.08715729 0
vn -0.99619454 -0.08715729 0
vn -0.99619454 -0.08715729 0
vn 0.08715729 0.99619454 0
vn 0.08715729 0.99619454 0
vn 0.08715729 0.99619454 0
vn 0.08715729 0.99619454 0
vn 0.99619454 0.08715729 0
vn 0.99619454 0.08715729 0
vn 0.99619454 0.08715729 0
vn 0.99619454 0.08715729 0
vn 0.99619454 -0.08715729 0
vn 0.99619454 -0.08715729 0
vn 0.99619454 -0.08715729 0
vn 0.99619454 -0.08715729 0
vn 0.99619454 0.08715729 0
vn 0.99619454 0.08715729 0
vn 0.99619454 0.08715729 0
vn 0.99619454 0.08715729 0
vn -0.08715020 0.99619520 0
vn -0.08715020 0.99619520 0
vn -0.08715020 0.99619520 0
vn -0.08715020 0.99619520 0
vn 0.08715729 0.99619454 0
vn 0.08715729 0.99619454 0
vn 0.08715729 0.99619454 0
vn 0.08715729 0.99619454 0
vn -0.25882059 -0.96592540 0
vn -0.25882059 -0.96592540 0
vn -0.25882059 -0.96592540 0
vn -0.25882059 -0.96592540 0
vn -0.99619454 0.08715729 0
vn -0.99619454 0.08715729 0
vn -0.99619454 0.08715729 0
vn -0.99619454 0.08715729 0
vn 0.99619454 0.08715729 0
vn 0.99619454 0.08715729 0
vn 0.99619454 0.08715729 0
vn 0.99619454 0.08715729 0
vn 0.99619460 -0.08715667 0
vn 0.99619460 -0.08715667 0
vn 0.99619460 -0.08715667 0
vn 0.99619460 -0.08715667 0
vn 0.99619454 -0.08715729 0
vn 0.99619454 -0.08715729 0
vn 0.99619454 -0.08715729 0
vn 0.99619454 -0.08715729 0
vn 0.99619460 -0.08715667 0
vn 0.99619460 -0.08715667 0
vn 0.99619460 -0.08715667 0
vn 0.99619460 -0.08715667 0
vn 0.99619460 -0.08715667 0
vn 0.99619460 -0.08715667 0
vn 0.99619460 -0.08715667 0
vn 0.99619460 -0.08715667 0
vn 0.99619526 -0.08714958 0
vn 0.99619526 -0.08714958 0
vn 0.99619526 -0.08714958 0
vn 0.99619526 -0.08714958 0
vn 0.99619454 -0.08715729 0
vn 0.99619454 -0.08715729 0
vn 0.99619454 -0.08715729 0
vn 0.99619454 -0.08715729 0
vn 0.08715667 0.99619460 0
vn 0.08715667 0.99619460 0
vn 0.08715667 0.99619460 0
vn 0.08715667 0.99619460 0
vn -0.08715729 0.99619454 0
vn -0.08715729 0.99619454 0
vn -0.08715729 0.99619454 0
vn -0.08715729 0.99619454 0
vn -0.08715729 0.99619454 0
vn -0.08715729 0.99619454 0
vn -0.08715729 0.99619454 0
vn -0.08715729 0.99619454 0
vn -0.08715729 0.99619454 0
vn -0.08715729 0.99619454 0
vn -0.08715729 0.99619454 0
vn 0.08715020 -0.99619520 0
vn 0.08715020 -0.99619520 0
vn 0.08715020 -0.99619520 0
vn 0.08715020 -0.99619520 0
vn -0.99619526 0.08714958 0
vn -0.99619526 0.08714958 0
vn -0.99619526 0.08714958 0
vn -0.99619526 0.08714958 0
vn -0.99619454 -0.08715729 0
vn -0.99619454 -0.08715729 0
vn -0.99619454 -0.08715729 0
vn -0.99619454 -0.08715729 0
vn 0.08715729 -0.99619454 0
vn 0.08715729 -0.99619454 0
vn 0.08715729 -0.99619454 0
vn 0.08715729 -0.99619454 0
vn 0.08715729 -0.99619454 0
vn 0.08715729 -0.99619454 0
vn 0.08715729 -0.99619454 0
vn 0.08715729 -0.99619454 0
vn 0.08715729 -0.99619454 0
vn 0.08715729 -0.99619454 0
vn 0.08715729 -0.99619454 0
vn 0.08715729 -0.99619454 0
vn 0.08715020 -0.99619520 0
vn 0.08715020 -0.99619520 0
vn 0.08715020 -0.99619520 0
vn 0.08715020 -0.99619520 0
vn 0.08714958 -0.99619526 0
vn 0.08714958 -0.99619526 0
vn 0.08714958 -0.99619526 0
vn 0.08714958 -0.99619526 0
vn 0.08715729 -0.99619454 0
vn 0.08715729 -0.99619454 0
vn 0.08715729 -0.99619454 0
vn 0.08715729 -0.99619454 0
vn 0.08715020 -0.99619520 0
vn 0.08715020 -0.99619520 0
vn 0.08715020 -0.99619520 0
vn 0.08715020 -0.99619520 0
vn 0.08715020 -0.99619520 0
vn 0.08715729 -0.99619454 0
vn 0.08715729 -0.99619454 0
vn 0.08715729 -0.99619454 0
vn 0.08715729 -0.99619454 0
vn 0.08715729 -0.99619454 0
vn 0.08715729 -0.99619454 0
vn 0.08715729 -0.99619454 0
vn 0.08715729 -0.99619454 0
vn 0.08714958 -0.99619526 0
vn 0.08714958 -0.99619526 0
vn 0.08714958 -0.99619526 0
vn 0.08714958 -0.99619526 0
vn 0.08715729 0.99619454 0
vn 0.08715729 0.99619454 0
vn 0.08715729 0.99619454 0
vn 0.08715729 0.99619454 0
vn 0.99619454 -0.08715729 0
vn 0.99619454 -0.08715729 0
vn 0.99619454 -0.08715729 0
vn 0.99619454 -0.08715729 0
vn 0.99619454 -0.08715729 0
vn 0.99619454 -0.08715729 0
vn 0.99619454 -0.08715729 0
vn 0.99619454 -0.08715729 0
vn -0.08715729 -0.99619454 0
vn -0.08715729 -0.99619454 0
vn -0.08715729 -0.99619454 0
vn -0.08715729 -0.99619454 0
vn 0.25882059 -0.96592540 0
vn 0.25882059 -0.96592540 0
vn 0.25882059 -0.96592540 0
vn 0.25882059 -0.96592540 0
vn 0.99619454 -0.08715729 0
vn 0.99619454 -0.08715729 0
vn 0.99619454 -0.08715729 0
vn 0.99619454 -0.08715729 0
vn 0.99619454 -0.08715729 0
vn 0.99619454 -0.08715729 0
vn 0.99619454 -0.08715729 0
vn 0.99619454 -0.08715729 0
vn 0.99619454 -0.08715729 0
vn 0.99619454 -0.08715729 0
vn 0.99619454 -0.08715729 0
vn 0.99619454 -0.08715729 0
vn -0.08714958 -0.99619526 0
vn -0.08714958 -0.99619526 0
vn -0.08714958 -0.99619526 0
vn -0.08714958 -0.99619526 0
vn -0.99630475 -0.08588848 0
vn -0.99630475 -0.08588848 0
vn -0.99630475 -0.08588848 0
vn -0.99630475 -0.08588848 0
vn 1 -0.00000000 0
vn 1 -0.00000000 0
vn 1 -0.00000000 0
vn 1 -0.00000000 0
vn 1 -0.00000000 0
vn 1 -0.00000000 0
vn 1 -0.00000000 0
vn 1 -0.00000000 0
vn 1 -0.00000000 0
vn 1 -0.00000000 0
vn -1 0.00000000 0
vn -1 0.00000000 0
vn -1 0.00000000 0
vn -1 0.00000000 0
vn -1 0.00000000 0
vn -1 0.00000000 0
vn -1 0.00000000 0
vn -1 0.00000000 0
vn -1 0.00000000 0
vn -1 0.00000000 0
vn -0.26678652 0.96375567 0
vn -0.26678652 0.96375567 0
vn -0.26678652 0.96375567 0
vn -0.26678652 0.96375567 0
vn -0.70710677 0.00000000 0.70710677
vn -0.70710677 0.00000000 0.70710677
vn -0.70710677 0.00000000 0.70710677
vn -0.70710677 0.00000000 0.70710677
vn -0.70710677 0.00000000 0.70710677
vn -0.70710677 0.00000000 0.70710677
vn -0.70710677 0.00000000 0.70710677
vn -0.70710677 0.00000000 0.70710677
vn -0.70710677 0.00000000 0.70710677
vn -0.70710677 0.00000000 0.70710677
vn -0.70710677 0.00000000 0.70710677
vn -0.70710677 0.00000000 0.70710677
vn 0.28240246 0.95929605 0
vn 0.28240246 0.95929605 0
vn 0.28240246 0.95929605 0
vn 0.28240246 0.95929605 0
vn -0.18864655 0.68147814 0.70710677
vn -0.18864655 0.68147814 0.70710677
vn -0.18864655 0.68147814 0.70710677
vn -0.18864655 0.68147814 0.70710677
vn 0.19968869 0.67832470 0.70710677
vn 0.19968869 0.67832470 0.70710677
vn 0.19968869 0.67832470 0.70710677
vn 0.19968869 0.67832470 0.70710677
vn 0.70710677 -0.00000000 0.70710677
vn 0.70710677 -0.00000000 0.70710677
vn 0.70710677 -0.00000000 0.70710677
vn 0.70710677 -0.00000000 0.70710677
vn 0.70710677 -0.00000000 0.70710677
vn 0.70710677 -0.00000000 0.70710677
vn 0.70710677 -0.00000000 0.70710677
vn 0.70710677 -0.00000000 0.70710677
vn 0.70710677 -0.00000000 0.70710677
vn 0.70710677 -0.00000000 0.70710677
vn 0.70710677 -0.00000000 0.70710677
vn 0.70710677 -0.00000000 0.70710677
vn -0.70449382 -0.06073232 0.70710677
vn -0.70449382 -0.06073232 0.70710677
vn -0.70449382 -0.06073232 0.70710677
vn -0.70449382 -0.06073232 0.70710677
vn 0.70450735 -0.06057575 0.70710677
vn 0.70450735 -0.06057575 0.70710677
vn 0.70450735 -0.06057575 0.70710677
vn 0.70450735 -0.06057575 0.70710677
vn 0.70710677 0 -0.70710677
vn 0.70710677 0 -0.70710677
vn 0.70441604 0.06162842 -0.70710677
vn 0.70441604 0.06162842 -0.70710677
vn 0.69636422 0.12278780 -0.70710677
vn 0.69636422 0.12278780 -0.70710677
vn 0.68301272 0.18301271 -0.70710677
vn 0.68301272 0.18301271 -0.70710677
vn 0.66446304 0.24184476 -0.70710677
vn 0.66446304 0.24184476 -0.70710677
vn 0.64085639 0.29883623 -0.70710677
vn 0.64085639 0.29883623 -0.70710677
vn 0.61237246 0.35355338 -0.70710677
vn 0.61237246 0.35355338 -0.70710677
vn 0.57922798 0.40557978 -0.70710677
vn 0.57922798 0.40557978 -0.70710677
vn 0.54167521 0.45451948 -0.70710677
vn 0.54167521 0.45451948 -0.70710677
vn 0.50000000 0.50000000 -0.70710677
vn 0.50000000 0.50000000 -0.70710677
vn 0.45451948 0.54167521 -0.70710677
vn 0.45451948 0.54167521 -0.70710677
vn 0.40557978 0.57922798 -0.70710677
vn 0.40557978 0.57922798 -0.70710677
vn 0.35355338 0.61237246 -0.70710677
vn 0.35355338 0.61237246 -0.70710677
vn 0.29883623 0.64085639 -0.70710677
vn 0.29883623 0.64085639 -0.70710677
vn 0.24184476 0.66446304 -0.70710677
vn 0.24184476 0.66446304 -0.70710677
vn 0.18301271 0.68301272 -0.70710677
vn 0.18301271 0.68301272 -0.70710677
vn 0.12278780 0.69636422 -0.70710677
vn 0.12278780 0.69636422 -0.70710677
vn 0.06162842 0.70441604 -0.70710677
vn 0.06162842 0.70441604 -0.70710677
vn 0.00000000 0.70710677 -0.70710677
vn 0.00000000 0.70710677 -0.70710677
vn -0.06162842 0.70441604 -0.70710677
vn -0.06162842 0.70441604 -0.70710677
vn -0.12278780 0.69636422 -0.70710677
vn -0.12278780 0.69636422 -0.70710677
vn -0.18301271 0.68301272 -0.70710677
vn -0.18301271 0.68301272 -0.70710677
vn -0.24184476 0.66446304 -0.70710677
vn -0.24184476 0.66446304 -0.70710677
vn -0.29883623 0.64085639 -0.70710677
vn -0.29883623 0.64085639 -0.70710677
vn -0.35355338 0.61237246 -0.70710677
vn -0.35355338 0.61237246 -0.70710677
vn -0.40557978 0.57922798 -0.70710677
vn -0.40557978 0.57922798 -0.70710677
vn -0.45451948 0.54167521 -0.70710677
vn -0.45451948 0.54167521 -0.70710677
vn -0.50000000 0.50000000 -0.70710677
vn -0.50000000 0.50000000 -0.70710677
vn -0.54167521 0.45451948 -0.70710677
vn -0.54167521 0.45451948 -0.70710677
vn -0.57922798 0.40557978 -0.70710677
vn -0.57922798 0.40557978 -0.70710677
vn -0.61237246 0.35355338 -0.70710677
vn -0.61237246 0.35355338 -0.70710677
vn -0.64085639 0.29883623 -0.70710677
vn -0.64085639 0.29883623 -0.70710677
vn -0.66446304 0.24184476 -0.70710677
vn -0.66446304 0.24184476 -0.70710677
vn -0.68301272 0.18301271 -0.70710677
vn -0.68301272 0.18301271 -0.70710677
vn -0.69636422 0.12278780 -0.70710677
vn -0.69636422 0.12278780 -0.70710677
vn -0.70441604 0.06162842 -0.70710677
vn -0.70441604 0.06162842 -0.70710677
vn -0.70710677 0.00000000 -0.70710677
vn -0.70710677 0.00000000 -0.70710677
vn -0.70441604 -0.06162842 -0.70710677
vn -0.70441604 -0.06162842 -0.70710677
vn -0.69636422 -0.12278780 -0.70710677
vn -0.69636422 -0.12278780 -0.70710677
vn -0.68301272 -0.18301271 -0.70710677
vn -0.68301272 -0.18301271 -0.70710677
vn -0.66446304 -0.24184476 -0.70710677
vn -0.66446304 -0.24184476 -0.70710677
vn -0.64085639 -0.29883623 -0.70710677
vn -0.64085639 -0.29883623 -0.70710677
vn -0.61237246 -0.35355338 -0.70710677
vn -0.61237246 -0.35355338 -0.70710677
vn -0.57922798 -0.40557978 -0.70710677
vn -0.57922798 -0.40557978 -0.70710677
vn -0.54167521 -0.45451948 -0.70710677
vn -0.54167521 -0.45451948 -0.70710677
vn -0.50000000 -0.50000000 -0.70710677
vn -0.50000000 -0.50000000 -0.70710677
vn -0.45451948 -0.54167521 -0.70710677
vn -0.45451948 -0.54167521 -0.70710677
vn -0.40557978 -0.57922798 -0.70710677
vn -0.40557978 -0.57922798 -0.70710677
vn -0.35355338 -0.61237246 -0.70710677
vn -0.35355338 -0.61237246 -0.70710677
vn -0.29883623 -0.64085639 -0.70710677
vn -0.29883623 -0.64085639 -0.70710677
vn -0.24184476 -0.66446304 -0.70710677
vn -0.24184476 -0.66446304 -0.70710677
vn -0.18301271 -0.68301272 -0.70710677
vn -0.18301271 -0.68301272 -0.70710677
vn -0.12278780 -0.69636422 -0.70710677
vn -0.12278780 -0.69636422 -0.70710677
vn -0.06162842 -0.70441604 -0.70710677
vn -0.06162842 -0.70441604 -0.70710677
vn -0.00000000 -0.70710677 -0.70710677
vn -0.00000000 -0.70710677 -0.70710677
vn 0.06162842 -0.70441604 -0.70710677
vn 0.06162842 -0.70441604 -0.70710677
vn 0.12278780 -0.69636422 -0.70710677
vn 0.12278780 -0.69636422 -0.70710677
vn 0.18301271 -0.68301272 -0.70710677
vn 0.18301271 -0.68301272 -0.70710677
vn 0.24184476 -0.66446304 -0.70710677
vn 0.24184476 -0.66446304 -0.70710677
vn 0.29883623 -0.64085639 -0.70710677
vn 0.29883623 -0.64085639 -0.70710677
vn 0.35355338 -0.61237246 -0.70710677
vn 0.35355338 -0.61237246 -0.70710677
vn 0.40557978 -0.57922798 -0.70710677
vn 0.40557978 -0.57922798 -0.70710677
vn 0.45451948 -0.54167521 -0.70710677
vn 0.45451948 -0.54167521 -0.70710677
vn 0.50000000 -0.50000000 -0.70710677
vn 0.50000000 -0.50000000 -0.70710677
vn 0.54167521 -0.45451948 -0.70710677
vn 0.54167521 -0.45451948 -0.70710677
vn 0.57922798 -0.40557978 -0.70710677
vn 0.57922798 -0.40557978 -0.70710677
vn 0.61237246 -0.35355338 -0.70710677
vn 0.61237246 -0.35355338 -0.70710677
vn 0.64085639 -0.29883623 -0.70710677
vn 0.64085639 -0.29883623 -0.70710677
vn 0.66446304 -0.24184476 -0.70710677
vn 0.66446304 -0.24184476 -0.70710677
vn 0.68301272 -0.18301271 -0.70710677
vn 0.68301272 -0.18301271 -0.70710677
vn 0.69636422 -0.12278780 -0.70710677
vn 0.69636422 -0.12278780 -0.70710677
vn 0.70441604 -0.06162842 -0.70710677
vn 0.70441604 -0.06162842 -0.70710677
vn 1 0 0
vn 1 0 0
vn 0.99619472 0.08715574 0
vn 0.99619472 0.08715574 0
vn 0.98480773 0.17364818 0
vn 0.98480773 0.17364818 0
vn 0.96592581 0.25881904 0
vn 0.96592581 0.25881904 0
vn 0.93969262 0.34202015 0
vn 0.93969262 0.34202015 0
vn 0.90630782 0.42261827 0
vn 0.90630782 0.42261827 0
vn 0.86602539 0.50000000 0
vn 0.86602539 0.50000000 0
vn 0.81915206 0.57357645 0
vn 0.81915206 0.57357645 0
vn 0.76604444 0.64278764 0
vn 0.76604444 0.64278764 0
vn 0.70710677 0.70710677 0
vn 0.70710677 0.70710677 0
vn 0.64278764 0.76604444 0
vn 0.64278764 0.76604444 0
vn 0.57357645 0.81915206 0
vn 0.57357645 0.81915206 0
vn 0.50000000 0.86602539 0
vn 0.50000000 0.86602539 0
vn 0.42261827 0.90630782 0
vn 0.42261827 0.90630782 0
vn 0.34202015 0.93969262 0
vn 0.34202015 0.93969262 0
vn 0.25881904 0.96592581 0
vn 0.25881904 0.96592581 0
vn 0.17364818 0.98480773 0
vn 0.17364818 0.98480773 0
vn 0.08715574 0.99619472 0
vn 0.08715574 0.99619472 0
vn 0.00000000 1 0
vn 0.00000000 1 0
vn -0.08715574 0.99619472 0
vn -0.08715574 0.99619472 0
vn -0.17364818 0.98480773 0
vn -0.17364818 0.98480773 0
vn -0.25881904 0.96592581 0
vn -0.25881904 0.96592581 0
vn -0.34202015 0.93969262 0
vn -0.34202015 0.93969262 0
vn -0.42261827 0.90630782 0
vn -0.42261827 0.90630782 0
vn -0.50000000 0.86602539 0
vn -0.50000000 0.86602539 0
vn -0.57357645 0.81915206 0
vn -0.57357645 0.81915206 0
vn -0.64278764 0.76604444 0
vn -0.64278764 0.76604444 0
vn -0.70710677 0.70710677 0
vn -0.70710677 0.70710677 0
vn -0.76604444 0.64278764 0
vn -0.76604444 0.64278764 0
vn -0.81915206 0.57357645 0
vn -0.81915206 0.57357645 0
vn -0.86602539 0.50000000 0
vn -0.86602539 0.50000000 0
vn -0.90630782 0.42261827 0
vn -0.90630782 0.42261827 0
vn -0.93969262 0.34202015 0
vn -0.93969262 0.34202015 0
vn -0.96592581 0.25881904 0
vn -0.96592581 0.25881904 0
vn -0.98480773 0.17364818 0
vn -0.98480773 0.17364818 0
vn -0.99619472 0.08715574 0
vn -0.99619472 0.08715574 0
vn -1 0.00000000 0
vn -1 0.00000000 0
vn -0.99619472 -0.08715574 0
vn -0.99619472 -0.08715574 0
vn -0.98480773 -0.17364818 0
vn -0.98480773 -0.17364818 0
vn -0.96592581 -0.25881904 0
vn -0.96592581 -0.25881904 0
vn -0.93969262 -0.34202015 0
vn -0.93969262 -0.34202015 0
vn -0.90630782 -0.42261827 0
vn -0.90630782 -0.42261827 0
vn -0.86602539 -0.50000000 0
vn -0.86602539 -0.50000000 0
vn -0.81915206 -0.57357645 0
vn -0.81915206 -0.57357645 0
vn -0.76604444 -0.64278764 0
vn -0.76604444 -0.64278764 0
vn -0.70710677 -0.70710677 0
vn -0.70710677 -0.70710677 0
vn -0.64278764 -0.76604444 0
vn -0.64278764 -0.76604444 0
vn -0.57357645 -0.81915206 0
vn -0.57357645 -0.81915206 0
vn -0.50000000 -0.86602539 0
vn -0.50000000 -0.86602539 0
vn -0.42261827 -0.90630782 0
vn -0.42261827 -0.90630782 0
vn -0.34202015 -0.93969262 0
vn -0.34202015 -0.93969262 0
vn -0.25881904 -0.96592581 0
vn -0.25881904 -0.96592581 0
vn -0.17364818 -0.98480773 0
vn -0.17364818 -0.98480773 0
vn -0.08715574 -0.99619472 0
vn -0.08715574 -0.99619472 0
vn -0.00000000 -1 0
vn -0.00000000 -1 0
vn 0.08715574 -0.99619472 0
vn 0.08715574 -0.99619472 0
vn 0.17364818 -0.98480773 0
vn 0.17364818 -0.98480773 0
vn 0.25881904 -0.96592581 0
vn 0.25881904 -0.96592581 0
vn 0.34202015 -0.93969262 0
vn 0.34202015 -0.93969262 0
vn 0.42261827 -0.90630782 0
vn 0.42261827 -0.90630782 0
vn 0.50000000 -0.86602539 0
vn 0.50000000 -0.86602539 0
vn 0.57357645 -0.81915206 0
vn 0.57357645 -0.81915206 0
vn 0.64278764 -0.76604444 0
vn 0.64278764 -0.76604444 0
vn 0.70710677 -0.70710677 0
vn 0.70710677 -0.70710677 0
vn 0.76604444 -0.64278764 0
vn 0.76604444 -0.64278764 0
vn 0.81915206 -0.57357645 0
vn 0.81915206 -0.57357645 0
vn 0.86602539 -0.50000000 0
vn 0.86602539 -0.50000000 0
vn 0.90630782 -0.42261827 0
vn 0.90630782 -0.42261827 0
vn 0.93969262 -0.34202015 0
vn 0.93969262 -0.34202015 0
vn 0.96592581 -0.25881904 0
vn 0.96592581 -0.25881904 0
vn 0.98480773 -0.17364818 0
vn 0.98480773 -0.17364818 0
vn 0.99619472 -0.08715574 0
vn 0.99619472 -0.08715574 0
vn 0 0 -1
vn 0 0 -1
vn 0 0 -1
vn 0 0 -1
vn 0 0 -1
vn 0 0 -1
vn 0 0 -1
vn 0 0 -1
vn 0 0 -1
vn 0 0 -1
vn 0 0 -1
vn 0 0 -1
vn 0 0 -1
vn 0 0 -1
vn 0 0 -1
vn 0 0 -1
vn 0 0 -1
vn 0 0 -1
vn 0 0 -1
vn 0 0 -1
vn 0 0 -1
vn 0 0 -1
vn 0 0 -1
vn 0 0 -1
vn 0 0 -1
vn 0 0 -1
vn 0 0 -1
vn 0 0 -1
vn 0 0 -1
vn 0 0 -1
vn 0 0 -1
vn 0 0 -1
vn 0 0 -1
vn 0 0 -1
vn 0 0 -1
vn 0 0 -1
vn 0 0 -1
vn 0 0 -1
vn 0 0 -1
vn 0 0 -1
vn 0 0 -1
vn 0 0 -1
vn 0 0 -1
vn 0 0 -1
vn 0 0 -1
vn 0 0 -1
vn 0 0 -1
vn 0 0 -1
vn 0 0 -1
vn 0 0 -1
vn 0 0 -1
vn 0 0 -1
vn 0 0 -1
vn 0 0 -1
vn 0 0 -1
vn 0 0 -1
vn 0 0 -1
vn 0 0 -1
vn 0 0 -1
vn 0 0 -1
vn 0 0 -1
vn 0 0 -1
vn 0 0 -1
vn 0 0 -1
vn 0 0 -1
vn 0 0 -1
vn 0 0 -1
vn 0 0 -1
vn 0 0 -1
vn 0 0 -1
vn 0 0 -1
vn 0 0 -1
vn 0 0 -1
vn 0.70710677 0 -0.70710677
vn 0.70710677 0 -0.70710677
vn 0.70441604 0.06162842 -0.70710677
vn 0.70441604 0.06162842 -0.70710677
vn 0.69636422 0.12278780 -0.70710677
vn 0.69636422 0.12278780 -0.70710677
vn 0.68301272 0.18301271 -0.70710677
vn 0.68301272 0.18301271 -0.70710677
vn 0.66446304 0.24184476 -0.70710677
vn 0.66446304 0.24184476 -0.70710677
vn 0.64085639 0.29883623 -0.70710677
vn 0.64085639 0.29883623 -0.70710677
vn 0.61237246 0.35355338 -0.70710677
vn 0.61237246 0.35355338 -0.70710677
vn 0.57922798 0.40557978 -0.70710677
vn 0.57922798 0.40557978 -0.70710677
vn 0.54167521 0.45451948 -0.70710677
vn 0.54167521 0.45451948 -0.70710677
vn 0.50000000 0.50000000 -0.70710677
vn 0.50000000 0.50000000 -0.70710677
vn 0.45451948 0.54167521 -0.70710677
vn 0.45451948 0.54167521 -0.70710677
vn 0.40557978 0.57922798 -0.70710677
vn 0.40557978 0.57922798 -0.70710677
vn 0.35355338 0.61237246 -0.70710677
vn 0.35355338 0.61237246 -0.70710677
vn 0.29883623 0.64085639 -0.70710677
vn 0.29883623 0.64085639 -0.70710677
vn 0.24184476 0.66446304 -0.70710677
vn 0.24184476 0.66446304 -0.70710677
vn 0.18301271 0.68301272 -0.70710677
vn 0.18301271 0.68301272 -0.70710677
vn 0.12278780 0.69636422 -0.70710677
vn 0.12278780 0.69636422 -0.70710677
vn 0.06162842 0.70441604 -0.70710677
vn 0.06162842 0.70441604 -0.70710677
vn 0.00000000 0.70710677 -0.70710677
vn 0.00000000 0.70710677 -0.70710677
vn -0.06162842 0.70441604 -0.70710677
vn -0.06162842 0.70441604 -0.70710677
vn -0.12278780 0.69636422 -0.70710677
vn -0.12278780 0.69636422 -0.70710677
vn -0.18301271 0.68301272 -0.70710677
vn -0.18301271 0.68301272 -0.70710677
vn -0.24184476 0.66446304 -0.70710677
vn -0.24184476 0.66446304 -0.70710677
vn -0.29883623 0.64085639 -0.70710677
vn -0.29883623 0.64085639 -0.70710677
vn -0.35355338 0.61237246 -0.70710677
vn -0.35355338 0.61237246 -0.70710677
vn -0.40557978 0.57922798 -0.70710677
vn -0.40557978 0.57922798 -0.70710677
vn -0.45451948 0.54167521 -0.70710677
vn -0.45451948 0.54167521 -0.70710677
vn -0.50000000 0.50000000 -0.70710677
vn -0.50000000 0.50000000 -0.70710677
vn -0.54167521 0.45451948 -0.70710677
vn -0.54167521 0.45451948 -0.70710677
vn -0.57922798 0.40557978 -0.70710677
vn -0.57922798 0.40557978 -0.70710677
vn -0.61237246 0.35355338 -0.70710677
vn -0.61237246 0.35355338 -0.70710677
vn -0.64085639 0.29883623 -0.70710677
vn -0.64085639 0.29883623 -0.70710677
vn -0.66446304 0.24184476 -0.70710677
vn -0.66446304 0.24184476 -0.70710677
vn -0.68301272 0.18301271 -0.70710677
vn -0.68301272 0.18301271 -0.70710677
vn -0.69636422 0.12278780 -0.70710677
vn -0.69636422 0.12278780 -0.70710677
vn -0.70441604 0.06162842 -0.70710677
vn -0.70441604 0.06162842 -0.70710677
vn -0.70710677 0.00000000 -0.70710677
vn -0.70710677 0.00000000 -0.70710677
vn -0.70441604 -0.06162842 -0.70710677
vn -0.70441604 -0.06162842 -0.70710677
vn -0.69636422 -0.12278780 -0.70710677
vn -0.69636422 -0.12278780 -0.70710677
vn -0.68301272 -0.18301271 -0.70710677
vn -0.68301272 -0.18301271 -0.70710677
vn -0.66446304 -0.24184476 -0.70710677
vn -0.66446304 -0.24184476 -0.70710677
vn -0.64085639 -0.29883623 -0.70710677
vn -0.64085639 -0.29883623 -0.70710677
vn -0.61237246 -0.35355338 -0.70710677
vn -0.61237246 -0.35355338 -0.70710677
vn -0.57922798 -0.40557978 -0.70710677
vn -0.57922798 -0.40557978 -0.70710677
vn -0.54167521 -0.45451948 -0.70710677
vn -0.54167521 -0.45451948 -0.70710677
vn -0.50000000 -0.50000000 -0.70710677
vn -0.50000000 -0.50000000 -0.70710677
vn -0.45451948 -0.54167521 -0.70710677
vn -0.45451948 -0.54167521 -0.70710677
vn -0.40557978 -0.57922798 -0.70710677
vn -0.40557978 -0.57922798 -0.70710677
vn -0.35355338 -0.61237246 -0.70710677
vn -0.35355338 -0.61237246 -0.70710677
vn -0.29883623 -0.64085639 -0.70710677
vn -0.29883623 -0.64085639 -0.70710677
vn -0.24184476 -0.66446304 -0.70710677
vn -0.24184476 -0.66446304 -0.70710677
vn -0.18301271 -0.68301272 -0.70710677
vn -0.18301271 -0.68301272 -0.70710677
vn -0.12278780 -0.69636422 -0.70710677
vn -0.12278780 -0.69636422 -0.70710677
vn -0.06162842 -0.70441604 -0.70710677
vn -0.06162842 -0.70441604 -0.70710677
vn -0.00000000 -0.70710677 -0.70710677
vn -0.00000000 -0.70710677 -0.70710677
vn 0.06162842 -0.70441604 -0.70710677
vn 0.06162842 -0.70441604 -0.70710677
vn 0.12278780 -0.69636422 -0.70710677
vn 0.12278780 -0.69636422 -0.70710677
vn 0.18301271 -0.68301272 -0.70710677
vn 0.18301271 -0.68301272 -0.70710677
vn 0.24184476 -0.66446304 -0.70710677
vn 0.24184476 -0.66446304 -0.70710677
vn 0.29883623 -0.64085639 -0.70710677
vn 0.29883623 -0.64085639 -0.70710677
vn 0.35355338 -0.61237246 -0.70710677
vn 0.35355338 -0.61237246 -0.70710677
vn 0.40557978 -0.57922798 -0.70710677
vn 0.40557978 -0.57922798 -0.70710677
vn 0.45451948 -0.54167521 -0.70710677
vn 0.45451948 -0.54167521 -0.70710677
vn 0.50000000 -0.50000000 -0.70710677
vn 0.50000000 -0.50000000 -0.70710677
vn 0.54167521 -0.45451948 -0.70710677
vn 0.54167521 -0.45451948 -0.70710677
vn 0.57922798 -0.40557978 -0.70710677
vn 0.57922798 -0.40557978 -0.70710677
vn 0.61237246 -0.35355338 -0.70710677
vn 0.61237246 -0.35355338 -0.70710677
vn 0.64085639 -0.29883623 -0.70710677
vn 0.64085639 -0.29883623 -0.70710677
vn 0.66446304 -0.24184476 -0.70710677
vn 0.66446304 -0.24184476 -0.70710677
vn 0.68301272 -0.18301271 -0.70710677
vn 0.68301272 -0.18301271 -0.70710677
vn 0.69636422 -0.12278780 -0.70710677
vn 0.69636422 -0.12278780 -0.70710677
vn 0.70441604 -0.06162842 -0.70710677
vn 0.70441604 -0.06162842 -0.70710677
vn 1 0 0
vn 1 0 0
vn 0.99619472 0.08715574 0
vn 0.99619472 0.08715574 0
vn 0.98480773 0.17364818 0
vn 0.98480773 0.17364818 0
vn 0.96592581 0.25881904 0
vn 0.96592581 0.25881904 0
vn 0.93969262 0.34202015 0
vn 0.93969262 0.34202015 0
vn 0.90630782 0.42261827 0
vn 0.90630782 0.42261827 0
vn 0.86602539 0.50000000 0
vn 0.86602539 0.50000000 0
vn 0.81915206 0.57357645 0
vn 0.81915206 0.57357645 0
vn 0.76604444 0.64278764 0
vn 0.76604444 0.64278764 0
vn 0.70710677 0.70710677 0
vn 0.70710677 0.70710677 0
vn 0.64278764 0.76604444 0
vn 0.64278764 0.76604444 0
vn 0.57357645 0.81915206 0
vn 0.57357645 0.81915206 0
vn 0.50000000 0.86602539 0
vn 0.50000000 0.86602539 0
vn 0.42261827 0.90630782 0
vn 0.42261827 0.90630782 0
vn 0.34202015 0.93969262 0
vn 0.34202015 0.93969262 0
vn 0.25881904 0.96592581 0
vn 0.25881904 0.96592581 0
vn 0.17364818 0.98480773 0
vn 0.17364818 0.98480773 0
vn 0.08715574 0.99619472 0
vn 0.08715574 0.99619472 0
vn 0.00000000 1 0
vn 0.00000000 1 0
vn -0.08715574 0.99619472 0
vn -0.08715574 0.99619472 0
vn -0.17364818 0.98480773 0
vn -0.17364818 0.98480773 0
vn -0.25881904 0.96592581 0
vn -0.25881904 0.96592581 0
vn -0.34202015 0.93969262 0
vn -0.34202015 0.93969262 0
vn -0.42261827 0.90630782 0
vn -0.42261827 0.90630782 0
vn -0.50000000 0.86602539 0
vn -0.50000000 0.86602539 0
vn -0.57357645 0.81915206 0
vn -0.57357645 0.81915206 0
vn -0.64278764 0.76604444 0
vn -0.64278764 0.76604444 0
vn -0.70710677 0.70710677 0
vn -0.70710677 0.70710677 0
vn -0.76604444 0.64278764 0
vn -0.76604444 0.64278764 0
vn -0.81915206 0.57357645 0
vn -0.81915206 0.57357645 0
vn -0.86602539 0.50000000 0
vn -0.86602539 0.50000000 0
vn -0.90630782 0.42261827 0
vn -0.90630782 0.42261827 0
vn -0.93969262 0.34202015 0
vn -0.93969262 0.34202015 0
vn -0.96592581 0.25881904 0
vn -0.96592581 0.25881904 0
vn -0.98480773 0.17364818 0
vn -0.98480773 0.17364818 0
vn -0.99619472 0.08715574 0
vn -0.99619472 0.08715574 0
vn -1 0.00000000 0
vn -1 0.00000000 0
vn -0.99619472 -0.08715574 0
vn -0.99619472 -0.08715574 0
vn -0.98480773 -0.17364818 0
vn -0.98480773 -0.17364818 0
vn -0.96592581 -0.25881904 0
vn -0.96592581 -0.25881904 0
vn -0.93969262 -0.34202015 0
vn -0.93969262 -0.34202015 0
vn -0.90630782 -0.42261827 0
vn -0.90630782 -0.42261827 0
vn -0.86602539 -0.50000000 0
vn -0.86602539 -0.50000000 0
vn -0.81915206 -0.57357645 0
vn -0.81915206 -0.57357645 0
vn -0.76604444 -0.64278764 0
vn -0.76604444 -0.64278764 0
vn -0.70710677 -0.70710677 0
vn -0.70710677 -0.70710677 0
vn -0.64278764 -0.76604444 0
vn -0.64278764 -0.76604444 0
vn -0.57357645 -0.81915206 0
vn -0.57357645 -0.81915206 0
vn -0.50000000 -0.86602539 0
vn -0.50000000 -0.86602539 0
vn -0.42261827 -0.90630782 0
vn -0.42261827 -0.90630782 0
vn -0.34202015 -0.93969262 0
vn -0.34202015 -0.93969262 0
vn -0.25881904 -0.96592581 0
vn -0.25881904 -0.96592581 0
vn -0.17364818 -0.98480773 0
vn -0.17364818 -0.98480773 0
vn -0.08715574 -0.99619472 0
vn -0.08715574 -0.99619472 0
vn -0.00000000 -1 0
vn -0.00000000 -1 0
vn 0.08715574 -0.99619472 0
vn 0.08715574 -0.99619472 0
vn 0.17364818 -0.98480773 0
vn 0.17364818 -0.98480773 0
vn 0.25881904 -0.96592581 0
vn 0.25881904 -0.96592581 0
vn 0.34202015 -0.93969262 0
vn 0.34202015 -0.93969262 0
vn 0.42261827 -0.90630782 0
vn 0.42261827 -0.90630782 0
vn 0.50000000 -0.86602539 0
vn 0.50000000 -0.86602539 0
vn 0.57357645 -0.81915206 0
vn 0.57357645 -0.81915206 0
vn 0.64278764 -0.76604444 0
vn 0.64278764 -0.76604444 0
vn 0.70710677 -0.70710677 0
vn 0.70710677 -0.70710677 0
vn 0.76604444 -0.64278764 0
vn 0.76604444 -0.64278764 0
vn 0.81915206 -0.57357645 0
vn 0.81915206 -0.57357645 0
vn 0.86602539 -0.50000000 0
vn 0.86602539 -0.50000000 0
vn 0.90630782 -0.42261827 0
vn 0.90630782 -0.42261827 0
vn 0.93969262 -0.34202015 0
vn 0.93969262 -0.34202015 0
vn 0.96592581 -0.25881904 0
vn 0.96592581 -0.25881904 0
vn 0.98480773 -0.17364818 0
vn 0.98480773 -0.17364818 0
vn 0.99619472 -0.08715574 0
vn 0.99619472 -0.08715574 0
vn 0 0 -1
vn 0 0 -1
vn 0 0 -1
vn 0 0 -1
vn 0 0 -1
vn 0 0 -1
vn 0 0 -1
vn 0 0 -1
vn 0 0 -1
vn 0 0 -1
vn 0 0 -1
vn 0 0 -1
vn 0 0 -1
vn 0 0 -1
vn 0 0 -1
vn 0 0 -1
vn 0 0 -1
vn 0 0 -1
vn 0 0 -1
vn 0 0 -1
vn 0 0 -1
vn 0 0 -1
vn 0 0 -1
vn 0 0 -1
vn 0 0 -1
vn 0 0 -1
vn 0 0 -1
vn 0 0 -1
vn 0 0 -1
vn 0 0 -1
vn 0 0 -1
vn 0 0 -1
vn 0 0 -1
vn 0 0 -1
vn 0 0 -1
vn 0 0 -1
vn 0 0 -1
vn 0 0 -1
vn 0 0 -1
vn 0 0 -1
vn 0 0 -1
vn 0 0 -1
vn 0 0 -1
vn 0 0 -1
vn 0 0 -1
vn 0 0 -1
vn 0 0 -1
vn 0 0 -1
vn 0 0 -1
vn 0 0 -1
vn 0 0 -1
vn 0 0 -1
vn 0 0 -1
vn 0 0 -1
vn 0 0 -1
vn 0 0 -1
vn 0 0 -1
vn 0 0 -1
vn 0 0 -1
vn 0 0 -1
vn 0 0 -1
vn 0 0 -1
vn 0 0 -1
vn 0 0 -1
vn 0 0 -1
vn 0 0 -1
vn 0 0 -1
vn 0 0 -1
vn 0 0 -1
vn 0 0 -1
vn 0 0 -1
vn 0 0 -1
vn 0 0 -1
vn 0.70710677 0 -0.70710677
vn 0.70710677 0 -0.70710677
vn 0.70441604 0.06162842 -0.70710677
vn 0.70441604 0.06162842 -0.70710677
vn 0.69636422 0.12278780 -0.70710677
vn 0.69636422 0.12278780 -0.70710677
vn 0.68301272 0.18301271 -0.70710677
vn 0.68301272 0.18301271 -0.70710677
vn 0.66446304 0.24184476 -0.70710677
vn 0.66446304 0.24184476 -0.70710677
vn 0.64085639 0.29883623 -0.70710677
vn 0.64085639 0.29883623 -0.70710677
vn 0.61237246 0.35355338 -0.70710677
vn 0.61237246 0.35355338 -0.70710677
vn 0.57922798 0.40557978 -0.70710677
vn 0.57922798 0.40557978 -0.70710677
vn 0.54167521 0.45451948 -0.70710677
vn 0.54167521 0.45451948 -0.70710677
vn 0.50000000 0.50000000 -0.70710677
vn 0.50000000 0.50000000 -0.70710677
vn 0.45451948 0.54167521 -0.70710677
vn 0.45451948 0.54167521 -0.70710677
vn 0.40557978 0.57922798 -0.70710677
vn 0.40557978 0.57922798 -0.70710677
vn 0.35355338 0.61237246 -0.70710677
vn 0.35355338 0.61237246 -0.70710677
vn 0.29883623 0.64085639 -0.70710677
vn 0.29883623 0.64085639 -0.70710677
vn 0.24184476 0.66446304 -0.70710677
vn 0.24184476 0.66446304 -0.70710677
vn 0.18301271 0.68301272 -0.70710677
vn 0.18301271 0.68301272 -0.70710677
vn 0.12278780 0.69636422 -0.70710677
vn 0.12278780 0.69636422 -0.70710677
vn 0.06162842 0.70441604 -0.70710677
vn 0.06162842 0.70441604 -0.70710677
vn 0.00000000 0.70710677 -0.70710677
vn 0.00000000 0.70710677 -0.70710677
vn -0.06162842 0.70441604 -0.70710677
vn -0.06162842 0.70441604 -0.70710677
vn -0.12278780 0.69636422 -0.70710677
vn -0.12278780 0.69636422 -0.70710677
vn -0.18301271 0.68301272 -0.70710677
vn -0.18301271 0.68301272 -0.70710677
vn -0.24184476 0.66446304 -0.70710677
vn -0.24184476 0.66446304 -0.70710677
vn -0.29883623 0.64085639 -0.70710677
vn -0.29883623 0.64085639 -0.70710677
vn -0.35355338 0.61237246 -0.70710677
vn -0.35355338 0.61237246 -0.70710677
vn -0.40557978 0.57922798 -0.70710677
vn -0.40557978 0.57922798 -0.70710677
vn -0.45451948 0.54167521 -0.70710677
vn -0.45451948 0.54167521 -0.70710677
vn -0.50000000 0.50000000 -0.70710677
vn -0.50000000 0.50000000 -0.70710677
vn -0.54167521 0.45451948 -0.70710677
vn -0.54167521 0.45451948 -0.70710677
vn -0.57922798 0.40557978 -0.70710677
vn -0.57922798 0.40557978 -0.70710677
vn -0.61237246 0.35355338 -0.70710677
vn -0.61237246 0.35355338 -0.70710677
vn -0.64085639 0.29883623 -0.70710677
vn -0.64085639 0.29883623 -0.70710677
vn -0.66446304 0.24184476 -0.70710677
vn -0.66446304 0.24184476 -0.70710677
vn -0.68301272 0.18301271 -0.70710677
vn -0.68301272 0.18301271 -0.70710677
vn -0.69636422 0.12278780 -0.70710677
vn -0.69636422 0.12278780 -0.70710677
vn -0.70441604 0.06162842 -0.70710677
vn -0.70441604 0.06162842 -0.70710677
vn -0.70710677 0.00000000 -0.70710677
vn -0.70710677 0.00000000 -0.70710677
vn -0.70441604 -0.06162842 -0.70710677
vn -0.70441604 -0.06162842 -0.70710677
vn -0.69636422 -0.12278780 -0.70710677
vn -0.69636422 -0.12278780 -0.70710677
vn -0.68301272 -0.18301271 -0.70710677
vn -0.68301272 -0.18301271 -0.70710677
vn -0.66446304 -0.24184476 -0.70710677
vn -0.66446304 -0.24184476 -0.70710677
vn -0.64085639 -0.29883623 -0.70710677
vn -0.64085639 -0.29883623 -0.70710677
vn -0.61237246 -0.35355338 -0.70710677
vn -0.61237246 -0.35355338 -0.70710677
vn -0.57922798 -0.40557978 -0.70710677
vn -0.57922798 -0.40557978 -0.70710677
vn -0.54167521 -0.45451948 -0.70710677
vn -0.54167521 -0.45451948 -0.70710677
vn -0.50000000 -0.50000000 -0.70710677
vn -0.50000000 -0.50000000 -0.70710677
vn -0.45451948 -0.54167521 -0.70710677
vn -0.45451948 -0.54167521 -0.70710677
vn -0.40557978 -0.57922798 -0.70710677
vn -0.40557978 -0.57922798 -0.70710677
vn -0.35355338 -0.61237246 -0.70710677
vn -0.35355338 -0.61237246 -0.70710677
vn -0.29883623 -0.64085639 -0.70710677
vn -0.29883623 -0.64085639 -0.70710677
vn -0.24184476 -0.66446304 -0.70710677
vn -0.24184476 -0.66446304 -0.70710677
vn -0.18301271 -0.68301272 -0.70710677
vn -0.18301271 -0.68301272 -0.70710677
vn -0.12278780 -0.69636422 -0.70710677
vn -0.12278780 -0.69636422 -0.70710677
vn -0.06162842 -0.70441604 -0.70710677
vn -0.06162842 -0.70441604 -0.70710677
vn -0.00000000 -0.70710677 -0.70710677
vn -0.00000000 -0.70710677 -0.70710677
vn 0.06162842 -0.70441604 -0.70710677
vn 0.06162842 -0.70441604 -0.70710677
vn 0.12278780 -0.69636422 -0.70710677
vn 0.12278780 -0.69636422 -0.70710677
vn 0.18301271 -0.68301272 -0.70710677
vn 0.18301271 -0.68301272 -0.70710677
vn 0.24184476 -0.66446304 -0.70710677
vn 0.24184476 -0.66446304 -0.70710677
vn 0.29883623 -0.64085639 -0.70710677
vn 0.29883623 -0.64085639 -0.70710677
vn 0.35355338 -0.61237246 -0.70710677
vn 0.35355338 -0.61237246 -0.70710677
vn 0.40557978 -0.57922798 -0.70710677
vn 0.40557978 -0.57922798 -0.70710677
vn 0.45451948 -0.54167521 -0.70710677
vn 0.45451948 -0.54167521 -0.70710677
vn 0.50000000 -0.50000000 -0.70710677
vn 0.50000000 -0.50000000 -0.70710677
vn 0.54167521 -0.45451948 -0.70710677
vn 0.54167521 -0.45451948 -0.70710677
vn 0.57922798 -0.40557978 -0.70710677
vn 0.57922798 -0.40557978 -0.70710677
vn 0.61237246 -0.35355338 -0.70710677
vn 0.61237246 -0.35355338 -0.70710677
vn 0.64085639 -0.29883623 -0.70710677
vn 0.64085639 -0.29883623 -0.70710677
vn 0.66446304 -0.24184476 -0.70710677
vn 0.66446304 -0.24184476 -0.70710677
vn 0.68301272 -0.18301271 -0.70710677
vn 0.68301272 -0.18301271 -0.70710677
vn 0.69636422 -0.12278780 -0.70710677
vn 0.69636422 -0.12278780 -0.70710677
vn 0.70441604 -0.06162842 -0.70710677
vn 0.70441604 -0.06162842 -0.70710677
vn 1 0 0
vn 1 0 0
vn 0.99619472 0.08715574 0
vn 0.99619472 0.08715574 0
vn 0.98480773 0.17364818 0
vn 0.98480773 0.17364818 0
vn 0.96592581 0.25881904 0
vn 0.96592581 0.25881904 0
vn 0.93969262 0.34202015 0
vn 0.93969262 0.34202015 0
vn 0.90630782 0.42261827 0
vn 0.90630782 0.42261827 0
vn 0.86602539 0.50000000 0
vn 0.86602539 0.50000000 0
vn 0.81915206 0.57357645 0
vn 0.81915206 0.57357645 0
vn 0.76604444 0.64278764 0
vn 0.76604444 0.64278764 0
vn 0.70710677 0.70710677 0
vn 0.70710677 0.70710677 0
vn 0.64278764 0.76604444 0
vn 0.64278764 0.76604444 0
vn 0.57357645 0.81915206 0
vn 0.57357645 0.81915206 0
vn 0.50000000 0.86602539 0
vn 0.50000000 0.86602539 0
vn 0.42261827 0.90630782 0
vn 0.42261827 0.90630782 0
vn 0.34202015 0.93969262 0
vn 0.34202015 0.93969262 0
vn 0.25881904 0.96592581 0
vn 0.25881904 0.96592581 0
vn 0.17364818 0.98480773 0
vn 0.17364818 0.98480773 0
vn 0.08715574 0.99619472 0
vn 0.08715574 0.99619472 0
vn 0.00000000 1 0
vn 0.00000000 1 0
vn -0.08715574 0.99619472 0
vn -0.08715574 0.99619472 0
vn -0.17364818 0.98480773 0
vn -0.17364818 0.98480773 0
vn -0.25881904 0.96592581 0
vn -0.25881904 0.96592581 0
vn -0.34202015 0.93969262 0
vn -0.34202015 0.93969262 0
vn -0.42261827 0.90630782 0
vn -0.42261827 0.90630782 0
vn -0.50000000 0.86602539 0
vn -0.50000000 0.86602539 0
vn -0.57357645 0.81915206 0
vn -0.57357645 0.81915206 0
vn -0.64278764 0.76604444 0
vn -0.64278764 0.76604444 0
vn -0.70710677 0.70710677 0
vn -0.70710677 0.70710677 0
vn -0.76604444 0.64278764 0
vn -0.76604444 0.64278764 0
vn -0.81915206 0.57357645 0
vn -0.81915206 0.57357645 0
vn -0.86602539 0.50000000 0
vn -0.86602539 0.50000000 0
vn -0.90630782 0.42261827 0
vn -0.90630782 0.42261827 0
vn -0.93969262 0.34202015 0
vn -0.93969262 0.34202015 0
vn -0.96592581 0.25881904 0
vn -0.96592581 0.25881904 0
vn -0.98480773 0.17364818 0
vn -0.98480773 0.17364818 0
vn -0.99619472 0.08715574 0
vn -0.99619472 0.08715574 0
vn -1 0.00000000 0
vn -1 0.00000000 0
vn -0.99619472 -0.08715574 0
vn -0.99619472 -0.08715574 0
vn -0.98480773 -0.17364818 0
vn -0.98480773 -0.17364818 0
vn -0.96592581 -0.25881904 0
vn -0.96592581 -0.25881904 0
vn -0.93969262 -0.34202015 0
vn -0.93969262 -0.34202015 0
vn -0.90630782 -0.42261827 0
vn -0.90630782 -0.42261827 0
vn -0.86602539 -0.50000000 0
vn -0.86602539 -0.50000000 0
vn -0.81915206 -0.57357645 0
vn -0.81915206 -0.57357645 0
vn -0.76604444 -0.64278764 0
vn -0.76604444 -0.64278764 0
vn -0.70710677 -0.70710677 0
vn -0.70710677 -0.70710677 0
vn -0.64278764 -0.76604444 0
vn -0.64278764 -0.76604444 0
vn -0.57357645 -0.81915206 0
vn -0.57357645 -0.81915206 0
vn -0.50000000 -0.86602539 0
vn -0.50000000 -0.86602539 0
vn -0.42261827 -0.90630782 0
vn -0.42261827 -0.90630782 0
vn -0.34202015 -0.93969262 0
vn -0.34202015 -0.93969262 0
vn -0.25881904 -0.96592581 0
vn -0.25881904 -0.96592581 0
vn -0.17364818 -0.98480773 0
vn -0.17364818 -0.98480773 0
vn -0.08715574 -0.99619472 0
vn -0.08715574 -0.99619472 0
vn -0.00000000 -1 0
vn -0.00000000 -1 0
vn 0.08715574 -0.99619472 0
vn 0.08715574 -0.99619472 0
vn 0.17364818 -0.98480773 0
vn 0.17364818 -0.98480773 0
vn 0.25881904 -0.96592581 0
vn 0.25881904 -0.96592581 0
vn 0.34202015 -0.93969262 0
vn 0.34202015 -0.93969262 0
vn 0.42261827 -0.90630782 0
vn 0.42261827 -0.90630782 0
vn 0.50000000 -0.86602539 0
vn 0.50000000 -0.86602539 0
vn 0.57357645 -0.81915206 0
vn 0.57357645 -0.81915206 0
vn 0.64278764 -0.76604444 0
vn 0.64278764 -0.76604444 0
vn 0.70710677 -0.70710677 0
vn 0.70710677 -0.70710677 0
vn 0.76604444 -0.64278764 0
vn 0.76604444 -0.64278764 0
vn 0.81915206 -0.57357645 0
vn 0.81915206 -0.57357645 0
vn 0.86602539 -0.50000000 0
vn 0.86602539 -0.50000000 0
vn 0.90630782 -0.42261827 0
vn 0.90630782 -0.42261827 0
vn 0.93969262 -0.34202015 0
vn 0.93969262 -0.34202015 0
vn 0.96592581 -0.25881904 0
vn 0.96592581 -0.25881904 0
vn 0.98480773 -0.17364818 0
vn 0.98480773 -0.17364818 0
vn 0.99619472 -0.08715574 0
vn 0.99619472 -0.08715574 0
vn 0 0 -1
vn 0 0 -1
vn 0 0 -1
vn 0 0 -1
vn 0 0 -1
vn 0 0 -1
vn 0 0 -1
vn 0 0 -1
vn 0 0 -1
vn 0 0 -1
vn 0 0 -1
vn 0 0 -1
vn 0 0 -1
vn 0 0 -1
vn 0 0 -1
vn 0 0 -1
vn 0 0 -1
vn 0 0 -1
vn 0 0 -1
vn 0 0 -1
vn 0 0 -1
vn 0 0 -1
vn 0 0 -1
vn 0 0 -1
vn 0 0 -1
vn 0 0 -1
vn 0 0 -1
vn 0 0 -1
vn 0 0 -1
vn 0 0 -1
vn 0 0 -1
vn 0 0 -1
vn 0 0 -1
vn 0 0 -1
vn 0 0 -1
vn 0 0 -1
vn 0 0 -1
vn 0 0 -1
vn 0 0 -1
vn 0 0 -1
vn 0 0 -1
vn 0 0 -1
vn 0 0 -1
vn 0 0 -1
vn 0 0 -1
vn 0 0 -1
vn 0 0 -1
vn 0 0 -1
vn 0 0 -1
vn 0 0 -1
vn 0 0 -1
vn 0 0 -1
vn 0 0 -1
vn 0 0 -1
vn 0 0 -1
vn 0 0 -1
vn 0 0 -1
vn 0 0 -1
vn 0 0 -1
vn 0 0 -1
vn 0 0 -1
vn 0 0 -1
vn 0 0 -1
vn 0 0 -1
vn 0 0 -1
vn 0 0 -1
vn 0 0 -1
vn 0 0 -1
vn 0 0 -1
vn 0 0 -1
vn 0 0 -1
vn 0 0 -1
vn 0 0 -1
vn 0.70710677 0 -0.70710677
vn 0.70710677 0 -0.70710677
vn 0.70441604 0.06162842 -0.70710677
vn 0.70441604 0.06162842 -0.70710677
vn 0.69636422 0.12278780 -0.70710677
vn 0.69636422 0.12278780 -0.70710677
vn 0.68301272 0.18301271 -0.70710677
vn 0.68301272 0.18301271 -0.70710677
vn 0.66446304 0.24184476 -0.70710677
vn 0.66446304 0.24184476 -0.70710677
vn 0.64085639 0.29883623 -0.70710677
vn 0.64085639 0.29883623 -0.70710677
vn 0.61237246 0.35355338 -0.70710677
vn 0.61237246 0.35355338 -0.70710677
vn 0.57922798 0.40557978 -0.70710677
vn 0.57922798 0.40557978 -0.70710677
vn 0.54167521 0.45451948 -0.70710677
vn 0.54167521 0.45451948 -0.70710677
vn 0.50000000 0.50000000 -0.70710677
vn 0.50000000 0.50000000 -0.70710677
vn 0.45451948 0.54167521 -0.70710677
vn 0.45451948 0.54167521 -0.70710677
vn 0.40557978 0.57922798 -0.70710677
vn 0.40557978 0.57922798 -0.70710677
vn 0.35355338 0.61237246 -0.70710677
vn 0.35355338 0.61237246 -0.70710677
vn 0.29883623 0.64085639 -0.70710677
vn 0.29883623 0.64085639 -0.70710677
vn 0.24184476 0.66446304 -0.70710677
vn 0.24184476 0.66446304 -0.70710677
vn 0.18301271 0.68301272 -0.70710677
vn 0.18301271 0.68301272 -0.70710677
vn 0.12278780 0.69636422 -0.70710677
vn 0.12278780 0.69636422 -0.70710677
vn 0.06162842 0.70441604 -0.70710677
vn 0.06162842 0.70441604 -0.70710677
vn 0.00000000 0.70710677 -0.70710677
vn 0.00000000 0.70710677 -0.70710677
vn -0.06162842 0.70441604 -0.70710677
vn -0.06162842 0.70441604 -0.70710677
vn -0.12278780 0.69636422 -0.70710677
vn -0.12278780 0.69636422 -0.70710677
vn -0.18301271 0.68301272 -0.70710677
vn -0.18301271 0.68301272 -0.70710677
vn -0.24184476 0.66446304 -0.70710677
vn -0.24184476 0.66446304 -0.70710677
vn -0.29883623 0.64085639 -0.70710677
vn -0.29883623 0.64085639 -0.70710677
vn -0.35355338 0.61237246 -0.70710677
vn -0.35355338 0.61237246 -0.70710677
vn -0.40557978 0.57922798 -0.70710677
vn -0.40557978 0.57922798 -0.70710677
vn -0.45451948 0.54167521 -0.70710677
vn -0.45451948 0.54167521 -0.70710677
vn -0.50000000 0.50000000 -0.70710677
vn -0.50000000 0.50000000 -0.70710677
vn -0.54167521 0.45451948 -0.70710677
vn -0.54167521 0.45451948 -0.70710677
vn -0.57922798 0.40557978 -0.70710677
vn -0.57922798 0.40557978 -0.70710677
vn -0.61237246 0.35355338 -0.70710677
vn -0.61237246 0.35355338 -0.70710677
vn -0.64085639 0.29883623 -0.70710677
vn -0.64085639 0.29883623 -0.70710677
vn -0.66446304 0.24184476 -0.70710677
vn -0.66446304 0.24184476 -0.70710677
vn -0.68301272 0.18301271 -0.70710677
vn -0.68301272 0.18301271 -0.70710677
vn -0.69636422 0.12278780 -0.70710677
vn -0.69636422 0.12278780 -0.70710677
vn -0.70441604 0.06162842 -0.70710677
vn -0.70441604 0.06162842 -0.70710677
vn -0.70710677 0.00000000 -0.70710677
vn -0.70710677 0.00000000 -0.70710677
vn -0.70441604 -0.06162842 -0.70710677
vn -0.70441604 -0.06162842 -0.70710677
vn -0.69636422 -0.12278780 -0.70710677
vn -0.69636422 -0.12278780 -0.70710677
vn -0.68301272 -0.18301271 -0.70710677
vn -0.68301272 -0.18301271 -0.70710677
vn -0.66446304 -0.24184476 -0.70710677
vn -0.66446304 -0.24184476 -0.70710677
vn -0.64085639 -0.29883623 -0.70710677
vn -0.64085639 -0.29883623 -0.70710677
vn -0.61237246 -0.35355338 -0.70710677
vn -0.61237246 -0.35355338 -0.70710677
vn -0.57922798 -0.40557978 -0.70710677
vn -0.57922798 -0.40557978 -0.70710677
vn -0.54167521 -0.45451948 -0.70710677
vn -0.54167521 -0.45451948 -0.70710677
vn -0.50000000 -0.50000000 -0.70710677
vn -0.50000000 -0.50000000 -0.70710677
vn -0.45451948 -0.54167521 -0.70710677
vn -0.45451948 -0.54167521 -0.70710677
vn -0.40557978 -0.57922798 -0.70710677
vn -0.40557978 -0.57922798 -0.70710677
vn -0.35355338 -0.61237246 -0.70710677
vn -0.35355338 -0.61237246 -0.70710677
vn -0.29883623 -0.64085639 -0.70710677
vn -0.29883623 -0.64085639 -0.70710677
vn -0.24184476 -0.66446304 -0.70710677
vn -0.24184476 -0.66446304 -0.70710677
vn -0.18301271 -0.68301272 -0.70710677
vn -0.18301271 -0.68301272 -0.70710677
vn -0.12278780 -0.69636422 -0.70710677
vn -0.12278780 -0.69636422 -0.70710677
vn -0.06162842 -0.70441604 -0.70710677
vn -0.06162842 -0.70441604 -0.70710677
vn -0.00000000 -0.70710677 -0.70710677
vn -0.00000000 -0.70710677 -0.70710677
vn 0.06162842 -0.70441604 -0.70710677
vn 0.06162842 -0.70441604 -0.70710677
vn 0.12278780 -0.69636422 -0.70710677
vn 0.12278780 -0.69636422 -0.70710677
vn 0.18301271 -0.68301272 -0.70710677
vn 0.18301271 -0.68301272 -0.70710677
vn 0.24184476 -0.66446304 -0.70710677
vn 0.24184476 -0.66446304 -0.70710677
vn 0.29883623 -0.64085639 -0.70710677
vn 0.29883623 -0.64085639 -0.70710677
vn 0.35355338 -0.61237246 -0.70710677
vn 0.35355338 -0.61237246 -0.70710677
vn 0.40557978 -0.57922798 -0.70710677
vn 0.40557978 -0.57922798 -0.70710677
vn 0.45451948 -0.54167521 -0.70710677
vn 0.45451948 -0.54167521 -0.70710677
vn 0.50000000 -0.50000000 -0.70710677
vn 0.50000000 -0.50000000 -0.70710677
vn 0.54167521 -0.45451948 -0.70710677
vn 0.54167521 -0.45451948 -0.70710677
vn 0.57922798 -0.40557978 -0.70710677
vn 0.57922798 -0.40557978 -0.70710677
vn 0.61237246 -0.35355338 -0.70710677
vn 0.61237246 -0.35355338 -0.70710677
vn 0.64085639 -0.29883623 -0.70710677
vn 0.64085639 -0.29883623 -0.70710677
vn 0.66446304 -0.24184476 -0.70710677
vn 0.66446304 -0.24184476 -0.70710677
vn 0.68301272 -0.18301271 -0.70710677
vn 0.68301272 -0.18301271 -0.70710677
vn 0.69636422 -0.12278780 -0.70710677
vn 0.69636422 -0.12278780 -0.70710677
vn 0.70441604 -0.06162842 -0.70710677
vn 0.70441604 -0.06162842 -0.70710677
vn 1 0 0
vn 1 0 0
vn 0.99619472 0.08715574 0
vn 0.99619472 0.08715574 0
vn 0.98480773 0.17364818 0
vn 0.98480773 0.17364818 0
vn 0.96592581 0.25881904 0
vn 0.96592581 0.25881904 0
vn 0.93969262 0.34202015 0
vn 0.93969262 0.34202015 0
vn 0.90630782 0.42261827 0
vn 0.90630782 0.42261827 0
vn 0.86602539 0.50000000 0
vn 0.86602539 0.50000000 0
vn 0.81915206 0.57357645 0
vn 0.81915206 0.57357645 0
vn 0.76604444 0.64278764 0
vn 0.76604444 0.64278764 0
vn 0.70710677 0.70710677 0
vn 0.70710677 0.70710677 0
vn 0.64278764 0.76604444 0
vn 0.64278764 0.76604444 0
vn 0.57357645 0.81915206 0
vn 0.57357645 0.81915206 0
vn 0.50000000 0.86602539 0
vn 0.50000000 0.86602539 0
vn 0.42261827 0.90630782 0
vn 0.42261827 0.90630782 0
vn 0.34202015 0.93969262 0
vn 0.34202015 0.93969262 0
vn 0.25881904 0.96592581 0
vn 0.25881904 0.96592581 0
vn 0.17364818 0.98480773 0
vn 0.17364818 0.98480773 0
vn 0.08715574 0.99619472 0
vn 0.08715574 0.99619472 0
vn 0.00000000 1 0
vn 0.00000000 1 0
vn -0.08715574 0.99619472 0
vn -0.08715574 0.99619472 0
vn -0.17364818 0.98480773 0
vn -0.17364818 0.98480773 0
vn -0.25881904 0.96592581 0
vn -0.25881904 0.96592581 0
vn -0.34202015 0.93969262 0
vn -0.34202015 0.93969262 0
vn -0.42261827 0.90630782 0
vn -0.42261827 0.90630782 0
vn -0.50000000 0.86602539 0
vn -0.50000000 0.86602539 0
vn -0.57357645 0.81915206 0
vn -0.57357645 0.81915206 0
vn -0.64278764 0.76604444 0
vn -0.64278764 0.76604444 0
vn -0.70710677 0.70710677 0
vn -0.70710677 0.70710677 0
vn -0.76604444 0.64278764 0
vn -0.76604444 0.64278764 0
vn -0.81915206 0.57357645 0
vn -0.81915206 0.57357645 0
vn -0.86602539 0.50000000 0
vn -0.86602539 0.50000000 0
vn -0.90630782 0.42261827 0
vn -0.90630782 0.42261827 0
vn -0.93969262 0.34202015 0
vn -0.93969262 0.34202015 0
vn -0.96592581 0.25881904 0
vn -0.96592581 0.25881904 0
vn -0.98480773 0.17364818 0
vn -0.98480773 0.17364818 0
vn -0.99619472 0.08715574 0
vn -0.99619472 0.08715574 0
vn -1 0.00000000 0
vn -1 0.00000000 0
vn -0.99619472 -0.08715574 0
vn -0.99619472 -0.08715574 0
vn -0.98480773 -0.17364818 0
vn -0.98480773 -0.17364818 0
vn -0.96592581 -0.25881904 0
vn -0.96592581 -0.25881904 0
vn -0.93969262 -0.34202015 0
vn -0.93969262 -0.34202015 0
vn -0.90630782 -0.42261827 0
vn -0.90630782 -0.42261827 0
vn -0.86602539 -0.50000000 0
vn -0.86602539 -0.50000000 0
vn -0.81915206 -0.57357645 0
vn -0.81915206 -0.57357645 0
vn -0.76604444 -0.64278764 0
vn -0.76604444 -0.64278764 0
vn -0.70710677 -0.70710677 0
vn -0.70710677 -0.70710677 0
vn -0.64278764 -0.76604444 0
vn -0.64278764 -0.76604444 0
vn -0.57357645 -0.81915206 0
vn -0.57357645 -0.81915206 0
vn -0.50000000 -0.86602539 0
vn -0.50000000 -0.86602539 0
vn -0.42261827 -0.90630782 0
vn -0.42261827 -0.90630782 0
vn -0.34202015 -0.93969262 0
vn -0.34202015 -0.93969262 0
vn -0.25881904 -0.96592581 0
vn -0.25881904 -0.96592581 0
vn -0.17364818 -0.98480773 0
vn -0.17364818 -0.98480773 0
vn -0.08715574 -0.99619472 0
vn -0.08715574 -0.99619472 0
vn -0.00000000 -1 0
vn -0.00000000 -1 0
vn 0.08715574 -0.99619472 0
vn 0.08715574 -0.99619472 0
vn 0.17364818 -0.98480773 0
vn 0.17364818 -0.98480773 0
vn 0.25881904 -0.96592581 0
vn 0.25881904 -0.96592581 0
vn 0.34202015 -0.93969262 0
vn 0.34202015 -0.93969262 0
vn 0.42261827 -0.90630782 0
vn 0.42261827 -0.90630782 0
vn 0.50000000 -0.86602539 0
vn 0.50000000 -0.86602539 0
vn 0.57357645 -0.81915206 0
vn 0.57357645 -0.81915206 0
vn 0.64278764 -0.76604444 0
vn 0.64278764 -0.76604444 0
vn 0.70710677 -0.70710677 0
vn 0.70710677 -0.70710677 0
vn 0.76604444 -0.64278764 0
vn 0.76604444 -0.64278764 0
vn 0.81915206 -0.57357645 0
vn 0.81915206 -0.57357645 0
vn 0.86602539 -0.50000000 0
vn 0.86602539 -0.50000000 0
vn 0.90630782 -0.42261827 0
vn 0.90630782 -0.42261827 0
vn 0.93969262 -0.34202015 0
vn 0.93969262 -0.34202015 0
vn 0.96592581 -0.25881904 0
vn 0.96592581 -0.25881904 0
vn 0.98480773 -0.17364818 0
vn 0.98480773 -0.17364818 0
vn 0.99619472 -0.08715574 0
vn 0.99619472 -0.08715574 0
vn 0 0 -1
vn 0 0 -1
vn 0 0 -1
vn 0 0 -1
vn 0 0 -1
vn 0 0 -1
vn 0 0 -1
vn 0 0 -1
vn 0 0 -1
vn 0 0 -1
vn 0 0 -1
vn 0 0 -1
vn 0 0 -1
vn 0 0 -1
vn 0 0 -1
vn 0 0 -1
vn 0 0 -1
vn 0 0 -1
vn 0 0 -1
vn 0 0 -1
vn 0 0 -1
vn 0 0 -1
vn 0 0 -1
vn 0 0 -1
vn 0 0 -1
vn 0 0 -1
vn 0 0 -1
vn 0 0 -1
vn 0 0 -1
vn 0 0 -1
vn 0 0 -1
vn 0 0 -1
vn 0 0 -1
vn 0 0 -1
vn 0 0 -1
vn 0 0 -1
vn 0 0 -1
vn 0 0 -1
vn 0 0 -1
vn 0 0 -1
vn 0 0 -1
vn 0 0 -1
vn 0 0 -1
vn 0 0 -1
vn 0 0 -1
vn 0 0 -1
vn 0 0 -1
vn 0 0 -1
vn 0 0 -1
vn 0 0 -1
vn 0 0 -1
vn 0 0 -1
vn 0 0 -1
vn 0 0 -1
vn 0 0 -1
vn 0 0 -1
vn 0 0 -1
vn 0 0 -1
vn 0 0 -1
vn 0 0 -1
vn 0 0 -1
vn 0 0 -1
vn 0 0 -1
vn 0 0 -1
vn 0 0 -1
vn 0 0 -1
vn 0 0 -1
vn 0 0 -1
vn 0 0 -1
vn 0 0 -1
vn 0 0 -1
vn 0 0 -1
vn 0 0 -1
vn 0.70710677 0 -0.70710677
vn 0.70710677 0 -0.70710677
vn 0.70441604 0.06162842 -0.70710677
vn 0.70441604 0.06162842 -0.70710677
vn 0.69636422 0.12278780 -0.70710677
vn 0.69636422 0.12278780 -0.70710677
vn 0.68301272 0.18301271 -0.70710677
vn 0.68301272 0.18301271 -0.70710677
vn 0.66446304 0.24184476 -0.70710677
vn 0.66446304 0.24184476 -0.70710677
vn 0.64085639 0.29883623 -0.70710677
vn 0.64085639 0.29883623 -0.70710677
vn 0.61237246 0.35355338 -0.70710677
vn 0.61237246 0.35355338 -0.70710677
vn 0.57922798 0.40557978 -0.70710677
vn 0.57922798 0.40557978 -0.70710677
vn 0.54167521 0.45451948 -0.70710677
vn 0.54167521 0.45451948 -0.70710677
vn 0.50000000 0.50000000 -0.70710677
vn 0.50000000 0.50000000 -0.70710677
vn 0.45451948 0.54167521 -0.70710677
vn 0.45451948 0.54167521 -0.70710677
vn 0.40557978 0.57922798 -0.70710677
vn 0.40557978 0.57922798 -0.70710677
vn 0.35355338 0.61237246 -0.70710677
vn 0.35355338 0.61237246 -0.70710677
vn 0.29883623 0.64085639 -0.70710677
vn 0.29883623 0.64085639 -0.70710677
vn 0.24184476 0.66446304 -0.70710677
vn 0.24184476 0.66446304 -0.70710677
vn 0.18301271 0.68301272 -0.70710677
vn 0.18301271 0.68301272 -0.70710677
vn 0.12278780 0.69636422 -0.70710677
vn 0.12278780 0.69636422 -0.70710677
vn 0.06162842 0.70441604 -0.70710677
vn 0.06162842 0.70441604 -0.70710677
vn 0.00000000 0.70710677 -0.70710677
vn 0.00000000 0.70710677 -0.70710677
vn -0.06162842 0.70441604 -0.70710677
vn -0.06162842 0.70441604 -0.70710677
vn -0.12278780 0.69636422 -0.70710677
vn -0.12278780 0.69636422 -0.70710677
vn -0.18301271 0.68301272 -0.70710677
vn -0.18301271 0.68301272 -0.70710677
vn -0.24184476 0.66446304 -0.70710677
vn -0.24184476 0.66446304 -0.70710677
vn -0.29883623 0.64085639 -0.70710677
vn -0.29883623 0.64085639 -0.70710677
vn -0.35355338 0.61237246 -0.70710677
vn -0.35355338 0.61237246 -0.70710677
vn -0.40557978 0.57922798 -0.70710677
vn -0.40557978 0.57922798 -0.70710677
vn -0.45451948 0.54167521 -0.70710677
vn -0.45451948 0.54167521 -0.70710677
vn -0.50000000 0.50000000 -0.70710677
vn -0.50000000 0.50000000 -0.70710677
vn -0.54167521 0.45451948 -0.70710677
vn -0.54167521 0.45451948 -0.70710677
vn -0.57922798 0.40557978 -0.70710677
vn -0.57922798 0.40557978 -0.70710677
vn -0.61237246 0.35355338 -0.70710677
vn -0.61237246 0.35355338 -0.70710677
vn -0.64085639 0.29883623 -0.70710677
vn -0.64085639 0.29883623 -0.70710677
vn -0.66446304 0.24184476 -0.70710677
vn -0.66446304 0.24184476 -0.70710677
vn -0.68301272 0.18301271 -0.70710677
vn -0.68301272 0.18301271 -0.70710677
vn -0.69636422 0.12278780 -0.70710677
vn -0.69636422 0.12278780 -0.70710677
vn -0.70441604 0.06162842 -0.70710677
vn -0.70441604 0.06162842 -0.70710677
vn -0.70710677 0.00000000 -0.70710677
vn -0.70710677 0.00000000 -0.70710677
vn -0.70441604 -0.06162842 -0.70710677
vn -0.70441604 -0.06162842 -0.70710677
vn -0.69636422 -0.12278780 -0.70710677
vn -0.69636422 -0.12278780 -0.70710677
vn -0.68301272 -0.18301271 -0.70710677
vn -0.68301272 -0.18301271 -0.70710677
vn -0.66446304 -0.24184476 -0.70710677
vn -0.66446304 -0.24184476 -0.70710677
vn -0.64085639 -0.29883623 -0.70710677
vn -0.64085639 -0.29883623 -0.70710677
vn -0.61237246 -0.35355338 -0.70710677
vn -0.61237246 -0.35355338 -0.70710677
vn -0.57922798 -0.40557978 -0.70710677
vn -0.57922798 -0.40557978 -0.70710677
vn -0.54167521 -0.45451948 -0.70710677
vn -0.54167521 -0.45451948 -0.70710677
vn -0.50000000 -0.50000000 -0.70710677
vn -0.50000000 -0.50000000 -0.70710677
vn -0.45451948 -0.54167521 -0.70710677
vn -0.45451948 -0.54167521 -0.70710677
vn -0.40557978 -0.57922798 -0.70710677
vn -0.40557978 -0.57922798 -0.70710677
vn -0.35355338 -0.61237246 -0.70710677
vn -0.35355338 -0.61237246 -0.70710677
vn -0.29883623 -0.64085639 -0.70710677
vn -0.29883623 -0.64085639 -0.70710677
vn -0.24184476 -0.66446304 -0.70710677
vn -0.24184476 -0.66446304 -0.70710677
vn -0.18301271 -0.68301272 -0.70710677
vn -0.18301271 -0.68301272 -0.70710677
vn -0.12278780 -0.69636422 -0.70710677
vn -0.12278780 -0.69636422 -0.70710677
vn -0.06162842 -0.70441604 -0.70710677
vn -0.06162842 -0.70441604 -0.70710677
vn -0.00000000 -0.70710677 -0.70710677
vn -0.00000000 -0.70710677 -0.70710677
vn 0.06162842 -0.70441604 -0.70710677
vn 0.06162842 -0.70441604 -0.70710677
vn 0.12278780 -0.69636422 -0.70710677
vn 0.12278780 -0.69636422 -0.70710677
vn 0.18301271 -0.68301272 -0.70710677
vn 0.18301271 -0.68301272 -0.70710677
vn 0.24184476 -0.66446304 -0.70710677
vn 0.24184476 -0.66446304 -0.70710677
vn 0.29883623 -0.64085639 -0.70710677
vn 0.29883623 -0.64085639 -0.70710677
vn 0.35355338 -0.61237246 -0.70710677
vn 0.35355338 -0.61237246 -0.70710677
vn 0.40557978 -0.57922798 -0.70710677
vn 0.40557978 -0.57922798 -0.70710677
vn 0.45451948 -0.54167521 -0.70710677
vn 0.45451948 -0.54167521 -0.70710677
vn 0.50000000 -0.50000000 -0.70710677
vn 0.50000000 -0.50000000 -0.70710677
vn 0.54167521 -0.45451948 -0.70710677
vn 0.54167521 -0.45451948 -0.70710677
vn 0.57922798 -0.40557978 -0.70710677
vn 0.57922798 -0.40557978 -0.70710677
vn 0.61237246 -0.35355338 -0.70710677
vn 0.61237246 -0.35355338 -0.70710677
vn 0.64085639 -0.29883623 -0.70710677
vn 0.64085639 -0.29883623 -0.70710677
vn 0.66446304 -0.24184476 -0.70710677
vn 0.66446304 -0.24184476 -0.70710677
vn 0.68301272 -0.18301271 -0.70710677
vn 0.68301272 -0.18301271 -0.70710677
vn 0.69636422 -0.12278780 -0.70710677
vn 0.69636422 -0.12278780 -0.70710677
vn 0.70441604 -0.06162842 -0.70710677
vn 0.70441604 -0.06162842 -0.70710677
vn 1 0 0
vn 1 0 0
vn 0.99619472 0.08715574 0
vn 0.99619472 0.08715574 0
vn 0.98480773 0.17364818 0
vn 0.98480773 0.17364818 0
vn 0.96592581 0.25881904 0
vn 0.96592581 0.25881904 0
vn 0.93969262 0.34202015 0
vn 0.93969262 0.34202015 0
vn 0.90630782 0.42261827 0
vn 0.90630782 0.42261827 0
vn 0.86602539 0.50000000 0
vn 0.86602539 0.50000000 0
vn 0.81915206 0.57357645 0
vn 0.81915206 0.57357645 0
vn 0.76604444 0.64278764 0
vn 0.76604444 0.64278764 0
vn 0.70710677 0.70710677 0
vn 0.70710677 0.70710677 0
vn 0.64278764 0.76604444 0
vn 0.64278764 0.76604444 0
vn 0.57357645 0.81915206 0
vn 0.57357645 0.81915206 0
vn 0.50000000 0.86602539 0
vn 0.50000000 0.86602539 0
vn 0.42261827 0.90630782 0
vn 0.42261827 0.90630782 0
vn 0.34202015 0.93969262 0
vn 0.34202015 0.93969262 0
vn 0.25881904 0.96592581 0
vn 0.25881904 0.96592581 0
vn 0.17364818 0.98480773 0
vn 0.17364818 0.98480773 0
vn 0.08715574 0.99619472 0
vn 0.08715574 0.99619472 0
vn 0.00000000 1 0
vn 0.00000000 1 0
vn -0.08715574 0.99619472 0
vn -0.08715574 0.99619472 0
vn -0.17364818 0.98480773 0
vn -0.17364818 0.98480773 0
vn -0.25881904 0.96592581 0
vn -0.25881904 0.96592581 0
vn -0.34202015 0.93969262 0
vn -0.34202015 0.93969262 0
vn -0.42261827 0.90630782 0
vn -0.42261827 0.90630782 0
vn -0.50000000 0.86602539 0
vn -0.50000000 0.86602539 0
vn -0.57357645 0.81915206 0
vn -0.57357645 0.81915206 0
vn -0.64278764 0.76604444 0
vn -0.64278764 0.76604444 0
vn -0.70710677 0.70710677 0
vn -0.70710677 0.70710677 0
vn -0.76604444 0.64278764 0
vn -0.76604444 0.64278764 0
vn -0.81915206 0.57357645 0
vn -0.81915206 0.57357645 0
vn -0.86602539 0.50000000 0
vn -0.86602539 0.50000000 0
vn -0.90630782 0.42261827 0
vn -0.90630782 0.42261827 0
vn -0.93969262 0.34202015 0
vn -0.93969262 0.34202015 0
vn -0.96592581 0.25881904 0
vn -0.96592581 0.25881904 0
vn -0.98480773 0.17364818 0
vn -0.98480773 0.17364818 0
vn -0.99619472 0.08715574 0
vn -0.99619472 0.08715574 0
vn -1 0.00000000 0
vn -1 0.00000000 0
vn -0.99619472 -0.08715574 0
vn -0.99619472 -0.08715574 0
vn -0.98480773 -0.17364818 0
vn -0.98480773 -0.17364818 0
vn -0.96592581 -0.25881904 0
vn -0.96592581 -0.25881904 0
vn -0.93969262 -0.34202015 0
vn -0.93969262 -0.34202015 0
vn -0.90630782 -0.42261827 0
vn -0.90630782 -0.42261827 0
vn -0.86602539 -0.50000000 0
vn -0.86602539 -0.50000000 0
vn -0.81915206 -0.57357645 0
vn -0.81915206 -0.57357645 0
vn -0.76604444 -0.64278764 0
vn -0.76604444 -0.64278764 0
vn -0.70710677 -0.70710677 0
vn -0.70710677 -0.70710677 0
vn -0.64278764 -0.76604444 0
vn -0.64278764 -0.76604444 0
vn -0.57357645 -0.81915206 0
vn -0.57357645 -0.81915206 0
vn -0.50000000 -0.86602539 0
vn -0.50000000 -0.86602539 0
vn -0.42261827 -0.90630782 0
vn -0.42261827 -0.90630782 0
vn -0.34202015 -0.93969262 0
vn -0.34202015 -0.93969262 0
vn -0.25881904 -0.96592581 0
vn -0.25881904 -0.96592581 0
vn -0.17364818 -0.98480773 0
vn -0.17364818 -0.98480773 0
vn -0.08715574 -0.99619472 0
vn -0.08715574 -0.99619472 0
vn -0.00000000 -1 0
vn -0.00000000 -1 0
vn 0.08715574 -0.99619472 0
vn 0.08715574 -0.99619472 0
vn 0.17364818 -0.98480773 0
vn 0.17364818 -0.98480773 0
vn 0.25881904 -0.96592581 0
vn 0.25881904 -0.96592581 0
vn 0.34202015 -0.93969262 0
vn 0.34202015 -0.93969262 0
vn 0.42261827 -0.90630782 0
vn 0.42261827 -0.90630782 0
vn 0.50000000 -0.86602539 0
vn 0.50000000 -0.86602539 0
vn 0.57357645 -0.81915206 0
vn 0.57357645 -0.81915206 0
vn 0.64278764 -0.76604444 0
vn 0.64278764 -0.76604444 0
vn 0.70710677 -0.70710677 0
vn 0.70710677 -0.70710677 0
vn 0.76604444 -0.64278764 0
vn 0.76604444 -0.64278764 0
vn 0.81915206 -0.57357645 0
vn 0.81915206 -0.57357645 0
vn 0.86602539 -0.50000000 0
vn 0.86602539 -0.50000000 0
vn 0.90630782 -0.42261827 0
vn 0.90630782 -0.42261827 0
vn 0.93969262 -0.34202015 0
vn 0.93969262 -0.34202015 0
vn 0.96592581 -0.25881904 0
vn 0.96592581 -0.25881904 0
vn 0.98480773 -0.17364818 0
vn 0.98480773 -0.17364818 0
vn 0.99619472 -0.08715574 0
vn 0.99619472 -0.08715574 0
vn 0 0 -1
vn 0 0 -1
vn 0 0 -1
vn 0 0 -1
vn 0 0 -1
vn 0 0 -1
vn 0 0 -1
vn 0 0 -1
vn 0 0 -1
vn 0 0 -1
vn 0 0 -1
vn 0 0 -1
vn 0 0 -1
vn 0 0 -1
vn 0 0 -1
vn 0 0 -1
vn 0 0 -1
vn 0 0 -1
vn 0 0 -1
vn 0 0 -1
vn 0 0 -1
vn 0 0 -1
vn 0 0 -1
vn 0 0 -1
vn 0 0 -1
vn 0 0 -1
vn 0 0 -1
vn 0 0 -1
vn 0 0 -1
vn 0 0 -1
vn 0 0 -1
vn 0 0 -1
vn 0 0 -1
vn 0 0 -1
vn 0 0 -1
vn 0 0 -1
vn 0 0 -1
vn 0 0 -1
vn 0 0 -1
vn 0 0 -1
vn 0 0 -1
vn 0 0 -1
vn 0 0 -1
vn 0 0 -1
vn 0 0 -1
vn 0 0 -1
vn 0 0 -1
vn 0 0 -1
vn 0 0 -1
vn 0 0 -1
vn 0 0 -1
vn 0 0 -1
vn 0 0 -1
vn 0 0 -1
vn 0 0 -1
vn 0 0 -1
vn 0 0 -1
vn 0 0 -1
vn 0 0 -1
vn 0 0 -1
vn 0 0 -1
vn 0 0 -1
vn 0 0 -1
vn 0 0 -1
vn 0 0 -1
vn 0 0 -1
vn 0 0 -1
vn 0 0 -1
vn 0 0 -1
vn 0 0 -1
vn 0 0 -1
vn 0 0 -1
vn 0 0 -1
vn 0.70710677 0 -0.70710677
vn 0.70710677 0 -0.70710677
vn 0.70441604 0.06162842 -0.70710677
vn 0.70441604 0.06162842 -0.70710677
vn 0.69636422 0.12278780 -0.70710677
vn 0.69636422 0.12278780 -0.70710677
vn 0.68301272 0.18301271 -0.70710677
vn 0.68301272 0.18301271 -0.70710677
vn 0.66446304 0.24184476 -0.70710677
vn 0.66446304 0.24184476 -0.70710677
vn 0.64085639 0.29883623 -0.70710677
vn 0.64085639 0.29883623 -0.70710677
vn 0.61237246 0.35355338 -0.70710677
vn 0.61237246 0.35355338 -0.70710677
vn 0.57922798 0.40557978 -0.70710677
vn 0.57922798 0.40557978 -0.70710677
vn 0.54167521 0.45451948 -0.70710677
vn 0.54167521 0.45451948 -0.70710677
vn 0.50000000 0.50000000 -0.70710677
vn 0.50000000 0.50000000 -0.70710677
vn 0.45451948 0.54167521 -0.70710677
vn 0.45451948 0.54167521 -0.70710677
vn 0.40557978 0.57922798 -0.70710677
vn 0.40557978 0.57922798 -0.70710677
vn 0.35355338 0.61237246 -0.70710677
vn 0.35355338 0.61237246 -0.70710677
vn 0.29883623 0.64085639 -0.70710677
vn 0.29883623 0.64085639 -0.70710677
vn 0.24184476 0.66446304 -0.70710677
vn 0.24184476 0.66446304 -0.70710677
vn 0.18301271 0.68301272 -0.70710677
vn 0.18301271 0.68301272 -0.70710677
vn 0.12278780 0.69636422 -0.70710677
vn 0.12278780 0.69636422 -0.70710677
vn 0.06162842 0.70441604 -0.70710677
vn 0.06162842 0.70441604 -0.70710677
vn 0.00000000 0.70710677 -0.70710677
vn 0.00000000 0.70710677 -0.70710677
vn -0.06162842 0.70441604 -0.70710677
vn -0.06162842 0.70441604 -0.70710677
vn -0.12278780 0.69636422 -0.70710677
vn -0.12278780 0.69636422 -0.70710677
vn -0.18301271 0.68301272 -0.70710677
vn -0.18301271 0.68301272 -0.70710677
vn -0.24184476 0.66446304 -0.70710677
vn -0.24184476 0.66446304 -0.70710677
vn -0.29883623 0.64085639 -0.70710677
vn -0.29883623 0.64085639 -0.70710677
vn -0.35355338 0.61237246 -0.70710677
vn -0.35355338 0.61237246 -0.70710677
vn -0.40557978 0.57922798 -0.70710677
vn -0.40557978 0.57922798 -0.70710677
vn -0.45451948 0.54167521 -0.70710677
vn -0.45451948 0.54167521 -0.70710677
vn -0.50000000 0.50000000 -0.70710677
vn -0.50000000 0.50000000 -0.70710677
vn -0.54167521 0.45451948 -0.70710677
vn -0.54167521 0.45451948 -0.70710677
vn -0.57922798 0.40557978 -0.70710677
vn -0.57922798 0.40557978 -0.70710677
vn -0.61237246 0.35355338 -0.70710677
vn -0.61237246 0.35355338 -0.70710677
vn -0.64085639 0.29883623 -0.70710677
vn -0.64085639 0.29883623 -0.70710677
vn -0.66446304 0.24184476 -0.70710677
vn -0.66446304 0.24184476 -0.70710677
vn -0.68301272 0.18301271 -0.70710677
vn -0.68301272 0.18301271 -0.70710677
vn -0.69636422 0.12278780 -0.70710677
vn -0.69636422 0.12278780 -0.70710677
vn -0.70441604 0.06162842 -0.70710677
vn -0.70441604 0.06162842 -0.70710677
vn -0.70710677 0.00000000 -0.70710677
vn -0.70710677 0.00000000 -0.70710677
vn -0.70441604 -0.06162842 -0.70710677
vn -0.70441604 -0.06162842 -0.70710677
vn -0.69636422 -0.12278780 -0.70710677
vn -0.69636422 -0.12278780 -0.70710677
vn -0.68301272 -0.18301271 -0.70710677
vn -0.68301272 -0.18301271 -0.70710677
vn -0.66446304 -0.24184476 -0.70710677
vn -0.66446304 -0.24184476 -0.70710677
vn -0.64085639 -0.29883623 -0.70710677
vn -0.64085639 -0.29883623 -0.70710677
vn -0.61237246 -0.35355338 -0.70710677
vn -0.61237246 -0.35355338 -0.70710677
vn -0.57922798 -0.40557978 -0.70710677
vn -0.57922798 -0.40557978 -0.70710677
vn -0.54167521 -0.45451948 -0.70710677
vn -0.54167521 -0.45451948 -0.70710677
vn -0.50000000 -0.50000000 -0.70710677
vn -0.50000000 -0.50000000 -0.70710677
vn -0.45451948 -0.54167521 -0.70710677
vn -0.45451948 -0.54167521 -0.70710677
vn -0.40557978 -0.57922798 -0.70710677
vn -0.40557978 -0.57922798 -0.70710677
vn -0.35355338 -0.61237246 -0.70710677
vn -0.35355338 -0.61237246 -0.70710677
vn -0.29883623 -0.64085639 -0.70710677
vn -0.29883623 -0.64085639 -0.70710677
vn -0.24184476 -0.66446304 -0.70710677
vn -0.24184476 -0.66446304 -0.70710677
vn -0.18301271 -0.68301272 -0.70710677
vn -0.18301271 -0.68301272 -0.70710677
vn -0.12278780 -0.69636422 -0.70710677
vn -0.12278780 -0.69636422 -0.70710677
vn -0.06162842 -0.70441604 -0.70710677
vn -0.06162842 -0.70441604 -0.70710677
vn -0.00000000 -0.70710677 -0.70710677
vn -0.00000000 -0.70710677 -0.70710677
vn 0.06162842 -0.70441604 -0.70710677
vn 0.06162842 -0.70441604 -0.70710677
vn 0.12278780 -0.69636422 -0.70710677
vn 0.12278780 -0.69636422 -0.70710677
vn 0.18301271 -0.68301272 -0.70710677
vn 0.18301271 -0.68301272 -0.70710677
vn 0.24184476 -0.66446304 -0.70710677
vn 0.24184476 -0.66446304 -0.70710677
vn 0.29883623 -0.64085639 -0.70710677
vn 0.29883623 -0.64085639 -0.70710677
vn 0.35355338 -0.61237246 -0.70710677
vn 0.35355338 -0.61237246 -0.70710677
vn 0.40557978 -0.57922798 -0.70710677
vn 0.40557978 -0.57922798 -0.70710677
vn 0.45451948 -0.54167521 -0.70710677
vn 0.45451948 -0.54167521 -0.70710677
vn 0.50000000 -0.50000000 -0.70710677
vn 0.50000000 -0.50000000 -0.70710677
vn 0.54167521 -0.45451948 -0.70710677
vn 0.54167521 -0.45451948 -0.70710677
vn 0.57922798 -0.40557978 -0.70710677
vn 0.57922798 -0.40557978 -0.70710677
vn 0.61237246 -0.35355338 -0.70710677
vn 0.61237246 -0.35355338 -0.70710677
vn 0.64085639 -0.29883623 -0.70710677
vn 0.64085639 -0.29883623 -0.70710677
vn 0.66446304 -0.24184476 -0.70710677
vn 0.66446304 -0.24184476 -0.70710677
vn 0.68301272 -0.18301271 -0.70710677
vn 0.68301272 -0.18301271 -0.70710677
vn 0.69636422 -0.12278780 -0.70710677
vn 0.69636422 -0.12278780 -0.70710677
vn 0.70441604 -0.06162842 -0.70710677
vn 0.70441604 -0.06162842 -0.70710677
vn 1 0 0
vn 1 0 0
vn 0.99619472 0.08715574 0
vn 0.99619472 0.08715574 0
vn 0.98480773 0.17364818 0
vn 0.98480773 0.17364818 0
vn 0.96592581 0.25881904 0
vn 0.96592581 0.25881904 0
vn 0.93969262 0.34202015 0
vn 0.93969262 0.34202015 0
vn 0.90630782 0.42261827 0
vn 0.90630782 0.42261827 0
vn 0.86602539 0.50000000 0
vn 0.86602539 0.50000000 0
vn 0.81915206 0.57357645 0
vn 0.81915206 0.57357645 0
vn 0.76604444 0.64278764 0
vn 0.76604444 0.64278764 0
vn 0.70710677 0.70710677 0
vn 0.70710677 0.70710677 0
vn 0.64278764 0.76604444 0
vn 0.64278764 0.76604444 0
vn 0.57357645 0.81915206 0
vn 0.57357645 0.81915206 0
vn 0.50000000 0.86602539 0
vn 0.50000000 0.86602539 0
vn 0.42261827 0.90630782 0
vn 0.42261827 0.90630782 0
vn 0.34202015 0.93969262 0
vn 0.34202015 0.93969262 0
vn 0.25881904 0.96592581 0
vn 0.25881904 0.96592581 0
vn 0.17364818 0.98480773 0
vn 0.17364818 0.98480773 0
vn 0.08715574 0.99619472 0
vn 0.08715574 0.99619472 0
vn 0.00000000 1 0
vn 0.00000000 1 0
vn -0.08715574 0.99619472 0
vn -0.08715574 0.99619472 0
vn -0.17364818 0.98480773 0
vn -0.17364818 0.98480773 0
vn -0.25881904 0.96592581 0
vn -0.25881904 0.96592581 0
vn -0.34202015 0.93969262 0
vn -0.34202015 0.93969262 0
vn -0.42261827 0.90630782 0
vn -0.42261827 0.90630782 0
vn -0.50000000 0.86602539 0
vn -0.50000000 0.86602539 0
vn -0.57357645 0.81915206 0
vn -0.57357645 0.81915206 0
vn -0.64278764 0.76604444 0
vn -0.64278764 0.76604444 0
vn -0.70710677 0.70710677 0
vn -0.70710677 0.70710677 0
vn -0.76604444 0.64278764 0
vn -0.76604444 0.64278764 0
vn -0.81915206 0.57357645 0
vn -0.81915206 0.57357645 0
vn -0.86602539 0.50000000 0
vn -0.86602539 0.50000000 0
vn -0.90630782 0.42261827 0
vn -0.90630782 0.42261827 0
vn -0.93969262 0.34202015 0
vn -0.93969262 0.34202015 0
vn -0.96592581 0.25881904 0
vn -0.96592581 0.25881904 0
vn -0.98480773 0.17364818 0
vn -0.98480773 0.17364818 0
vn -0.99619472 0.08715574 0
vn -0.99619472 0.08715574 0
vn -1 0.00000000 0
vn -1 0.00000000 0
vn -0.99619472 -0.08715574 0
vn -0.99619472 -0.08715574 0
vn -0.98480773 -0.17364818 0
vn -0.98480773 -0.17364818 0
vn -0.96592581 -0.25881904 0
vn -0.96592581 -0.25881904 0
vn -0.93969262 -0.34202015 0
vn -0.93969262 -0.34202015 0
vn -0.90630782 -0.42261827 0
vn -0.90630782 -0.42261827 0
vn -0.86602539 -0.50000000 0
vn -0.86602539 -0.50000000 0
vn -0.81915206 -0.57357645 0
vn -0.81915206 -0.57357645 0
vn -0.76604444 -0.64278764 0
vn -0.76604444 -0.64278764 0
vn -0.70710677 -0.70710677 0
vn -0.70710677 -0.70710677 0
vn -0.64278764 -0.76604444 0
vn -0.64278764 -0.76604444 0
vn -0.57357645 -0.81915206 0
vn -0.57357645 -0.81915206 0
vn -0.50000000 -0.86602539 0
vn -0.50000000 -0.86602539 0
vn -0.42261827 -0.90630782 0
vn -0.42261827 -0.90630782 0
vn -0.34202015 -0.93969262 0
vn -0.34202015 -0.93969262 0
vn -0.25881904 -0.96592581 0
vn -0.25881904 -0.96592581 0
vn -0.17364818 -0.98480773 0
vn -0.17364818 -0.98480773 0
vn -0.08715574 -0.99619472 0
vn -0.08715574 -0.99619472 0
vn -0.00000000 -1 0
vn -0.00000000 -1 0
vn 0.08715574 -0.99619472 0
vn 0.08715574 -0.99619472 0
vn 0.17364818 -0.98480773 0
vn 0.17364818 -0.98480773 0
vn 0.25881904 -0.96592581 0
vn 0.25881904 -0.96592581 0
vn 0.34202015 -0.93969262 0
vn 0.34202015 -0.93969262 0
vn 0.42261827 -0.90630782 0
vn 0.42261827 -0.90630782 0
vn 0.50000000 -0.86602539 0
vn 0.50000000 -0.86602539 0
vn 0.57357645 -0.81915206 0
vn 0.57357645 -0.81915206 0
vn 0.64278764 -0.76604444 0
vn 0.64278764 -0.76604444 0
vn 0.70710677 -0.70710677 0
vn 0.70710677 -0.70710677 0
vn 0.76604444 -0.64278764 0
vn 0.76604444 -0.64278764 0
vn 0.81915206 -0.57357645 0
vn 0.81915206 -0.57357645 0
vn 0.86602539 -0.50000000 0
vn 0.86602539 -0.50000000 0
vn 0.90630782 -0.42261827 0
vn 0.90630782 -0.42261827 0
vn 0.93969262 -0.34202015 0
vn 0.93969262 -0.34202015 0
vn 0.96592581 -0.25881904 0
vn 0.96592581 -0.25881904 0
vn 0.98480773 -0.17364818 0
vn 0.98480773 -0.17364818 0
vn 0.99619472 -0.08715574 0
vn 0.99619472 -0.08715574 0
vn 0 0 -1
vn 0 0 -1
vn 0 0 -1
vn 0 0 -1
vn 0 0 -1
vn 0 0 -1
vn 0 0 -1
vn 0 0 -1
vn 0 0 -1
vn 0 0 -1
vn 0 0 -1
vn 0 0 -1
vn 0 0 -1
vn 0 0 -1
vn 0 0 -1
vn 0 0 -1
vn 0 0 -1
vn 0 0 -1
vn 0 0 -1
vn 0 0 -1
vn 0 0 -1
vn 0 0 -1
vn 0 0 -1
vn 0 0 -1
vn 0 0 -1
vn 0 0 -1
vn 0 0 -1
vn 0 0 -1
vn 0 0 -1
vn 0 0 -1
vn 0 0 -1
vn 0 0 -1
vn 0 0 -1
vn 0 0 -1
vn 0 0 -1
vn 0 0 -1
vn 0 0 -1
vn 0 0 -1
vn 0 0 -1
vn 0 0 -1
vn 0 0 -1
vn 0 0 -1
vn 0 0 -1
vn 0 0 -1
vn 0 0 -1
vn 0 0 -1
vn 0 0 -1
vn 0 0 -1
vn 0 0 -1
vn 0 0 -1
vn 0 0 -1
vn 0 0 -1
vn 0 0 -1
vn 0 0 -1
vn 0 0 -1
vn 0 0 -1
vn 0 0 -1
vn 0 0 -1
vn 0 0 -1
vn 0 0 -1
vn 0 0 -1
vn 0 0 -1
vn 0 0 -1
vn 0 0 -1
vn 0 0 -1
vn 0 0 -1
vn 0 0 -1
vn 0 0 -1
vn 0 0 -1
vn 0 0 -1
vn 0 0 -1
vn 0 0 -1
vn 0 0 -1
vn 0.70710677 0 -0.70710677
vn 0.70710677 0 -0.70710677
vn 0.70441604 0.06162842 -0.70710677
vn 0.70441604 0.06162842 -0.70710677
vn 0.69636422 0.12278780 -0.70710677
vn 0.69636422 0.12278780 -0.70710677
vn 0.68301272 0.18301271 -0.70710677
vn 0.68301272 0.18301271 -0.70710677
vn 0.66446304 0.24184476 -0.70710677
vn 0.66446304 0.24184476 -0.70710677
vn 0.64085639 0.29883623 -0.70710677
vn 0.64085639 0.29883623 -0.70710677
vn 0.61237246 0.35355338 -0.70710677
vn 0.61237246 0.35355338 -0.70710677
vn 0.57922798 0.40557978 -0.70710677
vn 0.57922798 0.40557978 -0.70710677
vn 0.54167521 0.45451948 -0.70710677
vn 0.54167521 0.45451948 -0.70710677
vn 0.50000000 0.50000000 -0.70710677
vn 0.50000000 0.50000000 -0.70710677
vn 0.45451948 0.54167521 -0.70710677
vn 0.45451948 0.54167521 -0.70710677
vn 0.40557978 0.57922798 -0.70710677
vn 0.40557978 0.57922798 -0.70710677
vn 0.35355338 0.61237246 -0.70710677
vn 0.35355338 0.61237246 -0.70710677
vn 0.29883623 0.64085639 -0.70710677
vn 0.29883623 0.64085639 -0.70710677
vn 0.24184476 0.66446304 -0.70710677
vn 0.24184476 0.66446304 -0.70710677
vn 0.18301271 0.68301272 -0.70710677
vn 0.18301271 0.68301272 -0.70710677
vn 0.12278780 0.69636422 -0.70710677
vn 0.12278780 0.69636422 -0.70710677
vn 0.06162842 0.70441604 -0.70710677
vn 0.06162842 0.70441604 -0.70710677
vn 0.00000000 0.70710677 -0.70710677
vn 0.00000000 0.70710677 -0.70710677
vn -0.06162842 0.70441604 -0.70710677
vn -0.06162842 0.70441604 -0.70710677
vn -0.12278780 0.69636422 -0.70710677
vn -0.12278780 0.69636422 -0.70710677
vn -0.18301271 0.68301272 -0.70710677
vn -0.18301271 0.68301272 -0.70710677
vn -0.24184476 0.66446304 -0.70710677
vn -0.24184476 0.66446304 -0.70710677
vn -0.29883623 0.64085639 -0.70710677
vn -0.29883623 0.64085639 -0.70710677
vn -0.35355338 0.61237246 -0.70710677
vn -0.35355338 0.61237246 -0.70710677
vn -0.40557978 0.57922798 -0.70710677
vn -0.40557978 0.57922798 -0.70710677
vn -0.45451948 0.54167521 -0.70710677
vn -0.45451948 0.54167521 -0.70710677
vn -0.50000000 0.50000000 -0.70710677
vn -0.50000000 0.50000000 -0.70710677
vn -0.54167521 0.45451948 -0.70710677
vn -0.54167521 0.45451948 -0.70710677
vn -0.57922798 0.40557978 -0.70710677
vn -0.57922798 0.40557978 -0.70710677
vn -0.61237246 0.35355338 -0.70710677
vn -0.61237246 0.35355338 -0.70710677
vn -0.64085639 0.29883623 -0.70710677
vn -0.64085639 0.29883623 -0.70710677
vn -0.66446304 0.24184476 -0.70710677
vn -0.66446304 0.24184476 -0.70710677
vn -0.68301272 0.18301271 -0.70710677
vn -0.68301272 0.18301271 -0.70710677
vn -0.69636422 0.12278780 -0.70710677
vn -0.69636422 0.12278780 -0.70710677
vn -0.70441604 0.06162842 -0.70710677
vn -0.70441604 0.06162842 -0.70710677
vn -0.70710677 0.00000000 -0.70710677
vn -0.70710677 0.00000000 -0.70710677
vn -0.70441604 -0.06162842 -0.70710677
vn -0.70441604 -0.06162842 -0.70710677
vn -0.69636422 -0.12278780 -0.70710677
vn -0.69636422 -0.12278780 -0.70710677
vn -0.68301272 -0.18301271 -0.70710677
vn -0.68301272 -0.18301271 -0.70710677
vn -0.66446304 -0.24184476 -0.70710677
vn -0.66446304 -0.24184476 -0.70710677
vn -0.64085639 -0.29883623 -0.70710677
vn -0.64085639 -0.29883623 -0.70710677
vn -0.61237246 -0.35355338 -0.70710677
vn -0.61237246 -0.35355338 -0.70710677
vn -0.57922798 -0.40557978 -0.70710677
vn -0.57922798 -0.40557978 -0.70710677
vn -0.54167521 -0.45451948 -0.70710677
vn -0.54167521 -0.45451948 -0.70710677
vn -0.50000000 -0.50000000 -0.70710677
vn -0.50000000 -0.50000000 -0.70710677
vn -0.45451948 -0.54167521 -0.70710677
vn -0.45451948 -0.54167521 -0.70710677
vn -0.40557978 -0.57922798 -0.70710677
vn -0.40557978 -0.57922798 -0.70710677
vn -0.35355338 -0.61237246 -0.70710677
vn -0.35355338 -0.61237246 -0.70710677
vn -0.29883623 -0.64085639 -0.70710677
vn -0.29883623 -0.64085639 -0.70710677
vn -0.24184476 -0.66446304 -0.70710677
vn -0.24184476 -0.66446304 -0.70710677
vn -0.18301271 -0.68301272 -0.70710677
vn -0.18301271 -0.68301272 -0.70710677
vn -0.12278780 -0.69636422 -0.70710677
vn -0.12278780 -0.69636422 -0.70710677
vn -0.06162842 -0.70441604 -0.70710677
vn -0.06162842 -0.70441604 -0.70710677
vn -0.00000000 -0.70710677 -0.70710677
vn -0.00000000 -0.70710677 -0.70710677
vn 0.06162842 -0.70441604 -0.70710677
vn 0.06162842 -0.70441604 -0.70710677
vn 0.12278780 -0.69636422 -0.70710677
vn 0.12278780 -0.69636422 -0.70710677
vn 0.18301271 -0.68301272 -0.70710677
vn 0.18301271 -0.68301272 -0.70710677
vn 0.24184476 -0.66446304 -0.70710677
vn 0.24184476 -0.66446304 -0.70710677
vn 0.29883623 -0.64085639 -0.70710677
vn 0.29883623 -0.64085639 -0.70710677
vn 0.35355338 -0.61237246 -0.70710677
vn 0.35355338 -0.61237246 -0.70710677
vn 0.40557978 -0.57922798 -0.70710677
vn 0.40557978 -0.57922798 -0.70710677
vn 0.45451948 -0.54167521 -0.70710677
vn 0.45451948 -0.54167521 -0.70710677
vn 0.50000000 -0.50000000 -0.70710677
vn 0.50000000 -0.50000000 -0.70710677
vn 0.54167521 -0.45451948 -0.70710677
vn 0.54167521 -0.45451948 -0.70710677
vn 0.57922798 -0.40557978 -0.70710677
vn 0.57922798 -0.40557978 -0.70710677
vn 0.61237246 -0.35355338 -0.70710677
vn 0.61237246 -0.35355338 -0.70710677
vn 0.64085639 -0.29883623 -0.70710677
vn 0.64085639 -0.29883623 -0.70710677
vn 0.66446304 -0.24184476 -0.70710677
vn 0.66446304 -0.24184476 -0.70710677
vn 0.68301272 -0.18301271 -0.70710677
vn 0.68301272 -0.18301271 -0.70710677
vn 0.69636422 -0.12278780 -0.70710677
vn 0.69636422 -0.12278780 -0.70710677
vn 0.70441604 -0.06162842 -0.70710677
vn 0.70441604 -0.06162842 -0.70710677
vn 1 0 0
vn 1 0 0
vn 0.99619472 0.08715574 0
vn 0.99619472 0.08715574 0
vn 0.98480773 0.17364818 0
vn 0.98480773 0.17364818 0
vn 0.96592581 0.25881904 0
vn 0.96592581 0.25881904 0
vn 0.93969262 0.34202015 0
vn 0.93969262 0.34202015 0
vn 0.90630782 0.42261827 0
vn 0.90630782 0.42261827 0
vn 0.86602539 0.50000000 0
vn 0.86602539 0.50000000 0
vn 0.81915206 0.57357645 0
vn 0.81915206 0.57357645 0
vn 0.76604444 0.64278764 0
vn 0.76604444 0.64278764 0
vn 0.70710677 0.70710677 0
vn 0.70710677 0.70710677 0
vn 0.64278764 0.76604444 0
vn 0.64278764 0.76604444 0
vn 0.57357645 0.81915206 0
vn 0.57357645 0.81915206 0
vn 0.50000000 0.86602539 0
vn 0.50000000 0.86602539 0
vn 0.42261827 0.90630782 0
vn 0.42261827 0.90630782 0
vn 0.34202015 0.93969262 0
vn 0.34202015 0.93969262 0
vn 0.25881904 0.96592581 0
vn 0.25881904 0.96592581 0
vn 0.17364818 0.98480773 0
vn 0.17364818 0.98480773 0
vn 0.08715574 0.99619472 0
vn 0.08715574 0.99619472 0
vn 0.00000000 1 0
vn 0.00000000 1 0
vn -0.08715574 0.99619472 0
vn -0.08715574 0.99619472 0
vn -0.17364818 0.98480773 0
vn -0.17364818 0.98480773 0
vn -0.25881904 0.96592581 0
vn -0.25881904 0.96592581 0
vn -0.34202015 0.93969262 0
vn -0.34202015 0.93969262 0
vn -0.42261827 0.90630782 0
vn -0.42261827 0.90630782 0
vn -0.50000000 0.86602539 0
vn -0.50000000 0.86602539 0
vn -0.57357645 0.81915206 0
vn -0.57357645 0.81915206 0
vn -0.64278764 0.76604444 0
vn -0.64278764 0.76604444 0
vn -0.70710677 0.70710677 0
vn -0.70710677 0.70710677 0
vn -0.76604444 0.64278764 0
vn -0.76604444 0.64278764 0
vn -0.81915206 0.57357645 0
vn -0.81915206 0.57357645 0
vn -0.86602539 0.50000000 0
vn -0.86602539 0.50000000 0
vn -0.90630782 0.42261827 0
vn -0.90630782 0.42261827 0
vn -0.93969262 0.34202015 0
vn -0.93969262 0.34202015 0
vn -0.96592581 0.25881904 0
vn -0.96592581 0.25881904 0
vn -0.98480773 0.17364818 0
vn -0.98480773 0.17364818 0
vn -0.99619472 0.08715574 0
vn -0.99619472 0.08715574 0
vn -1 0.00000000 0
vn -1 0.00000000 0
vn -0.99619472 -0.08715574 0
vn -0.99619472 -0.08715574 0
vn -0.98480773 -0.17364818 0
vn -0.98480773 -0.17364818 0
vn -0.96592581 -0.25881904 0
vn -0.96592581 -0.25881904 0
vn -0.93969262 -0.34202015 0
vn -0.93969262 -0.34202015 0
vn -0.90630782 -0.42261827 0
vn -0.90630782 -0.42261827 0
vn -0.86602539 -0.50000000 0
vn -0.86602539 -0.50000000 0
vn -0.81915206 -0.57357645 0
vn -0.81915206 -0.57357645 0
vn -0.76604444 -0.64278764 0
vn -0.76604444 -0.64278764 0
vn -0.70710677 -0.70710677 0
vn -0.70710677 -0.70710677 0
vn -0.64278764 -0.76604444 0
vn -0.64278764 -0.76604444 0
vn -0.57357645 -0.81915206 0
vn -0.57357645 -0.81915206 0
vn -0.50000000 -0.86602539 0
vn -0.50000000 -0.86602539 0
vn -0.42261827 -0.90630782 0
vn -0.42261827 -0.90630782 0
vn -0.34202015 -0.93969262 0
vn -0.34202015 -0.93969262 0
vn -0.25881904 -0.96592581 0
vn -0.25881904 -0.96592581 0
vn -0.17364818 -0.98480773 0
vn -0.17364818 -0.98480773 0
vn -0.08715574 -0.99619472 0
vn -0.08715574 -0.99619472 0
vn -0.00000000 -1 0
vn -0.00000000 -1 0
vn 0.08715574 -0.99619472 0
vn 0.08715574 -0.99619472 0
vn 0.17364818 -0.98480773 0
vn 0.17364818 -0.98480773 0
vn 0.25881904 -0.96592581 0
vn 0.25881904 -0.96592581 0
vn 0.34202015 -0.93969262 0
vn 0.34202015 -0.93969262 0
vn 0.42261827 -0.90630782 0
vn 0.42261827 -0.90630782 0
vn 0.50000000 -0.86602539 0
vn 0.50000000 -0.86602539 0
vn 0.57357645 -0.81915206 0
vn 0.57357645 -0.81915206 0
vn 0.64278764 -0.76604444 0
vn 0.64278764 -0.76604444 0
vn 0.70710677 -0.70710677 0
vn 0.70710677 -0.70710677 0
vn 0.76604444 -0.64278764 0
vn 0.76604444 -0.64278764 0
vn 0.81915206 -0.57357645 0
vn 0.81915206 -0.57357645 0
vn 0.86602539 -0.50000000 0
vn 0.86602539 -0.50000000 0
vn 0.90630782 -0.42261827 0
vn 0.90630782 -0.42261827 0
vn 0.93969262 -0.34202015 0
vn 0.93969262 -0.34202015 0
vn 0.96592581 -0.25881904 0
vn 0.96592581 -0.25881904 0
vn 0.98480773 -0.17364818 0
vn 0.98480773 -0.17364818 0
vn 0.99619472 -0.08715574 0
vn 0.99619472 -0.08715574 0
vn 0 0 -1
vn 0 0 -1
vn 0 0 -1
vn 0 0 -1
vn 0 0 -1
vn 0 0 -1
vn 0 0 -1
vn 0 0 -1
vn 0 0 -1
vn 0 0 -1
vn 0 0 -1
vn 0 0 -1
vn 0 0 -1
vn 0 0 -1
vn 0 0 -1
vn 0 0 -1
vn 0 0 -1
vn 0 0 -1
vn 0 0 -1
vn 0 0 -1
vn 0 0 -1
vn 0 0 -1
vn 0 0 -1
vn 0 0 -1
vn 0 0 -1
vn 0 0 -1
vn 0 0 -1
vn 0 0 -1
vn 0 0 -1
vn 0 0 -1
vn 0 0 -1
vn 0 0 -1
vn 0 0 -1
vn 0 0 -1
vn 0 0 -1
vn 0 0 -1
vn 0 0 -1
vn 0 0 -1
vn 0 0 -1
vn 0 0 -1
vn 0 0 -1
vn 0 0 -1
vn 0 0 -1
vn 0 0 -1
vn 0 0 -1
vn 0 0 -1
vn 0 0 -1
vn 0 0 -1
vn 0 0 -1
vn 0 0 -1
vn 0 0 -1
vn 0 0 -1
vn 0 0 -1
vn 0 0 -1
vn 0 0 -1
vn 0 0 -1
vn 0 0 -1
vn 0 0 -1
vn 0 0 -1
vn 0 0 -1
vn 0 0 -1
vn 0 0 -1
vn 0 0 -1
vn 0 0 -1
vn 0 0 -1
vn 0 0 -1
vn 0 0 -1
vn 0 0 -1
vn 0 0 -1
vn 0 0 -1
vn 0 0 -1
vn 0 0 -1
vn 0 0 -1
vn 0.99628544 0.08611248 0.00000000
vn 0.99628544 0.08611248 0.00000000
vn 0.99628544 0.08611248 0.00000000
vn 0.99628544 0.08611248 0.00000000
vn 0.99628544 0.08611248 0.00000000
vn 0.99628544 0.08611248 0.00000000
vn 0.99628544 0.08611248 0.00000000
vn 0.70448017 0.06089072 0.70710677
vn 0.70448017 0.06089072 0.70710677
vn 0.70448017 0.06089072 0.70710677
vn 0.70448017 0.06089072 0.70710677
vn 0.70448017 0.06089072 0.70710677
vn 0.70448017 0.06089072 -0.70710677
vn 0.70448017 0.06089072 -0.70710677
vn 0.70448017 0.06089072 -0.70710677
vn 0.70448017 0.06089072 -0.70710677
vn 0.70448017 0.06089072 -0.70710677
vn 0.74453306 0.66758561 0.00000000
vn 0.74453306 0.66758561 0.00000000
vn 0.74453306 0.66758561 0.00000000
vn 0.74453306 0.66758561 0.00000000
vn 0.74453306 0.66758561 0.00000000
vn 0.74453306 0.66758561 0.00000000
vn 0.74453306 0.66758561 0.00000000
vn 0.74453306 0.66758561 0.00000000
vn 0.19385788 0.98102963 0.00000000
vn 0.19385788 0.98102963 0.00000000
vn 0.19385788 0.98102963 0.00000000
vn 0.19385788 0.98102963 0.00000000
vn 0.19385788 0.98102963 0.00000000
vn 0.13707823 0.69369268 0.70710677
vn 0.13707823 0.69369268 0.70710677
vn 0.13707823 0.69369268 0.70710677
vn 0.13707823 0.69369268 0.70710677
vn 0.13707823 0.69369268 0.70710677
vn 0.13707823 0.69369268 0.70710677
vn 0.13707823 0.69369268 0.70710677
vn 0.13707823 0.69369268 0.70710677
vn 0.13707823 0.69369268 0.70710677
vn 0.13707823 0.69369268 -0.70710677
vn 0.13707823 0.69369268 -0.70710677
vn 0.13707823 0.69369268 -0.70710677
vn 0.13707823 0.69369268 -0.70710677
vn 0.13707823 0.69369268 -0.70710677
vn 0.13707823 0.69369268 -0.70710677
vn 0.14071381 0.99005032 0.00000000
vn 0.14071381 0.99005032 0.00000000
vn 0.14071381 0.99005032 0.00000000
vn 0.14071381 0.99005032 0.00000000
vn 0.14071381 0.99005032 0.00000000
vn 0.14071381 0.99005032 0.00000000
vn 0.08716089 0.99619424 0.00000000
vn 0.08716089 0.99619424 0.00000000
vn 0.08716089 0.99619424 0.00000000
vn 0.08716089 0.99619424 0.00000000
vn 0.06163206 0.70441568 0.70710677
vn 0.06163206 0.70441568 0.70710677
vn 0.06163206 0.70441568 0.70710677
vn 0.06163206 0.70441568 0.70710677
vn 0.06163206 0.70441568 0.70710677
vn 0.06163206 0.70441568 0.70710677
vn 0.06163206 0.70441568 0.70710677
vn 0.06163206 0.70441568 0.70710677
vn 0.06163206 0.70441568 0.70710677
vn 0.06163206 0.70441568 -0.70710677
vn 0.06163206 0.70441568 -0.70710677
vn 0.06163206 0.70441568 -0.70710677
vn 0.06163206 0.70441568 -0.70710677
vn 0.06163206 0.70441568 -0.70710677
vn 0.06163206 0.70441568 -0.70710677
vn 0.05399837 0.99854100 0.00000000
vn 0.05399837 0.99854100 0.00000000
vn 0.05399837 0.99854100 0.00000000
vn 0.05399837 0.99854100 0.00000000
vn 0.05399837 0.99854100 0.00000000
vn 0.05399837 0.99854100 0.00000000
vn 0.01469098 0.70695418 0.70710677
vn 0.01469098 0.70695418 0.70710677
vn 0.01469098 0.70695418 0.70710677
vn 0.01469098 0.70695418 0.70710677
vn 0.01469098 0.70695418 0.70710677
vn 0.01469098 0.70695418 -0.70710677
vn 0.01469098 0.70695418 -0.70710677
vn 0.01469098 0.70695418 -0.70710677
vn 0.01469098 0.70695418 -0.70710677
vn 0.01469098 0.70695418 -0.70710677
vn 0.02077618 0.99978417 0.00000000
vn 0.02077618 0.99978417 0.00000000
vn 0.02077618 0.99978417 0.00000000
vn 0.02077618 0.99978417 0.00000000
vn 0.02129209 0.99977332 0.00000000
vn 0.02129209 0.99977332 0.00000000
vn 0.02129209 0.99977332 0.00000000
vn 0.02129209 0.99977332 0.00000000
vn 0.01505578 0.70694649 0.70710677
vn 0.01505578 0.70694649 0.70710677
vn 0.01505578 0.70694649 0.70710677
vn 0.01505578 0.70694649 0.70710677
vn 0.01505578 0.70694649 0.70710677
vn 0.01505578 0.70694649 0.70710677
vn 0.01505578 0.70694649 0.70710677
vn 0.01505578 0.70694649 0.70710677
vn 0.01505578 0.70694649 0.70710677
vn 0.01505578 0.70694649 -0.70710677
vn 0.01505578 0.70694649 -0.70710677
vn 0.01505578 0.70694649 -0.70710677
vn 0.01505578 0.70694649 -0.70710677
vn 0.01505578 0.70694649 -0.70710677
vn -0.01182395 0.99993008 0.00000000
vn -0.01182395 0.99993008 0.00000000
vn -0.01182395 0.99993008 0.00000000
vn -0.01182395 0.99993008 0.00000000
vn -0.01182395 0.99993008 0.00000000
vn -0.01182395 0.99993008 0.00000000
vn -0.04492702 0.99899030 0.00000000
vn -0.04492702 0.99899030 0.00000000
vn -0.04492702 0.99899030 0.00000000
vn -0.04492702 0.99899030 0.00000000
vn -0.03176820 0.70639282 0.70710677
vn -0.03176820 0.70639282 0.70710677
vn -0.03176820 0.70639282 0.70710677
vn -0.03176820 0.70639282 0.70710677
vn -0.03176820 0.70639282 0.70710677
vn -0.03176820 0.70639282 0.70710677
vn -0.03176820 0.70639282 -0.70710677
vn -0.03176820 0.70639282 -0.70710677
vn -0.03176820 0.70639282 -0.70710677
vn -0.03176820 0.70639282 -0.70710677
vn -0.03176820 0.70639282 -0.70710677
vn -0.03176820 0.70639282 -0.70710677
vn -0.69204599 0.72185344 0.00000000
vn -0.69204599 0.72185344 0.00000000
vn -0.69204599 0.72185344 0.00000000
vn -0.69204599 0.72185344 0.00000000
vn -0.69204599 0.72185344 0.00000000
vn -0.69204599 0.72185344 0.00000000
vn -0.99632531 0.08564948 0.00000000
vn -0.99632531 0.08564948 0.00000000
vn -0.99632531 0.08564948 0.00000000
vn -0.99632531 0.08564948 0.00000000
vn -0.99632531 0.08564948 0.00000000
vn -0.99632531 0.08564948 0.00000000
vn -0.99632531 0.08564948 0.00000000
vn -0.70450842 0.06056333 0.70710677
vn -0.70450842 0.06056333 0.70710677
vn -0.70450842 0.06056333 0.70710677
vn -0.70450842 0.06056333 0.70710677
vn -0.70450842 0.06056333 0.70710677
vn -0.70450842 0.06056333 -0.70710677
vn -0.70450842 0.06056333 -0.70710677
vn -0.70450842 0.06056333 -0.70710677
vn -0.70450842 0.06056333 -0.70710677
vn -0.70450842 0.06056333 -0.70710677
vn -0.74468797 0.66741282 0.00000000
vn -0.74468797 0.66741282 0.00000000
vn -0.74468797 0.66741282 0.00000000
vn -0.74468797 0.66741282 0.00000000
vn -0.74468797 0.66741282 0.00000000
vn -0.74468797 0.66741282 0.00000000
vn -0.74468797 0.66741282 0.00000000
vn -0.74468797 0.66741282 0.00000000
vn -0.19385737 0.98102975 0.00000000
vn -0.19385737 0.98102975 0.00000000
vn -0.19385737 0.98102975 0.00000000
vn -0.19385737 0.98102975 0.00000000
vn -0.19385737 0.98102975 0.00000000
vn -0.19385737 0.98102975 0.00000000
vn -0.13707787 0.69369274 0.70710677
vn -0.13707787 0.69369274 0.70710677
vn -0.13707787 0.69369274 0.70710677
vn -0.13707787 0.69369274 0.70710677
vn -0.13707787 0.69369274 0.70710677
vn -0.13707787 0.69369274 0.70710677
vn -0.13707787 0.69369274 0.70710677
vn -0.13707787 0.69369274 0.70710677
vn -0.13707787 0.69369274 0.70710677
vn -0.13707787 0.69369274 -0.70710677
vn -0.13707787 0.69369274 -0.70710677
vn -0.13707787 0.69369274 -0.70710677
vn -0.13707787 0.69369274 -0.70710677
vn -0.13707787 0.69369274 -0.70710677
vn -0.13707787 0.69369274 -0.70710677
vn -0.14071357 0.99005038 0.00000000
vn -0.14071357 0.99005038 0.00000000
vn -0.14071357 0.99005038 0.00000000
vn -0.14071357 0.99005038 0.00000000
vn -0.14071357 0.99005038 0.00000000
vn -0.14071357 0.99005038 0.00000000
vn -0.14071357 0.99005038 0.00000000
vn -0.14071357 0.99005038 0.00000000
vn -0.08716089 0.99619424 0.00000000
vn -0.08716089 0.99619424 0.00000000
vn -0.08716089 0.99619424 0.00000000
vn -0.08716089 0.99619424 0.00000000
vn -0.08716089 0.99619424 0.00000000
vn -0.06163206 0.70441568 0.70710677
vn -0.06163206 0.70441568 0.70710677
vn -0.06163206 0.70441568 0.70710677
vn -0.06163206 0.70441568 0.70710677
vn -0.06163206 0.70441568 0.70710677
vn -0.06163206 0.70441568 0.70710677
vn -0.06163206 0.70441568 0.70710677
vn -0.06163206 0.70441568 0.70710677
vn -0.06163206 0.70441568 0.70710677
vn -0.06163206 0.70441568 -0.70710677
vn -0.06163206 0.70441568 -0.70710677
vn -0.06163206 0.70441568 -0.70710677
vn -0.06163206 0.70441568 -0.70710677
vn -0.06163206 0.70441568 -0.70710677
vn -0.06163206 0.70441568 -0.70710677
vn -0.05425607 0.99852705 0.00000000
vn -0.05425607 0.99852705 0.00000000
vn -0.05425607 0.99852705 0.00000000
vn -0.05425607 0.99852705 0.00000000
vn -0.05425607 0.99852705 0.00000000
vn -0.05425607 0.99852705 0.00000000
vn -0.01505586 0.70694649 0.70710677
vn -0.01505586 0.70694649 0.70710677
vn -0.01505586 0.70694649 0.70710677
vn -0.01505586 0.70694649 0.70710677
vn -0.01505586 0.70694649 0.70710677
vn -0.01505586 0.70694649 0.70710677
vn -0.01505586 0.70694649 0.70710677
vn -0.01505586 0.70694649 0.70710677
vn -0.01505586 0.70694649 -0.70710677
vn -0.01505586 0.70694649 -0.70710677
vn -0.01505586 0.70694649 -0.70710677
vn -0.01505586 0.70694649 -0.70710677
vn -0.01505586 0.70694649 -0.70710677
vn -0.02129220 0.99977332 0.00000000
vn -0.02129220 0.99977332 0.00000000
vn -0.02129220 0.99977332 0.00000000
vn -0.02129220 0.99977332 0.00000000
vn -0.02077607 0.99978417 0.00000000
vn -0.02077607 0.99978417 0.00000000
vn -0.02077607 0.99978417 0.00000000
vn -0.02077607 0.99978417 0.00000000
vn -0.01469090 0.70695418 0.70710677
vn -0.01469090 0.70695418 0.70710677
vn -0.01469090 0.70695418 0.70710677
vn -0.01469090 0.70695418 0.70710677
vn -0.01469090 0.70695418 0.70710677
vn -0.01469090 0.70695418 0.70710677
vn -0.01469090 0.70695418 0.70710677
vn -0.01469090 0.70695418 0.70710677
vn -0.01469090 0.70695418 -0.70710677
vn -0.01469090 0.70695418 -0.70710677
vn -0.01469090 0.70695418 -0.70710677
vn -0.01469090 0.70695418 -0.70710677
vn -0.01469090 0.70695418 -0.70710677
vn 0.01208212 0.99992698 0.00000000
vn 0.01208212 0.99992698 0.00000000
vn 0.01208212 0.99992698 0.00000000
vn 0.01208212 0.99992698 0.00000000
vn 0.01208212 0.99992698 0.00000000
vn 0.01208212 0.99992698 0.00000000
vn 0.04492725 0.99899024 0.00000000
vn 0.04492725 0.99899024 0.00000000
vn 0.04492725 0.99899024 0.00000000
vn 0.04492725 0.99899024 0.00000000
vn 0.03176837 0.70639277 0.70710677
vn 0.03176837 0.70639277 0.70710677
vn 0.03176837 0.70639277 0.70710677
vn 0.03176837 0.70639277 0.70710677
vn 0.03176837 0.70639277 0.70710677
vn 0.03176837 0.70639277 0.70710677
vn 0.03176837 0.70639277 0.70710677
vn 0.03176837 0.70639277 -0.70710677
vn 0.03176837 0.70639277 -0.70710677
vn 0.03176837 0.70639277 -0.70710677
vn 0.03176837 0.70639277 -0.70710677
vn 0.03176837 0.70639277 -0.70710677
vn 0.03176837 0.70639277 -0.70710677
vn 0.69210768 0.72179431 0.00000000
vn 0.69210768 0.72179431 0.00000000
vn 0.69210768 0.72179431 0.00000000
vn 0.69210768 0.72179431 0.00000000
vn 0.69210768 0.72179431 0.00000000
vn 0.69210768 0.72179431 0.00000000
vn 0.99622411 0.08681925 0.00000000
vn 0.99622411 0.08681925 0.00000000
vn 0.99622411 0.08681925 0.00000000
vn 0.99622411 0.08681925 0.00000000
vn 0.70443678 0.06139048 0.70710677
vn 0.70443678 0.06139048 0.70710677
vn 0.70443678 0.06139048 0.70710677
vn 0.70443678 0.06139048 0.70710677
vn 0.70443678 0.06139048 0.70710677
vn 0.70443678 0.06139048 0.70710677
vn 0.70443678 0.06139048 0.70710677
vn 0.70443678 0.06139048 0.70710677
vn 0.70443678 0.06139048 0.70710677
vn 0.70443678 0.06139048 0.70710677
vn 0.70443678 0.06139048 0.70710677
vn 0.70443678 0.06139048 0.70710677
vn 0.70443678 0.06139048 -0.70710677
vn 0.70443678 0.06139048 -0.70710677
vn 0.70443678 0.06139048 -0.70710677
vn 0.70443678 0.06139048 -0.70710677
vn 0.70443678 0.06139048 -0.70710677
vn 0.70443678 0.06139048 -0.70710677
vn 0.88655216 -0.46262869 -0.00000000
vn 0.88655216 -0.46262869 -0.00000000
vn 0.88655216 -0.46262869 -0.00000000
vn 0.88655216 -0.46262869 -0.00000000
vn 0.88655216 -0.46262869 -0.00000000
vn 0.88655216 -0.46262869 -0.00000000
vn 0.49857289 -0.86684781 -0.00000000
vn 0.49857289 -0.86684781 -0.00000000
vn 0.49857289 -0.86684781 -0.00000000
vn 0.49857289 -0.86684781 -0.00000000
vn 0.35254425 -0.61295396 0.70710677
vn 0.35254425 -0.61295396 0.70710677
vn 0.35254425 -0.61295396 0.70710677
vn 0.35254425 -0.61295396 0.70710677
vn 0.35254425 -0.61295396 0.70710677
vn 0.35254425 -0.61295396 0.70710677
vn 0.35254425 -0.61295396 0.70710677
vn 0.35254425 -0.61295396 0.70710677
vn 0.35254425 -0.61295396 0.70710677
vn 0.35254425 -0.61295396 0.70710677
vn 0.35254425 -0.61295396 0.70710677
vn 0.35254425 -0.61295396 -0.70710677
vn 0.35254425 -0.61295396 -0.70710677
vn 0.35254425 -0.61295396 -0.70710677
vn 0.35254425 -0.61295396 -0.70710677
vn 0.35254425 -0.61295396 -0.70710677
vn 0.35254425 -0.61295396 -0.70710677
vn 0.30049020 -0.95378488 -0.00000000
vn 0.30049020 -0.95378488 -0.00000000
vn 0.30049020 -0.95378488 -0.00000000
vn 0.30049020 -0.95378488 -0.00000000
vn 0.30049020 -0.95378488 -0.00000000
vn 0.30049020 -0.95378488 -0.00000000
vn 0.08834613 -0.99608982 -0.00000000
vn 0.08834613 -0.99608982 -0.00000000
vn 0.08834613 -0.99608982 -0.00000000
vn 0.08834613 -0.99608982 -0.00000000
vn 0.06247015 -0.70434189 0.70710677
vn 0.06247015 -0.70434189 0.70710677
vn 0.06247015 -0.70434189 0.70710677
vn 0.06247015 -0.70434189 0.70710677
vn 0.06247015 -0.70434189 0.70710677
vn 0.06247015 -0.70434189 0.70710677
vn 0.06247015 -0.70434189 0.70710677
vn 0.06247015 -0.70434189 0.70710677
vn 0.06247015 -0.70434189 0.70710677
vn 0.06247015 -0.70434189 0.70710677
vn 0.06247015 -0.70434189 0.70710677
vn 0.06247015 -0.70434189 0.70710677
vn 0.06247015 -0.70434189 -0.70710677
vn 0.06247015 -0.70434189 -0.70710677
vn 0.06247015 -0.70434189 -0.70710677
vn 0.06247015 -0.70434189 -0.70710677
vn 0.06247015 -0.70434189 -0.70710677
vn 0.06247015 -0.70434189 -0.70710677
vn 0.17446040 -0.98466420 -0.00000000
vn 0.17446040 -0.98466420 -0.00000000
vn 0.17446040 -0.98466420 -0.00000000
vn 0.17446040 -0.98466420 -0.00000000
vn 0.17446040 -0.98466420 -0.00000000
vn 0.17446040 -0.98466420 -0.00000000
vn 0.25925815 -0.96580803 -0.00000000
vn 0.25925815 -0.96580803 -0.00000000
vn 0.25925815 -0.96580803 -0.00000000
vn 0.25925815 -0.96580803 -0.00000000
vn 0.18332319 -0.68292946 0.70710677
vn 0.18332319 -0.68292946 0.70710677
vn 0.18332319 -0.68292946 0.70710677
vn 0.18332319 -0.68292946 0.70710677
vn 0.18332319 -0.68292946 0.70710677
vn 0.18332319 -0.68292946 0.70710677
vn 0.18332319 -0.68292946 0.70710677
vn 0.18332319 -0.68292946 0.70710677
vn 0.18332319 -0.68292946 0.70710677
vn 0.18332319 -0.68292946 -0.70710677
vn 0.18332319 -0.68292946 -0.70710677
vn 0.18332319 -0.68292946 -0.70710677
vn 0.18332319 -0.68292946 -0.70710677
vn 0.18332319 -0.68292946 -0.70710677
vn 0.18332319 -0.68292946 -0.70710677
vn 0.22428483 -0.97452366 -0.00000000
vn 0.22428483 -0.97452366 -0.00000000
vn 0.22428483 -0.97452366 -0.00000000
vn 0.22428483 -0.97452366 -0.00000000
vn 0.22428483 -0.97452366 -0.00000000
vn 0.22428483 -0.97452366 -0.00000000
vn 0.13365741 -0.69435990 0.70710677
vn 0.13365741 -0.69435990 0.70710677
vn 0.13365741 -0.69435990 0.70710677
vn 0.13365741 -0.69435990 0.70710677
vn 0.13365741 -0.69435990 0.70710677
vn 0.13365741 -0.69435990 0.70710677
vn 0.18902013 -0.98197323 -0.00000000
vn 0.18902013 -0.98197323 -0.00000000
vn 0.18902013 -0.98197323 -0.00000000
vn 0.18902013 -0.98197323 -0.00000000
vn 0.18902013 -0.98197323 -0.00000000
vn 0.13365741 -0.69435990 -0.70710677
vn 0.13365741 -0.69435990 -0.70710677
vn 0.13365741 -0.69435990 -0.70710677
vn 0.13365741 -0.69435990 -0.70710677
vn 0.13365741 -0.69435990 -0.70710677
vn 0.13365741 -0.69435990 -0.70710677
vn 0.13834558 -0.99038404 -0.00000000
vn 0.13834558 -0.99038404 -0.00000000
vn 0.13834558 -0.99038404 -0.00000000
vn 0.13834558 -0.99038404 -0.00000000
vn 0.13834558 -0.99038404 -0.00000000
vn 0.13834558 -0.99038404 -0.00000000
vn 0.13834558 -0.99038404 -0.00000000
vn 0.13834558 -0.99038404 -0.00000000
vn 0.08730601 -0.99618155 -0.00000000
vn 0.08730601 -0.99618155 -0.00000000
vn 0.08730601 -0.99618155 -0.00000000
vn 0.08730601 -0.99618155 -0.00000000
vn 0.08730601 -0.99618155 -0.00000000
vn 0.08730601 -0.99618155 -0.00000000
vn 0.06173467 -0.70440674 0.70710677
vn 0.06173467 -0.70440674 0.70710677
vn 0.06173467 -0.70440674 0.70710677
vn 0.06173467 -0.70440674 0.70710677
vn 0.06173467 -0.70440674 0.70710677
vn 0.06173467 -0.70440674 0.70710677
vn 0.06173467 -0.70440674 0.70710677
vn 0.06173467 -0.70440674 -0.70710677
vn 0.06173467 -0.70440674 -0.70710677
vn 0.06173467 -0.70440674 -0.70710677
vn 0.06173467 -0.70440674 -0.70710677
vn 0.06173467 -0.70440674 -0.70710677
vn 0.06173467 -0.70440674 -0.70710677
vn 0.04006844 -0.99919695 -0.00000000
vn 0.04006844 -0.99919695 -0.00000000
vn 0.04006844 -0.99919695 -0.00000000
vn 0.04006844 -0.99919695 -0.00000000
vn 0.04006844 -0.99919695 -0.00000000
vn 0.04006844 -0.99919695 -0.00000000
vn 0.04006844 -0.99919695 -0.00000000
vn 0.04006844 -0.99919695 -0.00000000
vn -0.00725891 -0.99997365 -0.00000000
vn -0.00725891 -0.99997365 -0.00000000
vn -0.00725891 -0.99997365 -0.00000000
vn -0.00725891 -0.99997365 -0.00000000
vn -0.00725891 -0.99997365 -0.00000000
vn -0.00725891 -0.99997365 -0.00000000
vn -0.00513282 -0.70708817 0.70710677
vn -0.00513282 -0.70708817 0.70710677
vn -0.00513282 -0.70708817 0.70710677
vn -0.00513282 -0.70708817 0.70710677
vn -0.00513282 -0.70708817 0.70710677
vn -0.00513282 -0.70708817 0.70710677
vn -0.00513282 -0.70708817 -0.70710677
vn -0.00513282 -0.70708817 -0.70710677
vn -0.00513282 -0.70708817 -0.70710677
vn -0.00513282 -0.70708817 -0.70710677
vn -0.00513282 -0.70708817 -0.70710677
vn -0.00513282 -0.70708817 -0.70710677
vn -0.04732031 -0.99887979 -0.00000000
vn -0.04732031 -0.99887979 -0.00000000
vn -0.04732031 -0.99887979 -0.00000000
vn -0.04732031 -0.99887979 -0.00000000
vn -0.04732031 -0.99887979 -0.00000000
vn -0.04732031 -0.99887979 -0.00000000
vn -0.04732031 -0.99887979 -0.00000000
vn -0.04732031 -0.99887979 -0.00000000
vn -0.08730571 -0.99618155 -0.00000000
vn -0.08730571 -0.99618155 -0.00000000
vn -0.08730571 -0.99618155 -0.00000000
vn -0.08730571 -0.99618155 -0.00000000
vn -0.08730571 -0.99618155 -0.00000000
vn -0.06173446 -0.70440674 0.70710677
vn -0.06173446 -0.70440674 0.70710677
vn -0.06173446 -0.70440674 0.70710677
vn -0.06173446 -0.70440674 0.70710677
vn -0.06173446 -0.70440674 0.70710677
vn -0.06173446 -0.70440674 0.70710677
vn -0.06173446 -0.70440674 -0.70710677
vn -0.06173446 -0.70440674 -0.70710677
vn -0.06173446 -0.70440674 -0.70710677
vn -0.06173446 -0.70440674 -0.70710677
vn -0.06173446 -0.70440674 -0.70710677
vn -0.06173446 -0.70440674 -0.70710677
vn -0.15572542 -0.98780036 -0.00000000
vn -0.15572542 -0.98780036 -0.00000000
vn -0.15572542 -0.98780036 -0.00000000
vn -0.15572542 -0.98780036 -0.00000000
vn -0.15572542 -0.98780036 -0.00000000
vn -0.15572542 -0.98780036 -0.00000000
vn -0.22340521 -0.97472566 -0.00000000
vn -0.22340521 -0.97472566 -0.00000000
vn -0.22340521 -0.97472566 -0.00000000
vn -0.22340521 -0.97472566 -0.00000000
vn -0.15797134 -0.68923515 0.70710677
vn -0.15797134 -0.68923515 0.70710677
vn -0.15797134 -0.68923515 0.70710677
vn -0.15797134 -0.68923515 0.70710677
vn -0.15797134 -0.68923515 0.70710677
vn -0.15797134 -0.68923515 0.70710677
vn -0.15797134 -0.68923515 0.70710677
vn -0.15797134 -0.68923515 -0.70710677
vn -0.15797134 -0.68923515 -0.70710677
vn -0.15797134 -0.68923515 -0.70710677
vn -0.15797134 -0.68923515 -0.70710677
vn -0.15797134 -0.68923515 -0.70710677
vn -0.15797134 -0.68923515 -0.70710677
vn -0.24136981 -0.97043324 -0.00000000
vn -0.24136981 -0.97043324 -0.00000000
vn -0.24136981 -0.97043324 -0.00000000
vn -0.24136981 -0.97043324 -0.00000000
vn -0.24136981 -0.97043324 -0.00000000
vn -0.24136981 -0.97043324 -0.00000000
vn 0 0 1
vn 0 0 1
vn 0 0 1
vn 0 0 1
vn 0 0 1
vn 0 0 1
vn 0 0 1
vn 0 0 1
vn 0 0 1
vn 0 0 1
vn 0 0 1
vn 0 0 1
vn 0 0 1
vn 0 0 1
vn 0 0 1
vn 0 0 1
vn 0 0 1
vn 0 0 1
vn 0 0 1
vn 0 0 1
vn 0 0 1
vn 0 0 1
vn 0 0 1
vn 0 0 1
vn 0 0 1
vn 0 0 1
vn 0 0 1
vn 0 0 1
vn 0 0 1
vn 0 0 1
vn 0 0 1
vn 0 0 1
vn 0 0 1
vn 0 0 1
vn 0 0 1
vn 0 0 1
vn 0 0 1
vn 0 0 1
vn 0 0 1
vn 0 0 1
vn 0 0 1
vn 0 0 1
vn 0 0 1
vn 0 0 1
vn 0 0 1
vn 0 0 1
vn 0 0 1
vn 0 0 1
vn 0 0 1
vn 0 0 1
vn 0 0 1
vn 0 0 1
vn 0 0 1
vn 0 0 1
vn 0 0 1
vn 0 0 1
vn 0 0 1
vn 0 0 1
vn 0 0 1
vn 0 0 1
vn 0 0 1
vn 0 0 1
vn 0 0 1
vn 0 0 1
vn 0 0 1
vn 0 0 1
vn 0 0 1
vn 0 0 1
vn 0 0 1
vn 0 0 1
vn 0 0 1
vn 0 0 1
vn 0 0 1
vn 0 0 1
vn 0 0 1
vn 0 0 1
vn 0 0 1
vn 0 0 1
vn 0 0 1
vn 0 0 1
vn 0 0 1
vn 0 0 1
vn 0 0 1
vn 0 0 1
vn 0 0 1
vn 0 0 1
vn 0 0 1
vn 0 0 1
vn 0 0 1
vn 0 0 1
vn 0 0 1
vn 0 0 1
vn 0 0 1
vn 0 0 1
vn 0 0 1
vn 0 0 1
vn 0 0 1
vn 0 0 1
vn 0 0 1
vn 0 0 1
vn 0 0 1
vn 0 0 1
vn 0 0 1
vn 0 0 1
vn 0 0 1
vn 0 0 1
vn 0 0 1
vn 0 0 1
vn 0 0 1
vn 0 0 1
vn 0 0 1
vn 0 0 1
vn 0 0 1
vn 0 0 1
vn 0 0 1
vn 0 0 1
vn 0 0 1
vn 0 0 1
vn 0 0 1
vn 0 0 1
vn 0 0 1
vn 0 0 1
vn 0 0 1
vn 0 0 1
vn 0 0 1
vn 0 0 1
vn 0 0 1
vn 0 0 1
vn 0 0 1
vn 0 0 1
vn 0 0 1
vn 0 0 1
vn 0 0 1
vn 0 0 1
vn 0 0 1
vn 0 0 1
vn 0 0 1
vn 0 0 1
vn 0 0 1
vn 0 0 1
vn 0 0 1
vn 0 0 1
vn 0 0 1
vn 0 0 1
vn 0 0 1
vn 0 0 1
vn 0 0 1
vn 0 0 1
vn 0 0 1
vn 0 0 1
vn 0 0 1
vn 0 0 1
vn 0 0 1
vn 0 0 1
vn 0 0 1
vn 0 0 1
vn 0 0 1
vn 0 0 1
vn 0 0 1
vn 0 0 1
vn 0 0 1
vn 0 0 1
vn 0 0 1
vn 0 0 1
vn 0 0 1
vn 0 0 1
vn 0 0 1
vn 0 0 1
vn 0 0 1
vn 0 0 1
vn 0 0 1
vn 0 0 1
vn 0 0 1
vn 0 0 1
vn 0 0 1
vn 0 0 1
vn 0 0 1
vn 0 0 1
vn 0 0 1
vn 0 0 1
vn 0 0 1
vn 0 0 1
vn 0 0 1
vn 0 0 1
vn 0 0 1
vn 0 0 1
vn 0 0 1
vn 0 0 1
vn 0 0 1
vn 0 0 1
vn 0 0 1
vn 0 0 1
vn 0 0 1
vn 0 0 1
vn 0 0 1
vn 0 0 1
vn 0 0 1
vn 0 0 1
vn 0 0 1
vn 0 0 1
vn 0 0 1
vn 0 0 1
vn 0 0 1
vn 0 0 1
vn 0 0 1
vn 0 0 1
vn 0 0 1
vn 0 0 1
vn 0 0 1
vn 0 0 1
vn 0 0 1
vn 0 0 1
vn 0 0 1
vn 0 0 1
vn 0 0 1
vn 0 0 1
vn 0 0 1
vn 0 0 1
vn 0 0 1
vn 0 0 1
vn 0 0 1
vn 0 0 1
vn 0 0 1
vn 0 0 1
vn 0 0 1
vn 0 0 1
vn 0 0 1
vn 0 0 1
vn 0 0 1
vn 0 0 1
vn 0 0 1
vn 0 0 1
vn 0 0 1
vn 0 0 1
vn 0 0 1
vn 0 0 1
vn 0 0 1
vn 0 0 1
vn 0 0 1
vn 0 0 1
vn 0 0 1
vn 0 0 1
vn 0 0 1
vn 0 0 1
vn 0 0 1
vn 0 0 1
vn 0 0 1
vn 0 0 1
vn 0 0 1
vn 0 0 1
vn 0 0 1
vn 0 0 1
vn 0 0 1
vn 0 0 1
vn 0 0 1
vn 0 0 1
vn 0 0 1
vn 0 0 1
vn 0 0 1
vn 0 0 1
vn 0 0 1
vn 0 0 1
vn 0 0 1
vn 0 0 1
vn 0 0 1
vn 0 0 1
vn 0 0 1
vn 0 0 1
vn 0 0 1
vn 0 0 1
vn 0 0 1
vn 0 0 1
vn 0 0 1
vn 0 0 1
vn 0 0 1
vn 0 0 1
vn 0 0 1
vn 0 0 1
vn 0 0 1
vn 0 0 1
vn 0 0 1
vn 0 0 1
vn 0 0 1
vn 0 0 1
vn 0 0 1
vn 0 0 1
vn 0 0 1
vn 0 0 1
vn 0 0 1
vn 0 0 1
vn 0 0 1
vn 0 0 1
vn 0 0 1
vn 0 0 1
vn 0 0 1
vn 0 0 1
vn 0 0 1
vn 0 0 1
vn 0 0 1
vn 0 0 1
vn 0 0 1
vn 0 0 1
vn 0 0 1
vn 0 0 1
vn 0 0 1
vn 0 0 1
vn 0 0 1
vn 0 0 1
vn 0 0 1
vn 0 0 1
vn 0 0 1
vn 0 0 1
vn 0 0 1
vn 0 0 1
vn 0 0 1
vn 0 0 1
vn 0 0 1
vn 0 0 1
vn 0 0 1
vn 0 0 1
vn 0 0 1
vn 0 0 1
vn 0 0 1
vn 0 0 1
vn 0 0 1
vn 0 0 1
vn 0 0 1
vn 0 0 1
vn 0 0 1
vn 0 0 1
vn 0 0 1
vn 0 0 1
vn 0 0 1
vn 0 0 1
vn 0 0 1
vn 0 0 1
vn 0 0 1
vn 0 0 1
vn 0 0 1
vn 0 0 1
vn 0 0 1
vn 0 0 1
vn 0 0 1
vn 0 0 1
vn 0 0 1
vn 0 0 1
vn 0 0 1
vn 0 0 1
vn 0 0 1
vn 0 0 1
vn 0 0 1
vn 0 0 1
vn 0 0 1
vn 0 0 1
vn 0 0 1
vn 0 0 1
vn 0 0 1
vn 0 0 1
vn 0 0 1
vn 0 0 1
vn 0 0 1
vn 0 0 1
vn 0 0 1
vn 0 0 1
vn 0 0 1
vn 0 0 1
vn 0 0 1
vn 0 0 1
vn 0 0 1
vn 0 0 1
vn 0 0 1
vn 0 0 1
vn 0 0 1
vn 0 0 1
vn 0 0 1
vn 0 0 1
vn 0 0 1
vn 0 0 1
vn 0 0 1
vn 0 0 1
vn 0 0 1
vn 0 0 1
vn 0 0 1
vn 0 0 1
vn 0 0 1
vn 0 0 1
vn 0 0 1
vn 0 0 1
vn 0 0 1
vn 0 0 1
vn 0 0 1
vn 0 0 1
vn 0 0 1
vn 0 0 1
vn 0 0 1
vn 0 0 1
vn 0 0 1
vn 0 0 1
vn 0 0 1
vn 0 0 1
vn 0 0 1
vn 0 0 1
vn 0 0 1
vn 0 0 1
vn 0 0 1
vn 0 0 1
vn 0 0 1
vn 0 0 1
vn 0 0 1
vn 0 0 1
vn 0 0 1
vn 0 0 1
vn 0 0 1
vn 0 0 1
vn 0 0 1
vn 0 0 1
vn 0 0 1
vn 0 0 1
vn 0 0 1
vn 0 0 1
vn 0 0 1
vn 0 0 1
vn 0 0 1
vn 0 0 1
vn 0 0 1
vn 0 0 1
vn 0 0 1
vn 0 0 1
vn 0 0 1
vn 0 0 1
vn 0 0 1
vn 0 0 1
vn 0 0 1
vn 0 0 1
vn 0 0 1
vn 0 0 1
vn 0 0 1
vn 0 0 1
vn 0 0 1
vn 0 0 1
vn 0 0 1
vn 0 0 1
vn 0 0 1
vn 0 0 1
vn 0 0 1
vn 0 0 1
vn 0 0 1
vn 0 0 1
vn 0 0 1
vn 0 0 1
vn 0 0 1
vn 0 0 1
vn 0 0 1
vn 0 0 1
vn 0 0 1
vn 0 0 1
vn 0 0 1
vn 0 0 1
vn 0 0 1
vn 0 0 1
vn 0 0 1
vn 0 0 1
vn 0 0 1
vn 0 0 1
vn 0 0 1
vn 0 0 1
vn 0 0 1
vn 0 0 1
vn 0 0 1
vn 0 0 1
vn 0 0 1
vn 0 0 1
vn 0 0 1
vn 0 0 1
vn 0 0 1
vn 0 0 1
vn 0 0 1
vn 0 0 1
vn 0 0 1
vn 0 0 1
vn 0 0 1
vn 0 0 1
vn 0 0 1
vn 0 0 1
vn 0 0 1
vn 0 0 1
vn 0 0 1
vn 0 0 1
vn 0 0 1
vn 0 0 1
vn 0 0 1
vn 0 0 1
vn 0 0 1
vn 0 0 1
vn 0 0 1
vn 0 0 1
vn 0 0 1
vn 0 0 1
vn 0 0 1
vn 0 0 1
vn 0 0 1
vn 0 0 1
vn 0 0 1
vn 0 0 1
vn 0 0 1
vn 0 0 1
vn 0 0 1
vn 0 0 1
vn 0 0 1
vn 0 0 1
vn 0 0 1
vn 0 0 1
vn 0 0 1
vn 0 0 1
vn 0 0 1
vn 0 0 1
vn 0 0 1
vn 0 0 1
vn 0 0 1
vn 0 0 1
vn 0 0 1
vn 0 0 1
vn 0 0 1
vn 0 0 1
vn 0 0 1
vn 0 0 1
vn 0 0 1
vn 0 0 1
vn 0 0 1
vn 0 0 1
vn 0 0 1
vn 0 0 1
vn 0 0 1
vn 0 0 1
vn 0 0 1
vn 0 0 1
vn 0 0 1
vn 0 0 1
vn 0 0 1
vn 0 0 1
vn 0 0 1
vn 0 0 1
vn 0 0 1
vn 0 0 1
vn 0 0 1
vn 0 0 1
vn 0 0 1
vn 0 0 1
vn 0 0 1
vn 0 0 1
vn 0 0 1
vn 0 0 1
vn 0 0 1
vn 0 0 1
vn 0 0 1
vn 0 0 1
vn 0 0 1
vn 0 0 1
vn 0 0 1
vn 0 0 1
vn 0 0 1
vn 0 0 1
vn 0 0 1
vn 0 0 1
vn 0 0 1
vn 0 0 1
vn 0 0 1
vn 0 0 1
vn 0 0 1
vn 0 0 1
vn 0 0 1
vn 0 0 1
vn 0 0 1
vn 0 0 1
vn 0 0 1
vn 0 0 1
vn 0 0 1
vn 0 0 1
vn 0 0 1
vn 0 0 1
vn 0 0 1
vn 0 0 1
vn 0 0 1
vn 0 0 1
vn 0 0 1
vn 0 0 1
vn 0 0 1
vn 0 0 1
vn 0 0 1
vn 0 0 1
vn 0 0 1
vn 0 0 1
vn 0 0 1
vn 0 0 1
vn 0 0 1
vn 0 0 1
vn 0 0 1
vn 0 0 1
vn 0 0 1
vn 0 0 1
vn 0 0 1
vn 0 0 1
vn 0 0 1
vn 0 0 1
vn -0.70442629 0.06151073 0.70710677
vn -0.70442629 0.06151073 0.70710677
vn -0.70442629 0.06151073 0.70710677
vn -0.70442629 0.06151073 0.70710677
vn -0.70442629 0.06151073 0.70710677
vn -0.70442629 0.06151073 0.70710677
vn -0.70442629 0.06151073 0.70710677
vn -0.70442629 0.06151073 0.70710677
vn -0.70442629 0.06151073 0.70710677
vn -0.70442629 0.06151073 0.70710677
vn -0.70442629 0.06151073 0.70710677
vn -0.70442629 0.06151073 0.70710677
vn -0.70442629 0.06151073 0.70710677
vn -0.18331890 -0.68293059 0.70710677
vn -0.18331890 -0.68293059 0.70710677
vn -0.18331890 -0.68293059 0.70710677
vn -0.18331890 -0.68293059 0.70710677
vn -0.18331890 -0.68293059 0.70710677
vn -0.18331890 -0.68293059 0.70710677
vn -0.18331890 -0.68293059 0.70710677
vn -0.18331890 -0.68293059 0.70710677
vn -0.18331890 -0.68293059 0.70710677
vn -0.25925207 -0.96580970 -0.00000000
vn -0.25925207 -0.96580970 -0.00000000
vn -0.25925207 -0.96580970 -0.00000000
vn -0.25925207 -0.96580970 -0.00000000
vn -0.25925207 -0.96580970 -0.00000000
vn -0.18331890 -0.68293059 -0.70710677
vn -0.18331890 -0.68293059 -0.70710677
vn -0.18331890 -0.68293059 -0.70710677
vn -0.18331890 -0.68293059 -0.70710677
vn -0.18331890 -0.68293059 -0.70710677
vn -0.18331890 -0.68293059 -0.70710677
vn 0 0 -1
vn 0 0 -1
vn 0 0 -1
vn 0 0 -1
vn 0 0 -1
vn 0 0 -1
vn 0 0 -1
vn 0 0 -1
vn 0 0 -1
vn 0 0 -1
vn 0 0 -1
vn 0 0 -1
vn 0 0 -1
vn 0 0 -1
vn 0 0 -1
vn 0 0 -1
vn 0 0 -1
vn 0 0 -1
vn 0 0 -1
vn 0 0 -1
vn 0 0 -1
vn 0 0 -1
vn 0 0 -1
vn 0 0 -1
vn 0 0 -1
vn 0 0 -1
vn 0 0 -1
vn 0 0 -1
vn 0 0 -1
vn 0 0 -1
vn 0 0 -1
vn 0 0 -1
vn 0 0 -1
vn 0 0 -1
vn 0 0 -1
vn 0 0 -1
vn 0 0 -1
vn 0 0 -1
vn 0 0 -1
vn 0 0 -1
vn 0 0 -1
vn 0 0 -1
vn 0 0 -1
vn 0 0 -1
vn 0 0 -1
vn 0 0 -1
vn 0 0 -1
vn 0 0 -1
vn -0.70442629 0.06151073 -0.70710677
vn -0.70442629 0.06151073 -0.70710677
vn -0.70442629 0.06151073 -0.70710677
vn -0.70442629 0.06151073 -0.70710677
vn -0.70442629 0.06151073 -0.70710677
vn -0.70442629 0.06151073 -0.70710677
vn -0.99620926 0.08698931 0.00000000
vn -0.99620926 0.08698931 0.00000000
vn -0.99620926 0.08698931 0.00000000
vn -0.99620926 0.08698931 0.00000000
vn -0.99620926 0.08698931 0.00000000
vn -0.88840210 -0.45906609 -0.00000000
vn -0.88840210 -0.45906609 -0.00000000
vn -0.88840210 -0.45906609 -0.00000000
vn -0.88840210 -0.45906609 -0.00000000
vn -0.88840210 -0.45906609 -0.00000000
vn -0.88840210 -0.45906609 -0.00000000
vn -0.88840210 -0.45906609 -0.00000000
vn -0.88840210 -0.45906609 -0.00000000
vn -0.35734984 -0.61016482 0.70710677
vn -0.35734984 -0.61016482 0.70710677
vn -0.35734984 -0.61016482 0.70710677
vn -0.35734984 -0.61016482 0.70710677
vn -0.35734984 -0.61016482 0.70710677
vn -0.35734984 -0.61016482 0.70710677
vn -0.35734984 -0.61016482 0.70710677
vn -0.35734984 -0.61016482 0.70710677
vn -0.35734984 -0.61016482 0.70710677
vn -0.35734984 -0.61016482 0.70710677
vn -0.35734984 -0.61016482 0.70710677
vn -0.35734984 -0.61016482 0.70710677
vn -0.35734984 -0.61016482 -0.70710677
vn -0.35734984 -0.61016482 -0.70710677
vn -0.35734984 -0.61016482 -0.70710677
vn -0.35734984 -0.61016482 -0.70710677
vn -0.35734984 -0.61016482 -0.70710677
vn -0.35734984 -0.61016482 -0.70710677
vn -0.50536901 -0.86290336 -0.00000000
vn -0.50536901 -0.86290336 -0.00000000
vn -0.50536901 -0.86290336 -0.00000000
vn -0.50536901 -0.86290336 -0.00000000
vn -0.50536901 -0.86290336 -0.00000000
vn -0.06222802 -0.70436329 0.70710677
vn -0.06222802 -0.70436329 0.70710677
vn -0.06222802 -0.70436329 0.70710677
vn -0.06222802 -0.70436329 0.70710677
vn -0.06222802 -0.70436329 0.70710677
vn -0.06222802 -0.70436329 0.70710677
vn -0.06222802 -0.70436329 0.70710677
vn -0.06222802 -0.70436329 0.70710677
vn -0.06222802 -0.70436329 0.70710677
vn -0.06222802 -0.70436329 0.70710677
vn -0.06222802 -0.70436329 0.70710677
vn -0.06222802 -0.70436329 0.70710677
vn -0.06222802 -0.70436329 -0.70710677
vn -0.06222802 -0.70436329 -0.70710677
vn -0.06222802 -0.70436329 -0.70710677
vn -0.06222802 -0.70436329 -0.70710677
vn -0.06222802 -0.70436329 -0.70710677
vn -0.06222802 -0.70436329 -0.70710677
vn -0.30407149 -0.95264924 -0.00000000
vn -0.30407149 -0.95264924 -0.00000000
vn -0.30407149 -0.95264924 -0.00000000
vn -0.30407149 -0.95264924 -0.00000000
vn -0.30407149 -0.95264924 -0.00000000
vn -0.30407149 -0.95264924 -0.00000000
vn -0.08800370 -0.99612015 -0.00000000
vn -0.08800370 -0.99612015 -0.00000000
vn -0.08800370 -0.99612015 -0.00000000
vn -0.08800370 -0.99612015 -0.00000000
vn -0.08800370 -0.99612015 -0.00000000
vn -0.17428805 -0.98469472 -0.00000000
vn -0.17428805 -0.98469472 -0.00000000
vn -0.17428805 -0.98469472 -0.00000000
vn -0.17428805 -0.98469472 -0.00000000
vn -0.17428805 -0.98469472 -0.00000000
vn -0.17428805 -0.98469472 -0.00000000
vn -0.17428805 -0.98469472 -0.00000000
vn -0.17428805 -0.98469472 -0.00000000
f 1/1/1 2/2/2 3/3/3
f 3/3/3 4/4/4 1/1/1
f 4/4/4 5/5/5 1/1/1
f 5/5/5 6/6/6 1/1/1
f 6/6/6 7/7/7 1/1/1
f 7/7/7 8/8/8 1/1/1
f 8/8/8 9/9/9 1/1/1
f 9/9/9 10/10/10 1/1/1
f 10/10/10 11/11/11 1/1/1
f 11/11/11 12/12/12 1/1/1
f 12/12/12 13/13/13 1/1/1
f 13/13/13 14/14/14 1/1/1
f 14/14/14 15/15/15 1/1/1
f 15/15/15 16/16/16 1/1/1
f 16/16/16 17/17/17 1/1/1
f 17/17/17 18/18/18 1/1/1
f 18/18/18 19/19/19 1/1/1
f 19/19/19 20/20/20 1/1/1
f 20/20/20 21/21/21 1/1/1
f 21/21/21 22/22/22 1/1/1
f 22/22/22 23/23/23 1/1/1
f 23/23/23 24/24/24 1/1/1
f 24/24/24 25/25/25 1/1/1
f 25/25/25 26/26/26 1/1/1
f 26/26/26 27/27/27 1/1/1
f 27/27/27 28/28/28 1/1/1
f 28/28/28 29/29/29 1/1/1
f 29/29/29 30/30/30 1/1/1
f 30/30/30 31/31/31 1/1/1
f 31/31/31 32/32/32 1/1/1
f 32/32/32 33/33/33 1/1/1
f 33/33/33 34/34/34 1/1/1
f 34/34/34 35/35/35 1/1/1
f 35/35/35 36/36/36 1/1/1
f 36/36/36 37/37/37 1/1/1
f 37/37/37 38/38/38 1/1/1
f 38/38/38 39/39/39 1/1/1
f 39/39/39 40/40/40 1/1/1
f 40/40/40 41/41/41 1/1/1
f 41/41/41 42/42/42 1/1/1
f 42/42/42 43/43/43 1/1/1
f 43/43/43 44/44/44 1/1/1
f 44/44/44 45/45/45 1/1/1
f 45/45/45 46/46/46 1/1/1
f 46/46/46 47/47/47 1/1/1
f 47/47/47 48/48/48 1/1/1
f 48/48/48 49/49/49 1/1/1
f 49/49/49 50/50/50 1/1/1
f 50/50/50 51/51/51 1/1/1
f 51/51/51 52/52/52 1/1/1
f 52/52/52 53/53/53 1/1/1
f 53/53/53 54/54/54 1/1/1
f 54/54/54 55/55/55 1/1/1
f 55/55/55 56/56/56 1/1/1
f 56/56/56 57/57/57 1/1/1
f 57/57/57 58/58/58 1/1/1
f 58/58/58 59/59/59 1/1/1
f 59/59/59 60/60/60 1/1/1
f 60/60/60 61/61/61 1/1/1
f 61/61/61 62/62/62 1/1/1
f 62/62/62 63/63/63 1/1/1
f 63/63/63 64/64/64 1/1/1
f 64/64/64 65/65/65 1/1/1
f 65/65/65 66/66/66 1/1/1
f 66/66/66 67/67/67 1/1/1
f 67/67/67 68/68/68 1/1/1
f 68/68/68 69/69/69 1/1/1
f 69/69/69 70/70/70 1/1/1
f 70/70/70 71/71/71 1/1/1
f 71/71/71 72/72/72 1/1/1
f 72/72/72 73/73/73 1/1/1
f 73/73/73 2/2/2 1/1/1
f 74/74/74 73/75/75 72/76/76
f 75/77/77 72/76/76 71/78/78
f 76/79/79 71/78/78 70/80/80
f 77/81/81 70/80/80 69/82/82
f 78/83/83 69/82/82 68/84/84
f 79/85/85 68/84/84 67/86/86
f 80/87/87 67/86/86 66/88/88
f 81/89/89 66/88/88 65/90/90
f 82/91/91 65/90/90 64/92/92
f 83/93/93 64/92/92 63/94/94
f 84/95/95 63/94/94 62/96/96
f 85/97/97 62/96/96 61/98/98
f 86/99/99 61/98/98 60/100/100
f 87/101/101 60/100/100 59/102/102
f 88/103/103 59/102/102 58/104/104
f 89/105/105 58/104/104 57/106/106
f 90/107/107 57/106/106 56/108/108
f 91/109/109 56/108/108 55/110/110
f 92/111/111 55/110/110 54/112/112
f 93/113/113 54/112/112 53/114/114
f 94/115/115 53/114/114 52/116/116
f 95/117/117 52/116/116 51/118/118
f 96/119/119 51/118/118 50/120/120
f 97/121/121 50/120/120 49/122/122
f 98/123/123 49/122/122 48/124/124
f 99/125/125 48/124/124 47/126/126
f 100/127/127 47/126/126 46/128/128
f 101/129/129 46/128/128 45/130/130
f 102/131/131 45/130/130 44/132/132
f 103/133/133 44/132/132 43/134/134
f 104/135/135 43/134/134 42/136/136
f 105/137/137 42/136/136 41/138/138
f 106/139/139 41/138/138 40/140/140
f 107/141/141 40/140/140 39/142/142
f 108/143/143 39/142/142 38/144/144
f 109/145/145 38/144/144 37/146/146
f 110/147/147 37/146/146 36/148/148
f 111/149/149 36/148/148 35/150/150
f 112/151/151 35/150/150 34/152/152
f 113/153/153 34/152/152 33/154/154
f 114/155/155 33/154/154 32/156/156
f 115/157/157 32/156/156 31/158/158
f 116/159/159 31/158/158 30/160/160
f 117/161/161 30/160/160 29/162/162
f 118/163/163 29/162/162 28/164/164
f 119/165/165 28/164/164 27/166/166
f 120/167/167 27/166/166 26/168/168
f 121/169/169 26/168/168 25/170/170
f 122/171/171 25/170/170 24/172/172
f 123/173/173 24/172/172 23/174/174
f 124/175/175 23/174/174 22/176/176
f 125/177/177 22/176/176 21/178/178
f 126/179/179 21/178/178 20/180/180
f 127/181/181 20/180/180 19/182/182
f 128/183/183 19/182/182 18/184/184
f 129/185/185 18/184/184 17/186/186
f 130/187/187 17/186/186 16/188/188
f 131/189/189 16/188/188 15/190/190
f 132/191/191 15/190/190 14/192/192
f 133/193/193 14/192/192 13/194/194
f 134/195/195 13/194/194 12/196/196
f 135/197/197 12/196/196 11/198/198
f 136/199/199 11/198/198 10/200/200
f 137/201/201 10/200/200 9/202/202
f 138/203/203 9/202/202 8/204/204
f 139/205/205 8/204/204 7/206/206
f 140/207/207 7/206/206 6/208/208
f 141/209/209 6/208/208 5/210/210
f 142/211/211 5/210/210 4/212/212
f 143/213/213 4/212/212 3/214/214
f 144/215/215 3/214/214 2/216/216
f 145/217/217 2/216/216 73/75/75
f 73/75/75 74/74/74 145/217/217
f 2/216/216 145/217/217 144/215/215
f 3/214/214 144/215/215 143/213/213
f 4/212/212 143/213/213 142/211/211
f 5/210/210 142/211/211 141/209/209
f 6/208/208 141/209/209 140/207/207
f 7/206/206 140/207/207 139/205/205
f 8/204/204 139/205/205 138/203/203
f 9/202/202 138/203/203 137/201/201
f 10/200/200 137/201/201 136/199/199
f 11/198/198 136/199/199 135/197/197
f 12/196/196 135/197/197 134/195/195
f 13/194/194 134/195/195 133/193/193
f 14/192/192 133/193/193 132/191/191
f 15/190/190 132/191/191 131/189/189
f 16/188/188 131/189/189 130/187/187
f 17/186/186 130/187/187 129/185/185
f 18/184/184 129/185/185 128/183/183
f 19/182/182 128/183/183 127/181/181
f 20/180/180 127/181/181 126/179/179
f 21/178/178 126/179/179 125/177/177
f 22/176/176 125/177/177 124/175/175
f 23/174/174 124/175/175 123/173/173
f 24/172/172 123/173/173 122/171/171
f 25/170/170 122/171/171 121/169/169
f 26/168/168 121/169/169 120/167/167
f 27/166/166 120/167/167 119/165/165
f 28/164/164 119/165/165 118/163/163
f 29/162/162 118/163/163 117/161/161
f 30/160/160 117/161/161 116/159/159
f 31/158/158 116/159/159 115/157/157
f 32/156/156 115/157/157 114/155/155
f 33/154/154 114/155/155 113/153/153
f 34/152/152 113/153/153 112/151/151
f 35/150/150 112/151/151 111/149/149
f 36/148/148 111/149/149 110/147/147
f 37/146/146 110/147/147 109/145/145
f 38/144/144 109/145/145 108/143/143
f 39/142/142 108/143/143 107/141/141
f 40/140/140 107/141/141 106/139/139
f 41/138/138 106/139/139 105/137/137
f 42/136/136 105/137/137 104/135/135
f 43/134/134 104/135/135 103/133/133
f 44/132/132 103/133/133 102/131/131
f 45/130/130 102/131/131 101/129/129
f 46/128/128 101/129/129 100/127/127
f 47/126/126 100/127/127 99/125/125
f 48/124/124 99/125/125 98/123/123
f 49/122/122 98/123/123 97/121/121
f 50/120/120 97/121/121 96/119/119
f 51/118/118 96/119/119 95/117/117
f 52/116/116 95/117/117 94/115/115
f 53/114/114 94/115/115 93/113/113
f 54/112/112 93/113/113 92/111/111
f 55/110/110 92/111/111 91/109/109
f 56/108/108 91/109/109 90/107/107
f 57/106/106 90/107/107 89/105/105
f 58/104/104 89/105/105 88/103/103
f 59/102/102 88/103/103 87/101/101
f 60/100/100 87/101/101 86/99/99
f 61/98/98 86/99/99 85/97/97
f 62/96/96 85/97/97 84/95/95
f 63/94/94 84/95/95 83/93/93
f 64/92/92 83/93/93 82/91/91
f 65/90/90 82/91/91 81/89/89
f 66/88/88 81/89/89 80/87/87
f 67/86/86 80/87/87 79/85/85
f 68/84/84 79/85/85 78/83/83
f 69/82/82 78/83/83 77/81/81
f 70/80/80 77/81/81 76/79/79
f 71/78/78 76/79/79 75/77/77
f 72/76/76 75/77/77 74/74/74
f 146/218/218 74/219/219 75/220/220
f 147/221/221 75/220/220 76/222/222
f 148/223/223 76/222/222 77/224/224
f 149/225/225 77/224/224 78/226/226
f 150/227/227 78/226/226 79/228/228
f 151/229/229 79/228/228 80/230/230
f 152/231/231 80/230/230 81/232/232
f 153/233/233 81/232/232 82/234/234
f 154/235/235 82/234/234 83/236/236
f 155/237/237 83/236/236 84/238/238
f 156/239/239 84/238/238 85/240/240
f 157/241/241 85/240/240 86/242/242
f 158/243/243 86/242/242 87/244/244
f 159/245/245 87/244/244 88/246/246
f 160/247/247 88/246/246 89/248/248
f 161/249/249 89/248/248 90/250/250
f 162/251/251 90/250/250 91/252/252
f 163/253/253 91/252/252 92/254/254
f 164/255/255 92/254/254 93/256/256
f 165/257/257 93/256/256 94/258/258
f 166/259/259 94/258/258 95/260/260
f 167/261/261 95/260/260 96/262/262
f 168/263/263 96/262/262 97/264/264
f 169/265/265 97/264/264 98/266/266
f 170/267/267 98/266/266 99/268/268
f 171/269/269 99/268/268 100/270/270
f 172/271/271 100/270/270 101/272/272
f 173/273/273 101/272/272 102/274/274
f 174/275/275 102/274/274 103/276/276
f 175/277/277 103/276/276 104/278/278
f 176/279/279 104/278/278 105/280/280
f 177/281/281 105/280/280 106/282/282
f 178/283/283 106/282/282 107/284/284
f 179/285/285 107/284/284 108/286/286
f 180/287/287 108/286/286 109/288/288
f 181/289/289 109/288/288 110/290/290
f 182/291/291 110/290/290 111/292/292
f 183/293/293 111/292/292 112/294/294
f 184/295/295 112/294/294 113/296/296
f 185/297/297 113/296/296 114/298/298
f 186/299/299 114/298/298 115/300/300
f 187/301/301 115/300/300 116/302/302
f 188/303/303 116/302/302 117/304/304
f 189/305/305 117/304/304 118/306/306
f 190/307/307 118/306/306 119/308/308
f 191/309/309 119/308/308 120/310/310
f 192/311/311 120/310/310 121/312/312
f 193/313/313 121/312/312 122/314/314
f 194/315/315 122/314/314 123/316/316
f 195/317/317 123/316/316 124/318/318
f 196/319/319 124/318/318 125/320/320
f 197/321/321 125/320/320 126/322/322
f 198/323/323 126/322/322 127/324/324
f 199/325/325 127/324/324 128/326/326
f 200/327/327 128/326/326 129/328/328
f 201/329/329 129/328/328 130/330/330
f 202/331/331 130/330/330 131/332/332
f 203/333/333 131/332/332 132/334/334
f 204/335/335 132/334/334 133/336/336
f 205/337/337 133/336/336 134/338/338
f 206/339/339 134/338/338 135/340/340
f 207/341/341 135/340/340 136/342/342
f 208/343/343 136/342/342 137/344/344
f 209/345/345 137/344/344 138/346/346
f 210/347/347 138/346/346 139/348/348
f 211/349/349 139/348/348 140/350/350
f 212/351/351 140/350/350 141/352/352
f 213/353/353 141/352/352 142/354/354
f 214/355/355 142/354/354 143/356/356
f 215/357/357 143/356/356 144/358/358
f 216/359/359 144/358/358 145/360/360
f 217/361/361 145/360/360 74/219/219
f 74/219/219 146/218/218 217/361/361
f 145/360/360 217/361/361 216/359/359
f 144/358/358 216/359/359 215/357/357
f 143/356/356 215/357/357 214/355/355
f 142/354/354 214/355/355 213/353/353
f 141/352/352 213/353/353 212/351/351
f 140/350/350 212/351/351 211/349/349
f 139/348/348 211/349/349 210/347/347
f 138/346/346 210/347/347 209/345/345
f 137/344/344 209/345/345 208/343/343
f 136/342/342 208/343/343 207/341/341
f 135/340/340 207/341/341 206/339/339
f 134/338/338 206/339/339 205/337/337
f 133/336/336 205/337/337 204/335/335
f 132/334/334 204/335/335 203/333/333
f 131/332/332 203/333/333 202/331/331
f 130/330/330 202/331/331 201/329/329
f 129/328/328 201/329/329 200/327/327
f 128/326/326 200/327/327 199/325/325
f 127/324/324 199/325/325 198/323/323
f 126/322/322 198/323/323 197/321/321
f 125/320/320 197/321/321 196/319/319
f 124/318/318 196/319/319 195/317/317
f 123/316/316 195/317/317 194/315/315
f 122/314/314 194/315/315 193/313/313
f 121/312/312 193/313/313 192/311/311
f 120/310/310 192/311/311 191/309/309
f 119/308/308 191/309/309 190/307/307
f 118/306/306 190/307/307 189/305/305
f 117/304/304 189/305/305 188/303/303
f 116/302/302 188/303/303 187/301/301
f 115/300/300 187/301/301 186/299/299
f 114/298/298 186/299/299 185/297/297
f 113/296/296 185/297/297 184/295/295
f 112/294/294 184/295/295 183/293/293
f 111/292/292 183/293/293 182/291/291
f 110/290/290 182/291/291 181/289/289
f 109/288/288 181/289/289 180/287/287
f 108/286/286 180/287/287 179/285/285
f 107/284/284 179/285/285 178/283/283
f 106/282/282 178/283/283 177/281/281
f 105/280/280 177/281/281 176/279/279
f 104/278/278 176/279/279 175/277/277
f 103/276/276 175/277/277 174/275/275
f 102/274/274 174/275/275 173/273/273
f 101/272/272 173/273/273 172/271/271
f 100/270/270 172/271/271 171/269/269
f 99/268/268 171/269/269 170/267/267
f 98/266/266 170/267/267 169/265/265
f 97/264/264 169/265/265 168/263/263
f 96/262/262 168/263/263 167/261/261
f 95/260/260 167/261/261 166/259/259
f 94/258/258 166/259/259 165/257/257
f 93/256/256 165/257/257 164/255/255
f 92/254/254 164/255/255 163/253/253
f 91/252/252 163/253/253 162/251/251
f 90/250/250 162/251/251 161/249/249
f 89/248/248 161/249/249 160/247/247
f 88/246/246 160/247/247 159/245/245
f 87/244/244 159/245/245 158/243/243
f 86/242/242 158/243/243 157/241/241
f 85/240/240 157/241/241 156/239/239
f 84/238/238 156/239/239 155/237/237
f 83/236/236 155/237/237 154/235/235
f 82/234/234 154/235/235 153/233/233
f 81/232/232 153/233/233 152/231/231
f 80/230/230 152/231/231 151/229/229
f 79/228/228 151/229/229 150/227/227
f 78/226/226 150/227/227 149/225/225
f 77/224/224 149/225/225 148/223/223
f 76/222/222 148/223/223 147/221/221
f 75/220/220 147/221/221 146/218/218
f 218/362/362 219/363/363 220/364/364
f 221/365/365 222/366/366 223/367/367
f 222/366/366 224/368/368 225/369/369
f 224/368/368 226/370/370 227/371/371
f 228/372/372 229/373/373 226/370/370
f 230/374/374 231/375/375 229/373/373
f 225/369/369 227/371/371 231/375/375
f 226/370/370 224/368/368 228/372/372
f 231/375/375 230/374/374 225/369/369
f 229/373/373 228/372/372 230/374/374
f 228/372/372 232/376/376 233/377/377
f 234/378/378 235/379/379 236/380/380
f 237/381/381 238/382/382 239/383/383
f 240/384/384 241/385/385 242/386/386
f 243/387/387 220/364/364 244/388/388
f 245/389/389 246/390/390 247/391/391
f 246/390/390 223/367/367 248/392/392
f 223/367/367 225/369/369 249/393/393
f 225/369/369 230/374/374 250/394/394
f 230/374/374 233/377/377 251/395/395
f 252/396/396 236/380/380 253/397/397
f 254/398/398 255/399/399 256/400/400
f 255/399/399 257/401/401 258/402/402
f 259/403/403 260/404/404 261/405/405
f 260/404/404 262/406/406 263/407/407
f 262/406/406 264/408/408 265/409/409
f 266/410/410 267/411/411 268/412/412
f 269/413/413 239/383/383 270/414/414
f 239/383/383 271/415/415 272/416/416
f 271/415/415 273/417/417 274/418/418
f 273/417/417 242/386/386 275/419/419
f 242/386/386 276/420/420 277/421/421
f 278/422/422 279/423/423 280/424/424
f 281/425/425 244/388/388 282/426/426
f 283/427/427 247/391/391 284/428/428
f 247/391/391 248/392/392 285/429/429
f 250/394/394 251/395/395 286/430/430
f 287/431/431 253/397/397 288/432/432
f 289/433/433 256/400/400 290/434/434
f 256/400/400 258/402/402 291/435/435
f 292/436/436 261/405/405 293/437/437
f 261/405/405 263/407/407 294/438/438
f 263/407/407 265/409/409 295/439/439
f 296/440/440 268/412/412 297/441/441
f 298/442/442 270/414/414 299/443/443
f 270/414/414 272/416/416 300/444/444
f 272/416/416 274/418/418 301/445/445
f 274/418/418 302/446/446 303/447/447
f 302/446/446 300/444/444 304/448/448
f 300/444/444 272/416/416 305/449/449
f 303/447/447 301/445/445 274/418/418
f 305/449/449 304/448/448 300/444/444
f 304/448/448 303/447/447 302/446/446
f 274/418/418 275/419/419 306/450/450
f 307/451/451 280/424/424 308/452/452
f 309/453/453 282/426/426 310/454/454
f 311/455/455 284/428/428 312/456/456
f 284/428/428 285/429/429 313/457/457
f 285/429/429 314/458/458 315/459/459
f 314/458/458 316/460/460 317/461/461
f 316/460/460 286/430/430 318/462/462
f 319/463/463 288/432/432 320/464/464
f 321/465/465 290/434/434 322/466/466
f 290/434/434 291/435/435 323/467/467
f 324/468/468 293/437/437 325/469/469
f 293/437/437 294/438/438 326/470/470
f 294/438/438 295/439/439 327/471/471
f 328/472/472 297/441/441 329/473/473
f 330/474/474 299/443/443 331/475/475
f 299/443/443 300/444/444 332/476/476
f 300/444/444 302/446/446 333/477/477
f 302/446/446 306/450/450 334/478/478
f 306/450/450 335/479/479 336/480/480
f 337/481/481 308/452/452 338/482/482
f 339/483/483 312/456/456 340/484/484
f 341/485/485 322/466/466 342/486/486
f 326/470/470 327/471/471 343/487/487
f 331/475/475 332/476/476 344/488/488
f 334/478/478 336/480/480 345/489/489
f 346/490/490 338/482/482 347/491/491
f 348/492/492 340/484/484 349/493/493
f 350/494/494 351/495/495 352/496/496
f 351/495/495 353/497/497 354/498/498
f 355/499/499 343/487/487 356/500/500
f 357/501/501 358/502/502 359/503/503
f 358/502/502 360/504/504 361/505/505
f 360/504/504 344/488/488 362/506/506
f 363/507/507 364/508/508 365/509/509
f 364/508/508 345/489/489 366/510/510
f 367/511/511 368/512/512 369/513/513
f 370/514/514 371/515/515 368/512/512
f 372/516/516 373/517/517 371/515/515
f 374/518/518 375/519/519 376/520/520
f 338/482/482 377/521/521 378/522/522
f 377/521/521 379/523/523 380/524/524
f 380/524/524 379/523/523 381/525/525
f 380/524/524 378/522/522 377/521/521
f 381/525/525 347/491/491 382/526/526
f 381/525/525 382/526/526 380/524/524
f 347/491/491 338/482/482 383/527/527
f 383/527/527 382/526/526 347/491/491
f 347/491/491 381/525/525 384/528/528
f 385/529/529 386/530/530 387/531/531
f 366/510/510 385/529/529 388/532/532
f 365/509/509 366/510/510 389/533/533
f 389/533/533 390/534/534 365/509/509
f 361/505/505 362/506/506 391/535/535
f 392/536/536 393/537/537 394/538/538
f 395/539/539 396/540/540 397/541/541
f 398/542/542 399/543/543 400/544/544
f 349/493/493 401/545/545 402/546/546
f 403/547/547 404/548/548 405/549/549
f 403/547/547 402/546/546 404/548/548
f 406/550/550 405/549/549 407/551/551
f 408/552/552 409/553/553 410/554/554
f 411/555/555 412/556/556 413/557/557
f 414/558/558 413/557/557 415/559/559
f 222/366/366 416/560/560 417/561/561
f 374/518/518 418/562/562 419/563/563
f 374/518/518 420/564/564 418/562/562
f 260/404/404 259/403/403 421/565/565
f 421/565/565 422/566/566 260/404/404
f 366/510/510 423/567/567 424/568/568
f 425/569/569 426/570/570 427/571/571
f 425/569/569 428/572/572 429/573/573
f 385/529/529 430/574/574 431/575/575
f 366/510/510 432/576/576 433/577/577
f 366/510/510 434/578/578 435/579/579
f 424/568/568 436/580/580 366/510/510
f 345/489/489 427/571/571 437/581/581
f 429/573/573 426/570/570 425/569/569
f 425/569/569 438/582/582 439/583/583
f 385/529/529 440/584/584 430/574/574
f 433/577/577 385/529/529 366/510/510
f 436/580/580 434/578/578 366/510/510
f 366/510/510 441/585/585 442/586/586
f 366/510/510 443/587/587 444/588/588
f 366/510/510 345/489/489 445/589/589
f 345/489/489 446/590/590 447/591/591
f 345/489/489 448/592/592 449/593/593
f 427/571/571 345/489/489 425/569/569
f 425/569/569 450/594/594 451/595/595
f 425/569/569 452/596/596 438/582/582
f 425/569/569 453/597/597 454/598/598
f 385/529/529 455/599/599 456/600/600
f 385/529/529 457/601/601 458/602/602
f 385/529/529 459/603/603 460/604/604
f 433/577/577 440/584/584 385/529/529
f 366/510/510 461/605/605 462/606/606
f 366/510/510 463/607/607 423/567/567
f 444/588/588 441/585/585 366/510/510
f 447/591/591 445/589/589 345/489/489
f 345/489/489 464/608/608 448/592/592
f 451/595/595 428/572/572 425/569/569
f 454/598/598 452/596/596 425/569/569
f 385/529/529 465/609/609 466/610/610
f 458/602/602 455/599/599 385/529/529
f 431/575/575 459/603/603 385/529/529
f 462/606/606 467/611/611 366/510/510
f 442/586/586 463/607/607 366/510/510
f 445/589/589 468/612/612 366/510/510
f 345/489/489 469/613/613 464/608/608
f 439/583/583 450/594/594 425/569/569
f 456/600/600 465/609/609 385/529/529
f 467/611/611 432/576/576 366/510/510
f 366/510/510 470/614/614 471/615/615
f 468/612/612 443/587/587 366/510/510
f 345/489/489 472/616/616 473/617/617
f 437/581/581 469/613/613 345/489/489
f 425/569/569 474/618/618 475/619/619
f 460/604/604 457/601/601 385/529/529
f 435/579/579 470/614/614 366/510/510
f 345/489/489 476/620/620 472/616/616
f 475/619/619 453/597/597 425/569/569
f 425/569/569 477/621/621 478/622/622
f 471/615/615 461/605/605 366/510/510
f 345/489/489 479/623/623 480/624/624
f 449/593/593 476/620/620 345/489/489
f 425/569/569 481/625/625 477/621/621
f 480/624/624 446/590/590 345/489/489
f 478/622/622 474/618/618 425/569/569
f 473/617/617 479/623/623 345/489/489
f 386/530/530 385/529/529 482/626/626
f 347/491/491 483/627/627 484/628/628
f 386/530/530 485/629/629 486/630/630
f 386/530/530 487/631/631 488/632/632
f 482/626/626 489/633/633 386/530/530
f 347/491/491 490/634/634 483/627/627
f 386/530/530 491/635/635 492/636/636
f 488/632/632 485/629/629 386/530/530
f 489/633/633 493/637/637 386/530/530
f 347/491/491 494/638/638 481/625/625
f 484/628/628 495/639/639 347/491/491
f 492/636/636 347/491/491 386/530/530
f 493/637/637 487/631/631 386/530/530
f 495/639/639 494/638/638 347/491/491
f 486/630/630 491/635/635 386/530/530
f 492/636/636 490/634/634 347/491/491
f 395/539/539 496/640/640 497/641/641
f 395/539/539 498/642/642 499/643/643
f 500/644/644 501/645/645 498/642/642
f 499/643/643 496/640/640 395/539/539
f 500/644/644 502/646/646 501/645/645
f 395/539/539 503/647/647 504/648/648
f 498/642/642 395/539/539 500/644/644
f 500/644/644 505/649/649 506/650/650
f 500/644/644 507/651/651 508/652/652
f 497/641/641 503/647/647 395/539/539
f 508/652/652 505/649/649 500/644/644
f 506/650/650 502/646/646 500/644/644
f 398/542/542 509/653/653 510/654/654
f 398/542/542 511/655/655 512/656/656
f 398/542/542 513/657/657 514/658/658
f 510/654/654 399/543/543 398/542/542
f 398/542/542 515/659/659 511/655/655
f 398/542/542 516/660/660 513/657/657
f 399/543/543 517/661/661 518/662/662
f 399/543/543 519/663/663 520/664/664
f 512/656/656 509/653/653 398/542/542
f 398/542/542 521/665/665 516/660/660
f 520/664/664 517/661/661 399/543/543
f 514/658/658 515/659/659 398/542/542
f 510/654/654 519/663/663 399/543/543
f 398/542/542 522/666/666 523/667/667
f 523/667/667 521/665/665 398/542/542
f 522/666/666 524/668/668 525/669/669
f 522/666/666 526/670/670 527/671/671
f 528/672/672 529/673/673 530/674/674
f 527/671/671 524/668/668 522/666/666
f 530/674/674 522/666/666 528/672/672
f 531/675/675 532/676/676 533/677/677
f 534/678/678 535/679/679 531/675/675
f 522/666/666 536/680/680 537/681/681
f 530/674/674 526/670/670 522/666/666
f 528/672/672 538/682/682 539/683/683
f 528/672/672 540/684/684 541/685/685
f 528/672/672 542/686/686 543/687/687
f 542/686/686 544/688/688 545/689/689
f 531/675/675 546/690/690 532/676/676
f 531/675/675 547/691/691 534/678/678
f 399/543/543 548/692/692 549/693/693
f 522/666/666 550/694/694 551/695/695
f 525/669/669 536/680/680 522/666/666
f 528/672/672 552/696/696 553/697/697
f 528/672/672 554/698/698 538/682/682
f 528/672/672 555/699/699 556/700/700
f 528/672/672 557/701/701 558/702/702
f 541/685/685 559/703/703 528/672/672
f 545/689/689 543/687/687 542/686/686
f 531/675/675 560/704/704 561/705/705
f 535/679/679 546/690/690 531/675/675
f 547/691/691 549/693/693 562/706/706
f 399/543/543 563/707/707 548/692/692
f 399/543/543 564/708/708 565/709/709
f 522/666/666 566/710/710 550/694/694
f 553/697/697 529/673/673 528/672/672
f 556/700/700 554/698/698 528/672/672
f 558/702/702 567/711/711 528/672/672
f 543/687/687 540/684/684 528/672/672
f 561/705/705 568/712/712 531/675/675
f 533/677/677 569/713/713 531/675/675
f 547/691/691 570/714/714 571/715/715
f 549/693/693 547/691/691 399/543/543
f 399/543/543 572/716/716 564/708/708
f 537/681/681 566/710/710 522/666/666
f 567/711/711 555/699/699 528/672/672
f 542/686/686 573/717/717 544/688/688
f 542/686/686 531/675/675 574/718/718
f 569/713/713 560/704/704 531/675/675
f 571/715/715 575/719/719 547/691/691
f 399/543/543 576/720/720 563/707/707
f 399/543/543 577/721/721 572/716/716
f 399/543/543 578/722/722 579/723/723
f 522/666/666 580/724/724 581/725/725
f 539/683/683 552/696/696 528/672/672
f 574/718/718 573/717/717 542/686/686
f 575/719/719 534/678/678 547/691/691
f 565/709/709 576/720/720 399/543/543
f 399/543/543 582/726/726 583/727/727
f 579/723/723 584/728/728 399/543/543
f 581/725/725 585/729/729 522/666/666
f 559/703/703 557/701/701 528/672/672
f 562/706/706 570/714/714 547/691/691
f 584/728/728 582/726/726 399/543/543
f 542/686/686 586/730/730 587/731/731
f 551/695/695 580/724/724 522/666/666
f 588/732/732 589/733/733 587/731/731
f 583/727/727 577/721/721 399/543/543
f 585/729/729 523/667/667 522/666/666
f 586/730/730 590/734/734 588/732/732
f 588/732/732 399/543/543 547/691/691
f 587/731/731 531/675/675 542/686/686
f 547/691/691 589/733/733 588/732/732
f 587/731/731 586/730/730 588/732/732
f 591/735/735 592/736/736 593/737/737
f 591/735/735 594/738/738 595/739/739
f 595/739/739 592/736/736 591/735/735
f 596/740/740 597/741/741 598/742/742
f 596/740/740 599/743/743 600/744/744
f 598/742/742 601/745/745 596/740/740
f 602/746/746 603/747/747 596/740/740
f 604/748/748 605/749/749 606/750/750
f 601/745/745 599/743/743 596/740/740
f 596/740/740 607/751/751 608/752/752
f 596/740/740 604/748/748 602/746/746
f 605/749/749 609/753/753 606/750/750
f 596/740/740 610/754/754 597/741/741
f 603/747/747 607/751/751 596/740/740
f 606/750/750 611/755/755 604/748/748
f 608/752/752 610/754/754 596/740/740
f 611/755/755 612/756/756 604/748/748
f 605/749/749 613/757/757 614/758/758
f 605/749/749 591/735/735 615/759/759
f 612/756/756 602/746/746 604/748/748
f 605/749/749 616/760/760 617/761/761
f 605/749/749 618/762/762 613/757/757
f 615/759/759 619/763/763 605/749/749
f 617/761/761 609/753/753 605/749/749
f 619/763/763 618/762/762 605/749/749
f 614/758/758 616/760/760 605/749/749
f 620/764/764 621/765/765 622/766/766
f 620/764/764 623/767/767 621/765/765
f 620/764/764 600/744/744 623/767/767
f 594/738/738 624/768/768 625/769/769
f 625/769/769 626/770/770 594/738/738
f 594/738/738 627/771/771 628/772/772
f 348/492/492 629/773/773 630/774/774
f 348/492/492 631/775/775 632/776/776
f 403/547/547 633/777/777 634/778/778
f 403/547/547 635/779/779 636/780/780
f 403/547/547 637/781/781 638/782/782
f 406/550/550 639/783/783 640/784/784
f 626/770/770 641/785/785 594/738/738
f 594/738/738 642/786/786 643/787/787
f 594/738/738 630/774/774 627/771/771
f 348/492/492 644/788/788 629/773/773
f 348/492/492 645/789/789 646/790/790
f 348/492/492 647/791/791 648/792/792
f 348/492/492 649/793/793 631/775/775
f 348/492/492 403/547/547 650/794/794
f 636/780/780 633/777/777 403/547/547
f 638/782/782 651/795/795 403/547/547
f 403/547/547 406/550/550 652/796/796
f 406/550/550 653/797/797 639/783/783
f 406/550/550 654/798/798 655/799/799
f 643/787/787 624/768/768 594/738/738
f 630/774/774 594/738/738 348/492/492
f 648/792/792 645/789/789 348/492/492
f 632/776/776 656/800/800 348/492/492
f 650/794/794 657/801/801 348/492/492
f 651/795/795 635/779/779 403/547/547
f 403/547/547 658/802/802 659/803/803
f 403/547/547 660/804/804 661/805/805
f 652/796/796 662/806/806 403/547/547
f 655/799/799 653/797/797 406/550/550
f 406/550/550 622/766/766 663/807/807
f 628/772/772 642/786/786 594/738/738
f 348/492/492 664/808/808 665/809/809
f 656/800/800 647/791/791 348/492/492
f 634/778/778 650/794/794 403/547/547
f 403/547/547 666/810/810 667/811/811
f 661/805/805 658/802/802 403/547/547
f 640/784/784 652/796/796 406/550/550
f 663/807/807 668/812/812 406/550/550
f 665/809/809 644/788/788 348/492/492
f 657/801/801 649/793/793 348/492/492
f 659/803/803 666/810/810 403/547/547
f 668/812/812 654/798/798 406/550/550
f 646/790/790 664/808/808 348/492/492
f 662/806/806 660/804/804 403/547/547
f 667/811/811 637/781/781 403/547/547
f 669/813/813 248/392/392 249/393/393
f 249/393/393 670/814/814 669/813/813
f 669/813/813 285/429/429 248/392/392
f 316/460/460 671/815/815 672/816/816
f 314/458/458 669/813/813 671/815/815
f 250/394/394 672/816/816 670/814/814
f 671/815/815 316/460/460 314/458/458
f 672/816/816 250/394/394 316/460/460
f 673/817/817 674/818/818 675/819/819
f 676/820/820 221/365/365 677/821/821
f 222/366/366 221/365/365 676/820/820
f 676/820/820 673/817/817 222/366/366
f 673/817/817 416/560/560 222/366/366
f 678/822/822 313/457/457 315/459/459
f 312/456/456 678/822/822 679/823/823
f 679/823/823 340/484/484 312/456/456
f 312/456/456 313/457/457 678/822/822
f 679/823/823 680/824/824 681/825/825
f 396/540/540 356/500/500 682/826/826
f 682/826/826 397/541/541 396/540/540
f 392/536/536 683/827/827 684/828/828
f 683/827/827 685/829/829 686/830/830
f 686/830/830 684/828/828 683/827/827
f 356/500/500 392/536/536 687/831/831
f 685/829/829 682/826/826 686/830/830
f 684/828/828 687/831/831 392/536/536
f 688/832/832 352/496/496 689/833/833
f 689/833/833 690/834/834 688/832/832
f 690/834/834 691/835/835 688/832/832
f 352/496/496 354/498/498 692/836/836
f 354/498/498 693/837/837 694/838/838
f 694/838/838 692/836/836 354/498/498
f 695/839/839 690/834/834 694/838/838
f 694/838/838 693/837/837 695/839/839
f 696/840/840 253/397/397 236/380/380
f 289/433/433 697/841/841 698/842/842
f 699/843/843 700/844/844 209/845/845
f 700/844/844 201/846/846 202/847/847
f 199/848/848 200/849/849 700/844/844
f 220/364/364 189/850/850 190/851/851
f 209/845/845 210/852/852 699/843/843
f 700/844/844 207/853/853 208/854/854
f 700/844/844 200/849/849 201/846/846
f 220/364/364 198/855/855 199/848/848
f 220/364/364 195/856/856 196/857/857
f 220/364/364 193/858/858 194/859/859
f 220/364/364 191/860/860 192/861/861
f 220/364/364 188/862/862 189/850/850
f 208/854/854 209/845/845 700/844/844
f 700/844/844 205/863/863 206/864/864
f 700/844/844 220/364/364 199/848/848
f 196/857/857 197/865/865 220/364/364
f 192/861/861 193/858/858 220/364/364
f 220/364/364 187/866/866 188/862/862
f 219/363/363 183/867/867 184/868/868
f 206/864/864 207/853/853 700/844/844
f 700/844/844 203/869/869 204/870/870
f 197/865/865 198/855/855 220/364/364
f 190/851/851 191/860/860 220/364/364
f 220/364/364 185/871/871 186/872/872
f 184/868/868 220/364/364 219/363/363
f 204/870/870 205/863/863 700/844/844
f 194/859/859 195/856/856 220/364/364
f 184/868/868 185/871/871 220/364/364
f 699/843/843 211/873/873 212/874/874
f 202/847/847 203/869/869 700/844/844
f 219/363/363 182/875/875 183/867/867
f 212/874/874 213/876/876 699/843/843
f 186/872/872 187/866/866 220/364/364
f 217/877/877 146/878/878 677/821/821
f 215/879/879 701/880/880 699/843/843
f 245/389/389 220/364/364 700/844/844
f 210/852/852 211/873/873 699/843/843
f 701/880/880 216/881/881 217/877/877
f 699/843/843 214/882/882 215/879/879
f 213/876/876 214/882/882 699/843/843
f 215/879/879 216/881/881 701/880/880
f 677/821/821 701/880/880 217/877/877
f 246/390/390 245/389/389 702/883/883
f 702/883/883 701/880/880 246/390/390
f 701/880/880 221/365/365 246/390/390
f 411/555/555 414/558/558 703/884/884
f 703/884/884 281/425/425 411/555/555
f 704/885/885 705/886/886 706/887/887
f 706/887/887 414/558/558 704/885/885
f 218/362/362 707/888/888 705/886/886
f 705/886/886 704/885/885 218/362/362
f 243/387/387 703/884/884 707/888/888
f 707/888/888 218/362/362 243/387/387
f 708/889/889 709/890/890 271/415/415
f 239/383/383 238/382/382 708/889/889
f 238/382/382 710/891/891 708/889/889
f 240/384/384 273/417/417 711/892/892
f 273/417/417 271/415/415 709/890/890
f 710/891/891 240/384/384 712/893/893
f 709/890/890 711/892/892 273/417/417
f 711/892/892 712/893/893 240/384/384
f 713/894/894 714/895/895 266/410/410
f 715/896/896 265/409/409 264/408/408
f 716/897/897 328/472/472 717/898/898
f 715/896/896 713/894/894 716/897/897
f 716/897/897 718/899/899 715/896/896
f 718/899/899 265/409/409 715/896/896
f 713/894/894 296/440/440 716/897/897
f 296/440/440 328/472/472 716/897/897
f 719/900/900 327/471/471 295/439/439
f 720/901/901 329/473/473 357/501/501
f 357/501/501 721/902/902 720/901/901
f 722/903/903 720/901/901 723/904/904
f 723/904/904 327/471/471 719/900/900
f 343/487/487 327/471/471 723/904/904
f 723/904/904 719/900/900 722/903/903
f 722/903/903 717/898/898 720/901/901
f 392/536/536 356/500/500 724/905/905
f 356/500/500 343/487/487 724/905/905
f 393/537/537 392/536/536 721/902/902
f 725/906/906 329/473/473 726/907/907
f 329/473/473 297/441/441 726/907/907
f 297/441/441 268/412/412 727/908/908
f 268/412/412 298/442/442 728/909/909
f 298/442/442 330/474/474 729/910/910
f 728/909/909 727/908/908 268/412/412
f 330/474/474 726/907/907 729/910/910
f 729/910/910 728/909/909 298/442/442
f 358/502/502 357/501/501 730/911/911
f 357/501/501 329/473/473 731/912/912
f 731/912/912 730/911/911 357/501/501
f 725/906/906 732/913/913 731/912/912
f 731/912/912 329/473/473 725/906/906
f 331/475/475 360/504/504 733/914/914
f 733/914/914 732/913/913 331/475/475
f 360/504/504 358/502/502 733/914/914
f 734/915/915 735/916/916 736/917/917
f 237/381/381 734/915/915 737/918/918
f 237/381/381 738/919/919 734/915/915
f 738/919/919 735/916/916 734/915/915
f 737/918/918 739/920/920 710/891/891
f 740/921/921 240/384/384 739/920/920
f 739/920/920 741/922/922 740/921/921
f 741/922/922 742/923/923 740/921/921
f 240/384/384 710/891/891 739/920/920
f 363/507/507 743/924/924 744/925/925
f 744/925/925 344/488/488 363/507/507
f 363/507/507 745/926/926 743/924/924
f 746/927/927 391/535/535 747/928/928
f 362/506/506 744/925/925 747/928/928
f 747/928/928 391/535/535 362/506/506
f 365/509/509 748/929/929 749/930/930
f 748/929/929 746/927/927 749/930/930
f 242/386/386 241/385/385 750/931/931
f 241/385/385 751/932/932 750/931/931
f 750/931/931 752/933/933 242/386/386
f 278/422/422 753/934/934 754/935/935
f 753/934/934 278/422/422 755/936/936
f 755/936/936 756/937/937 757/938/938
f 756/937/937 758/939/939 759/940/940
f 278/422/422 760/941/941 761/942/942
f 278/422/422 762/943/943 763/944/944
f 755/936/936 764/945/945 753/934/934
f 755/936/936 765/946/946 766/947/947
f 755/936/936 767/948/948 768/949/949
f 755/936/936 769/950/950 770/951/951
f 757/938/938 771/952/952 755/936/936
f 756/937/937 772/953/953 758/939/939
f 773/954/954 278/422/422 774/955/955
f 763/944/944 760/941/941 278/422/422
f 278/422/422 775/956/956 776/957/957
f 766/947/947 764/945/945 755/936/936
f 768/949/949 777/958/958 755/936/936
f 771/952/952 769/950/950 755/936/936
f 756/937/937 778/959/959 772/953/953
f 773/954/954 779/960/960 780/961/961
f 774/955/955 781/962/962 773/954/954
f 278/422/422 782/963/963 783/964/964
f 776/957/957 762/943/943 278/422/422
f 278/422/422 784/965/965 785/966/966
f 777/958/958 765/946/946 755/936/936
f 759/940/940 757/938/938 756/937/937
f 781/962/962 779/960/960 773/954/954
f 783/964/964 786/967/967 278/422/422
f 785/966/966 775/956/956 278/422/422
f 770/951/951 767/948/948 755/936/936
f 787/968/968 788/969/969 756/937/937
f 750/931/931 789/970/970 790/971/971
f 789/970/970 750/931/931 751/932/932
f 786/967/967 774/955/955 278/422/422
f 754/935/935 784/965/965 278/422/422
f 790/971/971 787/968/968 750/931/931
f 751/932/932 791/972/972 792/973/973
f 780/961/961 793/974/974 773/954/954
f 756/937/937 788/969/969 778/959/959
f 751/932/932 792/973/973 789/970/970
f 761/942/942 782/963/963 278/422/422
f 793/974/974 794/975/975 773/954/954
f 755/936/936 278/422/422 276/420/420
f 276/420/420 752/933/933 755/936/936
f 335/479/479 337/481/481 795/976/976
f 337/481/481 346/490/490 795/976/976
f 346/490/490 425/569/569 796/977/977
f 425/569/569 345/489/489 797/978/978
f 345/489/489 336/480/480 798/979/979
f 797/978/978 796/977/977 425/569/569
f 336/480/480 795/976/976 798/979/979
f 798/979/979 797/978/978 345/489/489
f 799/980/980 800/981/981 351/495/495
f 353/497/497 800/981/981 801/982/982
f 318/462/462 802/983/983 801/982/982
f 353/497/497 351/495/495 800/981/981
f 801/982/982 802/983/983 353/497/497
f 317/461/461 318/462/462 803/984/984
f 799/980/980 680/824/824 804/985/985
f 804/985/985 317/461/461 799/980/980
f 350/494/494 681/825/825 680/824/824
f 799/980/980 350/494/494 680/824/824
f 805/986/986 806/987/987 807/988/988
f 808/989/989 809/990/990 806/987/987
f 806/987/987 810/991/991 808/989/989
f 809/990/990 807/988/988 806/987/987
f 369/513/513 368/512/512 811/992/992
f 812/993/993 395/539/539 813/994/994
f 396/540/540 395/539/539 812/993/993
f 326/470/470 355/499/499 814/995/995
f 814/995/995 325/469/469 326/470/470
f 815/996/996 325/469/469 814/995/995
f 369/513/513 813/994/994 816/997/997
f 369/513/513 817/998/998 818/999/999
f 369/513/513 819/1000/1000 820/1001/1001
f 369/513/513 821/1002/1002 822/1003/1003
f 813/994/994 823/1004/1004 816/997/997
f 813/994/994 824/1005/1005 825/1006/1006
f 369/513/513 826/1007/1007 817/998/998
f 369/513/513 827/1008/1008 819/1000/1000
f 822/1003/1003 828/1009/1009 369/513/513
f 825/1006/1006 823/1004/1004 813/994/994
f 813/994/994 829/1010/1010 830/1011/1011
f 831/1012/1012 832/1013/1013 833/1014/1014
f 831/1012/1012 834/1015/1015 835/1016/1016
f 831/1012/1012 818/999/999 836/1017/1017
f 820/1001/1001 826/1007/1007 369/513/513
f 369/513/513 837/1018/1018 821/1002/1002
f 369/513/513 838/1019/1019 839/1020/1020
f 830/1011/1011 824/1005/1005 813/994/994
f 813/994/994 840/1021/1021 841/1022/1022
f 831/1012/1012 842/1023/1023 843/1024/1024
f 831/1012/1012 844/1025/1025 845/1026/1026
f 831/1012/1012 846/1027/1027 847/1028/1028
f 831/1012/1012 848/1029/1029 849/1030/1030
f 833/1014/1014 850/1031/1031 831/1012/1012
f 836/1017/1017 834/1015/1015 831/1012/1012
f 828/1009/1009 827/1008/1008 369/513/513
f 369/513/513 851/1032/1032 852/1033/1033
f 816/997/997 838/1019/1019 369/513/513
f 813/994/994 853/1034/1034 854/1035/1035
f 813/994/994 855/1036/1036 840/1021/1021
f 813/994/994 856/1037/1037 857/1038/1038
f 813/994/994 858/1039/1039 859/1040/1040
f 507/651/651 860/1041/1041 861/1042/1042
f 845/1026/1026 842/1023/1023 831/1012/1012
f 831/1012/1012 862/1043/1043 846/1027/1027
f 850/1031/1031 848/1029/1029 831/1012/1012
f 818/999/999 831/1012/1012 369/513/513
f 369/513/513 863/1044/1044 864/1045/1045
f 369/513/513 865/1046/1046 866/1047/1047
f 369/513/513 867/1048/1048 851/1032/1032
f 854/1035/1035 829/1010/1010 813/994/994
f 857/1038/1038 855/1036/1036 813/994/994
f 813/994/994 504/648/648 858/1039/1039
f 507/651/651 868/1049/1049 860/1041/1041
f 507/651/651 869/1050/1050 870/1051/1051
f 831/1012/1012 871/1052/1052 844/1025/1025
f 831/1012/1012 872/1053/1053 862/1043/1043
f 835/1016/1016 832/1013/1013 831/1012/1012
f 866/1047/1047 863/1044/1044 369/513/513
f 839/1020/1020 867/1048/1048 369/513/513
f 859/1040/1040 856/1037/1037 813/994/994
f 870/1051/1051 868/1049/1049 507/651/651
f 831/1012/1012 873/1054/1054 874/1055/1055
f 847/1028/1028 871/1052/1052 831/1012/1012
f 864/1045/1045 837/1018/1018 369/513/513
f 841/1022/1022 853/1034/1034 813/994/994
f 861/1042/1042 875/1056/1056 507/651/651
f 876/1057/1057 507/651/651 877/1058/1058
f 843/1024/1024 873/1054/1054 831/1012/1012
f 852/1033/1033 865/1046/1046 369/513/513
f 875/1056/1056 878/1059/1059 507/651/651
f 877/1058/1058 831/1012/1012 876/1057/1057
f 849/1030/1030 872/1053/1053 831/1012/1012
f 876/1057/1057 869/1050/1050 507/651/651
f 878/1059/1059 508/652/652 507/651/651
f 879/1060/1060 880/1061/1061 877/1058/1058
f 877/1058/1058 507/651/651 879/1060/1060
f 590/734/734 586/730/730 881/1062/1062
f 882/1063/1063 883/1064/1064 369/513/513
f 882/1063/1063 831/1012/1012 881/1062/1062
f 881/1062/1062 880/1061/1061 590/734/734
f 881/1062/1062 586/730/730 882/1063/1063
f 369/513/513 831/1012/1012 882/1063/1063
f 322/466/466 323/467/467 884/1065/1065
f 885/1066/1066 342/486/486 886/1067/1067
f 886/1067/1067 887/1068/1068 885/1066/1066
f 886/1067/1067 888/1069/1069 522/666/666
f 528/672/672 522/666/666 888/1069/1069
f 889/1070/1070 890/1071/1071 320/464/464
f 891/1072/1072 892/1073/1073 321/465/465
f 696/840/840 893/1074/1074 892/1073/1073
f 889/1070/1070 253/397/397 696/840/840
f 893/1074/1074 321/465/465 892/1073/1073
f 289/433/433 321/465/465 893/1074/1074
f 892/1073/1073 889/1070/1070 696/840/840
f 889/1070/1070 288/432/432 253/397/397
f 802/983/983 320/464/464 894/1075/1075
f 894/1075/1075 895/1076/1076 353/497/497
f 354/498/498 353/497/497 895/1076/1076
f 896/1077/1077 895/1076/1076 897/1078/1078
f 897/1078/1078 887/1068/1068 896/1077/1077
f 898/1079/1079 894/1075/1075 890/1071/1071
f 890/1071/1071 891/1072/1072 898/1079/1079
f 894/1075/1075 320/464/464 890/1071/1071
f 885/1066/1066 897/1078/1078 898/1079/1079
f 898/1079/1079 341/485/485 885/1066/1066
f 232/376/376 899/1080/1080 900/1081/1081
f 901/1082/1082 902/1083/1083 900/1081/1081
f 234/378/378 232/376/376 903/1084/1084
f 900/1081/1081 899/1080/1080 901/1082/1082
f 900/1081/1081 903/1084/1084 232/376/376
f 904/1085/1085 235/379/379 905/1086/1086
f 235/379/379 234/378/378 905/1086/1086
f 905/1086/1086 902/1083/1083 904/1085/1085
f 251/395/395 233/377/377 906/1087/1087
f 906/1087/1087 287/431/431 251/395/395
f 232/376/376 907/1088/1088 908/1089/1089
f 908/1089/1089 233/377/377 232/376/376
f 234/378/378 909/1090/1090 907/1088/1088
f 907/1088/1088 232/376/376 234/378/378
f 252/396/396 906/1087/1087 909/1090/1090
f 909/1090/1090 234/378/378 252/396/396
f 318/462/462 286/430/430 910/1091/1091
f 910/1091/1091 802/983/983 318/462/462
f 287/431/431 911/1092/1092 912/1093/1093
f 319/463/463 910/1091/1091 911/1092/1092
f 251/395/395 912/1093/1093 913/1094/1094
f 911/1092/1092 287/431/431 319/463/463
f 912/1093/1093 251/395/395 287/431/431
f 913/1094/1094 286/430/430 251/395/395
f 914/1095/1095 915/1096/1096 916/1097/1097
f 240/384/384 914/1095/1095 917/1098/1098
f 240/384/384 740/921/921 914/1095/1095
f 740/921/921 915/1096/1096 914/1095/1095
f 917/1098/1098 918/1099/1099 751/932/932
f 918/1099/1099 919/1100/1100 920/1101/1101
f 921/1102/1102 922/1103/1103 918/1099/1099
f 921/1102/1102 805/986/986 923/1104/1104
f 805/986/986 924/1105/1105 925/1106/1106
f 773/954/954 926/1107/1107 924/1105/1105
f 918/1099/1099 927/1108/1108 919/1100/1100
f 928/1109/1109 929/1110/1110 921/1102/1102
f 805/986/986 930/1111/1111 923/1104/1104
f 805/986/986 931/1112/1112 932/1113/1113
f 924/1105/1105 805/986/986 773/954/954
f 918/1099/1099 933/1114/1114 927/1108/1108
f 918/1099/1099 934/1115/1115 935/1116/1116
f 921/1102/1102 936/1117/1117 922/1103/1103
f 921/1102/1102 937/1118/1118 938/1119/1119
f 932/1113/1113 930/1111/1111 805/986/986
f 925/1106/1106 939/1120/1120 805/986/986
f 918/1099/1099 940/1121/1121 941/1122/1122
f 920/1101/1101 942/1123/1123 918/1099/1099
f 918/1099/1099 943/1124/1124 944/1125/1125
f 918/1099/1099 945/1126/1126 934/1115/1115
f 918/1099/1099 946/1127/1127 947/1128/1128
f 918/1099/1099 948/1129/1129 949/1130/1130
f 918/1099/1099 922/1103/1103 950/1131/1131
f 938/1119/1119 936/1117/1117 921/1102/1102
f 939/1120/1120 931/1112/1112 805/986/986
f 941/1122/1122 751/932/932 918/1099/1099
f 944/1125/1125 933/1114/1114 918/1099/1099
f 947/1128/1128 945/1126/1126 918/1099/1099
f 950/1131/1131 948/1129/1129 918/1099/1099
f 923/1104/1104 937/1118/1118 921/1102/1102
f 751/932/932 951/1132/1132 952/1133/1133
f 751/932/932 953/1134/1134 954/1135/1135
f 942/1123/1123 940/1121/1121 918/1099/1099
f 949/1130/1130 946/1127/1127 918/1099/1099
f 773/954/954 794/975/975 926/1107/1107
f 954/1135/1135 951/1132/1132 751/932/932
f 935/1116/1116 943/1124/1124 918/1099/1099
f 918/1099/1099 928/1109/1109 921/1102/1102
f 941/1122/1122 953/1134/1134 751/932/932
f 952/1133/1133 791/972/972 751/932/932
f 955/1136/1136 956/1137/1137 957/1138/1138
f 958/1139/1139 959/1140/1140 323/467/467
f 960/1141/1141 884/1065/1065 959/1140/1140
f 959/1140/1140 955/1136/1136 960/1141/1141
f 884/1065/1065 323/467/467 959/1140/1140
f 961/1142/1142 888/1069/1069 960/1141/1141
f 960/1141/1141 962/1143/1143 961/1142/1142
f 354/498/498 896/1077/1077 963/1144/1144
f 963/1144/1144 693/837/837 354/498/498
f 964/1145/1145 400/544/544 965/1146/1146
f 887/1068/1068 964/1145/1145 966/1147/1147
f 965/1146/1146 967/1148/1148 964/1145/1145
f 968/1149/1149 963/1144/1144 967/1148/1148
f 966/1147/1147 896/1077/1077 887/1068/1068
f 967/1148/1148 965/1146/1146 968/1149/1149
f 964/1145/1145 887/1068/1068 400/544/544
f 969/1150/1150 258/402/402 257/401/401
f 958/1139/1139 969/1150/1150 970/1151/1151
f 970/1151/1151 957/1138/1138 956/1137/1137
f 970/1151/1151 956/1137/1137 958/1139/1139
f 958/1139/1139 258/402/402 969/1150/1150
f 970/1151/1151 971/1152/1152 957/1138/1138
f 970/1151/1151 972/1153/1153 973/1154/1154
f 974/1155/1155 371/515/515 373/517/517
f 974/1155/1155 975/1156/1156 976/1157/1157
f 977/1158/1158 371/515/515 974/1155/1155
f 368/512/512 371/515/515 977/1158/1158
f 976/1157/1157 977/1158/1158 974/1155/1155
f 975/1156/1156 815/996/996 976/1157/1157
f 978/1159/1159 324/468/468 815/996/996
f 979/1160/1160 980/1161/1161 981/1162/1162
f 982/1163/1163 981/1162/1162 980/1161/1161
f 980/1161/1161 983/1164/1164 982/1163/1163
f 982/1163/1163 376/520/520 984/1165/1165
f 984/1165/1165 376/520/520 375/519/519
f 375/519/519 985/1166/1166 984/1165/1165
f 986/1167/1167 605/749/749 987/1168/1168
f 409/553/553 988/1169/1169 986/1167/1167
f 986/1167/1167 989/1170/1170 409/553/553
f 409/553/553 408/552/552 988/1169/1169
f 990/1171/1171 988/1169/1169 408/552/552
f 591/735/735 991/1172/1172 990/1171/1171
f 990/1171/1171 992/1173/1173 591/735/735
f 605/749/749 986/1167/1167 991/1172/1172
f 991/1172/1172 591/735/735 605/749/749
f 993/1174/1174 994/1175/1175 995/1176/1176
f 995/1176/1176 996/1177/1177 993/1174/1174
f 738/919/919 237/381/381 997/1178/1178
f 994/1175/1175 998/1179/1179 999/1180/1180
f 997/1178/1178 999/1180/1180 738/919/919
f 999/1180/1180 998/1179/1179 738/919/919
f 1000/1181/1181 996/1177/1177 997/1178/1178
f 997/1178/1178 237/381/381 1000/1181/1181
f 1001/1182/1182 1002/1183/1183 1003/1184/1184
f 1004/1185/1185 235/379/379 1001/1182/1182
f 1003/1184/1184 1004/1185/1185 1001/1182/1182
f 255/399/399 254/398/398 1005/1186/1186
f 1005/1186/1186 1003/1184/1184 255/399/399
f 1002/1183/1183 1006/1187/1187 1007/1188/1188
f 255/399/399 1008/1189/1189 1009/1190/1190
f 255/399/399 1010/1191/1191 1011/1192/1192
f 255/399/399 1007/1188/1188 1012/1193/1193
f 1002/1183/1183 1013/1194/1194 1006/1187/1187
f 1011/1192/1192 1008/1189/1189 255/399/399
f 255/399/399 1014/1195/1195 1015/1196/1196
f 255/399/399 1016/1197/1197 1017/1198/1198
f 1007/1188/1188 255/399/399 1002/1183/1183
f 1015/1196/1196 1010/1191/1191 255/399/399
f 255/399/399 1018/1199/1199 1019/1200/1200
f 255/399/399 1020/1201/1201 1016/1197/1197
f 1002/1183/1183 1021/1202/1202 1013/1194/1194
f 1002/1183/1183 1022/1203/1203 1023/1204/1204
f 1019/1200/1200 1014/1195/1195 255/399/399
f 1012/1193/1193 1020/1201/1201 255/399/399
f 1002/1183/1183 1024/1205/1205 1022/1203/1203
f 1017/1198/1198 1018/1199/1199 255/399/399
f 1002/1183/1183 1025/1206/1206 1024/1205/1205
f 1002/1183/1183 1026/1207/1207 1027/1208/1208
f 1002/1183/1183 1028/1209/1209 1029/1210/1210
f 1002/1183/1183 1030/1211/1211 1031/1212/1212
f 1023/1204/1204 1021/1202/1202 1002/1183/1183
f 1029/1210/1210 1026/1207/1207 1002/1183/1183
f 1002/1183/1183 1032/1213/1213 1033/1214/1214
f 1002/1183/1183 1034/1215/1215 1030/1211/1211
f 1027/1208/1208 1025/1206/1206 1002/1183/1183
f 1031/1212/1212 1032/1213/1213 1002/1183/1183
f 1033/1214/1214 1028/1209/1209 1002/1183/1183
f 1035/1216/1216 1030/1211/1211 1034/1215/1215
f 1034/1215/1215 1036/1217/1217 1037/1218/1218
f 235/379/379 904/1085/1085 1036/1217/1217
f 904/1085/1085 1037/1218/1218 1036/1217/1217
f 276/420/420 278/422/422 1038/1219/1219
f 278/422/422 307/451/451 1038/1219/1219
f 306/450/450 275/419/419 1039/1220/1220
f 1039/1220/1220 1040/1221/1221 306/450/450
f 275/419/419 277/421/421 1039/1220/1220
f 307/451/451 337/481/481 1041/1222/1222
f 337/481/481 335/479/479 1040/1221/1221
f 1040/1221/1221 1041/1222/1222 337/481/481
f 412/556/556 1042/1223/1223 1043/1224/1224
f 412/556/556 411/555/555 1042/1223/1223
f 1043/1224/1224 410/554/554 412/556/556
f 408/552/552 1044/1225/1225 1045/1226/1226
f 1045/1226/1226 992/1173/1173 408/552/552
f 411/555/555 281/425/425 1046/1227/1227
f 309/453/453 1045/1226/1226 1046/1227/1227
f 1046/1227/1227 281/425/425 309/453/453
f 681/825/825 350/494/494 1047/1228/1228
f 350/494/494 688/832/832 1047/1228/1228
f 340/484/484 1048/1229/1229 1049/1230/1230
f 1049/1230/1230 1050/1231/1231 349/493/493
f 401/545/545 349/493/493 1050/1231/1231
f 1050/1231/1231 1051/1232/1232 1052/1233/1233
f 688/832/832 691/835/835 1051/1232/1232
f 691/835/835 1052/1233/1233 1051/1232/1232
f 344/488/488 332/476/476 1053/1234/1234
f 333/477/477 1054/1235/1235 1053/1234/1234
f 363/507/507 344/488/488 1055/1236/1236
f 1053/1234/1234 332/476/476 333/477/477
f 1053/1234/1234 1055/1236/1236 344/488/488
f 334/478/478 364/508/508 1056/1237/1237
f 1056/1237/1237 1054/1235/1235 334/478/478
f 364/508/508 363/507/507 1056/1237/1237
f 1057/1238/1238 1058/1239/1239 259/403/403
f 375/519/519 1059/1240/1240 1060/1241/1241
f 375/519/519 1061/1242/1242 1062/1243/1243
f 1062/1243/1243 1059/1240/1240 375/519/519
f 375/519/519 1063/1244/1244 1064/1245/1245
f 259/403/403 1065/1246/1246 1066/1247/1247
f 1058/1239/1239 1067/1248/1248 1068/1249/1249
f 375/519/519 1069/1250/1250 1070/1251/1251
f 1064/1245/1245 1061/1242/1242 375/519/519
f 259/403/403 1071/1252/1252 1065/1246/1246
f 259/403/403 1072/1253/1253 1073/1254/1254
f 259/403/403 1058/1239/1239 1074/1255/1255
f 1068/1249/1249 1075/1256/1256 1058/1239/1239
f 1058/1239/1239 1076/1257/1257 1077/1258/1258
f 985/1166/1166 1078/1259/1259 1079/1260/1260
f 985/1166/1166 1080/1261/1261 1081/1262/1262
f 985/1166/1166 1082/1263/1263 1083/1264/1264
f 375/519/519 1084/1265/1265 1082/1263/1263
f 1060/1241/1241 1069/1250/1250 375/519/519
f 259/403/403 1085/1266/1266 1071/1252/1252
f 1074/1255/1255 1072/1253/1253 259/403/403
f 1077/1258/1258 1067/1248/1248 1058/1239/1239
f 1058/1239/1239 1086/1267/1267 1087/1268/1268
f 1058/1239/1239 1088/1269/1269 1089/1270/1270
f 1058/1239/1239 1090/1271/1271 1091/1272/1272
f 1058/1239/1239 1092/1273/1273 1093/1274/1274
f 1081/1262/1262 1078/1259/1259 985/1166/1166
f 1082/1263/1263 985/1166/1166 375/519/519
f 375/519/519 419/563/563 1063/1244/1244
f 1094/1275/1275 1092/1273/1273 1058/1239/1239
f 1094/1275/1275 1095/1276/1276 1096/1277/1277
f 1094/1275/1275 985/1166/1166 1097/1278/1278
f 1073/1254/1254 1085/1266/1266 259/403/403
f 1087/1268/1268 1076/1257/1257 1058/1239/1239
f 1058/1239/1239 1098/1279/1279 1088/1269/1269
f 1093/1274/1274 1090/1271/1271 1058/1239/1239
f 1079/1260/1260 1099/1280/1280 985/1166/1166
f 1070/1251/1251 1084/1265/1265 375/519/519
f 1094/1275/1275 1100/1281/1281 1092/1273/1273
f 1097/1278/1278 1095/1276/1276 1094/1275/1275
f 1075/1256/1256 1074/1255/1255 1058/1239/1239
f 1091/1272/1272 1098/1279/1279 1058/1239/1239
f 1083/1264/1264 1080/1261/1261 985/1166/1166
f 1096/1277/1277 1100/1281/1281 1094/1275/1275
f 259/403/403 1101/1282/1282 1102/1283/1283
f 1089/1270/1270 1086/1267/1267 1058/1239/1239
f 1058/1239/1239 1103/1284/1284 1094/1275/1275
f 1066/1247/1247 1101/1282/1282 259/403/403
f 1102/1283/1283 421/565/565 259/403/403
f 1104/1285/1285 979/1160/1160 1103/1284/1284
f 979/1160/1160 1094/1275/1275 1103/1284/1284
f 1105/1286/1286 1104/1285/1285 1106/1287/1287
f 372/516/516 1105/1286/1286 1107/1288/1288
f 1105/1286/1286 1108/1289/1289 1107/1288/1288
f 1109/1290/1290 1057/1238/1238 978/1159/1159
f 978/1159/1159 1110/1291/1291 1109/1290/1290
f 1057/1238/1238 292/436/436 978/1159/1159
f 292/436/436 324/468/468 978/1159/1159
f 373/517/517 1107/1288/1288 1109/1290/1290
f 266/410/410 993/1174/1174 1111/1292/1292
f 993/1174/1174 1000/1181/1181 1111/1292/1292
f 298/442/442 268/412/412 1112/1293/1293
f 268/412/412 267/411/411 1112/1293/1293
f 1000/1181/1181 237/381/381 1113/1294/1294
f 269/413/413 1114/1295/1295 1113/1294/1294
f 1113/1294/1294 237/381/381 269/413/413
f 269/413/413 1112/1293/1293 1114/1295/1295
f 993/1174/1174 1115/1296/1296 1116/1297/1297
f 1116/1297/1297 994/1175/1175 993/1174/1174
f 1117/1298/1298 1118/1299/1299 1119/1300/1300
f 374/518/518 1120/1301/1301 1117/1298/1298
f 1120/1301/1301 1118/1299/1299 1117/1298/1298
f 1121/1302/1302 1122/1303/1303 1123/1304/1304
f 1121/1302/1302 1124/1305/1305 1125/1306/1306
f 1121/1302/1302 1126/1307/1307 420/564/564
f 1125/1306/1306 1122/1303/1303 1121/1302/1302
f 262/406/406 1127/1308/1308 1124/1305/1305
f 1121/1302/1302 1128/1309/1309 1126/1307/1307
f 1121/1302/1302 1129/1310/1310 1130/1311/1311
f 1121/1302/1302 1131/1312/1312 1132/1313/1313
f 1121/1302/1302 1133/1314/1314 1134/1315/1315
f 1124/1305/1305 1121/1302/1302 262/406/406
f 1130/1311/1311 1128/1309/1309 1121/1302/1302
f 1132/1313/1313 1135/1316/1316 1121/1302/1302
f 1123/1304/1304 1133/1314/1314 1121/1302/1302
f 262/406/406 1136/1317/1317 1137/1318/1318
f 1135/1316/1316 1129/1310/1310 1121/1302/1302
f 1137/1318/1318 1127/1308/1308 262/406/406
f 262/406/406 1138/1319/1319 1139/1320/1320
f 262/406/406 1140/1321/1321 1141/1322/1322
f 262/406/406 260/404/404 1142/1323/1323
f 1134/1315/1315 1131/1312/1312 1121/1302/1302
f 262/406/406 1143/1324/1324 1144/1325/1325
f 262/406/406 1145/1326/1326 1138/1319/1319
f 1142/1323/1323 1140/1321/1321 262/406/406
f 1144/1325/1325 1136/1317/1317 262/406/406
f 1141/1322/1322 1145/1326/1326 262/406/406
f 1139/1320/1320 1143/1324/1324 262/406/406
f 264/408/408 262/406/406 1121/1302/1302
f 714/895/895 1146/1327/1327 1147/1328/1328
f 1147/1328/1328 1115/1296/1296 714/895/895
f 993/1174/1174 266/410/410 714/895/895
f 1115/1296/1296 993/1174/1174 714/895/895
f 1148/1329/1329 1149/1330/1330 1150/1331/1331
f 1150/1331/1331 1151/1332/1332 1148/1329/1329
f 1152/1333/1333 1153/1334/1334 1150/1331/1331
f 1151/1332/1332 1154/1335/1335 1030/1211/1211
f 1150/1331/1331 1149/1330/1330 1152/1333/1333
f 1151/1332/1332 1035/1216/1216 1148/1329/1329
f 1155/1336/1336 1156/1337/1337 1153/1334/1334
f 1030/1211/1211 1157/1338/1338 1158/1339/1339
f 1030/1211/1211 1159/1340/1340 1160/1341/1341
f 1154/1335/1335 1161/1342/1342 1162/1343/1343
f 1153/1334/1334 1163/1344/1344 1164/1345/1345
f 1153/1334/1334 1152/1333/1333 1155/1336/1336
f 1160/1341/1341 1157/1338/1338 1030/1211/1211
f 1030/1211/1211 1165/1346/1346 1166/1347/1347
f 1154/1335/1335 1167/1348/1348 1161/1342/1342
f 1168/1349/1349 1169/1350/1350 1170/1351/1351
f 1168/1349/1349 1171/1352/1352 1172/1353/1353
f 1156/1337/1337 1163/1344/1344 1153/1334/1334
f 1155/1336/1336 1152/1333/1333 972/1153/1153
f 1030/1211/1211 1173/1354/1354 1174/1355/1355
f 1166/1347/1347 1159/1340/1340 1030/1211/1211
f 1154/1335/1335 1175/1356/1356 1167/1348/1348
f 1154/1335/1335 1176/1357/1357 1177/1358/1358
f 1154/1335/1335 1178/1359/1359 1179/1360/1360
f 1172/1353/1353 1169/1350/1350 1168/1349/1349
f 257/401/401 1180/1361/1361 1171/1352/1352
f 257/401/401 1181/1362/1362 1182/1363/1363
f 1153/1334/1334 1183/1364/1364 1184/1365/1365
f 972/1153/1153 1185/1366/1366 1155/1336/1336
f 1158/1339/1339 1173/1354/1354 1030/1211/1211
f 1030/1211/1211 1162/1343/1343 1186/1367/1367
f 1177/1358/1358 1175/1356/1356 1154/1335/1335
f 1179/1360/1360 1187/1368/1368 1154/1335/1335
f 1168/1349/1349 1188/1369/1369 1189/1370/1370
f 1171/1352/1352 1168/1349/1349 257/401/401
f 257/401/401 1190/1371/1371 1191/1372/1372
f 257/401/401 1192/1373/1373 1181/1362/1362
f 257/401/401 1193/1374/1374 1194/1375/1375
f 1164/1345/1345 1183/1364/1364 1153/1334/1334
f 972/1153/1153 1195/1376/1376 1196/1377/1377
f 1186/1367/1367 1165/1346/1346 1030/1211/1211
f 1187/1368/1368 1176/1357/1357 1154/1335/1335
f 1168/1349/1349 1197/1378/1378 1188/1369/1369
f 1191/1372/1372 1180/1361/1361 257/401/401
f 257/401/401 1198/1379/1379 1192/1373/1373
f 257/401/401 1009/1190/1190 1193/1374/1374
f 1196/1377/1377 1185/1366/1366 972/1153/1153
f 972/1153/1153 1168/1349/1349 1199/1380/1380
f 1162/1343/1343 1030/1211/1211 1154/1335/1335
f 1170/1351/1351 1197/1378/1378 1168/1349/1349
f 1194/1375/1375 1198/1379/1379 257/401/401
f 1199/1380/1380 1195/1376/1376 972/1153/1153
f 1154/1335/1335 1184/1365/1365 1178/1359/1359
f 1182/1363/1363 1190/1371/1371 257/401/401
f 1174/1355/1355 1031/1212/1212 1030/1211/1211
f 1189/1370/1370 1200/1381/1381 1168/1349/1349
f 1152/1333/1333 973/1154/1154 972/1153/1153
f 1184/1365/1365 1154/1335/1335 1153/1334/1334
f 1201/1382/1382 172/1383/1383 173/1384/1384
f 1202/1385/1385 167/1386/1386 168/1387/1387
f 1201/1382/1382 171/1388/1388 172/1383/1383
f 1202/1385/1385 166/1389/1389 167/1386/1386
f 1202/1385/1385 160/1390/1390 161/1391/1391
f 1201/1382/1382 170/1392/1392 171/1388/1388
f 1202/1385/1385 165/1393/1393 166/1389/1389
f 1202/1385/1385 163/1394/1394 164/1395/1395
f 161/1391/1391 162/1396/1396 1202/1385/1385
f 1202/1385/1385 158/1397/1397 159/1398/1398
f 1202/1385/1385 677/821/821 152/1399/1399
f 173/1384/1384 174/1400/1400 1201/1382/1382
f 1201/1382/1382 168/1387/1387 169/1401/1401
f 164/1395/1395 165/1393/1393 1202/1385/1385
f 159/1398/1398 160/1390/1390 1202/1385/1385
f 1202/1385/1385 154/1402/1402 155/1403/1403
f 152/1399/1399 153/1404/1404 1202/1385/1385
f 677/821/821 149/1405/1405 150/1406/1406
f 1201/1382/1382 175/1407/1407 176/1408/1408
f 169/1401/1401 170/1392/1392 1201/1382/1382
f 162/1396/1396 163/1394/1394 1202/1385/1385
f 1202/1385/1385 156/1409/1409 157/1410/1410
f 153/1404/1404 154/1402/1402 1202/1385/1385
f 150/1406/1406 151/1411/1411 677/821/821
f 174/1400/1400 175/1407/1407 1201/1382/1382
f 157/1410/1410 158/1397/1397 1202/1385/1385
f 151/1411/1411 152/1399/1399 677/821/821
f 677/821/821 147/1412/1412 148/1413/1413
f 219/363/363 1201/1382/1382 181/1414/1414
f 1201/1382/1382 179/1415/1415 180/1416/1416
f 168/1387/1387 1201/1382/1382 1202/1385/1385
f 148/1413/1413 149/1405/1405 677/821/821
f 180/1416/1416 181/1414/1414 1201/1382/1382
f 1201/1382/1382 177/1417/1417 178/1418/1418
f 155/1403/1403 156/1409/1409 1202/1385/1385
f 1203/1419/1419 674/818/818 1202/1385/1385
f 178/1418/1418 179/1415/1415 1201/1382/1382
f 677/821/821 146/878/878 147/1412/1412
f 1202/1385/1385 1201/1382/1382 1203/1419/1419
f 176/1408/1408 177/1417/1417 1201/1382/1382
f 1204/1420/1420 675/819/819 674/818/818
f 1203/1419/1419 1204/1420/1420 674/818/818
f 1203/1419/1419 1205/1421/1421 1206/1422/1422
f 1207/1423/1423 1208/1424/1424 1205/1421/1421
f 1209/1425/1425 704/885/885 1207/1423/1423
f 218/362/362 704/885/885 1209/1425/1425
f 1208/1424/1424 1206/1422/1422 1205/1421/1421
f 1205/1421/1421 1209/1425/1425 1207/1423/1423
f 232/376/376 1210/1426/1426 1211/1427/1427
f 232/376/376 228/372/372 1210/1426/1426
f 1211/1427/1427 899/1080/1080 232/376/376
f 417/561/561 1212/1428/1428 1213/1429/1429
f 1213/1429/1429 1214/1430/1430 417/561/561
f 1215/1431/1431 1211/1427/1427 1213/1429/1429
f 228/372/372 224/368/368 1214/1430/1430
f 1213/1429/1429 1212/1428/1428 1215/1431/1431
f 1214/1430/1430 224/368/368 417/561/561
f 361/505/505 1216/1432/1432 1217/1433/1433
f 361/505/505 1218/1434/1434 1216/1432/1432
f 1218/1434/1434 1219/1435/1435 1216/1432/1432
f 1219/1435/1435 394/538/538 1220/1436/1436
f 394/538/538 393/537/537 1221/1437/1437
f 1221/1437/1437 1220/1436/1436 394/538/538
f 359/503/503 1217/1433/1433 1221/1437/1437
f 1221/1437/1437 393/537/537 359/503/503
f 245/389/389 283/427/427 1222/1438/1438
f 1222/1438/1438 220/364/364 245/389/389
f 311/455/455 1223/1439/1439 1224/1440/1440
f 282/426/426 1225/1441/1441 1223/1439/1439
f 244/388/388 1222/1438/1438 1225/1441/1441
f 1224/1440/1440 283/427/427 311/455/455
f 1225/1441/1441 282/426/426 244/388/388
f 1223/1439/1439 311/455/455 282/426/426
f 278/422/422 773/954/954 1226/1442/1442
f 773/954/954 807/988/988 1226/1442/1442
f 1227/1443/1443 280/424/424 1228/1444/1444
f 280/424/424 279/423/423 1228/1444/1444
f 1229/1445/1445 1230/1446/1446 1231/1447/1447
f 807/988/988 809/990/990 1231/1447/1447
f 1229/1445/1445 1228/1444/1444 1230/1446/1446
f 1231/1447/1447 809/990/990 1229/1445/1445
f 377/521/521 338/482/482 1232/1448/1448
f 338/482/482 308/452/452 1232/1448/1448
f 280/424/424 1227/1443/1443 1233/1449/1449
f 1227/1443/1443 1234/1450/1450 1235/1451/1451
f 308/452/452 280/424/424 1236/1452/1452
f 1235/1451/1451 1233/1449/1449 1227/1443/1443
f 1233/1449/1449 1236/1452/1452 280/424/424
f 1234/1450/1450 1232/1448/1448 1235/1451/1451
f 311/455/455 339/483/483 1237/1453/1453
f 1237/1453/1453 282/426/426 311/455/455
f 992/1173/1173 310/454/454 1238/1454/1454
f 1238/1454/1454 591/735/735 992/1173/1173
f 339/483/483 348/492/492 1239/1455/1455
f 594/738/738 1238/1454/1454 1239/1455/1455
f 1239/1455/1455 348/492/492 594/738/738
f 1239/1455/1455 1240/1456/1456 339/483/483
f 1240/1456/1456 1237/1453/1453 339/483/483
f 1238/1454/1454 594/738/738 591/735/735
f 1238/1454/1454 310/454/454 1237/1453/1453
f 1237/1453/1453 310/454/454 282/426/426
f 1236/1452/1452 1232/1448/1448 308/452/452
f 1232/1448/1448 1234/1450/1450 377/521/521
f 1231/1447/1447 1226/1442/1442 807/988/988
f 1228/1444/1444 1229/1445/1445 1227/1443/1443
f 1228/1444/1444 279/423/423 1226/1442/1442
f 1226/1442/1442 279/423/423 278/422/422
f 1224/1440/1440 1222/1438/1438 283/427/427
f 1222/1438/1438 244/388/388 220/364/364
f 1220/1436/1436 1216/1432/1432 1219/1435/1435
f 1217/1433/1433 359/503/503 361/505/505
f 1214/1430/1430 1210/1426/1426 228/372/372
f 1211/1427/1427 1215/1431/1431 899/1080/1080
f 1209/1425/1425 1201/1382/1382 218/362/362
f 1206/1422/1422 1204/1420/1420 1203/1419/1419
f 181/1414/1414 182/875/875 219/363/363
f 1201/1382/1382 219/363/363 218/362/362
f 1200/1381/1381 1199/1380/1380 1168/1349/1349
f 1030/1211/1211 1035/1216/1216 1151/1332/1332
f 1146/1327/1327 264/408/408 1147/1328/1328
f 1121/1302/1302 1147/1328/1328 264/408/408
f 420/564/564 374/518/518 1121/1302/1302
f 1117/1298/1298 1121/1302/1302 374/518/518
f 1119/1300/1300 1116/1297/1297 1117/1298/1298
f 1116/1297/1297 1119/1300/1300 994/1175/1175
f 1113/1294/1294 1111/1292/1292 1000/1181/1181
f 1112/1293/1293 269/413/413 298/442/442
f 1112/1293/1293 267/411/411 1111/1292/1292
f 1111/1292/1292 267/411/411 266/410/410
f 1110/1291/1291 373/517/517 1109/1290/1290
f 1107/1288/1288 373/517/517 372/516/516
f 1106/1287/1287 1108/1289/1289 1105/1286/1286
f 1103/1284/1284 1106/1287/1287 1104/1285/1285
f 1099/1280/1280 1097/1278/1278 985/1166/1166
f 259/403/403 292/436/436 1057/1238/1238
f 1054/1235/1235 333/477/477 334/478/478
f 1055/1236/1236 1056/1237/1237 363/507/507
f 1051/1232/1232 1047/1228/1228 688/832/832
f 1052/1233/1233 1241/1457/1457 1050/1231/1231
f 1050/1231/1231 1241/1457/1457 401/545/545
f 1049/1230/1230 349/493/493 340/484/484
f 1049/1230/1230 1048/1229/1229 681/825/825
f 1047/1228/1228 1049/1230/1230 681/825/825
f 1046/1227/1227 1042/1223/1223 411/555/555
f 1045/1226/1226 309/453/453 992/1173/1173
f 1045/1226/1226 1044/1225/1225 1043/1224/1224
f 1043/1224/1224 1044/1225/1225 410/554/554
f 1041/1222/1222 1038/1219/1219 307/451/451
f 1040/1221/1221 335/479/479 306/450/450
f 1039/1220/1220 277/421/421 1038/1219/1219
f 1038/1219/1219 277/421/421 276/420/420
f 1036/1217/1217 1001/1182/1182 235/379/379
f 1037/1218/1218 1242/1458/1458 1034/1215/1215
f 1034/1215/1215 1242/1458/1458 1035/1216/1216
f 1009/1190/1190 257/401/401 255/399/399
f 1003/1184/1184 1002/1183/1183 255/399/399
f 1004/1185/1185 236/380/380 235/379/379
f 999/1180/1180 995/1176/1176 994/1175/1175
f 996/1177/1177 1000/1181/1181 993/1174/1174
f 408/552/552 992/1173/1173 990/1171/1171
f 987/1168/1168 989/1170/1170 986/1167/1167
f 984/1165/1165 981/1162/1162 982/1163/1163
f 981/1162/1162 1094/1275/1275 979/1160/1160
f 815/996/996 975/1156/1156 978/1159/1159
f 977/1158/1158 811/992/992 368/512/512
f 373/517/517 1110/1291/1291 974/1155/1155
f 973/1154/1154 971/1152/1152 970/1151/1151
f 958/1139/1139 291/435/435 258/402/402
f 257/401/401 1168/1349/1349 969/1150/1150
f 966/1147/1147 963/1144/1144 896/1077/1077
f 963/1144/1144 968/1149/1149 693/837/837
f 955/1136/1136 962/1143/1143 960/1141/1141
f 323/467/467 291/435/435 958/1139/1139
f 957/1138/1138 962/1143/1143 955/1136/1136
f 928/1109/1109 916/1097/1097 929/1110/1110
f 751/932/932 241/385/385 917/1098/1098
f 917/1098/1098 241/385/385 240/384/384
f 916/1097/1097 928/1109/1109 914/1095/1095
f 913/1094/1094 910/1091/1091 286/430/430
f 910/1091/1091 319/463/463 802/983/983
f 908/1089/1089 906/1087/1087 233/377/377
f 906/1087/1087 252/396/396 287/431/431
f 902/1083/1083 901/1082/1082 904/1085/1085
f 903/1084/1084 905/1086/1086 234/378/378
f 891/1072/1072 341/485/485 898/1079/1079
f 897/1078/1078 885/1066/1066 887/1068/1068
f 895/1076/1076 896/1077/1077 354/498/498
f 894/1075/1075 353/497/497 802/983/983
f 893/1074/1074 697/841/841 289/433/433
f 321/465/465 341/485/485 891/1072/1072
f 320/464/464 288/432/432 889/1070/1070
f 888/1069/1069 961/1142/1142 528/672/672
f 522/666/666 398/542/542 886/1067/1067
f 886/1067/1067 398/542/542 887/1068/1068
f 886/1067/1067 342/486/486 884/1065/1065
f 884/1065/1065 342/486/486 322/466/466
f 880/1061/1061 879/1060/1060 590/734/734
f 874/1055/1055 876/1057/1057 831/1012/1012
f 814/995/995 976/1157/1157 815/996/996
f 355/499/499 812/993/993 814/995/995
f 812/993/993 355/499/499 396/540/540
f 813/994/994 811/992/992 812/993/993
f 811/992/992 813/994/994 369/513/513
f 810/991/991 929/1110/1110 808/989/989
f 807/988/988 773/954/954 805/986/986
f 921/1102/1102 929/1110/1110 810/991/991
f 804/985/985 315/459/459 317/461/461
f 803/984/984 799/980/980 317/461/461
f 801/982/982 803/984/984 318/462/462
f 351/495/495 350/494/494 799/980/980
f 796/977/977 795/976/976 346/490/490
f 795/976/976 336/480/480 335/479/479
f 756/937/937 750/931/931 787/968/968
f 752/933/933 276/420/420 242/386/386
f 749/930/930 745/926/926 365/509/509
f 747/928/928 749/930/930 746/927/927
f 744/925/925 362/506/506 344/488/488
f 743/924/924 745/926/926 749/930/930
f 741/922/922 736/917/917 742/923/923
f 710/891/891 238/382/382 737/918/918
f 737/918/918 238/382/382 237/381/381
f 736/917/917 741/922/922 734/915/915
f 732/913/913 725/906/906 331/475/475
f 730/911/911 733/914/914 358/502/502
f 727/908/908 726/907/907 297/441/441
f 726/907/907 330/474/474 725/906/906
f 721/902/902 357/501/501 393/537/537
f 724/905/905 721/902/902 392/536/536
f 723/904/904 724/905/905 343/487/487
f 720/901/901 717/898/898 329/473/473
f 295/439/439 718/899/899 719/900/900
f 718/899/899 295/439/439 265/409/409
f 717/898/898 722/903/903 716/897/897
f 264/408/408 1146/1327/1327 715/896/896
f 266/410/410 296/440/440 713/894/894
f 712/893/893 708/889/889 710/891/891
f 271/415/415 239/383/383 708/889/889
f 706/887/887 703/884/884 414/558/558
f 703/884/884 243/387/387 281/425/425
f 701/880/880 677/821/821 221/365/365
f 700/844/844 702/883/883 245/389/389
f 1005/1186/1186 254/398/398 698/842/842
f 698/842/842 254/398/398 289/433/433
f 236/380/380 1004/1185/1185 696/840/840
f 692/836/836 689/833/833 352/496/496
f 690/834/834 695/839/839 691/835/835
f 687/831/831 682/826/826 356/500/500
f 682/826/826 685/829/829 397/541/541
f 681/825/825 1048/1229/1229 679/823/823
f 679/823/823 1048/1229/1229 340/484/484
f 315/459/459 804/985/985 678/822/822
f 673/817/817 1243/1459/1459 416/560/560
f 677/821/821 1202/1385/1385 676/820/820
f 675/819/819 1243/1459/1459 673/817/817
f 670/814/814 249/393/393 250/394/394
f 669/813/813 314/458/458 285/429/429
f 641/785/785 595/739/739 594/738/738
f 622/766/766 406/550/550 620/764/764
f 600/744/744 620/764/764 596/740/740
f 593/737/737 615/759/759 591/735/735
f 568/712/712 574/718/718 531/675/675
f 518/662/662 578/722/722 399/543/543
f 504/648/648 813/994/994 395/539/539
f 481/625/625 425/569/569 347/491/491
f 466/610/610 482/626/626 385/529/529
f 422/566/566 1142/1323/1323 260/404/404
f 419/563/563 375/519/519 374/518/518
f 417/561/561 224/368/368 222/366/366
f 1207/1423/1423 704/885/885 415/559/559
f 415/559/559 704/885/885 414/558/558
f 413/557/557 414/558/558 411/555/555
f 410/554/554 1044/1225/1225 408/552/552
f 987/1168/1168 605/749/749 604/748/748
f 596/740/740 620/764/764 407/551/551
f 407/551/551 620/764/764 406/550/550
f 405/549/549 406/550/550 403/547/547
f 402/546/546 403/547/547 349/493/493
f 400/544/544 887/1068/1068 398/542/542
f 397/541/541 500/644/644 395/539/539
f 394/538/538 683/827/827 392/536/536
f 391/535/535 1218/1434/1434 361/505/505
f 390/534/534 748/929/929 365/509/509
f 388/532/532 389/533/533 366/510/510
f 387/531/531 388/532/532 385/529/529
f 387/531/531 386/530/530 384/528/528
f 384/528/528 386/530/530 347/491/491
f 378/522/522 383/527/527 338/482/482
f 376/520/520 1120/1301/1301 374/518/518
f 371/515/515 370/514/514 372/516/516
f 368/512/512 367/511/511 370/514/514
f 369/513/513 883/1064/1064 367/511/511
f 366/510/510 365/509/509 364/508/508
f 365/509/509 745/926/926 363/507/507
f 362/506/506 361/505/505 360/504/504
f 361/505/505 359/503/503 358/502/502
f 359/503/503 393/537/537 357/501/501
f 356/500/500 396/540/540 355/499/499
f 354/498/498 352/496/496 351/495/495
f 352/496/496 688/832/832 350/494/494
f 349/493/493 403/547/547 348/492/492
f 347/491/491 425/569/569 346/490/490
f 345/489/489 364/508/508 334/478/478
f 344/488/488 360/504/504 331/475/475
f 343/487/487 355/499/499 326/470/470
f 342/486/486 885/1066/1066 341/485/485
f 340/484/484 348/492/492 339/483/483
f 338/482/482 346/490/490 337/481/481
f 336/480/480 334/478/478 306/450/450
f 334/478/478 333/477/477 302/446/446
f 333/477/477 332/476/476 300/444/444
f 332/476/476 331/475/475 299/443/443
f 331/475/475 725/906/906 330/474/474
f 329/473/473 717/898/898 328/472/472
f 327/471/471 326/470/470 294/438/438
f 326/470/470 325/469/469 293/437/437
f 325/469/469 815/996/996 324/468/468
f 323/467/467 322/466/466 290/434/434
f 322/466/466 341/485/485 321/465/465
f 320/464/464 802/983/983 319/463/463
f 318/462/462 317/461/461 316/460/460
f 317/461/461 315/459/459 314/458/458
f 315/459/459 313/457/457 285/429/429
f 313/457/457 312/456/456 284/428/428
f 312/456/456 339/483/483 311/455/455
f 310/454/454 992/1173/1173 309/453/453
f 308/452/452 337/481/481 307/451/451
f 306/450/450 302/446/446 274/418/418
f 301/445/445 305/449/449 272/416/416
f 300/444/444 299/443/443 270/414/414
f 299/443/443 330/474/474 298/442/442
f 297/441/441 328/472/472 296/440/440
f 295/439/439 294/438/438 263/407/407
f 294/438/438 293/437/437 261/405/405
f 293/437/437 324/468/468 292/436/436
f 291/435/435 290/434/434 256/400/400
f 290/434/434 321/465/465 289/433/433
f 288/432/432 319/463/463 287/431/431
f 286/430/430 316/460/460 250/394/394
f 285/429/429 284/428/428 247/391/391
f 284/428/428 311/455/455 283/427/427
f 282/426/426 309/453/453 281/425/425
f 280/424/424 307/451/451 278/422/422
f 277/421/421 275/419/419 242/386/386
f 275/419/419 274/418/418 273/417/417
f 274/418/418 272/416/416 271/415/415
f 272/416/416 270/414/414 239/383/383
f 270/414/414 298/442/442 269/413/413
f 268/412/412 296/440/440 266/410/410
f 265/409/409 263/407/407 262/406/406
f 263/407/407 261/405/405 260/404/404
f 261/405/405 292/436/436 259/403/403
f 258/402/402 256/400/400 255/399/399
f 256/400/400 289/433/433 254/398/398
f 253/397/397 287/431/431 252/396/396
f 251/395/395 250/394/394 230/374/374
f 250/394/394 249/393/393 225/369/369
f 249/393/393 248/392/392 223/367/367
f 248/392/392 247/391/391 246/390/390
f 247/391/391 283/427/427 245/389/389
f 244/388/388 281/425/425 243/387/387
f 242/386/386 273/417/417 240/384/384
f 239/383/383 269/413/413 237/381/381
f 236/380/380 252/396/396 234/378/378
f 233/377/377 230/374/374 228/372/372
f 227/371/371 225/369/369 224/368/368
f 225/369/369 223/367/367 222/366/366
f 223/367/367 246/390/390 221/365/365
f 220/364/364 243/387/387 218/362/362
f 1149/1460/1460 1244/1461/1461 1245/1462/1462
f 1245/1462/1462 1152/1463/1463 1149/1460/1460
f 1246/1464/1464 1247/1465/1465 901/1466/1466
f 1247/1465/1465 904/1467/1467 901/1466/1466
f 901/1466/1466 899/1468/1468 1246/1464/1464
f 1248/1469/1469 1246/1470/1470 1215/1471/1471
f 1246/1470/1470 899/1472/1472 1215/1471/1471
f 1215/1471/1471 1212/1473/1473 1248/1469/1469
f 1249/1474/1474 1248/1475/1475 675/1476/1476
f 1248/1475/1475 1243/1477/1477 675/1476/1476
f 1248/1475/1475 416/1478/1478 1243/1477/1477
f 1248/1475/1475 417/1479/1479 416/1478/1478
f 1248/1475/1475 1212/1480/1480 417/1479/1479
f 675/1476/1476 1204/1481/1481 1249/1474/1474
f 1250/1482/1482 1249/1483/1483 1206/1484/1484
f 1249/1483/1483 1204/1485/1485 1206/1484/1484
f 1206/1484/1484 1208/1486/1486 1250/1482/1482
f 1251/1487/1487 410/1488/1488 409/1489/1489
f 1251/1487/1487 412/1490/1490 410/1488/1488
f 1251/1487/1487 1250/1491/1491 413/1492/1492
f 413/1492/1492 412/1490/1490 1251/1487/1487
f 1250/1491/1491 415/1493/1493 413/1492/1492
f 1250/1491/1491 1207/1494/1494 415/1493/1493
f 1250/1491/1491 1208/1495/1495 1207/1494/1494
f 409/1489/1489 989/1496/1496 1251/1487/1487
f 1252/1497/1497 407/1498/1498 405/1499/1499
f 1251/1500/1500 596/1501/1501 407/1498/1498
f 407/1498/1498 1252/1497/1497 1251/1500/1500
f 1251/1500/1500 604/1502/1502 596/1501/1501
f 1251/1500/1500 987/1503/1503 604/1502/1502
f 1251/1500/1500 989/1504/1504 987/1503/1503
f 405/1499/1499 404/1505/1505 1252/1497/1497
f 1253/1506/1506 691/1507/1507 695/1508/1508
f 1252/1509/1509 1052/1510/1510 691/1507/1507
f 691/1507/1507 1253/1506/1506 1252/1509/1509
f 1252/1509/1509 1241/1511/1511 1052/1510/1510
f 1252/1509/1509 401/1512/1512 1241/1511/1511
f 1252/1509/1509 402/1513/1513 401/1512/1512
f 1252/1509/1509 404/1514/1514 402/1513/1513
f 695/1508/1508 693/1515/1515 1253/1506/1506
f 1254/1516/1516 1253/1517/1517 968/1518/1518
f 1253/1517/1517 693/1519/1519 968/1518/1518
f 968/1518/1518 965/1520/1520 1254/1516/1516
f 1254/1521/1521 965/1522/1522 400/1523/1523
f 400/1523/1523 1255/1524/1524 1254/1521/1521
f 400/1523/1523 399/1525/1525 1255/1524/1524
f 1256/1526/1526 1255/1527/1527 399/1528/1528
f 399/1528/1528 588/1529/1529 1256/1526/1526
f 588/1530/1530 590/1531/1531 1257/1532/1532
f 1257/1532/1532 1256/1533/1533 588/1530/1530
f 1258/1534/1534 507/1535/1535 500/1536/1536
f 1258/1534/1534 1257/1537/1537 879/1538/1538
f 879/1538/1538 507/1535/1535 1258/1534/1534
f 1257/1537/1537 590/1539/1539 879/1538/1538
f 500/1536/1536 397/1540/1540 1258/1534/1534
f 685/1541/1541 1259/1542/1542 1258/1543/1543
f 1258/1543/1543 397/1544/1544 685/1541/1541
f 1259/1545/1545 685/1546/1546 683/1547/1547
f 683/1547/1547 1260/1548/1548 1259/1545/1545
f 683/1547/1547 394/1549/1549 1260/1548/1548
f 1261/1550/1550 746/1551/1551 748/1552/1552
f 1261/1550/1550 1260/1553/1553 391/1554/1554
f 391/1554/1554 746/1551/1551 1261/1550/1550
f 1260/1553/1553 1218/1555/1555 391/1554/1554
f 1260/1553/1553 1219/1556/1556 1218/1555/1555
f 1260/1553/1553 394/1557/1557 1219/1556/1556
f 748/1552/1552 390/1558/1558 1261/1550/1550
f 1262/1559/1559 384/1560/1560 381/1561/1561
f 1262/1559/1559 1261/1562/1562 387/1563/1563
f 387/1563/1563 384/1560/1560 1262/1559/1559
f 1261/1562/1562 388/1564/1564 387/1563/1563
f 1261/1562/1562 389/1565/1565 388/1564/1564
f 1261/1562/1562 390/1566/1566 389/1565/1565
f 381/1561/1561 379/1567/1567 1262/1559/1559
f 1263/1568/1568 1229/1569/1569 809/1570/1570
f 1262/1571/1571 1227/1572/1572 1229/1569/1569
f 1229/1569/1569 1263/1568/1568 1262/1571/1571
f 1262/1571/1571 1234/1573/1573 1227/1572/1572
f 1262/1571/1571 377/1574/1574 1234/1573/1573
f 1262/1571/1571 379/1575/1575 377/1574/1574
f 809/1570/1570 808/1576/1576 1263/1568/1568
f 1263/1577/1577 808/1578/1578 929/1579/1579
f 929/1579/1579 1264/1580/1580 1263/1577/1577
f 1265/1581/1581 915/1582/1582 740/1583/1583
f 1265/1581/1581 916/1584/1584 915/1582/1582
f 1264/1585/1585 929/1586/1586 916/1584/1584
f 916/1584/1584 1265/1581/1581 1264/1585/1585
f 740/1583/1583 742/1587/1587 1265/1581/1581
f 1266/1588/1588 735/1589/1589 738/1590/1590
f 1266/1588/1588 736/1591/1591 735/1589/1589
f 1265/1592/1592 742/1593/1593 736/1591/1591
f 736/1591/1591 1266/1588/1588 1265/1592/1592
f 738/1590/1590 998/1594/1594 1266/1588/1588
f 998/1595/1595 994/1596/1596 1267/1597/1597
f 1267/1597/1597 1266/1598/1598 998/1595/1595
f 1247/1599/1599 1242/1600/1600 1037/1601/1601
f 1035/1602/1602 1268/1603/1603 1269/1604/1604
f 1247/1599/1599 1035/1602/1602 1242/1600/1600
f 1269/1604/1604 1148/1605/1605 1035/1602/1602
f 1035/1602/1602 1247/1599/1599 1268/1603/1603
f 1037/1601/1601 904/1606/1606 1247/1599/1599
f 982/1607/1607 983/1608/1608 1270/1609/1609
f 1271/1610/1610 1267/1611/1611 376/1612/1612
f 376/1612/1612 982/1607/1607 1271/1610/1610
f 1267/1611/1611 1120/1613/1613 376/1612/1612
f 1267/1611/1611 1118/1614/1614 1120/1613/1613
f 1267/1611/1611 1119/1615/1615 1118/1614/1614
f 1267/1611/1611 994/1616/1616 1119/1615/1615
f 1270/1609/1609 1271/1610/1610 982/1607/1607
f 1272/1617/1617 1240/1618/1618 1239/1619/1619
f 1239/1619/1619 1273/1620/1620 1272/1617/1617
f 1273/1621/1621 1239/1622/1622 1238/1623/1623
f 1238/1623/1623 1274/1624/1624 1273/1621/1621
f 1274/1625/1625 1238/1626/1626 1237/1627/1627
f 1237/1627/1627 1275/1628/1628 1274/1625/1625
f 1276/1629/1629 1233/1630/1630 1235/1631/1631
f 1235/1631/1631 1277/1632/1632 1276/1629/1629
f 1277/1633/1633 1235/1634/1634 1232/1635/1635
f 1232/1635/1635 1278/1636/1636 1277/1633/1633
f 1278/1637/1637 1232/1638/1638 1236/1639/1639
f 1236/1639/1639 1279/1640/1640 1278/1637/1637
f 1280/1641/1641 1231/1642/1642 1230/1643/1643
f 1230/1643/1643 1281/1644/1644 1280/1641/1641
f 1281/1645/1645 1230/1646/1646 1228/1647/1647
f 1228/1647/1647 1282/1648/1648 1281/1645/1645
f 1282/1649/1649 1228/1650/1650 1226/1651/1651
f 1226/1651/1651 1283/1652/1652 1282/1649/1649
f 1284/1653/1653 1224/1654/1654 1223/1655/1655
f 1223/1655/1655 1285/1656/1656 1284/1653/1653
f 1285/1657/1657 1223/1658/1658 1225/1659/1659
f 1225/1659/1659 1286/1660/1660 1285/1657/1657
f 1286/1661/1661 1225/1662/1662 1222/1663/1663
f 1222/1663/1663 1287/1664/1664 1286/1661/1661
f 1288/1665/1665 1221/1666/1666 1217/1667/1667
f 1217/1667/1667 1289/1668/1668 1288/1665/1665
f 1289/1669/1669 1217/1670/1670 1216/1671/1671
f 1216/1671/1671 1290/1672/1672 1289/1669/1669
f 1290/1673/1673 1216/1674/1674 1220/1675/1675
f 1220/1675/1675 1291/1676/1676 1290/1673/1673
f 1292/1677/1677 383/1678/1678 378/1679/1679
f 378/1679/1679 1293/1680/1680 1292/1677/1677
f 1293/1681/1681 378/1682/1682 380/1683/1683
f 380/1683/1683 1294/1684/1684 1293/1681/1681
f 1294/1685/1685 380/1686/1686 382/1687/1687
f 382/1687/1687 1295/1688/1688 1294/1685/1685
f 1296/1689/1689 1214/1690/1690 1213/1691/1691
f 1213/1691/1691 1297/1692/1692 1296/1689/1689
f 1297/1693/1693 1213/1694/1694 1211/1695/1695
f 1211/1695/1695 1298/1696/1696 1297/1693/1693
f 1298/1697/1697 1211/1698/1698 1210/1699/1699
f 1210/1699/1699 1299/1700/1700 1298/1697/1697
f 1300/1701/1701 1201/1702/1702 1209/1703/1703
f 1209/1703/1703 1301/1704/1704 1300/1701/1701
f 1301/1705/1705 1209/1706/1706 1205/1707/1707
f 1205/1707/1707 1302/1708/1708 1301/1705/1705
f 1302/1709/1709 1205/1710/1710 1203/1711/1711
f 1203/1711/1711 1303/1712/1712 1302/1709/1709
f 1304/1713/1713 1150/1714/1714 1153/1715/1715
f 1153/1715/1715 1305/1716/1716 1304/1713/1713
f 1305/1717/1717 1153/1718/1718 1154/1719/1719
f 1154/1719/1719 1306/1720/1720 1305/1717/1717
f 1306/1721/1721 1154/1722/1722 1151/1723/1723
f 1151/1723/1723 1307/1724/1724 1306/1721/1721
f 1308/1725/1725 1116/1726/1726 1115/1727/1727
f 1115/1727/1727 1309/1728/1728 1308/1725/1725
f 1309/1729/1729 1115/1730/1730 1147/1731/1731
f 1147/1731/1731 1310/1732/1732 1309/1729/1729
f 1147/1731/1731 1121/1733/1733 1310/1732/1732
f 1310/1734/1734 1121/1735/1735 1117/1736/1736
f 1117/1736/1736 1311/1737/1737 1310/1734/1734
f 1312/1738/1738 1111/1739/1739 1113/1740/1740
f 1113/1740/1740 1313/1741/1741 1312/1738/1738
f 1313/1742/1742 1113/1743/1743 1114/1744/1744
f 1114/1744/1744 1314/1745/1745 1313/1742/1742
f 1314/1746/1746 1114/1747/1747 1112/1748/1748
f 1112/1748/1748 1315/1749/1749 1314/1746/1746
f 1316/1750/1750 1058/1751/1751 1057/1752/1752
f 1057/1752/1752 1317/1753/1753 1316/1750/1750
f 1317/1754/1754 1057/1755/1755 1109/1756/1756
f 1109/1756/1756 1318/1757/1757 1317/1754/1754
f 1318/1758/1758 1108/1759/1759 1106/1760/1760
f 1106/1760/1760 1319/1761/1761 1318/1758/1758
f 1318/1758/1758 1107/1762/1762 1108/1759/1759
f 1318/1758/1758 1109/1763/1763 1107/1762/1762
f 1106/1760/1760 1103/1764/1764 1319/1761/1761
f 1320/1765/1765 1054/1766/1766 1056/1767/1767
f 1056/1767/1767 1321/1768/1768 1320/1765/1765
f 1321/1769/1769 1056/1770/1770 1055/1771/1771
f 1055/1771/1771 1322/1772/1772 1321/1769/1769
f 1322/1773/1773 1055/1774/1774 1053/1775/1775
f 1053/1775/1775 1323/1776/1776 1322/1773/1773
f 1049/1777/1777 1324/1778/1778 1325/1779/1779
f 1047/1780/1780 1326/1781/1781 1324/1778/1778
f 1324/1778/1778 1049/1777/1777 1047/1780/1780
f 1047/1780/1780 1327/1782/1782 1326/1781/1781
f 1325/1779/1779 1328/1783/1783 1049/1777/1777
f 1327/1784/1784 1047/1785/1785 1051/1786/1786
f 1051/1786/1786 1329/1787/1787 1327/1784/1784
f 1329/1788/1788 1051/1789/1789 1050/1790/1790
f 1050/1790/1790 1330/1791/1791 1329/1788/1788
f 1331/1792/1792 1043/1793/1793 1042/1794/1794
f 1042/1794/1794 1332/1795/1795 1331/1792/1792
f 1332/1796/1796 1042/1797/1797 1046/1798/1798
f 1046/1798/1798 1333/1799/1799 1332/1796/1796
f 1333/1800/1800 1046/1801/1801 1045/1802/1802
f 1045/1802/1802 1334/1803/1803 1333/1800/1800
f 1335/1804/1804 1041/1805/1805 1040/1806/1806
f 1040/1806/1806 1336/1807/1807 1335/1804/1804
f 1336/1808/1808 1040/1809/1809 1039/1810/1810
f 1039/1810/1810 1337/1811/1811 1336/1808/1808
f 1337/1812/1812 1039/1813/1813 1038/1814/1814
f 1038/1814/1814 1338/1815/1815 1337/1812/1812
f 1339/1816/1816 1001/1817/1817 1036/1818/1818
f 1036/1818/1818 1340/1819/1819 1339/1816/1816
f 1340/1820/1820 1036/1821/1821 1034/1822/1822
f 1034/1822/1822 1341/1823/1823 1340/1820/1820
f 1341/1824/1824 1034/1825/1825 1002/1826/1826
f 1002/1826/1826 1342/1827/1827 1341/1824/1824
f 1343/1828/1828 995/1829/1829 999/1830/1830
f 999/1830/1830 1344/1831/1831 1343/1828/1828
f 1344/1832/1832 999/1833/1833 997/1834/1834
f 997/1834/1834 1345/1835/1835 1344/1832/1832
f 1345/1836/1836 997/1837/1837 996/1838/1838
f 996/1838/1838 1346/1839/1839 1345/1836/1836
f 1347/1840/1840 988/1841/1841 990/1842/1842
f 990/1842/1842 1348/1843/1843 1347/1840/1840
f 1348/1844/1844 990/1845/1845 991/1846/1846
f 991/1846/1846 1349/1847/1847 1348/1844/1844
f 1349/1848/1848 991/1849/1849 986/1850/1850
f 986/1850/1850 1350/1851/1851 1349/1848/1848
f 1351/1852/1852 981/1853/1853 984/1854/1854
f 984/1854/1854 1352/1855/1855 1351/1852/1852
f 1352/1856/1856 984/1857/1857 985/1858/1858
f 985/1858/1858 1353/1859/1859 1352/1856/1856
f 1353/1860/1860 985/1861/1861 1094/1862/1862
f 1094/1862/1862 1354/1863/1863 1353/1860/1860
f 1355/1864/1864 974/1865/1865 1110/1866/1866
f 1110/1866/1866 1356/1867/1867 1355/1864/1864
f 1356/1868/1868 1110/1869/1869 978/1870/1870
f 978/1870/1870 1357/1871/1871 1356/1868/1868
f 1357/1872/1872 978/1873/1873 975/1874/1874
f 975/1874/1874 1358/1875/1875 1357/1872/1872
f 1359/1876/1876 969/1877/1877 1168/1878/1878
f 1168/1878/1878 1360/1879/1879 1359/1876/1876
f 1360/1880/1880 1168/1881/1881 972/1882/1882
f 972/1882/1882 1361/1883/1883 1360/1880/1880
f 1361/1884/1884 972/1885/1885 970/1886/1886
f 970/1886/1886 1362/1887/1887 1361/1884/1884
f 1363/1888/1888 964/1889/1889 967/1890/1890
f 967/1890/1890 1364/1891/1891 1363/1888/1888
f 1364/1892/1892 967/1893/1893 963/1894/1894
f 963/1894/1894 1365/1895/1895 1364/1892/1892
f 1365/1896/1896 963/1897/1897 966/1898/1898
f 966/1898/1898 1366/1899/1899 1365/1896/1896
f 1367/1900/1900 955/1901/1901 959/1902/1902
f 959/1902/1902 1368/1903/1903 1367/1900/1900
f 959/1904/1904 1369/1905/1905 1370/1906/1906
f 958/1907/1907 1371/1908/1908 1369/1905/1905
f 1369/1905/1905 959/1904/1904 958/1907/1907
f 958/1907/1907 1372/1909/1909 1371/1908/1908
f 1370/1906/1906 1368/1910/1910 959/1904/1904
f 1372/1911/1911 958/1912/1912 956/1913/1913
f 956/1913/1913 1373/1914/1914 1372/1911/1911
f 1374/1915/1915 914/1916/1916 928/1917/1917
f 928/1917/1917 1375/1918/1918 1374/1915/1915
f 1375/1919/1919 928/1920/1920 918/1921/1921
f 918/1921/1921 1376/1922/1922 1375/1919/1919
f 1376/1923/1923 918/1924/1924 917/1925/1925
f 917/1925/1925 1377/1926/1926 1376/1923/1923
f 1378/1927/1927 912/1928/1928 911/1929/1929
f 911/1929/1929 1379/1930/1930 1378/1927/1927
f 1379/1931/1931 911/1932/1932 910/1933/1933
f 910/1933/1933 1380/1934/1934 1379/1931/1931
f 1380/1935/1935 910/1936/1936 913/1937/1937
f 913/1937/1937 1381/1938/1938 1380/1935/1935
f 1382/1939/1939 907/1940/1940 909/1941/1941
f 909/1941/1941 1383/1942/1942 1382/1939/1939
f 1383/1943/1943 909/1944/1944 906/1945/1945
f 906/1945/1945 1384/1946/1946 1383/1943/1943
f 1384/1947/1947 906/1948/1948 908/1949/1949
f 908/1949/1949 1385/1950/1950 1384/1947/1947
f 1386/1951/1951 900/1952/1952 902/1953/1953
f 902/1953/1953 1387/1954/1954 1386/1951/1951
f 1387/1955/1955 902/1956/1956 905/1957/1957
f 905/1957/1957 1388/1958/1958 1387/1955/1955
f 1388/1959/1959 905/1960/1960 903/1961/1961
f 903/1961/1961 1389/1962/1962 1388/1959/1959
f 1390/1963/1963 894/1964/1964 898/1965/1965
f 898/1965/1965 1391/1966/1966 1390/1963/1963
f 1391/1967/1967 898/1968/1968 897/1969/1969
f 897/1969/1969 1392/1970/1970 1391/1967/1967
f 1392/1971/1971 897/1972/1972 895/1973/1973
f 895/1973/1973 1393/1974/1974 1392/1971/1971
f 1394/1975/1975 889/1976/1976 892/1977/1977
f 892/1977/1977 1395/1978/1978 1394/1975/1975
f 1395/1979/1979 892/1980/1980 891/1981/1981
f 891/1981/1981 1396/1982/1982 1395/1979/1979
f 1396/1983/1983 891/1984/1984 890/1985/1985
f 890/1985/1985 1397/1986/1986 1396/1983/1983
f 1398/1987/1987 884/1988/1988 960/1989/1989
f 960/1989/1989 1399/1990/1990 1398/1987/1987
f 1399/1991/1991 960/1992/1992 888/1993/1993
f 888/1993/1993 1400/1994/1994 1399/1991/1991
f 1400/1995/1995 888/1996/1996 886/1997/1997
f 886/1997/1997 1401/1998/1998 1400/1995/1995
f 1402/1999/1999 547/2000/2000 531/2001/2001
f 531/2001/2001 1403/2002/2002 1402/1999/1999
f 1403/2003/2003 531/2004/2004 587/2005/2005
f 587/2005/2005 1404/2006/2006 1403/2003/2003
f 1404/2007/2007 587/2008/2008 589/2009/2009
f 589/2009/2009 1405/2010/2010 1404/2007/2007
f 1406/2011/2011 880/2012/2012 881/2013/2013
f 881/2013/2013 1407/2014/2014 1406/2011/2011
f 1407/2015/2015 881/2016/2016 831/2017/2017
f 831/2017/2017 1408/2018/2018 1407/2015/2015
f 1408/2019/2019 831/2020/2020 877/2021/2021
f 877/2021/2021 1409/2022/2022 1408/2019/2019
f 811/2023/2023 1410/2024/2024 1411/2025/2025
f 811/2023/2023 977/2026/2026 1412/2027/2027
f 1412/2027/2027 1410/2024/2024 811/2023/2023
f 977/2026/2026 1413/2028/2028 1412/2027/2027
f 1411/2025/2025 1414/2029/2029 811/2023/2023
f 1413/2030/2030 977/2031/2031 976/2032/2032
f 976/2032/2032 1415/2033/2033 1413/2030/2030
f 976/2032/2032 814/2034/2034 1415/2033/2033
f 1415/2035/2035 814/2036/2036 812/2037/2037
f 812/2037/2037 1416/2038/2038 1415/2035/2035
f 1417/2039/2039 810/2040/2040 806/2041/2041
f 806/2041/2041 1418/2042/2042 1417/2039/2039
f 1418/2043/2043 806/2044/2044 805/2045/2045
f 805/2045/2045 1419/2046/2046 1418/2043/2043
f 1419/2047/2047 805/2048/2048 921/2049/2049
f 921/2049/2049 1420/2050/2050 1419/2047/2047
f 1421/2051/2051 800/2052/2052 799/2053/2053
f 799/2053/2053 1422/2054/2054 1421/2051/2051
f 1422/2055/2055 799/2056/2056 803/2057/2057
f 803/2057/2057 1423/2058/2058 1422/2055/2055
f 1423/2059/2059 803/2060/2060 801/2061/2061
f 801/2061/2061 1424/2062/2062 1423/2059/2059
f 1425/2063/2063 796/2064/2064 797/2065/2065
f 797/2065/2065 1426/2066/2066 1425/2063/2063
f 1426/2067/2067 797/2068/2068 798/2069/2069
f 798/2069/2069 1427/2070/2070 1426/2067/2067
f 1427/2071/2071 798/2072/2072 795/2073/2073
f 795/2073/2073 1428/2074/2074 1427/2071/2071
f 1429/2075/2075 756/2076/2076 755/2077/2077
f 755/2077/2077 1430/2078/2078 1429/2075/2075
f 1430/2079/2079 755/2080/2080 752/2081/2081
f 752/2081/2081 1431/2082/2082 1430/2079/2079
f 1431/2083/2083 752/2084/2084 750/2085/2085
f 750/2085/2085 1432/2086/2086 1431/2083/2083
f 743/2087/2087 1433/2088/2088 1434/2089/2089
f 743/2087/2087 1435/2090/2090 1433/2088/2088
f 749/2091/2091 1436/2092/2092 1435/2090/2090
f 1435/2090/2090 743/2087/2087 749/2091/2091
f 1434/2089/2089 1437/2093/2093 743/2087/2087
f 1436/2094/2094 749/2095/2095 747/2096/2096
f 747/2096/2096 1438/2097/2097 1436/2094/2094
f 1438/2098/2098 747/2099/2099 744/2100/2100
f 744/2100/2100 1439/2101/2101 1438/2098/2098
f 1440/2102/2102 301/2103/2103 303/2104/2104
f 303/2104/2104 1441/2105/2105 1440/2102/2102
f 1441/2106/2106 303/2107/2107 304/2108/2108
f 304/2108/2108 1442/2109/2109 1441/2106/2106
f 1442/2110/2110 304/2111/2111 305/2112/2112
f 305/2112/2112 1443/2113/2113 1442/2110/2110
f 1444/2114/2114 741/2115/2115 739/2116/2116
f 739/2116/2116 1445/2117/2117 1444/2114/2114
f 1445/2118/2118 739/2119/2119 737/2120/2120
f 737/2120/2120 1446/2121/2121 1445/2118/2118
f 1446/2122/2122 737/2123/2123 734/2124/2124
f 734/2124/2124 1447/2125/2125 1446/2122/2122
f 1448/2126/2126 732/2127/2127 733/2128/2128
f 733/2128/2128 1449/2129/2129 1448/2126/2126
f 1449/2130/2130 733/2131/2131 730/2132/2132
f 730/2132/2132 1450/2133/2133 1449/2130/2130
f 1450/2134/2134 730/2135/2135 731/2136/2136
f 731/2136/2136 1451/2137/2137 1450/2134/2134
f 1452/2138/2138 728/2139/2139 729/2140/2140
f 729/2140/2140 1453/2141/2141 1452/2138/2138
f 1453/2142/2142 729/2143/2143 726/2144/2144
f 726/2144/2144 1454/2145/2145 1453/2142/2142
f 1454/2146/2146 726/2147/2147 727/2148/2148
f 727/2148/2148 1455/2149/2149 1454/2146/2146
f 1456/2150/2150 720/2151/2151 721/2152/2152
f 721/2152/2152 1457/2153/2153 1456/2150/2150
f 1457/2154/2154 721/2155/2155 724/2156/2156
f 724/2156/2156 1458/2157/2157 1457/2154/2154
f 1458/2158/2158 724/2159/2159 723/2160/2160
f 723/2160/2160 1459/2161/2161 1458/2158/2158
f 1460/2162/2162 716/2163/2163 722/2164/2164
f 722/2164/2164 1461/2165/2165 1460/2162/2162
f 1461/2166/2166 722/2167/2167 719/2168/2168
f 719/2168/2168 1462/2169/2169 1461/2166/2166
f 1462/2170/2170 719/2171/2171 718/2172/2172
f 718/2172/2172 1463/2173/2173 1462/2170/2170
f 1464/2174/2174 714/2175/2175 713/2176/2176
f 713/2176/2176 1465/2177/2177 1464/2174/2174
f 1465/2178/2178 713/2179/2179 715/2180/2180
f 715/2180/2180 1466/2181/2181 1465/2178/2178
f 1466/2182/2182 715/2183/2183 1146/2184/2184
f 1146/2184/2184 1467/2185/2185 1466/2182/2182
f 1468/2186/2186 712/2187/2187 711/2188/2188
f 711/2188/2188 1469/2189/2189 1468/2186/2186
f 1469/2190/2190 711/2191/2191 709/2192/2192
f 709/2192/2192 1470/2193/2193 1469/2190/2190
f 1470/2194/2194 709/2195/2195 708/2196/2196
f 708/2196/2196 1471/2197/2197 1470/2194/2194
f 1472/2198/2198 706/2199/2199 705/2200/2200
f 705/2200/2200 1473/2201/2201 1472/2198/2198
f 1473/2202/2202 705/2203/2203 707/2204/2204
f 707/2204/2204 1474/2205/2205 1473/2202/2202
f 1474/2206/2206 707/2207/2207 703/2208/2208
f 703/2208/2208 1475/2209/2209 1474/2206/2206
f 1476/2210/2210 699/2211/2211 701/2212/2212
f 701/2212/2212 1477/2213/2213 1476/2210/2210
f 1477/2214/2214 701/2215/2215 702/2216/2216
f 702/2216/2216 1478/2217/2217 1477/2214/2214
f 1478/2218/2218 702/2219/2219 700/2220/2220
f 700/2220/2220 1479/2221/2221 1478/2218/2218
f 1480/2222/2222 1004/2223/2223 1003/2224/2224
f 1003/2224/2224 1481/2225/2225 1480/2222/2222
f 1003/2226/2226 1005/2227/2227 1482/2228/2228
f 1482/2228/2228 1005/2227/2227 698/2229/2229
f 698/2229/2229 1483/2230/2230 1482/2228/2228
f 697/2231/2231 1484/2232/2232 1483/2230/2230
f 1483/2230/2230 698/2229/2229 697/2231/2231
f 893/2233/2233 1485/2234/2234 1484/2232/2232
f 1484/2232/2232 697/2231/2231 893/2233/2233
f 1482/2228/2228 1481/2235/2235 1003/2226/2226
f 1485/2236/2236 893/2237/2237 696/2238/2238
f 696/2238/2238 1486/2239/2239 1485/2236/2236
f 1487/2240/2240 692/2241/2241 694/2242/2242
f 694/2242/2242 1488/2243/2243 1487/2240/2240
f 1488/2244/2244 694/2245/2245 690/2246/2246
f 690/2246/2246 1489/2247/2247 1488/2244/2244
f 1489/2248/2248 690/2249/2249 689/2250/2250
f 689/2250/2250 1490/2251/2251 1489/2248/2248
f 1491/2252/2252 687/2253/2253 684/2254/2254
f 684/2254/2254 1492/2255/2255 1491/2252/2252
f 1492/2256/2256 684/2257/2257 686/2258/2258
f 686/2258/2258 1493/2259/2259 1492/2256/2256
f 1493/2260/2260 686/2261/2261 682/2262/2262
f 682/2262/2262 1494/2263/2263 1493/2260/2260
f 1495/2264/2264 678/2265/2265 804/2266/2266
f 804/2266/2266 1496/2267/2267 1495/2264/2264
f 1496/2268/2268 804/2269/2269 680/2270/2270
f 680/2270/2270 1497/2271/2271 1496/2268/2268
f 680/2272/2272 679/2273/2273 1498/2274/2274
f 679/2273/2273 1499/2275/2275 1498/2274/2274
f 679/2273/2273 1500/2276/2276 1499/2275/2275
f 679/2273/2273 1501/2277/2277 1500/2276/2276
f 1498/2274/2274 1497/2278/2278 680/2272/2272
f 1502/2279/2279 674/2280/2280 673/2281/2281
f 673/2281/2281 1503/2282/2282 1502/2279/2279
f 1503/2283/2283 673/2284/2284 676/2285/2285
f 676/2285/2285 1504/2286/2286 1503/2283/2283
f 1504/2287/2287 676/2288/2288 1202/2289/2289
f 1202/2289/2289 1505/2290/2290 1504/2287/2287
f 1506/2291/2291 670/2292/2292 672/2293/2293
f 672/2293/2293 1507/2294/2294 1506/2291/2291
f 1507/2295/2295 672/2296/2296 671/2297/2297
f 671/2297/2297 1508/2298/2298 1507/2295/2295
f 1508/2299/2299 671/2300/2300 669/2301/2301
f 669/2301/2301 1509/2302/2302 1508/2299/2299
f 1510/2303/2303 229/2304/2304 231/2305/2305
f 231/2305/2305 1511/2306/2306 1510/2303/2303
f 1511/2307/2307 231/2308/2308 227/2309/2309
f 227/2309/2309 1512/2310/2310 1511/2307/2307
f 1512/2311/2311 227/2312/2312 226/2313/2313
f 226/2313/2313 1513/2314/2314 1512/2311/2311
f 1275/2315/2315 1237/2316/2316 1240/2317/2317
f 1240/2317/2317 1272/2318/2318 1275/2315/2315
f 1279/2319/2319 1236/2320/2320 1233/2321/2321
f 1233/2321/2321 1276/2322/2322 1279/2319/2319
f 1283/2323/2323 1226/2324/2324 1231/2325/2325
f 1231/2325/2325 1280/2326/2326 1283/2323/2323
f 1287/2327/2327 1222/2328/2328 1224/2329/2329
f 1224/2329/2329 1284/2330/2330 1287/2327/2327
f 1291/2331/2331 1220/2332/2332 1221/2333/2333
f 1221/2333/2333 1288/2334/2334 1291/2331/2331
f 1295/2335/2335 382/2336/2336 383/2337/2337
f 383/2337/2337 1292/2338/2338 1295/2335/2335
f 1299/2339/2339 1210/2340/2340 1214/2341/2341
f 1214/2341/2341 1296/2342/2342 1299/2339/2339
f 1303/2343/2343 1203/2344/2344 1201/2345/2345
f 1201/2345/2345 1300/2346/2346 1303/2343/2343
f 1307/2347/2347 1151/2348/2348 1150/2349/2349
f 1150/2349/2349 1304/2350/2350 1307/2347/2347
f 1311/2351/2351 1117/2352/2352 1116/2353/2353
f 1116/2353/2353 1308/2354/2354 1311/2351/2351
f 1315/2355/2355 1112/2356/2356 1111/2357/2357
f 1111/2357/2357 1312/2358/2358 1315/2355/2355
f 1319/2359/2359 1103/2360/2360 1058/2361/2361
f 1058/2361/2361 1316/2362/2362 1319/2359/2359
f 1323/2363/2363 1053/2364/2364 1054/2365/2365
f 1054/2365/2365 1320/2366/2366 1323/2363/2363
f 1050/2367/2367 1049/2368/2368 1514/2369/2369
f 1049/2368/2368 1515/2370/2370 1514/2369/2369
f 1049/2368/2368 1516/2371/2371 1515/2370/2370
f 1049/2368/2368 1328/2372/2372 1516/2371/2371
f 1514/2369/2369 1330/2373/2373 1050/2367/2367
f 1334/2374/2374 1045/2375/2375 1043/2376/2376
f 1043/2376/2376 1331/2377/2377 1334/2374/2374
f 1338/2378/2378 1038/2379/2379 1041/2380/2380
f 1041/2380/2380 1335/2381/2381 1338/2378/2378
f 1342/2382/2382 1002/2383/2383 1001/2384/2384
f 1001/2384/2384 1339/2385/2385 1342/2382/2382
f 1346/2386/2386 996/2387/2387 995/2388/2388
f 995/2388/2388 1343/2389/2389 1346/2386/2386
f 1350/2390/2390 986/2391/2391 988/2392/2392
f 988/2392/2392 1347/2393/2393 1350/2390/2390
f 1354/2394/2394 1094/2395/2395 981/2396/2396
f 981/2396/2396 1351/2397/2397 1354/2394/2394
f 1358/2398/2398 975/2399/2399 974/2400/2400
f 974/2400/2400 1355/2401/2401 1358/2398/2398
f 1362/2402/2402 970/2403/2403 969/2404/2404
f 969/2404/2404 1359/2405/2405 1362/2402/2402
f 1366/2406/2406 966/2407/2407 964/2408/2408
f 964/2408/2408 1363/2409/2409 1366/2406/2406
f 1373/2410/2410 956/2411/2411 955/2412/2412
f 955/2412/2412 1367/2413/2413 1373/2410/2410
f 1377/2414/2414 917/2415/2415 914/2416/2416
f 914/2416/2416 1374/2417/2417 1377/2414/2414
f 1381/2418/2418 913/2419/2419 912/2420/2420
f 912/2420/2420 1378/2421/2421 1381/2418/2418
f 1385/2422/2422 908/2423/2423 907/2424/2424
f 907/2424/2424 1382/2425/2425 1385/2422/2422
f 1389/2426/2426 903/2427/2427 900/2428/2428
f 900/2428/2428 1386/2429/2429 1389/2426/2426
f 1393/2430/2430 895/2431/2431 894/2432/2432
f 894/2432/2432 1390/2433/2433 1393/2430/2430
f 1397/2434/2434 890/2435/2435 889/2436/2436
f 889/2436/2436 1394/2437/2437 1397/2434/2434
f 1401/2438/2438 886/2439/2439 884/2440/2440
f 884/2440/2440 1398/2441/2441 1401/2438/2438
f 1405/2442/2442 589/2443/2443 547/2444/2444
f 547/2444/2444 1402/2445/2445 1405/2442/2442
f 1409/2446/2446 877/2447/2447 880/2448/2448
f 880/2448/2448 1406/2449/2449 1409/2446/2446
f 812/2450/2450 1517/2451/2451 1518/2452/2452
f 811/2453/2453 1519/2454/2454 1517/2451/2451
f 1517/2451/2451 812/2450/2450 811/2453/2453
f 811/2453/2453 1414/2455/2455 1519/2454/2454
f 1518/2452/2452 1416/2456/2456 812/2450/2450
f 1420/2457/2457 921/2458/2458 810/2459/2459
f 810/2459/2459 1417/2460/2460 1420/2457/2457
f 1424/2461/2461 801/2462/2462 800/2463/2463
f 800/2463/2463 1421/2464/2464 1424/2461/2461
f 1428/2465/2465 795/2466/2466 796/2467/2467
f 796/2467/2467 1425/2468/2468 1428/2465/2465
f 1432/2469/2469 750/2470/2470 756/2471/2471
f 756/2471/2471 1429/2472/2472 1432/2469/2469
f 1439/2473/2473 744/2474/2474 743/2475/2475
f 743/2475/2475 1437/2476/2476 1439/2473/2473
f 1443/2477/2477 305/2478/2478 301/2479/2479
f 301/2479/2479 1440/2480/2480 1443/2477/2477
f 1447/2481/2481 734/2482/2482 741/2483/2483
f 741/2483/2483 1444/2484/2484 1447/2481/2481
f 1451/2485/2485 731/2486/2486 732/2487/2487
f 732/2487/2487 1448/2488/2488 1451/2485/2485
f 1455/2489/2489 727/2490/2490 728/2491/2491
f 728/2491/2491 1452/2492/2492 1455/2489/2489
f 723/2493/2493 720/2494/2494 1520/2495/2495
f 720/2494/2494 1456/2496/2496 1520/2495/2495
f 1520/2495/2495 1459/2497/2497 723/2493/2493
f 1463/2498/2498 718/2499/2499 716/2500/2500
f 716/2500/2500 1460/2501/2501 1463/2498/2498
f 1467/2502/2502 1146/2503/2503 714/2504/2504
f 714/2504/2504 1464/2505/2505 1467/2502/2502
f 1471/2506/2506 708/2507/2507 712/2508/2508
f 712/2508/2508 1468/2509/2509 1471/2506/2506
f 1475/2510/2510 703/2511/2511 706/2512/2512
f 706/2512/2512 1472/2513/2513 1475/2510/2510
f 1479/2514/2514 700/2515/2515 699/2516/2516
f 699/2516/2516 1476/2517/2517 1479/2514/2514
f 1486/2518/2518 696/2519/2519 1004/2520/2520
f 1004/2520/2520 1480/2521/2521 1486/2518/2518
f 1490/2522/2522 689/2523/2523 692/2524/2524
f 692/2524/2524 1487/2525/2525 1490/2522/2522
f 1494/2526/2526 682/2527/2527 687/2528/2528
f 687/2528/2528 1491/2529/2529 1494/2526/2526
f 1501/2530/2530 679/2531/2531 678/2532/2532
f 678/2532/2532 1495/2533/2533 1501/2530/2530
f 1505/2534/2534 1202/2535/2535 674/2536/2536
f 674/2536/2536 1502/2537/2537 1505/2534/2534
f 1509/2538/2538 669/2539/2539 670/2540/2540
f 670/2540/2540 1506/2541/2541 1509/2538/2538
f 1513/2542/2542 226/2543/2543 229/2544/2544
f 229/2544/2544 1510/2545/2545 1513/2542/2542
f 1521/2546/2546 1522/2547/2547 980/2548/2548
f 980/2548/2548 979/2549/2549 1521/2546/2546
f 1245/2550/2550 971/2551/2551 973/2552/2552
f 1245/2550/2550 957/2553/2553 971/2551/2551
f 1523/2554/2554 962/2555/2555 957/2553/2553
f 957/2553/2553 1245/2550/2550 1523/2554/2554
f 1523/2554/2554 961/2556/2556 962/2555/2555
f 1523/2554/2554 542/2557/2557 528/2558/2558
f 528/2558/2558 961/2556/2556 1523/2554/2554
f 973/2552/2552 1152/2559/2559 1245/2550/2550
f 1524/2560/2560 367/2561/2561 883/2562/2562
f 1524/2560/2560 370/2563/2563 367/2561/2561
f 1524/2560/2560 1521/2564/2564 372/2565/2565
f 372/2565/2565 370/2563/2563 1524/2560/2560
f 1521/2564/2564 1105/2566/2566 372/2565/2565
f 1521/2564/2564 1104/2567/2567 1105/2566/2566
f 1521/2564/2564 979/2568/2568 1104/2567/2567
f 883/2562/2562 882/2569/2569 1524/2560/2560
f 1525/2570/2570 1524/2571/2571 882/2572/2572
f 882/2572/2572 586/2573/2573 1525/2570/2570
f 1521/2574/2574 1526/2575/2575 1527/2576/2576
f 1521/2574/2574 1528/2577/2577 1526/2575/2575
f 1524/2578/2578 1529/2579/2579 1528/2577/2577
f 1528/2577/2577 1521/2574/2574 1524/2578/2578
f 1524/2578/2578 1530/2580/2580 1529/2579/2579
f 1524/2578/2578 1531/2581/2581 1530/2580/2580
f 1524/2578/2578 1532/2582/2582 1531/2581/2581
f 1524/2578/2578 1533/2583/2583 1534/2584/2584
f 1534/2584/2584 1532/2582/2582 1524/2578/2578
f 1527/2576/2576 1535/2585/2585 1521/2574/2574
f 542/2586/2586 1523/2587/2587 1525/2588/2588
f 1525/2588/2588 586/2589/2589 542/2586/2586
f 1536/2590/2590 1533/2591/2591 1524/2592/2592
f 1524/2592/2592 1525/2593/2593 1536/2590/2590
f 1536/2594/2594 1525/2595/2595 1523/2596/2596
f 1523/2596/2596 1537/2597/2597 1536/2594/2594
f 1523/2598/2598 1538/2599/2599 1539/2600/2600
f 1523/2598/2598 1540/2601/2601 1538/2599/2599
f 1523/2598/2598 1541/2602/2602 1540/2601/2601
f 1523/2598/2598 1542/2603/2603 1541/2602/2602
f 1523/2598/2598 1245/2604/2604 1543/2605/2605
f 1543/2605/2605 1542/2603/2603 1523/2598/2598
f 1245/2604/2604 1544/2606/2606 1543/2605/2605
f 1245/2604/2604 1545/2607/2607 1546/2608/2608
f 1546/2608/2608 1544/2606/2606 1245/2604/2604
f 1539/2600/2600 1537/2609/2609 1523/2598/2598
f 1521/2610/2610 1535/2611/2611 1547/2612/2612
f 1547/2612/2612 1522/2613/2613 1521/2610/2610
f 1245/2614/2614 1244/2615/2615 1548/2616/2616
f 1548/2616/2616 1545/2617/2617 1245/2614/2614
f 1125/2618/2618 1549/2619/2619 1550/2620/2620
f 1122/2621/2621 1550/2620/2620 1551/2622/2622
f 1123/2623/2623 1551/2622/2622 1552/2624/2624
f 1133/2625/2625 1552/2624/2624 1553/2626/2626
f 1134/2627/2627 1553/2626/2626 1554/2628/2628
f 1131/2629/2629 1554/2628/2628 1555/2630/2630
f 1132/2631/2631 1555/2630/2630 1556/2632/2632
f 1135/2633/2633 1556/2632/2632 1557/2634/2634
f 1129/2635/2635 1557/2634/2634 1558/2636/2636
f 1130/2637/2637 1558/2636/2636 1559/2638/2638
f 1128/2639/2639 1559/2638/2638 1560/2640/2640
f 1126/2641/2641 1560/2640/2640 1561/2642/2642
f 420/2643/2643 1561/2642/2642 1562/2644/2644
f 418/2645/2645 1562/2644/2644 1563/2646/2646
f 419/2647/2647 1563/2646/2646 1564/2648/2648
f 1063/2649/2649 1564/2648/2648 1565/2650/2650
f 1064/2651/2651 1565/2650/2650 1566/2652/2652
f 1061/2653/2653 1566/2652/2652 1567/2654/2654
f 1062/2655/2655 1567/2654/2654 1568/2656/2656
f 1059/2657/2657 1568/2656/2656 1569/2658/2658
f 1060/2659/2659 1569/2658/2658 1570/2660/2660
f 1069/2661/2661 1570/2660/2660 1571/2662/2662
f 1070/2663/2663 1571/2662/2662 1572/2664/2664
f 1084/2665/2665 1572/2664/2664 1573/2666/2666
f 1082/2667/2667 1573/2666/2666 1574/2668/2668
f 1083/2669/2669 1574/2668/2668 1575/2670/2670
f 1080/2671/2671 1575/2670/2670 1576/2672/2672
f 1081/2673/2673 1576/2672/2672 1577/2674/2674
f 1078/2675/2675 1577/2674/2674 1578/2676/2676
f 1079/2677/2677 1578/2676/2676 1579/2678/2678
f 1099/2679/2679 1579/2678/2678 1580/2680/2680
f 1097/2681/2681 1580/2680/2680 1581/2682/2682
f 1095/2683/2683 1581/2682/2682 1582/2684/2684
f 1096/2685/2685 1582/2684/2684 1583/2686/2686
f 1100/2687/2687 1583/2686/2686 1584/2688/2688
f 1092/2689/2689 1584/2688/2688 1585/2690/2690
f 1093/2691/2691 1585/2690/2690 1586/2692/2692
f 1090/2693/2693 1586/2692/2692 1587/2694/2694
f 1091/2695/2695 1587/2694/2694 1588/2696/2696
f 1098/2697/2697 1588/2696/2696 1589/2698/2698
f 1088/2699/2699 1589/2698/2698 1590/2700/2700
f 1089/2701/2701 1590/2700/2700 1591/2702/2702
f 1086/2703/2703 1591/2702/2702 1592/2704/2704
f 1087/2705/2705 1592/2704/2704 1593/2706/2706
f 1076/2707/2707 1593/2706/2706 1594/2708/2708
f 1077/2709/2709 1594/2708/2708 1595/2710/2710
f 1067/2711/2711 1595/2710/2710 1596/2712/2712
f 1068/2713/2713 1596/2712/2712 1597/2714/2714
f 1075/2715/2715 1597/2714/2714 1598/2716/2716
f 1074/2717/2717 1598/2716/2716 1599/2718/2718
f 1072/2719/2719 1599/2718/2718 1600/2720/2720
f 1073/2721/2721 1600/2720/2720 1601/2722/2722
f 1085/2723/2723 1601/2722/2722 1602/2724/2724
f 1071/2725/2725 1602/2724/2724 1603/2726/2726
f 1065/2727/2727 1603/2726/2726 1604/2728/2728
f 1066/2729/2729 1604/2728/2728 1605/2730/2730
f 1101/2731/2731 1605/2730/2730 1606/2732/2732
f 1102/2733/2733 1606/2732/2732 1607/2734/2734
f 421/2735/2735 1607/2734/2734 1608/2736/2736
f 422/2737/2737 1608/2736/2736 1609/2738/2738
f 1142/2739/2739 1609/2738/2738 1610/2740/2740
f 1140/2741/2741 1610/2740/2740 1611/2742/2742
f 1141/2743/2743 1611/2742/2742 1612/2744/2744
f 1145/2745/2745 1612/2744/2744 1613/2746/2746
f 1138/2747/2747 1613/2746/2746 1614/2748/2748
f 1139/2749/2749 1614/2748/2748 1615/2750/2750
f 1143/2751/2751 1615/2750/2750 1616/2752/2752
f 1144/2753/2753 1616/2752/2752 1617/2754/2754
f 1136/2755/2755 1617/2754/2754 1618/2756/2756
f 1137/2757/2757 1618/2756/2756 1619/2758/2758
f 1127/2759/2759 1619/2758/2758 1620/2760/2760
f 1124/2761/2761 1620/2760/2760 1549/2619/2619
f 1549/2619/2619 1125/2618/2618 1124/2761/2761
f 1620/2760/2760 1124/2761/2761 1127/2759/2759
f 1619/2758/2758 1127/2759/2759 1137/2757/2757
f 1618/2756/2756 1137/2757/2757 1136/2755/2755
f 1617/2754/2754 1136/2755/2755 1144/2753/2753
f 1616/2752/2752 1144/2753/2753 1143/2751/2751
f 1615/2750/2750 1143/2751/2751 1139/2749/2749
f 1614/2748/2748 1139/2749/2749 1138/2747/2747
f 1613/2746/2746 1138/2747/2747 1145/2745/2745
f 1612/2744/2744 1145/2745/2745 1141/2743/2743
f 1611/2742/2742 1141/2743/2743 1140/2741/2741
f 1610/2740/2740 1140/2741/2741 1142/2739/2739
f 1609/2738/2738 1142/2739/2739 422/2737/2737
f 1608/2736/2736 422/2737/2737 421/2735/2735
f 1607/2734/2734 421/2735/2735 1102/2733/2733
f 1606/2732/2732 1102/2733/2733 1101/2731/2731
f 1605/2730/2730 1101/2731/2731 1066/2729/2729
f 1604/2728/2728 1066/2729/2729 1065/2727/2727
f 1603/2726/2726 1065/2727/2727 1071/2725/2725
f 1602/2724/2724 1071/2725/2725 1085/2723/2723
f 1601/2722/2722 1085/2723/2723 1073/2721/2721
f 1600/2720/2720 1073/2721/2721 1072/2719/2719
f 1599/2718/2718 1072/2719/2719 1074/2717/2717
f 1598/2716/2716 1074/2717/2717 1075/2715/2715
f 1597/2714/2714 1075/2715/2715 1068/2713/2713
f 1596/2712/2712 1068/2713/2713 1067/2711/2711
f 1595/2710/2710 1067/2711/2711 1077/2709/2709
f 1594/2708/2708 1077/2709/2709 1076/2707/2707
f 1593/2706/2706 1076/2707/2707 1087/2705/2705
f 1592/2704/2704 1087/2705/2705 1086/2703/2703
f 1591/2702/2702 1086/2703/2703 1089/2701/2701
f 1590/2700/2700 1089/2701/2701 1088/2699/2699
f 1589/2698/2698 1088/2699/2699 1098/2697/2697
f 1588/2696/2696 1098/2697/2697 1091/2695/2695
f 1587/2694/2694 1091/2695/2695 1090/2693/2693
f 1586/2692/2692 1090/2693/2693 1093/2691/2691
f 1585/2690/2690 1093/2691/2691 1092/2689/2689
f 1584/2688/2688 1092/2689/2689 1100/2687/2687
f 1583/2686/2686 1100/2687/2687 1096/2685/2685
f 1582/2684/2684 1096/2685/2685 1095/2683/2683
f 1581/2682/2682 1095/2683/2683 1097/2681/2681
f 1580/2680/2680 1097/2681/2681 1099/2679/2679
f 1579/2678/2678 1099/2679/2679 1079/2677/2677
f 1578/2676/2676 1079/2677/2677 1078/2675/2675
f 1577/2674/2674 1078/2675/2675 1081/2673/2673
f 1576/2672/2672 1081/2673/2673 1080/2671/2671
f 1575/2670/2670 1080/2671/2671 1083/2669/2669
f 1574/2668/2668 1083/2669/2669 1082/2667/2667
f 1573/2666/2666 1082/2667/2667 1084/2665/2665
f 1572/2664/2664 1084/2665/2665 1070/2663/2663
f 1571/2662/2662 1070/2663/2663 1069/2661/2661
f 1570/2660/2660 1069/2661/2661 1060/2659/2659
f 1569/2658/2658 1060/2659/2659 1059/2657/2657
f 1568/2656/2656 1059/2657/2657 1062/2655/2655
f 1567/2654/2654 1062/2655/2655 1061/2653/2653
f 1566/2652/2652 1061/2653/2653 1064/2651/2651
f 1565/2650/2650 1064/2651/2651 1063/2649/2649
f 1564/2648/2648 1063/2649/2649 419/2647/2647
f 1563/2646/2646 419/2647/2647 418/2645/2645
f 1562/2644/2644 418/2645/2645 420/2643/2643
f 1561/2642/2642 420/2643/2643 1126/2641/2641
f 1560/2640/2640 1126/2641/2641 1128/2639/2639
f 1559/2638/2638 1128/2639/2639 1130/2637/2637
f 1558/2636/2636 1130/2637/2637 1129/2635/2635
f 1557/2634/2634 1129/2635/2635 1135/2633/2633
f 1556/2632/2632 1135/2633/2633 1132/2631/2631
f 1555/2630/2630 1132/2631/2631 1131/2629/2629
f 1554/2628/2628 1131/2629/2629 1134/2627/2627
f 1553/2626/2626 1134/2627/2627 1133/2625/2625
f 1552/2624/2624 1133/2625/2625 1123/2623/2623
f 1551/2622/2622 1123/2623/2623 1122/2621/2621
f 1550/2620/2620 1122/2621/2621 1125/2618/2618
f 1549/2762/2762 1621/2763/2763 1622/2764/2764
f 1550/2765/2765 1622/2764/2764 1623/2766/2766
f 1551/2767/2767 1623/2766/2766 1624/2768/2768
f 1552/2769/2769 1624/2768/2768 1625/2770/2770
f 1553/2771/2771 1625/2770/2770 1626/2772/2772
f 1554/2773/2773 1626/2772/2772 1627/2774/2774
f 1555/2775/2775 1627/2774/2774 1628/2776/2776
f 1556/2777/2777 1628/2776/2776 1629/2778/2778
f 1557/2779/2779 1629/2778/2778 1630/2780/2780
f 1558/2781/2781 1630/2780/2780 1631/2782/2782
f 1559/2783/2783 1631/2782/2782 1632/2784/2784
f 1560/2785/2785 1632/2784/2784 1633/2786/2786
f 1561/2787/2787 1633/2786/2786 1634/2788/2788
f 1562/2789/2789 1634/2788/2788 1635/2790/2790
f 1563/2791/2791 1635/2790/2790 1636/2792/2792
f 1564/2793/2793 1636/2792/2792 1637/2794/2794
f 1565/2795/2795 1637/2794/2794 1638/2796/2796
f 1566/2797/2797 1638/2796/2796 1639/2798/2798
f 1567/2799/2799 1639/2798/2798 1640/2800/2800
f 1568/2801/2801 1640/2800/2800 1641/2802/2802
f 1569/2803/2803 1641/2802/2802 1642/2804/2804
f 1570/2805/2805 1642/2804/2804 1643/2806/2806
f 1571/2807/2807 1643/2806/2806 1644/2808/2808
f 1572/2809/2809 1644/2808/2808 1645/2810/2810
f 1573/2811/2811 1645/2810/2810 1646/2812/2812
f 1574/2813/2813 1646/2812/2812 1647/2814/2814
f 1575/2815/2815 1647/2814/2814 1648/2816/2816
f 1576/2817/2817 1648/2816/2816 1649/2818/2818
f 1577/2819/2819 1649/2818/2818 1650/2820/2820
f 1578/2821/2821 1650/2820/2820 1651/2822/2822
f 1579/2823/2823 1651/2822/2822 1652/2824/2824
f 1580/2825/2825 1652/2824/2824 1653/2826/2826
f 1581/2827/2827 1653/2826/2826 1654/2828/2828
f 1582/2829/2829 1654/2828/2828 1655/2830/2830
f 1583/2831/2831 1655/2830/2830 1656/2832/2832
f 1584/2833/2833 1656/2832/2832 1657/2834/2834
f 1585/2835/2835 1657/2834/2834 1658/2836/2836
f 1586/2837/2837 1658/2836/2836 1659/2838/2838
f 1587/2839/2839 1659/2838/2838 1660/2840/2840
f 1588/2841/2841 1660/2840/2840 1661/2842/2842
f 1589/2843/2843 1661/2842/2842 1662/2844/2844
f 1590/2845/2845 1662/2844/2844 1663/2846/2846
f 1591/2847/2847 1663/2846/2846 1664/2848/2848
f 1592/2849/2849 1664/2848/2848 1665/2850/2850
f 1593/2851/2851 1665/2850/2850 1666/2852/2852
f 1594/2853/2853 1666/2852/2852 1667/2854/2854
f 1595/2855/2855 1667/2854/2854 1668/2856/2856
f 1596/2857/2857 1668/2856/2856 1669/2858/2858
f 1597/2859/2859 1669/2858/2858 1670/2860/2860
f 1598/2861/2861 1670/2860/2860 1671/2862/2862
f 1599/2863/2863 1671/2862/2862 1672/2864/2864
f 1600/2865/2865 1672/2864/2864 1673/2866/2866
f 1601/2867/2867 1673/2866/2866 1674/2868/2868
f 1602/2869/2869 1674/2868/2868 1675/2870/2870
f 1603/2871/2871 1675/2870/2870 1676/2872/2872
f 1604/2873/2873 1676/2872/2872 1677/2874/2874
f 1605/2875/2875 1677/2874/2874 1678/2876/2876
f 1606/2877/2877 1678/2876/2876 1679/2878/2878
f 1607/2879/2879 1679/2878/2878 1680/2880/2880
f 1608/2881/2881 1680/2880/2880 1681/2882/2882
f 1609/2883/2883 1681/2882/2882 1682/2884/2884
f 1610/2885/2885 1682/2884/2884 1683/2886/2886
f 1611/2887/2887 1683/2886/2886 1684/2888/2888
f 1612/2889/2889 1684/2888/2888 1685/2890/2890
f 1613/2891/2891 1685/2890/2890 1686/2892/2892
f 1614/2893/2893 1686/2892/2892 1687/2894/2894
f 1615/2895/2895 1687/2894/2894 1688/2896/2896
f 1616/2897/2897 1688/2896/2896 1689/2898/2898
f 1617/2899/2899 1689/2898/2898 1690/2900/2900
f 1618/2901/2901 1690/2900/2900 1691/2902/2902
f 1619/2903/2903 1691/2902/2902 1692/2904/2904
f 1620/2905/2905 1692/2904/2904 1621/2763/2763
f 1621/2763/2763 1549/2762/2762 1620/2905/2905
f 1692/2904/2904 1620/2905/2905 1619/2903/2903
f 1691/2902/2902 1619/2903/2903 1618/2901/2901
f 1690/2900/2900 1618/2901/2901 1617/2899/2899
f 1689/2898/2898 1617/2899/2899 1616/2897/2897
f 1688/2896/2896 1616/2897/2897 1615/2895/2895
f 1687/2894/2894 1615/2895/2895 1614/2893/2893
f 1686/2892/2892 1614/2893/2893 1613/2891/2891
f 1685/2890/2890 1613/2891/2891 1612/2889/2889
f 1684/2888/2888 1612/2889/2889 1611/2887/2887
f 1683/2886/2886 1611/2887/2887 1610/2885/2885
f 1682/2884/2884 1610/2885/2885 1609/2883/2883
f 1681/2882/2882 1609/2883/2883 1608/2881/2881
f 1680/2880/2880 1608/2881/2881 1607/2879/2879
f 1679/2878/2878 1607/2879/2879 1606/2877/2877
f 1678/2876/2876 1606/2877/2877 1605/2875/2875
f 1677/2874/2874 1605/2875/2875 1604/2873/2873
f 1676/2872/2872 1604/2873/2873 1603/2871/2871
f 1675/2870/2870 1603/2871/2871 1602/2869/2869
f 1674/2868/2868 1602/2869/2869 1601/2867/2867
f 1673/2866/2866 1601/2867/2867 1600/2865/2865
f 1672/2864/2864 1600/2865/2865 1599/2863/2863
f 1671/2862/2862 1599/2863/2863 1598/2861/2861
f 1670/2860/2860 1598/2861/2861 1597/2859/2859
f 1669/2858/2858 1597/2859/2859 1596/2857/2857
f 1668/2856/2856 1596/2857/2857 1595/2855/2855
f 1667/2854/2854 1595/2855/2855 1594/2853/2853
f 1666/2852/2852 1594/2853/2853 1593/2851/2851
f 1665/2850/2850 1593/2851/2851 1592/2849/2849
f 1664/2848/2848 1592/2849/2849 1591/2847/2847
f 1663/2846/2846 1591/2847/2847 1590/2845/2845
f 1662/2844/2844 1590/2845/2845 1589/2843/2843
f 1661/2842/2842 1589/2843/2843 1588/2841/2841
f 1660/2840/2840 1588/2841/2841 1587/2839/2839
f 1659/2838/2838 1587/2839/2839 1586/2837/2837
f 1658/2836/2836 1586/2837/2837 1585/2835/2835
f 1657/2834/2834 1585/2835/2835 1584/2833/2833
f 1656/2832/2832 1584/2833/2833 1583/2831/2831
f 1655/2830/2830 1583/2831/2831 1582/2829/2829
f 1654/2828/2828 1582/2829/2829 1581/2827/2827
f 1653/2826/2826 1581/2827/2827 1580/2825/2825
f 1652/2824/2824 1580/2825/2825 1579/2823/2823
f 1651/2822/2822 1579/2823/2823 1578/2821/2821
f 1650/2820/2820 1578/2821/2821 1577/2819/2819
f 1649/2818/2818 1577/2819/2819 1576/2817/2817
f 1648/2816/2816 1576/2817/2817 1575/2815/2815
f 1647/2814/2814 1575/2815/2815 1574/2813/2813
f 1646/2812/2812 1574/2813/2813 1573/2811/2811
f 1645/2810/2810 1573/2811/2811 1572/2809/2809
f 1644/2808/2808 1572/2809/2809 1571/2807/2807
f 1643/2806/2806 1571/2807/2807 1570/2805/2805
f 1642/2804/2804 1570/2805/2805 1569/2803/2803
f 1641/2802/2802 1569/2803/2803 1568/2801/2801
f 1640/2800/2800 1568/2801/2801 1567/2799/2799
f 1639/2798/2798 1567/2799/2799 1566/2797/2797
f 1638/2796/2796 1566/2797/2797 1565/2795/2795
f 1637/2794/2794 1565/2795/2795 1564/2793/2793
f 1636/2792/2792 1564/2793/2793 1563/2791/2791
f 1635/2790/2790 1563/2791/2791 1562/2789/2789
f 1634/2788/2788 1562/2789/2789 1561/2787/2787
f 1633/2786/2786 1561/2787/2787 1560/2785/2785
f 1632/2784/2784 1560/2785/2785 1559/2783/2783
f 1631/2782/2782 1559/2783/2783 1558/2781/2781
f 1630/2780/2780 1558/2781/2781 1557/2779/2779
f 1629/2778/2778 1557/2779/2779 1556/2777/2777
f 1628/2776/2776 1556/2777/2777 1555/2775/2775
f 1627/2774/2774 1555/2775/2775 1554/2773/2773
f 1626/2772/2772 1554/2773/2773 1553/2771/2771
f 1625/2770/2770 1553/2771/2771 1552/2769/2769
f 1624/2768/2768 1552/2769/2769 1551/2767/2767
f 1623/2766/2766 1551/2767/2767 1550/2765/2765
f 1622/2764/2764 1550/2765/2765 1549/2762/2762
f 1693/2906/2906 1692/2907/2907 1691/2908/2908
f 1691/2908/2908 1690/2909/2909 1693/2906/2906
f 1690/2909/2909 1689/2910/2910 1693/2906/2906
f 1689/2910/2910 1688/2911/2911 1693/2906/2906
f 1688/2911/2911 1687/2912/2912 1693/2906/2906
f 1687/2912/2912 1686/2913/2913 1693/2906/2906
f 1686/2913/2913 1685/2914/2914 1693/2906/2906
f 1685/2914/2914 1684/2915/2915 1693/2906/2906
f 1684/2915/2915 1683/2916/2916 1693/2906/2906
f 1683/2916/2916 1682/2917/2917 1693/2906/2906
f 1682/2917/2917 1681/2918/2918 1693/2906/2906
f 1681/2918/2918 1680/2919/2919 1693/2906/2906
f 1680/2919/2919 1679/2920/2920 1693/2906/2906
f 1679/2920/2920 1678/2921/2921 1693/2906/2906
f 1678/2921/2921 1677/2922/2922 1693/2906/2906
f 1677/2922/2922 1676/2923/2923 1693/2906/2906
f 1676/2923/2923 1675/2924/2924 1693/2906/2906
f 1675/2924/2924 1674/2925/2925 1693/2906/2906
f 1674/2925/2925 1673/2926/2926 1693/2906/2906
f 1673/2926/2926 1672/2927/2927 1693/2906/2906
f 1672/2927/2927 1671/2928/2928 1693/2906/2906
f 1671/2928/2928 1670/2929/2929 1693/2906/2906
f 1670/2929/2929 1669/2930/2930 1693/2906/2906
f 1669/2930/2930 1668/2931/2931 1693/2906/2906
f 1668/2931/2931 1667/2932/2932 1693/2906/2906
f 1667/2932/2932 1666/2933/2933 1693/2906/2906
f 1666/2933/2933 1665/2934/2934 1693/2906/2906
f 1665/2934/2934 1664/2935/2935 1693/2906/2906
f 1664/2935/2935 1663/2936/2936 1693/2906/2906
f 1663/2936/2936 1662/2937/2937 1693/2906/2906
f 1662/2937/2937 1661/2938/2938 1693/2906/2906
f 1661/2938/2938 1660/2939/2939 1693/2906/2906
f 1660/2939/2939 1659/2940/2940 1693/2906/2906
f 1659/2940/2940 1658/2941/2941 1693/2906/2906
f 1658/2941/2941 1657/2942/2942 1693/2906/2906
f 1657/2942/2942 1656/2943/2943 1693/2906/2906
f 1656/2943/2943 1655/2944/2944 1693/2906/2906
f 1655/2944/2944 1654/2945/2945 1693/2906/2906
f 1654/2945/2945 1653/2946/2946 1693/2906/2906
f 1653/2946/2946 1652/2947/2947 1693/2906/2906
f 1652/2947/2947 1651/2948/2948 1693/2906/2906
f 1651/2948/2948 1650/2949/2949 1693/2906/2906
f 1650/2949/2949 1649/2950/2950 1693/2906/2906
f 1649/2950/2950 1648/2951/2951 1693/2906/2906
f 1648/2951/2951 1647/2952/2952 1693/2906/2906
f 1647/2952/2952 1646/2953/2953 1693/2906/2906
f 1646/2953/2953 1645/2954/2954 1693/2906/2906
f 1645/2954/2954 1644/2955/2955 1693/2906/2906
f 1644/2955/2955 1643/2956/2956 1693/2906/2906
f 1643/2956/2956 1642/2957/2957 1693/2906/2906
f 1642/2957/2957 1641/2958/2958 1693/2906/2906
f 1641/2958/2958 1640/2959/2959 1693/2906/2906
f 1640/2959/2959 1639/2960/2960 1693/2906/2906
f 1639/2960/2960 1638/2961/2961 1693/2906/2906
f 1638/2961/2961 1637/2962/2962 1693/2906/2906
f 1637/2962/2962 1636/2963/2963 1693/2906/2906
f 1636/2963/2963 1635/2964/2964 1693/2906/2906
f 1635/2964/2964 1634/2965/2965 1693/2906/2906
f 1634/2965/2965 1633/2966/2966 1693/2906/2906
f 1633/2966/2966 1632/2967/2967 1693/2906/2906
f 1632/2967/2967 1631/2968/2968 1693/2906/2906
f 1631/2968/2968 1630/2969/2969 1693/2906/2906
f 1630/2969/2969 1629/2970/2970 1693/2906/2906
f 1629/2970/2970 1628/2971/2971 1693/2906/2906
f 1628/2971/2971 1627/2972/2972 1693/2906/2906
f 1627/2972/2972 1626/2973/2973 1693/2906/2906
f 1626/2973/2973 1625/2974/2974 1693/2906/2906
f 1625/2974/2974 1624/2975/2975 1693/2906/2906
f 1624/2975/2975 1623/2976/2976 1693/2906/2906
f 1623/2976/2976 1622/2977/2977 1693/2906/2906
f 1622/2977/2977 1621/2978/2978 1693/2906/2906
f 1621/2978/2978 1692/2907/2907 1693/2906/2906
f 793/2979/2979 1694/2980/2980 1695/2981/2981
f 794/2982/2982 1695/2981/2981 1696/2983/2983
f 926/2984/2984 1696/2983/2983 1697/2985/2985
f 924/2986/2986 1697/2985/2985 1698/2987/2987
f 925/2988/2988 1698/2987/2987 1699/2989/2989
f 939/2990/2990 1699/2989/2989 1700/2991/2991
f 931/2992/2992 1700/2991/2991 1701/2993/2993
f 932/2994/2994 1701/2993/2993 1702/2995/2995
f 930/2996/2996 1702/2995/2995 1703/2997/2997
f 923/2998/2998 1703/2997/2997 1704/2999/2999
f 937/3000/3000 1704/2999/2999 1705/3001/3001
f 938/3002/3002 1705/3001/3001 1706/3003/3003
f 936/3004/3004 1706/3003/3003 1707/3005/3005
f 922/3006/3006 1707/3005/3005 1708/3007/3007
f 950/3008/3008 1708/3007/3007 1709/3009/3009
f 948/3010/3010 1709/3009/3009 1710/3011/3011
f 949/3012/3012 1710/3011/3011 1711/3013/3013
f 946/3014/3014 1711/3013/3013 1712/3015/3015
f 947/3016/3016 1712/3015/3015 1713/3017/3017
f 945/3018/3018 1713/3017/3017 1714/3019/3019
f 934/3020/3020 1714/3019/3019 1715/3021/3021
f 935/3022/3022 1715/3021/3021 1716/3023/3023
f 943/3024/3024 1716/3023/3023 1717/3025/3025
f 944/3026/3026 1717/3025/3025 1718/3027/3027
f 933/3028/3028 1718/3027/3027 1719/3029/3029
f 927/3030/3030 1719/3029/3029 1720/3031/3031
f 919/3032/3032 1720/3031/3031 1721/3033/3033
f 920/3034/3034 1721/3033/3033 1722/3035/3035
f 942/3036/3036 1722/3035/3035 1723/3037/3037
f 940/3038/3038 1723/3037/3037 1724/3039/3039
f 941/3040/3040 1724/3039/3039 1725/3041/3041
f 953/3042/3042 1725/3041/3041 1726/3043/3043
f 954/3044/3044 1726/3043/3043 1727/3045/3045
f 951/3046/3046 1727/3045/3045 1728/3047/3047
f 952/3048/3048 1728/3047/3047 1729/3049/3049
f 791/3050/3050 1729/3049/3049 1730/3051/3051
f 792/3052/3052 1730/3051/3051 1731/3053/3053
f 789/3054/3054 1731/3053/3053 1732/3055/3055
f 790/3056/3056 1732/3055/3055 1733/3057/3057
f 787/3058/3058 1733/3057/3057 1734/3059/3059
f 788/3060/3060 1734/3059/3059 1735/3061/3061
f 778/3062/3062 1735/3061/3061 1736/3063/3063
f 772/3064/3064 1736/3063/3063 1737/3065/3065
f 758/3066/3066 1737/3065/3065 1738/3067/3067
f 759/3068/3068 1738/3067/3067 1739/3069/3069
f 757/3070/3070 1739/3069/3069 1740/3071/3071
f 771/3072/3072 1740/3071/3071 1741/3073/3073
f 769/3074/3074 1741/3073/3073 1742/3075/3075
f 770/3076/3076 1742/3075/3075 1743/3077/3077
f 767/3078/3078 1743/3077/3077 1744/3079/3079
f 768/3080/3080 1744/3079/3079 1745/3081/3081
f 777/3082/3082 1745/3081/3081 1746/3083/3083
f 765/3084/3084 1746/3083/3083 1747/3085/3085
f 766/3086/3086 1747/3085/3085 1748/3087/3087
f 764/3088/3088 1748/3087/3087 1749/3089/3089
f 753/3090/3090 1749/3089/3089 1750/3091/3091
f 754/3092/3092 1750/3091/3091 1751/3093/3093
f 784/3094/3094 1751/3093/3093 1752/3095/3095
f 785/3096/3096 1752/3095/3095 1753/3097/3097
f 775/3098/3098 1753/3097/3097 1754/3099/3099
f 776/3100/3100 1754/3099/3099 1755/3101/3101
f 762/3102/3102 1755/3101/3101 1756/3103/3103
f 763/3104/3104 1756/3103/3103 1757/3105/3105
f 760/3106/3106 1757/3105/3105 1758/3107/3107
f 761/3108/3108 1758/3107/3107 1759/3109/3109
f 782/3110/3110 1759/3109/3109 1760/3111/3111
f 783/3112/3112 1760/3111/3111 1761/3113/3113
f 786/3114/3114 1761/3113/3113 1762/3115/3115
f 774/3116/3116 1762/3115/3115 1763/3117/3117
f 781/3118/3118 1763/3117/3117 1764/3119/3119
f 779/3120/3120 1764/3119/3119 1765/3121/3121
f 780/3122/3122 1765/3121/3121 1694/2980/2980
f 1694/2980/2980 793/2979/2979 780/3122/3122
f 1765/3121/3121 780/3122/3122 779/3120/3120
f 1764/3119/3119 779/3120/3120 781/3118/3118
f 1763/3117/3117 781/3118/3118 774/3116/3116
f 1762/3115/3115 774/3116/3116 786/3114/3114
f 1761/3113/3113 786/3114/3114 783/3112/3112
f 1760/3111/3111 783/3112/3112 782/3110/3110
f 1759/3109/3109 782/3110/3110 761/3108/3108
f 1758/3107/3107 761/3108/3108 760/3106/3106
f 1757/3105/3105 760/3106/3106 763/3104/3104
f 1756/3103/3103 763/3104/3104 762/3102/3102
f 1755/3101/3101 762/3102/3102 776/3100/3100
f 1754/3099/3099 776/3100/3100 775/3098/3098
f 1753/3097/3097 775/3098/3098 785/3096/3096
f 1752/3095/3095 785/3096/3096 784/3094/3094
f 1751/3093/3093 784/3094/3094 754/3092/3092
f 1750/3091/3091 754/3092/3092 753/3090/3090
f 1749/3089/3089 753/3090/3090 764/3088/3088
f 1748/3087/3087 764/3088/3088 766/3086/3086
f 1747/3085/3085 766/3086/3086 765/3084/3084
f 1746/3083/3083 765/3084/3084 777/3082/3082
f 1745/3081/3081 777/3082/3082 768/3080/3080
f 1744/3079/3079 768/3080/3080 767/3078/3078
f 1743/3077/3077 767/3078/3078 770/3076/3076
f 1742/3075/3075 770/3076/3076 769/3074/3074
f 1741/3073/3073 769/3074/3074 771/3072/3072
f 1740/3071/3071 771/3072/3072 757/3070/3070
f 1739/3069/3069 757/3070/3070 759/3068/3068
f 1738/3067/3067 759/3068/3068 758/3066/3066
f 1737/3065/3065 758/3066/3066 772/3064/3064
f 1736/3063/3063 772/3064/3064 778/3062/3062
f 1735/3061/3061 778/3062/3062 788/3060/3060
f 1734/3059/3059 788/3060/3060 787/3058/3058
f 1733/3057/3057 787/3058/3058 790/3056/3056
f 1732/3055/3055 790/3056/3056 789/3054/3054
f 1731/3053/3053 789/3054/3054 792/3052/3052
f 1730/3051/3051 792/3052/3052 791/3050/3050
f 1729/3049/3049 791/3050/3050 952/3048/3048
f 1728/3047/3047 952/3048/3048 951/3046/3046
f 1727/3045/3045 951/3046/3046 954/3044/3044
f 1726/3043/3043 954/3044/3044 953/3042/3042
f 1725/3041/3041 953/3042/3042 941/3040/3040
f 1724/3039/3039 941/3040/3040 940/3038/3038
f 1723/3037/3037 940/3038/3038 942/3036/3036
f 1722/3035/3035 942/3036/3036 920/3034/3034
f 1721/3033/3033 920/3034/3034 919/3032/3032
f 1720/3031/3031 919/3032/3032 927/3030/3030
f 1719/3029/3029 927/3030/3030 933/3028/3028
f 1718/3027/3027 933/3028/3028 944/3026/3026
f 1717/3025/3025 944/3026/3026 943/3024/3024
f 1716/3023/3023 943/3024/3024 935/3022/3022
f 1715/3021/3021 935/3022/3022 934/3020/3020
f 1714/3019/3019 934/3020/3020 945/3018/3018
f 1713/3017/3017 945/3018/3018 947/3016/3016
f 1712/3015/3015 947/3016/3016 946/3014/3014
f 1711/3013/3013 946/3014/3014 949/3012/3012
f 1710/3011/3011 949/3012/3012 948/3010/3010
f 1709/3009/3009 948/3010/3010 950/3008/3008
f 1708/3007/3007 950/3008/3008 922/3006/3006
f 1707/3005/3005 922/3006/3006 936/3004/3004
f 1706/3003/3003 936/3004/3004 938/3002/3002
f 1705/3001/3001 938/3002/3002 937/3000/3000
f 1704/2999/2999 937/3000/3000 923/2998/2998
f 1703/2997/2997 923/2998/2998 930/2996/2996
f 1702/2995/2995 930/2996/2996 932/2994/2994
f 1701/2993/2993 932/2994/2994 931/2992/2992
f 1700/2991/2991 931/2992/2992 939/2990/2990
f 1699/2989/2989 939/2990/2990 925/2988/2988
f 1698/2987/2987 925/2988/2988 924/2986/2986
f 1697/2985/2985 924/2986/2986 926/2984/2984
f 1696/2983/2983 926/2984/2984 794/2982/2982
f 1695/2981/2981 794/2982/2982 793/2979/2979
f 1694/3123/3123 1766/3124/3124 1767/3125/3125
f 1695/3126/3126 1767/3125/3125 1768/3127/3127
f 1696/3128/3128 1768/3127/3127 1769/3129/3129
f 1697/3130/3130 1769/3129/3129 1770/3131/3131
f 1698/3132/3132 1770/3131/3131 1771/3133/3133
f 1699/3134/3134 1771/3133/3133 1772/3135/3135
f 1700/3136/3136 1772/3135/3135 1773/3137/3137
f 1701/3138/3138 1773/3137/3137 1774/3139/3139
f 1702/3140/3140 1774/3139/3139 1775/3141/3141
f 1703/3142/3142 1775/3141/3141 1776/3143/3143
f 1704/3144/3144 1776/3143/3143 1777/3145/3145
f 1705/3146/3146 1777/3145/3145 1778/3147/3147
f 1706/3148/3148 1778/3147/3147 1779/3149/3149
f 1707/3150/3150 1779/3149/3149 1780/3151/3151
f 1708/3152/3152 1780/3151/3151 1781/3153/3153
f 1709/3154/3154 1781/3153/3153 1782/3155/3155
f 1710/3156/3156 1782/3155/3155 1783/3157/3157
f 1711/3158/3158 1783/3157/3157 1784/3159/3159
f 1712/3160/3160 1784/3159/3159 1785/3161/3161
f 1713/3162/3162 1785/3161/3161 1786/3163/3163
f 1714/3164/3164 1786/3163/3163 1787/3165/3165
f 1715/3166/3166 1787/3165/3165 1788/3167/3167
f 1716/3168/3168 1788/3167/3167 1789/3169/3169
f 1717/3170/3170 1789/3169/3169 1790/3171/3171
f 1718/3172/3172 1790/3171/3171 1791/3173/3173
f 1719/3174/3174 1791/3173/3173 1792/3175/3175
f 1720/3176/3176 1792/3175/3175 1793/3177/3177
f 1721/3178/3178 1793/3177/3177 1794/3179/3179
f 1722/3180/3180 1794/3179/3179 1795/3181/3181
f 1723/3182/3182 1795/3181/3181 1796/3183/3183
f 1724/3184/3184 1796/3183/3183 1797/3185/3185
f 1725/3186/3186 1797/3185/3185 1798/3187/3187
f 1726/3188/3188 1798/3187/3187 1799/3189/3189
f 1727/3190/3190 1799/3189/3189 1800/3191/3191
f 1728/3192/3192 1800/3191/3191 1801/3193/3193
f 1729/3194/3194 1801/3193/3193 1802/3195/3195
f 1730/3196/3196 1802/3195/3195 1803/3197/3197
f 1731/3198/3198 1803/3197/3197 1804/3199/3199
f 1732/3200/3200 1804/3199/3199 1805/3201/3201
f 1733/3202/3202 1805/3201/3201 1806/3203/3203
f 1734/3204/3204 1806/3203/3203 1807/3205/3205
f 1735/3206/3206 1807/3205/3205 1808/3207/3207
f 1736/3208/3208 1808/3207/3207 1809/3209/3209
f 1737/3210/3210 1809/3209/3209 1810/3211/3211
f 1738/3212/3212 1810/3211/3211 1811/3213/3213
f 1739/3214/3214 1811/3213/3213 1812/3215/3215
f 1740/3216/3216 1812/3215/3215 1813/3217/3217
f 1741/3218/3218 1813/3217/3217 1814/3219/3219
f 1742/3220/3220 1814/3219/3219 1815/3221/3221
f 1743/3222/3222 1815/3221/3221 1816/3223/3223
f 1744/3224/3224 1816/3223/3223 1817/3225/3225
f 1745/3226/3226 1817/3225/3225 1818/3227/3227
f 1746/3228/3228 1818/3227/3227 1819/3229/3229
f 1747/3230/3230 1819/3229/3229 1820/3231/3231
f 1748/3232/3232 1820/3231/3231 1821/3233/3233
f 1749/3234/3234 1821/3233/3233 1822/3235/3235
f 1750/3236/3236 1822/3235/3235 1823/3237/3237
f 1751/3238/3238 1823/3237/3237 1824/3239/3239
f 1752/3240/3240 1824/3239/3239 1825/3241/3241
f 1753/3242/3242 1825/3241/3241 1826/3243/3243
f 1754/3244/3244 1826/3243/3243 1827/3245/3245
f 1755/3246/3246 1827/3245/3245 1828/3247/3247
f 1756/3248/3248 1828/3247/3247 1829/3249/3249
f 1757/3250/3250 1829/3249/3249 1830/3251/3251
f 1758/3252/3252 1830/3251/3251 1831/3253/3253
f 1759/3254/3254 1831/3253/3253 1832/3255/3255
f 1760/3256/3256 1832/3255/3255 1833/3257/3257
f 1761/3258/3258 1833/3257/3257 1834/3259/3259
f 1762/3260/3260 1834/3259/3259 1835/3261/3261
f 1763/3262/3262 1835/3261/3261 1836/3263/3263
f 1764/3264/3264 1836/3263/3263 1837/3265/3265
f 1765/3266/3266 1837/3265/3265 1766/3124/3124
f 1766/3124/3124 1694/3123/3123 1765/3266/3266
f 1837/3265/3265 1765/3266/3266 1764/3264/3264
f 1836/3263/3263 1764/3264/3264 1763/3262/3262
f 1835/3261/3261 1763/3262/3262 1762/3260/3260
f 1834/3259/3259 1762/3260/3260 1761/3258/3258
f 1833/3257/3257 1761/3258/3258 1760/3256/3256
f 1832/3255/3255 1760/3256/3256 1759/3254/3254
f 1831/3253/3253 1759/3254/3254 1758/3252/3252
f 1830/3251/3251 1758/3252/3252 1757/3250/3250
f 1829/3249/3249 1757/3250/3250 1756/3248/3248
f 1828/3247/3247 1756/3248/3248 1755/3246/3246
f 1827/3245/3245 1755/3246/3246 1754/3244/3244
f 1826/3243/3243 1754/3244/3244 1753/3242/3242
f 1825/3241/3241 1753/3242/3242 1752/3240/3240
f 1824/3239/3239 1752/3240/3240 1751/3238/3238
f 1823/3237/3237 1751/3238/3238 1750/3236/3236
f 1822/3235/3235 1750/3236/3236 1749/3234/3234
f 1821/3233/3233 1749/3234/3234 1748/3232/3232
f 1820/3231/3231 1748/3232/3232 1747/3230/3230
f 1819/3229/3229 1747/3230/3230 1746/3228/3228
f 1818/3227/3227 1746/3228/3228 1745/3226/3226
f 1817/3225/3225 1745/3226/3226 1744/3224/3224
f 1816/3223/3223 1744/3224/3224 1743/3222/3222
f 1815/3221/3221 1743/3222/3222 1742/3220/3220
f 1814/3219/3219 1742/3220/3220 1741/3218/3218
f 1813/3217/3217 1741/3218/3218 1740/3216/3216
f 1812/3215/3215 1740/3216/3216 1739/3214/3214
f 1811/3213/3213 1739/3214/3214 1738/3212/3212
f 1810/3211/3211 1738/3212/3212 1737/3210/3210
f 1809/3209/3209 1737/3210/3210 1736/3208/3208
f 1808/3207/3207 1736/3208/3208 1735/3206/3206
f 1807/3205/3205 1735/3206/3206 1734/3204/3204
f 1806/3203/3203 1734/3204/3204 1733/3202/3202
f 1805/3201/3201 1733/3202/3202 1732/3200/3200
f 1804/3199/3199 1732/3200/3200 1731/3198/3198
f 1803/3197/3197 1731/3198/3198 1730/3196/3196
f 1802/3195/3195 1730/3196/3196 1729/3194/3194
f 1801/3193/3193 1729/3194/3194 1728/3192/3192
f 1800/3191/3191 1728/3192/3192 1727/3190/3190
f 1799/3189/3189 1727/3190/3190 1726/3188/3188
f 1798/3187/3187 1726/3188/3188 1725/3186/3186
f 1797/3185/3185 1725/3186/3186 1724/3184/3184
f 1796/3183/3183 1724/3184/3184 1723/3182/3182
f 1795/3181/3181 1723/3182/3182 1722/3180/3180
f 1794/3179/3179 1722/3180/3180 1721/3178/3178
f 1793/3177/3177 1721/3178/3178 1720/3176/3176
f 1792/3175/3175 1720/3176/3176 1719/3174/3174
f 1791/3173/3173 1719/3174/3174 1718/3172/3172
f 1790/3171/3171 1718/3172/3172 1717/3170/3170
f 1789/3169/3169 1717/3170/3170 1716/3168/3168
f 1788/3167/3167 1716/3168/3168 1715/3166/3166
f 1787/3165/3165 1715/3166/3166 1714/3164/3164
f 1786/3163/3163 1714/3164/3164 1713/3162/3162
f 1785/3161/3161 1713/3162/3162 1712/3160/3160
f 1784/3159/3159 1712/3160/3160 1711/3158/3158
f 1783/3157/3157 1711/3158/3158 1710/3156/3156
f 1782/3155/3155 1710/3156/3156 1709/3154/3154
f 1781/3153/3153 1709/3154/3154 1708/3152/3152
f 1780/3151/3151 1708/3152/3152 1707/3150/3150
f 1779/3149/3149 1707/3150/3150 1706/3148/3148
f 1778/3147/3147 1706/3148/3148 1705/3146/3146
f 1777/3145/3145 1705/3146/3146 1704/3144/3144
f 1776/3143/3143 1704/3144/3144 1703/3142/3142
f 1775/3141/3141 1703/3142/3142 1702/3140/3140
f 1774/3139/3139 1702/3140/3140 1701/3138/3138
f 1773/3137/3137 1701/3138/3138 1700/3136/3136
f 1772/3135/3135 1700/3136/3136 1699/3134/3134
f 1771/3133/3133 1699/3134/3134 1698/3132/3132
f 1770/3131/3131 1698/3132/3132 1697/3130/3130
f 1769/3129/3129 1697/3130/3130 1696/3128/3128
f 1768/3127/3127 1696/3128/3128 1695/3126/3126
f 1767/3125/3125 1695/3126/3126 1694/3123/3123
f 1838/3267/3267 1837/3268/3268 1836/3269/3269
f 1836/3269/3269 1835/3270/3270 1838/3267/3267
f 1835/3270/3270 1834/3271/3271 1838/3267/3267
f 1834/3271/3271 1833/3272/3272 1838/3267/3267
f 1833/3272/3272 1832/3273/3273 1838/3267/3267
f 1832/3273/3273 1831/3274/3274 1838/3267/3267
f 1831/3274/3274 1830/3275/3275 1838/3267/3267
f 1830/3275/3275 1829/3276/3276 1838/3267/3267
f 1829/3276/3276 1828/3277/3277 1838/3267/3267
f 1828/3277/3277 1827/3278/3278 1838/3267/3267
f 1827/3278/3278 1826/3279/3279 1838/3267/3267
f 1826/3279/3279 1825/3280/3280 1838/3267/3267
f 1825/3280/3280 1824/3281/3281 1838/3267/3267
f 1824/3281/3281 1823/3282/3282 1838/3267/3267
f 1823/3282/3282 1822/3283/3283 1838/3267/3267
f 1822/3283/3283 1821/3284/3284 1838/3267/3267
f 1821/3284/3284 1820/3285/3285 1838/3267/3267
f 1820/3285/3285 1819/3286/3286 1838/3267/3267
f 1819/3286/3286 1818/3287/3287 1838/3267/3267
f 1818/3287/3287 1817/3288/3288 1838/3267/3267
f 1817/3288/3288 1816/3289/3289 1838/3267/3267
f 1816/3289/3289 1815/3290/3290 1838/3267/3267
f 1815/3290/3290 1814/3291/3291 1838/3267/3267
f 1814/3291/3291 1813/3292/3292 1838/3267/3267
f 1813/3292/3292 1812/3293/3293 1838/3267/3267
f 1812/3293/3293 1811/3294/3294 1838/3267/3267
f 1811/3294/3294 1810/3295/3295 1838/3267/3267
f 1810/3295/3295 1809/3296/3296 1838/3267/3267
f 1809/3296/3296 1808/3297/3297 1838/3267/3267
f 1808/3297/3297 1807/3298/3298 1838/3267/3267
f 1807/3298/3298 1806/3299/3299 1838/3267/3267
f 1806/3299/3299 1805/3300/3300 1838/3267/3267
f 1805/3300/3300 1804/3301/3301 1838/3267/3267
f 1804/3301/3301 1803/3302/3302 1838/3267/3267
f 1803/3302/3302 1802/3303/3303 1838/3267/3267
f 1802/3303/3303 1801/3304/3304 1838/3267/3267
f 1801/3304/3304 1800/3305/3305 1838/3267/3267
f 1800/3305/3305 1799/3306/3306 1838/3267/3267
f 1799/3306/3306 1798/3307/3307 1838/3267/3267
f 1798/3307/3307 1797/3308/3308 1838/3267/3267
f 1797/3308/3308 1796/3309/3309 1838/3267/3267
f 1796/3309/3309 1795/3310/3310 1838/3267/3267
f 1795/3310/3310 1794/3311/3311 1838/3267/3267
f 1794/3311/3311 1793/3312/3312 1838/3267/3267
f 1793/3312/3312 1792/3313/3313 1838/3267/3267
f 1792/3313/3313 1791/3314/3314 1838/3267/3267
f 1791/3314/3314 1790/3315/3315 1838/3267/3267
f 1790/3315/3315 1789/3316/3316 1838/3267/3267
f 1789/3316/3316 1788/3317/3317 1838/3267/3267
f 1788/3317/3317 1787/3318/3318 1838/3267/3267
f 1787/3318/3318 1786/3319/3319 1838/3267/3267
f 1786/3319/3319 1785/3320/3320 1838/3267/3267
f 1785/3320/3320 1784/3321/3321 1838/3267/3267
f 1784/3321/3321 1783/3322/3322 1838/3267/3267
f 1783/3322/3322 1782/3323/3323 1838/3267/3267
f 1782/3323/3323 1781/3324/3324 1838/3267/3267
f 1781/3324/3324 1780/3325/3325 1838/3267/3267
f 1780/3325/3325 1779/3326/3326 1838/3267/3267
f 1779/3326/3326 1778/3327/3327 1838/3267/3267
f 1778/3327/3327 1777/3328/3328 1838/3267/3267
f 1777/3328/3328 1776/3329/3329 1838/3267/3267
f 1776/3329/3329 1775/3330/3330 1838/3267/3267
f 1775/3330/3330 1774/3331/3331 1838/3267/3267
f 1774/3331/3331 1773/3332/3332 1838/3267/3267
f 1773/3332/3332 1772/3333/3333 1838/3267/3267
f 1772/3333/3333 1771/3334/3334 1838/3267/3267
f 1771/3334/3334 1770/3335/3335 1838/3267/3267
f 1770/3335/3335 1769/3336/3336 1838/3267/3267
f 1769/3336/3336 1768/3337/3337 1838/3267/3267
f 1768/3337/3337 1767/3338/3338 1838/3267/3267
f 1767/3338/3338 1766/3339/3339 1838/3267/3267
f 1766/3339/3339 1837/3268/3268 1838/3267/3267
f 491/3340/3340 1839/3341/3341 1840/3342/3342
f 492/3343/3343 1840/3342/3342 1841/3344/3344
f 490/3345/3345 1841/3344/3344 1842/3346/3346
f 483/3347/3347 1842/3346/3346 1843/3348/3348
f 484/3349/3349 1843/3348/3348 1844/3350/3350
f 495/3351/3351 1844/3350/3350 1845/3352/3352
f 494/3353/3353 1845/3352/3352 1846/3354/3354
f 481/3355/3355 1846/3354/3354 1847/3356/3356
f 477/3357/3357 1847/3356/3356 1848/3358/3358
f 478/3359/3359 1848/3358/3358 1849/3360/3360
f 474/3361/3361 1849/3360/3360 1850/3362/3362
f 475/3363/3363 1850/3362/3362 1851/3364/3364
f 453/3365/3365 1851/3364/3364 1852/3366/3366
f 454/3367/3367 1852/3366/3366 1853/3368/3368
f 452/3369/3369 1853/3368/3368 1854/3370/3370
f 438/3371/3371 1854/3370/3370 1855/3372/3372
f 439/3373/3373 1855/3372/3372 1856/3374/3374
f 450/3375/3375 1856/3374/3374 1857/3376/3376
f 451/3377/3377 1857/3376/3376 1858/3378/3378
f 428/3379/3379 1858/3378/3378 1859/3380/3380
f 429/3381/3381 1859/3380/3380 1860/3382/3382
f 426/3383/3383 1860/3382/3382 1861/3384/3384
f 427/3385/3385 1861/3384/3384 1862/3386/3386
f 437/3387/3387 1862/3386/3386 1863/3388/3388
f 469/3389/3389 1863/3388/3388 1864/3390/3390
f 464/3391/3391 1864/3390/3390 1865/3392/3392
f 448/3393/3393 1865/3392/3392 1866/3394/3394
f 449/3395/3395 1866/3394/3394 1867/3396/3396
f 476/3397/3397 1867/3396/3396 1868/3398/3398
f 472/3399/3399 1868/3398/3398 1869/3400/3400
f 473/3401/3401 1869/3400/3400 1870/3402/3402
f 479/3403/3403 1870/3402/3402 1871/3404/3404
f 480/3405/3405 1871/3404/3404 1872/3406/3406
f 446/3407/3407 1872/3406/3406 1873/3408/3408
f 447/3409/3409 1873/3408/3408 1874/3410/3410
f 445/3411/3411 1874/3410/3410 1875/3412/3412
f 468/3413/3413 1875/3412/3412 1876/3414/3414
f 443/3415/3415 1876/3414/3414 1877/3416/3416
f 444/3417/3417 1877/3416/3416 1878/3418/3418
f 441/3419/3419 1878/3418/3418 1879/3420/3420
f 442/3421/3421 1879/3420/3420 1880/3422/3422
f 463/3423/3423 1880/3422/3422 1881/3424/3424
f 423/3425/3425 1881/3424/3424 1882/3426/3426
f 424/3427/3427 1882/3426/3426 1883/3428/3428
f 436/3429/3429 1883/3428/3428 1884/3430/3430
f 434/3431/3431 1884/3430/3430 1885/3432/3432
f 435/3433/3433 1885/3432/3432 1886/3434/3434
f 470/3435/3435 1886/3434/3434 1887/3436/3436
f 471/3437/3437 1887/3436/3436 1888/3438/3438
f 461/3439/3439 1888/3438/3438 1889/3440/3440
f 462/3441/3441 1889/3440/3440 1890/3442/3442
f 467/3443/3443 1890/3442/3442 1891/3444/3444
f 432/3445/3445 1891/3444/3444 1892/3446/3446
f 433/3447/3447 1892/3446/3446 1893/3448/3448
f 440/3449/3449 1893/3448/3448 1894/3450/3450
f 430/3451/3451 1894/3450/3450 1895/3452/3452
f 431/3453/3453 1895/3452/3452 1896/3454/3454
f 459/3455/3455 1896/3454/3454 1897/3456/3456
f 460/3457/3457 1897/3456/3456 1898/3458/3458
f 457/3459/3459 1898/3458/3458 1899/3460/3460
f 458/3461/3461 1899/3460/3460 1900/3462/3462
f 455/3463/3463 1900/3462/3462 1901/3464/3464
f 456/3465/3465 1901/3464/3464 1902/3466/3466
f 465/3467/3467 1902/3466/3466 1903/3468/3468
f 466/3469/3469 1903/3468/3468 1904/3470/3470
f 482/3471/3471 1904/3470/3470 1905/3472/3472
f 489/3473/3473 1905/3472/3472 1906/3474/3474
f 493/3475/3475 1906/3474/3474 1907/3476/3476
f 487/3477/3477 1907/3476/3476 1908/3478/3478
f 488/3479/3479 1908/3478/3478 1909/3480/3480
f 485/3481/3481 1909/3480/3480 1910/3482/3482
f 486/3483/3483 1910/3482/3482 1839/3341/3341
f 1839/3341/3341 491/3340/3340 486/3483/3483
f 1910/3482/3482 486/3483/3483 485/3481/3481
f 1909/3480/3480 485/3481/3481 488/3479/3479
f 1908/3478/3478 488/3479/3479 487/3477/3477
f 1907/3476/3476 487/3477/3477 493/3475/3475
f 1906/3474/3474 493/3475/3475 489/3473/3473
f 1905/3472/3472 489/3473/3473 482/3471/3471
f 1904/3470/3470 482/3471/3471 466/3469/3469
f 1903/3468/3468 466/3469/3469 465/3467/3467
f 1902/3466/3466 465/3467/3467 456/3465/3465
f 1901/3464/3464 456/3465/3465 455/3463/3463
f 1900/3462/3462 455/3463/3463 458/3461/3461
f 1899/3460/3460 458/3461/3461 457/3459/3459
f 1898/3458/3458 457/3459/3459 460/3457/3457
f 1897/3456/3456 460/3457/3457 459/3455/3455
f 1896/3454/3454 459/3455/3455 431/3453/3453
f 1895/3452/3452 431/3453/3453 430/3451/3451
f 1894/3450/3450 430/3451/3451 440/3449/3449
f 1893/3448/3448 440/3449/3449 433/3447/3447
f 1892/3446/3446 433/3447/3447 432/3445/3445
f 1891/3444/3444 432/3445/3445 467/3443/3443
f 1890/3442/3442 467/3443/3443 462/3441/3441
f 1889/3440/3440 462/3441/3441 461/3439/3439
f 1888/3438/3438 461/3439/3439 471/3437/3437
f 1887/3436/3436 471/3437/3437 470/3435/3435
f 1886/3434/3434 470/3435/3435 435/3433/3433
f 1885/3432/3432 435/3433/3433 434/3431/3431
f 1884/3430/3430 434/3431/3431 436/3429/3429
f 1883/3428/3428 436/3429/3429 424/3427/3427
f 1882/3426/3426 424/3427/3427 423/3425/3425
f 1881/3424/3424 423/3425/3425 463/3423/3423
f 1880/3422/3422 463/3423/3423 442/3421/3421
f 1879/3420/3420 442/3421/3421 441/3419/3419
f 1878/3418/3418 441/3419/3419 444/3417/3417
f 1877/3416/3416 444/3417/3417 443/3415/3415
f 1876/3414/3414 443/3415/3415 468/3413/3413
f 1875/3412/3412 468/3413/3413 445/3411/3411
f 1874/3410/3410 445/3411/3411 447/3409/3409
f 1873/3408/3408 447/3409/3409 446/3407/3407
f 1872/3406/3406 446/3407/3407 480/3405/3405
f 1871/3404/3404 480/3405/3405 479/3403/3403
f 1870/3402/3402 479/3403/3403 473/3401/3401
f 1869/3400/3400 473/3401/3401 472/3399/3399
f 1868/3398/3398 472/3399/3399 476/3397/3397
f 1867/3396/3396 476/3397/3397 449/3395/3395
f 1866/3394/3394 449/3395/3395 448/3393/3393
f 1865/3392/3392 448/3393/3393 464/3391/3391
f 1864/3390/3390 464/3391/3391 469/3389/3389
f 1863/3388/3388 469/3389/3389 437/3387/3387
f 1862/3386/3386 437/3387/3387 427/3385/3385
f 1861/3384/3384 427/3385/3385 426/3383/3383
f 1860/3382/3382 426/3383/3383 429/3381/3381
f 1859/3380/3380 429/3381/3381 428/3379/3379
f 1858/3378/3378 428/3379/3379 451/3377/3377
f 1857/3376/3376 451/3377/3377 450/3375/3375
f 1856/3374/3374 450/3375/3375 439/3373/3373
f 1855/3372/3372 439/3373/3373 438/3371/3371
f 1854/3370/3370 438/3371/3371 452/3369/3369
f 1853/3368/3368 452/3369/3369 454/3367/3367
f 1852/3366/3366 454/3367/3367 453/3365/3365
f 1851/3364/3364 453/3365/3365 475/3363/3363
f 1850/3362/3362 475/3363/3363 474/3361/3361
f 1849/3360/3360 474/3361/3361 478/3359/3359
f 1848/3358/3358 478/3359/3359 477/3357/3357
f 1847/3356/3356 477/3357/3357 481/3355/3355
f 1846/3354/3354 481/3355/3355 494/3353/3353
f 1845/3352/3352 494/3353/3353 495/3351/3351
f 1844/3350/3350 495/3351/3351 484/3349/3349
f 1843/3348/3348 484/3349/3349 483/3347/3347
f 1842/3346/3346 483/3347/3347 490/3345/3345
f 1841/3344/3344 490/3345/3345 492/3343/3343
f 1840/3342/3342 492/3343/3343 491/3340/3340
f 1839/3484/3484 1911/3485/3485 1912/3486/3486
f 1840/3487/3487 1912/3486/3486 1913/3488/3488
f 1841/3489/3489 1913/3488/3488 1914/3490/3490
f 1842/3491/3491 1914/3490/3490 1915/3492/3492
f 1843/3493/3493 1915/3492/3492 1916/3494/3494
f 1844/3495/3495 1916/3494/3494 1917/3496/3496
f 1845/3497/3497 1917/3496/3496 1918/3498/3498
f 1846/3499/3499 1918/3498/3498 1919/3500/3500
f 1847/3501/3501 1919/3500/3500 1920/3502/3502
f 1848/3503/3503 1920/3502/3502 1921/3504/3504
f 1849/3505/3505 1921/3504/3504 1922/3506/3506
f 1850/3507/3507 1922/3506/3506 1923/3508/3508
f 1851/3509/3509 1923/3508/3508 1924/3510/3510
f 1852/3511/3511 1924/3510/3510 1925/3512/3512
f 1853/3513/3513 1925/3512/3512 1926/3514/3514
f 1854/3515/3515 1926/3514/3514 1927/3516/3516
f 1855/3517/3517 1927/3516/3516 1928/3518/3518
f 1856/3519/3519 1928/3518/3518 1929/3520/3520
f 1857/3521/3521 1929/3520/3520 1930/3522/3522
f 1858/3523/3523 1930/3522/3522 1931/3524/3524
f 1859/3525/3525 1931/3524/3524 1932/3526/3526
f 1860/3527/3527 1932/3526/3526 1933/3528/3528
f 1861/3529/3529 1933/3528/3528 1934/3530/3530
f 1862/3531/3531 1934/3530/3530 1935/3532/3532
f 1863/3533/3533 1935/3532/3532 1936/3534/3534
f 1864/3535/3535 1936/3534/3534 1937/3536/3536
f 1865/3537/3537 1937/3536/3536 1938/3538/3538
f 1866/3539/3539 1938/3538/3538 1939/3540/3540
f 1867/3541/3541 1939/3540/3540 1940/3542/3542
f 1868/3543/3543 1940/3542/3542 1941/3544/3544
f 1869/3545/3545 1941/3544/3544 1942/3546/3546
f 1870/3547/3547 1942/3546/3546 1943/3548/3548
f 1871/3549/3549 1943/3548/3548 1944/3550/3550
f 1872/3551/3551 1944/3550/3550 1945/3552/3552
f 1873/3553/3553 1945/3552/3552 1946/3554/3554
f 1874/3555/3555 1946/3554/3554 1947/3556/3556
f 1875/3557/3557 1947/3556/3556 1948/3558/3558
f 1876/3559/3559 1948/3558/3558 1949/3560/3560
f 1877/3561/3561 1949/3560/3560 1950/3562/3562
f 1878/3563/3563 1950/3562/3562 1951/3564/3564
f 1879/3565/3565 1951/3564/3564 1952/3566/3566
f 1880/3567/3567 1952/3566/3566 1953/3568/3568
f 1881/3569/3569 1953/3568/3568 1954/3570/3570
f 1882/3571/3571 1954/3570/3570 1955/3572/3572
f 1883/3573/3573 1955/3572/3572 1956/3574/3574
f 1884/3575/3575 1956/3574/3574 1957/3576/3576
f 1885/3577/3577 1957/3576/3576 1958/3578/3578
f 1886/3579/3579 1958/3578/3578 1959/3580/3580
f 1887/3581/3581 1959/3580/3580 1960/3582/3582
f 1888/3583/3583 1960/3582/3582 1961/3584/3584
f 1889/3585/3585 1961/3584/3584 1962/3586/3586
f 1890/3587/3587 1962/3586/3586 1963/3588/3588
f 1891/3589/3589 1963/3588/3588 1964/3590/3590
f 1892/3591/3591 1964/3590/3590 1965/3592/3592
f 1893/3593/3593 1965/3592/3592 1966/3594/3594
f 1894/3595/3595 1966/3594/3594 1967/3596/3596
f 1895/3597/3597 1967/3596/3596 1968/3598/3598
f 1896/3599/3599 1968/3598/3598 1969/3600/3600
f 1897/3601/3601 1969/3600/3600 1970/3602/3602
f 1898/3603/3603 1970/3602/3602 1971/3604/3604
f 1899/3605/3605 1971/3604/3604 1972/3606/3606
f 1900/3607/3607 1972/3606/3606 1973/3608/3608
f 1901/3609/3609 1973/3608/3608 1974/3610/3610
f 1902/3611/3611 1974/3610/3610 1975/3612/3612
f 1903/3613/3613 1975/3612/3612 1976/3614/3614
f 1904/3615/3615 1976/3614/3614 1977/3616/3616
f 1905/3617/3617 1977/3616/3616 1978/3618/3618
f 1906/3619/3619 1978/3618/3618 1979/3620/3620
f 1907/3621/3621 1979/3620/3620 1980/3622/3622
f 1908/3623/3623 1980/3622/3622 1981/3624/3624
f 1909/3625/3625 1981/3624/3624 1982/3626/3626
f 1910/3627/3627 1982/3626/3626 1911/3485/3485
f 1911/3485/3485 1839/3484/3484 1910/3627/3627
f 1982/3626/3626 1910/3627/3627 1909/3625/3625
f 1981/3624/3624 1909/3625/3625 1908/3623/3623
f 1980/3622/3622 1908/3623/3623 1907/3621/3621
f 1979/3620/3620 1907/3621/3621 1906/3619/3619
f 1978/3618/3618 1906/3619/3619 1905/3617/3617
f 1977/3616/3616 1905/3617/3617 1904/3615/3615
f 1976/3614/3614 1904/3615/3615 1903/3613/3613
f 1975/3612/3612 1903/3613/3613 1902/3611/3611
f 1974/3610/3610 1902/3611/3611 1901/3609/3609
f 1973/3608/3608 1901/3609/3609 1900/3607/3607
f 1972/3606/3606 1900/3607/3607 1899/3605/3605
f 1971/3604/3604 1899/3605/3605 1898/3603/3603
f 1970/3602/3602 1898/3603/3603 1897/3601/3601
f 1969/3600/3600 1897/3601/3601 1896/3599/3599
f 1968/3598/3598 1896/3599/3599 1895/3597/3597
f 1967/3596/3596 1895/3597/3597 1894/3595/3595
f 1966/3594/3594 1894/3595/3595 1893/3593/3593
f 1965/3592/3592 1893/3593/3593 1892/3591/3591
f 1964/3590/3590 1892/3591/3591 1891/3589/3589
f 1963/3588/3588 1891/3589/3589 1890/3587/3587
f 1962/3586/3586 1890/3587/3587 1889/3585/3585
f 1961/3584/3584 1889/3585/3585 1888/3583/3583
f 1960/3582/3582 1888/3583/3583 1887/3581/3581
f 1959/3580/3580 1887/3581/3581 1886/3579/3579
f 1958/3578/3578 1886/3579/3579 1885/3577/3577
f 1957/3576/3576 1885/3577/3577 1884/3575/3575
f 1956/3574/3574 1884/3575/3575 1883/3573/3573
f 1955/3572/3572 1883/3573/3573 1882/3571/3571
f 1954/3570/3570 1882/3571/3571 1881/3569/3569
f 1953/3568/3568 1881/3569/3569 1880/3567/3567
f 1952/3566/3566 1880/3567/3567 1879/3565/3565
f 1951/3564/3564 1879/3565/3565 1878/3563/3563
f 1950/3562/3562 1878/3563/3563 1877/3561/3561
f 1949/3560/3560 1877/3561/3561 1876/3559/3559
f 1948/3558/3558 1876/3559/3559 1875/3557/3557
f 1947/3556/3556 1875/3557/3557 1874/3555/3555
f 1946/3554/3554 1874/3555/3555 1873/3553/3553
f 1945/3552/3552 1873/3553/3553 1872/3551/3551
f 1944/3550/3550 1872/3551/3551 1871/3549/3549
f 1943/3548/3548 1871/3549/3549 1870/3547/3547
f 1942/3546/3546 1870/3547/3547 1869/3545/3545
f 1941/3544/3544 1869/3545/3545 1868/3543/3543
f 1940/3542/3542 1868/3543/3543 1867/3541/3541
f 1939/3540/3540 1867/3541/3541 1866/3539/3539
f 1938/3538/3538 1866/3539/3539 1865/3537/3537
f 1937/3536/3536 1865/3537/3537 1864/3535/3535
f 1936/3534/3534 1864/3535/3535 1863/3533/3533
f 1935/3532/3532 1863/3533/3533 1862/3531/3531
f 1934/3530/3530 1862/3531/3531 1861/3529/3529
f 1933/3528/3528 1861/3529/3529 1860/3527/3527
f 1932/3526/3526 1860/3527/3527 1859/3525/3525
f 1931/3524/3524 1859/3525/3525 1858/3523/3523
f 1930/3522/3522 1858/3523/3523 1857/3521/3521
f 1929/3520/3520 1857/3521/3521 1856/3519/3519
f 1928/3518/3518 1856/3519/3519 1855/3517/3517
f 1927/3516/3516 1855/3517/3517 1854/3515/3515
f 1926/3514/3514 1854/3515/3515 1853/3513/3513
f 1925/3512/3512 1853/3513/3513 1852/3511/3511
f 1924/3510/3510 1852/3511/3511 1851/3509/3509
f 1923/3508/3508 1851/3509/3509 1850/3507/3507
f 1922/3506/3506 1850/3507/3507 1849/3505/3505
f 1921/3504/3504 1849/3505/3505 1848/3503/3503
f 1920/3502/3502 1848/3503/3503 1847/3501/3501
f 1919/3500/3500 1847/3501/3501 1846/3499/3499
f 1918/3498/3498 1846/3499/3499 1845/3497/3497
f 1917/3496/3496 1845/3497/3497 1844/3495/3495
f 1916/3494/3494 1844/3495/3495 1843/3493/3493
f 1915/3492/3492 1843/3493/3493 1842/3491/3491
f 1914/3490/3490 1842/3491/3491 1841/3489/3489
f 1913/3488/3488 1841/3489/3489 1840/3487/3487
f 1912/3486/3486 1840/3487/3487 1839/3484/3484
f 1983/3628/3628 1982/3629/3629 1981/3630/3630
f 1981/3630/3630 1980/3631/3631 1983/3628/3628
f 1980/3631/3631 1979/3632/3632 1983/3628/3628
f 1979/3632/3632 1978/3633/3633 1983/3628/3628
f 1978/3633/3633 1977/3634/3634 1983/3628/3628
f 1977/3634/3634 1976/3635/3635 1983/3628/3628
f 1976/3635/3635 1975/3636/3636 1983/3628/3628
f 1975/3636/3636 1974/3637/3637 1983/3628/3628
f 1974/3637/3637 1973/3638/3638 1983/3628/3628
f 1973/3638/3638 1972/3639/3639 1983/3628/3628
f 1972/3639/3639 1971/3640/3640 1983/3628/3628
f 1971/3640/3640 1970/3641/3641 1983/3628/3628
f 1970/3641/3641 1969/3642/3642 1983/3628/3628
f 1969/3642/3642 1968/3643/3643 1983/3628/3628
f 1968/3643/3643 1967/3644/3644 1983/3628/3628
f 1967/3644/3644 1966/3645/3645 1983/3628/3628
f 1966/3645/3645 1965/3646/3646 1983/3628/3628
f 1965/3646/3646 1964/3647/3647 1983/3628/3628
f 1964/3647/3647 1963/3648/3648 1983/3628/3628
f 1963/3648/3648 1962/3649/3649 1983/3628/3628
f 1962/3649/3649 1961/3650/3650 1983/3628/3628
f 1961/3650/3650 1960/3651/3651 1983/3628/3628
f 1960/3651/3651 1959/3652/3652 1983/3628/3628
f 1959/3652/3652 1958/3653/3653 1983/3628/3628
f 1958/3653/3653 1957/3654/3654 1983/3628/3628
f 1957/3654/3654 1956/3655/3655 1983/3628/3628
f 1956/3655/3655 1955/3656/3656 1983/3628/3628
f 1955/3656/3656 1954/3657/3657 1983/3628/3628
f 1954/3657/3657 1953/3658/3658 1983/3628/3628
f 1953/3658/3658 1952/3659/3659 1983/3628/3628
f 1952/3659/3659 1951/3660/3660 1983/3628/3628
f 1951/3660/3660 1950/3661/3661 1983/3628/3628
f 1950/3661/3661 1949/3662/3662 1983/3628/3628
f 1949/3662/3662 1948/3663/3663 1983/3628/3628
f 1948/3663/3663 1947/3664/3664 1983/3628/3628
f 1947/3664/3664 1946/3665/3665 1983/3628/3628
f 1946/3665/3665 1945/3666/3666 1983/3628/3628
f 1945/3666/3666 1944/3667/3667 1983/3628/3628
f 1944/3667/3667 1943/3668/3668 1983/3628/3628
f 1943/3668/3668 1942/3669/3669 1983/3628/3628
f 1942/3669/3669 1941/3670/3670 1983/3628/3628
f 1941/3670/3670 1940/3671/3671 1983/3628/3628
f 1940/3671/3671 1939/3672/3672 1983/3628/3628
f 1939/3672/3672 1938/3673/3673 1983/3628/3628
f 1938/3673/3673 1937/3674/3674 1983/3628/3628
f 1937/3674/3674 1936/3675/3675 1983/3628/3628
f 1936/3675/3675 1935/3676/3676 1983/3628/3628
f 1935/3676/3676 1934/3677/3677 1983/3628/3628
f 1934/3677/3677 1933/3678/3678 1983/3628/3628
f 1933/3678/3678 1932/3679/3679 1983/3628/3628
f 1932/3679/3679 1931/3680/3680 1983/3628/3628
f 1931/3680/3680 1930/3681/3681 1983/3628/3628
f 1930/3681/3681 1929/3682/3682 1983/3628/3628
f 1929/3682/3682 1928/3683/3683 1983/3628/3628
f 1928/3683/3683 1927/3684/3684 1983/3628/3628
f 1927/3684/3684 1926/3685/3685 1983/3628/3628
f 1926/3685/3685 1925/3686/3686 1983/3628/3628
f 1925/3686/3686 1924/3687/3687 1983/3628/3628
f 1924/3687/3687 1923/3688/3688 1983/3628/3628
f 1923/3688/3688 1922/3689/3689 1983/3628/3628
f 1922/3689/3689 1921/3690/3690 1983/3628/3628
f 1921/3690/3690 1920/3691/3691 1983/3628/3628
f 1920/3691/3691 1919/3692/3692 1983/3628/3628
f 1919/3692/3692 1918/3693/3693 1983/3628/3628
f 1918/3693/3693 1917/3694/3694 1983/3628/3628
f 1917/3694/3694 1916/3695/3695 1983/3628/3628
f 1916/3695/3695 1915/3696/3696 1983/3628/3628
f 1915/3696/3696 1914/3697/3697 1983/3628/3628
f 1914/3697/3697 1913/3698/3698 1983/3628/3628
f 1913/3698/3698 1912/3699/3699 1983/3628/3628
f 1912/3699/3699 1911/3700/3700 1983/3628/3628
f 1911/3700/3700 1982/3629/3629 1983/3628/3628
f 498/3701/3701 1984/3702/3702 1985/3703/3703
f 499/3704/3704 1985/3703/3703 1986/3705/3705
f 496/3706/3706 1986/3705/3705 1987/3707/3707
f 497/3708/3708 1987/3707/3707 1988/3709/3709
f 503/3710/3710 1988/3709/3709 1989/3711/3711
f 504/3712/3712 1989/3711/3711 1990/3713/3713
f 858/3714/3714 1990/3713/3713 1991/3715/3715
f 859/3716/3716 1991/3715/3715 1992/3717/3717
f 856/3718/3718 1992/3717/3717 1993/3719/3719
f 857/3720/3720 1993/3719/3719 1994/3721/3721
f 855/3722/3722 1994/3721/3721 1995/3723/3723
f 840/3724/3724 1995/3723/3723 1996/3725/3725
f 841/3726/3726 1996/3725/3725 1997/3727/3727
f 853/3728/3728 1997/3727/3727 1998/3729/3729
f 854/3730/3730 1998/3729/3729 1999/3731/3731
f 829/3732/3732 1999/3731/3731 2000/3733/3733
f 830/3734/3734 2000/3733/3733 2001/3735/3735
f 824/3736/3736 2001/3735/3735 2002/3737/3737
f 825/3738/3738 2002/3737/3737 2003/3739/3739
f 823/3740/3740 2003/3739/3739 2004/3741/3741
f 816/3742/3742 2004/3741/3741 2005/3743/3743
f 838/3744/3744 2005/3743/3743 2006/3745/3745
f 839/3746/3746 2006/3745/3745 2007/3747/3747
f 867/3748/3748 2007/3747/3747 2008/3749/3749
f 851/3750/3750 2008/3749/3749 2009/3751/3751
f 852/3752/3752 2009/3751/3751 2010/3753/3753
f 865/3754/3754 2010/3753/3753 2011/3755/3755
f 866/3756/3756 2011/3755/3755 2012/3757/3757
f 863/3758/3758 2012/3757/3757 2013/3759/3759
f 864/3760/3760 2013/3759/3759 2014/3761/3761
f 837/3762/3762 2014/3761/3761 2015/3763/3763
f 821/3764/3764 2015/3763/3763 2016/3765/3765
f 822/3766/3766 2016/3765/3765 2017/3767/3767
f 828/3768/3768 2017/3767/3767 2018/3769/3769
f 827/3770/3770 2018/3769/3769 2019/3771/3771
f 819/3772/3772 2019/3771/3771 2020/3773/3773
f 820/3774/3774 2020/3773/3773 2021/3775/3775
f 826/3776/3776 2021/3775/3775 2022/3777/3777
f 817/3778/3778 2022/3777/3777 2023/3779/3779
f 818/3780/3780 2023/3779/3779 2024/3781/3781
f 836/3782/3782 2024/3781/3781 2025/3783/3783
f 834/3784/3784 2025/3783/3783 2026/3785/3785
f 835/3786/3786 2026/3785/3785 2027/3787/3787
f 832/3788/3788 2027/3787/3787 2028/3789/3789
f 833/3790/3790 2028/3789/3789 2029/3791/3791
f 850/3792/3792 2029/3791/3791 2030/3793/3793
f 848/3794/3794 2030/3793/3793 2031/3795/3795
f 849/3796/3796 2031/3795/3795 2032/3797/3797
f 872/3798/3798 2032/3797/3797 2033/3799/3799
f 862/3800/3800 2033/3799/3799 2034/3801/3801
f 846/3802/3802 2034/3801/3801 2035/3803/3803
f 847/3804/3804 2035/3803/3803 2036/3805/3805
f 871/3806/3806 2036/3805/3805 2037/3807/3807
f 844/3808/3808 2037/3807/3807 2038/3809/3809
f 845/3810/3810 2038/3809/3809 2039/3811/3811
f 842/3812/3812 2039/3811/3811 2040/3813/3813
f 843/3814/3814 2040/3813/3813 2041/3815/3815
f 873/3816/3816 2041/3815/3815 2042/3817/3817
f 874/3818/3818 2042/3817/3817 2043/3819/3819
f 876/3820/3820 2043/3819/3819 2044/3821/3821
f 869/3822/3822 2044/3821/3821 2045/3823/3823
f 870/3824/3824 2045/3823/3823 2046/3825/3825
f 868/3826/3826 2046/3825/3825 2047/3827/3827
f 860/3828/3828 2047/3827/3827 2048/3829/3829
f 861/3830/3830 2048/3829/3829 2049/3831/3831
f 875/3832/3832 2049/3831/3831 2050/3833/3833
f 878/3834/3834 2050/3833/3833 2051/3835/3835
f 508/3836/3836 2051/3835/3835 2052/3837/3837
f 505/3838/3838 2052/3837/3837 2053/3839/3839
f 506/3840/3840 2053/3839/3839 2054/3841/3841
f 502/3842/3842 2054/3841/3841 2055/3843/3843
f 501/3844/3844 2055/3843/3843 1984/3702/3702
f 1984/3702/3702 498/3701/3701 501/3844/3844
f 2055/3843/3843 501/3844/3844 502/3842/3842
f 2054/3841/3841 502/3842/3842 506/3840/3840
f 2053/3839/3839 506/3840/3840 505/3838/3838
f 2052/3837/3837 505/3838/3838 508/3836/3836
f 2051/3835/3835 508/3836/3836 878/3834/3834
f 2050/3833/3833 878/3834/3834 875/3832/3832
f 2049/3831/3831 875/3832/3832 861/3830/3830
f 2048/3829/3829 861/3830/3830 860/3828/3828
f 2047/3827/3827 860/3828/3828 868/3826/3826
f 2046/3825/3825 868/3826/3826 870/3824/3824
f 2045/3823/3823 870/3824/3824 869/3822/3822
f 2044/3821/3821 869/3822/3822 876/3820/3820
f 2043/3819/3819 876/3820/3820 874/3818/3818
f 2042/3817/3817 874/3818/3818 873/3816/3816
f 2041/3815/3815 873/3816/3816 843/3814/3814
f 2040/3813/3813 843/3814/3814 842/3812/3812
f 2039/3811/3811 842/3812/3812 845/3810/3810
f 2038/3809/3809 845/3810/3810 844/3808/3808
f 2037/3807/3807 844/3808/3808 871/3806/3806
f 2036/3805/3805 871/3806/3806 847/3804/3804
f 2035/3803/3803 847/3804/3804 846/3802/3802
f 2034/3801/3801 846/3802/3802 862/3800/3800
f 2033/3799/3799 862/3800/3800 872/3798/3798
f 2032/3797/3797 872/3798/3798 849/3796/3796
f 2031/3795/3795 849/3796/3796 848/3794/3794
f 2030/3793/3793 848/3794/3794 850/3792/3792
f 2029/3791/3791 850/3792/3792 833/3790/3790
f 2028/3789/3789 833/3790/3790 832/3788/3788
f 2027/3787/3787 832/3788/3788 835/3786/3786
f 2026/3785/3785 835/3786/3786 834/3784/3784
f 2025/3783/3783 834/3784/3784 836/3782/3782
f 2024/3781/3781 836/3782/3782 818/3780/3780
f 2023/3779/3779 818/3780/3780 817/3778/3778
f 2022/3777/3777 817/3778/3778 826/3776/3776
f 2021/3775/3775 826/3776/3776 820/3774/3774
f 2020/3773/3773 820/3774/3774 819/3772/3772
f 2019/3771/3771 819/3772/3772 827/3770/3770
f 2018/3769/3769 827/3770/3770 828/3768/3768
f 2017/3767/3767 828/3768/3768 822/3766/3766
f 2016/3765/3765 822/3766/3766 821/3764/3764
f 2015/3763/3763 821/3764/3764 837/3762/3762
f 2014/3761/3761 837/3762/3762 864/3760/3760
f 2013/3759/3759 864/3760/3760 863/3758/3758
f 2012/3757/3757 863/3758/3758 866/3756/3756
f 2011/3755/3755 866/3756/3756 865/3754/3754
f 2010/3753/3753 865/3754/3754 852/3752/3752
f 2009/3751/3751 852/3752/3752 851/3750/3750
f 2008/3749/3749 851/3750/3750 867/3748/3748
f 2007/3747/3747 867/3748/3748 839/3746/3746
f 2006/3745/3745 839/3746/3746 838/3744/3744
f 2005/3743/3743 838/3744/3744 816/3742/3742
f 2004/3741/3741 816/3742/3742 823/3740/3740
f 2003/3739/3739 823/3740/3740 825/3738/3738
f 2002/3737/3737 825/3738/3738 824/3736/3736
f 2001/3735/3735 824/3736/3736 830/3734/3734
f 2000/3733/3733 830/3734/3734 829/3732/3732
f 1999/3731/3731 829/3732/3732 854/3730/3730
f 1998/3729/3729 854/3730/3730 853/3728/3728
f 1997/3727/3727 853/3728/3728 841/3726/3726
f 1996/3725/3725 841/3726/3726 840/3724/3724
f 1995/3723/3723 840/3724/3724 855/3722/3722
f 1994/3721/3721 855/3722/3722 857/3720/3720
f 1993/3719/3719 857/3720/3720 856/3718/3718
f 1992/3717/3717 856/3718/3718 859/3716/3716
f 1991/3715/3715 859/3716/3716 858/3714/3714
f 1990/3713/3713 858/3714/3714 504/3712/3712
f 1989/3711/3711 504/3712/3712 503/3710/3710
f 1988/3709/3709 503/3710/3710 497/3708/3708
f 1987/3707/3707 497/3708/3708 496/3706/3706
f 1986/3705/3705 496/3706/3706 499/3704/3704
f 1985/3703/3703 499/3704/3704 498/3701/3701
f 1984/3845/3845 2056/3846/3846 2057/3847/3847
f 1985/3848/3848 2057/3847/3847 2058/3849/3849
f 1986/3850/3850 2058/3849/3849 2059/3851/3851
f 1987/3852/3852 2059/3851/3851 2060/3853/3853
f 1988/3854/3854 2060/3853/3853 2061/3855/3855
f 1989/3856/3856 2061/3855/3855 2062/3857/3857
f 1990/3858/3858 2062/3857/3857 2063/3859/3859
f 1991/3860/3860 2063/3859/3859 2064/3861/3861
f 1992/3862/3862 2064/3861/3861 2065/3863/3863
f 1993/3864/3864 2065/3863/3863 2066/3865/3865
f 1994/3866/3866 2066/3865/3865 2067/3867/3867
f 1995/3868/3868 2067/3867/3867 2068/3869/3869
f 1996/3870/3870 2068/3869/3869 2069/3871/3871
f 1997/3872/3872 2069/3871/3871 2070/3873/3873
f 1998/3874/3874 2070/3873/3873 2071/3875/3875
f 1999/3876/3876 2071/3875/3875 2072/3877/3877
f 2000/3878/3878 2072/3877/3877 2073/3879/3879
f 2001/3880/3880 2073/3879/3879 2074/3881/3881
f 2002/3882/3882 2074/3881/3881 2075/3883/3883
f 2003/3884/3884 2075/3883/3883 2076/3885/3885
f 2004/3886/3886 2076/3885/3885 2077/3887/3887
f 2005/3888/3888 2077/3887/3887 2078/3889/3889
f 2006/3890/3890 2078/3889/3889 2079/3891/3891
f 2007/3892/3892 2079/3891/3891 2080/3893/3893
f 2008/3894/3894 2080/3893/3893 2081/3895/3895
f 2009/3896/3896 2081/3895/3895 2082/3897/3897
f 2010/3898/3898 2082/3897/3897 2083/3899/3899
f 2011/3900/3900 2083/3899/3899 2084/3901/3901
f 2012/3902/3902 2084/3901/3901 2085/3903/3903
f 2013/3904/3904 2085/3903/3903 2086/3905/3905
f 2014/3906/3906 2086/3905/3905 2087/3907/3907
f 2015/3908/3908 2087/3907/3907 2088/3909/3909
f 2016/3910/3910 2088/3909/3909 2089/3911/3911
f 2017/3912/3912 2089/3911/3911 2090/3913/3913
f 2018/3914/3914 2090/3913/3913 2091/3915/3915
f 2019/3916/3916 2091/3915/3915 2092/3917/3917
f 2020/3918/3918 2092/3917/3917 2093/3919/3919
f 2021/3920/3920 2093/3919/3919 2094/3921/3921
f 2022/3922/3922 2094/3921/3921 2095/3923/3923
f 2023/3924/3924 2095/3923/3923 2096/3925/3925
f 2024/3926/3926 2096/3925/3925 2097/3927/3927
f 2025/3928/3928 2097/3927/3927 2098/3929/3929
f 2026/3930/3930 2098/3929/3929 2099/3931/3931
f 2027/3932/3932 2099/3931/3931 2100/3933/3933
f 2028/3934/3934 2100/3933/3933 2101/3935/3935
f 2029/3936/3936 2101/3935/3935 2102/3937/3937
f 2030/3938/3938 2102/3937/3937 2103/3939/3939
f 2031/3940/3940 2103/3939/3939 2104/3941/3941
f 2032/3942/3942 2104/3941/3941 2105/3943/3943
f 2033/3944/3944 2105/3943/3943 2106/3945/3945
f 2034/3946/3946 2106/3945/3945 2107/3947/3947
f 2035/3948/3948 2107/3947/3947 2108/3949/3949
f 2036/3950/3950 2108/3949/3949 2109/3951/3951
f 2037/3952/3952 2109/3951/3951 2110/3953/3953
f 2038/3954/3954 2110/3953/3953 2111/3955/3955
f 2039/3956/3956 2111/3955/3955 2112/3957/3957
f 2040/3958/3958 2112/3957/3957 2113/3959/3959
f 2041/3960/3960 2113/3959/3959 2114/3961/3961
f 2042/3962/3962 2114/3961/3961 2115/3963/3963
f 2043/3964/3964 2115/3963/3963 2116/3965/3965
f 2044/3966/3966 2116/3965/3965 2117/3967/3967
f 2045/3968/3968 2117/3967/3967 2118/3969/3969
f 2046/3970/3970 2118/3969/3969 2119/3971/3971
f 2047/3972/3972 2119/3971/3971 2120/3973/3973
f 2048/3974/3974 2120/3973/3973 2121/3975/3975
f 2049/3976/3976 2121/3975/3975 2122/3977/3977
f 2050/3978/3978 2122/3977/3977 2123/3979/3979
f 2051/3980/3980 2123/3979/3979 2124/3981/3981
f 2052/3982/3982 2124/3981/3981 2125/3983/3983
f 2053/3984/3984 2125/3983/3983 2126/3985/3985
f 2054/3986/3986 2126/3985/3985 2127/3987/3987
f 2055/3988/3988 2127/3987/3987 2056/3846/3846
f 2056/3846/3846 1984/3845/3845 2055/3988/3988
f 2127/3987/3987 2055/3988/3988 2054/3986/3986
f 2126/3985/3985 2054/3986/3986 2053/3984/3984
f 2125/3983/3983 2053/3984/3984 2052/3982/3982
f 2124/3981/3981 2052/3982/3982 2051/3980/3980
f 2123/3979/3979 2051/3980/3980 2050/3978/3978
f 2122/3977/3977 2050/3978/3978 2049/3976/3976
f 2121/3975/3975 2049/3976/3976 2048/3974/3974
f 2120/3973/3973 2048/3974/3974 2047/3972/3972
f 2119/3971/3971 2047/3972/3972 2046/3970/3970
f 2118/3969/3969 2046/3970/3970 2045/3968/3968
f 2117/3967/3967 2045/3968/3968 2044/3966/3966
f 2116/3965/3965 2044/3966/3966 2043/3964/3964
f 2115/3963/3963 2043/3964/3964 2042/3962/3962
f 2114/3961/3961 2042/3962/3962 2041/3960/3960
f 2113/3959/3959 2041/3960/3960 2040/3958/3958
f 2112/3957/3957 2040/3958/3958 2039/3956/3956
f 2111/3955/3955 2039/3956/3956 2038/3954/3954
f 2110/3953/3953 2038/3954/3954 2037/3952/3952
f 2109/3951/3951 2037/3952/3952 2036/3950/3950
f 2108/3949/3949 2036/3950/3950 2035/3948/3948
f 2107/3947/3947 2035/3948/3948 2034/3946/3946
f 2106/3945/3945 2034/3946/3946 2033/3944/3944
f 2105/3943/3943 2033/3944/3944 2032/3942/3942
f 2104/3941/3941 2032/3942/3942 2031/3940/3940
f 2103/3939/3939 2031/3940/3940 2030/3938/3938
f 2102/3937/3937 2030/3938/3938 2029/3936/3936
f 2101/3935/3935 2029/3936/3936 2028/3934/3934
f 2100/3933/3933 2028/3934/3934 2027/3932/3932
f 2099/3931/3931 2027/3932/3932 2026/3930/3930
f 2098/3929/3929 2026/3930/3930 2025/3928/3928
f 2097/3927/3927 2025/3928/3928 2024/3926/3926
f 2096/3925/3925 2024/3926/3926 2023/3924/3924
f 2095/3923/3923 2023/3924/3924 2022/3922/3922
f 2094/3921/3921 2022/3922/3922 2021/3920/3920
f 2093/3919/3919 2021/3920/3920 2020/3918/3918
f 2092/3917/3917 2020/3918/3918 2019/3916/3916
f 2091/3915/3915 2019/3916/3916 2018/3914/3914
f 2090/3913/3913 2018/3914/3914 2017/3912/3912
f 2089/3911/3911 2017/3912/3912 2016/3910/3910
f 2088/3909/3909 2016/3910/3910 2015/3908/3908
f 2087/3907/3907 2015/3908/3908 2014/3906/3906
f 2086/3905/3905 2014/3906/3906 2013/3904/3904
f 2085/3903/3903 2013/3904/3904 2012/3902/3902
f 2084/3901/3901 2012/3902/3902 2011/3900/3900
f 2083/3899/3899 2011/3900/3900 2010/3898/3898
f 2082/3897/3897 2010/3898/3898 2009/3896/3896
f 2081/3895/3895 2009/3896/3896 2008/3894/3894
f 2080/3893/3893 2008/3894/3894 2007/3892/3892
f 2079/3891/3891 2007/3892/3892 2006/3890/3890
f 2078/3889/3889 2006/3890/3890 2005/3888/3888
f 2077/3887/3887 2005/3888/3888 2004/3886/3886
f 2076/3885/3885 2004/3886/3886 2003/3884/3884
f 2075/3883/3883 2003/3884/3884 2002/3882/3882
f 2074/3881/3881 2002/3882/3882 2001/3880/3880
f 2073/3879/3879 2001/3880/3880 2000/3878/3878
f 2072/3877/3877 2000/3878/3878 1999/3876/3876
f 2071/3875/3875 1999/3876/3876 1998/3874/3874
f 2070/3873/3873 1998/3874/3874 1997/3872/3872
f 2069/3871/3871 1997/3872/3872 1996/3870/3870
f 2068/3869/3869 1996/3870/3870 1995/3868/3868
f 2067/3867/3867 1995/3868/3868 1994/3866/3866
f 2066/3865/3865 1994/3866/3866 1993/3864/3864
f 2065/3863/3863 1993/3864/3864 1992/3862/3862
f 2064/3861/3861 1992/3862/3862 1991/3860/3860
f 2063/3859/3859 1991/3860/3860 1990/3858/3858
f 2062/3857/3857 1990/3858/3858 1989/3856/3856
f 2061/3855/3855 1989/3856/3856 1988/3854/3854
f 2060/3853/3853 1988/3854/3854 1987/3852/3852
f 2059/3851/3851 1987/3852/3852 1986/3850/3850
f 2058/3849/3849 1986/3850/3850 1985/3848/3848
f 2057/3847/3847 1985/3848/3848 1984/3845/3845
f 2128/3989/3989 2127/3990/3990 2126/3991/3991
f 2126/3991/3991 2125/3992/3992 2128/3989/3989
f 2125/3992/3992 2124/3993/3993 2128/3989/3989
f 2124/3993/3993 2123/3994/3994 2128/3989/3989
f 2123/3994/3994 2122/3995/3995 2128/3989/3989
f 2122/3995/3995 2121/3996/3996 2128/3989/3989
f 2121/3996/3996 2120/3997/3997 2128/3989/3989
f 2120/3997/3997 2119/3998/3998 2128/3989/3989
f 2119/3998/3998 2118/3999/3999 2128/3989/3989
f 2118/3999/3999 2117/4000/4000 2128/3989/3989
f 2117/4000/4000 2116/4001/4001 2128/3989/3989
f 2116/4001/4001 2115/4002/4002 2128/3989/3989
f 2115/4002/4002 2114/4003/4003 2128/3989/3989
f 2114/4003/4003 2113/4004/4004 2128/3989/3989
f 2113/4004/4004 2112/4005/4005 2128/3989/3989
f 2112/4005/4005 2111/4006/4006 2128/3989/3989
f 2111/4006/4006 2110/4007/4007 2128/3989/3989
f 2110/4007/4007 2109/4008/4008 2128/3989/3989
f 2109/4008/4008 2108/4009/4009 2128/3989/3989
f 2108/4009/4009 2107/4010/4010 2128/3989/3989
f 2107/4010/4010 2106/4011/4011 2128/3989/3989
f 2106/4011/4011 2105/4012/4012 2128/3989/3989
f 2105/4012/4012 2104/4013/4013 2128/3989/3989
f 2104/4013/4013 2103/4014/4014 2128/3989/3989
f 2103/4014/4014 2102/4015/4015 2128/3989/3989
f 2102/4015/4015 2101/4016/4016 2128/3989/3989
f 2101/4016/4016 2100/4017/4017 2128/3989/3989
f 2100/4017/4017 2099/4018/4018 2128/3989/3989
f 2099/4018/4018 2098/4019/4019 2128/3989/3989
f 2098/4019/4019 2097/4020/4020 2128/3989/3989
f 2097/4020/4020 2096/4021/4021 2128/3989/3989
f 2096/4021/4021 2095/4022/4022 2128/3989/3989
f 2095/4022/4022 2094/4023/4023 2128/3989/3989
f 2094/4023/4023 2093/4024/4024 2128/3989/3989
f 2093/4024/4024 2092/4025/4025 2128/3989/3989
f 2092/4025/4025 2091/4026/4026 2128/3989/3989
f 2091/4026/4026 2090/4027/4027 2128/3989/3989
f 2090/4027/4027 2089/4028/4028 2128/3989/3989
f 2089/4028/4028 2088/4029/4029 2128/3989/3989
f 2088/4029/4029 2087/4030/4030 2128/3989/3989
f 2087/4030/4030 2086/4031/4031 2128/3989/3989
f 2086/4031/4031 2085/4032/4032 2128/3989/3989
f 2085/4032/4032 2084/4033/4033 2128/3989/3989
f 2084/4033/4033 2083/4034/4034 2128/3989/3989
f 2083/4034/4034 2082/4035/4035 2128/3989/3989
f 2082/4035/4035 2081/4036/4036 2128/3989/3989
f 2081/4036/4036 2080/4037/4037 2128/3989/3989
f 2080/4037/4037 2079/4038/4038 2128/3989/3989
f 2079/4038/4038 2078/4039/4039 2128/3989/3989
f 2078/4039/4039 2077/4040/4040 2128/3989/3989
f 2077/4040/4040 2076/4041/4041 2128/3989/3989
f 2076/4041/4041 2075/4042/4042 2128/3989/3989
f 2075/4042/4042 2074/4043/4043 2128/3989/3989
f 2074/4043/4043 2073/4044/4044 2128/3989/3989
f 2073/4044/4044 2072/4045/4045 2128/3989/3989
f 2072/4045/4045 2071/4046/4046 2128/3989/3989
f 2071/4046/4046 2070/4047/4047 2128/3989/3989
f 2070/4047/4047 2069/4048/4048 2128/3989/3989
f 2069/4048/4048 2068/4049/4049 2128/3989/3989
f 2068/4049/4049 2067/4050/4050 2128/3989/3989
f 2067/4050/4050 2066/4051/4051 2128/3989/3989
f 2066/4051/4051 2065/4052/4052 2128/3989/3989
f 2065/4052/4052 2064/4053/4053 2128/3989/3989
f 2064/4053/4053 2063/4054/4054 2128/3989/3989
f 2063/4054/4054 2062/4055/4055 2128/3989/3989
f 2062/4055/4055 2061/4056/4056 2128/3989/3989
f 2061/4056/4056 2060/4057/4057 2128/3989/3989
f 2060/4057/4057 2059/4058/4058 2128/3989/3989
f 2059/4058/4058 2058/4059/4059 2128/3989/3989
f 2058/4059/4059 2057/4060/4060 2128/3989/3989
f 2057/4060/4060 2056/4061/4061 2128/3989/3989
f 2056/4061/4061 2127/3990/3990 2128/3989/3989
f 545/4062/4062 2129/4063/4063 2130/4064/4064
f 543/4065/4065 2130/4064/4064 2131/4066/4066
f 540/4067/4067 2131/4066/4066 2132/4068/4068
f 541/4069/4069 2132/4068/4068 2133/4070/4070
f 559/4071/4071 2133/4070/4070 2134/4072/4072
f 557/4073/4073 2134/4072/4072 2135/4074/4074
f 558/4075/4075 2135/4074/4074 2136/4076/4076
f 567/4077/4077 2136/4076/4076 2137/4078/4078
f 555/4079/4079 2137/4078/4078 2138/4080/4080
f 556/4081/4081 2138/4080/4080 2139/4082/4082
f 554/4083/4083 2139/4082/4082 2140/4084/4084
f 538/4085/4085 2140/4084/4084 2141/4086/4086
f 539/4087/4087 2141/4086/4086 2142/4088/4088
f 552/4089/4089 2142/4088/4088 2143/4090/4090
f 553/4091/4091 2143/4090/4090 2144/4092/4092
f 529/4093/4093 2144/4092/4092 2145/4094/4094
f 530/4095/4095 2145/4094/4094 2146/4096/4096
f 526/4097/4097 2146/4096/4096 2147/4098/4098
f 527/4099/4099 2147/4098/4098 2148/4100/4100
f 524/4101/4101 2148/4100/4100 2149/4102/4102
f 525/4103/4103 2149/4102/4102 2150/4104/4104
f 536/4105/4105 2150/4104/4104 2151/4106/4106
f 537/4107/4107 2151/4106/4106 2152/4108/4108
f 566/4109/4109 2152/4108/4108 2153/4110/4110
f 550/4111/4111 2153/4110/4110 2154/4112/4112
f 551/4113/4113 2154/4112/4112 2155/4114/4114
f 580/4115/4115 2155/4114/4114 2156/4116/4116
f 581/4117/4117 2156/4116/4116 2157/4118/4118
f 585/4119/4119 2157/4118/4118 2158/4120/4120
f 523/4121/4121 2158/4120/4120 2159/4122/4122
f 521/4123/4123 2159/4122/4122 2160/4124/4124
f 516/4125/4125 2160/4124/4124 2161/4126/4126
f 513/4127/4127 2161/4126/4126 2162/4128/4128
f 514/4129/4129 2162/4128/4128 2163/4130/4130
f 515/4131/4131 2163/4130/4130 2164/4132/4132
f 511/4133/4133 2164/4132/4132 2165/4134/4134
f 512/4135/4135 2165/4134/4134 2166/4136/4136
f 509/4137/4137 2166/4136/4136 2167/4138/4138
f 510/4139/4139 2167/4138/4138 2168/4140/4140
f 519/4141/4141 2168/4140/4140 2169/4142/4142
f 520/4143/4143 2169/4142/4142 2170/4144/4144
f 517/4145/4145 2170/4144/4144 2171/4146/4146
f 518/4147/4147 2171/4146/4146 2172/4148/4148
f 578/4149/4149 2172/4148/4148 2173/4150/4150
f 579/4151/4151 2173/4150/4150 2174/4152/4152
f 584/4153/4153 2174/4152/4152 2175/4154/4154
f 582/4155/4155 2175/4154/4154 2176/4156/4156
f 583/4157/4157 2176/4156/4156 2177/4158/4158
f 577/4159/4159 2177/4158/4158 2178/4160/4160
f 572/4161/4161 2178/4160/4160 2179/4162/4162
f 564/4163/4163 2179/4162/4162 2180/4164/4164
f 565/4165/4165 2180/4164/4164 2181/4166/4166
f 576/4167/4167 2181/4166/4166 2182/4168/4168
f 563/4169/4169 2182/4168/4168 2183/4170/4170
f 548/4171/4171 2183/4170/4170 2184/4172/4172
f 549/4173/4173 2184/4172/4172 2185/4174/4174
f 562/4175/4175 2185/4174/4174 2186/4176/4176
f 570/4177/4177 2186/4176/4176 2187/4178/4178
f 571/4179/4179 2187/4178/4178 2188/4180/4180
f 575/4181/4181 2188/4180/4180 2189/4182/4182
f 534/4183/4183 2189/4182/4182 2190/4184/4184
f 535/4185/4185 2190/4184/4184 2191/4186/4186
f 546/4187/4187 2191/4186/4186 2192/4188/4188
f 532/4189/4189 2192/4188/4188 2193/4190/4190
f 533/4191/4191 2193/4190/4190 2194/4192/4192
f 569/4193/4193 2194/4192/4192 2195/4194/4194
f 560/4195/4195 2195/4194/4194 2196/4196/4196
f 561/4197/4197 2196/4196/4196 2197/4198/4198
f 568/4199/4199 2197/4198/4198 2198/4200/4200
f 574/4201/4201 2198/4200/4200 2199/4202/4202
f 573/4203/4203 2199/4202/4202 2200/4204/4204
f 544/4205/4205 2200/4204/4204 2129/4063/4063
f 2129/4063/4063 545/4062/4062 544/4205/4205
f 2200/4204/4204 544/4205/4205 573/4203/4203
f 2199/4202/4202 573/4203/4203 574/4201/4201
f 2198/4200/4200 574/4201/4201 568/4199/4199
f 2197/4198/4198 568/4199/4199 561/4197/4197
f 2196/4196/4196 561/4197/4197 560/4195/4195
f 2195/4194/4194 560/4195/4195 569/4193/4193
f 2194/4192/4192 569/4193/4193 533/4191/4191
f 2193/4190/4190 533/4191/4191 532/4189/4189
f 2192/4188/4188 532/4189/4189 546/4187/4187
f 2191/4186/4186 546/4187/4187 535/4185/4185
f 2190/4184/4184 535/4185/4185 534/4183/4183
f 2189/4182/4182 534/4183/4183 575/4181/4181
f 2188/4180/4180 575/4181/4181 571/4179/4179
f 2187/4178/4178 571/4179/4179 570/4177/4177
f 2186/4176/4176 570/4177/4177 562/4175/4175
f 2185/4174/4174 562/4175/4175 549/4173/4173
f 2184/4172/4172 549/4173/4173 548/4171/4171
f 2183/4170/4170 548/4171/4171 563/4169/4169
f 2182/4168/4168 563/4169/4169 576/4167/4167
f 2181/4166/4166 576/4167/4167 565/4165/4165
f 2180/4164/4164 565/4165/4165 564/4163/4163
f 2179/4162/4162 564/4163/4163 572/4161/4161
f 2178/4160/4160 572/4161/4161 577/4159/4159
f 2177/4158/4158 577/4159/4159 583/4157/4157
f 2176/4156/4156 583/4157/4157 582/4155/4155
f 2175/4154/4154 582/4155/4155 584/4153/4153
f 2174/4152/4152 584/4153/4153 579/4151/4151
f 2173/4150/4150 579/4151/4151 578/4149/4149
f 2172/4148/4148 578/4149/4149 518/4147/4147
f 2171/4146/4146 518/4147/4147 517/4145/4145
f 2170/4144/4144 517/4145/4145 520/4143/4143
f 2169/4142/4142 520/4143/4143 519/4141/4141
f 2168/4140/4140 519/4141/4141 510/4139/4139
f 2167/4138/4138 510/4139/4139 509/4137/4137
f 2166/4136/4136 509/4137/4137 512/4135/4135
f 2165/4134/4134 512/4135/4135 511/4133/4133
f 2164/4132/4132 511/4133/4133 515/4131/4131
f 2163/4130/4130 515/4131/4131 514/4129/4129
f 2162/4128/4128 514/4129/4129 513/4127/4127
f 2161/4126/4126 513/4127/4127 516/4125/4125
f 2160/4124/4124 516/4125/4125 521/4123/4123
f 2159/4122/4122 521/4123/4123 523/4121/4121
f 2158/4120/4120 523/4121/4121 585/4119/4119
f 2157/4118/4118 585/4119/4119 581/4117/4117
f 2156/4116/4116 581/4117/4117 580/4115/4115
f 2155/4114/4114 580/4115/4115 551/4113/4113
f 2154/4112/4112 551/4113/4113 550/4111/4111
f 2153/4110/4110 550/4111/4111 566/4109/4109
f 2152/4108/4108 566/4109/4109 537/4107/4107
f 2151/4106/4106 537/4107/4107 536/4105/4105
f 2150/4104/4104 536/4105/4105 525/4103/4103
f 2149/4102/4102 525/4103/4103 524/4101/4101
f 2148/4100/4100 524/4101/4101 527/4099/4099
f 2147/4098/4098 527/4099/4099 526/4097/4097
f 2146/4096/4096 526/4097/4097 530/4095/4095
f 2145/4094/4094 530/4095/4095 529/4093/4093
f 2144/4092/4092 529/4093/4093 553/4091/4091
f 2143/4090/4090 553/4091/4091 552/4089/4089
f 2142/4088/4088 552/4089/4089 539/4087/4087
f 2141/4086/4086 539/4087/4087 538/4085/4085
f 2140/4084/4084 538/4085/4085 554/4083/4083
f 2139/4082/4082 554/4083/4083 556/4081/4081
f 2138/4080/4080 556/4081/4081 555/4079/4079
f 2137/4078/4078 555/4079/4079 567/4077/4077
f 2136/4076/4076 567/4077/4077 558/4075/4075
f 2135/4074/4074 558/4075/4075 557/4073/4073
f 2134/4072/4072 557/4073/4073 559/4071/4071
f 2133/4070/4070 559/4071/4071 541/4069/4069
f 2132/4068/4068 541/4069/4069 540/4067/4067
f 2131/4066/4066 540/4067/4067 543/4065/4065
f 2130/4064/4064 543/4065/4065 545/4062/4062
f 2129/4206/4206 2201/4207/4207 2202/4208/4208
f 2130/4209/4209 2202/4208/4208 2203/4210/4210
f 2131/4211/4211 2203/4210/4210 2204/4212/4212
f 2132/4213/4213 2204/4212/4212 2205/4214/4214
f 2133/4215/4215 2205/4214/4214 2206/4216/4216
f 2134/4217/4217 2206/4216/4216 2207/4218/4218
f 2135/4219/4219 2207/4218/4218 2208/4220/4220
f 2136/4221/4221 2208/4220/4220 2209/4222/4222
f 2137/4223/4223 2209/4222/4222 2210/4224/4224
f 2138/4225/4225 2210/4224/4224 2211/4226/4226
f 2139/4227/4227 2211/4226/4226 2212/4228/4228
f 2140/4229/4229 2212/4228/4228 2213/4230/4230
f 2141/4231/4231 2213/4230/4230 2214/4232/4232
f 2142/4233/4233 2214/4232/4232 2215/4234/4234
f 2143/4235/4235 2215/4234/4234 2216/4236/4236
f 2144/4237/4237 2216/4236/4236 2217/4238/4238
f 2145/4239/4239 2217/4238/4238 2218/4240/4240
f 2146/4241/4241 2218/4240/4240 2219/4242/4242
f 2147/4243/4243 2219/4242/4242 2220/4244/4244
f 2148/4245/4245 2220/4244/4244 2221/4246/4246
f 2149/4247/4247 2221/4246/4246 2222/4248/4248
f 2150/4249/4249 2222/4248/4248 2223/4250/4250
f 2151/4251/4251 2223/4250/4250 2224/4252/4252
f 2152/4253/4253 2224/4252/4252 2225/4254/4254
f 2153/4255/4255 2225/4254/4254 2226/4256/4256
f 2154/4257/4257 2226/4256/4256 2227/4258/4258
f 2155/4259/4259 2227/4258/4258 2228/4260/4260
f 2156/4261/4261 2228/4260/4260 2229/4262/4262
f 2157/4263/4263 2229/4262/4262 2230/4264/4264
f 2158/4265/4265 2230/4264/4264 2231/4266/4266
f 2159/4267/4267 2231/4266/4266 2232/4268/4268
f 2160/4269/4269 2232/4268/4268 2233/4270/4270
f 2161/4271/4271 2233/4270/4270 2234/4272/4272
f 2162/4273/4273 2234/4272/4272 2235/4274/4274
f 2163/4275/4275 2235/4274/4274 2236/4276/4276
f 2164/4277/4277 2236/4276/4276 2237/4278/4278
f 2165/4279/4279 2237/4278/4278 2238/4280/4280
f 2166/4281/4281 2238/4280/4280 2239/4282/4282
f 2167/4283/4283 2239/4282/4282 2240/4284/4284
f 2168/4285/4285 2240/4284/4284 2241/4286/4286
f 2169/4287/4287 2241/4286/4286 2242/4288/4288
f 2170/4289/4289 2242/4288/4288 2243/4290/4290
f 2171/4291/4291 2243/4290/4290 2244/4292/4292
f 2172/4293/4293 2244/4292/4292 2245/4294/4294
f 2173/4295/4295 2245/4294/4294 2246/4296/4296
f 2174/4297/4297 2246/4296/4296 2247/4298/4298
f 2175/4299/4299 2247/4298/4298 2248/4300/4300
f 2176/4301/4301 2248/4300/4300 2249/4302/4302
f 2177/4303/4303 2249/4302/4302 2250/4304/4304
f 2178/4305/4305 2250/4304/4304 2251/4306/4306
f 2179/4307/4307 2251/4306/4306 2252/4308/4308
f 2180/4309/4309 2252/4308/4308 2253/4310/4310
f 2181/4311/4311 2253/4310/4310 2254/4312/4312
f 2182/4313/4313 2254/4312/4312 2255/4314/4314
f 2183/4315/4315 2255/4314/4314 2256/4316/4316
f 2184/4317/4317 2256/4316/4316 2257/4318/4318
f 2185/4319/4319 2257/4318/4318 2258/4320/4320
f 2186/4321/4321 2258/4320/4320 2259/4322/4322
f 2187/4323/4323 2259/4322/4322 2260/4324/4324
f 2188/4325/4325 2260/4324/4324 2261/4326/4326
f 2189/4327/4327 2261/4326/4326 2262/4328/4328
f 2190/4329/4329 2262/4328/4328 2263/4330/4330
f 2191/4331/4331 2263/4330/4330 2264/4332/4332
f 2192/4333/4333 2264/4332/4332 2265/4334/4334
f 2193/4335/4335 2265/4334/4334 2266/4336/4336
f 2194/4337/4337 2266/4336/4336 2267/4338/4338
f 2195/4339/4339 2267/4338/4338 2268/4340/4340
f 2196/4341/4341 2268/4340/4340 2269/4342/4342
f 2197/4343/4343 2269/4342/4342 2270/4344/4344
f 2198/4345/4345 2270/4344/4344 2271/4346/4346
f 2199/4347/4347 2271/4346/4346 2272/4348/4348
f 2200/4349/4349 2272/4348/4348 2201/4207/4207
f 2201/4207/4207 2129/4206/4206 2200/4349/4349
f 2272/4348/4348 2200/4349/4349 2199/4347/4347
f 2271/4346/4346 2199/4347/4347 2198/4345/4345
f 2270/4344/4344 2198/4345/4345 2197/4343/4343
f 2269/4342/4342 2197/4343/4343 2196/4341/4341
f 2268/4340/4340 2196/4341/4341 2195/4339/4339
f 2267/4338/4338 2195/4339/4339 2194/4337/4337
f 2266/4336/4336 2194/4337/4337 2193/4335/4335
f 2265/4334/4334 2193/4335/4335 2192/4333/4333
f 2264/4332/4332 2192/4333/4333 2191/4331/4331
f 2263/4330/4330 2191/4331/4331 2190/4329/4329
f 2262/4328/4328 2190/4329/4329 2189/4327/4327
f 2261/4326/4326 2189/4327/4327 2188/4325/4325
f 2260/4324/4324 2188/4325/4325 2187/4323/4323
f 2259/4322/4322 2187/4323/4323 2186/4321/4321
f 2258/4320/4320 2186/4321/4321 2185/4319/4319
f 2257/4318/4318 2185/4319/4319 2184/4317/4317
f 2256/4316/4316 2184/4317/4317 2183/4315/4315
f 2255/4314/4314 2183/4315/4315 2182/4313/4313
f 2254/4312/4312 2182/4313/4313 2181/4311/4311
f 2253/4310/4310 2181/4311/4311 2180/4309/4309
f 2252/4308/4308 2180/4309/4309 2179/4307/4307
f 2251/4306/4306 2179/4307/4307 2178/4305/4305
f 2250/4304/4304 2178/4305/4305 2177/4303/4303
f 2249/4302/4302 2177/4303/4303 2176/4301/4301
f 2248/4300/4300 2176/4301/4301 2175/4299/4299
f 2247/4298/4298 2175/4299/4299 2174/4297/4297
f 2246/4296/4296 2174/4297/4297 2173/4295/4295
f 2245/4294/4294 2173/4295/4295 2172/4293/4293
f 2244/4292/4292 2172/4293/4293 2171/4291/4291
f 2243/4290/4290 2171/4291/4291 2170/4289/4289
f 2242/4288/4288 2170/4289/4289 2169/4287/4287
f 2241/4286/4286 2169/4287/4287 2168/4285/4285
f 2240/4284/4284 2168/4285/4285 2167/4283/4283
f 2239/4282/4282 2167/4283/4283 2166/4281/4281
f 2238/4280/4280 2166/4281/4281 2165/4279/4279
f 2237/4278/4278 2165/4279/4279 2164/4277/4277
f 2236/4276/4276 2164/4277/4277 2163/4275/4275
f 2235/4274/4274 2163/4275/4275 2162/4273/4273
f 2234/4272/4272 2162/4273/4273 2161/4271/4271
f 2233/4270/4270 2161/4271/4271 2160/4269/4269
f 2232/4268/4268 2160/4269/4269 2159/4267/4267
f 2231/4266/4266 2159/4267/4267 2158/4265/4265
f 2230/4264/4264 2158/4265/4265 2157/4263/4263
f 2229/4262/4262 2157/4263/4263 2156/4261/4261
f 2228/4260/4260 2156/4261/4261 2155/4259/4259
f 2227/4258/4258 2155/4259/4259 2154/4257/4257
f 2226/4256/4256 2154/4257/4257 2153/4255/4255
f 2225/4254/4254 2153/4255/4255 2152/4253/4253
f 2224/4252/4252 2152/4253/4253 2151/4251/4251
f 2223/4250/4250 2151/4251/4251 2150/4249/4249
f 2222/4248/4248 2150/4249/4249 2149/4247/4247
f 2221/4246/4246 2149/4247/4247 2148/4245/4245
f 2220/4244/4244 2148/4245/4245 2147/4243/4243
f 2219/4242/4242 2147/4243/4243 2146/4241/4241
f 2218/4240/4240 2146/4241/4241 2145/4239/4239
f 2217/4238/4238 2145/4239/4239 2144/4237/4237
f 2216/4236/4236 2144/4237/4237 2143/4235/4235
f 2215/4234/4234 2143/4235/4235 2142/4233/4233
f 2214/4232/4232 2142/4233/4233 2141/4231/4231
f 2213/4230/4230 2141/4231/4231 2140/4229/4229
f 2212/4228/4228 2140/4229/4229 2139/4227/4227
f 2211/4226/4226 2139/4227/4227 2138/4225/4225
f 2210/4224/4224 2138/4225/4225 2137/4223/4223
f 2209/4222/4222 2137/4223/4223 2136/4221/4221
f 2208/4220/4220 2136/4221/4221 2135/4219/4219
f 2207/4218/4218 2135/4219/4219 2134/4217/4217
f 2206/4216/4216 2134/4217/4217 2133/4215/4215
f 2205/4214/4214 2133/4215/4215 2132/4213/4213
f 2204/4212/4212 2132/4213/4213 2131/4211/4211
f 2203/4210/4210 2131/4211/4211 2130/4209/4209
f 2202/4208/4208 2130/4209/4209 2129/4206/4206
f 2273/4350/4350 2272/4351/4351 2271/4352/4352
f 2271/4352/4352 2270/4353/4353 2273/4350/4350
f 2270/4353/4353 2269/4354/4354 2273/4350/4350
f 2269/4354/4354 2268/4355/4355 2273/4350/4350
f 2268/4355/4355 2267/4356/4356 2273/4350/4350
f 2267/4356/4356 2266/4357/4357 2273/4350/4350
f 2266/4357/4357 2265/4358/4358 2273/4350/4350
f 2265/4358/4358 2264/4359/4359 2273/4350/4350
f 2264/4359/4359 2263/4360/4360 2273/4350/4350
f 2263/4360/4360 2262/4361/4361 2273/4350/4350
f 2262/4361/4361 2261/4362/4362 2273/4350/4350
f 2261/4362/4362 2260/4363/4363 2273/4350/4350
f 2260/4363/4363 2259/4364/4364 2273/4350/4350
f 2259/4364/4364 2258/4365/4365 2273/4350/4350
f 2258/4365/4365 2257/4366/4366 2273/4350/4350
f 2257/4366/4366 2256/4367/4367 2273/4350/4350
f 2256/4367/4367 2255/4368/4368 2273/4350/4350
f 2255/4368/4368 2254/4369/4369 2273/4350/4350
f 2254/4369/4369 2253/4370/4370 2273/4350/4350
f 2253/4370/4370 2252/4371/4371 2273/4350/4350
f 2252/4371/4371 2251/4372/4372 2273/4350/4350
f 2251/4372/4372 2250/4373/4373 2273/4350/4350
f 2250/4373/4373 2249/4374/4374 2273/4350/4350
f 2249/4374/4374 2248/4375/4375 2273/4350/4350
f 2248/4375/4375 2247/4376/4376 2273/4350/4350
f 2247/4376/4376 2246/4377/4377 2273/4350/4350
f 2246/4377/4377 2245/4378/4378 2273/4350/4350
f 2245/4378/4378 2244/4379/4379 2273/4350/4350
f 2244/4379/4379 2243/4380/4380 2273/4350/4350
f 2243/4380/4380 2242/4381/4381 2273/4350/4350
f 2242/4381/4381 2241/4382/4382 2273/4350/4350
f 2241/4382/4382 2240/4383/4383 2273/4350/4350
f 2240/4383/4383 2239/4384/4384 2273/4350/4350
f 2239/4384/4384 2238/4385/4385 2273/4350/4350
f 2238/4385/4385 2237/4386/4386 2273/4350/4350
f 2237/4386/4386 2236/4387/4387 2273/4350/4350
f 2236/4387/4387 2235/4388/4388 2273/4350/4350
f 2235/4388/4388 2234/4389/4389 2273/4350/4350
f 2234/4389/4389 2233/4390/4390 2273/4350/4350
f 2233/4390/4390 2232/4391/4391 2273/4350/4350
f 2232/4391/4391 2231/4392/4392 2273/4350/4350
f 2231/4392/4392 2230/4393/4393 2273/4350/4350
f 2230/4393/4393 2229/4394/4394 2273/4350/4350
f 2229/4394/4394 2228/4395/4395 2273/4350/4350
f 2228/4395/4395 2227/4396/4396 2273/4350/4350
f 2227/4396/4396 2226/4397/4397 2273/4350/4350
f 2226/4397/4397 2225/4398/4398 2273/4350/4350
f 2225/4398/4398 2224/4399/4399 2273/4350/4350
f 2224/4399/4399 2223/4400/4400 2273/4350/4350
f 2223/4400/4400 2222/4401/4401 2273/4350/4350
f 2222/4401/4401 2221/4402/4402 2273/4350/4350
f 2221/4402/4402 2220/4403/4403 2273/4350/4350
f 2220/4403/4403 2219/4404/4404 2273/4350/4350
f 2219/4404/4404 2218/4405/4405 2273/4350/4350
f 2218/4405/4405 2217/4406/4406 2273/4350/4350
f 2217/4406/4406 2216/4407/4407 2273/4350/4350
f 2216/4407/4407 2215/4408/4408 2273/4350/4350
f 2215/4408/4408 2214/4409/4409 2273/4350/4350
f 2214/4409/4409 2213/4410/4410 2273/4350/4350
f 2213/4410/4410 2212/4411/4411 2273/4350/4350
f 2212/4411/4411 2211/4412/4412 2273/4350/4350
f 2211/4412/4412 2210/4413/4413 2273/4350/4350
f 2210/4413/4413 2209/4414/4414 2273/4350/4350
f 2209/4414/4414 2208/4415/4415 2273/4350/4350
f 2208/4415/4415 2207/4416/4416 2273/4350/4350
f 2207/4416/4416 2206/4417/4417 2273/4350/4350
f 2206/4417/4417 2205/4418/4418 2273/4350/4350
f 2205/4418/4418 2204/4419/4419 2273/4350/4350
f 2204/4419/4419 2203/4420/4420 2273/4350/4350
f 2203/4420/4420 2202/4421/4421 2273/4350/4350
f 2202/4421/4421 2201/4422/4422 2273/4350/4350
f 2201/4422/4422 2272/4351/4351 2273/4350/4350
f 1156/4423/4423 2274/4424/4424 2275/4425/4425
f 1163/4426/4426 2275/4425/4425 2276/4427/4427
f 1164/4428/4428 2276/4427/4427 2277/4429/4429
f 1183/4430/4430 2277/4429/4429 2278/4431/4431
f 1184/4432/4432 2278/4431/4431 2279/4433/4433
f 1178/4434/4434 2279/4433/4433 2280/4435/4435
f 1179/4436/4436 2280/4435/4435 2281/4437/4437
f 1187/4438/4438 2281/4437/4437 2282/4439/4439
f 1176/4440/4440 2282/4439/4439 2283/4441/4441
f 1177/4442/4442 2283/4441/4441 2284/4443/4443
f 1175/4444/4444 2284/4443/4443 2285/4445/4445
f 1167/4446/4446 2285/4445/4445 2286/4447/4447
f 1161/4448/4448 2286/4447/4447 2287/4449/4449
f 1162/4450/4450 2287/4449/4449 2288/4451/4451
f 1186/4452/4452 2288/4451/4451 2289/4453/4453
f 1165/4454/4454 2289/4453/4453 2290/4455/4455
f 1166/4456/4456 2290/4455/4455 2291/4457/4457
f 1159/4458/4458 2291/4457/4457 2292/4459/4459
f 1160/4460/4460 2292/4459/4459 2293/4461/4461
f 1157/4462/4462 2293/4461/4461 2294/4463/4463
f 1158/4464/4464 2294/4463/4463 2295/4465/4465
f 1173/4466/4466 2295/4465/4465 2296/4467/4467
f 1174/4468/4468 2296/4467/4467 2297/4469/4469
f 1031/4470/4470 2297/4469/4469 2298/4471/4471
f 1032/4472/4472 2298/4471/4471 2299/4473/4473
f 1033/4474/4474 2299/4473/4473 2300/4475/4475
f 1028/4476/4476 2300/4475/4475 2301/4477/4477
f 1029/4478/4478 2301/4477/4477 2302/4479/4479
f 1026/4480/4480 2302/4479/4479 2303/4481/4481
f 1027/4482/4482 2303/4481/4481 2304/4483/4483
f 1025/4484/4484 2304/4483/4483 2305/4485/4485
f 1024/4486/4486 2305/4485/4485 2306/4487/4487
f 1022/4488/4488 2306/4487/4487 2307/4489/4489
f 1023/4490/4490 2307/4489/4489 2308/4491/4491
f 1021/4492/4492 2308/4491/4491 2309/4493/4493
f 1013/4494/4494 2309/4493/4493 2310/4495/4495
f 1006/4496/4496 2310/4495/4495 2311/4497/4497
f 1007/4498/4498 2311/4497/4497 2312/4499/4499
f 1012/4500/4500 2312/4499/4499 2313/4501/4501
f 1020/4502/4502 2313/4501/4501 2314/4503/4503
f 1016/4504/4504 2314/4503/4503 2315/4505/4505
f 1017/4506/4506 2315/4505/4505 2316/4507/4507
f 1018/4508/4508 2316/4507/4507 2317/4509/4509
f 1019/4510/4510 2317/4509/4509 2318/4511/4511
f 1014/4512/4512 2318/4511/4511 2319/4513/4513
f 1015/4514/4514 2319/4513/4513 2320/4515/4515
f 1010/4516/4516 2320/4515/4515 2321/4517/4517
f 1011/4518/4518 2321/4517/4517 2322/4519/4519
f 1008/4520/4520 2322/4519/4519 2323/4521/4521
f 1009/4522/4522 2323/4521/4521 2324/4523/4523
f 1193/4524/4524 2324/4523/4523 2325/4525/4525
f 1194/4526/4526 2325/4525/4525 2326/4527/4527
f 1198/4528/4528 2326/4527/4527 2327/4529/4529
f 1192/4530/4530 2327/4529/4529 2328/4531/4531
f 1181/4532/4532 2328/4531/4531 2329/4533/4533
f 1182/4534/4534 2329/4533/4533 2330/4535/4535
f 1190/4536/4536 2330/4535/4535 2331/4537/4537
f 1191/4538/4538 2331/4537/4537 2332/4539/4539
f 1180/4540/4540 2332/4539/4539 2333/4541/4541
f 1171/4542/4542 2333/4541/4541 2334/4543/4543
f 1172/4544/4544 2334/4543/4543 2335/4545/4545
f 1169/4546/4546 2335/4545/4545 2336/4547/4547
f 1170/4548/4548 2336/4547/4547 2337/4549/4549
f 1197/4550/4550 2337/4549/4549 2338/4551/4551
f 1188/4552/4552 2338/4551/4551 2339/4553/4553
f 1189/4554/4554 2339/4553/4553 2340/4555/4555
f 1200/4556/4556 2340/4555/4555 2341/4557/4557
f 1199/4558/4558 2341/4557/4557 2342/4559/4559
f 1195/4560/4560 2342/4559/4559 2343/4561/4561
f 1196/4562/4562 2343/4561/4561 2344/4563/4563
f 1185/4564/4564 2344/4563/4563 2345/4565/4565
f 1155/4566/4566 2345/4565/4565 2274/4424/4424
f 2274/4424/4424 1156/4423/4423 1155/4566/4566
f 2345/4565/4565 1155/4566/4566 1185/4564/4564
f 2344/4563/4563 1185/4564/4564 1196/4562/4562
f 2343/4561/4561 1196/4562/4562 1195/4560/4560
f 2342/4559/4559 1195/4560/4560 1199/4558/4558
f 2341/4557/4557 1199/4558/4558 1200/4556/4556
f 2340/4555/4555 1200/4556/4556 1189/4554/4554
f 2339/4553/4553 1189/4554/4554 1188/4552/4552
f 2338/4551/4551 1188/4552/4552 1197/4550/4550
f 2337/4549/4549 1197/4550/4550 1170/4548/4548
f 2336/4547/4547 1170/4548/4548 1169/4546/4546
f 2335/4545/4545 1169/4546/4546 1172/4544/4544
f 2334/4543/4543 1172/4544/4544 1171/4542/4542
f 2333/4541/4541 1171/4542/4542 1180/4540/4540
f 2332/4539/4539 1180/4540/4540 1191/4538/4538
f 2331/4537/4537 1191/4538/4538 1190/4536/4536
f 2330/4535/4535 1190/4536/4536 1182/4534/4534
f 2329/4533/4533 1182/4534/4534 1181/4532/4532
f 2328/4531/4531 1181/4532/4532 1192/4530/4530
f 2327/4529/4529 1192/4530/4530 1198/4528/4528
f 2326/4527/4527 1198/4528/4528 1194/4526/4526
f 2325/4525/4525 1194/4526/4526 1193/4524/4524
f 2324/4523/4523 1193/4524/4524 1009/4522/4522
f 2323/4521/4521 1009/4522/4522 1008/4520/4520
f 2322/4519/4519 1008/4520/4520 1011/4518/4518
f 2321/4517/4517 1011/4518/4518 1010/4516/4516
f 2320/4515/4515 1010/4516/4516 1015/4514/4514
f 2319/4513/4513 1015/4514/4514 1014/4512/4512
f 2318/4511/4511 1014/4512/4512 1019/4510/4510
f 2317/4509/4509 1019/4510/4510 1018/4508/4508
f 2316/4507/4507 1018/4508/4508 1017/4506/4506
f 2315/4505/4505 1017/4506/4506 1016/4504/4504
f 2314/4503/4503 1016/4504/4504 1020/4502/4502
f 2313/4501/4501 1020/4502/4502 1012/4500/4500
f 2312/4499/4499 1012/4500/4500 1007/4498/4498
f 2311/4497/4497 1007/4498/4498 1006/4496/4496
f 2310/4495/4495 1006/4496/4496 1013/4494/4494
f 2309/4493/4493 1013/4494/4494 1021/4492/4492
f 2308/4491/4491 1021/4492/4492 1023/4490/4490
f 2307/4489/4489 1023/4490/4490 1022/4488/4488
f 2306/4487/4487 1022/4488/4488 1024/4486/4486
f 2305/4485/4485 1024/4486/4486 1025/4484/4484
f 2304/4483/4483 1025/4484/4484 1027/4482/4482
f 2303/4481/4481 1027/4482/4482 1026/4480/4480
f 2302/4479/4479 1026/4480/4480 1029/4478/4478
f 2301/4477/4477 1029/4478/4478 1028/4476/4476
f 2300/4475/4475 1028/4476/4476 1033/4474/4474
f 2299/4473/4473 1033/4474/4474 1032/4472/4472
f 2298/4471/4471 1032/4472/4472 1031/4470/4470
f 2297/4469/4469 1031/4470/4470 1174/4468/4468
f 2296/4467/4467 1174/4468/4468 1173/4466/4466
f 2295/4465/4465 1173/4466/4466 1158/4464/4464
f 2294/4463/4463 1158/4464/4464 1157/4462/4462
f 2293/4461/4461 1157/4462/4462 1160/4460/4460
f 2292/4459/4459 1160/4460/4460 1159/4458/4458
f 2291/4457/4457 1159/4458/4458 1166/4456/4456
f 2290/4455/4455 1166/4456/4456 1165/4454/4454
f 2289/4453/4453 1165/4454/4454 1186/4452/4452
f 2288/4451/4451 1186/4452/4452 1162/4450/4450
f 2287/4449/4449 1162/4450/4450 1161/4448/4448
f 2286/4447/4447 1161/4448/4448 1167/4446/4446
f 2285/4445/4445 1167/4446/4446 1175/4444/4444
f 2284/4443/4443 1175/4444/4444 1177/4442/4442
f 2283/4441/4441 1177/4442/4442 1176/4440/4440
f 2282/4439/4439 1176/4440/4440 1187/4438/4438
f 2281/4437/4437 1187/4438/4438 1179/4436/4436
f 2280/4435/4435 1179/4436/4436 1178/4434/4434
f 2279/4433/4433 1178/4434/4434 1184/4432/4432
f 2278/4431/4431 1184/4432/4432 1183/4430/4430
f 2277/4429/4429 1183/4430/4430 1164/4428/4428
f 2276/4427/4427 1164/4428/4428 1163/4426/4426
f 2275/4425/4425 1163/4426/4426 1156/4423/4423
f 2274/4567/4567 2346/4568/4568 2347/4569/4569
f 2275/4570/4570 2347/4569/4569 2348/4571/4571
f 2276/4572/4572 2348/4571/4571 2349/4573/4573
f 2277/4574/4574 2349/4573/4573 2350/4575/4575
f 2278/4576/4576 2350/4575/4575 2351/4577/4577
f 2279/4578/4578 2351/4577/4577 2352/4579/4579
f 2280/4580/4580 2352/4579/4579 2353/4581/4581
f 2281/4582/4582 2353/4581/4581 2354/4583/4583
f 2282/4584/4584 2354/4583/4583 2355/4585/4585
f 2283/4586/4586 2355/4585/4585 2356/4587/4587
f 2284/4588/4588 2356/4587/4587 2357/4589/4589
f 2285/4590/4590 2357/4589/4589 2358/4591/4591
f 2286/4592/4592 2358/4591/4591 2359/4593/4593
f 2287/4594/4594 2359/4593/4593 2360/4595/4595
f 2288/4596/4596 2360/4595/4595 2361/4597/4597
f 2289/4598/4598 2361/4597/4597 2362/4599/4599
f 2290/4600/4600 2362/4599/4599 2363/4601/4601
f 2291/4602/4602 2363/4601/4601 2364/4603/4603
f 2292/4604/4604 2364/4603/4603 2365/4605/4605
f 2293/4606/4606 2365/4605/4605 2366/4607/4607
f 2294/4608/4608 2366/4607/4607 2367/4609/4609
f 2295/4610/4610 2367/4609/4609 2368/4611/4611
f 2296/4612/4612 2368/4611/4611 2369/4613/4613
f 2297/4614/4614 2369/4613/4613 2370/4615/4615
f 2298/4616/4616 2370/4615/4615 2371/4617/4617
f 2299/4618/4618 2371/4617/4617 2372/4619/4619
f 2300/4620/4620 2372/4619/4619 2373/4621/4621
f 2301/4622/4622 2373/4621/4621 2374/4623/4623
f 2302/4624/4624 2374/4623/4623 2375/4625/4625
f 2303/4626/4626 2375/4625/4625 2376/4627/4627
f 2304/4628/4628 2376/4627/4627 2377/4629/4629
f 2305/4630/4630 2377/4629/4629 2378/4631/4631
f 2306/4632/4632 2378/4631/4631 2379/4633/4633
f 2307/4634/4634 2379/4633/4633 2380/4635/4635
f 2308/4636/4636 2380/4635/4635 2381/4637/4637
f 2309/4638/4638 2381/4637/4637 2382/4639/4639
f 2310/4640/4640 2382/4639/4639 2383/4641/4641
f 2311/4642/4642 2383/4641/4641 2384/4643/4643
f 2312/4644/4644 2384/4643/4643 2385/4645/4645
f 2313/4646/4646 2385/4645/4645 2386/4647/4647
f 2314/4648/4648 2386/4647/4647 2387/4649/4649
f 2315/4650/4650 2387/4649/4649 2388/4651/4651
f 2316/4652/4652 2388/4651/4651 2389/4653/4653
f 2317/4654/4654 2389/4653/4653 2390/4655/4655
f 2318/4656/4656 2390/4655/4655 2391/4657/4657
f 2319/4658/4658 2391/4657/4657 2392/4659/4659
f 2320/4660/4660 2392/4659/4659 2393/4661/4661
f 2321/4662/4662 2393/4661/4661 2394/4663/4663
f 2322/4664/4664 2394/4663/4663 2395/4665/4665
f 2323/4666/4666 2395/4665/4665 2396/4667/4667
f 2324/4668/4668 2396/4667/4667 2397/4669/4669
f 2325/4670/4670 2397/4669/4669 2398/4671/4671
f 2326/4672/4672 2398/4671/4671 2399/4673/4673
f 2327/4674/4674 2399/4673/4673 2400/4675/4675
f 2328/4676/4676 2400/4675/4675 2401/4677/4677
f 2329/4678/4678 2401/4677/4677 2402/4679/4679
f 2330/4680/4680 2402/4679/4679 2403/4681/4681
f 2331/4682/4682 2403/4681/4681 2404/4683/4683
f 2332/4684/4684 2404/4683/4683 2405/4685/4685
f 2333/4686/4686 2405/4685/4685 2406/4687/4687
f 2334/4688/4688 2406/4687/4687 2407/4689/4689
f 2335/4690/4690 2407/4689/4689 2408/4691/4691
f 2336/4692/4692 2408/4691/4691 2409/4693/4693
f 2337/4694/4694 2409/4693/4693 2410/4695/4695
f 2338/4696/4696 2410/4695/4695 2411/4697/4697
f 2339/4698/4698 2411/4697/4697 2412/4699/4699
f 2340/4700/4700 2412/4699/4699 2413/4701/4701
f 2341/4702/4702 2413/4701/4701 2414/4703/4703
f 2342/4704/4704 2414/4703/4703 2415/4705/4705
f 2343/4706/4706 2415/4705/4705 2416/4707/4707
f 2344/4708/4708 2416/4707/4707 2417/4709/4709
f 2345/4710/4710 2417/4709/4709 2346/4568/4568
f 2346/4568/4568 2274/4567/4567 2345/4710/4710
f 2417/4709/4709 2345/4710/4710 2344/4708/4708
f 2416/4707/4707 2344/4708/4708 2343/4706/4706
f 2415/4705/4705 2343/4706/4706 2342/4704/4704
f 2414/4703/4703 2342/4704/4704 2341/4702/4702
f 2413/4701/4701 2341/4702/4702 2340/4700/4700
f 2412/4699/4699 2340/4700/4700 2339/4698/4698
f 2411/4697/4697 2339/4698/4698 2338/4696/4696
f 2410/4695/4695 2338/4696/4696 2337/4694/4694
f 2409/4693/4693 2337/4694/4694 2336/4692/4692
f 2408/4691/4691 2336/4692/4692 2335/4690/4690
f 2407/4689/4689 2335/4690/4690 2334/4688/4688
f 2406/4687/4687 2334/4688/4688 2333/4686/4686
f 2405/4685/4685 2333/4686/4686 2332/4684/4684
f 2404/4683/4683 2332/4684/4684 2331/4682/4682
f 2403/4681/4681 2331/4682/4682 2330/4680/4680
f 2402/4679/4679 2330/4680/4680 2329/4678/4678
f 2401/4677/4677 2329/4678/4678 2328/4676/4676
f 2400/4675/4675 2328/4676/4676 2327/4674/4674
f 2399/4673/4673 2327/4674/4674 2326/4672/4672
f 2398/4671/4671 2326/4672/4672 2325/4670/4670
f 2397/4669/4669 2325/4670/4670 2324/4668/4668
f 2396/4667/4667 2324/4668/4668 2323/4666/4666
f 2395/4665/4665 2323/4666/4666 2322/4664/4664
f 2394/4663/4663 2322/4664/4664 2321/4662/4662
f 2393/4661/4661 2321/4662/4662 2320/4660/4660
f 2392/4659/4659 2320/4660/4660 2319/4658/4658
f 2391/4657/4657 2319/4658/4658 2318/4656/4656
f 2390/4655/4655 2318/4656/4656 2317/4654/4654
f 2389/4653/4653 2317/4654/4654 2316/4652/4652
f 2388/4651/4651 2316/4652/4652 2315/4650/4650
f 2387/4649/4649 2315/4650/4650 2314/4648/4648
f 2386/4647/4647 2314/4648/4648 2313/4646/4646
f 2385/4645/4645 2313/4646/4646 2312/4644/4644
f 2384/4643/4643 2312/4644/4644 2311/4642/4642
f 2383/4641/4641 2311/4642/4642 2310/4640/4640
f 2382/4639/4639 2310/4640/4640 2309/4638/4638
f 2381/4637/4637 2309/4638/4638 2308/4636/4636
f 2380/4635/4635 2308/4636/4636 2307/4634/4634
f 2379/4633/4633 2307/4634/4634 2306/4632/4632
f 2378/4631/4631 2306/4632/4632 2305/4630/4630
f 2377/4629/4629 2305/4630/4630 2304/4628/4628
f 2376/4627/4627 2304/4628/4628 2303/4626/4626
f 2375/4625/4625 2303/4626/4626 2302/4624/4624
f 2374/4623/4623 2302/4624/4624 2301/4622/4622
f 2373/4621/4621 2301/4622/4622 2300/4620/4620
f 2372/4619/4619 2300/4620/4620 2299/4618/4618
f 2371/4617/4617 2299/4618/4618 2298/4616/4616
f 2370/4615/4615 2298/4616/4616 2297/4614/4614
f 2369/4613/4613 2297/4614/4614 2296/4612/4612
f 2368/4611/4611 2296/4612/4612 2295/4610/4610
f 2367/4609/4609 2295/4610/4610 2294/4608/4608
f 2366/4607/4607 2294/4608/4608 2293/4606/4606
f 2365/4605/4605 2293/4606/4606 2292/4604/4604
f 2364/4603/4603 2292/4604/4604 2291/4602/4602
f 2363/4601/4601 2291/4602/4602 2290/4600/4600
f 2362/4599/4599 2290/4600/4600 2289/4598/4598
f 2361/4597/4597 2289/4598/4598 2288/4596/4596
f 2360/4595/4595 2288/4596/4596 2287/4594/4594
f 2359/4593/4593 2287/4594/4594 2286/4592/4592
f 2358/4591/4591 2286/4592/4592 2285/4590/4590
f 2357/4589/4589 2285/4590/4590 2284/4588/4588
f 2356/4587/4587 2284/4588/4588 2283/4586/4586
f 2355/4585/4585 2283/4586/4586 2282/4584/4584
f 2354/4583/4583 2282/4584/4584 2281/4582/4582
f 2353/4581/4581 2281/4582/4582 2280/4580/4580
f 2352/4579/4579 2280/4580/4580 2279/4578/4578
f 2351/4577/4577 2279/4578/4578 2278/4576/4576
f 2350/4575/4575 2278/4576/4576 2277/4574/4574
f 2349/4573/4573 2277/4574/4574 2276/4572/4572
f 2348/4571/4571 2276/4572/4572 2275/4570/4570
f 2347/4569/4569 2275/4570/4570 2274/4567/4567
f 2418/4711/4711 2417/4712/4712 2416/4713/4713
f 2416/4713/4713 2415/4714/4714 2418/4711/4711
f 2415/4714/4714 2414/4715/4715 2418/4711/4711
f 2414/4715/4715 2413/4716/4716 2418/4711/4711
f 2413/4716/4716 2412/4717/4717 2418/4711/4711
f 2412/4717/4717 2411/4718/4718 2418/4711/4711
f 2411/4718/4718 2410/4719/4719 2418/4711/4711
f 2410/4719/4719 2409/4720/4720 2418/4711/4711
f 2409/4720/4720 2408/4721/4721 2418/4711/4711
f 2408/4721/4721 2407/4722/4722 2418/4711/4711
f 2407/4722/4722 2406/4723/4723 2418/4711/4711
f 2406/4723/4723 2405/4724/4724 2418/4711/4711
f 2405/4724/4724 2404/4725/4725 2418/4711/4711
f 2404/4725/4725 2403/4726/4726 2418/4711/4711
f 2403/4726/4726 2402/4727/4727 2418/4711/4711
f 2402/4727/4727 2401/4728/4728 2418/4711/4711
f 2401/4728/4728 2400/4729/4729 2418/4711/4711
f 2400/4729/4729 2399/4730/4730 2418/4711/4711
f 2399/4730/4730 2398/4731/4731 2418/4711/4711
f 2398/4731/4731 2397/4732/4732 2418/4711/4711
f 2397/4732/4732 2396/4733/4733 2418/4711/4711
f 2396/4733/4733 2395/4734/4734 2418/4711/4711
f 2395/4734/4734 2394/4735/4735 2418/4711/4711
f 2394/4735/4735 2393/4736/4736 2418/4711/4711
f 2393/4736/4736 2392/4737/4737 2418/4711/4711
f 2392/4737/4737 2391/4738/4738 2418/4711/4711
f 2391/4738/4738 2390/4739/4739 2418/4711/4711
f 2390/4739/4739 2389/4740/4740 2418/4711/4711
f 2389/4740/4740 2388/4741/4741 2418/4711/4711
f 2388/4741/4741 2387/4742/4742 2418/4711/4711
f 2387/4742/4742 2386/4743/4743 2418/4711/4711
f 2386/4743/4743 2385/4744/4744 2418/4711/4711
f 2385/4744/4744 2384/4745/4745 2418/4711/4711
f 2384/4745/4745 2383/4746/4746 2418/4711/4711
f 2383/4746/4746 2382/4747/4747 2418/4711/4711
f 2382/4747/4747 2381/4748/4748 2418/4711/4711
f 2381/4748/4748 2380/4749/4749 2418/4711/4711
f 2380/4749/4749 2379/4750/4750 2418/4711/4711
f 2379/4750/4750 2378/4751/4751 2418/4711/4711
f 2378/4751/4751 2377/4752/4752 2418/4711/4711
f 2377/4752/4752 2376/4753/4753 2418/4711/4711
f 2376/4753/4753 2375/4754/4754 2418/4711/4711
f 2375/4754/4754 2374/4755/4755 2418/4711/4711
f 2374/4755/4755 2373/4756/4756 2418/4711/4711
f 2373/4756/4756 2372/4757/4757 2418/4711/4711
f 2372/4757/4757 2371/4758/4758 2418/4711/4711
f 2371/4758/4758 2370/4759/4759 2418/4711/4711
f 2370/4759/4759 2369/4760/4760 2418/4711/4711
f 2369/4760/4760 2368/4761/4761 2418/4711/4711
f 2368/4761/4761 2367/4762/4762 2418/4711/4711
f 2367/4762/4762 2366/4763/4763 2418/4711/4711
f 2366/4763/4763 2365/4764/4764 2418/4711/4711
f 2365/4764/4764 2364/4765/4765 2418/4711/4711
f 2364/4765/4765 2363/4766/4766 2418/4711/4711
f 2363/4766/4766 2362/4767/4767 2418/4711/4711
f 2362/4767/4767 2361/4768/4768 2418/4711/4711
f 2361/4768/4768 2360/4769/4769 2418/4711/4711
f 2360/4769/4769 2359/4770/4770 2418/4711/4711
f 2359/4770/4770 2358/4771/4771 2418/4711/4711
f 2358/4771/4771 2357/4772/4772 2418/4711/4711
f 2357/4772/4772 2356/4773/4773 2418/4711/4711
f 2356/4773/4773 2355/4774/4774 2418/4711/4711
f 2355/4774/4774 2354/4775/4775 2418/4711/4711
f 2354/4775/4775 2353/4776/4776 2418/4711/4711
f 2353/4776/4776 2352/4777/4777 2418/4711/4711
f 2352/4777/4777 2351/4778/4778 2418/4711/4711
f 2351/4778/4778 2350/4779/4779 2418/4711/4711
f 2350/4779/4779 2349/4780/4780 2418/4711/4711
f 2349/4780/4780 2348/4781/4781 2418/4711/4711
f 2348/4781/4781 2347/4782/4782 2418/4711/4711
f 2347/4782/4782 2346/4783/4783 2418/4711/4711
f 2346/4783/4783 2417/4712/4712 2418/4711/4711
f 650/4784/4784 2419/4785/4785 2420/4786/4786
f 657/4787/4787 2420/4786/4786 2421/4788/4788
f 649/4789/4789 2421/4788/4788 2422/4790/4790
f 631/4791/4791 2422/4790/4790 2423/4792/4792
f 632/4793/4793 2423/4792/4792 2424/4794/4794
f 656/4795/4795 2424/4794/4794 2425/4796/4796
f 647/4797/4797 2425/4796/4796 2426/4798/4798
f 648/4799/4799 2426/4798/4798 2427/4800/4800
f 645/4801/4801 2427/4800/4800 2428/4802/4802
f 646/4803/4803 2428/4802/4802 2429/4804/4804
f 664/4805/4805 2429/4804/4804 2430/4806/4806
f 665/4807/4807 2430/4806/4806 2431/4808/4808
f 644/4809/4809 2431/4808/4808 2432/4810/4810
f 629/4811/4811 2432/4810/4810 2433/4812/4812
f 630/4813/4813 2433/4812/4812 2434/4814/4814
f 627/4815/4815 2434/4814/4814 2435/4816/4816
f 628/4817/4817 2435/4816/4816 2436/4818/4818
f 642/4819/4819 2436/4818/4818 2437/4820/4820
f 643/4821/4821 2437/4820/4820 2438/4822/4822
f 624/4823/4823 2438/4822/4822 2439/4824/4824
f 625/4825/4825 2439/4824/4824 2440/4826/4826
f 626/4827/4827 2440/4826/4826 2441/4828/4828
f 641/4829/4829 2441/4828/4828 2442/4830/4830
f 595/4831/4831 2442/4830/4830 2443/4832/4832
f 592/4833/4833 2443/4832/4832 2444/4834/4834
f 593/4835/4835 2444/4834/4834 2445/4836/4836
f 615/4837/4837 2445/4836/4836 2446/4838/4838
f 619/4839/4839 2446/4838/4838 2447/4840/4840
f 618/4841/4841 2447/4840/4840 2448/4842/4842
f 613/4843/4843 2448/4842/4842 2449/4844/4844
f 614/4845/4845 2449/4844/4844 2450/4846/4846
f 616/4847/4847 2450/4846/4846 2451/4848/4848
f 617/4849/4849 2451/4848/4848 2452/4850/4850
f 609/4851/4851 2452/4850/4850 2453/4852/4852
f 606/4853/4853 2453/4852/4852 2454/4854/4854
f 611/4855/4855 2454/4854/4854 2455/4856/4856
f 612/4857/4857 2455/4856/4856 2456/4858/4858
f 602/4859/4859 2456/4858/4858 2457/4860/4860
f 603/4861/4861 2457/4860/4860 2458/4862/4862
f 607/4863/4863 2458/4862/4862 2459/4864/4864
f 608/4865/4865 2459/4864/4864 2460/4866/4866
f 610/4867/4867 2460/4866/4866 2461/4868/4868
f 597/4869/4869 2461/4868/4868 2462/4870/4870
f 598/4871/4871 2462/4870/4870 2463/4872/4872
f 601/4873/4873 2463/4872/4872 2464/4874/4874
f 599/4875/4875 2464/4874/4874 2465/4876/4876
f 600/4877/4877 2465/4876/4876 2466/4878/4878
f 623/4879/4879 2466/4878/4878 2467/4880/4880
f 621/4881/4881 2467/4880/4880 2468/4882/4882
f 622/4883/4883 2468/4882/4882 2469/4884/4884
f 663/4885/4885 2469/4884/4884 2470/4886/4886
f 668/4887/4887 2470/4886/4886 2471/4888/4888
f 654/4889/4889 2471/4888/4888 2472/4890/4890
f 655/4891/4891 2472/4890/4890 2473/4892/4892
f 653/4893/4893 2473/4892/4892 2474/4894/4894
f 639/4895/4895 2474/4894/4894 2475/4896/4896
f 640/4897/4897 2475/4896/4896 2476/4898/4898
f 652/4899/4899 2476/4898/4898 2477/4900/4900
f 662/4901/4901 2477/4900/4900 2478/4902/4902
f 660/4903/4903 2478/4902/4902 2479/4904/4904
f 661/4905/4905 2479/4904/4904 2480/4906/4906
f 658/4907/4907 2480/4906/4906 2481/4908/4908
f 659/4909/4909 2481/4908/4908 2482/4910/4910
f 666/4911/4911 2482/4910/4910 2483/4912/4912
f 667/4913/4913 2483/4912/4912 2484/4914/4914
f 637/4915/4915 2484/4914/4914 2485/4916/4916
f 638/4917/4917 2485/4916/4916 2486/4918/4918
f 651/4919/4919 2486/4918/4918 2487/4920/4920
f 635/4921/4921 2487/4920/4920 2488/4922/4922
f 636/4923/4923 2488/4922/4922 2489/4924/4924
f 633/4925/4925 2489/4924/4924 2490/4926/4926
f 634/4927/4927 2490/4926/4926 2419/4785/4785
f 2419/4785/4785 650/4784/4784 634/4927/4927
f 2490/4926/4926 634/4927/4927 633/4925/4925
f 2489/4924/4924 633/4925/4925 636/4923/4923
f 2488/4922/4922 636/4923/4923 635/4921/4921
f 2487/4920/4920 635/4921/4921 651/4919/4919
f 2486/4918/4918 651/4919/4919 638/4917/4917
f 2485/4916/4916 638/4917/4917 637/4915/4915
f 2484/4914/4914 637/4915/4915 667/4913/4913
f 2483/4912/4912 667/4913/4913 666/4911/4911
f 2482/4910/4910 666/4911/4911 659/4909/4909
f 2481/4908/4908 659/4909/4909 658/4907/4907
f 2480/4906/4906 658/4907/4907 661/4905/4905
f 2479/4904/4904 661/4905/4905 660/4903/4903
f 2478/4902/4902 660/4903/4903 662/4901/4901
f 2477/4900/4900 662/4901/4901 652/4899/4899
f 2476/4898/4898 652/4899/4899 640/4897/4897
f 2475/4896/4896 640/4897/4897 639/4895/4895
f 2474/4894/4894 639/4895/4895 653/4893/4893
f 2473/4892/4892 653/4893/4893 655/4891/4891
f 2472/4890/4890 655/4891/4891 654/4889/4889
f 2471/4888/4888 654/4889/4889 668/4887/4887
f 2470/4886/4886 668/4887/4887 663/4885/4885
f 2469/4884/4884 663/4885/4885 622/4883/4883
f 2468/4882/4882 622/4883/4883 621/4881/4881
f 2467/4880/4880 621/4881/4881 623/4879/4879
f 2466/4878/4878 623/4879/4879 600/4877/4877
f 2465/4876/4876 600/4877/4877 599/4875/4875
f 2464/4874/4874 599/4875/4875 601/4873/4873
f 2463/4872/4872 601/4873/4873 598/4871/4871
f 2462/4870/4870 598/4871/4871 597/4869/4869
f 2461/4868/4868 597/4869/4869 610/4867/4867
f 2460/4866/4866 610/4867/4867 608/4865/4865
f 2459/4864/4864 608/4865/4865 607/4863/4863
f 2458/4862/4862 607/4863/4863 603/4861/4861
f 2457/4860/4860 603/4861/4861 602/4859/4859
f 2456/4858/4858 602/4859/4859 612/4857/4857
f 2455/4856/4856 612/4857/4857 611/4855/4855
f 2454/4854/4854 611/4855/4855 606/4853/4853
f 2453/4852/4852 606/4853/4853 609/4851/4851
f 2452/4850/4850 609/4851/4851 617/4849/4849
f 2451/4848/4848 617/4849/4849 616/4847/4847
f 2450/4846/4846 616/4847/4847 614/4845/4845
f 2449/4844/4844 614/4845/4845 613/4843/4843
f 2448/4842/4842 613/4843/4843 618/4841/4841
f 2447/4840/4840 618/4841/4841 619/4839/4839
f 2446/4838/4838 619/4839/4839 615/4837/4837
f 2445/4836/4836 615/4837/4837 593/4835/4835
f 2444/4834/4834 593/4835/4835 592/4833/4833
f 2443/4832/4832 592/4833/4833 595/4831/4831
f 2442/4830/4830 595/4831/4831 641/4829/4829
f 2441/4828/4828 641/4829/4829 626/4827/4827
f 2440/4826/4826 626/4827/4827 625/4825/4825
f 2439/4824/4824 625/4825/4825 624/4823/4823
f 2438/4822/4822 624/4823/4823 643/4821/4821
f 2437/4820/4820 643/4821/4821 642/4819/4819
f 2436/4818/4818 642/4819/4819 628/4817/4817
f 2435/4816/4816 628/4817/4817 627/4815/4815
f 2434/4814/4814 627/4815/4815 630/4813/4813
f 2433/4812/4812 630/4813/4813 629/4811/4811
f 2432/4810/4810 629/4811/4811 644/4809/4809
f 2431/4808/4808 644/4809/4809 665/4807/4807
f 2430/4806/4806 665/4807/4807 664/4805/4805
f 2429/4804/4804 664/4805/4805 646/4803/4803
f 2428/4802/4802 646/4803/4803 645/4801/4801
f 2427/4800/4800 645/4801/4801 648/4799/4799
f 2426/4798/4798 648/4799/4799 647/4797/4797
f 2425/4796/4796 647/4797/4797 656/4795/4795
f 2424/4794/4794 656/4795/4795 632/4793/4793
f 2423/4792/4792 632/4793/4793 631/4791/4791
f 2422/4790/4790 631/4791/4791 649/4789/4789
f 2421/4788/4788 649/4789/4789 657/4787/4787
f 2420/4786/4786 657/4787/4787 650/4784/4784
f 2419/4928/4928 2491/4929/4929 2492/4930/4930
f 2420/4931/4931 2492/4930/4930 2493/4932/4932
f 2421/4933/4933 2493/4932/4932 2494/4934/4934
f 2422/4935/4935 2494/4934/4934 2495/4936/4936
f 2423/4937/4937 2495/4936/4936 2496/4938/4938
f 2424/4939/4939 2496/4938/4938 2497/4940/4940
f 2425/4941/4941 2497/4940/4940 2498/4942/4942
f 2426/4943/4943 2498/4942/4942 2499/4944/4944
f 2427/4945/4945 2499/4944/4944 2500/4946/4946
f 2428/4947/4947 2500/4946/4946 2501/4948/4948
f 2429/4949/4949 2501/4948/4948 2502/4950/4950
f 2430/4951/4951 2502/4950/4950 2503/4952/4952
f 2431/4953/4953 2503/4952/4952 2504/4954/4954
f 2432/4955/4955 2504/4954/4954 2505/4956/4956
f 2433/4957/4957 2505/4956/4956 2506/4958/4958
f 2434/4959/4959 2506/4958/4958 2507/4960/4960
f 2435/4961/4961 2507/4960/4960 2508/4962/4962
f 2436/4963/4963 2508/4962/4962 2509/4964/4964
f 2437/4965/4965 2509/4964/4964 2510/4966/4966
f 2438/4967/4967 2510/4966/4966 2511/4968/4968
f 2439/4969/4969 2511/4968/4968 2512/4970/4970
f 2440/4971/4971 2512/4970/4970 2513/4972/4972
f 2441/4973/4973 2513/4972/4972 2514/4974/4974
f 2442/4975/4975 2514/4974/4974 2515/4976/4976
f 2443/4977/4977 2515/4976/4976 2516/4978/4978
f 2444/4979/4979 2516/4978/4978 2517/4980/4980
f 2445/4981/4981 2517/4980/4980 2518/4982/4982
f 2446/4983/4983 2518/4982/4982 2519/4984/4984
f 2447/4985/4985 2519/4984/4984 2520/4986/4986
f 2448/4987/4987 2520/4986/4986 2521/4988/4988
f 2449/4989/4989 2521/4988/4988 2522/4990/4990
f 2450/4991/4991 2522/4990/4990 2523/4992/4992
f 2451/4993/4993 2523/4992/4992 2524/4994/4994
f 2452/4995/4995 2524/4994/4994 2525/4996/4996
f 2453/4997/4997 2525/4996/4996 2526/4998/4998
f 2454/4999/4999 2526/4998/4998 2527/5000/5000
f 2455/5001/5001 2527/5000/5000 2528/5002/5002
f 2456/5003/5003 2528/5002/5002 2529/5004/5004
f 2457/5005/5005 2529/5004/5004 2530/5006/5006
f 2458/5007/5007 2530/5006/5006 2531/5008/5008
f 2459/5009/5009 2531/5008/5008 2532/5010/5010
f 2460/5011/5011 2532/5010/5010 2533/5012/5012
f 2461/5013/5013 2533/5012/5012 2534/5014/5014
f 2462/5015/5015 2534/5014/5014 2535/5016/5016
f 2463/5017/5017 2535/5016/5016 2536/5018/5018
f 2464/5019/5019 2536/5018/5018 2537/5020/5020
f 2465/5021/5021 2537/5020/5020 2538/5022/5022
f 2466/5023/5023 2538/5022/5022 2539/5024/5024
f 2467/5025/5025 2539/5024/5024 2540/5026/5026
f 2468/5027/5027 2540/5026/5026 2541/5028/5028
f 2469/5029/5029 2541/5028/5028 2542/5030/5030
f 2470/5031/5031 2542/5030/5030 2543/5032/5032
f 2471/5033/5033 2543/5032/5032 2544/5034/5034
f 2472/5035/5035 2544/5034/5034 2545/5036/5036
f 2473/5037/5037 2545/5036/5036 2546/5038/5038
f 2474/5039/5039 2546/5038/5038 2547/5040/5040
f 2475/5041/5041 2547/5040/5040 2548/5042/5042
f 2476/5043/5043 2548/5042/5042 2549/5044/5044
f 2477/5045/5045 2549/5044/5044 2550/5046/5046
f 2478/5047/5047 2550/5046/5046 2551/5048/5048
f 2479/5049/5049 2551/5048/5048 2552/5050/5050
f 2480/5051/5051 2552/5050/5050 2553/5052/5052
f 2481/5053/5053 2553/5052/5052 2554/5054/5054
f 2482/5055/5055 2554/5054/5054 2555/5056/5056
f 2483/5057/5057 2555/5056/5056 2556/5058/5058
f 2484/5059/5059 2556/5058/5058 2557/5060/5060
f 2485/5061/5061 2557/5060/5060 2558/5062/5062
f 2486/5063/5063 2558/5062/5062 2559/5064/5064
f 2487/5065/5065 2559/5064/5064 2560/5066/5066
f 2488/5067/5067 2560/5066/5066 2561/5068/5068
f 2489/5069/5069 2561/5068/5068 2562/5070/5070
f 2490/5071/5071 2562/5070/5070 2491/4929/4929
f 2491/4929/4929 2419/4928/4928 2490/5071/5071
f 2562/5070/5070 2490/5071/5071 2489/5069/5069
f 2561/5068/5068 2489/5069/5069 2488/5067/5067
f 2560/5066/5066 2488/5067/5067 2487/5065/5065
f 2559/5064/5064 2487/5065/5065 2486/5063/5063
f 2558/5062/5062 2486/5063/5063 2485/5061/5061
f 2557/5060/5060 2485/5061/5061 2484/5059/5059
f 2556/5058/5058 2484/5059/5059 2483/5057/5057
f 2555/5056/5056 2483/5057/5057 2482/5055/5055
f 2554/5054/5054 2482/5055/5055 2481/5053/5053
f 2553/5052/5052 2481/5053/5053 2480/5051/5051
f 2552/5050/5050 2480/5051/5051 2479/5049/5049
f 2551/5048/5048 2479/5049/5049 2478/5047/5047
f 2550/5046/5046 2478/5047/5047 2477/5045/5045
f 2549/5044/5044 2477/5045/5045 2476/5043/5043
f 2548/5042/5042 2476/5043/5043 2475/5041/5041
f 2547/5040/5040 2475/5041/5041 2474/5039/5039
f 2546/5038/5038 2474/5039/5039 2473/5037/5037
f 2545/5036/5036 2473/5037/5037 2472/5035/5035
f 2544/5034/5034 2472/5035/5035 2471/5033/5033
f 2543/5032/5032 2471/5033/5033 2470/5031/5031
f 2542/5030/5030 2470/5031/5031 2469/5029/5029
f 2541/5028/5028 2469/5029/5029 2468/5027/5027
f 2540/5026/5026 2468/5027/5027 2467/5025/5025
f 2539/5024/5024 2467/5025/5025 2466/5023/5023
f 2538/5022/5022 2466/5023/5023 2465/5021/5021
f 2537/5020/5020 2465/5021/5021 2464/5019/5019
f 2536/5018/5018 2464/5019/5019 2463/5017/5017
f 2535/5016/5016 2463/5017/5017 2462/5015/5015
f 2534/5014/5014 2462/5015/5015 2461/5013/5013
f 2533/5012/5012 2461/5013/5013 2460/5011/5011
f 2532/5010/5010 2460/5011/5011 2459/5009/5009
f 2531/5008/5008 2459/5009/5009 2458/5007/5007
f 2530/5006/5006 2458/5007/5007 2457/5005/5005
f 2529/5004/5004 2457/5005/5005 2456/5003/5003
f 2528/5002/5002 2456/5003/5003 2455/5001/5001
f 2527/5000/5000 2455/5001/5001 2454/4999/4999
f 2526/4998/4998 2454/4999/4999 2453/4997/4997
f 2525/4996/4996 2453/4997/4997 2452/4995/4995
f 2524/4994/4994 2452/4995/4995 2451/4993/4993
f 2523/4992/4992 2451/4993/4993 2450/4991/4991
f 2522/4990/4990 2450/4991/4991 2449/4989/4989
f 2521/4988/4988 2449/4989/4989 2448/4987/4987
f 2520/4986/4986 2448/4987/4987 2447/4985/4985
f 2519/4984/4984 2447/4985/4985 2446/4983/4983
f 2518/4982/4982 2446/4983/4983 2445/4981/4981
f 2517/4980/4980 2445/4981/4981 2444/4979/4979
f 2516/4978/4978 2444/4979/4979 2443/4977/4977
f 2515/4976/4976 2443/4977/4977 2442/4975/4975
f 2514/4974/4974 2442/4975/4975 2441/4973/4973
f 2513/4972/4972 2441/4973/4973 2440/4971/4971
f 2512/4970/4970 2440/4971/4971 2439/4969/4969
f 2511/4968/4968 2439/4969/4969 2438/4967/4967
f 2510/4966/4966 2438/4967/4967 2437/4965/4965
f 2509/4964/4964 2437/4965/4965 2436/4963/4963
f 2508/4962/4962 2436/4963/4963 2435/4961/4961
f 2507/4960/4960 2435/4961/4961 2434/4959/4959
f 2506/4958/4958 2434/4959/4959 2433/4957/4957
f 2505/4956/4956 2433/4957/4957 2432/4955/4955
f 2504/4954/4954 2432/4955/4955 2431/4953/4953
f 2503/4952/4952 2431/4953/4953 2430/4951/4951
f 2502/4950/4950 2430/4951/4951 2429/4949/4949
f 2501/4948/4948 2429/4949/4949 2428/4947/4947
f 2500/4946/4946 2428/4947/4947 2427/4945/4945
f 2499/4944/4944 2427/4945/4945 2426/4943/4943
f 2498/4942/4942 2426/4943/4943 2425/4941/4941
f 2497/4940/4940 2425/4941/4941 2424/4939/4939
f 2496/4938/4938 2424/4939/4939 2423/4937/4937
f 2495/4936/4936 2423/4937/4937 2422/4935/4935
f 2494/4934/4934 2422/4935/4935 2421/4933/4933
f 2493/4932/4932 2421/4933/4933 2420/4931/4931
f 2492/4930/4930 2420/4931/4931 2419/4928/4928
f 2563/5072/5072 2562/5073/5073 2561/5074/5074
f 2561/5074/5074 2560/5075/5075 2563/5072/5072
f 2560/5075/5075 2559/5076/5076 2563/5072/5072
f 2559/5076/5076 2558/5077/5077 2563/5072/5072
f 2558/5077/5077 2557/5078/5078 2563/5072/5072
f 2557/5078/5078 2556/5079/5079 2563/5072/5072
f 2556/5079/5079 2555/5080/5080 2563/5072/5072
f 2555/5080/5080 2554/5081/5081 2563/5072/5072
f 2554/5081/5081 2553/5082/5082 2563/5072/5072
f 2553/5082/5082 2552/5083/5083 2563/5072/5072
f 2552/5083/5083 2551/5084/5084 2563/5072/5072
f 2551/5084/5084 2550/5085/5085 2563/5072/5072
f 2550/5085/5085 2549/5086/5086 2563/5072/5072
f 2549/5086/5086 2548/5087/5087 2563/5072/5072
f 2548/5087/5087 2547/5088/5088 2563/5072/5072
f 2547/5088/5088 2546/5089/5089 2563/5072/5072
f 2546/5089/5089 2545/5090/5090 2563/5072/5072
f 2545/5090/5090 2544/5091/5091 2563/5072/5072
f 2544/5091/5091 2543/5092/5092 2563/5072/5072
f 2543/5092/5092 2542/5093/5093 2563/5072/5072
f 2542/5093/5093 2541/5094/5094 2563/5072/5072
f 2541/5094/5094 2540/5095/5095 2563/5072/5072
f 2540/5095/5095 2539/5096/5096 2563/5072/5072
f 2539/5096/5096 2538/5097/5097 2563/5072/5072
f 2538/5097/5097 2537/5098/5098 2563/5072/5072
f 2537/5098/5098 2536/5099/5099 2563/5072/5072
f 2536/5099/5099 2535/5100/5100 2563/5072/5072
f 2535/5100/5100 2534/5101/5101 2563/5072/5072
f 2534/5101/5101 2533/5102/5102 2563/5072/5072
f 2533/5102/5102 2532/5103/5103 2563/5072/5072
f 2532/5103/5103 2531/5104/5104 2563/5072/5072
f 2531/5104/5104 2530/5105/5105 2563/5072/5072
f 2530/5105/5105 2529/5106/5106 2563/5072/5072
f 2529/5106/5106 2528/5107/5107 2563/5072/5072
f 2528/5107/5107 2527/5108/5108 2563/5072/5072
f 2527/5108/5108 2526/5109/5109 2563/5072/5072
f 2526/5109/5109 2525/5110/5110 2563/5072/5072
f 2525/5110/5110 2524/5111/5111 2563/5072/5072
f 2524/5111/5111 2523/5112/5112 2563/5072/5072
f 2523/5112/5112 2522/5113/5113 2563/5072/5072
f 2522/5113/5113 2521/5114/5114 2563/5072/5072
f 2521/5114/5114 2520/5115/5115 2563/5072/5072
f 2520/5115/5115 2519/5116/5116 2563/5072/5072
f 2519/5116/5116 2518/5117/5117 2563/5072/5072
f 2518/5117/5117 2517/5118/5118 2563/5072/5072
f 2517/5118/5118 2516/5119/5119 2563/5072/5072
f 2516/5119/5119 2515/5120/5120 2563/5072/5072
f 2515/5120/5120 2514/5121/5121 2563/5072/5072
f 2514/5121/5121 2513/5122/5122 2563/5072/5072
f 2513/5122/5122 2512/5123/5123 2563/5072/5072
f 2512/5123/5123 2511/5124/5124 2563/5072/5072
f 2511/5124/5124 2510/5125/5125 2563/5072/5072
f 2510/5125/5125 2509/5126/5126 2563/5072/5072
f 2509/5126/5126 2508/5127/5127 2563/5072/5072
f 2508/5127/5127 2507/5128/5128 2563/5072/5072
f 2507/5128/5128 2506/5129/5129 2563/5072/5072
f 2506/5129/5129 2505/5130/5130 2563/5072/5072
f 2505/5130/5130 2504/5131/5131 2563/5072/5072
f 2504/5131/5131 2503/5132/5132 2563/5072/5072
f 2503/5132/5132 2502/5133/5133 2563/5072/5072
f 2502/5133/5133 2501/5134/5134 2563/5072/5072
f 2501/5134/5134 2500/5135/5135 2563/5072/5072
f 2500/5135/5135 2499/5136/5136 2563/5072/5072
f 2499/5136/5136 2498/5137/5137 2563/5072/5072
f 2498/5137/5137 2497/5138/5138 2563/5072/5072
f 2497/5138/5138 2496/5139/5139 2563/5072/5072
f 2496/5139/5139 2495/5140/5140 2563/5072/5072
f 2495/5140/5140 2494/5141/5141 2563/5072/5072
f 2494/5141/5141 2493/5142/5142 2563/5072/5072
f 2493/5142/5142 2492/5143/5143 2563/5072/5072
f 2492/5143/5143 2491/5144/5144 2563/5072/5072
f 2491/5144/5144 2562/5073/5073 2563/5072/5072
f 2564/5145/5145 2565/5146/5146 1148/5147/5147
f 1148/5147/5147 1269/5148/5148 2564/5145/5145
f 1244/5149/5149 1149/5150/5150 1148/5147/5147
f 1148/5147/5147 2566/5151/5151 1244/5149/5149
f 2565/5146/5146 2566/5151/5151 1148/5147/5147
f 2566/5152/5152 2567/5153/5153 1548/5154/5154
f 1548/5154/5154 1244/5155/5155 2566/5152/5152
f 2566/5152/5152 2568/5156/5156 2567/5153/5153
f 2564/5157/5157 1269/5158/5158 1268/5159/5159
f 2569/5160/5160 2570/5161/5161 2564/5157/5157
f 1268/5159/5159 2569/5160/5160 2564/5157/5157
f 2565/5162/5162 2571/5163/5163 2572/5164/5164
f 2572/5164/5164 2566/5165/5165 2565/5162/5162
f 2572/5164/5164 2568/5166/5166 2566/5165/5165
f 2571/5163/5163 2565/5162/5162 2564/5167/5167
f 2564/5167/5167 2573/5168/5168 2571/5163/5163
f 2564/5167/5167 2570/5169/5169 2573/5168/5168
f 2574/5170/5170 2575/5171/5171 2571/5172/5172
f 2575/5171/5171 2572/5173/5173 2571/5172/5172
f 2571/5172/5172 2573/5174/5174 2574/5170/5170
f 2567/5175/5175 2568/5176/5176 2572/5177/5177
f 2572/5177/5177 2575/5178/5178 2576/5179/5179
f 2575/5178/5178 2577/5180/5180 2578/5181/5181
f 2578/5181/5181 2576/5179/5179 2575/5178/5178
f 2579/5182/5182 2577/5180/5180 2575/5178/5178
f 2575/5178/5178 2580/5183/5183 2579/5182/5182
f 2572/5177/5177 2576/5179/5179 2567/5175/5175
f 2573/5184/5184 2569/5185/5185 2581/5186/5186
f 2581/5186/5186 2574/5187/5187 2573/5184/5184
f 2581/5186/5186 2582/5188/5188 2574/5187/5187
f 2573/5184/5184 2570/5189/5189 2569/5185/5185
f 2582/5190/5190 2583/5191/5191 2584/5192/5192
f 2582/5190/5190 2580/5193/5193 2575/5194/5194
f 2575/5194/5194 2574/5195/5195 2582/5190/5190
f 2584/5192/5192 2580/5193/5193 2582/5190/5190
f 2585/5196/5196 2586/5197/5197 2584/5198/5198
f 2584/5198/5198 2583/5199/5199 2585/5196/5196
f 2586/5200/5200 2587/5201/5201 2588/5202/5202
f 2579/5203/5203 2580/5204/5204 2584/5205/5205
f 2588/5202/5202 2584/5205/5205 2586/5200/5200
f 2584/5205/5205 2589/5206/5206 2590/5207/5207
f 2586/5200/5200 2591/5208/5208 2587/5201/5201
f 2588/5202/5202 2589/5206/5206 2584/5205/5205
f 2584/5205/5205 2590/5207/5207 2579/5203/5203
f 2583/5209/5209 2581/5210/5210 2592/5211/5211
f 2592/5211/5211 2585/5212/5212 2583/5209/5209
f 2592/5211/5211 2593/5213/5213 2585/5212/5212
f 2583/5209/5209 2582/5214/5214 2581/5210/5210
f 2593/5215/5215 2594/5216/5216 2595/5217/5217
f 2593/5215/5215 2591/5218/5218 2586/5219/5219
f 2586/5219/5219 2585/5220/5220 2593/5215/5215
f 2595/5217/5217 2591/5218/5218 2593/5215/5215
f 2587/5221/5221 2595/5222/5222 2596/5223/5223
f 2587/5221/5221 2591/5224/5224 2595/5222/5222
f 2596/5223/5223 2597/5225/5225 2587/5221/5221
f 2592/5226/5226 2598/5227/5227 2599/5228/5228
f 2599/5228/5228 2594/5229/5229 2592/5226/5226
f 2594/5229/5229 2593/5230/5230 2592/5226/5226
f 2599/5231/5231 2596/5232/5232 2595/5233/5233
f 2595/5233/5233 2594/5234/5234 2599/5231/5231
f 2596/5235/5235 2599/5236/5236 2600/5237/5237
f 2600/5237/5237 2601/5238/5238 2596/5235/5235
f 2596/5239/5239 2602/5240/5240 2603/5241/5241
f 2601/5242/5242 2604/5243/5243 2605/5244/5244
f 2596/5239/5239 2605/5244/5244 2602/5240/5240
f 2605/5244/5244 2596/5239/5239 2601/5242/5242
f 2601/5242/5242 2606/5245/5245 2604/5243/5243
f 2603/5241/5241 2607/5246/5246 2596/5239/5239
f 2607/5246/5246 2597/5247/5247 2596/5239/5239
f 2599/5248/5248 2598/5249/5249 2608/5250/5250
f 2608/5250/5250 2609/5251/5251 2600/5252/5252
f 2608/5250/5250 2600/5252/5252 2599/5248/5248
f 2606/5253/5253 2601/5254/5254 2600/5255/5255
f 2606/5253/5253 2609/5256/5256 2610/5257/5257
f 2610/5257/5257 2611/5258/5258 2606/5253/5253
f 2600/5255/5255 2609/5256/5256 2606/5253/5253
f 2611/5259/5259 2610/5260/5260 2612/5261/5261
f 2612/5261/5261 2613/5262/5262 2611/5259/5259
f 2614/5263/5263 2604/5264/5264 2611/5265/5265
f 2611/5265/5265 2613/5266/5266 2614/5263/5263
f 2604/5264/5264 2606/5267/5267 2611/5265/5265
f 2613/5266/5266 2615/5268/5268 2614/5263/5263
f 2616/5269/5269 2612/5270/5270 2610/5271/5271
f 2616/5269/5269 2617/5272/5272 2612/5270/5270
f 2610/5271/5271 2608/5273/5273 2616/5269/5269
f 2610/5271/5271 2609/5274/5274 2608/5273/5273
f 2613/5275/5275 2612/5276/5276 2618/5277/5277
f 2619/5278/5278 2615/5279/5279 2613/5275/5275
f 2618/5277/5277 2619/5278/5278 2613/5275/5275
f 2612/5276/5276 2617/5280/5280 2618/5277/5277
f 1270/5281/5281 983/5282/5282 2620/5283/5283
f 1522/5284/5284 2621/5285/5285 983/5282/5282
f 983/5282/5282 2621/5285/5285 2620/5283/5283
f 2620/5283/5283 2622/5286/5286 1270/5281/5281
f 983/5282/5282 980/5287/5287 1522/5284/5284
f 2621/5288/5288 1522/5289/5289 1547/5290/5290
f 2623/5291/5291 2624/5292/5292 2621/5288/5288
f 1547/5290/5290 2623/5291/5291 2621/5288/5288
f 2622/5293/5293 2625/5294/5294 1271/5295/5295
f 1271/5295/5295 1270/5296/5296 2622/5293/5293
f 2622/5293/5293 2626/5297/5297 2625/5294/5294
f 2627/5298/5298 2628/5299/5299 2622/5300/5300
f 2622/5300/5300 2620/5301/5301 2627/5298/5298
f 2628/5299/5299 2626/5302/5302 2622/5300/5300
f 2621/5303/5303 2624/5304/5304 2629/5305/5305
f 2627/5298/5298 2620/5301/5301 2621/5303/5303
f 2629/5305/5305 2627/5298/5298 2621/5303/5303
f 2628/5306/5306 2627/5307/5307 2630/5308/5308
f 2630/5308/5308 2627/5307/5307 2629/5309/5309
f 2629/5309/5309 2631/5310/5310 2630/5308/5308
f 2630/5308/5308 2632/5311/5311 2628/5306/5306
f 2629/5312/5312 2633/5313/5313 2634/5314/5314
f 2634/5314/5314 2631/5315/5315 2629/5312/5312
f 2623/5316/5316 2633/5313/5313 2629/5312/5312
f 2635/5317/5317 2636/5318/5318 2631/5315/5315
f 2629/5312/5312 2624/5319/5319 2623/5316/5316
f 2634/5314/5314 2637/5320/5320 2631/5315/5315
f 2631/5315/5315 2637/5320/5320 2635/5317/5317
f 2628/5321/5321 2632/5322/5322 2638/5323/5323
f 2625/5324/5324 2626/5325/5325 2628/5321/5321
f 2638/5323/5323 2625/5324/5324 2628/5321/5321
f 2632/5322/5322 2639/5326/5326 2638/5323/5323
f 2630/5327/5327 2640/5328/5328 2641/5329/5329
f 2641/5329/5329 2639/5330/5330 2630/5327/5327
f 2639/5330/5330 2632/5331/5331 2630/5327/5327
f 2630/5327/5327 2636/5332/5332 2642/5333/5333
f 2630/5327/5327 2631/5334/5334 2636/5332/5332
f 2642/5333/5333 2640/5328/5328 2630/5327/5327
f 2643/5335/5335 2641/5336/5336 2640/5337/5337
f 2640/5337/5337 2644/5338/5338 2643/5335/5335
f 2640/5337/5337 2642/5339/5339 2644/5338/5338
f 2644/5340/5340 2642/5341/5341 2645/5342/5342
f 2646/5343/5343 2647/5344/5344 2644/5340/5340
f 2635/5345/5345 2648/5346/5346 2642/5341/5341
f 2642/5341/5341 2649/5347/5347 2645/5342/5342
f 2642/5341/5341 2636/5348/5348 2635/5345/5345
f 2648/5346/5346 2649/5347/5347 2642/5341/5341
f 2645/5342/5342 2646/5343/5343 2644/5340/5340
f 2638/5349/5349 2641/5350/5350 2643/5351/5351
f 2638/5349/5349 2639/5352/5352 2641/5350/5350
f 2643/5351/5351 2650/5353/5353 2638/5349/5349
f 2643/5351/5351 2651/5354/5354 2650/5353/5353
f 2647/5355/5355 2652/5356/5356 2653/5357/5357
f 2651/5358/5358 2643/5359/5359 2644/5360/5360
f 2644/5360/5360 2647/5355/5355 2651/5358/5358
f 2653/5357/5357 2651/5358/5358 2647/5355/5355
f 2654/5361/5361 2652/5362/5362 2655/5363/5363
f 2652/5362/5362 2656/5364/5364 2655/5363/5363
f 2652/5362/5362 2657/5365/5365 2656/5364/5364
f 2646/5366/5366 2657/5365/5365 2652/5362/5362
f 2652/5362/5362 2647/5367/5367 2646/5366/5366
f 2655/5363/5363 2658/5368/5368 2654/5361/5361
f 2653/5369/5369 2659/5370/5370 2660/5371/5371
f 2650/5372/5372 2651/5373/5373 2653/5369/5369
f 2660/5371/5371 2650/5372/5372 2653/5369/5369
f 2654/5374/5374 2659/5375/5375 2653/5376/5376
f 2653/5376/5376 2652/5377/5377 2654/5374/5374
f 2659/5378/5378 2654/5379/5379 2661/5380/5380
f 2661/5380/5380 2662/5381/5381 2659/5378/5378
f 2661/5382/5382 2654/5383/5383 2663/5384/5384
f 2654/5383/5383 2664/5385/5385 2665/5386/5386
f 2666/5387/5387 2667/5388/5388 2661/5382/5382
f 2654/5383/5383 2658/5389/5389 2664/5385/5385
f 2665/5386/5386 2663/5384/5384 2654/5383/5383
f 2663/5384/5384 2666/5387/5387 2661/5382/5382
f 2660/5390/5390 2659/5391/5391 2662/5392/5392
f 2662/5392/5392 2668/5393/5393 2660/5390/5390
f 2662/5392/5392 2669/5394/5394 2668/5393/5393
f 2667/5395/5395 2670/5396/5396 2671/5397/5397
f 2667/5395/5395 2669/5398/5398 2662/5399/5399
f 2662/5399/5399 2661/5400/5400 2667/5395/5395
f 2671/5397/5397 2669/5398/5398 2667/5395/5395
f 2672/5401/5401 2673/5402/5402 2671/5403/5403
f 2671/5403/5403 2670/5404/5404 2672/5401/5401
f 2674/5405/5405 2675/5406/5406 2672/5407/5407
f 2672/5407/5407 2670/5408/5408 2676/5409/5409
f 2666/5410/5410 2676/5409/5409 2670/5408/5408
f 2670/5408/5408 2667/5411/5411 2666/5410/5410
f 2672/5407/5407 2676/5409/5409 2674/5405/5405
f 2677/5412/5412 2668/5413/5413 2671/5414/5414
f 2671/5414/5414 2673/5415/5415 2677/5412/5412
f 2668/5413/5413 2669/5416/5416 2671/5414/5414
f 2673/5415/5415 2678/5417/5417 2677/5412/5412
f 2673/5418/5418 2672/5419/5419 2679/5420/5420
f 2679/5420/5420 2680/5421/5421 2673/5418/5418
f 2680/5421/5421 2678/5422/5422 2673/5418/5418
f 2672/5419/5419 2675/5423/5423 2679/5420/5420
f 2680/5424/5424 2679/5425/5425 2681/5426/5426
f 2681/5426/5426 2682/5427/5427 2680/5424/5424
f 2681/5428/5428 2683/5429/5429 2684/5430/5430
f 2681/5428/5428 2679/5431/5431 2685/5432/5432
f 2674/5433/5433 2686/5434/5434 2679/5431/5431
f 2687/5435/5435 2688/5436/5436 2681/5428/5428
f 2685/5432/5432 2683/5429/5429 2681/5428/5428
f 2679/5431/5431 2675/5437/5437 2674/5433/5433
f 2681/5428/5428 2689/5438/5438 2690/5439/5439
f 2686/5434/5434 2685/5432/5432 2679/5431/5431
f 2684/5430/5430 2689/5438/5438 2681/5428/5428
f 2681/5428/5428 2690/5439/5439 2687/5435/5435
f 2680/5440/5440 2682/5441/5441 2691/5442/5442
f 2677/5443/5443 2678/5444/5444 2680/5440/5440
f 2691/5442/5442 2677/5443/5443 2680/5440/5440
f 2682/5441/5441 2692/5445/5445 2691/5442/5442
f 2688/5446/5446 2692/5447/5447 2682/5448/5448
f 2692/5447/5447 2688/5446/5446 2693/5449/5449
f 2693/5449/5449 2694/5450/5450 2692/5447/5447
f 2682/5448/5448 2681/5451/5451 2688/5446/5446
f 2693/5452/5452 2695/5453/5453 2696/5454/5454
f 2696/5454/5454 2694/5455/5455 2693/5452/5452
f 2693/5456/5456 2697/5457/5457 2698/5458/5458
f 2698/5458/5458 2695/5459/5459 2693/5456/5456
f 2693/5456/5456 2699/5460/5460 2697/5457/5457
f 2693/5456/5456 2700/5461/5461 2699/5460/5460
f 2687/5462/5462 2700/5461/5461 2693/5456/5456
f 2701/5463/5463 2702/5464/5464 2695/5459/5459
f 2693/5456/5456 2688/5465/5465 2687/5462/5462
f 2698/5458/5458 2703/5466/5466 2695/5459/5459
f 2695/5459/5459 2703/5466/5466 2701/5463/5463
f 2691/5467/5467 2694/5468/5468 2696/5469/5469
f 2691/5467/5467 2692/5470/5470 2694/5468/5468
f 2696/5469/5469 2704/5471/5471 2691/5467/5467
f 2696/5469/5469 2705/5472/5472 2704/5471/5471
f 2705/5473/5473 2696/5474/5474 2695/5475/5475
f 2705/5473/5473 2702/5476/5476 2706/5477/5477
f 2706/5477/5477 2707/5478/5478 2705/5473/5473
f 2695/5475/5475 2702/5476/5476 2705/5473/5473
f 2707/5479/5479 2706/5480/5480 2708/5481/5481
f 2708/5481/5481 2709/5482/5482 2707/5479/5479
f 2706/5483/5483 2710/5484/5484 2711/5485/5485
f 2711/5485/5485 2708/5486/5486 2706/5483/5483
f 2706/5483/5483 2712/5487/5487 2713/5488/5488
f 2713/5488/5488 2710/5484/5484 2706/5483/5483
f 2701/5489/5489 2712/5487/5487 2706/5483/5483
f 2708/5486/5486 2714/5490/5490 2715/5491/5491
f 2706/5483/5483 2702/5492/5492 2701/5489/5489
f 2711/5485/5485 2714/5490/5490 2708/5486/5486
f 2716/5493/5493 2717/5494/5494 2708/5486/5486
f 2715/5491/5491 2716/5493/5493 2708/5486/5486
f 2704/5495/5495 2707/5496/5496 2709/5497/5497
f 2704/5495/5495 2705/5498/5498 2707/5496/5496
f 2709/5497/5497 2718/5499/5499 2704/5495/5495
f 2709/5497/5497 2719/5500/5500 2718/5499/5499
f 2708/5501/5501 2717/5502/5502 2719/5503/5503
f 2720/5504/5504 2721/5505/5505 2719/5503/5503
f 2719/5503/5503 2717/5502/5502 2720/5504/5504
f 2719/5503/5503 2709/5506/5506 2708/5501/5501
f 2722/5507/5507 2721/5508/5508 2720/5509/5509
f 2720/5509/5509 2723/5510/5510 2722/5507/5507
f 2723/5511/5511 2720/5512/5512 2724/5513/5513
f 2720/5512/5512 2725/5514/5514 2726/5515/5515
f 2727/5516/5516 2728/5517/5517 2723/5511/5511
f 2720/5512/5512 2716/5518/5518 2725/5514/5514
f 2726/5515/5515 2724/5513/5513 2720/5512/5512
f 2724/5513/5513 2727/5516/5516 2723/5511/5511
f 2720/5512/5512 2717/5519/5519 2716/5518/5518
f 2729/5520/5520 2718/5521/5521 2721/5522/5522
f 2721/5522/5522 2722/5523/5523 2729/5520/5520
f 2718/5521/5521 2719/5524/5524 2721/5522/5522
f 2722/5523/5523 2730/5525/5525 2729/5520/5520
f 2730/5526/5526 2722/5527/5527 2723/5528/5528
f 2730/5526/5526 2728/5529/5529 2731/5530/5530
f 2731/5530/5530 2732/5531/5531 2730/5526/5526
f 2723/5528/5528 2728/5529/5529 2730/5526/5526
f 2731/5532/5532 2727/5533/5533 2733/5534/5534
f 2733/5534/5534 2734/5535/5535 2735/5536/5536
f 2733/5534/5534 2735/5536/5536 2731/5532/5532
f 2731/5532/5532 2728/5537/5537 2727/5533/5533
f 2732/5538/5538 2731/5539/5539 2736/5540/5540
f 2731/5539/5539 2735/5541/5541 2736/5540/5540
f 2736/5540/5540 2737/5542/5542 2732/5538/5538
f 2738/5543/5543 2729/5544/5544 2732/5545/5545
f 2732/5545/5545 2737/5546/5546 2738/5543/5543
f 2729/5544/5544 2730/5547/5547 2732/5545/5545
f 2737/5546/5546 2739/5548/5548 2738/5543/5543
f 2736/5549/5549 2740/5550/5550 2741/5551/5551
f 2741/5551/5551 2739/5552/5552 2736/5549/5549
f 2739/5552/5552 2737/5553/5553 2736/5549/5549
f 2736/5549/5549 2734/5554/5554 2742/5555/5555
f 2736/5549/5549 2735/5556/5556 2734/5554/5554
f 2742/5555/5555 2740/5550/5550 2736/5549/5549
f 2740/5557/5557 2742/5558/5558 2743/5559/5559
f 2744/5560/5560 2741/5561/5561 2740/5557/5557
f 2740/5557/5557 2745/5562/5562 2744/5560/5560
f 2743/5559/5559 2745/5562/5562 2740/5557/5557
f 2733/5563/5563 2746/5564/5564 2742/5565/5565
f 2747/5566/5566 2748/5567/5567 2743/5568/5568
f 2742/5565/5565 2734/5569/5569 2733/5563/5563
f 2746/5564/5564 2743/5568/5568 2742/5565/5565
f 2743/5568/5568 2746/5564/5564 2747/5566/5566
f 2738/5570/5570 2741/5571/5571 2744/5572/5572
f 2738/5570/5570 2739/5573/5573 2741/5571/5571
f 2744/5572/5572 2749/5574/5574 2738/5570/5570
f 2744/5572/5572 2750/5575/5575 2749/5574/5574
f 2745/5576/5576 2748/5577/5577 2751/5578/5578
f 2745/5576/5576 2743/5579/5579 2748/5577/5577
f 2751/5578/5578 2752/5580/5580 2745/5576/5576
f 2745/5576/5576 2752/5580/5580 2753/5581/5581
f 2753/5581/5581 2750/5582/5582 2745/5576/5576
f 2750/5582/5582 2744/5583/5583 2745/5576/5576
f 2753/5584/5584 2752/5585/5585 2754/5586/5586
f 2751/5587/5587 2755/5588/5588 2754/5586/5586
f 2754/5586/5586 2752/5585/5585 2751/5587/5587
f 2754/5586/5586 2756/5589/5589 2753/5584/5584
f 2755/5590/5590 2751/5591/5591 2747/5592/5592
f 2747/5592/5592 2757/5593/5593 2755/5590/5590
f 2757/5593/5593 2758/5594/5594 2755/5590/5590
f 2751/5591/5591 2748/5595/5595 2747/5592/5592
f 2749/5596/5596 2753/5597/5597 2756/5598/5598
f 2749/5596/5596 2750/5599/5599 2753/5597/5597
f 2756/5598/5598 2759/5600/5600 2749/5596/5596
f 2756/5598/5598 2760/5601/5601 2759/5600/5600
f 2754/5602/5602 2758/5603/5603 2761/5604/5604
f 2754/5602/5602 2755/5605/5605 2758/5603/5603
f 2761/5604/5604 2762/5606/5606 2754/5602/5602
f 2754/5602/5602 2762/5606/5606 2763/5607/5607
f 2763/5607/5607 2760/5608/5608 2754/5602/5602
f 2760/5608/5608 2756/5609/5609 2754/5602/5602
f 2764/5610/5610 2763/5611/5611 2762/5612/5612
f 2762/5612/5612 2765/5613/5613 2764/5610/5610
f 2762/5612/5612 2761/5614/5614 2765/5613/5613
f 2765/5615/5615 2761/5616/5616 2757/5617/5617
f 2766/5618/5618 2767/5619/5619 2765/5615/5615
f 2757/5617/5617 2766/5618/5618 2765/5615/5615
f 2761/5616/5616 2758/5620/5620 2757/5617/5617
f 2764/5621/5621 2768/5622/5622 2759/5623/5623
f 2759/5623/5623 2763/5624/5624 2764/5621/5621
f 2759/5623/5623 2760/5625/5625 2763/5624/5624
f 2764/5621/5621 2769/5626/5626 2768/5622/5622
f 2767/5627/5627 2770/5628/5628 2771/5629/5629
f 2767/5627/5627 2769/5630/5630 2764/5631/5631
f 2764/5631/5631 2765/5632/5632 2767/5627/5627
f 2771/5629/5629 2769/5630/5630 2767/5627/5627
f 2771/5633/5633 2770/5634/5634 2772/5635/5635
f 2772/5635/5635 2773/5636/5636 2771/5633/5633
f 2772/5637/5637 2770/5638/5638 2774/5639/5639
f 2775/5640/5640 2776/5641/5641 2772/5637/5637
f 2766/5642/5642 2774/5639/5639 2770/5638/5638
f 2770/5638/5638 2767/5643/5643 2766/5642/5642
f 2774/5639/5639 2775/5640/5640 2772/5637/5637
f 2771/5644/5644 2773/5645/5645 2777/5646/5646
f 2768/5647/5647 2769/5648/5648 2771/5644/5644
f 2777/5646/5646 2768/5647/5647 2771/5644/5644
f 2773/5645/5645 2778/5649/5649 2777/5646/5646
f 2776/5650/5650 2779/5651/5651 2780/5652/5652
f 2776/5650/5650 2778/5653/5653 2773/5654/5654
f 2773/5654/5654 2772/5655/5655 2776/5650/5650
f 2780/5652/5652 2778/5653/5653 2776/5650/5650
f 2781/5656/5656 2782/5657/5657 2783/5658/5658
f 2784/5659/5659 2783/5658/5658 2785/5660/5660
f 2786/5661/5661 2785/5660/5660 2787/5662/5662
f 2788/5663/5663 2789/5664/5664 2790/5665/5665
f 2791/5666/5666 2790/5665/5665 2792/5667/5667
f 2793/5668/5668 2792/5667/5667 2794/5669/5669
f 2795/5670/5670 2794/5669/5669 2796/5671/5671
f 2797/5672/5672 2796/5671/5671 2798/5673/5673
f 2799/5674/5674 2798/5673/5673 2800/5675/5675
f 2801/5676/5676 2800/5675/5675 2802/5677/5677
f 2803/5678/5678 2804/5679/5679 2805/5680/5680
f 2806/5681/5681 2805/5680/5680 2807/5682/5682
f 2808/5683/5683 2807/5682/5682 2809/5684/5684
f 2810/5685/5685 2809/5684/5684 2811/5686/5686
f 2812/5687/5687 2811/5686/5686 2813/5688/5688
f 2814/5689/5689 2813/5688/5688 2815/5690/5690
f 2816/5691/5691 2815/5690/5690 2817/5692/5692
f 2818/5693/5693 2819/5694/5694 2820/5695/5695
f 2821/5696/5696 2820/5695/5695 2822/5697/5697
f 2823/5698/5698 2822/5697/5697 2824/5699/5699
f 2825/5700/5700 2824/5699/5699 2826/5701/5701
f 2827/5702/5702 2781/5656/5656 2784/5659/5659
f 2828/5703/5703 2784/5659/5659 2786/5661/5661
f 2829/5704/5704 2786/5661/5661 2830/5705/5705
f 2831/5706/5706 2830/5705/5705 2832/5707/5707
f 2833/5708/5708 2788/5663/5663 2791/5666/5666
f 2834/5709/5709 2791/5666/5666 2793/5668/5668
f 2835/5710/5710 2793/5668/5668 2795/5670/5670
f 2836/5711/5711 2795/5670/5670 2797/5672/5672
f 2837/5712/5712 2797/5672/5672 2799/5674/5674
f 2838/5713/5713 2799/5674/5674 2801/5676/5676
f 2839/5714/5714 2801/5676/5676 2840/5715/5715
f 2841/5716/5716 2806/5681/5681 2808/5683/5683
f 2842/5717/5717 2808/5683/5683 2810/5685/5685
f 2843/5718/5718 2810/5685/5685 2812/5687/5687
f 2844/5719/5719 2812/5687/5687 2814/5689/5689
f 2845/5720/5720 2814/5689/5689 2816/5691/5691
f 2846/5721/5721 2816/5691/5691 2847/5722/5722
f 2848/5723/5723 2818/5693/5693 2821/5696/5696
f 2849/5724/5724 2821/5696/5696 2823/5698/5698
f 2850/5725/5725 2823/5698/5698 2825/5700/5700
f 2851/5726/5726 2825/5700/5700 2852/5727/5727
f 2853/5728/5728 2827/5702/5702 2828/5703/5703
f 2854/5729/5729 2828/5703/5703 2829/5704/5704
f 2855/5730/5730 2829/5704/5704 2831/5706/5706
f 2856/5731/5731 2831/5706/5706 2857/5732/5732
f 2858/5733/5733 2857/5732/5732 2859/5734/5734
f 2860/5735/5735 2859/5734/5734 2833/5708/5708
f 2861/5736/5736 2833/5708/5708 2834/5709/5709
f 2862/5737/5737 2834/5709/5709 2835/5710/5710
f 2863/5738/5738 2835/5710/5710 2836/5711/5711
f 2864/5739/5739 2838/5713/5713 2839/5714/5714
f 2865/5740/5740 2845/5720/5720 2846/5721/5721
f 2866/5741/5741 2846/5721/5721 2867/5742/5742
f 2868/5743/5743 2867/5742/5742 2848/5723/5723
f 2869/5744/5744 2848/5723/5723 2849/5724/5724
f 2870/5745/5745 2849/5724/5724 2850/5725/5725
f 2871/5746/5746 2850/5725/5725 2851/5726/5726
f 2872/5747/5747 2851/5726/5726 2873/5748/5748
f 2874/5749/5749 2863/5738/5738 2875/5750/5750
f 2876/5751/5751 2864/5739/5739 2877/5752/5752
f 2878/5753/5753 2866/5741/5741 2868/5743/5743
f 2879/5754/5754 2870/5745/5745 2871/5746/5746
f 2880/5755/5755 2881/5756/5756 2882/5757/5757
f 2883/5758/5758 2882/5757/5757 2884/5759/5759
f 2885/5760/5760 2884/5759/5759 2886/5761/5761
f 2887/5762/5762 2886/5761/5761 2888/5763/5763
f 2889/5764/5764 2888/5763/5763 2890/5765/5765
f 2891/5766/5766 2874/5749/5749 2892/5767/5767
f 2893/5768/5768 2892/5767/5767 2894/5769/5769
f 2895/5770/5770 2876/5751/5751 2896/5771/5771
f 2897/5772/5772 2898/5773/5773 2899/5774/5774
f 2900/5775/5775 2901/5776/5776 2902/5777/5777
f 2903/5778/5778 2902/5777/5777 2904/5779/5779
f 2905/5780/5780 2906/5781/5781 2878/5753/5753
f 2907/5782/5782 2878/5753/5753 2908/5783/5783
f 2909/5784/5784 2908/5783/5783 2910/5785/5785
f 2911/5786/5786 2910/5785/5785 2879/5754/5754
f 2912/5787/5787 2879/5754/5754 2913/5788/5788
f 2914/5789/5789 2915/5790/5790 2916/5791/5791
f 2917/5792/5792 2880/5755/5755 2883/5758/5758
f 2918/5793/5793 2883/5758/5758 2885/5760/5760
f 2919/5794/5794 2889/5764/5764 2920/5795/5795
f 2921/5796/5796 2891/5766/5766 2893/5768/5768
f 2922/5797/5797 2893/5768/5768 2923/5798/5798
f 2924/5799/5799 2895/5770/5770 2925/5800/5800
f 2926/5801/5801 2897/5772/5772 2927/5802/5802
f 2928/5803/5803 2900/5775/5775 2903/5778/5778
f 2929/5804/5804 2903/5778/5778 2930/5805/5805
f 2931/5806/5806 2905/5780/5780 2907/5782/5782
f 2932/5807/5807 2907/5782/5782 2909/5784/5784
f 2933/5808/5808 1440/5809/5809 1441/5810/5810
f 2934/5811/5811 1443/5812/5812 1440/5809/5809
f 2909/5784/5784 1442/5813/5813 1443/5812/5812
f 2911/5786/5786 1441/5810/5810 1442/5813/5813
f 1440/5809/5809 2933/5808/5808 2934/5811/5811
f 1442/5813/5813 2909/5784/5784 2911/5786/5786
f 1443/5812/5812 2934/5811/5811 2909/5784/5784
f 2933/5808/5808 2911/5786/5786 2912/5787/5787
f 2935/5814/5814 2912/5787/5787 2936/5815/5815
f 2937/5816/5816 2938/5817/5817 2939/5818/5818
f 2940/5819/5819 2941/5820/5820 2914/5789/5789
f 2942/5821/5821 2914/5789/5789 2943/5822/5822
f 2944/5823/5823 2917/5792/5792 2918/5793/5793
f 2945/5824/5824 2918/5793/5793 2946/5825/5825
f 2947/5826/5826 2946/5825/5825 2948/5827/5827
f 2949/5828/5828 2919/5794/5794 2950/5829/5829
f 2951/5830/5830 2950/5829/5829 2921/5796/5796
f 2952/5831/5831 2921/5796/5796 2922/5797/5797
f 2953/5832/5832 2922/5797/5797 2954/5833/5833
f 2955/5834/5834 2924/5799/5799 2956/5835/5835
f 2957/5836/5836 2956/5835/5835 2958/5837/5837
f 2959/5838/5838 2926/5801/5801 2960/5839/5839
f 2961/5840/5840 2928/5803/5803 2929/5804/5804
f 2962/5841/5841 2929/5804/5804 2963/5842/5842
f 2964/5843/5843 2931/5806/5806 2932/5807/5807
f 2965/5844/5844 2932/5807/5807 2934/5811/5811
f 2966/5845/5845 2934/5811/5811 2933/5808/5808
f 2967/5846/5846 2933/5808/5808 2935/5814/5814
f 2968/5847/5847 2935/5814/5814 2969/5848/5848
f 2970/5849/5849 2937/5816/5816 2971/5850/5850
f 2972/5851/5851 2940/5819/5819 1472/5852/5852
f 2940/5819/5819 2942/5821/5821 1475/5853/5853
f 2973/5854/5854 2972/5851/5851 1473/5855/5855
f 1475/5853/5853 1472/5852/5852 2940/5819/5819
f 1472/5852/5852 1473/5855/5855 2972/5851/5851
f 2942/5821/5821 2973/5854/5854 1474/5856/5856
f 1474/5856/5856 1475/5853/5853 2942/5821/5821
f 2973/5854/5854 2942/5821/5821 2974/5857/5857
f 2974/5857/5857 2944/5823/5823 1478/5858/5858
f 2944/5823/5823 2975/5859/5859 1477/5860/5860
f 2976/5861/5861 2974/5857/5857 1479/5862/5862
f 1477/5860/5860 1478/5858/5858 2944/5823/5823
f 2975/5859/5859 2976/5861/5861 1476/5863/5863
f 1478/5858/5858 1479/5862/5862 2974/5857/5857
f 1479/5862/5862 1476/5863/5863 2976/5861/5861
f 2975/5859/5859 2944/5823/5823 2945/5824/5824
f 2977/5864/5864 2945/5824/5824 2947/5826/5826
f 2978/5865/5865 2947/5826/5826 2979/5866/5866
f 2980/5867/5867 2979/5866/5866 1512/5868/5868
f 2979/5866/5866 2949/5828/5828 1511/5869/5869
f 2981/5870/5870 2980/5867/5867 1513/5871/5871
f 1511/5869/5869 1512/5868/5868 2979/5866/5866
f 1512/5868/5868 1513/5871/5871 2980/5867/5867
f 2949/5828/5828 2981/5870/5870 1510/5872/5872
f 1510/5872/5872 1511/5869/5869 2949/5828/5828
f 2981/5870/5870 2949/5828/5828 2951/5830/5830
f 2982/5873/5873 2953/5832/5832 2983/5874/5874
f 2984/5875/5875 2961/5840/5840 2962/5841/5841
f 2985/5876/5876 2964/5843/5843 2965/5844/5844
f 2986/5877/5877 2967/5846/5846 2968/5847/5847
f 2987/5878/5878 2970/5849/5849 2988/5879/5879
f 1527/5880/5880 1526/5881/5881 2989/5882/5882
f 1526/5881/5881 1528/5883/5883 2990/5884/5884
f 1528/5883/5883 1529/5885/5885 2991/5886/5886
f 1529/5885/5885 1530/5887/5887 2992/5888/5888
f 1530/5887/5887 1531/5889/5889 2993/5890/5890
f 1531/5889/5889 1532/5891/5891 2994/5892/5892
f 1532/5891/5891 1534/5893/5893 2995/5894/5894
f 2840/5715/5715 2802/5677/5677 1539/5895/5895
f 2978/5865/5865 2980/5867/5867 2607/5896/5896
f 2940/5819/5819 2972/5851/5851 2996/5897/5897
f 2941/5820/5820 2940/5819/5819 2997/5898/5898
f 2998/5899/5899 2999/5900/5900 3000/5901/5901
f 3001/5902/5902 3002/5903/5903 3003/5904/5904
f 2853/5728/5728 3001/5902/5902 3004/5905/5905
f 3001/5902/5902 3005/5906/5906 3004/5905/5905
f 2827/5702/5702 3004/5905/5905 3006/5907/5907
f 2781/5656/5656 3006/5907/5907 3007/5908/5908
f 2783/5658/5658 2782/5657/5657 3008/5909/5909
f 2785/5660/5660 2783/5658/5658 3009/5910/5910
f 3009/5910/5910 3010/5911/5911 2785/5660/5660
f 2787/5662/5662 2785/5660/5660 3011/5912/5912
f 2794/5669/5669 2792/5667/5667 3012/5913/5913
f 2800/5675/5675 2798/5673/5673 2774/5914/5914
f 2802/5677/5677 1403/5915/5915 1537/5916/5916
f 1537/5916/5916 1403/5915/5915 1404/5917/5917
f 2757/5918/5918 1536/5919/5919 1404/5917/5917
f 1404/5917/5917 1536/5919/5919 1537/5916/5916
f 2766/5920/5920 1402/5921/5921 1403/5915/5915
f 2757/5918/5918 1405/5922/5922 1402/5921/5921
f 1404/5917/5917 1405/5922/5922 2757/5918/5918
f 1403/5915/5915 2802/5677/5677 2766/5920/5920
f 2757/5918/5918 2747/5923/5923 1536/5919/5919
f 1402/5921/5921 2766/5920/5920 2757/5918/5918
f 2809/5684/5684 2726/5924/5924 2725/5925/5925
f 2815/5690/5690 2714/5926/5926 2711/5927/5927
f 2820/5695/5695 2713/5928/5928 2712/5929/5929
f 2822/5697/5697 2701/5930/5930 2703/5931/5931
f 2822/5697/5697 2712/5929/5929 2701/5930/5930
f 2824/5699/5699 2703/5931/5931 2698/5932/5932
f 2852/5727/5727 2826/5701/5701 2697/5933/5933
f 2873/5748/5748 2852/5727/5727 2699/5934/5934
f 3013/5935/5935 2649/5936/5936 2648/5937/5937
f 2887/5762/5762 2889/5764/5764 1508/5938/5938
f 2889/5764/5764 2919/5794/5794 1507/5939/5939
f 1507/5939/5939 1508/5938/5938 2889/5764/5764
f 2919/5794/5794 1506/5940/5940 1507/5939/5939
f 2946/5825/5825 2885/5760/5760 1509/5941/5941
f 2885/5760/5760 2887/5762/5762 1509/5941/5941
f 2949/5828/5828 2979/5866/5866 1506/5940/5940
f 2979/5866/5866 2948/5827/5827 1506/5940/5940
f 1503/5942/5942 2602/5943/5943 2605/5944/5944
f 2978/5865/5865 1503/5942/5942 1504/5945/5945
f 2978/5865/5865 2603/5946/5946 1503/5942/5942
f 2603/5946/5946 2602/5943/5943 1503/5942/5942
f 2976/5861/5861 1505/5947/5947 1502/5948/5948
f 1502/5948/5948 2604/5949/5949 2976/5861/5861
f 2975/5859/5859 1504/5945/5945 1505/5947/5947
f 1505/5947/5947 2976/5861/5861 2975/5859/5859
f 1495/5950/5950 1496/5951/5951 2886/5761/5761
f 2858/5733/5733 2860/5735/5735 1498/5952/5952
f 2856/5731/5731 2858/5733/5733 1499/5953/5953
f 2881/5756/5756 2855/5730/5730 1501/5954/5954
f 2855/5730/5730 2856/5731/5731 1500/5955/5955
f 1500/5955/5955 1501/5954/5954 2855/5730/5730
f 2882/5757/5757 1501/5954/5954 1495/5950/5950
f 2726/5924/5924 2809/5684/5684 1492/5956/5956
f 2809/5684/5684 2807/5682/5682 1492/5956/5956
f 2733/5957/5957 2727/5958/5958 1493/5959/5959
f 2724/5960/5960 1492/5956/5956 1493/5959/5959
f 1493/5959/5959 2727/5958/5958 2724/5960/5960
f 2804/5679/5679 2733/5957/5957 1494/5961/5961
f 2805/5680/5680 1494/5961/5961 1491/5962/5962
f 1491/5962/5962 2807/5682/5682 2805/5680/5680
f 2789/5664/5664 3014/5963/5963 1489/5964/5964
f 1489/5964/5964 1490/5965/5965 2789/5664/5664
f 3014/5963/5963 3015/5966/5966 1489/5964/5964
f 3015/5966/5966 3016/5967/5967 1488/5968/5968
f 2792/5667/5667 1487/5969/5969 1488/5968/5968
f 2790/5665/5665 1490/5965/5965 1487/5969/5969
f 1488/5968/5968 1489/5964/5964 3015/5966/5966
f 1487/5969/5969 2792/5667/5667 2790/5665/5665
f 1488/5968/5968 3012/5913/5913 2792/5667/5667
f 2924/5799/5799 2955/5834/5834 1483/5970/5970
f 1486/5971/5971 1480/5972/5972 2983/5874/5874
f 1471/5973/5973 2965/5844/5844 2966/5845/5845
f 2966/5845/5845 1470/5974/5974 1471/5973/5973
f 1471/5973/5973 3017/5975/5975 2965/5844/5844
f 2967/5846/5846 1469/5976/5976 1470/5974/5974
f 2986/5877/5877 1468/5977/5977 1469/5976/5976
f 1469/5976/5976 2967/5846/5846 2986/5877/5877
f 3018/5978/5978 1471/5973/5973 1468/5977/5977
f 1468/5977/5977 2986/5877/5877 3018/5978/5978
f 1465/5979/5979 2928/5803/5803 2961/5840/5840
f 1466/5980/5980 1467/5981/5981 3019/5982/5982
f 1460/5983/5983 1461/5984/5984 2901/5776/5776
f 1462/5985/5985 1463/5986/5986 2927/5802/5802
f 1466/5980/5980 1463/5986/5986 1460/5983/5983
f 1460/5983/5983 2928/5803/5803 1465/5979/5979
f 1460/5983/5983 1465/5979/5979 1466/5980/5980
f 2960/5839/5839 2927/5802/5802 1463/5986/5986
f 1466/5980/5980 2960/5839/5839 1463/5986/5986
f 2844/5719/5719 3020/5987/5987 1457/5988/5988
f 1457/5988/5988 1458/5989/5989 2842/5717/5717
f 2841/5716/5716 2842/5717/5717 1458/5989/5989
f 1462/5985/5985 1459/5990/5990 1520/5991/5991
f 1520/5991/5991 1461/5984/5984 1462/5985/5985
f 1520/5991/5991 2901/5776/5776 1461/5984/5984
f 3021/5992/5992 1458/5989/5989 1459/5990/5990
f 1459/5990/5990 2899/5774/5774 3021/5992/5992
f 1520/5991/5991 1456/5993/5993 2902/5777/5777
f 1456/5993/5993 1457/5988/5988 3020/5987/5987
f 2904/5779/5779 2902/5777/5777 1456/5993/5993
f 2906/5781/5781 2905/5780/5780 1454/5994/5994
f 1454/5994/5994 2904/5779/5779 2906/5781/5781
f 2931/5806/5806 1452/5995/5995 1453/5996/5996
f 2963/5842/5842 1455/5997/5997 1452/5995/5995
f 2930/5805/5805 1454/5994/5994 1455/5997/5997
f 1453/5996/5996 2905/5780/5780 2931/5806/5806
f 1455/5997/5997 2963/5842/5842 2930/5805/5805
f 1452/5995/5995 2931/5806/5806 2963/5842/5842
f 2845/5720/5720 2865/5740/5740 1450/5998/5998
f 1450/5998/5998 2844/5719/5719 2845/5720/5720
f 2906/5781/5781 2904/5779/5779 1451/5999/5999
f 3020/5987/5987 1450/5998/5998 1451/5999/5999
f 1451/5999/5999 2904/5779/5779 3020/5987/5987
f 2878/5753/5753 1448/6000/6000 1449/6001/6001
f 2878/5753/5753 2906/5781/5781 1448/6000/6000
f 1449/6001/6001 2866/5741/5741 2878/5753/5753
f 1446/6002/6002 3017/5975/5975 3018/5978/5978
f 2985/5876/5876 3017/5975/5975 1446/6002/6002
f 1446/6002/6002 1447/6003/6003 2985/5876/5876
f 1447/6003/6003 2657/6004/6004 2985/5876/5876
f 1447/6003/6003 1444/6005/6005 2655/6006/6006
f 2664/6007/6007 1444/6005/6005 1445/6008/6008
f 1444/6005/6005 2664/6007/6007 2658/6009/6009
f 2658/6009/6009 2655/6006/6006 1444/6005/6005
f 1445/6008/6008 2986/5877/5877 2664/6007/6007
f 2818/5693/5693 1434/6010/6010 1433/6011/6011
f 2820/5695/5695 1435/6012/6012 1436/6013/6013
f 2820/5695/5695 2819/5694/5694 1435/6012/6012
f 1436/6013/6013 2713/5928/5928 2820/5695/5695
f 2817/5692/5692 2711/5927/5927 1438/6014/6014
f 2710/6015/6015 1436/6013/6013 1438/6014/6014
f 1438/6014/6014 2711/5927/5927 2710/6015/6015
f 2847/5722/5722 2817/5692/5692 1439/6016/6016
f 2818/5693/5693 2848/5723/5723 1437/6017/6017
f 2867/5742/5742 2847/5722/5722 1437/6017/6017
f 1437/6017/6017 2848/5723/5723 2867/5742/5742
f 2968/5847/5847 3022/6018/6018 1431/6019/6019
f 1431/6019/6019 1432/6020/6020 2968/5847/5847
f 1432/6020/6020 3023/6021/6021 2968/5847/5847
f 2987/5878/5878 1429/6022/6022 1430/6023/6023
f 3024/6024/6024 1432/6020/6020 1429/6022/6022
f 3022/6018/6018 2970/5849/5849 1430/6023/6023
f 1429/6022/6022 2987/5878/5878 3024/6024/6024
f 1430/6023/6023 2970/5849/5849 2987/5878/5878
f 2871/5746/5746 1426/6025/6025 1427/6026/6026
f 2872/5747/5747 1425/6027/6027 1426/6025/6025
f 1426/6025/6025 2871/5746/5746 2872/5747/5747
f 2938/5817/5817 2936/5815/5815 1427/6026/6026
f 2936/5815/5815 2913/5788/5788 1427/6026/6026
f 2939/5818/5818 2938/5817/5817 1428/6028/6028
f 3025/6029/6029 1428/6028/6028 1425/6027/6027
f 1425/6027/6027 3026/6030/6030 3025/6029/6029
f 1422/6031/6031 2861/5736/5736 2862/5737/5737
f 1422/6031/6031 2888/5763/5763 1496/5951/5951
f 1497/6032/6032 2861/5736/5736 1422/6031/6031
f 2860/5735/5735 2861/5736/5736 1497/6032/6032
f 2888/5763/5763 2886/5761/5761 1496/5951/5951
f 1496/5951/5951 1497/6032/6032 1422/6031/6031
f 2888/5763/5763 1422/6031/6031 1423/6033/6033
f 2863/5738/5738 2874/5749/5749 1424/6034/6034
f 1424/6034/6034 1421/6035/6035 2863/5738/5738
f 2890/5765/5765 1423/6033/6033 1424/6034/6034
f 1424/6034/6034 2874/5749/5749 2890/5765/5765
f 2987/5878/5878 1419/6036/6036 1420/6037/6037
f 2987/5878/5878 3027/6038/6038 1419/6036/6036
f 1420/6037/6037 2666/6039/6039 2987/5878/5878
f 2686/6040/6040 2674/6041/6041 1417/6042/6042
f 2676/6043/6043 1420/6037/6037 1417/6042/6042
f 3027/6038/6038 2686/6040/6040 1418/6044/6044
f 1417/6042/6042 2674/6041/6041 2676/6043/6043
f 1417/6042/6042 1418/6044/6044 2686/6040/6040
f 2994/5892/5892 1411/6045/6045 1410/6046/6046
f 2993/5890/5890 1410/6046/6046 1412/6047/6047
f 2899/5774/5774 2898/5773/5773 1415/6048/6048
f 1415/6048/6048 1416/6049/6049 3021/5992/5992
f 2841/5716/5716 3021/5992/5992 1416/6049/6049
f 2806/5681/5681 2841/5716/5716 1518/6050/6050
f 1518/6050/6050 2803/5678/5678 2806/5681/5681
f 2804/5679/5679 2803/5678/5678 1519/6051/6051
f 2995/5894/5894 1414/6052/6052 1411/6045/6045
f 1519/6051/6051 1414/6052/6052 2804/5679/5679
f 1414/6052/6052 2995/5894/5894 2804/5679/5679
f 2733/5957/5957 2804/5679/5679 1408/6053/6053
f 2746/6054/6054 2733/5957/5957 1409/6055/6055
f 2804/5679/5679 2995/5894/5894 1408/6053/6053
f 1408/6053/6053 1409/6055/6055 2733/5957/5957
f 1533/6056/6056 1536/5919/5919 1407/6057/6057
f 1533/6056/6056 1408/6053/6053 2995/5894/5894
f 2747/5923/5923 1406/6058/6058 1407/6057/6057
f 2995/5894/5894 1534/5893/5893 1533/6056/6056
f 2747/5923/5923 2746/6054/6054 1406/6058/6058
f 1407/6057/6057 1536/5919/5919 2747/5923/5923
f 1400/6059/6059 1540/6060/6060 1541/6061/6061
f 2840/5715/5715 1538/6062/6062 1400/6059/6059
f 1538/6062/6062 1540/6060/6060 1400/6059/6059
f 2839/5714/5714 3028/6063/6063 1401/6064/6064
f 1396/6065/6065 2876/5751/5751 2895/5770/5770
f 1394/6066/6066 2923/5798/5798 2894/5769/5769
f 1486/5971/5971 1394/6066/6066 1395/6067/6067
f 1395/6067/6067 1485/6068/6068 1486/5971/5971
f 1486/5971/5971 2954/5833/5833 1394/6066/6066
f 2954/5833/5833 2923/5798/5798 1394/6066/6066
f 2924/5799/5799 1484/6069/6069 1485/6068/6068
f 1485/6068/6068 2895/5770/5770 2924/5799/5799
f 1391/6070/6070 1396/6065/6065 1397/6071/6071
f 1391/6070/6070 2876/5751/5751 1396/6065/6065
f 2864/5739/5739 2876/5751/5751 1391/6070/6070
f 1397/6071/6071 1390/6072/6072 1391/6070/6070
f 1397/6071/6071 2894/5769/5769 1390/6072/6072
f 2837/5712/5712 2838/5713/5713 1392/6073/6073
f 2838/5713/5713 2864/5739/5739 1392/6073/6073
f 2836/5711/5711 2837/5712/5712 1393/6074/6074
f 2892/5767/5767 2875/5750/5750 1390/6072/6072
f 1390/6072/6072 2894/5769/5769 2892/5767/5767
f 1387/6075/6075 2589/6076/6076 2588/6077/6077
f 3029/6078/6078 2590/6079/6079 1387/6075/6075
f 1387/6075/6075 1388/6080/6080 3029/6078/6078
f 2590/6079/6079 2589/6076/6076 1387/6075/6075
f 1388/6080/6080 1389/6081/6081 3030/6082/6082
f 3031/6083/6083 1389/6081/6081 1386/6084/6084
f 1386/6084/6084 2587/6085/6085 3031/6083/6083
f 3031/6083/6083 3030/6082/6082 1389/6081/6081
f 2953/5832/5832 2982/5873/5873 1383/6086/6086
f 1383/6086/6086 2952/5831/5831 2953/5832/5832
f 2982/5873/5873 3030/6082/6082 1383/6086/6086
f 3031/6083/6083 2951/5830/5830 1385/6087/6087
f 2951/5830/5830 2952/5831/5831 1384/6088/6088
f 3030/6082/6082 3031/6083/6083 1382/6089/6089
f 1384/6088/6088 1385/6087/6087 2951/5830/5830
f 1385/6087/6087 1382/6089/6089 3031/6083/6083
f 2890/5765/5765 2874/5749/5749 1380/6090/6090
f 2874/5749/5749 2891/5766/5766 1380/6090/6090
f 2891/5766/5766 2921/5796/5796 1379/6091/6091
f 2921/5796/5796 2950/5829/5829 1378/6092/6092
f 1378/6092/6092 1379/6091/6091 2921/5796/5796
f 2950/5829/5829 2920/5795/5795 1381/6093/6093
f 1381/6093/6093 1378/6092/6092 2950/5829/5829
f 2920/5795/5795 1380/6090/6090 1381/6093/6093
f 1374/6094/6094 1375/6095/6095 2663/6096/6096
f 2987/5878/5878 2666/6039/6039 1375/6095/6095
f 2666/6039/6039 2663/6096/6096 1375/6095/6095
f 1375/6095/6095 1376/6097/6097 2987/5878/5878
f 1377/6098/6098 3023/6021/6021 3024/6024/6024
f 2986/5877/5877 3023/6021/6021 1377/6098/6098
f 1377/6098/6098 1374/6094/6094 2986/5877/5877
f 1374/6094/6094 2664/6007/6007 2986/5877/5877
f 1398/6099/6099 2896/5771/5771 2877/5752/5752
f 2877/5752/5752 1401/6064/6064 1398/6099/6099
f 1398/6099/6099 1368/6100/6100 2896/5771/5771
f 2925/5800/5800 2896/5771/5771 1370/6101/6101
f 2956/5835/5835 2925/5800/5800 1371/6102/6102
f 2925/5800/5800 1369/6103/6103 1371/6102/6102
f 1367/6104/6104 1542/6105/6105 1543/6106/6106
f 1399/6107/6107 1367/6104/6104 1368/6100/6100
f 1368/6100/6100 1398/6099/6099 1399/6107/6107
f 1541/6061/6061 1542/6105/6105 1367/6104/6104
f 2794/5669/5669 3032/6108/6108 1365/6109/6109
f 3032/6108/6108 3033/6110/6110 1365/6109/6109
f 3033/6110/6110 2775/6111/6111 1364/6112/6112
f 1364/6112/6112 1365/6109/6109 3033/6110/6110
f 2774/5914/5914 2798/5673/5673 1363/6113/6113
f 2798/5673/5673 2796/5671/5671 1366/6114/6114
f 1363/6113/6113 1364/6112/6112 2774/5914/5914
f 2796/5671/5671 1365/6109/6109 1366/6114/6114
f 1366/6114/6114 1363/6113/6113 2798/5673/5673
f 1359/6115/6115 1360/6116/6116 3034/6117/6117
f 1362/6118/6118 1544/6119/6119 1546/6120/6120
f 1372/6121/6121 1373/6122/6122 1362/6118/6118
f 1362/6118/6118 1359/6115/6115 1372/6121/6121
f 1543/6106/6106 1544/6119/6119 1362/6118/6118
f 1373/6122/6122 1543/6106/6106 1362/6118/6118
f 2958/5837/5837 1371/6102/6102 1372/6121/6121
f 1355/6123/6123 1356/6124/6124 2990/5884/5884
f 1357/6125/6125 1358/6126/6126 2898/5773/5773
f 1413/6127/6127 1415/6048/6048 1358/6126/6126
f 1358/6126/6126 1355/6123/6123 1413/6127/6127
f 1415/6048/6048 2898/5773/5773 1358/6126/6126
f 2992/5888/5888 1412/6047/6047 1413/6127/6127
f 1413/6127/6127 2991/5886/5886 2992/5888/5888
f 1352/6128/6128 1353/6129/6129 3035/6130/6130
f 2633/6131/6131 1351/6132/6132 1352/6128/6128
f 1352/6128/6128 2634/6133/6133 2633/6131/6131
f 3036/6134/6134 1354/6135/6135 1535/6136/6136
f 2633/6131/6131 2623/6137/6137 1547/6138/6138
f 1535/6136/6136 1354/6135/6135 1351/6132/6132
f 1351/6132/6132 1547/6138/6138 1535/6136/6136
f 2853/5728/5728 3037/6139/6139 1348/6140/6140
f 1348/6140/6140 3037/6139/6139 2998/5899/5899
f 3001/5902/5902 2853/5728/5728 1349/6141/6141
f 2998/5899/5899 1347/6142/6142 1348/6140/6140
f 1348/6140/6140 1349/6141/6141 2853/5728/5728
f 3038/6143/6143 3002/5903/5903 1350/6144/6144
f 1350/6144/6144 1347/6142/6142 3038/6143/6143
f 3002/5903/5903 3001/5902/5902 1350/6144/6144
f 1344/6145/6145 2646/6146/6146 2645/6147/6147
f 2657/6004/6004 1344/6145/6145 1345/6148/6148
f 1344/6145/6145 2657/6004/6004 2646/6146/6146
f 3039/6149/6149 2985/5876/5876 1345/6148/6148
f 2645/6147/6147 1343/6150/6150 1344/6145/6145
f 1345/6148/6148 2985/5876/5876 2657/6004/6004
f 2649/5936/5936 3013/5935/5935 1343/6150/6150
f 3013/5935/5935 1346/6151/6151 1343/6150/6150
f 3013/5935/5935 3039/6149/6149 1346/6151/6151
f 1340/6152/6152 2577/6153/6153 2579/6154/6154
f 3029/6078/6078 1339/6155/6155 1340/6152/6152
f 1340/6152/6152 2590/6079/6079 3029/6078/6078
f 1341/6156/6156 2578/6157/6157 2577/6153/6153
f 3040/6158/6158 2576/6159/6159 1341/6156/6156
f 2576/6159/6159 2578/6157/6157 1341/6156/6156
f 3034/6117/6117 3040/6158/6158 1342/6160/6160
f 2957/5836/5836 1481/6161/6161 1482/6162/6162
f 2957/5836/5836 1342/6160/6160 1481/6161/6161
f 1339/6155/6155 1480/5972/5972 1481/6161/6161
f 1481/6161/6161 1342/6160/6160 1339/6155/6155
f 3029/6078/6078 2983/5874/5874 1480/5972/5972
f 3022/6018/6018 2969/5848/5848 1338/6163/6163
f 1338/6163/6163 2970/5849/5849 3022/6018/6018
f 2936/5815/5815 1336/6164/6164 1337/6165/6165
f 2938/5817/5817 1335/6166/6166 1336/6164/6164
f 1336/6164/6164 2936/5815/5815 2938/5817/5817
f 2937/5816/5816 1338/6163/6163 1335/6166/6166
f 1335/6166/6166 2938/5817/5817 2937/5816/5816
f 1337/6165/6165 2969/5848/5848 2936/5815/5815
f 2915/5790/5790 2914/5789/5789 1333/6167/6167
f 2914/5789/5789 2941/5820/5820 1332/6168/6168
f 1332/6168/6168 1333/6167/6167 2914/5789/5789
f 2998/5899/5899 3037/6139/6139 1334/6169/6169
f 3037/6139/6139 2915/5790/5790 1334/6169/6169
f 3000/5901/5901 1331/6170/6170 1332/6168/6168
f 1332/6168/6168 2941/5820/5820 3000/5901/5901
f 3000/5901/5901 2999/5900/5900 1331/6170/6170
f 2833/5708/5708 2859/5734/5734 1324/6171/6171
f 2859/5734/5734 1325/6172/6172 1324/6171/6171
f 2788/5663/5663 1324/6171/6171 1326/6173/6173
f 2789/5664/5664 1327/6174/6174 1329/6175/6175
f 1329/6175/6175 3014/5963/5963 2789/5664/5664
f 2789/5664/5664 1326/6173/6173 1327/6174/6174
f 1330/6176/6176 3041/6177/6177 3042/6178/6178
f 2787/5662/5662 3043/6179/6179 1330/6176/6176
f 3043/6179/6179 3041/6177/6177 1330/6176/6176
f 2830/5705/5705 2787/5662/5662 1514/6180/6180
f 1514/6180/6180 1515/6181/6181 2830/5705/5705
f 2859/5734/5734 2857/5732/5732 1328/6182/6182
f 2832/5707/5707 1516/6183/6183 1328/6182/6182
f 1328/6182/6182 2857/5732/5732 2832/5707/5707
f 2910/5785/5785 2908/5783/5783 1323/6184/6184
f 2868/5743/5743 1322/6185/6185 1323/6184/6184
f 1323/6184/6184 2908/5783/5783 2868/5743/5743
f 2869/5744/5744 1321/6186/6186 1322/6185/6185
f 1322/6185/6185 2868/5743/5743 2869/5744/5744
f 2879/5754/5754 1320/6187/6187 1321/6186/6186
f 2879/5754/5754 2910/5785/5785 1320/6187/6187
f 1321/6186/6186 2870/5745/5745 2879/5754/5754
f 1317/6188/6188 2926/5801/5801 2959/5838/5838
f 1318/6189/6189 1356/6124/6124 1357/6125/6125
f 1357/6125/6125 2926/5801/5801 1317/6188/6188
f 1318/6189/6189 2990/5884/5884 1356/6124/6124
f 1357/6125/6125 1317/6188/6188 1318/6189/6189
f 1318/6189/6189 2989/5882/5882 2990/5884/5884
f 1318/6189/6189 1319/6190/6190 3036/6134/6134
f 1319/6190/6190 1316/6191/6191 1353/6129/6129
f 1316/6191/6191 3035/6130/6130 1353/6129/6129
f 1353/6129/6129 1354/6135/6135 1319/6190/6190
f 1354/6135/6135 3036/6134/6134 1319/6190/6190
f 2985/5876/5876 1313/6192/6192 1314/6193/6193
f 3039/6149/6149 1312/6194/6194 1313/6192/6192
f 1313/6192/6192 2985/5876/5876 3039/6149/6149
f 1314/6193/6193 2964/5843/5843 2985/5876/5876
f 2931/5806/5806 2964/5843/5843 1315/6195/6195
f 1315/6195/6195 2963/5842/5842 2931/5806/5806
f 2962/5841/5841 3044/6196/6196 1312/6194/6194
f 1312/6194/6194 3013/5935/5935 2962/5841/5841
f 1310/6197/6197 1467/5981/5981 1464/6198/6198
f 1464/6198/6198 2984/5875/5875 1309/6199/6199
f 1464/6198/6198 1309/6199/6199 1310/6197/6197
f 1310/6197/6197 3019/5982/5982 1467/5981/5981
f 2959/5838/5838 3019/5982/5982 1310/6197/6197
f 3035/6130/6130 1310/6197/6197 1311/6200/6200
f 1311/6200/6200 2634/6133/6133 3035/6130/6130
f 1308/6201/6201 2635/6202/6202 2637/6203/6203
f 2984/5875/5875 2648/5937/5937 1308/6201/6201
f 1308/6201/6201 2648/5937/5937 2635/6202/6202
f 2637/6203/6203 1311/6200/6200 1308/6201/6201
f 1360/6116/6116 1361/6204/6204 1305/6205/6205
f 1305/6205/6205 1306/6206/6206 1360/6116/6116
f 1361/6204/6204 1545/6207/6207 1305/6205/6205
f 1306/6206/6206 3040/6158/6158 1360/6116/6116
f 3040/6158/6158 3034/6117/6117 1360/6116/6116
f 2576/6159/6159 1307/6208/6208 1304/6209/6209
f 1545/6207/6207 1548/6210/6210 1304/6209/6209
f 1304/6209/6209 1548/6210/6210 2576/6159/6159
f 1548/6210/6210 2567/6211/6211 2576/6159/6159
f 1307/6208/6208 2576/6159/6159 3040/6158/6158
f 3040/6158/6158 1306/6206/6206 1307/6208/6208
f 3045/6212/6212 2972/5851/5851 1301/6213/6213
f 2604/5949/5949 2614/6214/6214 1302/6215/6215
f 1302/6215/6215 2614/6214/6214 3045/6212/6212
f 1301/6213/6213 1302/6215/6215 3045/6212/6212
f 2973/5854/5854 1300/6216/6216 1301/6213/6213
f 1301/6213/6213 2972/5851/5851 2973/5854/5854
f 2976/5861/5861 2604/5949/5949 1303/6217/6217
f 1303/6217/6217 1300/6216/6216 2976/5861/5861
f 3031/6083/6083 2587/6085/6085 1298/6218/6218
f 1298/6218/6218 1299/6219/6219 3031/6083/6083
f 2587/6085/6085 2597/6220/6220 1297/6221/6221
f 1297/6221/6221 1298/6218/6218 2587/6085/6085
f 2607/5896/5896 2980/5867/5867 1296/6222/6222
f 1296/6222/6222 1297/6221/6221 2607/5896/5896
f 2981/5870/5870 1299/6219/6219 1296/6222/6222
f 1296/6222/6222 2980/5867/5867 2981/5870/5870
f 2690/6223/6223 1295/6224/6224 2700/6225/6225
f 1295/6224/6224 2873/5748/5748 2700/6225/6225
f 2700/6225/6225 2687/6226/6226 2690/6223/6223
f 3025/6029/6029 1292/6227/6227 1293/6228/6228
f 3026/6030/6030 1295/6224/6224 1292/6227/6227
f 2689/6229/6229 1293/6228/6228 1294/6230/6230
f 1292/6227/6227 3025/6029/6029 3026/6030/6030
f 1293/6228/6228 2689/6229/6229 3025/6029/6029
f 1294/6230/6230 2690/6223/6223 2689/6229/6229
f 2815/5690/5690 2813/5688/5688 1289/6231/6231
f 1289/6231/6231 1290/6232/6232 2815/5690/5690
f 1290/6232/6232 2714/5926/5926 2815/5690/5690
f 2715/6233/6233 1290/6232/6232 1291/6234/6234
f 2811/5686/5686 2725/5925/5925 1291/6234/6234
f 1291/6234/6234 2725/5925/5925 2716/6235/6235
f 2813/5688/5688 2811/5686/5686 1288/6236/6236
f 1291/6234/6234 2716/6235/6235 2715/6233/6233
f 1291/6234/6234 1288/6236/6236 2811/5686/5686
f 2944/5823/5823 2974/5857/5857 1287/6237/6237
f 2974/5857/5857 2943/5822/5822 1287/6237/6237
f 2943/5822/5822 2916/5791/5791 1286/6238/6238
f 2916/5791/5791 2880/5755/5755 1285/6239/6239
f 2880/5755/5755 2917/5792/5792 1284/6240/6240
f 1285/6239/6239 1286/6238/6238 2916/5791/5791
f 2917/5792/5792 1287/6237/6237 1284/6240/6240
f 1284/6240/6240 1285/6239/6239 2880/5755/5755
f 2683/6241/6241 2685/6242/6242 1282/6243/6243
f 1282/6243/6243 2971/5850/5850 2683/6241/6241
f 2685/6242/6242 2686/6040/6040 1280/6244/6244
f 1280/6244/6244 1281/6245/6245 2685/6242/6242
f 3027/6038/6038 1283/6246/6246 1280/6244/6244
f 1280/6244/6244 2686/6040/6040 3027/6038/6038
f 2988/5879/5879 1282/6243/6243 1283/6246/6246
f 1283/6246/6246 3027/6038/6038 2988/5879/5879
f 2689/6229/6229 2684/6247/6247 1278/6248/6248
f 1278/6248/6248 3025/6029/6029 2689/6229/6229
f 2683/6241/6241 1276/6249/6249 1277/6250/6250
f 2971/5850/5850 1279/6251/6251 1276/6249/6249
f 1276/6249/6249 2683/6241/6241 2971/5850/5850
f 2939/5818/5818 1278/6248/6248 1279/6251/6251
f 1279/6251/6251 2971/5850/5850 2939/5818/5818
f 1277/6250/6250 2684/6247/6247 2683/6241/6241
f 3037/6139/6139 2853/5728/5728 1274/6252/6252
f 2853/5728/5728 2854/5729/5729 1274/6252/6252
f 2915/5790/5790 3037/6139/6139 1275/6253/6253
f 2881/5756/5756 2880/5755/5755 2916/5791/5791
f 2854/5729/5729 2855/5730/5730 1273/6254/6254
f 2855/5730/5730 2881/5756/5756 1272/6255/6255
f 1272/6255/6255 1273/6254/6254 2855/5730/5730
f 2881/5756/5756 1275/6253/6253 1272/6255/6255
f 1273/6254/6254 1274/6252/6252 2854/5729/5729
f 2916/5791/5791 1275/6253/6253 2881/5756/5756
f 1275/6253/6253 2916/5791/5791 2915/5790/5790
f 1274/6252/6252 1275/6253/6253 3037/6139/6139
f 1277/6250/6250 1278/6248/6248 2684/6247/6247
f 1278/6248/6248 2939/5818/5818 3025/6029/6029
f 1281/6245/6245 1282/6243/6243 2685/6242/6242
f 1282/6243/6243 2988/5879/5879 2971/5850/5850
f 1286/6238/6238 1287/6237/6237 2943/5822/5822
f 1287/6237/6237 2917/5792/5792 2944/5823/5823
f 1288/6236/6236 1289/6231/6231 2813/5688/5688
f 1290/6232/6232 2715/6233/6233 2714/5926/5926
f 1294/6230/6230 1295/6224/6224 2690/6223/6223
f 1295/6224/6224 3026/6030/6030 2873/5748/5748
f 2597/6220/6220 2607/5896/5896 1297/6221/6221
f 1299/6219/6219 2981/5870/5870 3031/6083/6083
f 1300/6216/6216 2973/5854/5854 2976/5861/5861
f 1302/6215/6215 1303/6217/6217 2604/5949/5949
f 1304/6209/6209 1305/6205/6205 1545/6207/6207
f 1361/6204/6204 1546/6120/6120 1545/6207/6207
f 1308/6201/6201 1309/6199/6199 2984/5875/5875
f 1311/6200/6200 2637/6203/6203 2634/6133/6133
f 1310/6197/6197 3035/6130/6130 2959/5838/5838
f 1464/6198/6198 2961/5840/5840 2984/5875/5875
f 1312/6194/6194 3039/6149/6149 3013/5935/5935
f 1312/6194/6194 3044/6196/6196 1315/6195/6195
f 1315/6195/6195 3044/6196/6196 2963/5842/5842
f 1314/6193/6193 1315/6195/6195 2964/5843/5843
f 1316/6191/6191 2959/5838/5838 3035/6130/6130
f 3036/6134/6134 2989/5882/5882 1318/6189/6189
f 1357/6125/6125 2897/5772/5772 2926/5801/5801
f 2959/5838/5838 1316/6191/6191 1317/6188/6188
f 1321/6186/6186 2869/5744/5744 2870/5745/5745
f 1323/6184/6184 1320/6187/6187 2910/5785/5785
f 1328/6182/6182 1325/6172/6172 2859/5734/5734
f 1516/6183/6183 2832/5707/5707 1515/6181/6181
f 1515/6181/6181 2832/5707/5707 2830/5705/5705
f 1330/6176/6176 1514/6180/6180 2787/5662/5662
f 3042/6178/6178 1329/6175/6175 1330/6176/6176
f 1329/6175/6175 3042/6178/6178 3014/5963/5963
f 1326/6173/6173 2789/5664/5664 2788/5663/5663
f 1324/6171/6171 2788/5663/5663 2833/5708/5708
f 2941/5820/5820 3046/6256/6256 3000/5901/5901
f 1331/6170/6170 2999/5900/5900 1334/6169/6169
f 1334/6169/6169 2999/5900/5900 2998/5899/5899
f 1333/6167/6167 1334/6169/6169 2915/5790/5790
f 1337/6165/6165 1338/6163/6163 2969/5848/5848
f 1338/6163/6163 2937/5816/5816 2970/5849/5849
f 1339/6155/6155 3029/6078/6078 1480/5972/5972
f 1482/6162/6162 2955/5834/5834 2957/5836/5836
f 1342/6160/6160 2957/5836/5836 3034/6117/6117
f 1341/6156/6156 1342/6160/6160 3040/6158/6158
f 2577/6153/6153 1340/6152/6152 1341/6156/6156
f 2579/6154/6154 2590/6079/6079 1340/6152/6152
f 1343/6150/6150 2645/6147/6147 2649/5936/5936
f 1345/6148/6148 1346/6151/6151 3039/6149/6149
f 1347/6142/6142 2998/5899/5899 3038/6143/6143
f 1349/6141/6141 1350/6144/6144 3001/5902/5902
f 1547/6138/6138 1351/6132/6132 2633/6131/6131
f 1535/6136/6136 1527/5880/5880 3036/6134/6134
f 3035/6130/6130 2634/6133/6133 1352/6128/6128
f 1355/6123/6123 2991/5886/5886 1413/6127/6127
f 2898/5773/5773 2897/5772/5772 1357/6125/6125
f 2990/5884/5884 2991/5886/5886 1355/6123/6123
f 1359/6115/6115 2958/5837/5837 1372/6121/6121
f 1546/6120/6120 1361/6204/6204 1362/6118/6118
f 3034/6117/6117 2958/5837/5837 1359/6115/6115
f 2775/6111/6111 2774/5914/5914 1364/6112/6112
f 1365/6109/6109 2796/5671/5671 2794/5669/5669
f 1399/6107/6107 1541/6061/6061 1367/6104/6104
f 1543/6106/6106 1373/6122/6122 1367/6104/6104
f 1371/6102/6102 2958/5837/5837 2956/5835/5835
f 1370/6101/6101 1369/6103/6103 2925/5800/5800
f 1368/6100/6100 1370/6101/6101 2896/5771/5771
f 1374/6094/6094 2665/6257/6257 2664/6007/6007
f 3024/6024/6024 1376/6097/6097 1377/6098/6098
f 1376/6097/6097 3024/6024/6024 2987/5878/5878
f 2663/6096/6096 2665/6257/6257 1374/6094/6094
f 1379/6091/6091 1380/6090/6090 2891/5766/5766
f 1380/6090/6090 2920/5795/5795 2890/5765/5765
f 1382/6089/6089 1383/6086/6086 3030/6082/6082
f 1383/6086/6086 1384/6088/6088 2952/5831/5831
f 1386/6084/6084 2588/6077/6077 2587/6085/6085
f 3030/6082/6082 2982/5873/5873 1388/6080/6080
f 1388/6080/6080 2982/5873/5873 3029/6078/6078
f 2588/6077/6077 1386/6084/6084 1387/6075/6075
f 2875/5750/5750 1393/6074/6074 1390/6072/6072
f 1393/6074/6074 2875/5750/5750 2836/5711/5711
f 1392/6073/6073 1393/6074/6074 2837/5712/5712
f 1391/6070/6070 1392/6073/6073 2864/5739/5739
f 1395/6067/6067 2895/5770/5770 1485/6068/6068
f 2894/5769/5769 1397/6071/6071 1394/6066/6066
f 2895/5770/5770 1395/6067/6067 1396/6065/6065
f 1401/6064/6064 2877/5752/5752 2839/5714/5714
f 1401/6064/6064 3028/6063/6063 1400/6059/6059
f 1400/6059/6059 3028/6063/6063 2840/5715/5715
f 1541/6061/6061 1399/6107/6107 1400/6059/6059
f 1407/6057/6057 1408/6053/6053 1533/6056/6056
f 1409/6055/6055 1406/6058/6058 2746/6054/6054
f 1411/6045/6045 2994/5892/5892 2995/5894/5894
f 1519/6051/6051 2803/5678/5678 1517/6258/6258
f 1518/6050/6050 1517/6258/6258 2803/5678/5678
f 1416/6049/6049 1518/6050/6050 2841/5716/5716
f 1415/6048/6048 3021/5992/5992 2899/5774/5774
f 1412/6047/6047 2992/5888/5888 2993/5890/5890
f 1410/6046/6046 2993/5890/5890 2994/5892/5892
f 1418/6044/6044 1419/6036/6036 3027/6038/6038
f 1420/6037/6037 2676/6043/6043 2666/6039/6039
f 1421/6035/6035 2862/5737/5737 2863/5738/5738
f 1423/6033/6033 2890/5765/5765 2888/5763/5763
f 1497/6032/6032 1498/5952/5952 2860/5735/5735
f 2862/5737/5737 1421/6035/6035 1422/6031/6031
f 1425/6027/6027 2872/5747/5747 3026/6030/6030
f 1428/6028/6028 3025/6029/6029 2939/5818/5818
f 1427/6026/6026 1428/6028/6028 2938/5817/5817
f 1427/6026/6026 2913/5788/5788 2871/5746/5746
f 1430/6023/6023 1431/6019/6019 3022/6018/6018
f 1432/6020/6020 3024/6024/6024 3023/6021/6021
f 1437/6017/6017 1434/6010/6010 2818/5693/5693
f 1439/6016/6016 1437/6017/6017 2847/5722/5722
f 1438/6014/6014 1439/6016/6016 2817/5692/5692
f 1436/6013/6013 2710/6015/6015 2713/5928/5928
f 1435/6012/6012 2819/5694/5694 1433/6011/6011
f 1433/6011/6011 2819/5694/5694 2818/5693/5693
f 1445/6008/6008 3018/5978/5978 2986/5877/5877
f 2655/6006/6006 2656/6259/6259 1447/6003/6003
f 1447/6003/6003 2656/6259/6259 2657/6004/6004
f 3018/5978/5978 1445/6008/6008 1446/6002/6002
f 1449/6001/6001 2865/5740/5740 2866/5741/5741
f 1451/5999/5999 1448/6000/6000 2906/5781/5781
f 1450/5998/5998 3020/5987/5987 2844/5719/5719
f 1450/5998/5998 2865/5740/5740 1449/6001/6001
f 1453/5996/5996 1454/5994/5994 2905/5780/5780
f 1454/5994/5994 2930/5805/5805 2904/5779/5779
f 3020/5987/5987 2904/5779/5779 1456/5993/5993
f 2902/5777/5777 2901/5776/5776 1520/5991/5991
f 1462/5985/5985 2899/5774/5774 1459/5990/5990
f 1458/5989/5989 3021/5992/5992 2841/5716/5716
f 2842/5717/5717 2843/5718/5718 1457/5988/5988
f 1457/5988/5988 2843/5718/5718 2844/5719/5719
f 1460/5983/5983 2900/5775/5775 2928/5803/5803
f 2927/5802/5802 2899/5774/5774 1462/5985/5985
f 2901/5776/5776 2900/5775/5775 1460/5983/5983
f 3019/5982/5982 2960/5839/5839 1466/5980/5980
f 2961/5840/5840 1464/6198/6198 1465/5979/5979
f 1470/5974/5974 2966/5845/5845 2967/5846/5846
f 1471/5973/5973 3018/5978/5978 3017/5975/5975
f 2983/5874/5874 2954/5833/5833 1486/5971/5971
f 1483/5970/5970 1484/6069/6069 2924/5799/5799
f 1483/5970/5970 2955/5834/5834 1482/6162/6162
f 3016/5967/5967 3012/5913/5913 1488/5968/5968
f 1490/5965/5965 2790/5665/5665 2789/5664/5664
f 1491/5962/5962 1492/5956/5956 2807/5682/5682
f 1494/5961/5961 2805/5680/5680 2804/5679/5679
f 1493/5959/5959 1494/5961/5961 2733/5957/5957
f 1492/5956/5956 2724/5960/5960 2726/5924/5924
f 1495/5950/5950 2884/5759/5759 2882/5757/5757
f 1501/5954/5954 2882/5757/5757 2881/5756/5756
f 1499/5953/5953 1500/5955/5955 2856/5731/5731
f 1498/5952/5952 1499/5953/5953 2858/5733/5733
f 2886/5761/5761 2884/5759/5759 1495/5950/5950
f 1502/5948/5948 2605/5944/5944 2604/5949/5949
f 1504/5945/5945 2975/5859/5859 2977/5864/5864
f 1504/5945/5945 2977/5864/5864 2978/5865/5865
f 2605/5944/5944 1502/5948/5948 1503/5942/5942
f 1506/5940/5940 2919/5794/5794 2949/5828/5828
f 1506/5940/5940 2948/5827/5827 1509/5941/5941
f 1509/5941/5941 2948/5827/5827 2946/5825/5825
f 1508/5938/5938 1509/5941/5941 2887/5762/5762
f 2648/5937/5937 2984/5875/5875 3013/5935/5935
f 2699/5934/5934 2700/6225/6225 2873/5748/5748
f 2697/5933/5933 2699/5934/5934 2852/5727/5727
f 2697/5933/5933 2826/5701/5701 2698/5932/5932
f 2698/5932/5932 2826/5701/5701 2824/5699/5699
f 2703/5931/5931 2824/5699/5699 2822/5697/5697
f 2712/5929/5929 2822/5697/5697 2820/5695/5695
f 2711/5927/5927 2817/5692/5692 2815/5690/5690
f 2725/5925/5925 2811/5686/5686 2809/5684/5684
f 1537/5916/5916 1539/5895/5895 2802/5677/5677
f 2766/5920/5920 2802/5677/5677 2800/5675/5675
f 2774/5914/5914 2766/5920/5920 2800/5675/5675
f 3012/5913/5913 3032/6108/6108 2794/5669/5669
f 3011/5912/5912 3043/6179/6179 2787/5662/5662
f 3010/5911/5911 3011/5912/5912 2785/5660/5660
f 3008/5909/5909 3009/5910/5910 2783/5658/5658
f 3008/5909/5909 2782/5657/5657 3007/5908/5908
f 3007/5908/5908 2782/5657/5657 2781/5656/5656
f 3006/5907/5907 2781/5656/5656 2827/5702/5702
f 3004/5905/5905 2827/5702/5702 2853/5728/5728
f 3003/5904/5904 3005/5906/5906 3001/5902/5902
f 3000/5901/5901 3038/6143/6143 2998/5899/5899
f 2997/5898/5898 3046/6256/6256 2941/5820/5820
f 2996/5897/5897 2997/5898/5898 2940/5819/5819
f 2996/5897/5897 2972/5851/5851 3045/6212/6212
f 2607/5896/5896 2603/5946/5946 2978/5865/5865
f 1539/5895/5895 1538/6062/6062 2840/5715/5715
f 2995/5894/5894 2994/5892/5892 1532/5891/5891
f 2994/5892/5892 2993/5890/5890 1531/5889/5889
f 2993/5890/5890 2992/5888/5888 1530/5887/5887
f 2992/5888/5888 2991/5886/5886 1529/5885/5885
f 2991/5886/5886 2990/5884/5884 1528/5883/5883
f 2990/5884/5884 2989/5882/5882 1526/5881/5881
f 2989/5882/5882 3036/6134/6134 1527/5880/5880
f 2988/5879/5879 3027/6038/6038 2987/5878/5878
f 2968/5847/5847 3023/6021/6021 2986/5877/5877
f 2965/5844/5844 3017/5975/5975 2985/5876/5876
f 2962/5841/5841 3013/5935/5935 2984/5875/5875
f 2983/5874/5874 3029/6078/6078 2982/5873/5873
f 2951/5830/5830 3031/6083/6083 2981/5870/5870
f 1513/5871/5871 1510/5872/5872 2981/5870/5870
f 2979/5866/5866 2980/5867/5867 2978/5865/5865
f 2947/5826/5826 2978/5865/5865 2977/5864/5864
f 2945/5824/5824 2977/5864/5864 2975/5859/5859
f 1476/5863/5863 1477/5860/5860 2975/5859/5859
f 2974/5857/5857 2976/5861/5861 2973/5854/5854
f 1473/5855/5855 1474/5856/5856 2973/5854/5854
f 2971/5850/5850 2988/5879/5879 2970/5849/5849
f 2969/5848/5848 3022/6018/6018 2968/5847/5847
f 2935/5814/5814 2968/5847/5847 2967/5846/5846
f 2933/5808/5808 2967/5846/5846 2966/5845/5845
f 2934/5811/5811 2966/5845/5845 2965/5844/5844
f 2932/5807/5807 2965/5844/5844 2964/5843/5843
f 2963/5842/5842 3044/6196/6196 2962/5841/5841
f 2929/5804/5804 2962/5841/5841 2961/5840/5840
f 2960/5839/5839 3019/5982/5982 2959/5838/5838
f 2958/5837/5837 3034/6117/6117 2957/5836/5836
f 2956/5835/5835 2957/5836/5836 2955/5834/5834
f 2954/5833/5833 2983/5874/5874 2953/5832/5832
f 2922/5797/5797 2953/5832/5832 2952/5831/5831
f 2921/5796/5796 2952/5831/5831 2951/5830/5830
f 2950/5829/5829 2951/5830/5830 2949/5828/5828
f 2948/5827/5827 2979/5866/5866 2947/5826/5826
f 2946/5825/5825 2947/5826/5826 2945/5824/5824
f 2918/5793/5793 2945/5824/5824 2944/5823/5823
f 2943/5822/5822 2974/5857/5857 2942/5821/5821
f 2914/5789/5789 2942/5821/5821 2940/5819/5819
f 2939/5818/5818 2971/5850/5850 2937/5816/5816
f 2936/5815/5815 2969/5848/5848 2935/5814/5814
f 2912/5787/5787 2935/5814/5814 2933/5808/5808
f 1441/5810/5810 2911/5786/5786 2933/5808/5808
f 2909/5784/5784 2934/5811/5811 2932/5807/5807
f 2907/5782/5782 2932/5807/5807 2931/5806/5806
f 2930/5805/5805 2963/5842/5842 2929/5804/5804
f 2903/5778/5778 2929/5804/5804 2928/5803/5803
f 2927/5802/5802 2960/5839/5839 2926/5801/5801
f 2925/5800/5800 2956/5835/5835 2924/5799/5799
f 2923/5798/5798 2954/5833/5833 2922/5797/5797
f 2893/5768/5768 2922/5797/5797 2921/5796/5796
f 2920/5795/5795 2950/5829/5829 2919/5794/5794
f 2885/5760/5760 2946/5825/5825 2918/5793/5793
f 2883/5758/5758 2918/5793/5793 2917/5792/5792
f 2916/5791/5791 2943/5822/5822 2914/5789/5789
f 2913/5788/5788 2936/5815/5815 2912/5787/5787
f 2879/5754/5754 2912/5787/5787 2911/5786/5786
f 2910/5785/5785 2911/5786/5786 2909/5784/5784
f 2908/5783/5783 2909/5784/5784 2907/5782/5782
f 2878/5753/5753 2907/5782/5782 2905/5780/5780
f 2904/5779/5779 2930/5805/5805 2903/5778/5778
f 2902/5777/5777 2903/5778/5778 2900/5775/5775
f 2899/5774/5774 2927/5802/5802 2897/5772/5772
f 2896/5771/5771 2925/5800/5800 2895/5770/5770
f 2894/5769/5769 2923/5798/5798 2893/5768/5768
f 2892/5767/5767 2893/5768/5768 2891/5766/5766
f 2890/5765/5765 2920/5795/5795 2889/5764/5764
f 2888/5763/5763 2889/5764/5764 2887/5762/5762
f 2886/5761/5761 2887/5762/5762 2885/5760/5760
f 2884/5759/5759 2885/5760/5760 2883/5758/5758
f 2882/5757/5757 2883/5758/5758 2880/5755/5755
f 2871/5746/5746 2913/5788/5788 2879/5754/5754
f 2868/5743/5743 2908/5783/5783 2878/5753/5753
f 2877/5752/5752 2896/5771/5771 2876/5751/5751
f 2875/5750/5750 2892/5767/5767 2874/5749/5749
f 2873/5748/5748 3026/6030/6030 2872/5747/5747
f 2851/5726/5726 2872/5747/5747 2871/5746/5746
f 2850/5725/5725 2871/5746/5746 2870/5745/5745
f 2849/5724/5724 2870/5745/5745 2869/5744/5744
f 2848/5723/5723 2869/5744/5744 2868/5743/5743
f 2867/5742/5742 2868/5743/5743 2866/5741/5741
f 2846/5721/5721 2866/5741/5741 2865/5740/5740
f 2839/5714/5714 2877/5752/5752 2864/5739/5739
f 2836/5711/5711 2875/5750/5750 2863/5738/5738
f 2835/5710/5710 2863/5738/5738 2862/5737/5737
f 2834/5709/5709 2862/5737/5737 2861/5736/5736
f 2833/5708/5708 2861/5736/5736 2860/5735/5735
f 2859/5734/5734 2860/5735/5735 2858/5733/5733
f 2857/5732/5732 2858/5733/5733 2856/5731/5731
f 2831/5706/5706 2856/5731/5731 2855/5730/5730
f 2829/5704/5704 2855/5730/5730 2854/5729/5729
f 2828/5703/5703 2854/5729/5729 2853/5728/5728
f 2852/5727/5727 2873/5748/5748 2851/5726/5726
f 2825/5700/5700 2851/5726/5726 2850/5725/5725
f 2823/5698/5698 2850/5725/5725 2849/5724/5724
f 2821/5696/5696 2849/5724/5724 2848/5723/5723
f 2847/5722/5722 2867/5742/5742 2846/5721/5721
f 2816/5691/5691 2846/5721/5721 2845/5720/5720
f 2814/5689/5689 2845/5720/5720 2844/5719/5719
f 2812/5687/5687 2844/5719/5719 2843/5718/5718
f 2810/5685/5685 2843/5718/5718 2842/5717/5717
f 2808/5683/5683 2842/5717/5717 2841/5716/5716
f 2840/5715/5715 3028/6063/6063 2839/5714/5714
f 2801/5676/5676 2839/5714/5714 2838/5713/5713
f 2799/5674/5674 2838/5713/5713 2837/5712/5712
f 2797/5672/5672 2837/5712/5712 2836/5711/5711
f 2795/5670/5670 2836/5711/5711 2835/5710/5710
f 2793/5668/5668 2835/5710/5710 2834/5709/5709
f 2791/5666/5666 2834/5709/5709 2833/5708/5708
f 2832/5707/5707 2857/5732/5732 2831/5706/5706
f 2830/5705/5705 2831/5706/5706 2829/5704/5704
f 2786/5661/5661 2829/5704/5704 2828/5703/5703
f 2784/5659/5659 2828/5703/5703 2827/5702/5702
f 2826/5701/5701 2852/5727/5727 2825/5700/5700
f 2824/5699/5699 2825/5700/5700 2823/5698/5698
f 2822/5697/5697 2823/5698/5698 2821/5696/5696
f 2820/5695/5695 2821/5696/5696 2818/5693/5693
f 2817/5692/5692 2847/5722/5722 2816/5691/5691
f 2815/5690/5690 2816/5691/5691 2814/5689/5689
f 2813/5688/5688 2814/5689/5689 2812/5687/5687
f 2811/5686/5686 2812/5687/5687 2810/5685/5685
f 2809/5684/5684 2810/5685/5685 2808/5683/5683
f 2807/5682/5682 2808/5683/5683 2806/5681/5681
f 2805/5680/5680 2806/5681/5681 2803/5678/5678
f 2802/5677/5677 2840/5715/5715 2801/5676/5676
f 2800/5675/5675 2801/5676/5676 2799/5674/5674
f 2798/5673/5673 2799/5674/5674 2797/5672/5672
f 2796/5671/5671 2797/5672/5672 2795/5670/5670
f 2794/5669/5669 2795/5670/5670 2793/5668/5668
f 2792/5667/5667 2793/5668/5668 2791/5666/5666
f 2790/5665/5665 2791/5666/5666 2788/5663/5663
f 2787/5662/5662 2830/5705/5705 2786/5661/5661
f 2785/5660/5660 2786/5661/5661 2784/5659/5659
f 2783/5658/5658 2784/5659/5659 2781/5656/5656
f 2619/6260/6260 3045/6261/6261 2614/6262/6262
f 3047/6263/6263 3046/6264/6264 2997/6265/6265
f 3047/6263/6263 3038/6266/6266 3000/6267/6267
f 2619/6260/6260 2996/6268/6268 3045/6261/6261
f 2997/6265/6265 2619/6260/6260 3047/6263/6263
f 3047/6263/6263 3002/6269/6269 3038/6266/6266
f 3003/6270/6270 3002/6269/6269 3047/6263/6263
f 2997/6265/6265 2996/6268/6268 2619/6260/6260
f 3047/6263/6263 3048/6271/6271 3003/6270/6270
f 3000/6267/6267 3046/6264/6264 3047/6263/6263
f 2614/6262/6262 2615/6272/6272 2619/6260/6260
f 2779/6273/6273 2775/6274/6274 3033/6275/6275
f 3049/6276/6276 3033/6275/6275 3032/6277/6277
f 3033/6275/6275 3049/6276/6276 2779/6273/6273
f 2779/6273/6273 2776/6278/6278 2775/6274/6274
f 3032/6277/6277 3012/6279/6279 3049/6276/6276
f 3016/6280/6280 3050/6281/6281 3049/6276/6276
f 3012/6279/6279 3016/6280/6280 3049/6276/6276
f 2780/6282/6282 2779/6283/6283 3051/6284/6284
f 2779/6283/6283 3049/6285/6285 3051/6284/6284
f 3051/6284/6284 3052/6286/6286 2780/6282/6282
f 2777/6287/6287 2780/6288/6288 3052/6289/6289
f 2777/6287/6287 2778/6290/6290 2780/6288/6288
f 3052/6289/6289 3053/6291/6291 2777/6287/6287
f 3052/6289/6289 3054/6292/6292 3053/6291/6291
f 2759/6293/6293 1256/6294/6294 1257/6295/6295
f 2759/6293/6293 2768/6296/6296 1255/6297/6297
f 1259/6298/6298 1260/6299/6299 2718/6300/6300
f 2729/6301/6301 2738/6302/6302 1258/6303/6303
f 2749/6304/6304 1257/6295/6295 1258/6303/6303
f 1255/6297/6297 1256/6294/6294 2759/6293/6293
f 1258/6303/6303 1259/6298/6298 2729/6301/6301
f 1257/6295/6295 2749/6304/6304 2759/6293/6293
f 2777/6305/6305 1254/6306/6306 1255/6297/6297
f 1254/6306/6306 2777/6305/6305 3053/6307/6307
f 1258/6303/6303 2738/6302/6302 2749/6304/6304
f 3053/6307/6307 1253/6308/6308 1254/6306/6306
f 1255/6297/6297 2768/6296/6296 2777/6305/6305
f 2718/6300/6300 1260/6299/6299 1261/6309/6309
f 3053/6307/6307 3055/6310/6310 1252/6311/6311
f 1261/6309/6309 2704/6312/6312 2718/6300/6300
f 2704/6312/6312 1261/6309/6309 1262/6313/6313
f 2718/6300/6300 2729/6301/6301 1259/6298/6298
f 2598/6314/6314 2592/6315/6315 1246/6316/6316
f 2598/6314/6314 1248/6317/6317 1249/6318/6318
f 2660/6319/6319 1265/6320/6320 1266/6321/6321
f 2660/6319/6319 2668/6322/6322 1264/6323/6323
f 1252/6311/6311 1253/6308/6308 3053/6307/6307
f 3055/6310/6310 3056/6324/6324 1251/6325/6325
f 2608/6326/6326 1249/6318/6318 1250/6327/6327
f 1249/6318/6318 2608/6326/6326 2598/6314/6314
f 1264/6323/6323 1265/6320/6320 2660/6319/6319
f 2668/6322/6322 2677/6328/6328 1263/6329/6329
f 1251/6325/6325 1252/6311/6311 3055/6310/6310
f 3056/6324/6324 2616/6330/6330 1250/6327/6327
f 1246/6316/6316 1248/6317/6317 2598/6314/6314
f 2592/6315/6315 2581/6331/6331 1247/6332/6332
f 2650/6333/6333 1266/6321/6321 1267/6334/6334
f 1263/6329/6329 1264/6323/6323 2668/6322/6322
f 2691/6335/6335 1262/6313/6313 1263/6329/6329
f 1250/6327/6327 1251/6325/6325 3056/6324/6324
f 1247/6332/6332 1246/6316/6316 2592/6315/6315
f 1247/6332/6332 2581/6331/6331 2569/6336/6336
f 1267/6334/6334 1271/6337/6337 2625/6338/6338
f 1266/6321/6321 2650/6333/6333 2660/6319/6319
f 1262/6313/6313 2691/6335/6335 2704/6312/6312
f 2569/6336/6336 1268/6339/6339 1247/6332/6332
f 1267/6334/6334 2638/6340/6340 2650/6333/6333
f 1250/6327/6327 2616/6330/6330 2608/6326/6326
f 1263/6329/6329 2677/6328/6328 2691/6335/6335
f 2625/6338/6338 2638/6340/6340 1267/6334/6334
f 3057/6341/6341 2618/6342/6342 2616/6343/6343
f 2616/6343/6343 3056/6344/6344 3057/6341/6341
f 3056/6344/6344 3058/6345/6345 3057/6341/6341
f 2618/6342/6342 2617/6346/6346 2616/6343/6343
f 2618/6347/6347 3057/6348/6348 3059/6349/6349
f 3059/6349/6349 2619/6350/6350 2618/6347/6347
f 3059/6349/6349 3047/6351/6351 2619/6350/6350
f 3060/6352/6352 3048/6353/6353 3047/6354/6354
f 3060/6352/6352 3061/6355/6355 3048/6353/6353
f 3047/6354/6354 3059/6356/6356 3060/6352/6352
f 3059/6356/6356 3058/6357/6357 3062/6358/6358
f 3059/6356/6356 3057/6359/6359 3058/6357/6357
f 3062/6358/6358 3060/6352/6352 3059/6356/6356
f 3061/6360/6360 3006/6361/6361 3004/6362/6362
f 3063/6363/6363 3009/6364/6364 3008/6365/6365
f 3061/6360/6360 3007/6366/6366 3006/6361/6361
f 3008/6365/6365 3061/6360/6360 3063/6363/6363
f 3008/6365/6365 3007/6366/6366 3061/6360/6360
f 3010/6367/6367 3009/6364/6364 3063/6363/6363
f 3003/6368/6368 3048/6369/6369 3061/6360/6360
f 3063/6363/6363 3064/6370/6370 3010/6367/6367
f 3004/6362/6362 3005/6371/6371 3061/6360/6360
f 3061/6360/6360 3005/6371/6371 3003/6368/6368
f 3065/6372/6372 3062/6373/6373 3056/6374/6374
f 3056/6374/6374 3055/6375/6375 3065/6372/6372
f 3055/6375/6375 3066/6376/6376 3065/6372/6372
f 3062/6373/6373 3058/6377/6377 3056/6374/6374
f 3065/6378/6378 3063/6379/6379 3060/6380/6380
f 3063/6379/6379 3061/6381/6381 3060/6380/6380
f 3060/6380/6380 3062/6382/6382 3065/6378/6378
f 3067/6383/6383 3041/6384/6384 3043/6385/6385
f 3010/6386/6386 3064/6387/6387 3067/6383/6383
f 3067/6383/6383 3042/6388/6388 3041/6384/6384
f 3068/6389/6389 3015/6390/6390 3014/6391/6391
f 3043/6385/6385 3011/6392/6392 3067/6383/6383
f 3014/6391/6391 3067/6383/6383 3068/6389/6389
f 3014/6391/6391 3042/6388/6388 3067/6383/6383
f 3068/6389/6389 3016/6393/6393 3015/6390/6390
f 3067/6383/6383 3011/6392/6392 3010/6386/6386
f 3068/6389/6389 3050/6394/6394 3016/6393/6393
f 3055/6395/6395 3053/6396/6396 3069/6397/6397
f 3069/6397/6397 3070/6398/6398 3055/6395/6395
f 3053/6396/6396 3054/6399/6399 3069/6397/6397
f 3070/6398/6398 3066/6400/6400 3055/6395/6395
f 3066/6401/6401 3070/6402/6402 3067/6403/6403
f 3066/6401/6401 3064/6404/6404 3063/6405/6405
f 3063/6405/6405 3065/6406/6406 3066/6401/6401
f 3067/6403/6403 3064/6404/6404 3066/6401/6401
f 3070/6407/6407 3069/6408/6408 3071/6409/6409
f 3071/6409/6409 3067/6410/6410 3070/6407/6407
f 3071/6409/6409 3068/6411/6411 3067/6410/6410
f 3051/6412/6412 3049/6413/6413 3050/6414/6414
f 3050/6414/6414 3071/6415/6415 3051/6412/6412
f 3050/6414/6414 3068/6416/6416 3071/6415/6415
f 3051/6412/6412 3071/6415/6415 3054/6417/6417
f 3071/6415/6415 3069/6418/6418 3054/6417/6417
f 3054/6417/6417 3052/6419/6419 3051/6412/6412
