ISO-10303-21;
HEADER;

/* File generated by HOOPS Exchange Version 25.8.0 */

FILE_DESCRIPTION(('HOOPS Exchange Step'),'2;1');

FILE_NAME('/home/taki/dev/TrueStrike56/hw/rev2/case/TrueStrike_Case_2026-07-26-192412.step',
'2026-07-26T19:24:14+02:00',
('taki'),
('Unknown organisation'),
'HOOPS Exchange 2025.8',
'HOOPS Exchange',
'Unknown authorisation');

FILE_SCHEMA( ('AP203_CONFIGURATION_CONTROLLED_3D_DESIGN_OF_MECHANICAL_PARTS_AND_ASSEMBLIES_MIM_LF') );

ENDSEC;

DATA;
#3=(NAMED_UNIT(*)PLANE_ANGLE_UNIT()SI_UNIT($,.RADIAN.));
#4=PLANE_ANGLE_MEASURE_WITH_UNIT(PLANE_ANGLE_MEASURE(0.0174532925),#3);
#5=(CONVERSION_BASED_UNIT('DEGREE',#4)NAMED_UNIT(#6)PLANE_ANGLE_UNIT());
#6=DIMENSIONAL_EXPONENTS(0.,0.,0.,0.,0.,0.,0.);
#7=(NAMED_UNIT(*)SI_UNIT($,.STERADIAN.)SOLID_ANGLE_UNIT());
#8=(LENGTH_UNIT()NAMED_UNIT(*)SI_UNIT(.MILLI.,.METRE.));
#9=UNCERTAINTY_MEASURE_WITH_UNIT(LENGTH_MEASURE(1.000000E-03),#8,'DISTANCE_ACCURACY_VALUE','Maximum Tolerance applied to model');
#10=(GEOMETRIC_REPRESENTATION_CONTEXT(3)GLOBAL_UNCERTAINTY_ASSIGNED_CONTEXT((#9))GLOBAL_UNIT_ASSIGNED_CONTEXT((#8,#5,#7))REPRESENTATION_CONTEXT('','root'));
#12=CARTESIAN_POINT('',(0.,0.,0.));
#13=DIRECTION('',(0.,0.,1.));
#14=DIRECTION('',(1.,0.,0.));
#15=AXIS2_PLACEMENT_3D('TS3D_PRODUCT_CSYS',#12,#13,#14);
#26=(NAMED_UNIT(*)PLANE_ANGLE_UNIT()SI_UNIT($,.RADIAN.));
#27=PLANE_ANGLE_MEASURE_WITH_UNIT(PLANE_ANGLE_MEASURE(0.0174532925),#26);
#28=(CONVERSION_BASED_UNIT('DEGREE',#27)NAMED_UNIT(#29)PLANE_ANGLE_UNIT());
#29=DIMENSIONAL_EXPONENTS(0.,0.,0.,0.,0.,0.,0.);
#30=(NAMED_UNIT(*)SI_UNIT($,.STERADIAN.)SOLID_ANGLE_UNIT());
#31=(LENGTH_UNIT()NAMED_UNIT(*)SI_UNIT(.MILLI.,.METRE.));
#32=UNCERTAINTY_MEASURE_WITH_UNIT(LENGTH_MEASURE(1.000000E-05),#31,'DISTANCE_ACCURACY_VALUE','Maximum Tolerance applied to model');
#33=(GEOMETRIC_REPRESENTATION_CONTEXT(3)GLOBAL_UNCERTAINTY_ASSIGNED_CONTEXT((#32))GLOBAL_UNIT_ASSIGNED_CONTEXT((#31,#28,#30))REPRESENTATION_CONTEXT('','0'));
#45=CARTESIAN_POINT('',(0.,0.,0.));
#46=DIRECTION('',(0.,0.,1.));
#47=DIRECTION('',(1.,0.,-0.));
#48=AXIS2_PLACEMENT_3D('',#45,#46,#47);
#49=ITEM_DEFINED_TRANSFORMATION('','',#48,#15);
#50=(REPRESENTATION_RELATIONSHIP('','',#35,#16)REPRESENTATION_RELATIONSHIP_WITH_TRANSFORMATION(#49)SHAPE_REPRESENTATION_RELATIONSHIP());
#51=NEXT_ASSEMBLY_USAGE_OCCURRENCE('case_1','case','case',#25,#44,$);
#52=PRODUCT_DEFINITION_SHAPE('','',#51);
#53=CONTEXT_DEPENDENT_SHAPE_REPRESENTATION(#50,#52);
#55=CARTESIAN_POINT('',(-12.030760165,46.048023798,0.694064408));
#56=DIRECTION('',(0.193857876,0.981029624,0.));
#57=DIRECTION('',(-0.981029624,0.193857876,0.));
#58=AXIS2_PLACEMENT_3D('',#55,#56,#57);
#59=PLANE('',#58);
#60=CARTESIAN_POINT('',(-5.36328468,44.730486996,-1.509087113));
#61=VERTEX_POINT('',#60);
#62=CARTESIAN_POINT('',(-5.36328468,44.730486996,-3.407207682));
#63=VERTEX_POINT('',#62);
#64=CARTESIAN_POINT('',(-5.36328468,44.730486996,-1.509087113));
#65=DIRECTION('',(0.,0.,-1.));
#66=VECTOR('',#65,1.898120568);
#67=LINE('',#64,#66);
#68=EDGE_CURVE('',#61,#63,#67,.T.);
#69=ORIENTED_EDGE('',*,*,#68,.F.);
#70=CARTESIAN_POINT('',(-7.36328468,45.125700089,-1.509087113));
#71=VERTEX_POINT('',#70);
#72=CARTESIAN_POINT('',(-5.36328468,44.730486996,-1.509087113));
#73=DIRECTION('',(-0.981029624,0.193857876,0.));
#74=VECTOR('',#73,2.038674419);
#75=LINE('',#72,#74);
#76=EDGE_CURVE('',#61,#71,#75,.T.);
#77=ORIENTED_EDGE('',*,*,#76,.T.);
#78=CARTESIAN_POINT('',(-7.36328468,45.125700089,-3.407207682));
#79=VERTEX_POINT('',#78);
#80=CARTESIAN_POINT('',(-7.36328468,45.125700089,-1.509087113));
#81=DIRECTION('',(0.,0.,-1.));
#82=VECTOR('',#81,1.898120568);
#83=LINE('',#80,#82);
#84=EDGE_CURVE('',#71,#79,#83,.T.);
#85=ORIENTED_EDGE('',*,*,#84,.T.);
#86=CARTESIAN_POINT('',(-8.363848032,45.323417957,-3.407207682));
#87=VERTEX_POINT('',#86);
#88=CARTESIAN_POINT('',(-8.363848032,45.323417957,-3.407207682));
#89=DIRECTION('',(0.981029624,-0.193857876,0.));
#90=VECTOR('',#89,1.019911455);
#91=LINE('',#88,#90);
#92=EDGE_CURVE('',#87,#79,#91,.T.);
#93=ORIENTED_EDGE('',*,*,#92,.F.);
#94=CARTESIAN_POINT('',(-8.363280347,45.323305778,-3.378637852));
#95=VERTEX_POINT('',#94);
#96=CARTESIAN_POINT('',(-8.363848032,45.323417957,-3.407207682));
#97=CARTESIAN_POINT('',(-8.363280347,45.323305778,-3.378637852));
#98=B_SPLINE_CURVE_WITH_KNOTS('',1,(#96,#97),.UNSPECIFIED.,.F.,.F.,(2,2),(0.,0.019046553),.UNSPECIFIED.);
#99=EDGE_CURVE('',#87,#95,#98,.T.);
#100=ORIENTED_EDGE('',*,*,#99,.T.);
#101=CARTESIAN_POINT('',(-8.363280347,45.323305778,-0.507207682));
#102=VERTEX_POINT('',#101);
#103=CARTESIAN_POINT('',(-8.363280347,45.323305778,-0.507207682));
#104=DIRECTION('',(0.,0.,-1.));
#105=VECTOR('',#104,2.871430171);
#106=LINE('',#103,#105);
#107=EDGE_CURVE('',#102,#95,#106,.T.);
#108=ORIENTED_EDGE('',*,*,#107,.F.);
#109=CARTESIAN_POINT('',(0.13186244,43.644609954,-0.507207682));
#110=VERTEX_POINT('',#109);
#111=CARTESIAN_POINT('',(0.13186244,43.644609954,-0.507207682));
#112=DIRECTION('',(-0.981029624,0.193857876,0.));
#113=VECTOR('',#112,8.659415145);
#114=LINE('',#111,#113);
#115=EDGE_CURVE('',#110,#102,#114,.T.);
#116=ORIENTED_EDGE('',*,*,#115,.F.);
#117=CARTESIAN_POINT('',(0.13186244,43.644609954,-1.509087113));
#118=VERTEX_POINT('',#117);
#119=CARTESIAN_POINT('',(0.13186244,43.644609954,-0.507207682));
#120=DIRECTION('',(0.,0.,-1.));
#121=VECTOR('',#120,1.001879432);
#122=LINE('',#119,#121);
#123=EDGE_CURVE('',#110,#118,#122,.T.);
#124=ORIENTED_EDGE('',*,*,#123,.T.);
#125=CARTESIAN_POINT('',(-1.36328468,43.940060812,-1.509087113));
#126=VERTEX_POINT('',#125);
#127=CARTESIAN_POINT('',(0.13186244,43.644609954,-1.509087113));
#128=DIRECTION('',(-0.981029624,0.193857876,0.));
#129=VECTOR('',#128,1.524059094);
#130=LINE('',#127,#129);
#131=EDGE_CURVE('',#118,#126,#130,.T.);
#132=ORIENTED_EDGE('',*,*,#131,.T.);
#133=CARTESIAN_POINT('',(-1.36328468,43.940060812,-3.407207682));
#134=VERTEX_POINT('',#133);
#135=CARTESIAN_POINT('',(-1.36328468,43.940060812,-1.509087113));
#136=DIRECTION('',(0.,0.,-1.));
#137=VECTOR('',#136,1.898120568);
#138=LINE('',#135,#137);
#139=EDGE_CURVE('',#126,#134,#138,.T.);
#140=ORIENTED_EDGE('',*,*,#139,.T.);
#141=CARTESIAN_POINT('',(-2.36328468,44.137667358,-3.407207682));
#142=VERTEX_POINT('',#141);
#143=CARTESIAN_POINT('',(-2.36328468,44.137667358,-3.407207682));
#144=DIRECTION('',(0.981029624,-0.193857876,0.));
#145=VECTOR('',#144,1.01933721);
#146=LINE('',#143,#145);
#147=EDGE_CURVE('',#142,#134,#146,.T.);
#148=ORIENTED_EDGE('',*,*,#147,.F.);
#149=CARTESIAN_POINT('',(-2.36328468,44.137667358,-1.509087113));
#150=VERTEX_POINT('',#149);
#151=CARTESIAN_POINT('',(-2.36328468,44.137667358,-3.407207682));
#152=DIRECTION('',(0.,0.,1.));
#153=VECTOR('',#152,1.898120568);
#154=LINE('',#151,#153);
#155=EDGE_CURVE('',#142,#150,#154,.T.);
#156=ORIENTED_EDGE('',*,*,#155,.T.);
#157=CARTESIAN_POINT('',(-4.36328468,44.53288045,-1.509087113));
#158=VERTEX_POINT('',#157);
#159=CARTESIAN_POINT('',(-2.36328468,44.137667358,-1.509087113));
#160=DIRECTION('',(-0.981029624,0.193857876,0.));
#161=VECTOR('',#160,2.038674419);
#162=LINE('',#159,#161);
#163=EDGE_CURVE('',#150,#158,#162,.T.);
#164=ORIENTED_EDGE('',*,*,#163,.T.);
#165=CARTESIAN_POINT('',(-4.36328468,44.53288045,-3.407207682));
#166=VERTEX_POINT('',#165);
#167=CARTESIAN_POINT('',(-4.36328468,44.53288045,-1.509087113));
#168=DIRECTION('',(0.,0.,-1.));
#169=VECTOR('',#168,1.898120568);
#170=LINE('',#167,#169);
#171=EDGE_CURVE('',#158,#166,#170,.T.);
#172=ORIENTED_EDGE('',*,*,#171,.T.);
#173=CARTESIAN_POINT('',(-5.36328468,44.730486996,-3.407207682));
#174=DIRECTION('',(0.981029624,-0.193857876,0.));
#175=VECTOR('',#174,1.01933721);
#176=LINE('',#173,#175);
#177=EDGE_CURVE('',#63,#166,#176,.T.);
#178=ORIENTED_EDGE('',*,*,#177,.F.);
#179=EDGE_LOOP('',(#69,#77,#85,#93,#100,#108,#116,#124,#132,#140,#148,#156,#164,#172,#178));
#180=FACE_BOUND('',#179,.T.);
#181=ADVANCED_FACE('',(#180),#59,.T.);
#182=CARTESIAN_POINT('',(0.,0.,-3.407207682));
#183=DIRECTION('',(0.,0.,1.));
#184=DIRECTION('',(1.,0.,0.));
#185=AXIS2_PLACEMENT_3D('',#182,#183,#184);
#186=PLANE('',#185);
#187=CARTESIAN_POINT('',(0.123339017,-29.845810039,-3.407207682));
#188=VERTEX_POINT('',#187);
#189=CARTESIAN_POINT('',(1.873339017,-31.595810039,-3.407207682));
#190=VERTEX_POINT('',#189);
#191=CARTESIAN_POINT('',(0.123339017,-31.595810039,-3.407207682));
#192=DIRECTION('',(-0.,-0.,-1.));
#193=DIRECTION('',(1.,0.,-0.));
#194=AXIS2_PLACEMENT_3D('',#191,#192,#193);
#195=CIRCLE('',#194,1.75);
#196=EDGE_CURVE('',#188,#190,#195,.T.);
#197=ORIENTED_EDGE('',*,*,#196,.F.);
#198=CARTESIAN_POINT('',(0.123339017,-31.595810039,-3.407207682));
#199=DIRECTION('',(-0.,-0.,-1.));
#200=DIRECTION('',(1.,0.,-0.));
#201=AXIS2_PLACEMENT_3D('',#198,#199,#200);
#202=CIRCLE('',#201,1.75);
#203=EDGE_CURVE('',#190,#188,#202,.T.);
#204=ORIENTED_EDGE('',*,*,#203,.F.);
#205=EDGE_LOOP('',(#197,#204));
#206=FACE_BOUND('',#205,.T.);
#207=CARTESIAN_POINT('',(106.96421244,-26.424837785,-3.407207682));
#208=VERTEX_POINT('',#207);
#209=CARTESIAN_POINT('',(105.86421244,-26.424837785,-3.407207682));
#210=DIRECTION('',(0.,0.,-1.));
#211=DIRECTION('',(1.,0.,0.));
#212=AXIS2_PLACEMENT_3D('',#209,#210,#211);
#213=CIRCLE('',#212,1.1);
#214=EDGE_CURVE('',#208,#208,#213,.T.);
#215=ORIENTED_EDGE('',*,*,#214,.F.);
#216=EDGE_LOOP('',(#215));
#217=FACE_BOUND('',#216,.T.);
#218=CARTESIAN_POINT('',(-103.68578756,34.925162215,-3.407207682));
#219=VERTEX_POINT('',#218);
#220=CARTESIAN_POINT('',(-104.78578756,34.925162215,-3.407207682));
#221=DIRECTION('',(0.,0.,-1.));
#222=DIRECTION('',(1.,0.,0.));
#223=AXIS2_PLACEMENT_3D('',#220,#221,#222);
#224=CIRCLE('',#223,1.1);
#225=EDGE_CURVE('',#219,#219,#224,.T.);
#226=ORIENTED_EDGE('',*,*,#225,.F.);
#227=EDGE_LOOP('',(#226));
#228=FACE_BOUND('',#227,.T.);
#229=CARTESIAN_POINT('',(-104.88578756,-25.974837785,-3.407207682));
#230=VERTEX_POINT('',#229);
#231=CARTESIAN_POINT('',(-105.98578756,-25.974837785,-3.407207682));
#232=DIRECTION('',(0.,0.,-1.));
#233=DIRECTION('',(1.,0.,0.));
#234=AXIS2_PLACEMENT_3D('',#231,#232,#233);
#235=CIRCLE('',#234,1.1);
#236=EDGE_CURVE('',#230,#230,#235,.T.);
#237=ORIENTED_EDGE('',*,*,#236,.F.);
#238=EDGE_LOOP('',(#237));
#239=FACE_BOUND('',#238,.T.);
#240=CARTESIAN_POINT('',(106.16421244,34.725162215,-3.407207682));
#241=VERTEX_POINT('',#240);
#242=CARTESIAN_POINT('',(105.06421244,34.725162215,-3.407207682));
#243=DIRECTION('',(0.,0.,-1.));
#244=DIRECTION('',(1.,0.,0.));
#245=AXIS2_PLACEMENT_3D('',#242,#243,#244);
#246=CIRCLE('',#245,1.1);
#247=EDGE_CURVE('',#241,#241,#246,.T.);
#248=ORIENTED_EDGE('',*,*,#247,.F.);
#249=EDGE_LOOP('',(#248));
#250=FACE_BOUND('',#249,.T.);
#251=CARTESIAN_POINT('',(30.31421244,27.425162215,-3.407207682));
#252=VERTEX_POINT('',#251);
#253=CARTESIAN_POINT('',(29.21421244,27.425162215,-3.407207682));
#254=DIRECTION('',(0.,0.,-1.));
#255=DIRECTION('',(1.,0.,0.));
#256=AXIS2_PLACEMENT_3D('',#253,#254,#255);
#257=CIRCLE('',#256,1.1);
#258=EDGE_CURVE('',#252,#252,#257,.T.);
#259=ORIENTED_EDGE('',*,*,#258,.F.);
#260=EDGE_LOOP('',(#259));
#261=FACE_BOUND('',#260,.T.);
#262=CARTESIAN_POINT('',(-27.08578756,-31.924837785,-3.407207682));
#263=VERTEX_POINT('',#262);
#264=CARTESIAN_POINT('',(-28.18578756,-31.924837785,-3.407207682));
#265=DIRECTION('',(0.,0.,-1.));
#266=DIRECTION('',(1.,0.,0.));
#267=AXIS2_PLACEMENT_3D('',#264,#265,#266);
#268=CIRCLE('',#267,1.1);
#269=EDGE_CURVE('',#263,#263,#268,.T.);
#270=ORIENTED_EDGE('',*,*,#269,.F.);
#271=EDGE_LOOP('',(#270));
#272=FACE_BOUND('',#271,.T.);
#273=CARTESIAN_POINT('',(-27.83578756,27.675162215,-3.407207682));
#274=VERTEX_POINT('',#273);
#275=CARTESIAN_POINT('',(-28.93578756,27.675162215,-3.407207682));
#276=DIRECTION('',(0.,0.,-1.));
#277=DIRECTION('',(1.,0.,0.));
#278=AXIS2_PLACEMENT_3D('',#275,#276,#277);
#279=CIRCLE('',#278,1.1);
#280=EDGE_CURVE('',#274,#274,#279,.T.);
#281=ORIENTED_EDGE('',*,*,#280,.F.);
#282=EDGE_LOOP('',(#281));
#283=FACE_BOUND('',#282,.T.);
#284=CARTESIAN_POINT('',(29.26421244,-32.124837785,-3.407207682));
#285=VERTEX_POINT('',#284);
#286=CARTESIAN_POINT('',(28.16421244,-32.124837785,-3.407207682));
#287=DIRECTION('',(0.,0.,-1.));
#288=DIRECTION('',(1.,0.,0.));
#289=AXIS2_PLACEMENT_3D('',#286,#287,#288);
#290=CIRCLE('',#289,1.1);
#291=EDGE_CURVE('',#285,#285,#290,.T.);
#292=ORIENTED_EDGE('',*,*,#291,.F.);
#293=EDGE_LOOP('',(#292));
#294=FACE_BOUND('',#293,.T.);
#295=CARTESIAN_POINT('',(103.27991244,54.949362215,-3.407207682));
#296=VERTEX_POINT('',#295);
#297=CARTESIAN_POINT('',(121.647479491,54.123323774,-3.407207682));
#298=VERTEX_POINT('',#297);
#299=CARTESIAN_POINT('',(103.27991244,54.949362215,-3.407207682));
#300=DIRECTION('',(0.998990261,-0.044927254,0.));
#301=VECTOR('',#300,18.386132243);
#302=LINE('',#299,#301);
#303=EDGE_CURVE('',#296,#298,#302,.T.);
#304=ORIENTED_EDGE('',*,*,#303,.T.);
#305=CARTESIAN_POINT('',(122.598776316,53.211152766,-3.407207682));
#306=VERTEX_POINT('',#305);
#307=CARTESIAN_POINT('',(121.602552236,53.124333513,-3.407207682));
#308=DIRECTION('',(-0.,-0.,-1.));
#309=DIRECTION('',(1.,0.,-0.));
#310=AXIS2_PLACEMENT_3D('',#307,#308,#309);
#311=CIRCLE('',#310,1.);
#312=EDGE_CURVE('',#298,#306,#311,.T.);
#313=ORIENTED_EDGE('',*,*,#312,.T.);
#314=CARTESIAN_POINT('',(129.087422536,-21.244055764,-3.407207682));
#315=VERTEX_POINT('',#314);
#316=CARTESIAN_POINT('',(122.598776316,53.211152766,-3.407207682));
#317=DIRECTION('',(0.086819253,-0.99622408,0.));
#318=VECTOR('',#317,74.737411027);
#319=LINE('',#316,#318);
#320=EDGE_CURVE('',#306,#315,#319,.T.);
#321=ORIENTED_EDGE('',*,*,#320,.T.);
#322=CARTESIAN_POINT('',(129.091198456,-21.330875018,-3.407207682));
#323=VERTEX_POINT('',#322);
#324=CARTESIAN_POINT('',(128.091198456,-21.330875018,-3.407207682));
#325=DIRECTION('',(-0.,-0.,-1.));
#326=DIRECTION('',(1.,0.,-0.));
#327=AXIS2_PLACEMENT_3D('',#324,#325,#326);
#328=CIRCLE('',#327,1.);
#329=EDGE_CURVE('',#315,#323,#328,.T.);
#330=ORIENTED_EDGE('',*,*,#329,.T.);
#331=CARTESIAN_POINT('',(128.589771333,-22.197722805,-3.407207682));
#332=VERTEX_POINT('',#331);
#333=CARTESIAN_POINT('',(128.091198456,-21.330875018,-3.407207682));
#334=DIRECTION('',(-0.,-0.,-1.));
#335=DIRECTION('',(1.,0.,-0.));
#336=AXIS2_PLACEMENT_3D('',#333,#334,#335);
#337=CIRCLE('',#336,1.);
#338=EDGE_CURVE('',#323,#332,#337,.T.);
#339=ORIENTED_EDGE('',*,*,#338,.T.);
#340=CARTESIAN_POINT('',(90.48859599,-44.111849928,-3.407207682));
#341=VERTEX_POINT('',#340);
#342=CARTESIAN_POINT('',(128.589771333,-22.197722805,-3.407207682));
#343=DIRECTION('',(-0.866847787,-0.498572877,0.));
#344=VECTOR('',#343,43.953708946);
#345=LINE('',#342,#344);
#346=EDGE_CURVE('',#332,#341,#345,.T.);
#347=ORIENTED_EDGE('',*,*,#346,.T.);
#348=CARTESIAN_POINT('',(90.078369244,-44.241091977,-3.407207682));
#349=VERTEX_POINT('',#348);
#350=CARTESIAN_POINT('',(89.990023113,-43.245002141,-3.407207682));
#351=DIRECTION('',(-0.,-0.,-1.));
#352=DIRECTION('',(1.,0.,-0.));
#353=AXIS2_PLACEMENT_3D('',#350,#351,#352);
#354=CIRCLE('',#353,1.);
#355=EDGE_CURVE('',#341,#349,#354,.T.);
#356=ORIENTED_EDGE('',*,*,#355,.T.);
#357=CARTESIAN_POINT('',(52.14811244,-47.605237785,-3.407207682));
#358=VERTEX_POINT('',#357);
#359=CARTESIAN_POINT('',(90.078369244,-44.241091977,-3.407207682));
#360=DIRECTION('',(-0.996089836,-0.088346131,0.));
#361=VECTOR('',#360,38.079152541);
#362=LINE('',#359,#361);
#363=EDGE_CURVE('',#349,#358,#362,.T.);
#364=ORIENTED_EDGE('',*,*,#363,.T.);
#365=CARTESIAN_POINT('',(33.35931244,-52.648837785,-3.407207682));
#366=VERTEX_POINT('',#365);
#367=CARTESIAN_POINT('',(52.14811244,-47.605237785,-3.407207682));
#368=DIRECTION('',(-0.965808061,-0.259258151,0.));
#369=VECTOR('',#368,19.453968911);
#370=LINE('',#367,#369);
#371=EDGE_CURVE('',#358,#366,#370,.T.);
#372=ORIENTED_EDGE('',*,*,#371,.T.);
#373=CARTESIAN_POINT('',(30.30201244,-53.237337785,-3.407207682));
#374=VERTEX_POINT('',#373);
#375=CARTESIAN_POINT('',(33.35931244,-52.648837785,-3.407207682));
#376=DIRECTION('',(-0.981973213,-0.189020128,0.));
#377=VECTOR('',#376,3.11342505);
#378=LINE('',#375,#377);
#379=EDGE_CURVE('',#366,#374,#378,.T.);
#380=ORIENTED_EDGE('',*,*,#379,.T.);
#381=CARTESIAN_POINT('',(1.63381244,-55.749837785,-3.407207682));
#382=VERTEX_POINT('',#381);
#383=CARTESIAN_POINT('',(30.30201244,-53.237337785,-3.407207682));
#384=DIRECTION('',(-0.99618154,-0.087306009,0.));
#385=VECTOR('',#384,28.778087975);
#386=LINE('',#383,#385);
#387=EDGE_CURVE('',#374,#382,#386,.T.);
#388=ORIENTED_EDGE('',*,*,#387,.T.);
#389=CARTESIAN_POINT('',(-1.72748756,-55.725437785,-3.407207682));
#390=VERTEX_POINT('',#389);
#391=CARTESIAN_POINT('',(-1.72748756,-55.725437785,-3.407207682));
#392=DIRECTION('',(0.999973654,-0.007258905,0.));
#393=VECTOR('',#392,3.36138856);
#394=LINE('',#391,#393);
#395=EDGE_CURVE('',#390,#382,#394,.T.);
#396=ORIENTED_EDGE('',*,*,#395,.F.);
#397=CARTESIAN_POINT('',(-30.39578756,-53.212937785,-3.407207682));
#398=VERTEX_POINT('',#397);
#399=CARTESIAN_POINT('',(-1.72748756,-55.725437785,-3.407207682));
#400=DIRECTION('',(-0.996181567,0.087305707,0.));
#401=VECTOR('',#400,28.778187593);
#402=LINE('',#399,#401);
#403=EDGE_CURVE('',#390,#398,#402,.T.);
#404=ORIENTED_EDGE('',*,*,#403,.T.);
#405=CARTESIAN_POINT('',(-33.45078756,-52.512737785,-3.407207682));
#406=VERTEX_POINT('',#405);
#407=CARTESIAN_POINT('',(-33.45078756,-52.512737785,-3.407207682));
#408=DIRECTION('',(0.974725661,-0.223405207,0.));
#409=VECTOR('',#408,3.134215219);
#410=LINE('',#407,#409);
#411=EDGE_CURVE('',#406,#398,#410,.T.);
#412=ORIENTED_EDGE('',*,*,#411,.F.);
#413=CARTESIAN_POINT('',(-52.23968756,-47.469237785,-3.407207682));
#414=VERTEX_POINT('',#413);
#415=CARTESIAN_POINT('',(-33.45078756,-52.512737785,-3.407207682));
#416=DIRECTION('',(-0.965809694,0.259252069,0.));
#417=VECTOR('',#416,19.454039567);
#418=LINE('',#415,#417);
#419=EDGE_CURVE('',#406,#414,#418,.T.);
#420=ORIENTED_EDGE('',*,*,#419,.T.);
#421=CARTESIAN_POINT('',(-90.215650796,-44.114195304,-3.407207682));
#422=VERTEX_POINT('',#421);
#423=CARTESIAN_POINT('',(-52.23968756,-47.469237785,-3.407207682));
#424=DIRECTION('',(-0.996120147,0.088003704,0.));
#425=VECTOR('',#424,38.123878262);
#426=LINE('',#423,#425);
#427=EDGE_CURVE('',#414,#422,#426,.T.);
#428=ORIENTED_EDGE('',*,*,#427,.T.);
#429=CARTESIAN_POINT('',(-90.633016106,-43.980978488,-3.407207682));
#430=VERTEX_POINT('',#429);
#431=CARTESIAN_POINT('',(-90.127647092,-43.118075157,-3.407207682));
#432=DIRECTION('',(-0.,-0.,-1.));
#433=DIRECTION('',(1.,0.,-0.));
#434=AXIS2_PLACEMENT_3D('',#431,#432,#433);
#435=CIRCLE('',#434,1.);
#436=EDGE_CURVE('',#422,#430,#435,.T.);
#437=ORIENTED_EDGE('',*,*,#436,.T.);
#438=CARTESIAN_POINT('',(-128.333218224,-21.901432283,-3.407207682));
#439=VERTEX_POINT('',#438);
#440=CARTESIAN_POINT('',(-90.633016106,-43.980978488,-3.407207682));
#441=DIRECTION('',(-0.862903331,0.505369014,0.));
#442=VECTOR('',#441,43.689948504);
#443=LINE('',#440,#442);
#444=EDGE_CURVE('',#430,#439,#443,.T.);
#445=ORIENTED_EDGE('',*,*,#444,.T.);
#446=CARTESIAN_POINT('',(-128.824058455,-20.95153964,-3.407207682));
#447=VERTEX_POINT('',#446);
#448=CARTESIAN_POINT('',(-127.82784921,-21.038528952,-3.407207682));
#449=DIRECTION('',(-0.,-0.,-1.));
#450=DIRECTION('',(1.,0.,-0.));
#451=AXIS2_PLACEMENT_3D('',#448,#449,#450);
#452=CIRCLE('',#451,1.);
#453=EDGE_CURVE('',#439,#447,#452,.T.);
#454=ORIENTED_EDGE('',*,*,#453,.T.);
#455=CARTESIAN_POINT('',(-122.326487322,53.459215842,-3.407207682));
#456=VERTEX_POINT('',#455);
#457=CARTESIAN_POINT('',(-128.824058455,-20.95153964,-3.407207682));
#458=DIRECTION('',(0.086989312,0.996209245,0.));
#459=VECTOR('',#458,74.693901772);
#460=LINE('',#457,#459);
#461=EDGE_CURVE('',#447,#456,#460,.T.);
#462=ORIENTED_EDGE('',*,*,#461,.T.);
#463=CARTESIAN_POINT('',(-121.375205099,54.371216801,-3.407207682));
#464=VERTEX_POINT('',#463);
#465=CARTESIAN_POINT('',(-121.330278077,53.37222653,-3.407207682));
#466=DIRECTION('',(-0.,-0.,-1.));
#467=DIRECTION('',(1.,0.,-0.));
#468=AXIS2_PLACEMENT_3D('',#465,#466,#467);
#469=CIRCLE('',#468,1.);
#470=EDGE_CURVE('',#456,#464,#469,.T.);
#471=ORIENTED_EDGE('',*,*,#470,.T.);
#472=CARTESIAN_POINT('',(-103.00738756,55.197262215,-3.407207682));
#473=VERTEX_POINT('',#472);
#474=CARTESIAN_POINT('',(-121.375205099,54.371216801,-3.407207682));
#475=DIRECTION('',(0.998990272,0.044927021,0.));
#476=VECTOR('',#475,18.386382792);
#477=LINE('',#474,#476);
#478=EDGE_CURVE('',#464,#473,#477,.T.);
#479=ORIENTED_EDGE('',*,*,#478,.T.);
#480=CARTESIAN_POINT('',(-83.95298756,54.791462215,-3.407207682));
#481=VERTEX_POINT('',#480);
#482=CARTESIAN_POINT('',(-103.00738756,55.197262215,-3.407207682));
#483=DIRECTION('',(0.999773298,-0.02129209,0.));
#484=VECTOR('',#483,19.058720655);
#485=LINE('',#482,#484);
#486=EDGE_CURVE('',#473,#481,#485,.T.);
#487=ORIENTED_EDGE('',*,*,#486,.T.);
#488=CARTESIAN_POINT('',(-64.84868756,54.394462215,-3.407207682));
#489=VERTEX_POINT('',#488);
#490=CARTESIAN_POINT('',(-83.95298756,54.791462215,-3.407207682));
#491=DIRECTION('',(0.999784152,-0.020776176,0.));
#492=VECTOR('',#491,19.108424516);
#493=LINE('',#490,#492);
#494=EDGE_CURVE('',#481,#489,#493,.T.);
#495=ORIENTED_EDGE('',*,*,#494,.T.);
#496=CARTESIAN_POINT('',(-45.88278756,52.735062215,-3.407207682));
#497=VERTEX_POINT('',#496);
#498=CARTESIAN_POINT('',(-64.84868756,54.394462215,-3.407207682));
#499=DIRECTION('',(0.996194248,-0.087160891,0.));
#500=VECTOR('',#499,19.038355264);
#501=LINE('',#498,#500);
#502=EDGE_CURVE('',#489,#497,#501,.T.);
#503=ORIENTED_EDGE('',*,*,#502,.T.);
#504=CARTESIAN_POINT('',(-45.88278756,52.735062215,-3.407207682));
#505=DIRECTION('',(0.981029624,-0.193857876,0.));
#506=VECTOR('',#505,38.243996766);
#507=LINE('',#504,#506);
#508=EDGE_CURVE('',#497,#87,#507,.T.);
#509=ORIENTED_EDGE('',*,*,#508,.T.);
#510=ORIENTED_EDGE('',*,*,#92,.T.);
#511=CARTESIAN_POINT('',(-7.36328468,1.7,-3.407207682));
#512=VERTEX_POINT('',#511);
#513=CARTESIAN_POINT('',(-7.36328468,1.7,-3.407207682));
#514=DIRECTION('',(0.,1.,0.));
#515=VECTOR('',#514,43.425700089);
#516=LINE('',#513,#515);
#517=EDGE_CURVE('',#512,#79,#516,.T.);
#518=ORIENTED_EDGE('',*,*,#517,.F.);
#519=CARTESIAN_POINT('',(-6.36328468,0.7,-3.407207682));
#520=VERTEX_POINT('',#519);
#521=CARTESIAN_POINT('',(-6.36328468,1.7,-3.407207682));
#522=DIRECTION('',(0.,0.,1.));
#523=DIRECTION('',(1.,0.,-0.));
#524=AXIS2_PLACEMENT_3D('',#521,#522,#523);
#525=CIRCLE('',#524,1.);
#526=EDGE_CURVE('',#512,#520,#525,.T.);
#527=ORIENTED_EDGE('',*,*,#526,.T.);
#528=CARTESIAN_POINT('',(-5.36328468,1.7,-3.407207682));
#529=VERTEX_POINT('',#528);
#530=CARTESIAN_POINT('',(-6.36328468,1.7,-3.407207682));
#531=DIRECTION('',(0.,0.,1.));
#532=DIRECTION('',(1.,0.,-0.));
#533=AXIS2_PLACEMENT_3D('',#530,#531,#532);
#534=CIRCLE('',#533,1.);
#535=EDGE_CURVE('',#520,#529,#534,.T.);
#536=ORIENTED_EDGE('',*,*,#535,.T.);
#537=CARTESIAN_POINT('',(-5.36328468,1.7,-3.407207682));
#538=DIRECTION('',(0.,1.,0.));
#539=VECTOR('',#538,43.030486996);
#540=LINE('',#537,#539);
#541=EDGE_CURVE('',#529,#63,#540,.T.);
#542=ORIENTED_EDGE('',*,*,#541,.T.);
#543=ORIENTED_EDGE('',*,*,#177,.T.);
#544=CARTESIAN_POINT('',(-4.36328468,1.7,-3.407207682));
#545=VERTEX_POINT('',#544);
#546=CARTESIAN_POINT('',(-4.36328468,1.7,-3.407207682));
#547=DIRECTION('',(0.,1.,0.));
#548=VECTOR('',#547,42.83288045);
#549=LINE('',#546,#548);
#550=EDGE_CURVE('',#545,#166,#549,.T.);
#551=ORIENTED_EDGE('',*,*,#550,.F.);
#552=CARTESIAN_POINT('',(-3.36328468,0.7,-3.407207682));
#553=VERTEX_POINT('',#552);
#554=CARTESIAN_POINT('',(-3.36328468,1.7,-3.407207682));
#555=DIRECTION('',(0.,0.,1.));
#556=DIRECTION('',(1.,0.,-0.));
#557=AXIS2_PLACEMENT_3D('',#554,#555,#556);
#558=CIRCLE('',#557,1.);
#559=EDGE_CURVE('',#545,#553,#558,.T.);
#560=ORIENTED_EDGE('',*,*,#559,.T.);
#561=CARTESIAN_POINT('',(-2.36328468,1.7,-3.407207682));
#562=VERTEX_POINT('',#561);
#563=CARTESIAN_POINT('',(-3.36328468,1.7,-3.407207682));
#564=DIRECTION('',(0.,0.,1.));
#565=DIRECTION('',(1.,0.,-0.));
#566=AXIS2_PLACEMENT_3D('',#563,#564,#565);
#567=CIRCLE('',#566,1.);
#568=EDGE_CURVE('',#553,#562,#567,.T.);
#569=ORIENTED_EDGE('',*,*,#568,.T.);
#570=CARTESIAN_POINT('',(-2.36328468,44.137667358,-3.407207682));
#571=DIRECTION('',(0.,-1.,0.));
#572=VECTOR('',#571,42.437667358);
#573=LINE('',#570,#572);
#574=EDGE_CURVE('',#142,#562,#573,.T.);
#575=ORIENTED_EDGE('',*,*,#574,.F.);
#576=ORIENTED_EDGE('',*,*,#147,.T.);
#577=CARTESIAN_POINT('',(-1.36328468,1.7,-3.407207682));
#578=VERTEX_POINT('',#577);
#579=CARTESIAN_POINT('',(-1.36328468,1.7,-3.407207682));
#580=DIRECTION('',(0.,1.,0.));
#581=VECTOR('',#580,42.240060812);
#582=LINE('',#579,#581);
#583=EDGE_CURVE('',#578,#134,#582,.T.);
#584=ORIENTED_EDGE('',*,*,#583,.F.);
#585=CARTESIAN_POINT('',(-0.36328468,0.7,-3.407207682));
#586=VERTEX_POINT('',#585);
#587=CARTESIAN_POINT('',(-0.36328468,1.7,-3.407207682));
#588=DIRECTION('',(0.,0.,1.));
#589=DIRECTION('',(1.,0.,-0.));
#590=AXIS2_PLACEMENT_3D('',#587,#588,#589);
#591=CIRCLE('',#590,1.);
#592=EDGE_CURVE('',#578,#586,#591,.T.);
#593=ORIENTED_EDGE('',*,*,#592,.T.);
#594=CARTESIAN_POINT('',(0.636719653,0.7,-3.407207682));
#595=VERTEX_POINT('',#594);
#596=CARTESIAN_POINT('',(0.636719653,0.7,-3.407207682));
#597=DIRECTION('',(-1.,0.,0.));
#598=VECTOR('',#597,1.000004333);
#599=LINE('',#596,#598);
#600=EDGE_CURVE('',#595,#586,#599,.T.);
#601=ORIENTED_EDGE('',*,*,#600,.F.);
#602=CARTESIAN_POINT('',(1.636719653,1.7,-3.407207682));
#603=VERTEX_POINT('',#602);
#604=CARTESIAN_POINT('',(0.636719653,1.7,-3.407207682));
#605=DIRECTION('',(0.,0.,1.));
#606=DIRECTION('',(1.,0.,-0.));
#607=AXIS2_PLACEMENT_3D('',#604,#605,#606);
#608=CIRCLE('',#607,1.);
#609=EDGE_CURVE('',#595,#603,#608,.T.);
#610=ORIENTED_EDGE('',*,*,#609,.T.);
#611=CARTESIAN_POINT('',(1.636719653,43.933810527,-3.407207682));
#612=VERTEX_POINT('',#611);
#613=CARTESIAN_POINT('',(1.636719653,1.7,-3.407207682));
#614=DIRECTION('',(0.,1.,0.));
#615=VECTOR('',#614,42.233810527);
#616=LINE('',#613,#615);
#617=EDGE_CURVE('',#603,#612,#616,.T.);
#618=ORIENTED_EDGE('',*,*,#617,.T.);
#619=CARTESIAN_POINT('',(2.636719653,44.125988609,-3.407207682));
#620=VERTEX_POINT('',#619);
#621=CARTESIAN_POINT('',(1.636719653,43.933810527,-3.407207682));
#622=DIRECTION('',(0.982030044,0.18872465,0.));
#623=VECTOR('',#622,1.018298785);
#624=LINE('',#621,#623);
#625=EDGE_CURVE('',#612,#620,#624,.T.);
#626=ORIENTED_EDGE('',*,*,#625,.T.);
#627=CARTESIAN_POINT('',(2.636719653,1.7,-3.407207682));
#628=VERTEX_POINT('',#627);
#629=CARTESIAN_POINT('',(2.636719653,44.125988609,-3.407207682));
#630=DIRECTION('',(0.,-1.,0.));
#631=VECTOR('',#630,42.425988609);
#632=LINE('',#629,#631);
#633=EDGE_CURVE('',#620,#628,#632,.T.);
#634=ORIENTED_EDGE('',*,*,#633,.T.);
#635=CARTESIAN_POINT('',(3.636719653,0.7,-3.407207682));
#636=VERTEX_POINT('',#635);
#637=CARTESIAN_POINT('',(3.636719653,1.7,-3.407207682));
#638=DIRECTION('',(0.,0.,1.));
#639=DIRECTION('',(1.,0.,-0.));
#640=AXIS2_PLACEMENT_3D('',#637,#638,#639);
#641=CIRCLE('',#640,1.);
#642=EDGE_CURVE('',#628,#636,#641,.T.);
#643=ORIENTED_EDGE('',*,*,#642,.T.);
#644=CARTESIAN_POINT('',(4.636719653,1.7,-3.407207682));
#645=VERTEX_POINT('',#644);
#646=CARTESIAN_POINT('',(3.636719653,1.7,-3.407207682));
#647=DIRECTION('',(0.,0.,1.));
#648=DIRECTION('',(1.,0.,-0.));
#649=AXIS2_PLACEMENT_3D('',#646,#647,#648);
#650=CIRCLE('',#649,1.);
#651=EDGE_CURVE('',#636,#645,#650,.T.);
#652=ORIENTED_EDGE('',*,*,#651,.T.);
#653=CARTESIAN_POINT('',(4.636719653,44.510344773,-3.407207682));
#654=VERTEX_POINT('',#653);
#655=CARTESIAN_POINT('',(4.636719653,44.510344773,-3.407207682));
#656=DIRECTION('',(0.,-1.,0.));
#657=VECTOR('',#656,42.810344773);
#658=LINE('',#655,#657);
#659=EDGE_CURVE('',#654,#645,#658,.T.);
#660=ORIENTED_EDGE('',*,*,#659,.F.);
#661=CARTESIAN_POINT('',(5.636719653,44.702522855,-3.407207682));
#662=VERTEX_POINT('',#661);
#663=CARTESIAN_POINT('',(4.636719653,44.510344773,-3.407207682));
#664=DIRECTION('',(0.982030044,0.18872465,0.));
#665=VECTOR('',#664,1.018298785);
#666=LINE('',#663,#665);
#667=EDGE_CURVE('',#654,#662,#666,.T.);
#668=ORIENTED_EDGE('',*,*,#667,.T.);
#669=CARTESIAN_POINT('',(5.636719653,1.7,-3.407207682));
#670=VERTEX_POINT('',#669);
#671=CARTESIAN_POINT('',(5.636719653,1.7,-3.407207682));
#672=DIRECTION('',(0.,1.,0.));
#673=VECTOR('',#672,43.002522855);
#674=LINE('',#671,#673);
#675=EDGE_CURVE('',#670,#662,#674,.T.);
#676=ORIENTED_EDGE('',*,*,#675,.F.);
#677=CARTESIAN_POINT('',(6.636719653,0.7,-3.407207682));
#678=VERTEX_POINT('',#677);
#679=CARTESIAN_POINT('',(6.636719653,1.7,-3.407207682));
#680=DIRECTION('',(0.,0.,1.));
#681=DIRECTION('',(1.,0.,-0.));
#682=AXIS2_PLACEMENT_3D('',#679,#680,#681);
#683=CIRCLE('',#682,1.);
#684=EDGE_CURVE('',#670,#678,#683,.T.);
#685=ORIENTED_EDGE('',*,*,#684,.T.);
#686=CARTESIAN_POINT('',(7.636719653,1.7,-3.407207682));
#687=VERTEX_POINT('',#686);
#688=CARTESIAN_POINT('',(6.636719653,1.7,-3.407207682));
#689=DIRECTION('',(0.,0.,1.));
#690=DIRECTION('',(1.,0.,-0.));
#691=AXIS2_PLACEMENT_3D('',#688,#689,#690);
#692=CIRCLE('',#691,1.);
#693=EDGE_CURVE('',#678,#687,#692,.T.);
#694=ORIENTED_EDGE('',*,*,#693,.T.);
#695=CARTESIAN_POINT('',(7.636719653,45.086879019,-3.407207682));
#696=VERTEX_POINT('',#695);
#697=CARTESIAN_POINT('',(7.636719653,1.7,-3.407207682));
#698=DIRECTION('',(0.,1.,0.));
#699=VECTOR('',#698,43.386879019);
#700=LINE('',#697,#699);
#701=EDGE_CURVE('',#687,#696,#700,.T.);
#702=ORIENTED_EDGE('',*,*,#701,.T.);
#703=CARTESIAN_POINT('',(46.134811852,52.48536854,-3.407207682));
#704=VERTEX_POINT('',#703);
#705=CARTESIAN_POINT('',(7.636719653,45.086879019,-3.407207682));
#706=DIRECTION('',(0.982030044,0.18872465,0.));
#707=VECTOR('',#706,39.202560506);
#708=LINE('',#705,#707);
#709=EDGE_CURVE('',#696,#704,#708,.T.);
#710=ORIENTED_EDGE('',*,*,#709,.T.);
#711=CARTESIAN_POINT('',(65.12121244,54.146562215,-3.407207682));
#712=VERTEX_POINT('',#711);
#713=CARTESIAN_POINT('',(46.134811852,52.48536854,-3.407207682));
#714=DIRECTION('',(0.996194248,0.087160891,0.));
#715=VECTOR('',#714,19.058934171);
#716=LINE('',#713,#715);
#717=EDGE_CURVE('',#704,#712,#716,.T.);
#718=ORIENTED_EDGE('',*,*,#717,.T.);
#719=CARTESIAN_POINT('',(84.17551244,54.552362215,-3.407207682));
#720=VERTEX_POINT('',#719);
#721=CARTESIAN_POINT('',(65.12121244,54.146562215,-3.407207682));
#722=DIRECTION('',(0.999773295,0.021292202,0.));
#723=VECTOR('',#722,19.058620678);
#724=LINE('',#721,#723);
#725=EDGE_CURVE('',#712,#720,#724,.T.);
#726=ORIENTED_EDGE('',*,*,#725,.T.);
#727=CARTESIAN_POINT('',(84.17551244,54.552362215,-3.407207682));
#728=DIRECTION('',(0.999784154,0.020776068,0.));
#729=VECTOR('',#728,19.108524495);
#730=LINE('',#727,#729);
#731=EDGE_CURVE('',#720,#296,#730,.T.);
#732=ORIENTED_EDGE('',*,*,#731,.T.);
#733=EDGE_LOOP('',(#304,#313,#321,#330,#339,#347,#356,#364,#372,#380,#388,#396,#404,#412,#420,#428,#437,#445,#454,#462,#471,#479,#487,#495,#503,#509,
#510,#518,#527,#536,#542,#543,#551,#560,#569,#575,#576,#584,#593,#601,#610,#618,#626,#634,#643,#652,#660,#668,#676,#685,#694,
#702,#710,#718,#726,#732));
#734=FACE_BOUND('',#733,.T.);
#735=ADVANCED_FACE('',(#206,#217,#228,#239,#250,#261,#272,#283,#294,#734),#186,.F.);
#736=CARTESIAN_POINT('',(-105.98578756,-25.974837785,-1.407207682));
#737=DIRECTION('',(0.,0.,-1.));
#738=DIRECTION('',(-1.,0.,0.));
#739=AXIS2_PLACEMENT_3D('',#736,#737,#738);
#740=CYLINDRICAL_SURFACE('',#739,1.75);
#741=CARTESIAN_POINT('',(-107.73578756,-25.974837785,-1.907207682));
#742=VERTEX_POINT('',#741);
#743=CARTESIAN_POINT('',(-107.73578756,-25.974837785,-1.407207682));
#744=VERTEX_POINT('',#743);
#745=CARTESIAN_POINT('',(-107.73578756,-25.974837785,-1.907207682));
#746=DIRECTION('',(-0.,-0.,1.));
#747=VECTOR('',#746,0.5);
#748=LINE('',#745,#747);
#749=EDGE_CURVE('',#742,#744,#748,.T.);
#750=ORIENTED_EDGE('',*,*,#749,.F.);
#751=CARTESIAN_POINT('',(-104.23578756,-25.974837785,-1.907207682));
#752=VERTEX_POINT('',#751);
#753=CARTESIAN_POINT('',(-105.98578756,-25.974837785,-1.907207682));
#754=DIRECTION('',(0.,0.,1.));
#755=DIRECTION('',(1.,0.,-0.));
#756=AXIS2_PLACEMENT_3D('',#753,#754,#755);
#757=CIRCLE('',#756,1.75);
#758=EDGE_CURVE('',#752,#742,#757,.T.);
#759=ORIENTED_EDGE('',*,*,#758,.F.);
#760=CARTESIAN_POINT('',(-105.98578756,-25.974837785,-1.907207682));
#761=DIRECTION('',(0.,0.,1.));
#762=DIRECTION('',(1.,0.,-0.));
#763=AXIS2_PLACEMENT_3D('',#760,#761,#762);
#764=CIRCLE('',#763,1.75);
#765=EDGE_CURVE('',#742,#752,#764,.T.);
#766=ORIENTED_EDGE('',*,*,#765,.F.);
#767=ORIENTED_EDGE('',*,*,#749,.T.);
#768=CARTESIAN_POINT('',(-104.23578756,-25.974837785,-1.407207682));
#769=VERTEX_POINT('',#768);
#770=CARTESIAN_POINT('',(-105.98578756,-25.974837785,-1.407207682));
#771=DIRECTION('',(0.,0.,1.));
#772=DIRECTION('',(1.,0.,-0.));
#773=AXIS2_PLACEMENT_3D('',#770,#771,#772);
#774=CIRCLE('',#773,1.75);
#775=EDGE_CURVE('',#744,#769,#774,.T.);
#776=ORIENTED_EDGE('',*,*,#775,.T.);
#777=CARTESIAN_POINT('',(-105.98578756,-25.974837785,-1.407207682));
#778=DIRECTION('',(0.,0.,1.));
#779=DIRECTION('',(1.,0.,-0.));
#780=AXIS2_PLACEMENT_3D('',#777,#778,#779);
#781=CIRCLE('',#780,1.75);
#782=EDGE_CURVE('',#769,#744,#781,.T.);
#783=ORIENTED_EDGE('',*,*,#782,.T.);
#784=EDGE_LOOP('',(#750,#759,#766,#767,#776,#783));
#785=FACE_BOUND('',#784,.T.);
#786=ADVANCED_FACE('',(#785),#740,.F.);
#787=CARTESIAN_POINT('',(-105.98578756,-25.974837785,-1.407207682));
#788=DIRECTION('',(0.,0.,-1.));
#789=DIRECTION('',(-1.,0.,0.));
#790=AXIS2_PLACEMENT_3D('',#787,#788,#789);
#791=CYLINDRICAL_SURFACE('',#790,4.5);
#792=CARTESIAN_POINT('',(-110.48578756,-25.974837785,-1.907207682));
#793=VERTEX_POINT('',#792);
#794=CARTESIAN_POINT('',(-110.48578756,-25.974837785,-1.407207682));
#795=VERTEX_POINT('',#794);
#796=CARTESIAN_POINT('',(-110.48578756,-25.974837785,-1.907207682));
#797=DIRECTION('',(-0.,-0.,1.));
#798=VECTOR('',#797,0.5);
#799=LINE('',#796,#798);
#800=EDGE_CURVE('',#793,#795,#799,.T.);
#801=ORIENTED_EDGE('',*,*,#800,.T.);
#802=CARTESIAN_POINT('',(-101.576468419,-25.076002585,-1.407207682));
#803=VERTEX_POINT('',#802);
#804=CARTESIAN_POINT('',(-105.98578756,-25.974837785,-1.407207682));
#805=DIRECTION('',(0.,-0.,1.));
#806=DIRECTION('',(0.979848698,0.199741155,0.));
#807=AXIS2_PLACEMENT_3D('',#804,#805,#806);
#808=CIRCLE('',#807,4.5);
#809=EDGE_CURVE('',#803,#795,#808,.T.);
#810=ORIENTED_EDGE('',*,*,#809,.F.);
#811=CARTESIAN_POINT('',(-105.98578756,-25.974837785,-1.407207682));
#812=DIRECTION('',(0.,-0.,1.));
#813=DIRECTION('',(0.979848698,0.199741155,0.));
#814=AXIS2_PLACEMENT_3D('',#811,#812,#813);
#815=CIRCLE('',#814,4.5);
#816=EDGE_CURVE('',#795,#803,#815,.T.);
#817=ORIENTED_EDGE('',*,*,#816,.F.);
#818=ORIENTED_EDGE('',*,*,#800,.F.);
#819=CARTESIAN_POINT('',(-101.48578756,-25.974837785,-1.907207682));
#820=VERTEX_POINT('',#819);
#821=CARTESIAN_POINT('',(-105.98578756,-25.974837785,-1.907207682));
#822=DIRECTION('',(0.,0.,1.));
#823=DIRECTION('',(1.,0.,-0.));
#824=AXIS2_PLACEMENT_3D('',#821,#822,#823);
#825=CIRCLE('',#824,4.5);
#826=EDGE_CURVE('',#793,#820,#825,.T.);
#827=ORIENTED_EDGE('',*,*,#826,.T.);
#828=CARTESIAN_POINT('',(-105.98578756,-25.974837785,-1.907207682));
#829=DIRECTION('',(0.,0.,1.));
#830=DIRECTION('',(1.,0.,-0.));
#831=AXIS2_PLACEMENT_3D('',#828,#829,#830);
#832=CIRCLE('',#831,4.5);
#833=EDGE_CURVE('',#820,#793,#832,.T.);
#834=ORIENTED_EDGE('',*,*,#833,.T.);
#835=EDGE_LOOP('',(#801,#810,#817,#818,#827,#834));
#836=FACE_BOUND('',#835,.T.);
#837=ADVANCED_FACE('',(#836),#791,.T.);
#838=CARTESIAN_POINT('',(0.13186244,-0.276287785,-1.407207682));
#839=DIRECTION('',(0.,0.,1.));
#840=DIRECTION('',(1.,0.,0.));
#841=AXIS2_PLACEMENT_3D('',#838,#839,#840);
#842=PLANE('',#841);
#843=ORIENTED_EDGE('',*,*,#775,.F.);
#844=ORIENTED_EDGE('',*,*,#782,.F.);
#845=EDGE_LOOP('',(#843,#844));
#846=FACE_BOUND('',#845,.T.);
#847=ORIENTED_EDGE('',*,*,#809,.T.);
#848=ORIENTED_EDGE('',*,*,#816,.T.);
#849=EDGE_LOOP('',(#847,#848));
#850=FACE_BOUND('',#849,.T.);
#851=ADVANCED_FACE('',(#846,#850),#842,.T.);
#852=CARTESIAN_POINT('',(0.,0.,-1.907207682));
#853=DIRECTION('',(0.,0.,1.));
#854=DIRECTION('',(1.,0.,0.));
#855=AXIS2_PLACEMENT_3D('',#852,#853,#854);
#856=PLANE('',#855);
#857=CARTESIAN_POINT('',(-104.88578756,-25.974837785,-1.907207682));
#858=VERTEX_POINT('',#857);
#859=CARTESIAN_POINT('',(-105.98578756,-25.974837785,-1.907207682));
#860=DIRECTION('',(0.,0.,-1.));
#861=DIRECTION('',(1.,0.,0.));
#862=AXIS2_PLACEMENT_3D('',#859,#860,#861);
#863=CIRCLE('',#862,1.1);
#864=EDGE_CURVE('',#858,#858,#863,.T.);
#865=ORIENTED_EDGE('',*,*,#864,.T.);
#866=EDGE_LOOP('',(#865));
#867=FACE_BOUND('',#866,.T.);
#868=ORIENTED_EDGE('',*,*,#758,.T.);
#869=ORIENTED_EDGE('',*,*,#765,.T.);
#870=EDGE_LOOP('',(#868,#869));
#871=FACE_BOUND('',#870,.T.);
#872=ADVANCED_FACE('',(#867,#871),#856,.T.);
#873=CARTESIAN_POINT('',(-104.78578756,34.925162215,-1.407207682));
#874=DIRECTION('',(0.,0.,-1.));
#875=DIRECTION('',(-1.,0.,0.));
#876=AXIS2_PLACEMENT_3D('',#873,#874,#875);
#877=CYLINDRICAL_SURFACE('',#876,1.75);
#878=CARTESIAN_POINT('',(-106.53578756,34.925162215,-1.907207682));
#879=VERTEX_POINT('',#878);
#880=CARTESIAN_POINT('',(-106.53578756,34.925162215,-1.407207682));
#881=VERTEX_POINT('',#880);
#882=CARTESIAN_POINT('',(-106.53578756,34.925162215,-1.907207682));
#883=DIRECTION('',(-0.,-0.,1.));
#884=VECTOR('',#883,0.5);
#885=LINE('',#882,#884);
#886=EDGE_CURVE('',#879,#881,#885,.T.);
#887=ORIENTED_EDGE('',*,*,#886,.F.);
#888=CARTESIAN_POINT('',(-103.03578756,34.925162215,-1.907207682));
#889=VERTEX_POINT('',#888);
#890=CARTESIAN_POINT('',(-104.78578756,34.925162215,-1.907207682));
#891=DIRECTION('',(0.,0.,1.));
#892=DIRECTION('',(1.,0.,-0.));
#893=AXIS2_PLACEMENT_3D('',#890,#891,#892);
#894=CIRCLE('',#893,1.75);
#895=EDGE_CURVE('',#889,#879,#894,.T.);
#896=ORIENTED_EDGE('',*,*,#895,.F.);
#897=CARTESIAN_POINT('',(-104.78578756,34.925162215,-1.907207682));
#898=DIRECTION('',(0.,0.,1.));
#899=DIRECTION('',(1.,0.,-0.));
#900=AXIS2_PLACEMENT_3D('',#897,#898,#899);
#901=CIRCLE('',#900,1.75);
#902=EDGE_CURVE('',#879,#889,#901,.T.);
#903=ORIENTED_EDGE('',*,*,#902,.F.);
#904=ORIENTED_EDGE('',*,*,#886,.T.);
#905=CARTESIAN_POINT('',(-103.03578756,34.925162215,-1.407207682));
#906=VERTEX_POINT('',#905);
#907=CARTESIAN_POINT('',(-104.78578756,34.925162215,-1.407207682));
#908=DIRECTION('',(0.,0.,1.));
#909=DIRECTION('',(1.,0.,-0.));
#910=AXIS2_PLACEMENT_3D('',#907,#908,#909);
#911=CIRCLE('',#910,1.75);
#912=EDGE_CURVE('',#881,#906,#911,.T.);
#913=ORIENTED_EDGE('',*,*,#912,.T.);
#914=CARTESIAN_POINT('',(-104.78578756,34.925162215,-1.407207682));
#915=DIRECTION('',(0.,0.,1.));
#916=DIRECTION('',(1.,0.,-0.));
#917=AXIS2_PLACEMENT_3D('',#914,#915,#916);
#918=CIRCLE('',#917,1.75);
#919=EDGE_CURVE('',#906,#881,#918,.T.);
#920=ORIENTED_EDGE('',*,*,#919,.T.);
#921=EDGE_LOOP('',(#887,#896,#903,#904,#913,#920));
#922=FACE_BOUND('',#921,.T.);
#923=ADVANCED_FACE('',(#922),#877,.F.);
#924=CARTESIAN_POINT('',(-104.78578756,34.925162215,-1.407207682));
#925=DIRECTION('',(0.,0.,-1.));
#926=DIRECTION('',(-1.,0.,0.));
#927=AXIS2_PLACEMENT_3D('',#924,#925,#926);
#928=CYLINDRICAL_SURFACE('',#927,4.5);
#929=CARTESIAN_POINT('',(-109.28578756,34.925162215,-1.907207682));
#930=VERTEX_POINT('',#929);
#931=CARTESIAN_POINT('',(-109.28578756,34.925162215,-1.407207682));
#932=VERTEX_POINT('',#931);
#933=CARTESIAN_POINT('',(-109.28578756,34.925162215,-1.907207682));
#934=DIRECTION('',(-0.,-0.,1.));
#935=VECTOR('',#934,0.5);
#936=LINE('',#933,#935);
#937=EDGE_CURVE('',#930,#932,#936,.T.);
#938=ORIENTED_EDGE('',*,*,#937,.T.);
#939=CARTESIAN_POINT('',(-100.28578756,34.925162215,-1.407207682));
#940=VERTEX_POINT('',#939);
#941=CARTESIAN_POINT('',(-104.78578756,34.925162215,-1.407207682));
#942=DIRECTION('',(0.,0.,1.));
#943=DIRECTION('',(1.,0.,-0.));
#944=AXIS2_PLACEMENT_3D('',#941,#942,#943);
#945=CIRCLE('',#944,4.5);
#946=EDGE_CURVE('',#940,#932,#945,.T.);
#947=ORIENTED_EDGE('',*,*,#946,.F.);
#948=CARTESIAN_POINT('',(-104.78578756,34.925162215,-1.407207682));
#949=DIRECTION('',(0.,0.,1.));
#950=DIRECTION('',(1.,0.,-0.));
#951=AXIS2_PLACEMENT_3D('',#948,#949,#950);
#952=CIRCLE('',#951,4.5);
#953=EDGE_CURVE('',#932,#940,#952,.T.);
#954=ORIENTED_EDGE('',*,*,#953,.F.);
#955=ORIENTED_EDGE('',*,*,#937,.F.);
#956=CARTESIAN_POINT('',(-100.28578756,34.925162215,-1.907207682));
#957=VERTEX_POINT('',#956);
#958=CARTESIAN_POINT('',(-104.78578756,34.925162215,-1.907207682));
#959=DIRECTION('',(0.,0.,1.));
#960=DIRECTION('',(1.,0.,-0.));
#961=AXIS2_PLACEMENT_3D('',#958,#959,#960);
#962=CIRCLE('',#961,4.5);
#963=EDGE_CURVE('',#930,#957,#962,.T.);
#964=ORIENTED_EDGE('',*,*,#963,.T.);
#965=CARTESIAN_POINT('',(-104.78578756,34.925162215,-1.907207682));
#966=DIRECTION('',(0.,0.,1.));
#967=DIRECTION('',(1.,0.,-0.));
#968=AXIS2_PLACEMENT_3D('',#965,#966,#967);
#969=CIRCLE('',#968,4.5);
#970=EDGE_CURVE('',#957,#930,#969,.T.);
#971=ORIENTED_EDGE('',*,*,#970,.T.);
#972=EDGE_LOOP('',(#938,#947,#954,#955,#964,#971));
#973=FACE_BOUND('',#972,.T.);
#974=ADVANCED_FACE('',(#973),#928,.T.);
#975=CARTESIAN_POINT('',(0.13186244,-0.276287785,-1.407207682));
#976=DIRECTION('',(0.,0.,1.));
#977=DIRECTION('',(1.,0.,0.));
#978=AXIS2_PLACEMENT_3D('',#975,#976,#977);
#979=PLANE('',#978);
#980=ORIENTED_EDGE('',*,*,#912,.F.);
#981=ORIENTED_EDGE('',*,*,#919,.F.);
#982=EDGE_LOOP('',(#980,#981));
#983=FACE_BOUND('',#982,.T.);
#984=ORIENTED_EDGE('',*,*,#946,.T.);
#985=ORIENTED_EDGE('',*,*,#953,.T.);
#986=EDGE_LOOP('',(#984,#985));
#987=FACE_BOUND('',#986,.T.);
#988=ADVANCED_FACE('',(#983,#987),#979,.T.);
#989=CARTESIAN_POINT('',(0.,0.,-1.907207682));
#990=DIRECTION('',(0.,0.,1.));
#991=DIRECTION('',(1.,0.,0.));
#992=AXIS2_PLACEMENT_3D('',#989,#990,#991);
#993=PLANE('',#992);
#994=CARTESIAN_POINT('',(-103.68578756,34.925162215,-1.907207682));
#995=VERTEX_POINT('',#994);
#996=CARTESIAN_POINT('',(-104.78578756,34.925162215,-1.907207682));
#997=DIRECTION('',(0.,0.,-1.));
#998=DIRECTION('',(1.,0.,0.));
#999=AXIS2_PLACEMENT_3D('',#996,#997,#998);
#1000=CIRCLE('',#999,1.1);
#1001=EDGE_CURVE('',#995,#995,#1000,.T.);
#1002=ORIENTED_EDGE('',*,*,#1001,.T.);
#1003=EDGE_LOOP('',(#1002));
#1004=FACE_BOUND('',#1003,.T.);
#1005=ORIENTED_EDGE('',*,*,#895,.T.);
#1006=ORIENTED_EDGE('',*,*,#902,.T.);
#1007=EDGE_LOOP('',(#1005,#1006));
#1008=FACE_BOUND('',#1007,.T.);
#1009=ADVANCED_FACE('',(#1004,#1008),#993,.T.);
#1010=CARTESIAN_POINT('',(105.06421244,34.725162215,-1.407207682));
#1011=DIRECTION('',(0.,0.,-1.));
#1012=DIRECTION('',(-1.,0.,0.));
#1013=AXIS2_PLACEMENT_3D('',#1010,#1011,#1012);
#1014=CYLINDRICAL_SURFACE('',#1013,1.75);
#1015=CARTESIAN_POINT('',(103.31421244,34.725162215,-1.907207682));
#1016=VERTEX_POINT('',#1015);
#1017=CARTESIAN_POINT('',(103.31421244,34.725162215,-1.407207682));
#1018=VERTEX_POINT('',#1017);
#1019=CARTESIAN_POINT('',(103.31421244,34.725162215,-1.907207682));
#1020=DIRECTION('',(-0.,-0.,1.));
#1021=VECTOR('',#1020,0.5);
#1022=LINE('',#1019,#1021);
#1023=EDGE_CURVE('',#1016,#1018,#1022,.T.);
#1024=ORIENTED_EDGE('',*,*,#1023,.F.);
#1025=CARTESIAN_POINT('',(106.81421244,34.725162215,-1.907207682));
#1026=VERTEX_POINT('',#1025);
#1027=CARTESIAN_POINT('',(105.06421244,34.725162215,-1.907207682));
#1028=DIRECTION('',(0.,0.,1.));
#1029=DIRECTION('',(1.,0.,-0.));
#1030=AXIS2_PLACEMENT_3D('',#1027,#1028,#1029);
#1031=CIRCLE('',#1030,1.75);
#1032=EDGE_CURVE('',#1026,#1016,#1031,.T.);
#1033=ORIENTED_EDGE('',*,*,#1032,.F.);
#1034=CARTESIAN_POINT('',(105.06421244,34.725162215,-1.907207682));
#1035=DIRECTION('',(0.,0.,1.));
#1036=DIRECTION('',(1.,0.,-0.));
#1037=AXIS2_PLACEMENT_3D('',#1034,#1035,#1036);
#1038=CIRCLE('',#1037,1.75);
#1039=EDGE_CURVE('',#1016,#1026,#1038,.T.);
#1040=ORIENTED_EDGE('',*,*,#1039,.F.);
#1041=ORIENTED_EDGE('',*,*,#1023,.T.);
#1042=CARTESIAN_POINT('',(106.81421244,34.725162215,-1.407207682));
#1043=VERTEX_POINT('',#1042);
#1044=CARTESIAN_POINT('',(105.06421244,34.725162215,-1.407207682));
#1045=DIRECTION('',(0.,0.,1.));
#1046=DIRECTION('',(1.,0.,-0.));
#1047=AXIS2_PLACEMENT_3D('',#1044,#1045,#1046);
#1048=CIRCLE('',#1047,1.75);
#1049=EDGE_CURVE('',#1018,#1043,#1048,.T.);
#1050=ORIENTED_EDGE('',*,*,#1049,.T.);
#1051=CARTESIAN_POINT('',(105.06421244,34.725162215,-1.407207682));
#1052=DIRECTION('',(0.,0.,1.));
#1053=DIRECTION('',(1.,0.,-0.));
#1054=AXIS2_PLACEMENT_3D('',#1051,#1052,#1053);
#1055=CIRCLE('',#1054,1.75);
#1056=EDGE_CURVE('',#1043,#1018,#1055,.T.);
#1057=ORIENTED_EDGE('',*,*,#1056,.T.);
#1058=EDGE_LOOP('',(#1024,#1033,#1040,#1041,#1050,#1057));
#1059=FACE_BOUND('',#1058,.T.);
#1060=ADVANCED_FACE('',(#1059),#1014,.F.);
#1061=CARTESIAN_POINT('',(105.06421244,34.725162215,-1.407207682));
#1062=DIRECTION('',(0.,0.,-1.));
#1063=DIRECTION('',(-1.,0.,0.));
#1064=AXIS2_PLACEMENT_3D('',#1061,#1062,#1063);
#1065=CYLINDRICAL_SURFACE('',#1064,4.5);
#1066=CARTESIAN_POINT('',(100.56421244,34.725162215,-1.907207682));
#1067=VERTEX_POINT('',#1066);
#1068=CARTESIAN_POINT('',(100.56421244,34.725162215,-1.407207682));
#1069=VERTEX_POINT('',#1068);
#1070=CARTESIAN_POINT('',(100.56421244,34.725162215,-1.907207682));
#1071=DIRECTION('',(-0.,-0.,1.));
#1072=VECTOR('',#1071,0.5);
#1073=LINE('',#1070,#1072);
#1074=EDGE_CURVE('',#1067,#1069,#1073,.T.);
#1075=ORIENTED_EDGE('',*,*,#1074,.T.);
#1076=CARTESIAN_POINT('',(109.56421244,34.725162215,-1.407207682));
#1077=VERTEX_POINT('',#1076);
#1078=CARTESIAN_POINT('',(105.06421244,34.725162215,-1.407207682));
#1079=DIRECTION('',(0.,0.,1.));
#1080=DIRECTION('',(1.,0.,-0.));
#1081=AXIS2_PLACEMENT_3D('',#1078,#1079,#1080);
#1082=CIRCLE('',#1081,4.5);
#1083=EDGE_CURVE('',#1077,#1069,#1082,.T.);
#1084=ORIENTED_EDGE('',*,*,#1083,.F.);
#1085=CARTESIAN_POINT('',(105.06421244,34.725162215,-1.407207682));
#1086=DIRECTION('',(0.,0.,1.));
#1087=DIRECTION('',(1.,0.,-0.));
#1088=AXIS2_PLACEMENT_3D('',#1085,#1086,#1087);
#1089=CIRCLE('',#1088,4.5);
#1090=EDGE_CURVE('',#1069,#1077,#1089,.T.);
#1091=ORIENTED_EDGE('',*,*,#1090,.F.);
#1092=ORIENTED_EDGE('',*,*,#1074,.F.);
#1093=CARTESIAN_POINT('',(109.56421244,34.725162215,-1.907207682));
#1094=VERTEX_POINT('',#1093);
#1095=CARTESIAN_POINT('',(105.06421244,34.725162215,-1.907207682));
#1096=DIRECTION('',(0.,0.,1.));
#1097=DIRECTION('',(1.,0.,-0.));
#1098=AXIS2_PLACEMENT_3D('',#1095,#1096,#1097);
#1099=CIRCLE('',#1098,4.5);
#1100=EDGE_CURVE('',#1067,#1094,#1099,.T.);
#1101=ORIENTED_EDGE('',*,*,#1100,.T.);
#1102=CARTESIAN_POINT('',(105.06421244,34.725162215,-1.907207682));
#1103=DIRECTION('',(0.,0.,1.));
#1104=DIRECTION('',(1.,0.,-0.));
#1105=AXIS2_PLACEMENT_3D('',#1102,#1103,#1104);
#1106=CIRCLE('',#1105,4.5);
#1107=EDGE_CURVE('',#1094,#1067,#1106,.T.);
#1108=ORIENTED_EDGE('',*,*,#1107,.T.);
#1109=EDGE_LOOP('',(#1075,#1084,#1091,#1092,#1101,#1108));
#1110=FACE_BOUND('',#1109,.T.);
#1111=ADVANCED_FACE('',(#1110),#1065,.T.);
#1112=CARTESIAN_POINT('',(0.13186244,-0.276287785,-1.407207682));
#1113=DIRECTION('',(0.,0.,1.));
#1114=DIRECTION('',(1.,0.,0.));
#1115=AXIS2_PLACEMENT_3D('',#1112,#1113,#1114);
#1116=PLANE('',#1115);
#1117=ORIENTED_EDGE('',*,*,#1049,.F.);
#1118=ORIENTED_EDGE('',*,*,#1056,.F.);
#1119=EDGE_LOOP('',(#1117,#1118));
#1120=FACE_BOUND('',#1119,.T.);
#1121=ORIENTED_EDGE('',*,*,#1083,.T.);
#1122=ORIENTED_EDGE('',*,*,#1090,.T.);
#1123=EDGE_LOOP('',(#1121,#1122));
#1124=FACE_BOUND('',#1123,.T.);
#1125=ADVANCED_FACE('',(#1120,#1124),#1116,.T.);
#1126=CARTESIAN_POINT('',(0.,0.,-1.907207682));
#1127=DIRECTION('',(0.,0.,1.));
#1128=DIRECTION('',(1.,0.,0.));
#1129=AXIS2_PLACEMENT_3D('',#1126,#1127,#1128);
#1130=PLANE('',#1129);
#1131=CARTESIAN_POINT('',(106.16421244,34.725162215,-1.907207682));
#1132=VERTEX_POINT('',#1131);
#1133=CARTESIAN_POINT('',(105.06421244,34.725162215,-1.907207682));
#1134=DIRECTION('',(0.,0.,-1.));
#1135=DIRECTION('',(1.,0.,0.));
#1136=AXIS2_PLACEMENT_3D('',#1133,#1134,#1135);
#1137=CIRCLE('',#1136,1.1);
#1138=EDGE_CURVE('',#1132,#1132,#1137,.T.);
#1139=ORIENTED_EDGE('',*,*,#1138,.T.);
#1140=EDGE_LOOP('',(#1139));
#1141=FACE_BOUND('',#1140,.T.);
#1142=ORIENTED_EDGE('',*,*,#1032,.T.);
#1143=ORIENTED_EDGE('',*,*,#1039,.T.);
#1144=EDGE_LOOP('',(#1142,#1143));
#1145=FACE_BOUND('',#1144,.T.);
#1146=ADVANCED_FACE('',(#1141,#1145),#1130,.T.);
#1147=CARTESIAN_POINT('',(105.86421244,-26.424837785,-1.407207682));
#1148=DIRECTION('',(0.,0.,-1.));
#1149=DIRECTION('',(-1.,0.,0.));
#1150=AXIS2_PLACEMENT_3D('',#1147,#1148,#1149);
#1151=CYLINDRICAL_SURFACE('',#1150,1.75);
#1152=CARTESIAN_POINT('',(104.11421244,-26.424837785,-1.907207682));
#1153=VERTEX_POINT('',#1152);
#1154=CARTESIAN_POINT('',(104.11421244,-26.424837785,-1.407207682));
#1155=VERTEX_POINT('',#1154);
#1156=CARTESIAN_POINT('',(104.11421244,-26.424837785,-1.907207682));
#1157=DIRECTION('',(-0.,-0.,1.));
#1158=VECTOR('',#1157,0.5);
#1159=LINE('',#1156,#1158);
#1160=EDGE_CURVE('',#1153,#1155,#1159,.T.);
#1161=ORIENTED_EDGE('',*,*,#1160,.F.);
#1162=CARTESIAN_POINT('',(107.575758302,-26.059994308,-1.907207682));
#1163=VERTEX_POINT('',#1162);
#1164=CARTESIAN_POINT('',(105.86421244,-26.424837785,-1.907207682));
#1165=DIRECTION('',(0.,-0.,1.));
#1166=DIRECTION('',(0.978026207,0.208481987,0.));
#1167=AXIS2_PLACEMENT_3D('',#1164,#1165,#1166);
#1168=CIRCLE('',#1167,1.75);
#1169=EDGE_CURVE('',#1163,#1153,#1168,.T.);
#1170=ORIENTED_EDGE('',*,*,#1169,.F.);
#1171=CARTESIAN_POINT('',(105.86421244,-26.424837785,-1.907207682));
#1172=DIRECTION('',(0.,-0.,1.));
#1173=DIRECTION('',(0.978026207,0.208481987,0.));
#1174=AXIS2_PLACEMENT_3D('',#1171,#1172,#1173);
#1175=CIRCLE('',#1174,1.75);
#1176=EDGE_CURVE('',#1153,#1163,#1175,.T.);
#1177=ORIENTED_EDGE('',*,*,#1176,.F.);
#1178=ORIENTED_EDGE('',*,*,#1160,.T.);
#1179=CARTESIAN_POINT('',(107.575758302,-26.059994308,-1.407207682));
#1180=VERTEX_POINT('',#1179);
#1181=CARTESIAN_POINT('',(105.86421244,-26.424837785,-1.407207682));
#1182=DIRECTION('',(0.,-0.,1.));
#1183=DIRECTION('',(0.978026207,0.208481987,0.));
#1184=AXIS2_PLACEMENT_3D('',#1181,#1182,#1183);
#1185=CIRCLE('',#1184,1.75);
#1186=EDGE_CURVE('',#1155,#1180,#1185,.T.);
#1187=ORIENTED_EDGE('',*,*,#1186,.T.);
#1188=CARTESIAN_POINT('',(105.86421244,-26.424837785,-1.407207682));
#1189=DIRECTION('',(0.,-0.,1.));
#1190=DIRECTION('',(0.978026207,0.208481987,0.));
#1191=AXIS2_PLACEMENT_3D('',#1188,#1189,#1190);
#1192=CIRCLE('',#1191,1.75);
#1193=EDGE_CURVE('',#1180,#1155,#1192,.T.);
#1194=ORIENTED_EDGE('',*,*,#1193,.T.);
#1195=EDGE_LOOP('',(#1161,#1170,#1177,#1178,#1187,#1194));
#1196=FACE_BOUND('',#1195,.T.);
#1197=ADVANCED_FACE('',(#1196),#1151,.F.);
#1198=CARTESIAN_POINT('',(105.86421244,-26.424837785,-1.407207682));
#1199=DIRECTION('',(0.,0.,-1.));
#1200=DIRECTION('',(-1.,0.,0.));
#1201=AXIS2_PLACEMENT_3D('',#1198,#1199,#1200);
#1202=CYLINDRICAL_SURFACE('',#1201,4.5);
#1203=CARTESIAN_POINT('',(101.36421244,-26.424837785,-1.907207682));
#1204=VERTEX_POINT('',#1203);
#1205=CARTESIAN_POINT('',(101.36421244,-26.424837785,-1.407207682));
#1206=VERTEX_POINT('',#1205);
#1207=CARTESIAN_POINT('',(101.36421244,-26.424837785,-1.907207682));
#1208=DIRECTION('',(-0.,-0.,1.));
#1209=VECTOR('',#1208,0.5);
#1210=LINE('',#1207,#1209);
#1211=EDGE_CURVE('',#1204,#1206,#1210,.T.);
#1212=ORIENTED_EDGE('',*,*,#1211,.T.);
#1213=CARTESIAN_POINT('',(110.317775887,-25.780033454,-1.407207682));
#1214=VERTEX_POINT('',#1213);
#1215=CARTESIAN_POINT('',(105.86421244,-26.424837785,-1.407207682));
#1216=DIRECTION('',(0.,-0.,1.));
#1217=DIRECTION('',(0.989680766,0.143289851,0.));
#1218=AXIS2_PLACEMENT_3D('',#1215,#1216,#1217);
#1219=CIRCLE('',#1218,4.5);
#1220=EDGE_CURVE('',#1214,#1206,#1219,.T.);
#1221=ORIENTED_EDGE('',*,*,#1220,.F.);
#1222=CARTESIAN_POINT('',(105.86421244,-26.424837785,-1.407207682));
#1223=DIRECTION('',(0.,-0.,1.));
#1224=DIRECTION('',(0.989680766,0.143289851,0.));
#1225=AXIS2_PLACEMENT_3D('',#1222,#1223,#1224);
#1226=CIRCLE('',#1225,4.5);
#1227=EDGE_CURVE('',#1206,#1214,#1226,.T.);
#1228=ORIENTED_EDGE('',*,*,#1227,.F.);
#1229=ORIENTED_EDGE('',*,*,#1211,.F.);
#1230=CARTESIAN_POINT('',(110.36421244,-26.424837785,-1.907207682));
#1231=VERTEX_POINT('',#1230);
#1232=CARTESIAN_POINT('',(105.86421244,-26.424837785,-1.907207682));
#1233=DIRECTION('',(0.,0.,1.));
#1234=DIRECTION('',(1.,0.,-0.));
#1235=AXIS2_PLACEMENT_3D('',#1232,#1233,#1234);
#1236=CIRCLE('',#1235,4.5);
#1237=EDGE_CURVE('',#1204,#1231,#1236,.T.);
#1238=ORIENTED_EDGE('',*,*,#1237,.T.);
#1239=CARTESIAN_POINT('',(105.86421244,-26.424837785,-1.907207682));
#1240=DIRECTION('',(0.,0.,1.));
#1241=DIRECTION('',(1.,0.,-0.));
#1242=AXIS2_PLACEMENT_3D('',#1239,#1240,#1241);
#1243=CIRCLE('',#1242,4.5);
#1244=EDGE_CURVE('',#1231,#1204,#1243,.T.);
#1245=ORIENTED_EDGE('',*,*,#1244,.T.);
#1246=EDGE_LOOP('',(#1212,#1221,#1228,#1229,#1238,#1245));
#1247=FACE_BOUND('',#1246,.T.);
#1248=ADVANCED_FACE('',(#1247),#1202,.T.);
#1249=CARTESIAN_POINT('',(0.13186244,-0.276287785,-1.407207682));
#1250=DIRECTION('',(0.,0.,1.));
#1251=DIRECTION('',(1.,0.,0.));
#1252=AXIS2_PLACEMENT_3D('',#1249,#1250,#1251);
#1253=PLANE('',#1252);
#1254=ORIENTED_EDGE('',*,*,#1186,.F.);
#1255=ORIENTED_EDGE('',*,*,#1193,.F.);
#1256=EDGE_LOOP('',(#1254,#1255));
#1257=FACE_BOUND('',#1256,.T.);
#1258=ORIENTED_EDGE('',*,*,#1220,.T.);
#1259=ORIENTED_EDGE('',*,*,#1227,.T.);
#1260=EDGE_LOOP('',(#1258,#1259));
#1261=FACE_BOUND('',#1260,.T.);
#1262=ADVANCED_FACE('',(#1257,#1261),#1253,.T.);
#1263=CARTESIAN_POINT('',(0.,0.,-1.907207682));
#1264=DIRECTION('',(0.,0.,1.));
#1265=DIRECTION('',(1.,0.,0.));
#1266=AXIS2_PLACEMENT_3D('',#1263,#1264,#1265);
#1267=PLANE('',#1266);
#1268=CARTESIAN_POINT('',(106.96421244,-26.424837785,-1.907207682));
#1269=VERTEX_POINT('',#1268);
#1270=CARTESIAN_POINT('',(105.86421244,-26.424837785,-1.907207682));
#1271=DIRECTION('',(0.,0.,-1.));
#1272=DIRECTION('',(1.,0.,0.));
#1273=AXIS2_PLACEMENT_3D('',#1270,#1271,#1272);
#1274=CIRCLE('',#1273,1.1);
#1275=EDGE_CURVE('',#1269,#1269,#1274,.T.);
#1276=ORIENTED_EDGE('',*,*,#1275,.T.);
#1277=EDGE_LOOP('',(#1276));
#1278=FACE_BOUND('',#1277,.T.);
#1279=ORIENTED_EDGE('',*,*,#1169,.T.);
#1280=ORIENTED_EDGE('',*,*,#1176,.T.);
#1281=EDGE_LOOP('',(#1279,#1280));
#1282=FACE_BOUND('',#1281,.T.);
#1283=ADVANCED_FACE('',(#1278,#1282),#1267,.T.);
#1284=CARTESIAN_POINT('',(28.16421244,-32.124837785,-1.407207682));
#1285=DIRECTION('',(0.,0.,-1.));
#1286=DIRECTION('',(-1.,0.,0.));
#1287=AXIS2_PLACEMENT_3D('',#1284,#1285,#1286);
#1288=CYLINDRICAL_SURFACE('',#1287,1.75);
#1289=CARTESIAN_POINT('',(26.41421244,-32.124837785,-1.907207682));
#1290=VERTEX_POINT('',#1289);
#1291=CARTESIAN_POINT('',(26.41421244,-32.124837785,-1.407207682));
#1292=VERTEX_POINT('',#1291);
#1293=CARTESIAN_POINT('',(26.41421244,-32.124837785,-1.907207682));
#1294=DIRECTION('',(-0.,-0.,1.));
#1295=VECTOR('',#1294,0.5);
#1296=LINE('',#1293,#1295);
#1297=EDGE_CURVE('',#1290,#1292,#1296,.T.);
#1298=ORIENTED_EDGE('',*,*,#1297,.F.);
#1299=CARTESIAN_POINT('',(29.91421244,-32.124837785,-1.907207682));
#1300=VERTEX_POINT('',#1299);
#1301=CARTESIAN_POINT('',(28.16421244,-32.124837785,-1.907207682));
#1302=DIRECTION('',(0.,0.,1.));
#1303=DIRECTION('',(1.,0.,-0.));
#1304=AXIS2_PLACEMENT_3D('',#1301,#1302,#1303);
#1305=CIRCLE('',#1304,1.75);
#1306=EDGE_CURVE('',#1300,#1290,#1305,.T.);
#1307=ORIENTED_EDGE('',*,*,#1306,.F.);
#1308=CARTESIAN_POINT('',(28.16421244,-32.124837785,-1.907207682));
#1309=DIRECTION('',(0.,0.,1.));
#1310=DIRECTION('',(1.,0.,-0.));
#1311=AXIS2_PLACEMENT_3D('',#1308,#1309,#1310);
#1312=CIRCLE('',#1311,1.75);
#1313=EDGE_CURVE('',#1290,#1300,#1312,.T.);
#1314=ORIENTED_EDGE('',*,*,#1313,.F.);
#1315=ORIENTED_EDGE('',*,*,#1297,.T.);
#1316=CARTESIAN_POINT('',(29.91421244,-32.124837785,-1.407207682));
#1317=VERTEX_POINT('',#1316);
#1318=CARTESIAN_POINT('',(28.16421244,-32.124837785,-1.407207682));
#1319=DIRECTION('',(0.,0.,1.));
#1320=DIRECTION('',(1.,0.,-0.));
#1321=AXIS2_PLACEMENT_3D('',#1318,#1319,#1320);
#1322=CIRCLE('',#1321,1.75);
#1323=EDGE_CURVE('',#1292,#1317,#1322,.T.);
#1324=ORIENTED_EDGE('',*,*,#1323,.T.);
#1325=CARTESIAN_POINT('',(28.16421244,-32.124837785,-1.407207682));
#1326=DIRECTION('',(0.,0.,1.));
#1327=DIRECTION('',(1.,0.,-0.));
#1328=AXIS2_PLACEMENT_3D('',#1325,#1326,#1327);
#1329=CIRCLE('',#1328,1.75);
#1330=EDGE_CURVE('',#1317,#1292,#1329,.T.);
#1331=ORIENTED_EDGE('',*,*,#1330,.T.);
#1332=EDGE_LOOP('',(#1298,#1307,#1314,#1315,#1324,#1331));
#1333=FACE_BOUND('',#1332,.T.);
#1334=ADVANCED_FACE('',(#1333),#1288,.F.);
#1335=CARTESIAN_POINT('',(28.16421244,-32.124837785,-1.407207682));
#1336=DIRECTION('',(0.,0.,-1.));
#1337=DIRECTION('',(-1.,0.,0.));
#1338=AXIS2_PLACEMENT_3D('',#1335,#1336,#1337);
#1339=CYLINDRICAL_SURFACE('',#1338,4.5);
#1340=CARTESIAN_POINT('',(23.66421244,-32.124837785,-1.907207682));
#1341=VERTEX_POINT('',#1340);
#1342=CARTESIAN_POINT('',(23.66421244,-32.124837785,-1.407207682));
#1343=VERTEX_POINT('',#1342);
#1344=CARTESIAN_POINT('',(23.66421244,-32.124837785,-1.907207682));
#1345=DIRECTION('',(-0.,-0.,1.));
#1346=VECTOR('',#1345,0.5);
#1347=LINE('',#1344,#1346);
#1348=EDGE_CURVE('',#1341,#1343,#1347,.T.);
#1349=ORIENTED_EDGE('',*,*,#1348,.T.);
#1350=CARTESIAN_POINT('',(32.66421244,-32.124837785,-1.407207682));
#1351=VERTEX_POINT('',#1350);
#1352=CARTESIAN_POINT('',(28.16421244,-32.124837785,-1.407207682));
#1353=DIRECTION('',(0.,0.,1.));
#1354=DIRECTION('',(1.,0.,-0.));
#1355=AXIS2_PLACEMENT_3D('',#1352,#1353,#1354);
#1356=CIRCLE('',#1355,4.5);
#1357=EDGE_CURVE('',#1351,#1343,#1356,.T.);
#1358=ORIENTED_EDGE('',*,*,#1357,.F.);
#1359=CARTESIAN_POINT('',(28.16421244,-32.124837785,-1.407207682));
#1360=DIRECTION('',(0.,0.,1.));
#1361=DIRECTION('',(1.,0.,-0.));
#1362=AXIS2_PLACEMENT_3D('',#1359,#1360,#1361);
#1363=CIRCLE('',#1362,4.5);
#1364=EDGE_CURVE('',#1343,#1351,#1363,.T.);
#1365=ORIENTED_EDGE('',*,*,#1364,.F.);
#1366=ORIENTED_EDGE('',*,*,#1348,.F.);
#1367=CARTESIAN_POINT('',(32.66421244,-32.124837785,-1.907207682));
#1368=VERTEX_POINT('',#1367);
#1369=CARTESIAN_POINT('',(28.16421244,-32.124837785,-1.907207682));
#1370=DIRECTION('',(0.,0.,1.));
#1371=DIRECTION('',(1.,0.,-0.));
#1372=AXIS2_PLACEMENT_3D('',#1369,#1370,#1371);
#1373=CIRCLE('',#1372,4.5);
#1374=EDGE_CURVE('',#1341,#1368,#1373,.T.);
#1375=ORIENTED_EDGE('',*,*,#1374,.T.);
#1376=CARTESIAN_POINT('',(28.16421244,-32.124837785,-1.907207682));
#1377=DIRECTION('',(0.,0.,1.));
#1378=DIRECTION('',(1.,0.,-0.));
#1379=AXIS2_PLACEMENT_3D('',#1376,#1377,#1378);
#1380=CIRCLE('',#1379,4.5);
#1381=EDGE_CURVE('',#1368,#1341,#1380,.T.);
#1382=ORIENTED_EDGE('',*,*,#1381,.T.);
#1383=EDGE_LOOP('',(#1349,#1358,#1365,#1366,#1375,#1382));
#1384=FACE_BOUND('',#1383,.T.);
#1385=ADVANCED_FACE('',(#1384),#1339,.T.);
#1386=CARTESIAN_POINT('',(0.13186244,-0.276287785,-1.407207682));
#1387=DIRECTION('',(0.,0.,1.));
#1388=DIRECTION('',(1.,0.,0.));
#1389=AXIS2_PLACEMENT_3D('',#1386,#1387,#1388);
#1390=PLANE('',#1389);
#1391=ORIENTED_EDGE('',*,*,#1323,.F.);
#1392=ORIENTED_EDGE('',*,*,#1330,.F.);
#1393=EDGE_LOOP('',(#1391,#1392));
#1394=FACE_BOUND('',#1393,.T.);
#1395=ORIENTED_EDGE('',*,*,#1357,.T.);
#1396=ORIENTED_EDGE('',*,*,#1364,.T.);
#1397=EDGE_LOOP('',(#1395,#1396));
#1398=FACE_BOUND('',#1397,.T.);
#1399=ADVANCED_FACE('',(#1394,#1398),#1390,.T.);
#1400=CARTESIAN_POINT('',(0.,0.,-1.907207682));
#1401=DIRECTION('',(0.,0.,1.));
#1402=DIRECTION('',(1.,0.,0.));
#1403=AXIS2_PLACEMENT_3D('',#1400,#1401,#1402);
#1404=PLANE('',#1403);
#1405=CARTESIAN_POINT('',(29.26421244,-32.124837785,-1.907207682));
#1406=VERTEX_POINT('',#1405);
#1407=CARTESIAN_POINT('',(28.16421244,-32.124837785,-1.907207682));
#1408=DIRECTION('',(0.,0.,-1.));
#1409=DIRECTION('',(1.,0.,0.));
#1410=AXIS2_PLACEMENT_3D('',#1407,#1408,#1409);
#1411=CIRCLE('',#1410,1.1);
#1412=EDGE_CURVE('',#1406,#1406,#1411,.T.);
#1413=ORIENTED_EDGE('',*,*,#1412,.T.);
#1414=EDGE_LOOP('',(#1413));
#1415=FACE_BOUND('',#1414,.T.);
#1416=ORIENTED_EDGE('',*,*,#1306,.T.);
#1417=ORIENTED_EDGE('',*,*,#1313,.T.);
#1418=EDGE_LOOP('',(#1416,#1417));
#1419=FACE_BOUND('',#1418,.T.);
#1420=ADVANCED_FACE('',(#1415,#1419),#1404,.T.);
#1421=CARTESIAN_POINT('',(29.21421244,27.425162215,-1.407207682));
#1422=DIRECTION('',(0.,0.,-1.));
#1423=DIRECTION('',(-1.,0.,0.));
#1424=AXIS2_PLACEMENT_3D('',#1421,#1422,#1423);
#1425=CYLINDRICAL_SURFACE('',#1424,1.75);
#1426=CARTESIAN_POINT('',(27.46421244,27.425162215,-1.907207682));
#1427=VERTEX_POINT('',#1426);
#1428=CARTESIAN_POINT('',(27.46421244,27.425162215,-1.407207682));
#1429=VERTEX_POINT('',#1428);
#1430=CARTESIAN_POINT('',(27.46421244,27.425162215,-1.907207682));
#1431=DIRECTION('',(-0.,-0.,1.));
#1432=VECTOR('',#1431,0.5);
#1433=LINE('',#1430,#1432);
#1434=EDGE_CURVE('',#1427,#1429,#1433,.T.);
#1435=ORIENTED_EDGE('',*,*,#1434,.F.);
#1436=CARTESIAN_POINT('',(30.96421244,27.425162215,-1.907207682));
#1437=VERTEX_POINT('',#1436);
#1438=CARTESIAN_POINT('',(29.21421244,27.425162215,-1.907207682));
#1439=DIRECTION('',(0.,0.,1.));
#1440=DIRECTION('',(1.,0.,-0.));
#1441=AXIS2_PLACEMENT_3D('',#1438,#1439,#1440);
#1442=CIRCLE('',#1441,1.75);
#1443=EDGE_CURVE('',#1437,#1427,#1442,.T.);
#1444=ORIENTED_EDGE('',*,*,#1443,.F.);
#1445=CARTESIAN_POINT('',(29.21421244,27.425162215,-1.907207682));
#1446=DIRECTION('',(0.,0.,1.));
#1447=DIRECTION('',(1.,0.,-0.));
#1448=AXIS2_PLACEMENT_3D('',#1445,#1446,#1447);
#1449=CIRCLE('',#1448,1.75);
#1450=EDGE_CURVE('',#1427,#1437,#1449,.T.);
#1451=ORIENTED_EDGE('',*,*,#1450,.F.);
#1452=ORIENTED_EDGE('',*,*,#1434,.T.);
#1453=CARTESIAN_POINT('',(30.96421244,27.425162215,-1.407207682));
#1454=VERTEX_POINT('',#1453);
#1455=CARTESIAN_POINT('',(29.21421244,27.425162215,-1.407207682));
#1456=DIRECTION('',(0.,0.,1.));
#1457=DIRECTION('',(1.,0.,-0.));
#1458=AXIS2_PLACEMENT_3D('',#1455,#1456,#1457);
#1459=CIRCLE('',#1458,1.75);
#1460=EDGE_CURVE('',#1429,#1454,#1459,.T.);
#1461=ORIENTED_EDGE('',*,*,#1460,.T.);
#1462=CARTESIAN_POINT('',(29.21421244,27.425162215,-1.407207682));
#1463=DIRECTION('',(0.,0.,1.));
#1464=DIRECTION('',(1.,0.,-0.));
#1465=AXIS2_PLACEMENT_3D('',#1462,#1463,#1464);
#1466=CIRCLE('',#1465,1.75);
#1467=EDGE_CURVE('',#1454,#1429,#1466,.T.);
#1468=ORIENTED_EDGE('',*,*,#1467,.T.);
#1469=EDGE_LOOP('',(#1435,#1444,#1451,#1452,#1461,#1468));
#1470=FACE_BOUND('',#1469,.T.);
#1471=ADVANCED_FACE('',(#1470),#1425,.F.);
#1472=CARTESIAN_POINT('',(29.21421244,27.425162215,-1.407207682));
#1473=DIRECTION('',(0.,0.,-1.));
#1474=DIRECTION('',(-1.,0.,0.));
#1475=AXIS2_PLACEMENT_3D('',#1472,#1473,#1474);
#1476=CYLINDRICAL_SURFACE('',#1475,4.5);
#1477=CARTESIAN_POINT('',(24.71421244,27.425162215,-1.907207682));
#1478=VERTEX_POINT('',#1477);
#1479=CARTESIAN_POINT('',(24.71421244,27.425162215,-1.407207682));
#1480=VERTEX_POINT('',#1479);
#1481=CARTESIAN_POINT('',(24.71421244,27.425162215,-1.907207682));
#1482=DIRECTION('',(-0.,-0.,1.));
#1483=VECTOR('',#1482,0.5);
#1484=LINE('',#1481,#1483);
#1485=EDGE_CURVE('',#1478,#1480,#1484,.T.);
#1486=ORIENTED_EDGE('',*,*,#1485,.T.);
#1487=CARTESIAN_POINT('',(33.71421244,27.425162215,-1.407207682));
#1488=VERTEX_POINT('',#1487);
#1489=CARTESIAN_POINT('',(29.21421244,27.425162215,-1.407207682));
#1490=DIRECTION('',(0.,0.,1.));
#1491=DIRECTION('',(1.,0.,-0.));
#1492=AXIS2_PLACEMENT_3D('',#1489,#1490,#1491);
#1493=CIRCLE('',#1492,4.5);
#1494=EDGE_CURVE('',#1488,#1480,#1493,.T.);
#1495=ORIENTED_EDGE('',*,*,#1494,.F.);
#1496=CARTESIAN_POINT('',(29.21421244,27.425162215,-1.407207682));
#1497=DIRECTION('',(0.,0.,1.));
#1498=DIRECTION('',(1.,0.,-0.));
#1499=AXIS2_PLACEMENT_3D('',#1496,#1497,#1498);
#1500=CIRCLE('',#1499,4.5);
#1501=EDGE_CURVE('',#1480,#1488,#1500,.T.);
#1502=ORIENTED_EDGE('',*,*,#1501,.F.);
#1503=ORIENTED_EDGE('',*,*,#1485,.F.);
#1504=CARTESIAN_POINT('',(33.71421244,27.425162215,-1.907207682));
#1505=VERTEX_POINT('',#1504);
#1506=CARTESIAN_POINT('',(29.21421244,27.425162215,-1.907207682));
#1507=DIRECTION('',(0.,0.,1.));
#1508=DIRECTION('',(1.,0.,-0.));
#1509=AXIS2_PLACEMENT_3D('',#1506,#1507,#1508);
#1510=CIRCLE('',#1509,4.5);
#1511=EDGE_CURVE('',#1478,#1505,#1510,.T.);
#1512=ORIENTED_EDGE('',*,*,#1511,.T.);
#1513=CARTESIAN_POINT('',(29.21421244,27.425162215,-1.907207682));
#1514=DIRECTION('',(0.,0.,1.));
#1515=DIRECTION('',(1.,0.,-0.));
#1516=AXIS2_PLACEMENT_3D('',#1513,#1514,#1515);
#1517=CIRCLE('',#1516,4.5);
#1518=EDGE_CURVE('',#1505,#1478,#1517,.T.);
#1519=ORIENTED_EDGE('',*,*,#1518,.T.);
#1520=EDGE_LOOP('',(#1486,#1495,#1502,#1503,#1512,#1519));
#1521=FACE_BOUND('',#1520,.T.);
#1522=ADVANCED_FACE('',(#1521),#1476,.T.);
#1523=CARTESIAN_POINT('',(0.13186244,-0.276287785,-1.407207682));
#1524=DIRECTION('',(0.,0.,1.));
#1525=DIRECTION('',(1.,0.,0.));
#1526=AXIS2_PLACEMENT_3D('',#1523,#1524,#1525);
#1527=PLANE('',#1526);
#1528=ORIENTED_EDGE('',*,*,#1460,.F.);
#1529=ORIENTED_EDGE('',*,*,#1467,.F.);
#1530=EDGE_LOOP('',(#1528,#1529));
#1531=FACE_BOUND('',#1530,.T.);
#1532=ORIENTED_EDGE('',*,*,#1494,.T.);
#1533=ORIENTED_EDGE('',*,*,#1501,.T.);
#1534=EDGE_LOOP('',(#1532,#1533));
#1535=FACE_BOUND('',#1534,.T.);
#1536=ADVANCED_FACE('',(#1531,#1535),#1527,.T.);
#1537=CARTESIAN_POINT('',(0.,0.,-1.907207682));
#1538=DIRECTION('',(0.,0.,1.));
#1539=DIRECTION('',(1.,0.,0.));
#1540=AXIS2_PLACEMENT_3D('',#1537,#1538,#1539);
#1541=PLANE('',#1540);
#1542=CARTESIAN_POINT('',(30.31421244,27.425162215,-1.907207682));
#1543=VERTEX_POINT('',#1542);
#1544=CARTESIAN_POINT('',(29.21421244,27.425162215,-1.907207682));
#1545=DIRECTION('',(0.,0.,-1.));
#1546=DIRECTION('',(1.,0.,0.));
#1547=AXIS2_PLACEMENT_3D('',#1544,#1545,#1546);
#1548=CIRCLE('',#1547,1.1);
#1549=EDGE_CURVE('',#1543,#1543,#1548,.T.);
#1550=ORIENTED_EDGE('',*,*,#1549,.T.);
#1551=EDGE_LOOP('',(#1550));
#1552=FACE_BOUND('',#1551,.T.);
#1553=ORIENTED_EDGE('',*,*,#1443,.T.);
#1554=ORIENTED_EDGE('',*,*,#1450,.T.);
#1555=EDGE_LOOP('',(#1553,#1554));
#1556=FACE_BOUND('',#1555,.T.);
#1557=ADVANCED_FACE('',(#1552,#1556),#1541,.T.);
#1558=CARTESIAN_POINT('',(-28.93578756,27.675162215,-1.407207682));
#1559=DIRECTION('',(0.,0.,-1.));
#1560=DIRECTION('',(-1.,0.,0.));
#1561=AXIS2_PLACEMENT_3D('',#1558,#1559,#1560);
#1562=CYLINDRICAL_SURFACE('',#1561,1.75);
#1563=CARTESIAN_POINT('',(-30.68578756,27.675162215,-1.907207682));
#1564=VERTEX_POINT('',#1563);
#1565=CARTESIAN_POINT('',(-30.68578756,27.675162215,-1.407207682));
#1566=VERTEX_POINT('',#1565);
#1567=CARTESIAN_POINT('',(-30.68578756,27.675162215,-1.907207682));
#1568=DIRECTION('',(-0.,-0.,1.));
#1569=VECTOR('',#1568,0.5);
#1570=LINE('',#1567,#1569);
#1571=EDGE_CURVE('',#1564,#1566,#1570,.T.);
#1572=ORIENTED_EDGE('',*,*,#1571,.F.);
#1573=CARTESIAN_POINT('',(-27.208563051,27.393745273,-1.907207682));
#1574=VERTEX_POINT('',#1573);
#1575=CARTESIAN_POINT('',(-28.93578756,27.675162215,-1.907207682));
#1576=DIRECTION('',(0.,0.,1.));
#1577=DIRECTION('',(0.986985434,-0.160809681,0.));
#1578=AXIS2_PLACEMENT_3D('',#1575,#1576,#1577);
#1579=CIRCLE('',#1578,1.75);
#1580=EDGE_CURVE('',#1574,#1564,#1579,.T.);
#1581=ORIENTED_EDGE('',*,*,#1580,.F.);
#1582=CARTESIAN_POINT('',(-28.93578756,27.675162215,-1.907207682));
#1583=DIRECTION('',(0.,0.,1.));
#1584=DIRECTION('',(0.986985434,-0.160809681,0.));
#1585=AXIS2_PLACEMENT_3D('',#1582,#1583,#1584);
#1586=CIRCLE('',#1585,1.75);
#1587=EDGE_CURVE('',#1564,#1574,#1586,.T.);
#1588=ORIENTED_EDGE('',*,*,#1587,.F.);
#1589=ORIENTED_EDGE('',*,*,#1571,.T.);
#1590=CARTESIAN_POINT('',(-27.208563051,27.393745273,-1.407207682));
#1591=VERTEX_POINT('',#1590);
#1592=CARTESIAN_POINT('',(-28.93578756,27.675162215,-1.407207682));
#1593=DIRECTION('',(0.,0.,1.));
#1594=DIRECTION('',(0.986985434,-0.160809681,0.));
#1595=AXIS2_PLACEMENT_3D('',#1592,#1593,#1594);
#1596=CIRCLE('',#1595,1.75);
#1597=EDGE_CURVE('',#1566,#1591,#1596,.T.);
#1598=ORIENTED_EDGE('',*,*,#1597,.T.);
#1599=CARTESIAN_POINT('',(-28.93578756,27.675162215,-1.407207682));
#1600=DIRECTION('',(0.,0.,1.));
#1601=DIRECTION('',(0.986985434,-0.160809681,0.));
#1602=AXIS2_PLACEMENT_3D('',#1599,#1600,#1601);
#1603=CIRCLE('',#1602,1.75);
#1604=EDGE_CURVE('',#1591,#1566,#1603,.T.);
#1605=ORIENTED_EDGE('',*,*,#1604,.T.);
#1606=EDGE_LOOP('',(#1572,#1581,#1588,#1589,#1598,#1605));
#1607=FACE_BOUND('',#1606,.T.);
#1608=ADVANCED_FACE('',(#1607),#1562,.F.);
#1609=CARTESIAN_POINT('',(-28.93578756,27.675162215,-1.407207682));
#1610=DIRECTION('',(0.,0.,-1.));
#1611=DIRECTION('',(-1.,0.,0.));
#1612=AXIS2_PLACEMENT_3D('',#1609,#1610,#1611);
#1613=CYLINDRICAL_SURFACE('',#1612,4.5);
#1614=CARTESIAN_POINT('',(-33.43578756,27.675162215,-1.907207682));
#1615=VERTEX_POINT('',#1614);
#1616=CARTESIAN_POINT('',(-33.43578756,27.675162215,-1.407207682));
#1617=VERTEX_POINT('',#1616);
#1618=CARTESIAN_POINT('',(-33.43578756,27.675162215,-1.907207682));
#1619=DIRECTION('',(-0.,-0.,1.));
#1620=VECTOR('',#1619,0.5);
#1621=LINE('',#1618,#1620);
#1622=EDGE_CURVE('',#1615,#1617,#1621,.T.);
#1623=ORIENTED_EDGE('',*,*,#1622,.T.);
#1624=CARTESIAN_POINT('',(-24.43578756,27.675162215,-1.407207682));
#1625=VERTEX_POINT('',#1624);
#1626=CARTESIAN_POINT('',(-28.93578756,27.675162215,-1.407207682));
#1627=DIRECTION('',(0.,0.,1.));
#1628=DIRECTION('',(1.,0.,-0.));
#1629=AXIS2_PLACEMENT_3D('',#1626,#1627,#1628);
#1630=CIRCLE('',#1629,4.5);
#1631=EDGE_CURVE('',#1625,#1617,#1630,.T.);
#1632=ORIENTED_EDGE('',*,*,#1631,.F.);
#1633=CARTESIAN_POINT('',(-28.93578756,27.675162215,-1.407207682));
#1634=DIRECTION('',(0.,0.,1.));
#1635=DIRECTION('',(1.,0.,-0.));
#1636=AXIS2_PLACEMENT_3D('',#1633,#1634,#1635);
#1637=CIRCLE('',#1636,4.5);
#1638=EDGE_CURVE('',#1617,#1625,#1637,.T.);
#1639=ORIENTED_EDGE('',*,*,#1638,.F.);
#1640=ORIENTED_EDGE('',*,*,#1622,.F.);
#1641=CARTESIAN_POINT('',(-24.43578756,27.675162215,-1.907207682));
#1642=VERTEX_POINT('',#1641);
#1643=CARTESIAN_POINT('',(-28.93578756,27.675162215,-1.907207682));
#1644=DIRECTION('',(0.,0.,1.));
#1645=DIRECTION('',(1.,0.,-0.));
#1646=AXIS2_PLACEMENT_3D('',#1643,#1644,#1645);
#1647=CIRCLE('',#1646,4.5);
#1648=EDGE_CURVE('',#1615,#1642,#1647,.T.);
#1649=ORIENTED_EDGE('',*,*,#1648,.T.);
#1650=CARTESIAN_POINT('',(-28.93578756,27.675162215,-1.907207682));
#1651=DIRECTION('',(0.,0.,1.));
#1652=DIRECTION('',(1.,0.,-0.));
#1653=AXIS2_PLACEMENT_3D('',#1650,#1651,#1652);
#1654=CIRCLE('',#1653,4.5);
#1655=EDGE_CURVE('',#1642,#1615,#1654,.T.);
#1656=ORIENTED_EDGE('',*,*,#1655,.T.);
#1657=EDGE_LOOP('',(#1623,#1632,#1639,#1640,#1649,#1656));
#1658=FACE_BOUND('',#1657,.T.);
#1659=ADVANCED_FACE('',(#1658),#1613,.T.);
#1660=CARTESIAN_POINT('',(0.13186244,-0.276287785,-1.407207682));
#1661=DIRECTION('',(0.,0.,1.));
#1662=DIRECTION('',(1.,0.,0.));
#1663=AXIS2_PLACEMENT_3D('',#1660,#1661,#1662);
#1664=PLANE('',#1663);
#1665=ORIENTED_EDGE('',*,*,#1597,.F.);
#1666=ORIENTED_EDGE('',*,*,#1604,.F.);
#1667=EDGE_LOOP('',(#1665,#1666));
#1668=FACE_BOUND('',#1667,.T.);
#1669=ORIENTED_EDGE('',*,*,#1631,.T.);
#1670=ORIENTED_EDGE('',*,*,#1638,.T.);
#1671=EDGE_LOOP('',(#1669,#1670));
#1672=FACE_BOUND('',#1671,.T.);
#1673=ADVANCED_FACE('',(#1668,#1672),#1664,.T.);
#1674=CARTESIAN_POINT('',(0.,0.,-1.907207682));
#1675=DIRECTION('',(0.,0.,1.));
#1676=DIRECTION('',(1.,0.,0.));
#1677=AXIS2_PLACEMENT_3D('',#1674,#1675,#1676);
#1678=PLANE('',#1677);
#1679=CARTESIAN_POINT('',(-27.83578756,27.675162215,-1.907207682));
#1680=VERTEX_POINT('',#1679);
#1681=CARTESIAN_POINT('',(-28.93578756,27.675162215,-1.907207682));
#1682=DIRECTION('',(0.,0.,-1.));
#1683=DIRECTION('',(1.,0.,0.));
#1684=AXIS2_PLACEMENT_3D('',#1681,#1682,#1683);
#1685=CIRCLE('',#1684,1.1);
#1686=EDGE_CURVE('',#1680,#1680,#1685,.T.);
#1687=ORIENTED_EDGE('',*,*,#1686,.T.);
#1688=EDGE_LOOP('',(#1687));
#1689=FACE_BOUND('',#1688,.T.);
#1690=ORIENTED_EDGE('',*,*,#1580,.T.);
#1691=ORIENTED_EDGE('',*,*,#1587,.T.);
#1692=EDGE_LOOP('',(#1690,#1691));
#1693=FACE_BOUND('',#1692,.T.);
#1694=ADVANCED_FACE('',(#1689,#1693),#1678,.T.);
#1695=CARTESIAN_POINT('',(-28.18578756,-31.924837785,-1.407207682));
#1696=DIRECTION('',(0.,0.,-1.));
#1697=DIRECTION('',(-1.,0.,0.));
#1698=AXIS2_PLACEMENT_3D('',#1695,#1696,#1697);
#1699=CYLINDRICAL_SURFACE('',#1698,1.75);
#1700=CARTESIAN_POINT('',(-29.93578756,-31.924837785,-1.907207682));
#1701=VERTEX_POINT('',#1700);
#1702=CARTESIAN_POINT('',(-29.93578756,-31.924837785,-1.407207682));
#1703=VERTEX_POINT('',#1702);
#1704=CARTESIAN_POINT('',(-29.93578756,-31.924837785,-1.907207682));
#1705=DIRECTION('',(-0.,-0.,1.));
#1706=VECTOR('',#1705,0.5);
#1707=LINE('',#1704,#1706);
#1708=EDGE_CURVE('',#1701,#1703,#1707,.T.);
#1709=ORIENTED_EDGE('',*,*,#1708,.F.);
#1710=CARTESIAN_POINT('',(-26.43578756,-31.924837785,-1.907207682));
#1711=VERTEX_POINT('',#1710);
#1712=CARTESIAN_POINT('',(-28.18578756,-31.924837785,-1.907207682));
#1713=DIRECTION('',(0.,0.,1.));
#1714=DIRECTION('',(1.,0.,-0.));
#1715=AXIS2_PLACEMENT_3D('',#1712,#1713,#1714);
#1716=CIRCLE('',#1715,1.75);
#1717=EDGE_CURVE('',#1711,#1701,#1716,.T.);
#1718=ORIENTED_EDGE('',*,*,#1717,.F.);
#1719=CARTESIAN_POINT('',(-28.18578756,-31.924837785,-1.907207682));
#1720=DIRECTION('',(0.,0.,1.));
#1721=DIRECTION('',(1.,0.,-0.));
#1722=AXIS2_PLACEMENT_3D('',#1719,#1720,#1721);
#1723=CIRCLE('',#1722,1.75);
#1724=EDGE_CURVE('',#1701,#1711,#1723,.T.);
#1725=ORIENTED_EDGE('',*,*,#1724,.F.);
#1726=ORIENTED_EDGE('',*,*,#1708,.T.);
#1727=CARTESIAN_POINT('',(-26.43578756,-31.924837785,-1.407207682));
#1728=VERTEX_POINT('',#1727);
#1729=CARTESIAN_POINT('',(-28.18578756,-31.924837785,-1.407207682));
#1730=DIRECTION('',(0.,0.,1.));
#1731=DIRECTION('',(1.,0.,-0.));
#1732=AXIS2_PLACEMENT_3D('',#1729,#1730,#1731);
#1733=CIRCLE('',#1732,1.75);
#1734=EDGE_CURVE('',#1703,#1728,#1733,.T.);
#1735=ORIENTED_EDGE('',*,*,#1734,.T.);
#1736=CARTESIAN_POINT('',(-28.18578756,-31.924837785,-1.407207682));
#1737=DIRECTION('',(0.,0.,1.));
#1738=DIRECTION('',(1.,0.,-0.));
#1739=AXIS2_PLACEMENT_3D('',#1736,#1737,#1738);
#1740=CIRCLE('',#1739,1.75);
#1741=EDGE_CURVE('',#1728,#1703,#1740,.T.);
#1742=ORIENTED_EDGE('',*,*,#1741,.T.);
#1743=EDGE_LOOP('',(#1709,#1718,#1725,#1726,#1735,#1742));
#1744=FACE_BOUND('',#1743,.T.);
#1745=ADVANCED_FACE('',(#1744),#1699,.F.);
#1746=CARTESIAN_POINT('',(-28.18578756,-31.924837785,-1.407207682));
#1747=DIRECTION('',(0.,0.,-1.));
#1748=DIRECTION('',(-1.,0.,0.));
#1749=AXIS2_PLACEMENT_3D('',#1746,#1747,#1748);
#1750=CYLINDRICAL_SURFACE('',#1749,4.5);
#1751=CARTESIAN_POINT('',(-32.68578756,-31.924837785,-1.907207682));
#1752=VERTEX_POINT('',#1751);
#1753=CARTESIAN_POINT('',(-32.68578756,-31.924837785,-1.407207682));
#1754=VERTEX_POINT('',#1753);
#1755=CARTESIAN_POINT('',(-32.68578756,-31.924837785,-1.907207682));
#1756=DIRECTION('',(-0.,-0.,1.));
#1757=VECTOR('',#1756,0.5);
#1758=LINE('',#1755,#1757);
#1759=EDGE_CURVE('',#1752,#1754,#1758,.T.);
#1760=ORIENTED_EDGE('',*,*,#1759,.T.);
#1761=CARTESIAN_POINT('',(-23.68578756,-31.924837785,-1.407207682));
#1762=VERTEX_POINT('',#1761);
#1763=CARTESIAN_POINT('',(-28.18578756,-31.924837785,-1.407207682));
#1764=DIRECTION('',(0.,0.,1.));
#1765=DIRECTION('',(1.,0.,-0.));
#1766=AXIS2_PLACEMENT_3D('',#1763,#1764,#1765);
#1767=CIRCLE('',#1766,4.5);
#1768=EDGE_CURVE('',#1762,#1754,#1767,.T.);
#1769=ORIENTED_EDGE('',*,*,#1768,.F.);
#1770=CARTESIAN_POINT('',(-28.18578756,-31.924837785,-1.407207682));
#1771=DIRECTION('',(0.,0.,1.));
#1772=DIRECTION('',(1.,0.,-0.));
#1773=AXIS2_PLACEMENT_3D('',#1770,#1771,#1772);
#1774=CIRCLE('',#1773,4.5);
#1775=EDGE_CURVE('',#1754,#1762,#1774,.T.);
#1776=ORIENTED_EDGE('',*,*,#1775,.F.);
#1777=ORIENTED_EDGE('',*,*,#1759,.F.);
#1778=CARTESIAN_POINT('',(-23.68578756,-31.924837785,-1.907207682));
#1779=VERTEX_POINT('',#1778);
#1780=CARTESIAN_POINT('',(-28.18578756,-31.924837785,-1.907207682));
#1781=DIRECTION('',(0.,0.,1.));
#1782=DIRECTION('',(1.,0.,-0.));
#1783=AXIS2_PLACEMENT_3D('',#1780,#1781,#1782);
#1784=CIRCLE('',#1783,4.5);
#1785=EDGE_CURVE('',#1752,#1779,#1784,.T.);
#1786=ORIENTED_EDGE('',*,*,#1785,.T.);
#1787=CARTESIAN_POINT('',(-28.18578756,-31.924837785,-1.907207682));
#1788=DIRECTION('',(0.,0.,1.));
#1789=DIRECTION('',(1.,0.,-0.));
#1790=AXIS2_PLACEMENT_3D('',#1787,#1788,#1789);
#1791=CIRCLE('',#1790,4.5);
#1792=EDGE_CURVE('',#1779,#1752,#1791,.T.);
#1793=ORIENTED_EDGE('',*,*,#1792,.T.);
#1794=EDGE_LOOP('',(#1760,#1769,#1776,#1777,#1786,#1793));
#1795=FACE_BOUND('',#1794,.T.);
#1796=ADVANCED_FACE('',(#1795),#1750,.T.);
#1797=CARTESIAN_POINT('',(0.13186244,-0.276287785,-1.407207682));
#1798=DIRECTION('',(0.,0.,1.));
#1799=DIRECTION('',(1.,0.,0.));
#1800=AXIS2_PLACEMENT_3D('',#1797,#1798,#1799);
#1801=PLANE('',#1800);
#1802=ORIENTED_EDGE('',*,*,#1734,.F.);
#1803=ORIENTED_EDGE('',*,*,#1741,.F.);
#1804=EDGE_LOOP('',(#1802,#1803));
#1805=FACE_BOUND('',#1804,.T.);
#1806=ORIENTED_EDGE('',*,*,#1768,.T.);
#1807=ORIENTED_EDGE('',*,*,#1775,.T.);
#1808=EDGE_LOOP('',(#1806,#1807));
#1809=FACE_BOUND('',#1808,.T.);
#1810=ADVANCED_FACE('',(#1805,#1809),#1801,.T.);
#1811=CARTESIAN_POINT('',(0.,0.,-1.907207682));
#1812=DIRECTION('',(0.,0.,1.));
#1813=DIRECTION('',(1.,0.,0.));
#1814=AXIS2_PLACEMENT_3D('',#1811,#1812,#1813);
#1815=PLANE('',#1814);
#1816=CARTESIAN_POINT('',(-27.08578756,-31.924837785,-1.907207682));
#1817=VERTEX_POINT('',#1816);
#1818=CARTESIAN_POINT('',(-28.18578756,-31.924837785,-1.907207682));
#1819=DIRECTION('',(0.,0.,-1.));
#1820=DIRECTION('',(1.,0.,0.));
#1821=AXIS2_PLACEMENT_3D('',#1818,#1819,#1820);
#1822=CIRCLE('',#1821,1.1);
#1823=EDGE_CURVE('',#1817,#1817,#1822,.T.);
#1824=ORIENTED_EDGE('',*,*,#1823,.T.);
#1825=EDGE_LOOP('',(#1824));
#1826=FACE_BOUND('',#1825,.T.);
#1827=ORIENTED_EDGE('',*,*,#1717,.T.);
#1828=ORIENTED_EDGE('',*,*,#1724,.T.);
#1829=EDGE_LOOP('',(#1827,#1828));
#1830=FACE_BOUND('',#1829,.T.);
#1831=ADVANCED_FACE('',(#1826,#1830),#1815,.T.);
#1832=CARTESIAN_POINT('',(0.13186244,43.644609954,0.694064408));
#1833=DIRECTION('',(-0.18872465,0.982030044,0.));
#1834=DIRECTION('',(-0.982030044,-0.18872465,0.));
#1835=AXIS2_PLACEMENT_3D('',#1832,#1833,#1834);
#1836=PLANE('',#1835);
#1837=CARTESIAN_POINT('',(1.636719653,43.933810527,-1.509087113));
#1838=VERTEX_POINT('',#1837);
#1839=CARTESIAN_POINT('',(1.636719653,43.933810527,-1.509087113));
#1840=DIRECTION('',(0.,0.,-1.));
#1841=VECTOR('',#1840,1.898120568);
#1842=LINE('',#1839,#1841);
#1843=EDGE_CURVE('',#1838,#612,#1842,.T.);
#1844=ORIENTED_EDGE('',*,*,#1843,.F.);
#1845=CARTESIAN_POINT('',(1.636719653,43.933810527,-1.509087113));
#1846=DIRECTION('',(-0.982030044,-0.18872465,0.));
#1847=VECTOR('',#1846,1.532394271);
#1848=LINE('',#1845,#1847);
#1849=EDGE_CURVE('',#1838,#118,#1848,.T.);
#1850=ORIENTED_EDGE('',*,*,#1849,.T.);
#1851=ORIENTED_EDGE('',*,*,#123,.F.);
#1852=CARTESIAN_POINT('',(8.636719653,45.279057101,-0.507207682));
#1853=VERTEX_POINT('',#1852);
#1854=CARTESIAN_POINT('',(8.636719653,45.279057101,-0.507207682));
#1855=DIRECTION('',(-0.982030044,-0.18872465,0.));
#1856=VECTOR('',#1855,8.660485765);
#1857=LINE('',#1854,#1856);
#1858=EDGE_CURVE('',#1853,#110,#1857,.T.);
#1859=ORIENTED_EDGE('',*,*,#1858,.F.);
#1860=CARTESIAN_POINT('',(8.636719653,45.279057101,-1.907207682));
#1861=VERTEX_POINT('',#1860);
#1862=CARTESIAN_POINT('',(8.636719653,45.279057101,-0.507207682));
#1863=DIRECTION('',(0.,0.,-1.));
#1864=VECTOR('',#1863,1.4);
#1865=LINE('',#1862,#1864);
#1866=EDGE_CURVE('',#1853,#1861,#1865,.T.);
#1867=ORIENTED_EDGE('',*,*,#1866,.T.);
#1868=CARTESIAN_POINT('',(46.134811852,52.48536854,-1.907207682));
#1869=VERTEX_POINT('',#1868);
#1870=CARTESIAN_POINT('',(8.636719653,45.279057101,-1.907207682));
#1871=DIRECTION('',(0.982030044,0.18872465,0.));
#1872=VECTOR('',#1871,38.184261721);
#1873=LINE('',#1870,#1872);
#1874=EDGE_CURVE('',#1861,#1869,#1873,.T.);
#1875=ORIENTED_EDGE('',*,*,#1874,.T.);
#1876=CARTESIAN_POINT('',(46.134811852,52.48536854,-3.407207682));
#1877=DIRECTION('',(0.,0.,1.));
#1878=VECTOR('',#1877,1.5);
#1879=LINE('',#1876,#1878);
#1880=EDGE_CURVE('',#704,#1869,#1879,.T.);
#1881=ORIENTED_EDGE('',*,*,#1880,.F.);
#1882=ORIENTED_EDGE('',*,*,#709,.F.);
#1883=CARTESIAN_POINT('',(7.636719653,45.086879019,-1.509087113));
#1884=VERTEX_POINT('',#1883);
#1885=CARTESIAN_POINT('',(7.636719653,45.086879019,-1.509087113));
#1886=DIRECTION('',(0.,0.,-1.));
#1887=VECTOR('',#1886,1.898120568);
#1888=LINE('',#1885,#1887);
#1889=EDGE_CURVE('',#1884,#696,#1888,.T.);
#1890=ORIENTED_EDGE('',*,*,#1889,.F.);
#1891=CARTESIAN_POINT('',(5.636719653,44.702522855,-1.509087113));
#1892=VERTEX_POINT('',#1891);
#1893=CARTESIAN_POINT('',(5.636719653,44.702522855,-1.509087113));
#1894=DIRECTION('',(0.982030044,0.18872465,0.));
#1895=VECTOR('',#1894,2.03659757);
#1896=LINE('',#1893,#1895);
#1897=EDGE_CURVE('',#1892,#1884,#1896,.T.);
#1898=ORIENTED_EDGE('',*,*,#1897,.F.);
#1899=CARTESIAN_POINT('',(5.636719653,44.702522855,-1.509087113));
#1900=DIRECTION('',(0.,0.,-1.));
#1901=VECTOR('',#1900,1.898120568);
#1902=LINE('',#1899,#1901);
#1903=EDGE_CURVE('',#1892,#662,#1902,.T.);
#1904=ORIENTED_EDGE('',*,*,#1903,.T.);
#1905=ORIENTED_EDGE('',*,*,#667,.F.);
#1906=CARTESIAN_POINT('',(4.636719653,44.510344773,-1.509087113));
#1907=VERTEX_POINT('',#1906);
#1908=CARTESIAN_POINT('',(4.636719653,44.510344773,-3.407207682));
#1909=DIRECTION('',(0.,0.,1.));
#1910=VECTOR('',#1909,1.898120568);
#1911=LINE('',#1908,#1910);
#1912=EDGE_CURVE('',#654,#1907,#1911,.T.);
#1913=ORIENTED_EDGE('',*,*,#1912,.T.);
#1914=CARTESIAN_POINT('',(2.636719653,44.125988609,-1.509087113));
#1915=VERTEX_POINT('',#1914);
#1916=CARTESIAN_POINT('',(2.636719653,44.125988609,-1.509087113));
#1917=DIRECTION('',(0.982030044,0.18872465,0.));
#1918=VECTOR('',#1917,2.03659757);
#1919=LINE('',#1916,#1918);
#1920=EDGE_CURVE('',#1915,#1907,#1919,.T.);
#1921=ORIENTED_EDGE('',*,*,#1920,.F.);
#1922=CARTESIAN_POINT('',(2.636719653,44.125988609,-3.407207682));
#1923=DIRECTION('',(0.,0.,1.));
#1924=VECTOR('',#1923,1.898120568);
#1925=LINE('',#1922,#1924);
#1926=EDGE_CURVE('',#620,#1915,#1925,.T.);
#1927=ORIENTED_EDGE('',*,*,#1926,.F.);
#1928=ORIENTED_EDGE('',*,*,#625,.F.);
#1929=EDGE_LOOP('',(#1844,#1850,#1851,#1859,#1867,#1875,#1881,#1882,#1890,#1898,#1904,#1905,#1913,#1921,#1927,#1928));
#1930=FACE_BOUND('',#1929,.T.);
#1931=ADVANCED_FACE('',(#1930),#1836,.T.);
#1932=CARTESIAN_POINT('',(0.13186244,-0.276287785,-0.507207682));
#1933=DIRECTION('',(0.,0.,1.));
#1934=DIRECTION('',(1.,0.,0.));
#1935=AXIS2_PLACEMENT_3D('',#1932,#1933,#1934);
#1936=PLANE('',#1935);
#1937=CARTESIAN_POINT('',(8.636719653,-0.276287785,-0.507207682));
#1938=VERTEX_POINT('',#1937);
#1939=CARTESIAN_POINT('',(8.636719653,45.279057101,-0.507207682));
#1940=DIRECTION('',(0.,-1.,0.));
#1941=VECTOR('',#1940,45.555344886);
#1942=LINE('',#1939,#1941);
#1943=EDGE_CURVE('',#1853,#1938,#1942,.T.);
#1944=ORIENTED_EDGE('',*,*,#1943,.F.);
#1945=ORIENTED_EDGE('',*,*,#1858,.T.);
#1946=ORIENTED_EDGE('',*,*,#115,.T.);
#1947=CARTESIAN_POINT('',(-8.447611172,-0.276287785,-0.507207682));
#1948=VERTEX_POINT('',#1947);
#1949=CARTESIAN_POINT('',(-8.363280347,45.323305778,-0.507207682));
#1950=DIRECTION('',(-0.001849374,-0.99999829,0.));
#1951=VECTOR('',#1950,45.599671543);
#1952=LINE('',#1949,#1951);
#1953=EDGE_CURVE('',#102,#1948,#1952,.T.);
#1954=ORIENTED_EDGE('',*,*,#1953,.T.);
#1955=CARTESIAN_POINT('',(-8.447611172,-0.276287785,-0.507207682));
#1956=DIRECTION('',(1.,0.,-0.));
#1957=VECTOR('',#1956,17.084330825);
#1958=LINE('',#1955,#1957);
#1959=EDGE_CURVE('',#1948,#1938,#1958,.T.);
#1960=ORIENTED_EDGE('',*,*,#1959,.T.);
#1961=EDGE_LOOP('',(#1944,#1945,#1946,#1954,#1960));
#1962=FACE_BOUND('',#1961,.T.);
#1963=ADVANCED_FACE('',(#1962),#1936,.T.);
#1964=CARTESIAN_POINT('',(8.636719653,45.075405778,-0.507207682));
#1965=DIRECTION('',(1.,0.,0.));
#1966=DIRECTION('',(0.,0.,-1.));
#1967=AXIS2_PLACEMENT_3D('',#1964,#1965,#1966);
#1968=PLANE('',#1967);
#1969=CARTESIAN_POINT('',(8.636719653,-0.276287785,-1.907207682));
#1970=VERTEX_POINT('',#1969);
#1971=CARTESIAN_POINT('',(8.636719653,45.279057101,-1.907207682));
#1972=DIRECTION('',(0.,-1.,0.));
#1973=VECTOR('',#1972,45.555344886);
#1974=LINE('',#1971,#1973);
#1975=EDGE_CURVE('',#1861,#1970,#1974,.T.);
#1976=ORIENTED_EDGE('',*,*,#1975,.F.);
#1977=ORIENTED_EDGE('',*,*,#1866,.F.);
#1978=ORIENTED_EDGE('',*,*,#1943,.T.);
#1979=CARTESIAN_POINT('',(8.636719653,-0.276287785,-0.507207682));
#1980=DIRECTION('',(0.,0.,-1.));
#1981=VECTOR('',#1980,1.4);
#1982=LINE('',#1979,#1981);
#1983=EDGE_CURVE('',#1938,#1970,#1982,.T.);
#1984=ORIENTED_EDGE('',*,*,#1983,.T.);
#1985=EDGE_LOOP('',(#1976,#1977,#1978,#1984));
#1986=FACE_BOUND('',#1985,.T.);
#1987=ADVANCED_FACE('',(#1986),#1968,.T.);
#1988=CARTESIAN_POINT('',(-8.363280347,45.323305778,-0.507207682));
#1989=DIRECTION('',(0.99999829,-0.001849374,0.));
#1990=DIRECTION('',(0.001849374,0.99999829,0.));
#1991=AXIS2_PLACEMENT_3D('',#1988,#1989,#1990);
#1992=PLANE('',#1991);
#1993=CARTESIAN_POINT('',(-8.36328468,45.320962843,-1.907207682));
#1994=VERTEX_POINT('',#1993);
#1995=CARTESIAN_POINT('',(-8.447611172,-0.276287785,-1.907207682));
#1996=VERTEX_POINT('',#1995);
#1997=CARTESIAN_POINT('',(-8.36328468,45.320962843,-1.907207682));
#1998=DIRECTION('',(-0.001849374,-0.99999829,0.));
#1999=VECTOR('',#1998,45.597328603);
#2000=LINE('',#1997,#1999);
#2001=EDGE_CURVE('',#1994,#1996,#2000,.T.);
#2002=ORIENTED_EDGE('',*,*,#2001,.T.);
#2003=CARTESIAN_POINT('',(-8.447611172,-0.276287785,-0.507207682));
#2004=DIRECTION('',(0.,0.,-1.));
#2005=VECTOR('',#2004,1.4);
#2006=LINE('',#2003,#2005);
#2007=EDGE_CURVE('',#1948,#1996,#2006,.T.);
#2008=ORIENTED_EDGE('',*,*,#2007,.F.);
#2009=ORIENTED_EDGE('',*,*,#1953,.F.);
#2010=ORIENTED_EDGE('',*,*,#107,.T.);
#2011=CARTESIAN_POINT('',(-8.36328468,45.320962843,-1.907207682));
#2012=DIRECTION('',(0.,0.,-1.));
#2013=VECTOR('',#2012,1.471430171);
#2014=LINE('',#2011,#2013);
#2015=EDGE_CURVE('',#1994,#95,#2014,.T.);
#2016=ORIENTED_EDGE('',*,*,#2015,.F.);
#2017=EDGE_LOOP('',(#2002,#2008,#2009,#2010,#2016));
#2018=FACE_BOUND('',#2017,.T.);
#2019=ADVANCED_FACE('',(#2018),#1992,.F.);
#2020=CARTESIAN_POINT('',(-8.447611172,-0.276287785,-0.507207682));
#2021=DIRECTION('',(0.,1.,0.));
#2022=DIRECTION('',(0.,0.,1.));
#2023=AXIS2_PLACEMENT_3D('',#2020,#2021,#2022);
#2024=PLANE('',#2023);
#2025=CARTESIAN_POINT('',(-8.447611172,-0.276287785,-1.907207682));
#2026=DIRECTION('',(1.,0.,-0.));
#2027=VECTOR('',#2026,17.084330825);
#2028=LINE('',#2025,#2027);
#2029=EDGE_CURVE('',#1996,#1970,#2028,.T.);
#2030=ORIENTED_EDGE('',*,*,#2029,.T.);
#2031=ORIENTED_EDGE('',*,*,#1983,.F.);
#2032=ORIENTED_EDGE('',*,*,#1959,.F.);
#2033=ORIENTED_EDGE('',*,*,#2007,.T.);
#2034=EDGE_LOOP('',(#2030,#2031,#2032,#2033));
#2035=FACE_BOUND('',#2034,.T.);
#2036=ADVANCED_FACE('',(#2035),#2024,.F.);
#2037=CARTESIAN_POINT('',(-45.88278756,52.735062215,-3.407207682));
#2038=DIRECTION('',(-0.193857876,-0.981029624,0.));
#2039=DIRECTION('',(0.981029624,-0.193857876,0.));
#2040=AXIS2_PLACEMENT_3D('',#2037,#2038,#2039);
#2041=PLANE('',#2040);
#2042=CARTESIAN_POINT('',(-45.88278756,52.735062215,-1.907207682));
#2043=VERTEX_POINT('',#2042);
#2044=CARTESIAN_POINT('',(-45.88278756,52.735062215,-1.907207682));
#2045=DIRECTION('',(0.981029624,-0.193857876,0.));
#2046=VECTOR('',#2045,38.245025373);
#2047=LINE('',#2044,#2046);
#2048=EDGE_CURVE('',#2043,#1994,#2047,.T.);
#2049=ORIENTED_EDGE('',*,*,#2048,.T.);
#2050=ORIENTED_EDGE('',*,*,#2015,.T.);
#2051=ORIENTED_EDGE('',*,*,#99,.F.);
#2052=ORIENTED_EDGE('',*,*,#508,.F.);
#2053=CARTESIAN_POINT('',(-45.88278756,52.735062215,-3.407207682));
#2054=DIRECTION('',(0.,0.,1.));
#2055=VECTOR('',#2054,1.5);
#2056=LINE('',#2053,#2055);
#2057=EDGE_CURVE('',#497,#2043,#2056,.T.);
#2058=ORIENTED_EDGE('',*,*,#2057,.T.);
#2059=EDGE_LOOP('',(#2049,#2050,#2051,#2052,#2058));
#2060=FACE_BOUND('',#2059,.T.);
#2061=ADVANCED_FACE('',(#2060),#2041,.F.);
#2062=CARTESIAN_POINT('',(-64.84868756,54.394462215,-3.407207682));
#2063=DIRECTION('',(-0.087160891,-0.996194248,0.));
#2064=DIRECTION('',(0.996194248,-0.087160891,0.));
#2065=AXIS2_PLACEMENT_3D('',#2062,#2063,#2064);
#2066=PLANE('',#2065);
#2067=CARTESIAN_POINT('',(-64.84868756,54.394462215,-1.907207682));
#2068=VERTEX_POINT('',#2067);
#2069=CARTESIAN_POINT('',(-64.84868756,54.394462215,-1.907207682));
#2070=DIRECTION('',(0.996194248,-0.087160891,0.));
#2071=VECTOR('',#2070,19.038355264);
#2072=LINE('',#2069,#2071);
#2073=EDGE_CURVE('',#2068,#2043,#2072,.T.);
#2074=ORIENTED_EDGE('',*,*,#2073,.T.);
#2075=ORIENTED_EDGE('',*,*,#2057,.F.);
#2076=ORIENTED_EDGE('',*,*,#502,.F.);
#2077=CARTESIAN_POINT('',(-64.84868756,54.394462215,-3.407207682));
#2078=DIRECTION('',(0.,0.,1.));
#2079=VECTOR('',#2078,1.5);
#2080=LINE('',#2077,#2079);
#2081=EDGE_CURVE('',#489,#2068,#2080,.T.);
#2082=ORIENTED_EDGE('',*,*,#2081,.T.);
#2083=EDGE_LOOP('',(#2074,#2075,#2076,#2082));
#2084=FACE_BOUND('',#2083,.T.);
#2085=ADVANCED_FACE('',(#2084),#2066,.F.);
#2086=CARTESIAN_POINT('',(-83.95298756,54.791462215,-3.407207682));
#2087=DIRECTION('',(-0.020776176,-0.999784152,0.));
#2088=DIRECTION('',(0.999784152,-0.020776176,0.));
#2089=AXIS2_PLACEMENT_3D('',#2086,#2087,#2088);
#2090=PLANE('',#2089);
#2091=CARTESIAN_POINT('',(-83.95298756,54.791462215,-1.907207682));
#2092=VERTEX_POINT('',#2091);
#2093=CARTESIAN_POINT('',(-83.95298756,54.791462215,-1.907207682));
#2094=DIRECTION('',(0.999784152,-0.020776176,0.));
#2095=VECTOR('',#2094,19.108424516);
#2096=LINE('',#2093,#2095);
#2097=EDGE_CURVE('',#2092,#2068,#2096,.T.);
#2098=ORIENTED_EDGE('',*,*,#2097,.T.);
#2099=ORIENTED_EDGE('',*,*,#2081,.F.);
#2100=ORIENTED_EDGE('',*,*,#494,.F.);
#2101=CARTESIAN_POINT('',(-83.95298756,54.791462215,-3.407207682));
#2102=DIRECTION('',(0.,0.,1.));
#2103=VECTOR('',#2102,1.5);
#2104=LINE('',#2101,#2103);
#2105=EDGE_CURVE('',#481,#2092,#2104,.T.);
#2106=ORIENTED_EDGE('',*,*,#2105,.T.);
#2107=EDGE_LOOP('',(#2098,#2099,#2100,#2106));
#2108=FACE_BOUND('',#2107,.T.);
#2109=ADVANCED_FACE('',(#2108),#2090,.F.);
#2110=CARTESIAN_POINT('',(-103.00738756,55.197262215,-3.407207682));
#2111=DIRECTION('',(-0.02129209,-0.999773298,0.));
#2112=DIRECTION('',(0.999773298,-0.02129209,0.));
#2113=AXIS2_PLACEMENT_3D('',#2110,#2111,#2112);
#2114=PLANE('',#2113);
#2115=CARTESIAN_POINT('',(-103.00738756,55.197262215,-1.907207682));
#2116=VERTEX_POINT('',#2115);
#2117=CARTESIAN_POINT('',(-103.00738756,55.197262215,-1.907207682));
#2118=DIRECTION('',(0.999773298,-0.02129209,0.));
#2119=VECTOR('',#2118,19.058720655);
#2120=LINE('',#2117,#2119);
#2121=EDGE_CURVE('',#2116,#2092,#2120,.T.);
#2122=ORIENTED_EDGE('',*,*,#2121,.T.);
#2123=ORIENTED_EDGE('',*,*,#2105,.F.);
#2124=ORIENTED_EDGE('',*,*,#486,.F.);
#2125=CARTESIAN_POINT('',(-103.00738756,55.197262215,-3.407207682));
#2126=DIRECTION('',(0.,0.,1.));
#2127=VECTOR('',#2126,1.5);
#2128=LINE('',#2125,#2127);
#2129=EDGE_CURVE('',#473,#2116,#2128,.T.);
#2130=ORIENTED_EDGE('',*,*,#2129,.T.);
#2131=EDGE_LOOP('',(#2122,#2123,#2124,#2130));
#2132=FACE_BOUND('',#2131,.T.);
#2133=ADVANCED_FACE('',(#2132),#2114,.F.);
#2134=CARTESIAN_POINT('',(-122.25028756,54.331862215,-3.407207682));
#2135=DIRECTION('',(0.044927021,-0.998990272,0.));
#2136=DIRECTION('',(0.998990272,0.044927021,0.));
#2137=AXIS2_PLACEMENT_3D('',#2134,#2135,#2136);
#2138=PLANE('',#2137);
#2139=ORIENTED_EDGE('',*,*,#478,.F.);
#2140=CARTESIAN_POINT('',(-121.375205099,54.371216801,-1.907207682));
#2141=VERTEX_POINT('',#2140);
#2142=CARTESIAN_POINT('',(-121.375205099,54.371216801,-3.407207682));
#2143=DIRECTION('',(0.,0.,1.));
#2144=VECTOR('',#2143,1.5);
#2145=LINE('',#2142,#2144);
#2146=EDGE_CURVE('',#464,#2141,#2145,.T.);
#2147=ORIENTED_EDGE('',*,*,#2146,.T.);
#2148=CARTESIAN_POINT('',(-121.375205099,54.371216801,-1.907207682));
#2149=DIRECTION('',(0.998990272,0.044927021,0.));
#2150=VECTOR('',#2149,18.386382792);
#2151=LINE('',#2148,#2150);
#2152=EDGE_CURVE('',#2141,#2116,#2151,.T.);
#2153=ORIENTED_EDGE('',*,*,#2152,.T.);
#2154=ORIENTED_EDGE('',*,*,#2129,.F.);
#2155=EDGE_LOOP('',(#2139,#2147,#2153,#2154));
#2156=FACE_BOUND('',#2155,.T.);
#2157=ADVANCED_FACE('',(#2156),#2138,.F.);
#2158=CARTESIAN_POINT('',(-128.87908756,-21.581737785,-3.407207682));
#2159=DIRECTION('',(0.996209245,-0.086989312,0.));
#2160=DIRECTION('',(0.086989312,0.996209245,0.));
#2161=AXIS2_PLACEMENT_3D('',#2158,#2159,#2160);
#2162=PLANE('',#2161);
#2163=CARTESIAN_POINT('',(-128.824058455,-20.95153964,-1.907207682));
#2164=VERTEX_POINT('',#2163);
#2165=CARTESIAN_POINT('',(-122.326487322,53.459215842,-1.907207682));
#2166=VERTEX_POINT('',#2165);
#2167=CARTESIAN_POINT('',(-128.824058455,-20.95153964,-1.907207682));
#2168=DIRECTION('',(0.086989312,0.996209245,0.));
#2169=VECTOR('',#2168,74.693901772);
#2170=LINE('',#2167,#2169);
#2171=EDGE_CURVE('',#2164,#2166,#2170,.T.);
#2172=ORIENTED_EDGE('',*,*,#2171,.T.);
#2173=CARTESIAN_POINT('',(-122.326487322,53.459215842,-1.907207682));
#2174=DIRECTION('',(-0.,-0.,-1.));
#2175=VECTOR('',#2174,1.5);
#2176=LINE('',#2173,#2175);
#2177=EDGE_CURVE('',#2166,#456,#2176,.T.);
#2178=ORIENTED_EDGE('',*,*,#2177,.T.);
#2179=ORIENTED_EDGE('',*,*,#461,.F.);
#2180=CARTESIAN_POINT('',(-128.824058455,-20.95153964,-3.407207682));
#2181=DIRECTION('',(0.,0.,1.));
#2182=VECTOR('',#2181,1.5);
#2183=LINE('',#2180,#2182);
#2184=EDGE_CURVE('',#447,#2164,#2183,.T.);
#2185=ORIENTED_EDGE('',*,*,#2184,.T.);
#2186=EDGE_LOOP('',(#2172,#2178,#2179,#2185));
#2187=FACE_BOUND('',#2186,.T.);
#2188=ADVANCED_FACE('',(#2187),#2162,.F.);
#2189=CARTESIAN_POINT('',(-90.43928756,-44.094437785,-3.407207682));
#2190=DIRECTION('',(0.505369014,0.862903331,0.));
#2191=DIRECTION('',(-0.862903331,0.505369014,0.));
#2192=AXIS2_PLACEMENT_3D('',#2189,#2190,#2191);
#2193=PLANE('',#2192);
#2194=CARTESIAN_POINT('',(-90.633016106,-43.980978488,-1.907207682));
#2195=VERTEX_POINT('',#2194);
#2196=CARTESIAN_POINT('',(-128.333218224,-21.901432283,-1.907207682));
#2197=VERTEX_POINT('',#2196);
#2198=CARTESIAN_POINT('',(-90.633016106,-43.980978488,-1.907207682));
#2199=DIRECTION('',(-0.862903331,0.505369014,0.));
#2200=VECTOR('',#2199,43.689948504);
#2201=LINE('',#2198,#2200);
#2202=EDGE_CURVE('',#2195,#2197,#2201,.T.);
#2203=ORIENTED_EDGE('',*,*,#2202,.T.);
#2204=CARTESIAN_POINT('',(-128.333218224,-21.901432283,-1.907207682));
#2205=DIRECTION('',(-0.,-0.,-1.));
#2206=VECTOR('',#2205,1.5);
#2207=LINE('',#2204,#2206);
#2208=EDGE_CURVE('',#2197,#439,#2207,.T.);
#2209=ORIENTED_EDGE('',*,*,#2208,.T.);
#2210=ORIENTED_EDGE('',*,*,#444,.F.);
#2211=CARTESIAN_POINT('',(-90.633016106,-43.980978488,-3.407207682));
#2212=DIRECTION('',(0.,0.,1.));
#2213=VECTOR('',#2212,1.5);
#2214=LINE('',#2211,#2213);
#2215=EDGE_CURVE('',#430,#2195,#2214,.T.);
#2216=ORIENTED_EDGE('',*,*,#2215,.T.);
#2217=EDGE_LOOP('',(#2203,#2209,#2210,#2216));
#2218=FACE_BOUND('',#2217,.T.);
#2219=ADVANCED_FACE('',(#2218),#2193,.F.);
#2220=CARTESIAN_POINT('',(-52.23968756,-47.469237785,-3.407207682));
#2221=DIRECTION('',(0.088003704,0.996120147,0.));
#2222=DIRECTION('',(-0.996120147,0.088003704,0.));
#2223=AXIS2_PLACEMENT_3D('',#2220,#2221,#2222);
#2224=PLANE('',#2223);
#2225=CARTESIAN_POINT('',(-52.23968756,-47.469237785,-1.907207682));
#2226=VERTEX_POINT('',#2225);
#2227=CARTESIAN_POINT('',(-90.215650796,-44.114195304,-1.907207682));
#2228=VERTEX_POINT('',#2227);
#2229=CARTESIAN_POINT('',(-52.23968756,-47.469237785,-1.907207682));
#2230=DIRECTION('',(-0.996120147,0.088003704,0.));
#2231=VECTOR('',#2230,38.123878262);
#2232=LINE('',#2229,#2231);
#2233=EDGE_CURVE('',#2226,#2228,#2232,.T.);
#2234=ORIENTED_EDGE('',*,*,#2233,.T.);
#2235=CARTESIAN_POINT('',(-90.215650796,-44.114195304,-1.907207682));
#2236=DIRECTION('',(-0.,-0.,-1.));
#2237=VECTOR('',#2236,1.5);
#2238=LINE('',#2235,#2237);
#2239=EDGE_CURVE('',#2228,#422,#2238,.T.);
#2240=ORIENTED_EDGE('',*,*,#2239,.T.);
#2241=ORIENTED_EDGE('',*,*,#427,.F.);
#2242=CARTESIAN_POINT('',(-52.23968756,-47.469237785,-3.407207682));
#2243=DIRECTION('',(0.,0.,1.));
#2244=VECTOR('',#2243,1.5);
#2245=LINE('',#2242,#2244);
#2246=EDGE_CURVE('',#414,#2226,#2245,.T.);
#2247=ORIENTED_EDGE('',*,*,#2246,.T.);
#2248=EDGE_LOOP('',(#2234,#2240,#2241,#2247));
#2249=FACE_BOUND('',#2248,.T.);
#2250=ADVANCED_FACE('',(#2249),#2224,.F.);
#2251=CARTESIAN_POINT('',(-33.45078756,-52.512737785,-3.407207682));
#2252=DIRECTION('',(0.259252069,0.965809694,0.));
#2253=DIRECTION('',(-0.965809694,0.259252069,0.));
#2254=AXIS2_PLACEMENT_3D('',#2251,#2252,#2253);
#2255=PLANE('',#2254);
#2256=CARTESIAN_POINT('',(-33.45078756,-52.512737785,-1.907207682));
#2257=VERTEX_POINT('',#2256);
#2258=CARTESIAN_POINT('',(-33.45078756,-52.512737785,-1.907207682));
#2259=DIRECTION('',(-0.965809694,0.259252069,0.));
#2260=VECTOR('',#2259,19.454039567);
#2261=LINE('',#2258,#2260);
#2262=EDGE_CURVE('',#2257,#2226,#2261,.T.);
#2263=ORIENTED_EDGE('',*,*,#2262,.T.);
#2264=ORIENTED_EDGE('',*,*,#2246,.F.);
#2265=ORIENTED_EDGE('',*,*,#419,.F.);
#2266=CARTESIAN_POINT('',(-33.45078756,-52.512737785,-3.407207682));
#2267=DIRECTION('',(0.,0.,1.));
#2268=VECTOR('',#2267,1.5);
#2269=LINE('',#2266,#2268);
#2270=EDGE_CURVE('',#406,#2257,#2269,.T.);
#2271=ORIENTED_EDGE('',*,*,#2270,.T.);
#2272=EDGE_LOOP('',(#2263,#2264,#2265,#2271));
#2273=FACE_BOUND('',#2272,.T.);
#2274=ADVANCED_FACE('',(#2273),#2255,.F.);
#2275=CARTESIAN_POINT('',(-33.45078756,-52.512737785,-3.407207682));
#2276=DIRECTION('',(-0.223405207,-0.974725661,0.));
#2277=DIRECTION('',(0.974725661,-0.223405207,0.));
#2278=AXIS2_PLACEMENT_3D('',#2275,#2276,#2277);
#2279=PLANE('',#2278);
#2280=CARTESIAN_POINT('',(-30.39578756,-53.212937785,-1.907207682));
#2281=VERTEX_POINT('',#2280);
#2282=CARTESIAN_POINT('',(-33.45078756,-52.512737785,-1.907207682));
#2283=DIRECTION('',(0.974725661,-0.223405207,0.));
#2284=VECTOR('',#2283,3.134215219);
#2285=LINE('',#2282,#2284);
#2286=EDGE_CURVE('',#2257,#2281,#2285,.T.);
#2287=ORIENTED_EDGE('',*,*,#2286,.F.);
#2288=ORIENTED_EDGE('',*,*,#2270,.F.);
#2289=ORIENTED_EDGE('',*,*,#411,.T.);
#2290=CARTESIAN_POINT('',(-30.39578756,-53.212937785,-3.407207682));
#2291=DIRECTION('',(0.,0.,1.));
#2292=VECTOR('',#2291,1.5);
#2293=LINE('',#2290,#2292);
#2294=EDGE_CURVE('',#398,#2281,#2293,.T.);
#2295=ORIENTED_EDGE('',*,*,#2294,.T.);
#2296=EDGE_LOOP('',(#2287,#2288,#2289,#2295));
#2297=FACE_BOUND('',#2296,.T.);
#2298=ADVANCED_FACE('',(#2297),#2279,.T.);
#2299=CARTESIAN_POINT('',(-1.72748756,-55.725437785,-3.407207682));
#2300=DIRECTION('',(0.087305707,0.996181567,0.));
#2301=DIRECTION('',(-0.996181567,0.087305707,0.));
#2302=AXIS2_PLACEMENT_3D('',#2299,#2300,#2301);
#2303=PLANE('',#2302);
#2304=CARTESIAN_POINT('',(-1.72748756,-55.725437785,-1.907207682));
#2305=VERTEX_POINT('',#2304);
#2306=CARTESIAN_POINT('',(-1.72748756,-55.725437785,-1.907207682));
#2307=DIRECTION('',(-0.996181567,0.087305707,0.));
#2308=VECTOR('',#2307,28.778187593);
#2309=LINE('',#2306,#2308);
#2310=EDGE_CURVE('',#2305,#2281,#2309,.T.);
#2311=ORIENTED_EDGE('',*,*,#2310,.T.);
#2312=ORIENTED_EDGE('',*,*,#2294,.F.);
#2313=ORIENTED_EDGE('',*,*,#403,.F.);
#2314=CARTESIAN_POINT('',(-1.72748756,-55.725437785,-3.407207682));
#2315=DIRECTION('',(0.,0.,1.));
#2316=VECTOR('',#2315,1.5);
#2317=LINE('',#2314,#2316);
#2318=EDGE_CURVE('',#390,#2305,#2317,.T.);
#2319=ORIENTED_EDGE('',*,*,#2318,.T.);
#2320=EDGE_LOOP('',(#2311,#2312,#2313,#2319));
#2321=FACE_BOUND('',#2320,.T.);
#2322=ADVANCED_FACE('',(#2321),#2303,.F.);
#2323=CARTESIAN_POINT('',(-1.72748756,-55.725437785,-3.407207682));
#2324=DIRECTION('',(-0.007258905,-0.999973654,0.));
#2325=DIRECTION('',(0.999973654,-0.007258905,0.));
#2326=AXIS2_PLACEMENT_3D('',#2323,#2324,#2325);
#2327=PLANE('',#2326);
#2328=CARTESIAN_POINT('',(1.63381244,-55.749837785,-1.907207682));
#2329=VERTEX_POINT('',#2328);
#2330=CARTESIAN_POINT('',(-1.72748756,-55.725437785,-1.907207682));
#2331=DIRECTION('',(0.999973654,-0.007258905,0.));
#2332=VECTOR('',#2331,3.36138856);
#2333=LINE('',#2330,#2332);
#2334=EDGE_CURVE('',#2305,#2329,#2333,.T.);
#2335=ORIENTED_EDGE('',*,*,#2334,.F.);
#2336=ORIENTED_EDGE('',*,*,#2318,.F.);
#2337=ORIENTED_EDGE('',*,*,#395,.T.);
#2338=CARTESIAN_POINT('',(1.63381244,-55.749837785,-3.407207682));
#2339=DIRECTION('',(0.,0.,1.));
#2340=VECTOR('',#2339,1.5);
#2341=LINE('',#2338,#2340);
#2342=EDGE_CURVE('',#382,#2329,#2341,.T.);
#2343=ORIENTED_EDGE('',*,*,#2342,.T.);
#2344=EDGE_LOOP('',(#2335,#2336,#2337,#2343));
#2345=FACE_BOUND('',#2344,.T.);
#2346=ADVANCED_FACE('',(#2345),#2327,.T.);
#2347=CARTESIAN_POINT('',(30.30201244,-53.237337785,-3.407207682));
#2348=DIRECTION('',(-0.087306009,0.99618154,0.));
#2349=DIRECTION('',(-0.99618154,-0.087306009,0.));
#2350=AXIS2_PLACEMENT_3D('',#2347,#2348,#2349);
#2351=PLANE('',#2350);
#2352=CARTESIAN_POINT('',(30.30201244,-53.237337785,-1.907207682));
#2353=VERTEX_POINT('',#2352);
#2354=CARTESIAN_POINT('',(30.30201244,-53.237337785,-1.907207682));
#2355=DIRECTION('',(-0.99618154,-0.087306009,0.));
#2356=VECTOR('',#2355,28.778087975);
#2357=LINE('',#2354,#2356);
#2358=EDGE_CURVE('',#2353,#2329,#2357,.T.);
#2359=ORIENTED_EDGE('',*,*,#2358,.T.);
#2360=ORIENTED_EDGE('',*,*,#2342,.F.);
#2361=ORIENTED_EDGE('',*,*,#387,.F.);
#2362=CARTESIAN_POINT('',(30.30201244,-53.237337785,-3.407207682));
#2363=DIRECTION('',(0.,0.,1.));
#2364=VECTOR('',#2363,1.5);
#2365=LINE('',#2362,#2364);
#2366=EDGE_CURVE('',#374,#2353,#2365,.T.);
#2367=ORIENTED_EDGE('',*,*,#2366,.T.);
#2368=EDGE_LOOP('',(#2359,#2360,#2361,#2367));
#2369=FACE_BOUND('',#2368,.T.);
#2370=ADVANCED_FACE('',(#2369),#2351,.F.);
#2371=CARTESIAN_POINT('',(33.35931244,-52.648837785,-3.407207682));
#2372=DIRECTION('',(-0.189020128,0.981973213,0.));
#2373=DIRECTION('',(-0.981973213,-0.189020128,0.));
#2374=AXIS2_PLACEMENT_3D('',#2371,#2372,#2373);
#2375=PLANE('',#2374);
#2376=CARTESIAN_POINT('',(33.35931244,-52.648837785,-1.907207682));
#2377=VERTEX_POINT('',#2376);
#2378=CARTESIAN_POINT('',(33.35931244,-52.648837785,-1.907207682));
#2379=DIRECTION('',(-0.981973213,-0.189020128,0.));
#2380=VECTOR('',#2379,3.11342505);
#2381=LINE('',#2378,#2380);
#2382=EDGE_CURVE('',#2377,#2353,#2381,.T.);
#2383=ORIENTED_EDGE('',*,*,#2382,.T.);
#2384=ORIENTED_EDGE('',*,*,#2366,.F.);
#2385=ORIENTED_EDGE('',*,*,#379,.F.);
#2386=CARTESIAN_POINT('',(33.35931244,-52.648837785,-3.407207682));
#2387=DIRECTION('',(0.,0.,1.));
#2388=VECTOR('',#2387,1.5);
#2389=LINE('',#2386,#2388);
#2390=EDGE_CURVE('',#366,#2377,#2389,.T.);
#2391=ORIENTED_EDGE('',*,*,#2390,.T.);
#2392=EDGE_LOOP('',(#2383,#2384,#2385,#2391));
#2393=FACE_BOUND('',#2392,.T.);
#2394=ADVANCED_FACE('',(#2393),#2375,.F.);
#2395=CARTESIAN_POINT('',(52.14811244,-47.605237785,-3.407207682));
#2396=DIRECTION('',(-0.259258151,0.965808061,0.));
#2397=DIRECTION('',(-0.965808061,-0.259258151,0.));
#2398=AXIS2_PLACEMENT_3D('',#2395,#2396,#2397);
#2399=PLANE('',#2398);
#2400=CARTESIAN_POINT('',(52.14811244,-47.605237785,-1.907207682));
#2401=VERTEX_POINT('',#2400);
#2402=CARTESIAN_POINT('',(52.14811244,-47.605237785,-1.907207682));
#2403=DIRECTION('',(-0.965808061,-0.259258151,0.));
#2404=VECTOR('',#2403,19.453968911);
#2405=LINE('',#2402,#2404);
#2406=EDGE_CURVE('',#2401,#2377,#2405,.T.);
#2407=ORIENTED_EDGE('',*,*,#2406,.T.);
#2408=ORIENTED_EDGE('',*,*,#2390,.F.);
#2409=ORIENTED_EDGE('',*,*,#371,.F.);
#2410=CARTESIAN_POINT('',(52.14811244,-47.605237785,-3.407207682));
#2411=DIRECTION('',(0.,0.,1.));
#2412=VECTOR('',#2411,1.5);
#2413=LINE('',#2410,#2412);
#2414=EDGE_CURVE('',#358,#2401,#2413,.T.);
#2415=ORIENTED_EDGE('',*,*,#2414,.T.);
#2416=EDGE_LOOP('',(#2407,#2408,#2409,#2415));
#2417=FACE_BOUND('',#2416,.T.);
#2418=ADVANCED_FACE('',(#2417),#2399,.F.);
#2419=CARTESIAN_POINT('',(90.29771244,-44.221637785,-3.407207682));
#2420=DIRECTION('',(-0.088346131,0.996089836,0.));
#2421=DIRECTION('',(-0.996089836,-0.088346131,0.));
#2422=AXIS2_PLACEMENT_3D('',#2419,#2420,#2421);
#2423=PLANE('',#2422);
#2424=ORIENTED_EDGE('',*,*,#363,.F.);
#2425=CARTESIAN_POINT('',(90.078369244,-44.241091977,-1.907207682));
#2426=VERTEX_POINT('',#2425);
#2427=CARTESIAN_POINT('',(90.078369244,-44.241091977,-3.407207682));
#2428=DIRECTION('',(0.,0.,1.));
#2429=VECTOR('',#2428,1.5);
#2430=LINE('',#2427,#2429);
#2431=EDGE_CURVE('',#349,#2426,#2430,.T.);
#2432=ORIENTED_EDGE('',*,*,#2431,.T.);
#2433=CARTESIAN_POINT('',(90.078369244,-44.241091977,-1.907207682));
#2434=DIRECTION('',(-0.996089836,-0.088346131,0.));
#2435=VECTOR('',#2434,38.079152541);
#2436=LINE('',#2433,#2435);
#2437=EDGE_CURVE('',#2426,#2401,#2436,.T.);
#2438=ORIENTED_EDGE('',*,*,#2437,.T.);
#2439=ORIENTED_EDGE('',*,*,#2414,.F.);
#2440=EDGE_LOOP('',(#2424,#2432,#2438,#2439));
#2441=FACE_BOUND('',#2440,.T.);
#2442=ADVANCED_FACE('',(#2441),#2423,.F.);
#2443=CARTESIAN_POINT('',(129.14281244,-21.879637785,-3.407207682));
#2444=DIRECTION('',(-0.498572877,0.866847787,0.));
#2445=DIRECTION('',(-0.866847787,-0.498572877,0.));
#2446=AXIS2_PLACEMENT_3D('',#2443,#2444,#2445);
#2447=PLANE('',#2446);
#2448=CARTESIAN_POINT('',(128.589771333,-22.197722805,-1.907207682));
#2449=VERTEX_POINT('',#2448);
#2450=CARTESIAN_POINT('',(90.48859599,-44.111849928,-1.907207682));
#2451=VERTEX_POINT('',#2450);
#2452=CARTESIAN_POINT('',(128.589771333,-22.197722805,-1.907207682));
#2453=DIRECTION('',(-0.866847787,-0.498572877,0.));
#2454=VECTOR('',#2453,43.953708946);
#2455=LINE('',#2452,#2454);
#2456=EDGE_CURVE('',#2449,#2451,#2455,.T.);
#2457=ORIENTED_EDGE('',*,*,#2456,.T.);
#2458=CARTESIAN_POINT('',(90.48859599,-44.111849928,-1.907207682));
#2459=DIRECTION('',(-0.,-0.,-1.));
#2460=VECTOR('',#2459,1.5);
#2461=LINE('',#2458,#2460);
#2462=EDGE_CURVE('',#2451,#341,#2461,.T.);
#2463=ORIENTED_EDGE('',*,*,#2462,.T.);
#2464=ORIENTED_EDGE('',*,*,#346,.F.);
#2465=CARTESIAN_POINT('',(128.589771333,-22.197722805,-3.407207682));
#2466=DIRECTION('',(0.,0.,1.));
#2467=VECTOR('',#2466,1.5);
#2468=LINE('',#2465,#2467);
#2469=EDGE_CURVE('',#332,#2449,#2468,.T.);
#2470=ORIENTED_EDGE('',*,*,#2469,.T.);
#2471=EDGE_LOOP('',(#2457,#2463,#2464,#2470));
#2472=FACE_BOUND('',#2471,.T.);
#2473=ADVANCED_FACE('',(#2472),#2447,.F.);
#2474=CARTESIAN_POINT('',(122.52271244,54.083962215,-3.407207682));
#2475=DIRECTION('',(-0.99622408,-0.086819253,0.));
#2476=DIRECTION('',(0.086819253,-0.99622408,0.));
#2477=AXIS2_PLACEMENT_3D('',#2474,#2475,#2476);
#2478=PLANE('',#2477);
#2479=ORIENTED_EDGE('',*,*,#320,.F.);
#2480=CARTESIAN_POINT('',(122.598776316,53.211152766,-1.907207682));
#2481=VERTEX_POINT('',#2480);
#2482=CARTESIAN_POINT('',(122.598776316,53.211152766,-3.407207682));
#2483=DIRECTION('',(0.,0.,1.));
#2484=VECTOR('',#2483,1.5);
#2485=LINE('',#2482,#2484);
#2486=EDGE_CURVE('',#306,#2481,#2485,.T.);
#2487=ORIENTED_EDGE('',*,*,#2486,.T.);
#2488=CARTESIAN_POINT('',(129.087422536,-21.244055764,-1.907207682));
#2489=VERTEX_POINT('',#2488);
#2490=CARTESIAN_POINT('',(122.598776316,53.211152766,-1.907207682));
#2491=DIRECTION('',(0.086819253,-0.99622408,0.));
#2492=VECTOR('',#2491,74.737411027);
#2493=LINE('',#2490,#2492);
#2494=EDGE_CURVE('',#2481,#2489,#2493,.T.);
#2495=ORIENTED_EDGE('',*,*,#2494,.T.);
#2496=CARTESIAN_POINT('',(129.087422536,-21.244055764,-1.907207682));
#2497=DIRECTION('',(-0.,-0.,-1.));
#2498=VECTOR('',#2497,1.5);
#2499=LINE('',#2496,#2498);
#2500=EDGE_CURVE('',#2489,#315,#2499,.T.);
#2501=ORIENTED_EDGE('',*,*,#2500,.T.);
#2502=EDGE_LOOP('',(#2479,#2487,#2495,#2501));
#2503=FACE_BOUND('',#2502,.T.);
#2504=ADVANCED_FACE('',(#2503),#2478,.F.);
#2505=CARTESIAN_POINT('',(103.27991244,54.949362215,-3.407207682));
#2506=DIRECTION('',(-0.044927254,-0.998990261,0.));
#2507=DIRECTION('',(0.998990261,-0.044927254,0.));
#2508=AXIS2_PLACEMENT_3D('',#2505,#2506,#2507);
#2509=PLANE('',#2508);
#2510=CARTESIAN_POINT('',(103.27991244,54.949362215,-1.907207682));
#2511=VERTEX_POINT('',#2510);
#2512=CARTESIAN_POINT('',(121.647479491,54.123323774,-1.907207682));
#2513=VERTEX_POINT('',#2512);
#2514=CARTESIAN_POINT('',(103.27991244,54.949362215,-1.907207682));
#2515=DIRECTION('',(0.998990261,-0.044927254,0.));
#2516=VECTOR('',#2515,18.386132243);
#2517=LINE('',#2514,#2516);
#2518=EDGE_CURVE('',#2511,#2513,#2517,.T.);
#2519=ORIENTED_EDGE('',*,*,#2518,.T.);
#2520=CARTESIAN_POINT('',(121.647479491,54.123323774,-1.907207682));
#2521=DIRECTION('',(-0.,-0.,-1.));
#2522=VECTOR('',#2521,1.5);
#2523=LINE('',#2520,#2522);
#2524=EDGE_CURVE('',#2513,#298,#2523,.T.);
#2525=ORIENTED_EDGE('',*,*,#2524,.T.);
#2526=ORIENTED_EDGE('',*,*,#303,.F.);
#2527=CARTESIAN_POINT('',(103.27991244,54.949362215,-3.407207682));
#2528=DIRECTION('',(0.,0.,1.));
#2529=VECTOR('',#2528,1.5);
#2530=LINE('',#2527,#2529);
#2531=EDGE_CURVE('',#296,#2511,#2530,.T.);
#2532=ORIENTED_EDGE('',*,*,#2531,.T.);
#2533=EDGE_LOOP('',(#2519,#2525,#2526,#2532));
#2534=FACE_BOUND('',#2533,.T.);
#2535=ADVANCED_FACE('',(#2534),#2509,.F.);
#2536=CARTESIAN_POINT('',(84.17551244,54.552362215,-3.407207682));
#2537=DIRECTION('',(0.020776068,-0.999784154,0.));
#2538=DIRECTION('',(0.999784154,0.020776068,0.));
#2539=AXIS2_PLACEMENT_3D('',#2536,#2537,#2538);
#2540=PLANE('',#2539);
#2541=CARTESIAN_POINT('',(84.17551244,54.552362215,-1.907207682));
#2542=VERTEX_POINT('',#2541);
#2543=CARTESIAN_POINT('',(84.17551244,54.552362215,-1.907207682));
#2544=DIRECTION('',(0.999784154,0.020776068,0.));
#2545=VECTOR('',#2544,19.108524495);
#2546=LINE('',#2543,#2545);
#2547=EDGE_CURVE('',#2542,#2511,#2546,.T.);
#2548=ORIENTED_EDGE('',*,*,#2547,.T.);
#2549=ORIENTED_EDGE('',*,*,#2531,.F.);
#2550=ORIENTED_EDGE('',*,*,#731,.F.);
#2551=CARTESIAN_POINT('',(84.17551244,54.552362215,-3.407207682));
#2552=DIRECTION('',(0.,0.,1.));
#2553=VECTOR('',#2552,1.5);
#2554=LINE('',#2551,#2553);
#2555=EDGE_CURVE('',#720,#2542,#2554,.T.);
#2556=ORIENTED_EDGE('',*,*,#2555,.T.);
#2557=EDGE_LOOP('',(#2548,#2549,#2550,#2556));
#2558=FACE_BOUND('',#2557,.T.);
#2559=ADVANCED_FACE('',(#2558),#2540,.F.);
#2560=CARTESIAN_POINT('',(65.12121244,54.146562215,-3.407207682));
#2561=DIRECTION('',(0.021292202,-0.999773295,0.));
#2562=DIRECTION('',(0.999773295,0.021292202,0.));
#2563=AXIS2_PLACEMENT_3D('',#2560,#2561,#2562);
#2564=PLANE('',#2563);
#2565=CARTESIAN_POINT('',(65.12121244,54.146562215,-1.907207682));
#2566=VERTEX_POINT('',#2565);
#2567=CARTESIAN_POINT('',(65.12121244,54.146562215,-1.907207682));
#2568=DIRECTION('',(0.999773295,0.021292202,0.));
#2569=VECTOR('',#2568,19.058620678);
#2570=LINE('',#2567,#2569);
#2571=EDGE_CURVE('',#2566,#2542,#2570,.T.);
#2572=ORIENTED_EDGE('',*,*,#2571,.T.);
#2573=ORIENTED_EDGE('',*,*,#2555,.F.);
#2574=ORIENTED_EDGE('',*,*,#725,.F.);
#2575=CARTESIAN_POINT('',(65.12121244,54.146562215,-3.407207682));
#2576=DIRECTION('',(0.,0.,1.));
#2577=VECTOR('',#2576,1.5);
#2578=LINE('',#2575,#2577);
#2579=EDGE_CURVE('',#712,#2566,#2578,.T.);
#2580=ORIENTED_EDGE('',*,*,#2579,.T.);
#2581=EDGE_LOOP('',(#2572,#2573,#2574,#2580));
#2582=FACE_BOUND('',#2581,.T.);
#2583=ADVANCED_FACE('',(#2582),#2564,.F.);
#2584=CARTESIAN_POINT('',(46.15531244,52.487162215,-3.407207682));
#2585=DIRECTION('',(0.087160891,-0.996194248,0.));
#2586=DIRECTION('',(0.996194248,0.087160891,0.));
#2587=AXIS2_PLACEMENT_3D('',#2584,#2585,#2586);
#2588=PLANE('',#2587);
#2589=CARTESIAN_POINT('',(46.134811852,52.48536854,-1.907207682));
#2590=DIRECTION('',(0.996194248,0.087160891,0.));
#2591=VECTOR('',#2590,19.058934171);
#2592=LINE('',#2589,#2591);
#2593=EDGE_CURVE('',#1869,#2566,#2592,.T.);
#2594=ORIENTED_EDGE('',*,*,#2593,.T.);
#2595=ORIENTED_EDGE('',*,*,#2579,.F.);
#2596=ORIENTED_EDGE('',*,*,#717,.F.);
#2597=ORIENTED_EDGE('',*,*,#1880,.T.);
#2598=EDGE_LOOP('',(#2594,#2595,#2596,#2597));
#2599=FACE_BOUND('',#2598,.T.);
#2600=ADVANCED_FACE('',(#2599),#2588,.F.);
#2601=CARTESIAN_POINT('',(-28.93578756,27.675162215,-3.407207682));
#2602=DIRECTION('',(0.,0.,1.));
#2603=DIRECTION('',(1.,0.,-0.));
#2604=AXIS2_PLACEMENT_3D('',#2601,#2602,#2603);
#2605=CYLINDRICAL_SURFACE('',#2604,1.1);
#2606=CARTESIAN_POINT('',(-27.83578756,27.675162215,-1.907207682));
#2607=DIRECTION('',(-0.,-0.,-1.));
#2608=VECTOR('',#2607,1.5);
#2609=LINE('',#2606,#2608);
#2610=EDGE_CURVE('',#1680,#274,#2609,.T.);
#2611=ORIENTED_EDGE('',*,*,#2610,.F.);
#2612=ORIENTED_EDGE('',*,*,#1686,.F.);
#2613=ORIENTED_EDGE('',*,*,#2610,.T.);
#2614=ORIENTED_EDGE('',*,*,#280,.T.);
#2615=EDGE_LOOP('',(#2611,#2612,#2613,#2614));
#2616=FACE_BOUND('',#2615,.T.);
#2617=ADVANCED_FACE('',(#2616),#2605,.F.);
#2618=CARTESIAN_POINT('',(-28.18578756,-31.924837785,-3.407207682));
#2619=DIRECTION('',(0.,0.,1.));
#2620=DIRECTION('',(1.,0.,-0.));
#2621=AXIS2_PLACEMENT_3D('',#2618,#2619,#2620);
#2622=CYLINDRICAL_SURFACE('',#2621,1.1);
#2623=CARTESIAN_POINT('',(-27.08578756,-31.924837785,-1.907207682));
#2624=DIRECTION('',(-0.,-0.,-1.));
#2625=VECTOR('',#2624,1.5);
#2626=LINE('',#2623,#2625);
#2627=EDGE_CURVE('',#1817,#263,#2626,.T.);
#2628=ORIENTED_EDGE('',*,*,#2627,.F.);
#2629=ORIENTED_EDGE('',*,*,#1823,.F.);
#2630=ORIENTED_EDGE('',*,*,#2627,.T.);
#2631=ORIENTED_EDGE('',*,*,#269,.T.);
#2632=EDGE_LOOP('',(#2628,#2629,#2630,#2631));
#2633=FACE_BOUND('',#2632,.T.);
#2634=ADVANCED_FACE('',(#2633),#2622,.F.);
#2635=CARTESIAN_POINT('',(29.21421244,27.425162215,-3.407207682));
#2636=DIRECTION('',(0.,0.,1.));
#2637=DIRECTION('',(1.,0.,-0.));
#2638=AXIS2_PLACEMENT_3D('',#2635,#2636,#2637);
#2639=CYLINDRICAL_SURFACE('',#2638,1.1);
#2640=CARTESIAN_POINT('',(30.31421244,27.425162215,-1.907207682));
#2641=DIRECTION('',(-0.,-0.,-1.));
#2642=VECTOR('',#2641,1.5);
#2643=LINE('',#2640,#2642);
#2644=EDGE_CURVE('',#1543,#252,#2643,.T.);
#2645=ORIENTED_EDGE('',*,*,#2644,.F.);
#2646=ORIENTED_EDGE('',*,*,#1549,.F.);
#2647=ORIENTED_EDGE('',*,*,#2644,.T.);
#2648=ORIENTED_EDGE('',*,*,#258,.T.);
#2649=EDGE_LOOP('',(#2645,#2646,#2647,#2648));
#2650=FACE_BOUND('',#2649,.T.);
#2651=ADVANCED_FACE('',(#2650),#2639,.F.);
#2652=CARTESIAN_POINT('',(105.06421244,34.725162215,-3.407207682));
#2653=DIRECTION('',(0.,0.,1.));
#2654=DIRECTION('',(1.,0.,-0.));
#2655=AXIS2_PLACEMENT_3D('',#2652,#2653,#2654);
#2656=CYLINDRICAL_SURFACE('',#2655,1.1);
#2657=CARTESIAN_POINT('',(106.16421244,34.725162215,-1.907207682));
#2658=DIRECTION('',(-0.,-0.,-1.));
#2659=VECTOR('',#2658,1.5);
#2660=LINE('',#2657,#2659);
#2661=EDGE_CURVE('',#1132,#241,#2660,.T.);
#2662=ORIENTED_EDGE('',*,*,#2661,.F.);
#2663=ORIENTED_EDGE('',*,*,#1138,.F.);
#2664=ORIENTED_EDGE('',*,*,#2661,.T.);
#2665=ORIENTED_EDGE('',*,*,#247,.T.);
#2666=EDGE_LOOP('',(#2662,#2663,#2664,#2665));
#2667=FACE_BOUND('',#2666,.T.);
#2668=ADVANCED_FACE('',(#2667),#2656,.F.);
#2669=CARTESIAN_POINT('',(-105.98578756,-25.974837785,-3.407207682));
#2670=DIRECTION('',(0.,0.,1.));
#2671=DIRECTION('',(1.,0.,-0.));
#2672=AXIS2_PLACEMENT_3D('',#2669,#2670,#2671);
#2673=CYLINDRICAL_SURFACE('',#2672,1.1);
#2674=CARTESIAN_POINT('',(-104.88578756,-25.974837785,-1.907207682));
#2675=DIRECTION('',(-0.,-0.,-1.));
#2676=VECTOR('',#2675,1.5);
#2677=LINE('',#2674,#2676);
#2678=EDGE_CURVE('',#858,#230,#2677,.T.);
#2679=ORIENTED_EDGE('',*,*,#2678,.F.);
#2680=ORIENTED_EDGE('',*,*,#864,.F.);
#2681=ORIENTED_EDGE('',*,*,#2678,.T.);
#2682=ORIENTED_EDGE('',*,*,#236,.T.);
#2683=EDGE_LOOP('',(#2679,#2680,#2681,#2682));
#2684=FACE_BOUND('',#2683,.T.);
#2685=ADVANCED_FACE('',(#2684),#2673,.F.);
#2686=CARTESIAN_POINT('',(-104.78578756,34.925162215,-3.407207682));
#2687=DIRECTION('',(0.,0.,1.));
#2688=DIRECTION('',(1.,0.,-0.));
#2689=AXIS2_PLACEMENT_3D('',#2686,#2687,#2688);
#2690=CYLINDRICAL_SURFACE('',#2689,1.1);
#2691=CARTESIAN_POINT('',(-103.68578756,34.925162215,-1.907207682));
#2692=DIRECTION('',(-0.,-0.,-1.));
#2693=VECTOR('',#2692,1.5);
#2694=LINE('',#2691,#2693);
#2695=EDGE_CURVE('',#995,#219,#2694,.T.);
#2696=ORIENTED_EDGE('',*,*,#2695,.F.);
#2697=ORIENTED_EDGE('',*,*,#1001,.F.);
#2698=ORIENTED_EDGE('',*,*,#2695,.T.);
#2699=ORIENTED_EDGE('',*,*,#225,.T.);
#2700=EDGE_LOOP('',(#2696,#2697,#2698,#2699));
#2701=FACE_BOUND('',#2700,.T.);
#2702=ADVANCED_FACE('',(#2701),#2690,.F.);
#2703=CARTESIAN_POINT('',(105.86421244,-26.424837785,-3.407207682));
#2704=DIRECTION('',(0.,0.,1.));
#2705=DIRECTION('',(1.,0.,-0.));
#2706=AXIS2_PLACEMENT_3D('',#2703,#2704,#2705);
#2707=CYLINDRICAL_SURFACE('',#2706,1.1);
#2708=CARTESIAN_POINT('',(106.96421244,-26.424837785,-1.907207682));
#2709=DIRECTION('',(-0.,-0.,-1.));
#2710=VECTOR('',#2709,1.5);
#2711=LINE('',#2708,#2710);
#2712=EDGE_CURVE('',#1269,#208,#2711,.T.);
#2713=ORIENTED_EDGE('',*,*,#2712,.F.);
#2714=ORIENTED_EDGE('',*,*,#1275,.F.);
#2715=ORIENTED_EDGE('',*,*,#2712,.T.);
#2716=ORIENTED_EDGE('',*,*,#214,.T.);
#2717=EDGE_LOOP('',(#2713,#2714,#2715,#2716));
#2718=FACE_BOUND('',#2717,.T.);
#2719=ADVANCED_FACE('',(#2718),#2707,.F.);
#2720=CARTESIAN_POINT('',(28.16421244,-32.124837785,-3.407207682));
#2721=DIRECTION('',(0.,0.,1.));
#2722=DIRECTION('',(1.,0.,-0.));
#2723=AXIS2_PLACEMENT_3D('',#2720,#2721,#2722);
#2724=CYLINDRICAL_SURFACE('',#2723,1.1);
#2725=CARTESIAN_POINT('',(29.26421244,-32.124837785,-1.907207682));
#2726=DIRECTION('',(-0.,-0.,-1.));
#2727=VECTOR('',#2726,1.5);
#2728=LINE('',#2725,#2727);
#2729=EDGE_CURVE('',#1406,#285,#2728,.T.);
#2730=ORIENTED_EDGE('',*,*,#2729,.F.);
#2731=ORIENTED_EDGE('',*,*,#1412,.F.);
#2732=ORIENTED_EDGE('',*,*,#2729,.T.);
#2733=ORIENTED_EDGE('',*,*,#291,.T.);
#2734=EDGE_LOOP('',(#2730,#2731,#2732,#2733));
#2735=FACE_BOUND('',#2734,.T.);
#2736=ADVANCED_FACE('',(#2735),#2724,.F.);
#2737=CARTESIAN_POINT('',(0.,0.,-1.907207682));
#2738=DIRECTION('',(0.,0.,1.));
#2739=DIRECTION('',(1.,0.,0.));
#2740=AXIS2_PLACEMENT_3D('',#2737,#2738,#2739);
#2741=PLANE('',#2740);
#2742=CARTESIAN_POINT('',(1.873339017,-31.595810039,-1.907207682));
#2743=VERTEX_POINT('',#2742);
#2744=CARTESIAN_POINT('',(0.123339017,-29.845810039,-1.907207682));
#2745=VERTEX_POINT('',#2744);
#2746=CARTESIAN_POINT('',(0.123339017,-31.595810039,-1.907207682));
#2747=DIRECTION('',(-0.,-0.,-1.));
#2748=DIRECTION('',(1.,0.,-0.));
#2749=AXIS2_PLACEMENT_3D('',#2746,#2747,#2748);
#2750=CIRCLE('',#2749,1.75);
#2751=EDGE_CURVE('',#2743,#2745,#2750,.T.);
#2752=ORIENTED_EDGE('',*,*,#2751,.T.);
#2753=CARTESIAN_POINT('',(0.123339017,-31.595810039,-1.907207682));
#2754=DIRECTION('',(-0.,-0.,-1.));
#2755=DIRECTION('',(1.,0.,-0.));
#2756=AXIS2_PLACEMENT_3D('',#2753,#2754,#2755);
#2757=CIRCLE('',#2756,1.75);
#2758=EDGE_CURVE('',#2745,#2743,#2757,.T.);
#2759=ORIENTED_EDGE('',*,*,#2758,.T.);
#2760=EDGE_LOOP('',(#2752,#2759));
#2761=FACE_BOUND('',#2760,.T.);
#2762=ORIENTED_EDGE('',*,*,#826,.F.);
#2763=ORIENTED_EDGE('',*,*,#833,.F.);
#2764=EDGE_LOOP('',(#2762,#2763));
#2765=FACE_BOUND('',#2764,.T.);
#2766=ORIENTED_EDGE('',*,*,#963,.F.);
#2767=ORIENTED_EDGE('',*,*,#970,.F.);
#2768=EDGE_LOOP('',(#2766,#2767));
#2769=FACE_BOUND('',#2768,.T.);
#2770=ORIENTED_EDGE('',*,*,#1100,.F.);
#2771=ORIENTED_EDGE('',*,*,#1107,.F.);
#2772=EDGE_LOOP('',(#2770,#2771));
#2773=FACE_BOUND('',#2772,.T.);
#2774=ORIENTED_EDGE('',*,*,#1237,.F.);
#2775=ORIENTED_EDGE('',*,*,#1244,.F.);
#2776=EDGE_LOOP('',(#2774,#2775));
#2777=FACE_BOUND('',#2776,.T.);
#2778=ORIENTED_EDGE('',*,*,#1374,.F.);
#2779=ORIENTED_EDGE('',*,*,#1381,.F.);
#2780=EDGE_LOOP('',(#2778,#2779));
#2781=FACE_BOUND('',#2780,.T.);
#2782=ORIENTED_EDGE('',*,*,#1511,.F.);
#2783=ORIENTED_EDGE('',*,*,#1518,.F.);
#2784=EDGE_LOOP('',(#2782,#2783));
#2785=FACE_BOUND('',#2784,.T.);
#2786=ORIENTED_EDGE('',*,*,#1648,.F.);
#2787=ORIENTED_EDGE('',*,*,#1655,.F.);
#2788=EDGE_LOOP('',(#2786,#2787));
#2789=FACE_BOUND('',#2788,.T.);
#2790=ORIENTED_EDGE('',*,*,#1785,.F.);
#2791=ORIENTED_EDGE('',*,*,#1792,.F.);
#2792=EDGE_LOOP('',(#2790,#2791));
#2793=FACE_BOUND('',#2792,.T.);
#2794=ORIENTED_EDGE('',*,*,#2494,.F.);
#2795=CARTESIAN_POINT('',(121.602552236,53.124333513,-1.907207682));
#2796=DIRECTION('',(0.,0.,1.));
#2797=DIRECTION('',(1.,0.,-0.));
#2798=AXIS2_PLACEMENT_3D('',#2795,#2796,#2797);
#2799=CIRCLE('',#2798,1.);
#2800=EDGE_CURVE('',#2481,#2513,#2799,.T.);
#2801=ORIENTED_EDGE('',*,*,#2800,.T.);
#2802=ORIENTED_EDGE('',*,*,#2518,.F.);
#2803=ORIENTED_EDGE('',*,*,#2547,.F.);
#2804=ORIENTED_EDGE('',*,*,#2571,.F.);
#2805=ORIENTED_EDGE('',*,*,#2593,.F.);
#2806=ORIENTED_EDGE('',*,*,#1874,.F.);
#2807=ORIENTED_EDGE('',*,*,#1975,.T.);
#2808=ORIENTED_EDGE('',*,*,#2029,.F.);
#2809=ORIENTED_EDGE('',*,*,#2001,.F.);
#2810=ORIENTED_EDGE('',*,*,#2048,.F.);
#2811=ORIENTED_EDGE('',*,*,#2073,.F.);
#2812=ORIENTED_EDGE('',*,*,#2097,.F.);
#2813=ORIENTED_EDGE('',*,*,#2121,.F.);
#2814=ORIENTED_EDGE('',*,*,#2152,.F.);
#2815=CARTESIAN_POINT('',(-121.330278077,53.37222653,-1.907207682));
#2816=DIRECTION('',(0.,0.,1.));
#2817=DIRECTION('',(1.,0.,-0.));
#2818=AXIS2_PLACEMENT_3D('',#2815,#2816,#2817);
#2819=CIRCLE('',#2818,1.);
#2820=EDGE_CURVE('',#2141,#2166,#2819,.T.);
#2821=ORIENTED_EDGE('',*,*,#2820,.T.);
#2822=ORIENTED_EDGE('',*,*,#2171,.F.);
#2823=CARTESIAN_POINT('',(-127.82784921,-21.038528952,-1.907207682));
#2824=DIRECTION('',(0.,0.,1.));
#2825=DIRECTION('',(1.,0.,-0.));
#2826=AXIS2_PLACEMENT_3D('',#2823,#2824,#2825);
#2827=CIRCLE('',#2826,1.);
#2828=EDGE_CURVE('',#2164,#2197,#2827,.T.);
#2829=ORIENTED_EDGE('',*,*,#2828,.T.);
#2830=ORIENTED_EDGE('',*,*,#2202,.F.);
#2831=CARTESIAN_POINT('',(-90.127647092,-43.118075157,-1.907207682));
#2832=DIRECTION('',(0.,0.,1.));
#2833=DIRECTION('',(1.,0.,-0.));
#2834=AXIS2_PLACEMENT_3D('',#2831,#2832,#2833);
#2835=CIRCLE('',#2834,1.);
#2836=EDGE_CURVE('',#2195,#2228,#2835,.T.);
#2837=ORIENTED_EDGE('',*,*,#2836,.T.);
#2838=ORIENTED_EDGE('',*,*,#2233,.F.);
#2839=ORIENTED_EDGE('',*,*,#2262,.F.);
#2840=ORIENTED_EDGE('',*,*,#2286,.T.);
#2841=ORIENTED_EDGE('',*,*,#2310,.F.);
#2842=ORIENTED_EDGE('',*,*,#2334,.T.);
#2843=ORIENTED_EDGE('',*,*,#2358,.F.);
#2844=ORIENTED_EDGE('',*,*,#2382,.F.);
#2845=ORIENTED_EDGE('',*,*,#2406,.F.);
#2846=ORIENTED_EDGE('',*,*,#2437,.F.);
#2847=CARTESIAN_POINT('',(89.990023113,-43.245002141,-1.907207682));
#2848=DIRECTION('',(0.,0.,1.));
#2849=DIRECTION('',(1.,0.,-0.));
#2850=AXIS2_PLACEMENT_3D('',#2847,#2848,#2849);
#2851=CIRCLE('',#2850,1.);
#2852=EDGE_CURVE('',#2426,#2451,#2851,.T.);
#2853=ORIENTED_EDGE('',*,*,#2852,.T.);
#2854=ORIENTED_EDGE('',*,*,#2456,.F.);
#2855=CARTESIAN_POINT('',(129.091198456,-21.330875018,-1.907207682));
#2856=VERTEX_POINT('',#2855);
#2857=CARTESIAN_POINT('',(128.091198456,-21.330875018,-1.907207682));
#2858=DIRECTION('',(0.,0.,1.));
#2859=DIRECTION('',(1.,0.,-0.));
#2860=AXIS2_PLACEMENT_3D('',#2857,#2858,#2859);
#2861=CIRCLE('',#2860,1.);
#2862=EDGE_CURVE('',#2449,#2856,#2861,.T.);
#2863=ORIENTED_EDGE('',*,*,#2862,.T.);
#2864=CARTESIAN_POINT('',(128.091198456,-21.330875018,-1.907207682));
#2865=DIRECTION('',(0.,0.,1.));
#2866=DIRECTION('',(1.,0.,-0.));
#2867=AXIS2_PLACEMENT_3D('',#2864,#2865,#2866);
#2868=CIRCLE('',#2867,1.);
#2869=EDGE_CURVE('',#2856,#2489,#2868,.T.);
#2870=ORIENTED_EDGE('',*,*,#2869,.T.);
#2871=EDGE_LOOP('',(#2794,#2801,#2802,#2803,#2804,#2805,#2806,#2807,#2808,#2809,#2810,#2811,#2812,#2813,#2814,#2821,#2822,#2829,#2830,#2837,#2838,#2839,#2840,#2841,#2842,#2843,
#2844,#2845,#2846,#2853,#2854,#2863,#2870));
#2872=FACE_BOUND('',#2871,.T.);
#2873=ADVANCED_FACE('',(#2761,#2765,#2769,#2773,#2777,#2781,#2785,#2789,#2793,#2872),#2741,.T.);
#2874=CARTESIAN_POINT('',(7.636719653,113.961663057,-1.509087113));
#2875=DIRECTION('',(1.,0.,0.));
#2876=DIRECTION('',(0.,0.,-1.));
#2877=AXIS2_PLACEMENT_3D('',#2874,#2875,#2876);
#2878=PLANE('',#2877);
#2879=ORIENTED_EDGE('',*,*,#701,.F.);
#2880=CARTESIAN_POINT('',(7.636719653,1.7,-1.509087113));
#2881=VERTEX_POINT('',#2880);
#2882=CARTESIAN_POINT('',(7.636719653,1.7,-3.407207682));
#2883=DIRECTION('',(-0.,-0.,1.));
#2884=VECTOR('',#2883,1.898120568);
#2885=LINE('',#2882,#2884);
#2886=EDGE_CURVE('',#687,#2881,#2885,.T.);
#2887=ORIENTED_EDGE('',*,*,#2886,.T.);
#2888=CARTESIAN_POINT('',(7.636719653,45.086879019,-1.509087113));
#2889=DIRECTION('',(0.,-1.,0.));
#2890=VECTOR('',#2889,43.386879019);
#2891=LINE('',#2888,#2890);
#2892=EDGE_CURVE('',#1884,#2881,#2891,.T.);
#2893=ORIENTED_EDGE('',*,*,#2892,.F.);
#2894=ORIENTED_EDGE('',*,*,#1889,.T.);
#2895=EDGE_LOOP('',(#2879,#2887,#2893,#2894));
#2896=FACE_BOUND('',#2895,.T.);
#2897=ADVANCED_FACE('',(#2896),#2878,.F.);
#2898=CARTESIAN_POINT('',(5.636719653,113.961663057,-1.509087113));
#2899=DIRECTION('',(1.,0.,0.));
#2900=DIRECTION('',(0.,0.,-1.));
#2901=AXIS2_PLACEMENT_3D('',#2898,#2899,#2900);
#2902=PLANE('',#2901);
#2903=CARTESIAN_POINT('',(5.636719653,1.7,-1.509087113));
#2904=VERTEX_POINT('',#2903);
#2905=CARTESIAN_POINT('',(5.636719653,1.7,-1.907207682));
#2906=VERTEX_POINT('',#2905);
#2907=CARTESIAN_POINT('',(5.636719653,1.7,-1.509087113));
#2908=DIRECTION('',(0.,0.,-1.));
#2909=VECTOR('',#2908,0.398120568);
#2910=LINE('',#2907,#2909);
#2911=EDGE_CURVE('',#2904,#2906,#2910,.T.);
#2912=ORIENTED_EDGE('',*,*,#2911,.T.);
#2913=CARTESIAN_POINT('',(5.636719653,1.7,-1.907207682));
#2914=DIRECTION('',(-0.,-0.,-1.));
#2915=VECTOR('',#2914,1.5);
#2916=LINE('',#2913,#2915);
#2917=EDGE_CURVE('',#2906,#670,#2916,.T.);
#2918=ORIENTED_EDGE('',*,*,#2917,.T.);
#2919=ORIENTED_EDGE('',*,*,#675,.T.);
#2920=ORIENTED_EDGE('',*,*,#1903,.F.);
#2921=CARTESIAN_POINT('',(5.636719653,44.702522855,-1.509087113));
#2922=DIRECTION('',(0.,-1.,-0.));
#2923=VECTOR('',#2922,43.002522855);
#2924=LINE('',#2921,#2923);
#2925=EDGE_CURVE('',#1892,#2904,#2924,.T.);
#2926=ORIENTED_EDGE('',*,*,#2925,.T.);
#2927=EDGE_LOOP('',(#2912,#2918,#2919,#2920,#2926));
#2928=FACE_BOUND('',#2927,.T.);
#2929=ADVANCED_FACE('',(#2928),#2902,.T.);
#2930=CARTESIAN_POINT('',(7.636719653,113.961663057,-1.509087113));
#2931=DIRECTION('',(0.,0.,1.));
#2932=DIRECTION('',(1.,0.,0.));
#2933=AXIS2_PLACEMENT_3D('',#2930,#2931,#2932);
#2934=PLANE('',#2933);
#2935=CARTESIAN_POINT('',(6.636719653,0.7,-1.509087113));
#2936=VERTEX_POINT('',#2935);
#2937=CARTESIAN_POINT('',(6.636719653,1.7,-1.509087113));
#2938=DIRECTION('',(-0.,-0.,-1.));
#2939=DIRECTION('',(1.,0.,-0.));
#2940=AXIS2_PLACEMENT_3D('',#2937,#2938,#2939);
#2941=CIRCLE('',#2940,1.);
#2942=EDGE_CURVE('',#2881,#2936,#2941,.T.);
#2943=ORIENTED_EDGE('',*,*,#2942,.T.);
#2944=CARTESIAN_POINT('',(6.636719653,1.7,-1.509087113));
#2945=DIRECTION('',(-0.,-0.,-1.));
#2946=DIRECTION('',(1.,0.,-0.));
#2947=AXIS2_PLACEMENT_3D('',#2944,#2945,#2946);
#2948=CIRCLE('',#2947,1.);
#2949=EDGE_CURVE('',#2936,#2904,#2948,.T.);
#2950=ORIENTED_EDGE('',*,*,#2949,.T.);
#2951=ORIENTED_EDGE('',*,*,#2925,.F.);
#2952=ORIENTED_EDGE('',*,*,#1897,.T.);
#2953=ORIENTED_EDGE('',*,*,#2892,.T.);
#2954=EDGE_LOOP('',(#2943,#2950,#2951,#2952,#2953));
#2955=FACE_BOUND('',#2954,.T.);
#2956=ADVANCED_FACE('',(#2955),#2934,.F.);
#2957=CARTESIAN_POINT('',(2.636719653,113.961663057,-1.907207682));
#2958=DIRECTION('',(-1.,0.,0.));
#2959=DIRECTION('',(0.,0.,1.));
#2960=AXIS2_PLACEMENT_3D('',#2957,#2958,#2959);
#2961=PLANE('',#2960);
#2962=CARTESIAN_POINT('',(2.636719653,1.7,-1.509087113));
#2963=VERTEX_POINT('',#2962);
#2964=CARTESIAN_POINT('',(2.636719653,44.125988609,-1.509087113));
#2965=DIRECTION('',(0.,-1.,0.));
#2966=VECTOR('',#2965,42.425988609);
#2967=LINE('',#2964,#2966);
#2968=EDGE_CURVE('',#1915,#2963,#2967,.T.);
#2969=ORIENTED_EDGE('',*,*,#2968,.T.);
#2970=CARTESIAN_POINT('',(2.636719653,1.7,-1.509087113));
#2971=DIRECTION('',(0.,0.,-1.));
#2972=VECTOR('',#2971,1.898120568);
#2973=LINE('',#2970,#2972);
#2974=EDGE_CURVE('',#2963,#628,#2973,.T.);
#2975=ORIENTED_EDGE('',*,*,#2974,.T.);
#2976=ORIENTED_EDGE('',*,*,#633,.F.);
#2977=ORIENTED_EDGE('',*,*,#1926,.T.);
#2978=EDGE_LOOP('',(#2969,#2975,#2976,#2977));
#2979=FACE_BOUND('',#2978,.T.);
#2980=ADVANCED_FACE('',(#2979),#2961,.F.);
#2981=CARTESIAN_POINT('',(4.636719653,113.961663057,-1.907207682));
#2982=DIRECTION('',(-1.,0.,0.));
#2983=DIRECTION('',(0.,0.,1.));
#2984=AXIS2_PLACEMENT_3D('',#2981,#2982,#2983);
#2985=PLANE('',#2984);
#2986=ORIENTED_EDGE('',*,*,#659,.T.);
#2987=CARTESIAN_POINT('',(4.636719653,1.7,-1.509087113));
#2988=VERTEX_POINT('',#2987);
#2989=CARTESIAN_POINT('',(4.636719653,1.7,-3.407207682));
#2990=DIRECTION('',(-0.,-0.,1.));
#2991=VECTOR('',#2990,1.898120568);
#2992=LINE('',#2989,#2991);
#2993=EDGE_CURVE('',#645,#2988,#2992,.T.);
#2994=ORIENTED_EDGE('',*,*,#2993,.T.);
#2995=CARTESIAN_POINT('',(4.636719653,44.510344773,-1.509087113));
#2996=DIRECTION('',(0.,-1.,0.));
#2997=VECTOR('',#2996,42.810344773);
#2998=LINE('',#2995,#2997);
#2999=EDGE_CURVE('',#1907,#2988,#2998,.T.);
#3000=ORIENTED_EDGE('',*,*,#2999,.F.);
#3001=ORIENTED_EDGE('',*,*,#1912,.F.);
#3002=EDGE_LOOP('',(#2986,#2994,#3000,#3001));
#3003=FACE_BOUND('',#3002,.T.);
#3004=ADVANCED_FACE('',(#3003),#2985,.T.);
#3005=CARTESIAN_POINT('',(4.636719653,113.961663057,-1.509087113));
#3006=DIRECTION('',(0.,0.,1.));
#3007=DIRECTION('',(1.,0.,0.));
#3008=AXIS2_PLACEMENT_3D('',#3005,#3006,#3007);
#3009=PLANE('',#3008);
#3010=CARTESIAN_POINT('',(3.636719653,0.7,-1.509087113));
#3011=VERTEX_POINT('',#3010);
#3012=CARTESIAN_POINT('',(3.636719653,1.7,-1.509087113));
#3013=DIRECTION('',(-0.,-0.,-1.));
#3014=DIRECTION('',(1.,0.,-0.));
#3015=AXIS2_PLACEMENT_3D('',#3012,#3013,#3014);
#3016=CIRCLE('',#3015,1.);
#3017=EDGE_CURVE('',#2988,#3011,#3016,.T.);
#3018=ORIENTED_EDGE('',*,*,#3017,.T.);
#3019=CARTESIAN_POINT('',(3.636719653,1.7,-1.509087113));
#3020=DIRECTION('',(-0.,-0.,-1.));
#3021=DIRECTION('',(1.,0.,-0.));
#3022=AXIS2_PLACEMENT_3D('',#3019,#3020,#3021);
#3023=CIRCLE('',#3022,1.);
#3024=EDGE_CURVE('',#3011,#2963,#3023,.T.);
#3025=ORIENTED_EDGE('',*,*,#3024,.T.);
#3026=ORIENTED_EDGE('',*,*,#2968,.F.);
#3027=ORIENTED_EDGE('',*,*,#1920,.T.);
#3028=ORIENTED_EDGE('',*,*,#2999,.T.);
#3029=EDGE_LOOP('',(#3018,#3025,#3026,#3027,#3028));
#3030=FACE_BOUND('',#3029,.T.);
#3031=ADVANCED_FACE('',(#3030),#3009,.F.);
#3032=CARTESIAN_POINT('',(-1.36328468,0.7,-1.509087113));
#3033=DIRECTION('',(0.,1.,0.));
#3034=DIRECTION('',(-1.,0.,0.));
#3035=AXIS2_PLACEMENT_3D('',#3032,#3033,#3034);
#3036=PLANE('',#3035);
#3037=ORIENTED_EDGE('',*,*,#600,.T.);
#3038=CARTESIAN_POINT('',(-0.36328468,0.7,-1.509087113));
#3039=VERTEX_POINT('',#3038);
#3040=CARTESIAN_POINT('',(-0.36328468,0.7,-3.407207682));
#3041=DIRECTION('',(-0.,-0.,1.));
#3042=VECTOR('',#3041,1.898120568);
#3043=LINE('',#3040,#3042);
#3044=EDGE_CURVE('',#586,#3039,#3043,.T.);
#3045=ORIENTED_EDGE('',*,*,#3044,.T.);
#3046=CARTESIAN_POINT('',(0.636719653,0.7,-1.509087113));
#3047=VERTEX_POINT('',#3046);
#3048=CARTESIAN_POINT('',(-0.36328468,0.7,-1.509087113));
#3049=DIRECTION('',(1.,-0.,0.));
#3050=VECTOR('',#3049,1.000004333);
#3051=LINE('',#3048,#3050);
#3052=EDGE_CURVE('',#3039,#3047,#3051,.T.);
#3053=ORIENTED_EDGE('',*,*,#3052,.T.);
#3054=CARTESIAN_POINT('',(0.636719653,0.7,-1.509087113));
#3055=DIRECTION('',(0.,0.,-1.));
#3056=VECTOR('',#3055,1.898120568);
#3057=LINE('',#3054,#3056);
#3058=EDGE_CURVE('',#3047,#595,#3057,.T.);
#3059=ORIENTED_EDGE('',*,*,#3058,.T.);
#3060=EDGE_LOOP('',(#3037,#3045,#3053,#3059));
#3061=FACE_BOUND('',#3060,.T.);
#3062=ADVANCED_FACE('',(#3061),#3036,.T.);
#3063=CARTESIAN_POINT('',(1.636719653,113.961663057,-1.509087113));
#3064=DIRECTION('',(1.,0.,0.));
#3065=DIRECTION('',(0.,0.,-1.));
#3066=AXIS2_PLACEMENT_3D('',#3063,#3064,#3065);
#3067=PLANE('',#3066);
#3068=ORIENTED_EDGE('',*,*,#617,.F.);
#3069=CARTESIAN_POINT('',(1.636719653,1.7,-1.509087113));
#3070=VERTEX_POINT('',#3069);
#3071=CARTESIAN_POINT('',(1.636719653,1.7,-3.407207682));
#3072=DIRECTION('',(-0.,-0.,1.));
#3073=VECTOR('',#3072,1.898120568);
#3074=LINE('',#3071,#3073);
#3075=EDGE_CURVE('',#603,#3070,#3074,.T.);
#3076=ORIENTED_EDGE('',*,*,#3075,.T.);
#3077=CARTESIAN_POINT('',(1.636719653,43.933810527,-1.509087113));
#3078=DIRECTION('',(0.,-1.,0.));
#3079=VECTOR('',#3078,42.233810527);
#3080=LINE('',#3077,#3079);
#3081=EDGE_CURVE('',#1838,#3070,#3080,.T.);
#3082=ORIENTED_EDGE('',*,*,#3081,.F.);
#3083=ORIENTED_EDGE('',*,*,#1843,.T.);
#3084=EDGE_LOOP('',(#3068,#3076,#3082,#3083));
#3085=FACE_BOUND('',#3084,.T.);
#3086=ADVANCED_FACE('',(#3085),#3067,.F.);
#3087=CARTESIAN_POINT('',(-1.36328468,113.961663057,-1.509087113));
#3088=DIRECTION('',(1.,0.,0.));
#3089=DIRECTION('',(0.,0.,-1.));
#3090=AXIS2_PLACEMENT_3D('',#3087,#3088,#3089);
#3091=PLANE('',#3090);
#3092=CARTESIAN_POINT('',(-1.36328468,1.7,-1.509087113));
#3093=VERTEX_POINT('',#3092);
#3094=CARTESIAN_POINT('',(-1.36328468,43.940060812,-1.509087113));
#3095=DIRECTION('',(0.,-1.,0.));
#3096=VECTOR('',#3095,42.240060812);
#3097=LINE('',#3094,#3096);
#3098=EDGE_CURVE('',#126,#3093,#3097,.T.);
#3099=ORIENTED_EDGE('',*,*,#3098,.T.);
#3100=CARTESIAN_POINT('',(-1.36328468,1.7,-1.509087113));
#3101=DIRECTION('',(0.,0.,-1.));
#3102=VECTOR('',#3101,1.898120568);
#3103=LINE('',#3100,#3102);
#3104=EDGE_CURVE('',#3093,#578,#3103,.T.);
#3105=ORIENTED_EDGE('',*,*,#3104,.T.);
#3106=ORIENTED_EDGE('',*,*,#583,.T.);
#3107=ORIENTED_EDGE('',*,*,#139,.F.);
#3108=EDGE_LOOP('',(#3099,#3105,#3106,#3107));
#3109=FACE_BOUND('',#3108,.T.);
#3110=ADVANCED_FACE('',(#3109),#3091,.T.);
#3111=CARTESIAN_POINT('',(-1.36328468,113.961663057,-1.509087113));
#3112=DIRECTION('',(0.,0.,-1.));
#3113=DIRECTION('',(-1.,0.,0.));
#3114=AXIS2_PLACEMENT_3D('',#3111,#3112,#3113);
#3115=PLANE('',#3114);
#3116=ORIENTED_EDGE('',*,*,#3052,.F.);
#3117=CARTESIAN_POINT('',(-0.36328468,1.7,-1.509087113));
#3118=DIRECTION('',(0.,0.,-1.));
#3119=DIRECTION('',(-1.,0.,0.));
#3120=AXIS2_PLACEMENT_3D('',#3117,#3118,#3119);
#3121=CIRCLE('',#3120,1.);
#3122=EDGE_CURVE('',#3039,#3093,#3121,.T.);
#3123=ORIENTED_EDGE('',*,*,#3122,.T.);
#3124=ORIENTED_EDGE('',*,*,#3098,.F.);
#3125=ORIENTED_EDGE('',*,*,#131,.F.);
#3126=ORIENTED_EDGE('',*,*,#1849,.F.);
#3127=ORIENTED_EDGE('',*,*,#3081,.T.);
#3128=CARTESIAN_POINT('',(0.636719653,1.7,-1.509087113));
#3129=DIRECTION('',(0.,0.,-1.));
#3130=DIRECTION('',(-1.,0.,0.));
#3131=AXIS2_PLACEMENT_3D('',#3128,#3129,#3130);
#3132=CIRCLE('',#3131,1.);
#3133=EDGE_CURVE('',#3070,#3047,#3132,.T.);
#3134=ORIENTED_EDGE('',*,*,#3133,.T.);
#3135=EDGE_LOOP('',(#3116,#3123,#3124,#3125,#3126,#3127,#3134));
#3136=FACE_BOUND('',#3135,.T.);
#3137=ADVANCED_FACE('',(#3136),#3115,.T.);
#3138=CARTESIAN_POINT('',(-4.36328468,113.961663057,-3.407207682));
#3139=DIRECTION('',(1.,0.,0.));
#3140=DIRECTION('',(0.,0.,-1.));
#3141=AXIS2_PLACEMENT_3D('',#3138,#3139,#3140);
#3142=PLANE('',#3141);
#3143=CARTESIAN_POINT('',(-4.36328468,1.7,-1.509087113));
#3144=VERTEX_POINT('',#3143);
#3145=CARTESIAN_POINT('',(-4.36328468,44.53288045,-1.509087113));
#3146=DIRECTION('',(0.,-1.,0.));
#3147=VECTOR('',#3146,42.83288045);
#3148=LINE('',#3145,#3147);
#3149=EDGE_CURVE('',#158,#3144,#3148,.T.);
#3150=ORIENTED_EDGE('',*,*,#3149,.T.);
#3151=CARTESIAN_POINT('',(-4.36328468,1.7,-1.509087113));
#3152=DIRECTION('',(-0.,-0.,-1.));
#3153=VECTOR('',#3152,1.898120568);
#3154=LINE('',#3151,#3153);
#3155=EDGE_CURVE('',#3144,#545,#3154,.T.);
#3156=ORIENTED_EDGE('',*,*,#3155,.T.);
#3157=ORIENTED_EDGE('',*,*,#550,.T.);
#3158=ORIENTED_EDGE('',*,*,#171,.F.);
#3159=EDGE_LOOP('',(#3150,#3156,#3157,#3158));
#3160=FACE_BOUND('',#3159,.T.);
#3161=ADVANCED_FACE('',(#3160),#3142,.T.);
#3162=CARTESIAN_POINT('',(-2.36328468,113.961663057,-1.907207682));
#3163=DIRECTION('',(-1.,0.,0.));
#3164=DIRECTION('',(0.,0.,1.));
#3165=AXIS2_PLACEMENT_3D('',#3162,#3163,#3164);
#3166=PLANE('',#3165);
#3167=ORIENTED_EDGE('',*,*,#574,.T.);
#3168=CARTESIAN_POINT('',(-2.36328468,1.7,-1.509087113));
#3169=VERTEX_POINT('',#3168);
#3170=CARTESIAN_POINT('',(-2.36328468,1.7,-3.407207682));
#3171=DIRECTION('',(-0.,-0.,1.));
#3172=VECTOR('',#3171,1.898120568);
#3173=LINE('',#3170,#3172);
#3174=EDGE_CURVE('',#562,#3169,#3173,.T.);
#3175=ORIENTED_EDGE('',*,*,#3174,.T.);
#3176=CARTESIAN_POINT('',(-2.36328468,44.137667358,-1.509087113));
#3177=DIRECTION('',(0.,-1.,0.));
#3178=VECTOR('',#3177,42.437667358);
#3179=LINE('',#3176,#3178);
#3180=EDGE_CURVE('',#150,#3169,#3179,.T.);
#3181=ORIENTED_EDGE('',*,*,#3180,.F.);
#3182=ORIENTED_EDGE('',*,*,#155,.F.);
#3183=EDGE_LOOP('',(#3167,#3175,#3181,#3182));
#3184=FACE_BOUND('',#3183,.T.);
#3185=ADVANCED_FACE('',(#3184),#3166,.T.);
#3186=CARTESIAN_POINT('',(-4.36328468,113.961663057,-1.509087113));
#3187=DIRECTION('',(0.,0.,-1.));
#3188=DIRECTION('',(-1.,0.,0.));
#3189=AXIS2_PLACEMENT_3D('',#3186,#3187,#3188);
#3190=PLANE('',#3189);
#3191=ORIENTED_EDGE('',*,*,#3180,.T.);
#3192=CARTESIAN_POINT('',(-3.36328468,0.7,-1.509087113));
#3193=VERTEX_POINT('',#3192);
#3194=CARTESIAN_POINT('',(-3.36328468,1.7,-1.509087113));
#3195=DIRECTION('',(0.,0.,-1.));
#3196=DIRECTION('',(-1.,0.,0.));
#3197=AXIS2_PLACEMENT_3D('',#3194,#3195,#3196);
#3198=CIRCLE('',#3197,1.);
#3199=EDGE_CURVE('',#3169,#3193,#3198,.T.);
#3200=ORIENTED_EDGE('',*,*,#3199,.T.);
#3201=CARTESIAN_POINT('',(-3.36328468,1.7,-1.509087113));
#3202=DIRECTION('',(0.,0.,-1.));
#3203=DIRECTION('',(-1.,0.,0.));
#3204=AXIS2_PLACEMENT_3D('',#3201,#3202,#3203);
#3205=CIRCLE('',#3204,1.);
#3206=EDGE_CURVE('',#3193,#3144,#3205,.T.);
#3207=ORIENTED_EDGE('',*,*,#3206,.T.);
#3208=ORIENTED_EDGE('',*,*,#3149,.F.);
#3209=ORIENTED_EDGE('',*,*,#163,.F.);
#3210=EDGE_LOOP('',(#3191,#3200,#3207,#3208,#3209));
#3211=FACE_BOUND('',#3210,.T.);
#3212=ADVANCED_FACE('',(#3211),#3190,.T.);
#3213=CARTESIAN_POINT('',(-5.36328468,113.961663057,-1.509087113));
#3214=DIRECTION('',(1.,0.,0.));
#3215=DIRECTION('',(0.,0.,-1.));
#3216=AXIS2_PLACEMENT_3D('',#3213,#3214,#3215);
#3217=PLANE('',#3216);
#3218=ORIENTED_EDGE('',*,*,#541,.F.);
#3219=CARTESIAN_POINT('',(-5.36328468,1.7,-1.509087113));
#3220=VERTEX_POINT('',#3219);
#3221=CARTESIAN_POINT('',(-5.36328468,1.7,-3.407207682));
#3222=DIRECTION('',(-0.,-0.,1.));
#3223=VECTOR('',#3222,1.898120568);
#3224=LINE('',#3221,#3223);
#3225=EDGE_CURVE('',#529,#3220,#3224,.T.);
#3226=ORIENTED_EDGE('',*,*,#3225,.T.);
#3227=CARTESIAN_POINT('',(-5.36328468,44.730486996,-1.509087113));
#3228=DIRECTION('',(0.,-1.,0.));
#3229=VECTOR('',#3228,43.030486996);
#3230=LINE('',#3227,#3229);
#3231=EDGE_CURVE('',#61,#3220,#3230,.T.);
#3232=ORIENTED_EDGE('',*,*,#3231,.F.);
#3233=ORIENTED_EDGE('',*,*,#68,.T.);
#3234=EDGE_LOOP('',(#3218,#3226,#3232,#3233));
#3235=FACE_BOUND('',#3234,.T.);
#3236=ADVANCED_FACE('',(#3235),#3217,.F.);
#3237=CARTESIAN_POINT('',(-7.36328468,113.961663057,-1.509087113));
#3238=DIRECTION('',(1.,0.,0.));
#3239=DIRECTION('',(0.,0.,-1.));
#3240=AXIS2_PLACEMENT_3D('',#3237,#3238,#3239);
#3241=PLANE('',#3240);
#3242=CARTESIAN_POINT('',(-7.36328468,1.7,-1.509087113));
#3243=VERTEX_POINT('',#3242);
#3244=CARTESIAN_POINT('',(-7.36328468,45.125700089,-1.509087113));
#3245=DIRECTION('',(0.,-1.,0.));
#3246=VECTOR('',#3245,43.425700089);
#3247=LINE('',#3244,#3246);
#3248=EDGE_CURVE('',#71,#3243,#3247,.T.);
#3249=ORIENTED_EDGE('',*,*,#3248,.T.);
#3250=CARTESIAN_POINT('',(-7.36328468,1.7,-1.509087113));
#3251=DIRECTION('',(0.,0.,-1.));
#3252=VECTOR('',#3251,1.898120568);
#3253=LINE('',#3250,#3252);
#3254=EDGE_CURVE('',#3243,#512,#3253,.T.);
#3255=ORIENTED_EDGE('',*,*,#3254,.T.);
#3256=ORIENTED_EDGE('',*,*,#517,.T.);
#3257=ORIENTED_EDGE('',*,*,#84,.F.);
#3258=EDGE_LOOP('',(#3249,#3255,#3256,#3257));
#3259=FACE_BOUND('',#3258,.T.);
#3260=ADVANCED_FACE('',(#3259),#3241,.T.);
#3261=CARTESIAN_POINT('',(-7.36328468,113.961663057,-1.509087113));
#3262=DIRECTION('',(0.,0.,-1.));
#3263=DIRECTION('',(-1.,0.,0.));
#3264=AXIS2_PLACEMENT_3D('',#3261,#3262,#3263);
#3265=PLANE('',#3264);
#3266=CARTESIAN_POINT('',(-6.36328468,0.7,-1.509087113));
#3267=VERTEX_POINT('',#3266);
#3268=CARTESIAN_POINT('',(-6.36328468,1.7,-1.509087113));
#3269=DIRECTION('',(0.,0.,-1.));
#3270=DIRECTION('',(-1.,0.,0.));
#3271=AXIS2_PLACEMENT_3D('',#3268,#3269,#3270);
#3272=CIRCLE('',#3271,1.);
#3273=EDGE_CURVE('',#3220,#3267,#3272,.T.);
#3274=ORIENTED_EDGE('',*,*,#3273,.T.);
#3275=CARTESIAN_POINT('',(-6.36328468,1.7,-1.509087113));
#3276=DIRECTION('',(0.,0.,-1.));
#3277=DIRECTION('',(-1.,0.,0.));
#3278=AXIS2_PLACEMENT_3D('',#3275,#3276,#3277);
#3279=CIRCLE('',#3278,1.);
#3280=EDGE_CURVE('',#3267,#3243,#3279,.T.);
#3281=ORIENTED_EDGE('',*,*,#3280,.T.);
#3282=ORIENTED_EDGE('',*,*,#3248,.F.);
#3283=ORIENTED_EDGE('',*,*,#76,.F.);
#3284=ORIENTED_EDGE('',*,*,#3231,.T.);
#3285=EDGE_LOOP('',(#3274,#3281,#3282,#3283,#3284));
#3286=FACE_BOUND('',#3285,.T.);
#3287=ADVANCED_FACE('',(#3286),#3265,.T.);
#3288=CARTESIAN_POINT('',(-6.36328468,1.7,-1.509087113));
#3289=DIRECTION('',(0.,0.,-1.));
#3290=DIRECTION('',(-1.,0.,0.));
#3291=AXIS2_PLACEMENT_3D('',#3288,#3289,#3290);
#3292=CYLINDRICAL_SURFACE('',#3291,1.);
#3293=CARTESIAN_POINT('',(-6.36328468,0.7,-1.509087113));
#3294=DIRECTION('',(0.,0.,-1.));
#3295=VECTOR('',#3294,1.898120568);
#3296=LINE('',#3293,#3295);
#3297=EDGE_CURVE('',#3267,#520,#3296,.T.);
#3298=ORIENTED_EDGE('',*,*,#3297,.F.);
#3299=ORIENTED_EDGE('',*,*,#3273,.F.);
#3300=ORIENTED_EDGE('',*,*,#3225,.F.);
#3301=ORIENTED_EDGE('',*,*,#535,.F.);
#3302=EDGE_LOOP('',(#3298,#3299,#3300,#3301));
#3303=FACE_BOUND('',#3302,.T.);
#3304=ADVANCED_FACE('',(#3303),#3292,.F.);
#3305=CARTESIAN_POINT('',(-6.36328468,1.7,-1.509087113));
#3306=DIRECTION('',(0.,0.,1.));
#3307=DIRECTION('',(1.,0.,-0.));
#3308=AXIS2_PLACEMENT_3D('',#3305,#3306,#3307);
#3309=CYLINDRICAL_SURFACE('',#3308,1.);
#3310=ORIENTED_EDGE('',*,*,#3280,.F.);
#3311=ORIENTED_EDGE('',*,*,#3297,.T.);
#3312=ORIENTED_EDGE('',*,*,#526,.F.);
#3313=ORIENTED_EDGE('',*,*,#3254,.F.);
#3314=EDGE_LOOP('',(#3310,#3311,#3312,#3313));
#3315=FACE_BOUND('',#3314,.T.);
#3316=ADVANCED_FACE('',(#3315),#3309,.F.);
#3317=CARTESIAN_POINT('',(6.636719653,1.7,-1.509087113));
#3318=DIRECTION('',(0.,0.,1.));
#3319=DIRECTION('',(1.,0.,-0.));
#3320=AXIS2_PLACEMENT_3D('',#3317,#3318,#3319);
#3321=CYLINDRICAL_SURFACE('',#3320,1.);
#3322=CARTESIAN_POINT('',(6.636719653,0.7,-1.907207682));
#3323=VERTEX_POINT('',#3322);
#3324=CARTESIAN_POINT('',(6.636719653,0.7,-1.509087113));
#3325=DIRECTION('',(0.,0.,-1.));
#3326=VECTOR('',#3325,0.398120568);
#3327=LINE('',#3324,#3326);
#3328=EDGE_CURVE('',#2936,#3323,#3327,.T.);
#3329=ORIENTED_EDGE('',*,*,#3328,.F.);
#3330=ORIENTED_EDGE('',*,*,#2942,.F.);
#3331=ORIENTED_EDGE('',*,*,#2886,.F.);
#3332=ORIENTED_EDGE('',*,*,#693,.F.);
#3333=CARTESIAN_POINT('',(6.636719653,0.7,-1.907207682));
#3334=DIRECTION('',(0.,0.,-1.));
#3335=VECTOR('',#3334,1.5);
#3336=LINE('',#3333,#3335);
#3337=EDGE_CURVE('',#3323,#678,#3336,.T.);
#3338=ORIENTED_EDGE('',*,*,#3337,.F.);
#3339=EDGE_LOOP('',(#3329,#3330,#3331,#3332,#3338));
#3340=FACE_BOUND('',#3339,.T.);
#3341=ADVANCED_FACE('',(#3340),#3321,.F.);
#3342=CARTESIAN_POINT('',(6.636719653,1.7,-1.509087113));
#3343=DIRECTION('',(0.,0.,-1.));
#3344=DIRECTION('',(-1.,0.,0.));
#3345=AXIS2_PLACEMENT_3D('',#3342,#3343,#3344);
#3346=CYLINDRICAL_SURFACE('',#3345,1.);
#3347=ORIENTED_EDGE('',*,*,#2949,.F.);
#3348=ORIENTED_EDGE('',*,*,#3328,.T.);
#3349=CARTESIAN_POINT('',(6.636719653,1.7,-1.907207682));
#3350=DIRECTION('',(0.,0.,1.));
#3351=DIRECTION('',(1.,0.,-0.));
#3352=AXIS2_PLACEMENT_3D('',#3349,#3350,#3351);
#3353=CIRCLE('',#3352,1.);
#3354=EDGE_CURVE('',#2906,#3323,#3353,.T.);
#3355=ORIENTED_EDGE('',*,*,#3354,.F.);
#3356=ORIENTED_EDGE('',*,*,#2911,.F.);
#3357=EDGE_LOOP('',(#3347,#3348,#3355,#3356));
#3358=FACE_BOUND('',#3357,.T.);
#3359=ADVANCED_FACE('',(#3358),#3346,.F.);
#3360=CARTESIAN_POINT('',(6.636719653,1.7,-1.509087113));
#3361=DIRECTION('',(0.,0.,1.));
#3362=DIRECTION('',(1.,0.,-0.));
#3363=AXIS2_PLACEMENT_3D('',#3360,#3361,#3362);
#3364=CYLINDRICAL_SURFACE('',#3363,1.);
#3365=ORIENTED_EDGE('',*,*,#684,.F.);
#3366=ORIENTED_EDGE('',*,*,#2917,.F.);
#3367=ORIENTED_EDGE('',*,*,#3354,.T.);
#3368=ORIENTED_EDGE('',*,*,#3337,.T.);
#3369=EDGE_LOOP('',(#3365,#3366,#3367,#3368));
#3370=FACE_BOUND('',#3369,.T.);
#3371=ADVANCED_FACE('',(#3370),#3364,.F.);
#3372=CARTESIAN_POINT('',(-3.36328468,1.7,0.));
#3373=DIRECTION('',(0.,0.,-1.));
#3374=DIRECTION('',(-1.,0.,0.));
#3375=AXIS2_PLACEMENT_3D('',#3372,#3373,#3374);
#3376=CYLINDRICAL_SURFACE('',#3375,1.);
#3377=ORIENTED_EDGE('',*,*,#3155,.F.);
#3378=ORIENTED_EDGE('',*,*,#3206,.F.);
#3379=CARTESIAN_POINT('',(-3.36328468,0.7,-3.407207682));
#3380=DIRECTION('',(0.,0.,1.));
#3381=VECTOR('',#3380,1.898120568);
#3382=LINE('',#3379,#3381);
#3383=EDGE_CURVE('',#553,#3193,#3382,.T.);
#3384=ORIENTED_EDGE('',*,*,#3383,.F.);
#3385=ORIENTED_EDGE('',*,*,#559,.F.);
#3386=EDGE_LOOP('',(#3377,#3378,#3384,#3385));
#3387=FACE_BOUND('',#3386,.T.);
#3388=ADVANCED_FACE('',(#3387),#3376,.F.);
#3389=CARTESIAN_POINT('',(-3.36328468,1.7,0.));
#3390=DIRECTION('',(0.,0.,1.));
#3391=DIRECTION('',(1.,0.,-0.));
#3392=AXIS2_PLACEMENT_3D('',#3389,#3390,#3391);
#3393=CYLINDRICAL_SURFACE('',#3392,1.);
#3394=ORIENTED_EDGE('',*,*,#3199,.F.);
#3395=ORIENTED_EDGE('',*,*,#3174,.F.);
#3396=ORIENTED_EDGE('',*,*,#568,.F.);
#3397=ORIENTED_EDGE('',*,*,#3383,.T.);
#3398=EDGE_LOOP('',(#3394,#3395,#3396,#3397));
#3399=FACE_BOUND('',#3398,.T.);
#3400=ADVANCED_FACE('',(#3399),#3393,.F.);
#3401=CARTESIAN_POINT('',(-0.36328468,1.7,-1.509087113));
#3402=DIRECTION('',(0.,0.,1.));
#3403=DIRECTION('',(1.,0.,-0.));
#3404=AXIS2_PLACEMENT_3D('',#3401,#3402,#3403);
#3405=CYLINDRICAL_SURFACE('',#3404,1.);
#3406=ORIENTED_EDGE('',*,*,#3122,.F.);
#3407=ORIENTED_EDGE('',*,*,#3044,.F.);
#3408=ORIENTED_EDGE('',*,*,#592,.F.);
#3409=ORIENTED_EDGE('',*,*,#3104,.F.);
#3410=EDGE_LOOP('',(#3406,#3407,#3408,#3409));
#3411=FACE_BOUND('',#3410,.T.);
#3412=ADVANCED_FACE('',(#3411),#3405,.F.);
#3413=CARTESIAN_POINT('',(3.636719653,1.7,0.));
#3414=DIRECTION('',(0.,0.,1.));
#3415=DIRECTION('',(1.,0.,-0.));
#3416=AXIS2_PLACEMENT_3D('',#3413,#3414,#3415);
#3417=CYLINDRICAL_SURFACE('',#3416,1.);
#3418=CARTESIAN_POINT('',(3.636719653,0.7,-1.509087113));
#3419=DIRECTION('',(0.,0.,-1.));
#3420=VECTOR('',#3419,1.898120568);
#3421=LINE('',#3418,#3420);
#3422=EDGE_CURVE('',#3011,#636,#3421,.T.);
#3423=ORIENTED_EDGE('',*,*,#3422,.F.);
#3424=ORIENTED_EDGE('',*,*,#3017,.F.);
#3425=ORIENTED_EDGE('',*,*,#2993,.F.);
#3426=ORIENTED_EDGE('',*,*,#651,.F.);
#3427=EDGE_LOOP('',(#3423,#3424,#3425,#3426));
#3428=FACE_BOUND('',#3427,.T.);
#3429=ADVANCED_FACE('',(#3428),#3417,.F.);
#3430=CARTESIAN_POINT('',(3.636719653,1.7,-1.907207682));
#3431=DIRECTION('',(0.,0.,-1.));
#3432=DIRECTION('',(-1.,0.,0.));
#3433=AXIS2_PLACEMENT_3D('',#3430,#3431,#3432);
#3434=CYLINDRICAL_SURFACE('',#3433,1.);
#3435=ORIENTED_EDGE('',*,*,#3024,.F.);
#3436=ORIENTED_EDGE('',*,*,#3422,.T.);
#3437=ORIENTED_EDGE('',*,*,#642,.F.);
#3438=ORIENTED_EDGE('',*,*,#2974,.F.);
#3439=EDGE_LOOP('',(#3435,#3436,#3437,#3438));
#3440=FACE_BOUND('',#3439,.T.);
#3441=ADVANCED_FACE('',(#3440),#3434,.F.);
#3442=CARTESIAN_POINT('',(0.636719653,1.7,-1.509087113));
#3443=DIRECTION('',(0.,0.,-1.));
#3444=DIRECTION('',(-1.,0.,0.));
#3445=AXIS2_PLACEMENT_3D('',#3442,#3443,#3444);
#3446=CYLINDRICAL_SURFACE('',#3445,1.);
#3447=ORIENTED_EDGE('',*,*,#3133,.F.);
#3448=ORIENTED_EDGE('',*,*,#3075,.F.);
#3449=ORIENTED_EDGE('',*,*,#609,.F.);
#3450=ORIENTED_EDGE('',*,*,#3058,.F.);
#3451=EDGE_LOOP('',(#3447,#3448,#3449,#3450));
#3452=FACE_BOUND('',#3451,.T.);
#3453=ADVANCED_FACE('',(#3452),#3446,.F.);
#3454=CARTESIAN_POINT('',(128.091198456,-21.330875018,-3.407207682));
#3455=DIRECTION('',(0.,0.,1.));
#3456=DIRECTION('',(1.,0.,-0.));
#3457=AXIS2_PLACEMENT_3D('',#3454,#3455,#3456);
#3458=CYLINDRICAL_SURFACE('',#3457,1.);
#3459=CARTESIAN_POINT('',(129.091198456,-21.330875018,-1.907207682));
#3460=DIRECTION('',(-0.,-0.,-1.));
#3461=VECTOR('',#3460,1.5);
#3462=LINE('',#3459,#3461);
#3463=EDGE_CURVE('',#2856,#323,#3462,.T.);
#3464=ORIENTED_EDGE('',*,*,#3463,.T.);
#3465=ORIENTED_EDGE('',*,*,#329,.F.);
#3466=ORIENTED_EDGE('',*,*,#2500,.F.);
#3467=ORIENTED_EDGE('',*,*,#2869,.F.);
#3468=EDGE_LOOP('',(#3464,#3465,#3466,#3467));
#3469=FACE_BOUND('',#3468,.T.);
#3470=ADVANCED_FACE('',(#3469),#3458,.T.);
#3471=CARTESIAN_POINT('',(89.990023113,-43.245002141,-3.407207682));
#3472=DIRECTION('',(0.,0.,1.));
#3473=DIRECTION('',(1.,0.,-0.));
#3474=AXIS2_PLACEMENT_3D('',#3471,#3472,#3473);
#3475=CYLINDRICAL_SURFACE('',#3474,1.);
#3476=ORIENTED_EDGE('',*,*,#355,.F.);
#3477=ORIENTED_EDGE('',*,*,#2462,.F.);
#3478=ORIENTED_EDGE('',*,*,#2852,.F.);
#3479=ORIENTED_EDGE('',*,*,#2431,.F.);
#3480=EDGE_LOOP('',(#3476,#3477,#3478,#3479));
#3481=FACE_BOUND('',#3480,.T.);
#3482=ADVANCED_FACE('',(#3481),#3475,.T.);
#3483=CARTESIAN_POINT('',(-90.127647092,-43.118075157,-3.407207682));
#3484=DIRECTION('',(0.,0.,1.));
#3485=DIRECTION('',(1.,0.,-0.));
#3486=AXIS2_PLACEMENT_3D('',#3483,#3484,#3485);
#3487=CYLINDRICAL_SURFACE('',#3486,1.);
#3488=ORIENTED_EDGE('',*,*,#436,.F.);
#3489=ORIENTED_EDGE('',*,*,#2239,.F.);
#3490=ORIENTED_EDGE('',*,*,#2836,.F.);
#3491=ORIENTED_EDGE('',*,*,#2215,.F.);
#3492=EDGE_LOOP('',(#3488,#3489,#3490,#3491));
#3493=FACE_BOUND('',#3492,.T.);
#3494=ADVANCED_FACE('',(#3493),#3487,.T.);
#3495=CARTESIAN_POINT('',(-127.82784921,-21.038528952,-3.407207682));
#3496=DIRECTION('',(0.,0.,1.));
#3497=DIRECTION('',(1.,0.,-0.));
#3498=AXIS2_PLACEMENT_3D('',#3495,#3496,#3497);
#3499=CYLINDRICAL_SURFACE('',#3498,1.);
#3500=ORIENTED_EDGE('',*,*,#453,.F.);
#3501=ORIENTED_EDGE('',*,*,#2208,.F.);
#3502=ORIENTED_EDGE('',*,*,#2828,.F.);
#3503=ORIENTED_EDGE('',*,*,#2184,.F.);
#3504=EDGE_LOOP('',(#3500,#3501,#3502,#3503));
#3505=FACE_BOUND('',#3504,.T.);
#3506=ADVANCED_FACE('',(#3505),#3499,.T.);
#3507=CARTESIAN_POINT('',(-121.330278077,53.37222653,-3.407207682));
#3508=DIRECTION('',(0.,0.,1.));
#3509=DIRECTION('',(1.,0.,-0.));
#3510=AXIS2_PLACEMENT_3D('',#3507,#3508,#3509);
#3511=CYLINDRICAL_SURFACE('',#3510,1.);
#3512=ORIENTED_EDGE('',*,*,#470,.F.);
#3513=ORIENTED_EDGE('',*,*,#2177,.F.);
#3514=ORIENTED_EDGE('',*,*,#2820,.F.);
#3515=ORIENTED_EDGE('',*,*,#2146,.F.);
#3516=EDGE_LOOP('',(#3512,#3513,#3514,#3515));
#3517=FACE_BOUND('',#3516,.T.);
#3518=ADVANCED_FACE('',(#3517),#3511,.T.);
#3519=CARTESIAN_POINT('',(121.602552236,53.124333513,-3.407207682));
#3520=DIRECTION('',(0.,0.,1.));
#3521=DIRECTION('',(1.,0.,-0.));
#3522=AXIS2_PLACEMENT_3D('',#3519,#3520,#3521);
#3523=CYLINDRICAL_SURFACE('',#3522,1.);
#3524=ORIENTED_EDGE('',*,*,#312,.F.);
#3525=ORIENTED_EDGE('',*,*,#2524,.F.);
#3526=ORIENTED_EDGE('',*,*,#2800,.F.);
#3527=ORIENTED_EDGE('',*,*,#2486,.F.);
#3528=EDGE_LOOP('',(#3524,#3525,#3526,#3527));
#3529=FACE_BOUND('',#3528,.T.);
#3530=ADVANCED_FACE('',(#3529),#3523,.T.);
#3531=CARTESIAN_POINT('',(0.123339017,-31.595810039,17.579543799));
#3532=DIRECTION('',(0.,0.,-1.));
#3533=DIRECTION('',(0.,1.,0.));
#3534=AXIS2_PLACEMENT_3D('',#3531,#3532,#3533);
#3535=CYLINDRICAL_SURFACE('',#3534,1.75);
#3536=CARTESIAN_POINT('',(0.123339017,-29.845810039,-3.407207682));
#3537=DIRECTION('',(-0.,-0.,1.));
#3538=VECTOR('',#3537,1.5);
#3539=LINE('',#3536,#3538);
#3540=EDGE_CURVE('',#188,#2745,#3539,.T.);
#3541=ORIENTED_EDGE('',*,*,#3540,.F.);
#3542=ORIENTED_EDGE('',*,*,#196,.T.);
#3543=ORIENTED_EDGE('',*,*,#203,.T.);
#3544=ORIENTED_EDGE('',*,*,#3540,.T.);
#3545=ORIENTED_EDGE('',*,*,#2751,.F.);
#3546=ORIENTED_EDGE('',*,*,#2758,.F.);
#3547=EDGE_LOOP('',(#3541,#3542,#3543,#3544,#3545,#3546));
#3548=FACE_BOUND('',#3547,.T.);
#3549=ADVANCED_FACE('',(#3548),#3535,.F.);
#3550=CARTESIAN_POINT('',(128.091198456,-21.330875018,-3.407207682));
#3551=DIRECTION('',(0.,0.,1.));
#3552=DIRECTION('',(1.,0.,-0.));
#3553=AXIS2_PLACEMENT_3D('',#3550,#3551,#3552);
#3554=CYLINDRICAL_SURFACE('',#3553,1.);
#3555=ORIENTED_EDGE('',*,*,#3463,.F.);
#3556=ORIENTED_EDGE('',*,*,#2862,.F.);
#3557=ORIENTED_EDGE('',*,*,#2469,.F.);
#3558=ORIENTED_EDGE('',*,*,#338,.F.);
#3559=EDGE_LOOP('',(#3555,#3556,#3557,#3558));
#3560=FACE_BOUND('',#3559,.T.);
#3561=ADVANCED_FACE('',(#3560),#3554,.T.);
#3562=CLOSED_SHELL('',(#181,#735,#786,#837,#851,#872,#923,#974,#988,#1009,#1060,#1111,#1125,#1146,#1197,#1248,#1262,#1283,#1334,#1385,#1399,#1420,#1471,#1522,#1536,#1557,
#1608,#1659,#1673,#1694,#1745,#1796,#1810,#1831,#1931,#1963,#1987,#2019,#2036,#2061,#2085,#2109,#2133,#2157,#2188,#2219,#2250,#2274,#2298,#2322,#2346,
#2370,#2394,#2418,#2442,#2473,#2504,#2535,#2559,#2583,#2600,#2617,#2634,#2651,#2668,#2685,#2702,#2719,#2736,#2873,#2897,#2929,#2956,#2980,#3004,#3031,
#3062,#3086,#3110,#3137,#3161,#3185,#3212,#3236,#3260,#3287,#3304,#3316,#3341,#3359,#3371,#3388,#3400,#3412,#3429,#3441,#3453,#3470,#3482,#3494,#3506,
#3518,#3530,#3549,#3561));
#3563=MANIFOLD_SOLID_BREP('bottom',#3562);
#54=STYLED_ITEM('',(),#3563);
#35=SHAPE_REPRESENTATION('case',(#15),#33);
#36=ADVANCED_BREP_SHAPE_REPRESENTATION('case',(#3563),#33);
#3571=SHAPE_REPRESENTATION_RELATIONSHIP('','',#35,#36);
#3572=APPLICATION_CONTEXT('configuration controlled 3D design of mechanical parts and assemblies');
#3573=APPLICATION_PROTOCOL_DEFINITION('international standard','configuration_control_3d_design_ed2_mim',2004,#3572);
#3574=PRODUCT_CONTEXT('',#3572,'mechanical');
#3575=PRODUCT_DEFINITION_CONTEXT('part definition',#3572,'design');
#43=PRODUCT('0','0','',(#3574));
#3576=PRODUCT_RELATED_PRODUCT_CATEGORY('part','',(#43));
#3577=PRODUCT_DEFINITION_FORMATION_WITH_SPECIFIED_SOURCE('','',#43,.NOT_KNOWN.);
#44=PRODUCT_DEFINITION('design','',#3577,#3575);
#42=PRODUCT_DEFINITION_SHAPE('','',#44);
#3578=SHAPE_DEFINITION_REPRESENTATION(#42,#35);
#34=DRAUGHTING_MODEL('',(),#33);
#16=SHAPE_REPRESENTATION('root',(#15,#48),#10);
#24=PRODUCT('root','root','',(#3574));
#3579=PRODUCT_RELATED_PRODUCT_CATEGORY('part','',(#24));
#3580=PRODUCT_DEFINITION_FORMATION_WITH_SPECIFIED_SOURCE('','',#24,.NOT_KNOWN.);
#25=PRODUCT_DEFINITION('design','',#3580,#3575);
#23=PRODUCT_DEFINITION_SHAPE('','',#25);
#3581=SHAPE_DEFINITION_REPRESENTATION(#23,#16);
#11=DRAUGHTING_MODEL('',(),#10);
#1=MECHANICAL_DESIGN_GEOMETRIC_PRESENTATION_REPRESENTATION('',(#54),#10);
ENDSEC;
END-ISO-10303-21;
