o bottom
v -107.72912598 -26.12736130 -1.90720761
v -107.73579407 -25.97483826 -1.90720761
v -107.73579407 -25.97483826 -1.40720773
v -107.70919800 -26.27872086 -1.90720761
v -107.72912598 -26.12736130 -1.40720773
v -107.67615509 -26.42777252 -1.90720761
v -107.70919800 -26.27872086 -1.40720773
v -107.63024902 -26.57337379 -1.90720761
v -107.67615509 -26.42777252 -1.40720773
v -107.57182312 -26.71442032 -1.90720761
v -107.63024902 -26.57337379 -1.40720773
v -107.50133514 -26.84983826 -1.90720761
v -107.57182312 -26.71442032 -1.40720773
v -107.41930389 -26.97859764 -1.90720761
v -107.50133514 -26.84983826 -1.40720773
v -107.32636261 -27.09971619 -1.90720761
v -107.41930389 -26.97859764 -1.40720773
v -107.22322845 -27.21227455 -1.90720761
v -107.32636261 -27.09971619 -1.40720773
v -107.11066437 -27.31541634 -1.90720761
v -107.22322845 -27.21227455 -1.40720773
v -106.98954773 -27.40835381 -1.90720761
v -107.11066437 -27.31541634 -1.40720773
v -106.86078644 -27.49038315 -1.90720761
v -106.98954773 -27.40835381 -1.40720773
v -106.72537231 -27.56087685 -1.90720761
v -106.86078644 -27.49038315 -1.40720773
v -106.58432770 -27.61930084 -1.90720761
v -106.72537231 -27.56087685 -1.40720773
v -106.43872070 -27.66520691 -1.90720761
v -106.58432770 -27.61930084 -1.40720773
v -106.28967285 -27.69824982 -1.90720761
v -106.43872070 -27.66520691 -1.40720773
v -106.13831329 -27.71817970 -1.90720761
v -106.28967285 -27.69824982 -1.40720773
v -105.98579407 -27.72483826 -1.90720761
v -106.13831329 -27.71817970 -1.40720773
v -105.83325958 -27.71817970 -1.90720761
v -105.98579407 -27.72483826 -1.40720773
v -105.68190002 -27.69824982 -1.90720761
v -105.83325958 -27.71817970 -1.40720773
v -105.53285217 -27.66520691 -1.90720761
v -105.68190002 -27.69824982 -1.40720773
v -105.38725281 -27.61930084 -1.90720761
v -105.53285217 -27.66520691 -1.40720773
v -105.24620819 -27.56087685 -1.90720761
v -105.38725281 -27.61930084 -1.40720773
v -105.11078644 -27.49038315 -1.90720761
v -105.24620819 -27.56087685 -1.40720773
v -104.98202515 -27.40835381 -1.90720761
v -105.11078644 -27.49038315 -1.40720773
v -104.86090851 -27.31541634 -1.90720761
v -104.98202515 -27.40835381 -1.40720773
v -104.74835205 -27.21227455 -1.90720761
v -104.86090851 -27.31541634 -1.40720773
v -104.64521027 -27.09971619 -1.90720761
v -104.74835205 -27.21227455 -1.40720773
v -104.55226898 -26.97859764 -1.90720761
v -104.64521027 -27.09971619 -1.40720773
v -104.47024536 -26.84983826 -1.90720761
v -104.55226898 -26.97859764 -1.40720773
v -104.39974976 -26.71442032 -1.90720761
v -104.47024536 -26.84983826 -1.40720773
v -104.34133148 -26.57337379 -1.90720761
v -104.39974976 -26.71442032 -1.40720773
v -104.29541779 -26.42777252 -1.90720761
v -104.34133148 -26.57337379 -1.40720773
v -104.26237488 -26.27872086 -1.90720761
v -104.29541779 -26.42777252 -1.40720773
v -104.24244690 -26.12736130 -1.90720761
v -104.26237488 -26.27872086 -1.40720773
v -104.23579407 -25.97483826 -1.90720761
v -104.24244690 -26.12736130 -1.40720773
v -104.24244690 -25.82231522 -1.90720761
v -104.23579407 -25.97483826 -1.40720773
v -104.26237488 -25.67095375 -1.90720761
v -104.24244690 -25.82231522 -1.40720773
v -104.29541779 -25.52190399 -1.90720761
v -104.26237488 -25.67095375 -1.40720773
v -104.34133148 -25.37630272 -1.90720761
v -104.29541779 -25.52190399 -1.40720773
v -104.39974976 -25.23525620 -1.90720761
v -104.34133148 -25.37630272 -1.40720773
v -104.47024536 -25.09983826 -1.90720761
v -104.39974976 -25.23525620 -1.40720773
v -104.55226898 -24.97107887 -1.90720761
v -104.47024536 -25.09983826 -1.40720773
v -104.64521027 -24.84995842 -1.90720761
v -104.55226898 -24.97107887 -1.40720773
v -104.74835205 -24.73740005 -1.90720761
v -104.64521027 -24.84995842 -1.40720773
v -104.86090851 -24.63426018 -1.90720761
v -104.74835205 -24.73740005 -1.40720773
v -104.98202515 -24.54132271 -1.90720761
v -104.86090851 -24.63426018 -1.40720773
v -105.11078644 -24.45929337 -1.90720761
v -104.98202515 -24.54132271 -1.40720773
v -105.24620819 -24.38879967 -1.90720761
v -105.11078644 -24.45929337 -1.40720773
v -105.38725281 -24.33037567 -1.90720761
v -105.24620819 -24.38879967 -1.40720773
v -105.53285217 -24.28446770 -1.90720761
v -105.38725281 -24.33037567 -1.40720773
v -105.68190002 -24.25142288 -1.90720761
v -105.53285217 -24.28446770 -1.40720773
v -105.83325958 -24.23149681 -1.90720761
v -105.68190002 -24.25142288 -1.40720773
v -105.98579407 -24.22483826 -1.90720761
v -105.83325958 -24.23149681 -1.40720773
v -106.13831329 -24.23149681 -1.90720761
v -105.98579407 -24.22483826 -1.40720773
v -106.28967285 -24.25142288 -1.90720761
v -106.13831329 -24.23149681 -1.40720773
v -106.43872070 -24.28446770 -1.90720761
v -106.28967285 -24.25142288 -1.40720773
v -106.58432770 -24.33037567 -1.90720761
v -106.43872070 -24.28446770 -1.40720773
v -106.72537231 -24.38879967 -1.90720761
v -106.58432770 -24.33037567 -1.40720773
v -106.86078644 -24.45929337 -1.90720761
v -106.72537231 -24.38879967 -1.40720773
v -106.98954773 -24.54132271 -1.90720761
v -106.86078644 -24.45929337 -1.40720773
v -107.11066437 -24.63426018 -1.90720761
v -106.98954773 -24.54132271 -1.40720773
v -107.22322845 -24.73740005 -1.90720761
v -107.11066437 -24.63426018 -1.40720773
v -107.32636261 -24.84995842 -1.90720761
v -107.22322845 -24.73740005 -1.40720773
v -107.41930389 -24.97107887 -1.90720761
v -107.32636261 -24.84995842 -1.40720773
v -107.50133514 -25.09983826 -1.90720761
v -107.41930389 -24.97107887 -1.40720773
v -107.57182312 -25.23525620 -1.90720761
v -107.50133514 -25.09983826 -1.40720773
v -107.63024902 -25.37630272 -1.90720761
v -107.57182312 -25.23525620 -1.40720773
v -107.67615509 -25.52190399 -1.90720761
v -107.63024902 -25.37630272 -1.40720773
v -107.70919800 -25.67095375 -1.90720761
v -107.67615509 -25.52190399 -1.40720773
v -107.72912598 -25.82231522 -1.90720761
v -107.70919800 -25.67095375 -1.40720773
v -107.72912598 -25.82231522 -1.40720773
v -107.15047455 -21.62817192 -1.40720773
v -107.52487946 -21.74621964 -1.40720773
v -104.82109833 -30.32150459 -1.40720773
v -104.44669342 -30.20345497 -1.40720773
v -102.29959869 -23.39374542 -1.40720773
v -102.53858948 -23.08229446 -1.40720773
v -103.40469360 -22.28865433 -1.40720773
v -103.73578644 -22.07772446 -1.40720773
v -104.82109833 -21.62817192 -1.40720773
v -105.20437622 -21.54320335 -1.40720773
v -107.88756561 -21.89645386 -1.40720773
v -109.43299103 -23.08229446 -1.40720773
v -109.67197418 -23.39374542 -1.40720773
v -109.88289642 -23.72483635 -1.40720773
v -109.67197418 -28.55593109 -1.40720773
v -109.43299103 -28.86738205 -1.40720773
v -107.15047455 -30.32150459 -1.40720773
v -106.76720428 -30.40647316 -1.40720773
v -104.08400726 -30.05322266 -1.40720773
v -102.53858948 -28.86738205 -1.40720773
v -102.29959869 -28.55593109 -1.40720773
v -102.08867645 -28.22483635 -1.40720773
v -102.80380249 -22.79285622 -1.40720773
v -104.08400726 -21.89645386 -1.40720773
v -104.44669342 -21.74621964 -1.40720773
v -108.23578644 -22.07772446 -1.40720773
v -108.56687927 -22.28865433 -1.40720773
v -108.87832642 -22.52763748 -1.40720773
v -109.16777039 -29.15681839 -1.40720773
v -108.87832642 -29.42203712 -1.40720773
v -108.56687927 -29.66102219 -1.40720773
v -108.23578644 -29.87195206 -1.40720773
v -107.88756561 -30.05322266 -1.40720773
v -107.52487946 -30.20345497 -1.40720773
v -103.73578644 -29.87195206 -1.40720773
v -103.40469360 -29.66102219 -1.40720773
v -103.09324646 -29.42203712 -1.40720773
v -103.09324646 -22.52763748 -1.40720773
v -109.16777039 -22.79285622 -1.40720773
v -102.80380249 -29.15681839 -1.40720773
v -105.59358215 -21.49196243 -1.40720773
v -105.98579407 -21.47483826 -1.40720773
v -106.37799072 -21.49196243 -1.40720773
v -106.76720428 -21.54320335 -1.40720773
v -106.37799072 -30.45771408 -1.40720773
v -105.98579407 -30.47483826 -1.40720773
v -105.59358215 -30.45771408 -1.40720773
v -105.20437622 -30.40647316 -1.40720773
v -101.75717163 -24.43574715 -1.40720773
v -101.90740204 -24.07305527 -1.40720773
v -102.08867645 -23.72483635 -1.40720773
v -110.21440125 -24.43574715 -1.40720773
v -110.33245087 -24.81015205 -1.40720773
v -110.41742706 -25.19342041 -1.40720773
v -110.46866608 -25.58263779 -1.40720773
v -110.48578644 -25.97483826 -1.40720773
v -110.46866608 -26.36703873 -1.40720773
v -110.06417084 -24.07305527 -1.40720773
v -110.41742706 -26.75625420 -1.40720773
v -110.33245087 -27.13952446 -1.40720773
v -110.21440125 -27.51392937 -1.40720773
v -110.06417084 -27.87661934 -1.40720773
v -109.88289642 -28.22483635 -1.40720773
v -101.75717163 -27.51392937 -1.40720773
v -101.63912201 -27.13952446 -1.40720773
v -101.90740204 -27.87661934 -1.40720773
v -101.57646942 -25.07600212 -1.40720773
v -101.63912201 -24.81015205 -1.40720773
v -101.55415344 -26.75625420 -1.40720773
v -101.50290680 -26.36703873 -1.40720773
v -101.55415344 -25.19342041 -1.40720773
v -101.48578644 -25.97483826 -1.40720773
v -101.50290680 -25.58263779 -1.40720773
v -110.48578644 -25.97483826 -1.90720761
v -110.46866608 -25.58263779 -1.90720761
v -110.41742706 -25.19342041 -1.90720761
v -110.33245087 -24.81015205 -1.90720761
v -110.21440125 -24.43574715 -1.90720761
v -110.06417084 -24.07305527 -1.90720761
v -109.88289642 -23.72483635 -1.90720761
v -109.67197418 -23.39374542 -1.90720761
v -109.43299103 -23.08229446 -1.90720761
v -109.16777039 -22.79285622 -1.90720761
v -108.87832642 -22.52763748 -1.90720761
v -108.56687927 -22.28865433 -1.90720761
v -108.23578644 -22.07772446 -1.90720761
v -107.88756561 -21.89645386 -1.90720761
v -107.52487946 -21.74621964 -1.90720761
v -107.15047455 -21.62817192 -1.90720761
v -106.76720428 -21.54320335 -1.90720761
v -106.37799072 -21.49196243 -1.90720761
v -105.98579407 -21.47483826 -1.90720761
v -105.59358215 -21.49196243 -1.90720761
v -105.20437622 -21.54320335 -1.90720761
v -104.82109833 -21.62817192 -1.90720761
v -104.44669342 -21.74621964 -1.90720761
v -104.08400726 -21.89645386 -1.90720761
v -103.73578644 -22.07772446 -1.90720761
v -103.40469360 -22.28865433 -1.90720761
v -103.09324646 -22.52763748 -1.90720761
v -102.80380249 -22.79285622 -1.90720761
v -102.53858948 -23.08229446 -1.90720761
v -102.29959869 -23.39374542 -1.90720761
v -102.08867645 -23.72483635 -1.90720761
v -101.90740204 -24.07305527 -1.90720761
v -101.75717163 -24.43574715 -1.90720761
v -101.63912201 -24.81015205 -1.90720761
v -101.55415344 -25.19342041 -1.90720761
v -101.50290680 -25.58263779 -1.90720761
v -101.48578644 -25.97483826 -1.90720761
v -101.50290680 -26.36703873 -1.90720761
v -101.55415344 -26.75625420 -1.90720761
v -101.63912201 -27.13952446 -1.90720761
v -101.75717163 -27.51392937 -1.90720761
v -101.90740204 -27.87661934 -1.90720761
v -102.08867645 -28.22483635 -1.90720761
v -102.29959869 -28.55593109 -1.90720761
v -102.53858948 -28.86738205 -1.90720761
v -102.80380249 -29.15681839 -1.90720761
v -103.09324646 -29.42203712 -1.90720761
v -103.40469360 -29.66102219 -1.90720761
v -103.73578644 -29.87195206 -1.90720761
v -104.08400726 -30.05322266 -1.90720761
v -104.44669342 -30.20345497 -1.90720761
v -104.82109833 -30.32150459 -1.90720761
v -105.20437622 -30.40647316 -1.90720761
v -105.59358215 -30.45771408 -1.90720761
v -105.98579407 -30.47483826 -1.90720761
v -106.37799072 -30.45771408 -1.90720761
v -106.76720428 -30.40647316 -1.90720761
v -107.15047455 -30.32150459 -1.90720761
v -107.52487946 -30.20345497 -1.90720761
v -107.88756561 -30.05322266 -1.90720761
v -108.23578644 -29.87195206 -1.90720761
v -108.56687927 -29.66102219 -1.90720761
v -108.87832642 -29.42203712 -1.90720761
v -109.16777039 -29.15681839 -1.90720761
v -109.43299103 -28.86738205 -1.90720761
v -109.67197418 -28.55593109 -1.90720761
v -109.88289642 -28.22483635 -1.90720761
v -110.06417084 -27.87661934 -1.90720761
v -110.21440125 -27.51392937 -1.90720761
v -110.33245087 -27.13952446 -1.90720761
v -110.41742706 -26.75625420 -1.90720761
v -110.46866608 -26.36703873 -1.90720761
v -105.27872467 -26.81748772 -1.90720761
v -105.35485077 -26.87590599 -1.90720761
v -105.20796967 -26.75265503 -1.90720761
v -105.14313507 -26.68190384 -1.90720761
v -105.08471680 -26.60577202 -1.90720761
v -105.03315735 -26.52483749 -1.90720761
v -105.43579102 -26.92746544 -1.90720761
v -105.52090454 -26.97177696 -1.90720761
v -106.69284821 -26.81748772 -1.90720761
v -106.76360321 -26.75265503 -1.90720761
v -106.61672211 -26.87590599 -1.90720761
v -106.36200714 -27.00849915 -1.90720761
v -106.45066833 -26.97177696 -1.90720761
v -106.27049255 -27.03735542 -1.90720761
v -106.08165741 -27.07065201 -1.90720761
v -106.17680359 -27.05812645 -1.90720761
v -105.98579407 -27.07483864 -1.90720761
v -105.88991547 -27.07065201 -1.90720761
v -105.79476929 -27.05812645 -1.90720761
v -105.70108795 -27.03735542 -1.90720761
v -105.60956573 -27.00849915 -1.90720761
v -105.27872467 -25.13218880 -1.90720761
v -105.20796967 -25.19701958 -1.90720761
v -105.35485077 -25.07377052 -1.90720761
v -106.69284821 -25.13218880 -1.90720761
v -106.61672211 -25.07377052 -1.90720761
v -106.76360321 -25.19701958 -1.90720761
v -106.88685608 -26.60577202 -1.90720761
v -106.93841553 -26.52483749 -1.90720761
v -106.82843781 -26.68190384 -1.90720761
v -106.53578186 -26.92746544 -1.90720761
v -104.98885345 -26.43971634 -1.90720761
v -105.08471680 -25.34390450 -1.90720761
v -105.03315735 -25.42483902 -1.90720761
v -105.14313507 -25.26777077 -1.90720761
v -105.43579102 -25.02221107 -1.90720761
v -105.52090454 -24.97789955 -1.90720761
v -106.82843781 -25.26777077 -1.90720761
v -106.88685608 -25.34390450 -1.90720761
v -106.93841553 -25.42483902 -1.90720761
v -106.98271942 -26.43971634 -1.90720761
v -104.98885345 -25.50995636 -1.90720761
v -105.70108795 -24.91231918 -1.90720761
v -105.60956573 -24.94117546 -1.90720761
v -105.79476929 -24.89155006 -1.90720761
v -106.53578186 -25.02221107 -1.90720761
v -106.45066833 -24.97789955 -1.90720761
v -105.88991547 -24.87902260 -1.90720761
v -105.98579407 -24.87483788 -1.90720761
v -106.08165741 -24.87902260 -1.90720761
v -106.17680359 -24.89155006 -1.90720761
v -106.27049255 -24.91231918 -1.90720761
v -106.36200714 -24.94117546 -1.90720761
v -107.01944733 -26.35106087 -1.90720761
v -107.04830170 -26.25954056 -1.90720761
v -106.98271942 -25.50995636 -1.90720761
v -104.95212555 -26.35106087 -1.90720761
v -104.92327118 -26.25954056 -1.90720761
v -107.01944733 -25.59861565 -1.90720761
v -107.04830170 -25.69013596 -1.90720761
v -107.06907654 -25.78382492 -1.90720761
v -107.08159637 -25.87896538 -1.90720761
v -107.08159637 -26.07070923 -1.90720761
v -107.08578491 -25.97483826 -1.90720761
v -107.06907654 -26.16584969 -1.90720761
v -104.95212555 -25.59861565 -1.90720761
v -104.92327118 -25.69013596 -1.90720761
v -104.90249634 -26.16584969 -1.90720761
v -104.88997650 -26.07070923 -1.90720761
v -104.90249634 -25.78382492 -1.90720761
v -104.88997650 -25.87896538 -1.90720761
v -104.88578796 -25.97483826 -1.90720761
v -104.88578796 -25.97483826 -3.40720773
v -104.88997650 -26.07070923 -3.40720773
v -104.90249634 -26.16584969 -3.40720773
v -104.92327118 -26.25954056 -3.40720773
v -104.95212555 -26.35106087 -3.40720773
v -104.98885345 -26.43971634 -3.40720773
v -105.03315735 -26.52483749 -3.40720773
v -105.08471680 -26.60577202 -3.40720773
v -105.14313507 -26.68190384 -3.40720773
v -105.20796967 -26.75265503 -3.40720773
v -105.27872467 -26.81748772 -3.40720773
v -105.35485077 -26.87590599 -3.40720773
v -105.43579102 -26.92746544 -3.40720773
v -105.52090454 -26.97177696 -3.40720773
v -105.60956573 -27.00849915 -3.40720773
v -105.70108795 -27.03735542 -3.40720773
v -105.79476929 -27.05812645 -3.40720773
v -105.88991547 -27.07065201 -3.40720773
v -105.98579407 -27.07483864 -3.40720773
v -106.08165741 -27.07065201 -3.40720773
v -106.17680359 -27.05812645 -3.40720773
v -106.27049255 -27.03735542 -3.40720773
v -106.36200714 -27.00849915 -3.40720773
v -106.45066833 -26.97177696 -3.40720773
v -106.53578186 -26.92746544 -3.40720773
v -106.61672211 -26.87590599 -3.40720773
v -106.69284821 -26.81748772 -3.40720773
v -106.76360321 -26.75265503 -3.40720773
v -106.82843781 -26.68190384 -3.40720773
v -106.88685608 -26.60577202 -3.40720773
v -106.93841553 -26.52483749 -3.40720773
v -106.98271942 -26.43971634 -3.40720773
v -107.01944733 -26.35106087 -3.40720773
v -107.04830170 -26.25954056 -3.40720773
v -107.06907654 -26.16584969 -3.40720773
v -107.08159637 -26.07070923 -3.40720773
v -107.08578491 -25.97483826 -3.40720773
v -107.08159637 -25.87896538 -3.40720773
v -107.06907654 -25.78382492 -3.40720773
v -107.04830170 -25.69013596 -3.40720773
v -107.01944733 -25.59861565 -3.40720773
v -106.98271942 -25.50995636 -3.40720773
v -106.93841553 -25.42483902 -3.40720773
v -106.88685608 -25.34390450 -3.40720773
v -106.82843781 -25.26777077 -3.40720773
v -106.76360321 -25.19701958 -3.40720773
v -106.69284821 -25.13218880 -3.40720773
v -106.61672211 -25.07377052 -3.40720773
v -106.53578186 -25.02221107 -3.40720773
v -106.45066833 -24.97789955 -3.40720773
v -106.36200714 -24.94117546 -3.40720773
v -106.27049255 -24.91231918 -3.40720773
v -106.17680359 -24.89155006 -3.40720773
v -106.08165741 -24.87902260 -3.40720773
v -105.98579407 -24.87483788 -3.40720773
v -105.88991547 -24.87902260 -3.40720773
v -105.79476929 -24.89155006 -3.40720773
v -105.70108795 -24.91231918 -3.40720773
v -105.60956573 -24.94117546 -3.40720773
v -105.52090454 -24.97789955 -3.40720773
v -105.43579102 -25.02221107 -3.40720773
v -105.35485077 -25.07377052 -3.40720773
v -105.27872467 -25.13218880 -3.40720773
v -105.20796967 -25.19701958 -3.40720773
v -105.14313507 -25.26777077 -3.40720773
v -105.08471680 -25.34390450 -3.40720773
v -105.03315735 -25.42483902 -3.40720773
v -104.98885345 -25.50995636 -3.40720773
v -104.95212555 -25.59861565 -3.40720773
v -104.92327118 -25.69013596 -3.40720773
v -104.90249634 -25.78382492 -3.40720773
v -104.88997650 -25.87896538 -3.40720773
v -12.65622425 -34.88532639 -1.90720761
v -12.65622425 -46.18733597 -1.90720761
v 12.76877594 -46.18733597 -1.90720761
v 12.76877594 -34.88532639 -1.90720761
v 24.18921280 -46.18733597 -1.90720761
v -66.86078644 -32.13532257 -1.90720761
v -66.86078644 -34.88532639 -1.90720761
v -33.06079102 -34.88532639 -1.90720761
v 67.13921356 -32.13532257 -1.90720761
v 67.13921356 -34.88532639 -1.90720761
v 100.96421051 -34.88532639 -1.90720761
v -66.86078644 -24.67483902 -1.90720761
v -33.06079102 -32.13532257 -1.90720761
v 67.13921356 -24.67483902 -1.90720761
v 100.96421051 -32.13532257 -1.90720761
v -66.86078644 0.72516221 -1.90720761
v -33.06079102 -24.67483902 -1.90720761
v -33.06079102 0.72516221 -1.90720761
v -12.65622425 -24.67483902 -1.90720761
v 12.76877594 0.72516221 -1.90720761
v 12.76877594 -24.67483902 -1.90720761
v 24.18921280 -24.67483902 -1.90720761
v 24.18921280 0.72516221 -1.90720761
v 67.13921356 0.72516221 -1.90720761
v 100.96421051 -24.67483902 -1.90720761
v -109.88578796 26.70016098 -1.90720761
v -109.88578796 0.72516221 -1.90720761
v 12.76877594 26.70016098 -1.90720761
v 67.13921356 26.70016098 -1.90720761
v 100.96421051 0.72516221 -1.90720761
v -109.88578796 30.32516098 -1.90720761
v -66.86078644 26.70016098 -1.90720761
v 12.76877594 30.32516098 -1.90720761
v 24.18921280 26.70016098 -1.90720761
v 67.13921356 30.32516098 -1.90720761
v 100.96421051 26.70016098 -1.90720761
v -66.86078644 35.70016098 -1.90720761
v -66.86078644 30.32516098 -1.90720761
v -33.06079102 30.32516098 -1.90720761
v 12.76877594 35.70016098 -1.90720761
v 24.18921280 30.32516098 -1.90720761
v -1.31017709 -32.59956741 -1.90720761
v -1.39220548 -32.47080994 -1.90720761
v -1.21723866 -32.72068787 -1.90720761
v -1.00153935 -32.93638611 -1.90720761
v -1.11409783 -32.83324814 -1.90720761
v -1.46269965 -32.33539200 -1.90720761
v -1.52112305 -32.19434738 -1.90720761
v 0.12333902 -33.34580994 -1.90720761
v -0.75166094 -33.11135483 -1.90720761
v -0.88041973 -33.02932358 -1.90720761
v -0.18054529 -33.31922531 -1.90720761
v -0.32959431 -33.28617859 -1.90720761
v -0.02918353 -33.33914948 -1.90720761
v 0.42722332 -33.31922531 -1.90720761
v 0.27586156 -33.33914948 -1.90720761
v 0.72187424 -33.24027252 -1.90720761
v 0.57627237 -33.28617859 -1.90720761
v 1.46391678 -32.72068787 -1.90720761
v 1.36077595 -32.83324814 -1.90720761
v 1.63888347 -32.47080994 -1.90720761
v 1.55685508 -32.59956741 -1.90720761
v 12.76877594 -32.13532257 -1.90720761
v 1.76780117 -32.19434738 -1.90720761
v -0.47519621 -33.24027252 -1.90720761
v -0.61624295 -33.18185043 -1.90720761
v 0.99833906 -33.11135483 -1.90720761
v 0.86292094 -33.18185043 -1.90720761
v 1.24821734 -32.93638611 -1.90720761
v 1.12709773 -33.02932358 -1.90720761
v 1.70937765 -32.33539200 -1.90720761
v 1.81370926 -31.14287758 -1.90720761
v -12.65622425 -32.13532257 -1.90720761
v -1.60007453 -31.89969444 -1.90720761
v -1.62000179 -31.74833298 -1.90720761
v 1.87333906 -31.59581184 -1.90720761
v 1.86667979 -31.74833298 -1.90720761
v 1.76780117 -30.99727440 -1.90720761
v -1.60007453 -31.29192352 -1.90720761
v -1.56703115 -31.14287758 -1.90720761
v -1.62666094 -31.59581184 -1.90720761
v 1.84675264 -31.89969444 -1.90720761
v 1.81370926 -32.04874420 -1.90720761
v 1.86667979 -31.44328690 -1.90720761
v 1.70937765 -30.85622787 -1.90720761
v 1.55685508 -30.59205055 -1.90720761
v 1.63888347 -30.72080994 -1.90720761
v -1.62000179 -31.44328690 -1.90720761
v -1.56703115 -32.04874420 -1.90720761
v 1.36077595 -30.35837173 -1.90720761
v 1.46391678 -30.47093201 -1.90720761
v -1.11409783 -30.35837173 -1.90720761
v -1.00153935 -30.25523186 -1.90720761
v 1.84675264 -31.29192352 -1.90720761
v 0.99833906 -30.08026695 -1.90720761
v 1.12709773 -30.16229439 -1.90720761
v -1.21723866 -30.47093201 -1.90720761
v -1.39220548 -30.72080994 -1.90720761
v -1.31017709 -30.59205055 -1.90720761
v -1.52112305 -30.99727440 -1.90720761
v -1.46269965 -30.85622787 -1.90720761
v 1.24821734 -30.25523186 -1.90720761
v -0.88041973 -30.16229439 -1.90720761
v -0.75166094 -30.08026695 -1.90720761
v 0.72187424 -29.95134735 -1.90720761
v 0.86292094 -30.00977135 -1.90720761
v -0.61624295 -30.00977135 -1.90720761
v 0.42722332 -29.87239647 -1.90720761
v 0.57627237 -29.90543938 -1.90720761
v -0.02918353 -29.85246849 -1.90720761
v 0.12333902 -29.84580994 -1.90720761
v -0.47519621 -29.95134735 -1.90720761
v -0.32959431 -29.90543938 -1.90720761
v 0.27586156 -29.85246849 -1.90720761
v -0.18054529 -29.87239647 -1.90720761
v -109.88578796 -32.13532257 -1.90720761
v -104.39358521 30.44228554 -1.90720761
v -104.78578186 30.42516327 -1.90720761
v -104.00437164 30.49352837 -1.90720761
v -101.89324951 31.47796249 -1.90720761
v -102.20469666 31.23897934 -1.90720761
v -106.32488251 30.69654465 -1.90720761
v -106.68756866 30.84677696 -1.90720761
v -105.56719971 30.49352837 -1.90720761
v -105.95047760 30.57849503 -1.90720761
v -103.62110138 30.57849503 -1.90720761
v -102.88400269 30.84677696 -1.90720761
v -103.24669647 30.69654465 -1.90720761
v -102.53578186 31.02804756 -1.90720761
v -107.96777344 31.74317932 -1.90720761
v -108.23298645 32.03261566 -1.90720761
v -107.36688232 31.23897934 -1.90720761
v -107.67832947 31.47796249 -1.90720761
v -101.60380554 31.74317932 -1.90720761
v -107.03578949 31.02804756 -1.90720761
v -105.17799377 30.44228554 -1.90720761
v -109.88578796 35.70016098 -1.90720761
v -109.21742249 34.14374542 -1.90720761
v -100.88867950 32.67516327 -1.90720761
v -101.09960175 32.34407043 -1.90720761
v -109.13245392 33.76047516 -1.90720761
v -101.33858490 32.03261566 -1.90720761
v -109.26866150 34.53295898 -1.90720761
v -108.86417389 33.02338028 -1.90720761
v -109.01440430 33.38607025 -1.90720761
v -108.47197723 32.34407043 -1.90720761
v -108.68289948 32.67516327 -1.90720761
v -100.35414886 34.14374542 -1.90720761
v -100.43912506 33.76047516 -1.90720761
v -100.55716705 33.38607025 -1.90720761
v -100.70740509 33.02338028 -1.90720761
v -109.28578949 34.92516327 -1.90720761
v -109.26866150 35.31735992 -1.90720761
v -100.28578949 34.92516327 -1.90720761
v -100.30290985 34.53295898 -1.90720761
v -100.35414886 35.70658112 -1.90720761
v -100.30290985 35.31735992 -1.90720761
v 100.96421051 30.32516098 -1.90720761
v 103.52512360 30.49654579 -1.90720761
v 103.16242981 30.64677620 -1.90720761
v 104.28279877 30.29352760 -1.90720761
v 103.89952087 30.37849617 -1.90720761
v 101.88223267 31.54318047 -1.90720761
v 101.61701965 31.83261681 -1.90720761
v 102.48311615 31.03897667 -1.90720761
v 102.17166901 31.27796173 -1.90720761
v 102.81420898 30.82804680 -1.90720761
v 101.37802887 32.14406967 -1.90720761
v 101.16709900 32.47516251 -1.90720761
v 67.13921356 35.70016098 -1.90720761
v 100.56420898 34.72516251 -1.90720761
v 100.58132935 35.11736298 -1.90720761
v 100.58132935 34.33296204 -1.90720761
v 100.63257599 35.50658035 -1.90720761
v 100.63257599 33.94374466 -1.90720761
v 100.83560181 33.18606949 -1.90720761
v 100.71754456 33.56047821 -1.90720761
v 100.98582458 32.82337952 -1.90720761
v 32.24259567 -34.02661896 -1.90720761
v 32.06132889 -34.37483597 -1.90720761
v 32.51087952 -33.28952026 -1.90720761
v 32.39282990 -33.66392899 -1.90720761
v 32.64708710 -32.51703644 -1.90720761
v 32.59584808 -32.90625381 -1.90720761
v 31.85039711 -34.70593262 -1.90720761
v 32.66421509 -32.12483597 -1.90720761
v 29.32889748 -36.47150421 -1.90720761
v 28.94562912 -36.55647278 -1.90720761
v 67.13921356 -46.18733597 -1.90720761
v 30.06599426 -36.20322418 -1.90720761
v 31.05675697 -35.57203674 -1.90720761
v 30.74530792 -35.81102371 -1.90720761
v 29.70330238 -36.35345459 -1.90720761
v 30.41421318 -36.02194977 -1.90720761
v 31.34619522 -35.30681992 -1.90720761
v 31.61141205 -35.01738358 -1.90720761
v 26.26243019 -36.20322418 -1.90720761
v 25.91421318 -36.02194977 -1.90720761
v 27.77201080 -36.60771179 -1.90720761
v 27.38279533 -36.55647278 -1.90720761
v 26.62512016 -36.35345459 -1.90720761
v 26.99952698 -36.47150421 -1.90720761
v 28.55641365 -36.60771179 -1.90720761
v 28.16421127 -36.62483597 -1.90720761
v 24.98223305 -35.30681992 -1.90720761
v 24.71701241 -35.01738358 -1.90720761
v 25.58311844 -35.81102371 -1.90720761
v 25.27166939 -35.57203674 -1.90720761
v 24.18921280 -34.88532639 -1.90720761
v 24.47802734 -34.70593262 -1.90720761
v 23.73257828 -32.90625381 -1.90720761
v 23.68133736 -32.51703644 -1.90720761
v 23.81754684 -33.28952026 -1.90720761
v 24.26709747 -34.37483597 -1.90720761
v 23.93559647 -33.66392899 -1.90720761
v 24.08582687 -34.02661896 -1.90720761
v 23.73257828 -31.34342194 -1.90720761
v 23.81754684 -30.96015167 -1.90720761
v 23.66421127 -32.12483597 -1.90720761
v 23.68133736 -31.73263741 -1.90720761
v 23.93559647 -30.58574677 -1.90720761
v 24.08582687 -30.22305489 -1.90720761
v 24.26709747 -29.87483788 -1.90720761
v 28.94562912 -27.69320297 -1.90720761
v 29.32889748 -27.77817154 -1.90720761
v 28.55641365 -27.64196205 -1.90720761
v 26.99952698 -27.77817154 -1.90720761
v 27.38279533 -27.69320297 -1.90720761
v 30.41421318 -28.22772408 -1.90720761
v 30.74530792 -28.43865395 -1.90720761
v 28.16421127 -27.62483788 -1.90720761
v 27.77201080 -27.64196205 -1.90720761
v 31.05675697 -28.67763901 -1.90720761
v 29.70330238 -27.89622116 -1.90720761
v 30.06599426 -28.04645348 -1.90720761
v 26.62512016 -27.89622116 -1.90720761
v 31.34619522 -28.94285774 -1.90720761
v 26.26243019 -28.04645348 -1.90720761
v 25.58311844 -28.43865395 -1.90720761
v 25.91421318 -28.22772408 -1.90720761
v 32.59584808 -31.34342194 -1.90720761
v 32.64708710 -31.73263741 -1.90720761
v 31.61141205 -29.23229408 -1.90720761
v 31.85039711 -29.54374504 -1.90720761
v 32.24259567 -30.22305489 -1.90720761
v 32.39282990 -30.58574677 -1.90720761
v 32.06132889 -29.87483788 -1.90720761
v 24.98223305 -28.94285774 -1.90720761
v 25.27166939 -28.67763901 -1.90720761
v 24.47802734 -29.54374504 -1.90720761
v 24.71701241 -29.23229408 -1.90720761
v 32.51087952 -30.96015167 -1.90720761
v 27.31242943 23.34677887 -1.90720761
v 26.96421242 23.52804947 -1.90720761
v 26.32166862 23.97796059 -1.90720761
v 26.03223228 24.24318123 -1.90720761
v 26.63311958 23.73897934 -1.90720761
v 28.04952621 23.07849503 -1.90720761
v 27.67512131 23.19654465 -1.90720761
v 25.13582802 25.52338028 -1.90720761
v 24.98559570 25.88607216 -1.90720761
v 25.76701164 24.53261757 -1.90720761
v 33.56087875 26.26047707 -1.90720761
v 33.44282913 25.88607216 -1.90720761
v 24.86754608 26.26047707 -1.90720761
v 25.31709862 25.17516136 -1.90720761
v 25.52802849 24.84406853 -1.90720761
v 28.43279648 22.99352646 -1.90720761
v 33.29259872 25.52338028 -1.90720761
v 33.64584732 26.64374542 -1.90720761
v 31.11599350 23.34677887 -1.90720761
v 30.75330353 23.19654465 -1.90720761
v 32.39619446 24.24318123 -1.90720761
v 32.10675812 23.97796059 -1.90720761
v 33.11132813 25.17516136 -1.90720761
v 32.90039825 24.84406853 -1.90720761
v 29.21421242 22.92516327 -1.90720761
v 28.82201195 22.94228554 -1.90720761
v 30.37889862 23.07849503 -1.90720761
v 29.99563026 22.99352646 -1.90720761
v 31.79530716 23.73897934 -1.90720761
v 31.46421242 23.52804947 -1.90720761
v 32.66141129 24.53261757 -1.90720761
v 29.60641289 22.94228554 -1.90720761
v 24.73133659 27.81736374 -1.90720761
v 24.78257751 28.20657921 -1.90720761
v 25.31709862 29.67516136 -1.90720761
v 25.52802849 30.00625610 -1.90720761
v 24.86754608 28.58984756 -1.90720761
v 24.98559570 28.96425247 -1.90720761
v 24.71421242 27.42516327 -1.90720761
v 25.13582802 29.32694435 -1.90720761
v 24.78257751 26.64374542 -1.90720761
v 24.73133659 27.03296280 -1.90720761
v 31.79530716 31.11134720 -1.90720761
v 32.10675812 30.87236214 -1.90720761
v 32.39619446 30.60714340 -1.90720761
v 32.66141129 30.31770706 -1.90720761
v 31.46421242 31.32227898 -1.90720761
v 24.18921280 35.70016098 -1.90720761
v 29.99563026 31.85679817 -1.90720761
v 30.37889862 31.77182770 -1.90720761
v 29.21421242 31.92516136 -1.90720761
v 29.60641289 31.90803909 -1.90720761
v 26.03223228 30.60714340 -1.90720761
v 26.32166862 30.87236214 -1.90720761
v 31.11599350 31.50354767 -1.90720761
v 30.75330353 31.65377998 -1.90720761
v 28.43279648 31.85679817 -1.90720761
v 28.82201195 31.90803909 -1.90720761
v 27.67512131 31.65377998 -1.90720761
v 28.04952621 31.77182770 -1.90720761
v 26.96421242 31.32227898 -1.90720761
v 27.31242943 31.50354767 -1.90720761
v 26.63311958 31.11134720 -1.90720761
v 25.76701164 30.31770706 -1.90720761
v 33.69708633 27.81736374 -1.90720761
v 33.71421432 27.42516327 -1.90720761
v 33.64584732 28.20657921 -1.90720761
v 33.56087875 28.58984756 -1.90720761
v 33.29259872 29.32694435 -1.90720761
v 33.44282913 28.96425247 -1.90720761
v 32.90039825 30.00625610 -1.90720761
v 33.11132813 29.67516136 -1.90720761
v 33.69708633 27.03296280 -1.90720761
v -30.10047340 23.32849693 -1.90720761
v -30.47487831 23.44654465 -1.90720761
v -31.18578720 23.77804756 -1.90720761
v -31.51688004 23.98897934 -1.90720761
v -30.83757019 23.59677696 -1.90720761
v -12.65622425 0.72516221 -1.90720761
v -25.24960327 25.09406853 -1.90720761
v -25.48858643 24.78261757 -1.90720761
v -12.65622425 26.70016098 -1.90720761
v -24.85740280 25.77338028 -1.90720761
v -25.03867340 25.42516136 -1.90720761
v -27.77110291 23.32849693 -1.90720761
v -28.15437126 23.24352837 -1.90720761
v -27.03400421 23.59677696 -1.90720761
v -27.39669800 23.44654465 -1.90720761
v -26.35469246 23.98897934 -1.90720761
v -26.68578720 23.77804756 -1.90720761
v -24.70717049 26.13607216 -1.90720761
v -29.71720505 23.24352837 -1.90720761
v -28.93578911 23.17516136 -1.90720761
v -29.32798767 23.19228745 -1.90720761
v -25.75380707 24.49318123 -1.90720761
v -26.04324341 24.22796249 -1.90720761
v -32.11776733 24.49318123 -1.90720761
v -32.38298798 24.78261757 -1.90720761
v -28.54358673 23.19228745 -1.90720761
v -24.58912086 26.51047707 -1.90720761
v -32.62197113 25.09406853 -1.90720761
v -32.83290100 25.42516136 -1.90720761
v -31.82833290 24.22796249 -1.90720761
v -33.16440582 26.13607216 -1.90720761
v -33.01417160 25.77338028 -1.90720761
v -33.16440582 29.21425438 -1.90720761
v -33.01417160 29.57694435 -1.90720761
v -33.43578720 27.67516327 -1.90720761
v -33.36742020 26.89374542 -1.90720761
v -33.41866302 27.28296089 -1.90720761
v -33.28245544 28.83984756 -1.90720761
v -33.41866302 28.06736374 -1.90720761
v -33.36742020 28.45657921 -1.90720761
v -33.28245544 26.51047707 -1.90720761
v -32.83290100 29.92516136 -1.90720761
v -12.65622425 35.70016098 -1.90720761
v -25.48858643 30.56770515 -1.90720761
v -25.24960327 30.25625610 -1.90720761
v -26.04324341 31.12236214 -1.90720761
v -25.75380707 30.85714149 -1.90720761
v -26.68578720 31.57227516 -1.90720761
v -26.35469246 31.36134529 -1.90720761
v -27.03400421 31.75354767 -1.90720761
v -33.06079102 35.70016098 -1.90720761
v -28.15437126 32.10679626 -1.90720761
v -28.93578911 32.17515945 -1.90720761
v -28.54358673 32.15803909 -1.90720761
v -32.11776733 30.85714149 -1.90720761
v -31.82833290 31.12236214 -1.90720761
v -32.62197113 30.25625610 -1.90720761
v -32.38298798 30.56770515 -1.90720761
v -27.77110291 32.02182770 -1.90720761
v -27.39669800 31.90377808 -1.90720761
v -29.71720505 32.10679626 -1.90720761
v -29.32798767 32.15803909 -1.90720761
v -30.47487831 31.90377808 -1.90720761
v -30.10047340 32.02182770 -1.90720761
v -31.18578720 31.57227516 -1.90720761
v -30.83757019 31.75354767 -1.90720761
v -31.51688004 31.36134529 -1.90720761
v -12.65622425 30.32516098 -1.90720761
v -24.45291138 28.06736374 -1.90720761
v -24.58912086 28.83984756 -1.90720761
v -24.50415230 28.45657921 -1.90720761
v -25.03867340 29.92516136 -1.90720761
v -24.85740280 29.57694435 -1.90720761
v -24.45291138 27.28296089 -1.90720761
v -24.50415230 26.89374542 -1.90720761
v -24.70717049 29.21425438 -1.90720761
v -24.43578911 27.67516327 -1.90720761
v -23.70291138 -32.31703949 -1.90720761
v -24.10740280 -33.82661819 -1.90720761
v -24.28867340 -34.17483902 -1.90720761
v -23.83912086 -33.08952332 -1.90720761
v -23.95717049 -33.46392822 -1.90720761
v -23.75415421 -32.70625305 -1.90720761
v -24.49960327 -34.50593185 -1.90720761
v -33.06079102 -46.18733597 -1.90720761
v -27.02110291 -36.27150345 -1.90720761
v -27.40437126 -36.35647202 -1.90720761
v -24.73858833 -34.81738281 -1.90720761
v -26.64669609 -36.15345383 -1.90720761
v -25.93578720 -35.82195282 -1.90720761
v -26.28400612 -36.00322342 -1.90720761
v -25.29324341 -35.37203598 -1.90720761
v -25.60469246 -35.61102295 -1.90720761
v -25.00380707 -35.10681915 -1.90720761
v -30.08757019 -36.00322342 -1.90720761
v -30.43578720 -35.82195282 -1.90720761
v -28.57798958 -36.40771103 -1.90720761
v -28.96720314 -36.35647202 -1.90720761
v -29.72487640 -36.15345383 -1.90720761
v -29.35047340 -36.27150345 -1.90720761
v -27.79358673 -36.40771103 -1.90720761
v -28.18578720 -36.42483902 -1.90720761
v -31.36776733 -35.10681915 -1.90720761
v -31.63298607 -34.81738281 -1.90720761
v -30.76688194 -35.61102295 -1.90720761
v -31.07833099 -35.37203598 -1.90720761
v -32.53245544 -33.08952332 -1.90720761
v -32.61742401 -32.70625305 -1.90720761
v -32.41440201 -33.46392822 -1.90720761
v -32.08290100 -34.17483902 -1.90720761
v -32.26417160 -33.82661819 -1.90720761
v -31.87197113 -34.50593185 -1.90720761
v -27.79358673 -27.44196129 -1.90720761
v -27.40437126 -27.49320221 -1.90720761
v -29.35047340 -27.57817078 -1.90720761
v -28.96720314 -27.49320221 -1.90720761
v -25.60469246 -28.23865509 -1.90720761
v -25.29324341 -28.47763634 -1.90720761
v -28.18578720 -27.42483902 -1.90720761
v -28.57798958 -27.44196129 -1.90720761
v -25.93578720 -28.02772331 -1.90720761
v -26.64669609 -27.69622040 -1.90720761
v -26.28400612 -27.84645271 -1.90720761
v -27.02110291 -27.57817078 -1.90720761
v -29.72487640 -27.69622040 -1.90720761
v -23.83912086 -30.76015282 -1.90720761
v -23.75415421 -31.14342117 -1.90720761
v -24.73858833 -29.03229332 -1.90720761
v -24.49960327 -29.34374428 -1.90720761
v -25.00380707 -28.74285698 -1.90720761
v -30.08757019 -27.84645271 -1.90720761
v -30.76688194 -28.23865509 -1.90720761
v -30.43578720 -28.02772331 -1.90720761
v -24.10740280 -30.02305603 -1.90720761
v -23.95717049 -30.38574791 -1.90720761
v -24.28867340 -29.67483711 -1.90720761
v -23.70291138 -31.53263855 -1.90720761
v -31.36776733 -28.74285698 -1.90720761
v -31.07833099 -28.47763634 -1.90720761
v -31.87197113 -29.34374428 -1.90720761
v -31.63298607 -29.03229332 -1.90720761
v -32.26417160 -30.02305603 -1.90720761
v -32.08290100 -29.67483711 -1.90720761
v -32.61742401 -31.14342117 -1.90720761
v -23.68578720 -31.92483711 -1.90720761
v -32.53245544 -30.76015282 -1.90720761
v -32.41440201 -30.38574791 -1.90720761
v -32.66866684 -31.53263855 -1.90720761
v -32.66866684 -32.31703949 -1.90720761
v -32.68578720 -31.92483711 -1.90720761
v 127.17284393 0.72516221 -1.90720761
v 124.90916443 26.70016098 -1.90720761
v 124.59325409 30.32516098 -1.90720761
v 105.84562683 30.29352760 -1.90720761
v 104.67201233 30.24228668 -1.90720761
v 105.06421661 30.22516060 -1.90720761
v 105.45641327 30.24228668 -1.90720761
v 106.60330200 30.49654579 -1.90720761
v 106.22889709 30.37849617 -1.90720761
v 107.64530182 31.03897667 -1.90720761
v 107.31421661 30.82804680 -1.90720761
v 108.24619293 31.54318047 -1.90720761
v 107.95675659 31.27796173 -1.90720761
v 106.96599579 30.64677620 -1.90720761
v 108.96132660 32.47516251 -1.90720761
v 108.75039673 32.14406967 -1.90720761
v 109.49584961 33.94374466 -1.90720761
v 109.41088104 33.56047821 -1.90720761
v 108.51141357 31.83261681 -1.90720761
v 109.29282379 33.18606949 -1.90720761
v 109.14259338 32.82337952 -1.90720761
v 124.12483215 35.70016098 -1.90720761
v 109.56421661 34.72516251 -1.90720761
v 109.54708862 34.33296204 -1.90720761
v 109.49584961 35.50658035 -1.90720761
v 109.54708862 35.11736298 -1.90720761
v 109.41088104 35.88985062 -1.90720761
v 107.95675659 38.17235947 -1.90720761
v 121.89698792 54.08000183 -1.90720761
v 121.81514740 54.10147476 -1.90720761
v 122.05379486 54.01673508 -1.90720761
v 121.97673035 54.05168915 -1.90720761
v 122.19769287 53.92795563 -1.90720761
v 122.12762451 53.97539139 -1.90720761
v 122.32457733 53.81620026 -1.90720761
v 122.26349640 53.87476349 -1.90720761
v 122.38048553 53.75267792 -1.90720761
v 122.47522736 53.61263275 -1.90720761
v 122.43082428 53.68466187 -1.90720761
v 122.56990814 53.37775421 -1.90720761
v 122.54502106 53.45862579 -1.90720761
v 122.51338196 53.53710938 -1.90720761
v 122.58786774 53.29506302 -1.90720761
v 121.73177338 54.11594772 -1.90720761
v 108.24619293 37.90714264 -1.90720761
v 122.59877777 53.21115112 -1.90720761
v 121.64747620 54.12332153 -1.90720761
v 106.60330200 38.95377731 -1.90720761
v 106.96599579 38.80354691 -1.90720761
v 103.27990723 54.94936371 -1.90720761
v 106.22889709 39.07182693 -1.90720761
v 105.06421661 39.22516251 -1.90720761
v 105.45641327 39.20803833 -1.90720761
v 107.64530182 38.41134644 -1.90720761
v 105.84562683 39.15679932 -1.90720761
v 84.17551422 54.55236053 -1.90720761
v 103.16242981 38.80354691 -1.90720761
v 107.31421661 38.62227631 -1.90720761
v 103.52512360 38.95377731 -1.90720761
v 103.89952087 39.07182693 -1.90720761
v 102.81420898 38.62227631 -1.90720761
v 101.88223267 37.90714264 -1.90720761
v 102.17166901 38.17235947 -1.90720761
v 104.28279877 39.15679932 -1.90720761
v 104.67201233 39.20803833 -1.90720761
v 102.48311615 38.41134644 -1.90720761
v 109.14259338 36.62694550 -1.90720761
v 101.16709900 36.97516251 -1.90720761
v 101.37802887 37.30625534 -1.90720761
v 108.96132660 36.97516251 -1.90720761
v 108.51141357 37.61770630 -1.90720761
v 101.61701965 37.61770630 -1.90720761
v 109.29282379 36.26425171 -1.90720761
v 108.75039673 37.30625534 -1.90720761
v 100.98582458 36.62694550 -1.90720761
v 100.83560181 36.26425171 -1.90720761
v 65.12120819 54.14656067 -1.90720761
v 100.71754456 35.88985062 -1.90720761
v 46.13481140 52.48537064 -1.90720761
v 12.76877594 46.07314682 -1.90720761
v 8.63671970 45.27905655 -1.90720761
v 8.63671970 35.70016098 -1.90720761
v 8.63671970 30.32516098 -1.90720761
v 8.63671970 26.70016098 -1.90720761
v 8.63671970 0.72516221 -1.90720761
v 8.63671970 -0.27628779 -1.90720761
v -8.44761086 -0.27628779 -1.90720761
v -8.44575977 0.72516221 -1.90720761
v -8.39772129 26.70016098 -1.90720761
v -8.39101791 30.32516098 -1.90720761
v -8.38107681 35.70016098 -1.90720761
v -8.36328506 45.32096100 -1.90720761
v -12.65622425 46.16927719 -1.90720761
v -45.88278580 52.73506165 -1.90720761
v -103.00739288 55.19726181 -1.90720761
v -103.24669647 39.15378189 -1.90720761
v -102.88400269 39.00354767 -1.90720761
v -83.95298767 54.79146194 -1.90720761
v -104.78578186 39.42515945 -1.90720761
v -104.39358521 39.40803909 -1.90720761
v -102.20469666 38.61134338 -1.90720761
v -101.89324951 38.37236404 -1.90720761
v -103.62110138 39.27182770 -1.90720761
v -104.00437164 39.35679626 -1.90720761
v -121.37520599 54.37121582 -1.90720761
v -106.32488251 39.15378189 -1.90720761
v -105.95047760 39.27182770 -1.90720761
v -102.53578186 38.82227707 -1.90720761
v -107.03578949 38.82227707 -1.90720761
v -106.68756866 39.00354767 -1.90720761
v -107.96777344 38.10714340 -1.90720761
v -107.67832947 38.37236404 -1.90720761
v -101.09960175 37.50625610 -1.90720761
v -64.84869385 54.39446259 -1.90720761
v -105.56719971 39.35679626 -1.90720761
v -105.17799377 39.40803909 -1.90720761
v -107.36688232 38.61134338 -1.90720761
v -101.33858490 37.81770706 -1.90720761
v -100.43912506 36.08984756 -1.90720761
v -101.60380554 38.10714340 -1.90720761
v -108.68289948 37.17516327 -1.90720761
v -108.47197723 37.50625610 -1.90720761
v -100.55716705 36.46425247 -1.90720761
v -100.88867950 37.17516327 -1.90720761
v -100.70740509 36.82694626 -1.90720761
v -108.23298645 37.81770706 -1.90720761
v -109.21742249 35.70658112 -1.90720761
v -109.13245392 36.08984756 -1.90720761
v -109.01440430 36.46425247 -1.90720761
v -108.86417389 36.82694626 -1.90720761
v -122.10814667 54.00065231 -1.90720761
v -122.15848541 53.93264771 -1.90720761
v -121.99116516 54.12270737 -1.90720761
v -122.05224609 54.06415939 -1.90720761
v -121.70442200 54.29959488 -1.90720761
v -121.78147888 54.26464844 -1.90720761
v -121.54284668 54.34936905 -1.90720761
v -121.62469482 54.32790375 -1.90720761
v -122.20289612 53.86063385 -1.90720761
v -122.24105835 53.78512192 -1.90720761
v -121.85529327 54.22331619 -1.90720761
v -121.92536163 54.17589188 -1.90720761
v -121.45948792 54.36384201 -1.90720761
v -122.27269745 53.70665359 -1.90720761
v -122.29759979 53.62579346 -1.90720761
v -122.31556702 53.54311752 -1.90720761
v -122.32648468 53.45921707 -1.90720761
v -123.87721252 35.70016098 -1.90720761
v -124.34656525 30.32516098 -1.90720761
v -124.66310120 26.70016098 -1.90720761
v -128.73533630 -21.45862961 -1.90720761
v -128.69549561 -21.53569603 -1.90720761
v -128.64913940 -21.60902405 -1.90720761
v -128.59661865 -21.67805672 -1.90720761
v -128.79423523 -21.29561234 -1.90720761
v -128.76832581 -21.37839890 -1.90720761
v -128.82785034 -21.03820610 -1.90720761
v -128.82411194 -21.12487411 -1.90720761
v -128.47463989 -21.80120087 -1.90720761
v -128.40611267 -21.85438538 -1.90720761
v -128.53829956 -21.74227715 -1.90720761
v -128.81288147 -21.21089172 -1.90720761
v -128.82405090 -20.95153999 -1.90720761
v -123.59770203 -24.67483902 -1.90720761
v -128.33320618 -21.90143204 -1.90720761
v -126.93123627 0.72516221 -1.90720761
v -110.85913849 -32.13532257 -1.90720761
v -106.16358948 -34.88532639 -1.90720761
v -109.88578796 -32.70537949 -1.90720761
v -90.36082458 -44.09050751 -1.90720761
v -90.28867340 -44.10502243 -1.90720761
v -90.43171692 -44.07072449 -1.90720761
v -90.56818390 -44.01580811 -1.90720761
v -90.50096130 -44.04578018 -1.90720761
v -90.63301849 -43.98097992 -1.90720761
v -90.21565247 -44.11419296 -1.90720761
v -52.23968506 -47.46923447 -1.90720761
v -30.39578629 -53.21293640 -1.90720761
v -1.72748756 -55.72543716 -1.90720761
v -33.45078659 -52.51273727 -1.90720761
v 30.30201149 -53.23733902 -1.90720761
v 33.35931015 -52.64883804 -1.90720761
v 52.14810944 -47.60523987 -1.90720761
v 90.16429138 -44.22970200 -1.90720761
v 90.24890137 -44.21091461 -1.90720761
v 90.07836914 -44.24109268 -1.90720761
v 90.33155823 -44.18487167 -1.90720761
v 90.41166687 -44.15176392 -1.90720761
v 90.48859406 -44.11185074 -1.90720761
v 106.53036499 -34.88532639 -1.90720761
v 111.31168365 -32.13532257 -1.90720761
v 106.25640869 -30.90771484 -1.90720761
v 105.86421204 -30.92483711 -1.90720761
v 108.75675964 -29.87203789 -1.90720761
v 108.44531250 -30.11102295 -1.90720761
v 106.64562988 -30.85647392 -1.90720761
v 107.40329742 -30.65345383 -1.90720761
v 107.02890015 -30.77150345 -1.90720761
v 108.11421204 -30.32195282 -1.90720761
v 104.32512665 -30.65345383 -1.90720761
v 103.96242523 -30.50322342 -1.90720761
v 105.08279419 -30.85647392 -1.90720761
v 104.69953156 -30.77150345 -1.90720761
v 109.04618835 -29.60681915 -1.90720761
v 107.76599121 -30.50322342 -1.90720761
v 109.31140900 -29.31738281 -1.90720761
v 103.28311920 -30.11102295 -1.90720761
v 102.97166443 -29.87203789 -1.90720761
v 103.61421204 -30.32195282 -1.90720761
v 105.47201538 -30.90771484 -1.90720761
v 124.28292084 -24.67483902 -1.90720761
v 109.94259644 -28.32662010 -1.90720761
v 101.63559723 -27.96392822 -1.90720761
v 101.51753998 -27.58952332 -1.90720761
v 101.96709442 -28.67483711 -1.90720761
v 101.78582001 -28.32662010 -1.90720761
v 102.68223572 -29.60681915 -1.90720761
v 102.41701508 -29.31738281 -1.90720761
v 109.76132965 -28.67483711 -1.90720761
v 109.55039215 -29.00593185 -1.90720761
v 110.09282684 -27.96392822 -1.90720761
v 110.29584503 -27.20625496 -1.90720761
v 110.21088409 -27.58952332 -1.90720761
v 102.17803192 -29.00593185 -1.90720761
v 101.43257904 -25.64342117 -1.90720761
v 101.51753998 -25.26015282 -1.90720761
v 101.38134003 -26.81703949 -1.90720761
v 110.36421204 -26.42483902 -1.90720761
v 110.34709167 -26.81703949 -1.90720761
v 101.63559723 -24.88574791 -1.90720761
v 101.36421204 -26.42483902 -1.90720761
v 101.38134003 -26.03263855 -1.90720761
v 101.43257904 -27.20625496 -1.90720761
v 110.09282684 -24.88574791 -1.90720761
v 110.21088409 -25.26015282 -1.90720761
v 110.29584503 -25.64342117 -1.90720761
v 110.34709167 -26.03263855 -1.90720761
v 109.94259644 -24.52305603 -1.90720761
v 107.40329742 -22.19622040 -1.90720761
v 107.76599121 -22.34645271 -1.90720761
v 106.64562988 -21.99320221 -1.90720761
v 107.02890015 -22.07817078 -1.90720761
v 103.96242523 -22.34645271 -1.90720761
v 104.32512665 -22.19622040 -1.90720761
v 128.72325134 -22.10579681 -1.90720761
v 128.78396606 -22.05202675 -1.90720761
v 128.84013367 -21.99351501 -1.90720761
v 108.11421204 -22.52772331 -1.90720761
v 105.08279419 -21.99320221 -1.90720761
v 105.47201538 -21.94196129 -1.90720761
v 104.69953156 -22.07817078 -1.90720761
v 128.65838623 -22.15446854 -1.90720761
v 128.89137268 -21.93064308 -1.90720761
v 128.93734741 -21.86382484 -1.90720761
v 108.44531250 -22.73865509 -1.90720761
v 108.75675964 -22.97763634 -1.90720761
v 105.86421204 -21.92483902 -1.90720761
v 106.25640869 -21.94196129 -1.90720761
v 101.96709442 -24.17483711 -1.90720761
v 128.58976746 -22.19772339 -1.90720761
v 129.06311035 -21.56622505 -1.90720761
v 129.07897949 -21.48668861 -1.90720761
v 129.01232910 -21.72013664 -1.90720761
v 129.04083252 -21.64421272 -1.90720761
v 102.68223572 -23.24285698 -1.90720761
v 102.97166443 -22.97763634 -1.90720761
v 102.17803192 -23.84374237 -1.90720761
v 129.08836365 -21.40612984 -1.90720761
v 128.97775269 -21.79350281 -1.90720761
v 103.28311920 -22.73865509 -1.90720761
v 103.61421204 -22.52772331 -1.90720761
v 102.41701508 -23.53229332 -1.90720761
v 101.78582001 -24.52305603 -1.90720761
v 129.09118652 -21.32507133 -1.90720761
v 109.76132965 -24.17483711 -1.90720761
v 109.55039215 -23.84374237 -1.90720761
v 109.04618835 -23.24285698 -1.90720761
v 109.31140900 -23.53229332 -1.90720761
v 129.08741760 -21.24405670 -1.90720761
v 100.96421051 -38.08673477 -1.90720761
v 1.63381243 -55.74983597 -1.90720761
v -64.84869385 54.39446259 -3.40720773
v -45.88278580 52.73506165 -3.40720773
v -83.95298767 54.79146194 -3.40720773
v -103.00739288 55.19726181 -3.40720773
v -121.37520599 54.37121582 -3.40720773
v -126.93123627 0.72516221 -3.40720773
v -124.68492889 26.45016289 -3.40720773
v -124.27015686 31.20016289 -3.40720773
v -124.04966736 33.72516251 -3.40720773
v -122.32648468 53.45921707 -3.40720773
v -128.82405090 -20.95153999 -3.40720773
v -90.63301849 -43.98097992 -3.40720773
v -108.89554596 -33.28532410 -3.40720773
v -106.48578644 -34.69662476 -3.40720773
v -109.16957092 -33.12483978 -3.40720773
v -116.74991608 -28.68532372 -3.40720773
v -119.11559296 -27.29983902 -3.40720773
v -128.33320618 -21.90143204 -3.40720773
v -52.23968506 -47.46923447 -3.40720773
v -90.21565247 -44.11419296 -3.40720773
v -33.45078659 -52.51273727 -3.40720773
v -30.39578629 -53.21293640 -3.40720773
v -1.72748756 -55.72543716 -3.40720773
v 1.63381243 -55.74983597 -3.40720773
v 30.30201149 -53.23733902 -3.40720773
v 33.35931015 -52.64883804 -3.40720773
v 52.14810944 -47.60523987 -3.40720773
v 90.07836914 -44.24109268 -3.40720773
v 128.58976746 -22.19772339 -3.40720773
v 117.31005096 -28.68532372 -3.40720773
v 119.71894073 -27.29983902 -3.40720773
v 109.59125519 -33.12483978 -3.40720773
v 109.31221771 -33.28532410 -3.40720773
v 90.48859406 -44.11185074 -3.40720773
v 104.36421204 -36.13120270 -3.40720773
v 129.08741760 -21.24405670 -3.40720773
v 127.17284393 0.72516221 -3.40720773
v 124.93094635 26.45016289 -3.40720773
v 124.51699066 31.20016289 -3.40720773
v 124.29695129 33.72516251 -3.40720773
v 122.59877777 53.21115112 -3.40720773
v 103.27990723 54.94936371 -3.40720773
v 121.64747620 54.12332153 -3.40720773
v 84.17551422 54.55236053 -3.40720773
v 65.12120819 54.14656067 -3.40720773
v 46.13481140 52.48537064 -3.40720773
v 128.65838623 -22.15446854 -3.40720773
v 128.72325134 -22.10579681 -3.40720773
v 128.78396606 -22.05202675 -3.40720773
v 128.84013367 -21.99351501 -3.40720773
v 128.89137268 -21.93064308 -3.40720773
v 128.93734741 -21.86382484 -3.40720773
v 128.97775269 -21.79350281 -3.40720773
v 129.01232910 -21.72013664 -3.40720773
v 129.04083252 -21.64421272 -3.40720773
v 129.06311035 -21.56622505 -3.40720773
v 129.07897949 -21.48668861 -3.40720773
v 129.08836365 -21.40612984 -3.40720773
v 129.09118652 -21.32507133 -3.40720773
v 90.16429138 -44.22970200 -3.40720773
v 90.24890137 -44.21091461 -3.40720773
v 90.33155823 -44.18487167 -3.40720773
v 90.41166687 -44.15176392 -3.40720773
v -90.56818390 -44.01580811 -3.40720773
v -90.50096130 -44.04578018 -3.40720773
v -90.43171692 -44.07072449 -3.40720773
v -90.36082458 -44.09050751 -3.40720773
v -90.28867340 -44.10502243 -3.40720773
v -128.82785034 -21.03820610 -3.40720773
v -128.82411194 -21.12487411 -3.40720773
v -128.81288147 -21.21089172 -3.40720773
v -128.79423523 -21.29561234 -3.40720773
v -128.76832581 -21.37839890 -3.40720773
v -128.73533630 -21.45862961 -3.40720773
v -128.69549561 -21.53569603 -3.40720773
v -128.64913940 -21.60902405 -3.40720773
v -128.59661865 -21.67805672 -3.40720773
v -128.53829956 -21.74227715 -3.40720773
v -128.47463989 -21.80120087 -3.40720773
v -128.40611267 -21.85438538 -3.40720773
v -121.45948792 54.36384201 -3.40720773
v -121.54284668 54.34936905 -3.40720773
v -121.62469482 54.32790375 -3.40720773
v -121.70442200 54.29959488 -3.40720773
v -121.78147888 54.26464844 -3.40720773
v -121.85529327 54.22331619 -3.40720773
v -121.92536163 54.17589188 -3.40720773
v -121.99116516 54.12270737 -3.40720773
v -122.05224609 54.06415939 -3.40720773
v -122.10814667 54.00065231 -3.40720773
v -122.15848541 53.93264771 -3.40720773
v -122.20289612 53.86063385 -3.40720773
v -122.24105835 53.78512192 -3.40720773
v -122.27269745 53.70665359 -3.40720773
v -122.29759979 53.62579346 -3.40720773
v -122.31556702 53.54311752 -3.40720773
v 122.58786774 53.29506302 -3.40720773
v 122.56990814 53.37775421 -3.40720773
v 122.54502106 53.45862579 -3.40720773
v 122.51338196 53.53710938 -3.40720773
v 122.47522736 53.61263275 -3.40720773
v 122.43082428 53.68466187 -3.40720773
v 122.38048553 53.75267792 -3.40720773
v 122.32457733 53.81620026 -3.40720773
v 122.26349640 53.87476349 -3.40720773
v 122.19769287 53.92795563 -3.40720773
v 122.12762451 53.97539139 -3.40720773
v 122.05379486 54.01673508 -3.40720773
v 121.97673035 54.05168915 -3.40720773
v 121.89698792 54.08000183 -3.40720773
v 121.81514740 54.10147476 -3.40720773
v 121.73177338 54.11594772 -3.40720773
v -0.02918353 -29.85246849 -3.40720773
v 0.12333902 -29.84580994 -3.40720773
v -0.18054529 -29.87239647 -3.40720773
v -0.32959431 -29.90543938 -3.40720773
v -0.47519621 -29.95134735 -3.40720773
v -0.61624295 -30.00977135 -3.40720773
v -0.75166094 -30.08026695 -3.40720773
v -0.88041973 -30.16229439 -3.40720773
v -1.00153935 -30.25523186 -3.40720773
v -1.11409783 -30.35837173 -3.40720773
v -1.21723866 -30.47093201 -3.40720773
v -1.31017709 -30.59205055 -3.40720773
v -1.39220548 -30.72080994 -3.40720773
v -1.46269965 -30.85622787 -3.40720773
v -1.52112305 -30.99727440 -3.40720773
v -1.56703115 -31.14287758 -3.40720773
v -1.60007453 -31.29192352 -3.40720773
v -1.62000179 -31.44328690 -3.40720773
v -1.62666094 -31.59581184 -3.40720773
v -1.62000179 -31.74833298 -3.40720773
v -1.60007453 -31.89969444 -3.40720773
v -1.56703115 -32.04874420 -3.40720773
v -1.52112305 -32.19434738 -3.40720773
v -1.46269965 -32.33539200 -3.40720773
v -1.39220548 -32.47080994 -3.40720773
v -1.31017709 -32.59956741 -3.40720773
v -1.21723866 -32.72068787 -3.40720773
v -1.11409783 -32.83324814 -3.40720773
v -1.00153935 -32.93638611 -3.40720773
v -0.88041973 -33.02932358 -3.40720773
v -0.75166094 -33.11135483 -3.40720773
v -0.61624295 -33.18185043 -3.40720773
v -0.47519621 -33.24027252 -3.40720773
v -0.32959431 -33.28617859 -3.40720773
v -0.18054529 -33.31922531 -3.40720773
v -0.02918353 -33.33914948 -3.40720773
v 0.12333902 -33.34580994 -3.40720773
v 0.27586156 -33.33914948 -3.40720773
v 0.42722332 -33.31922531 -3.40720773
v 0.57627237 -33.28617859 -3.40720773
v 0.72187424 -33.24027252 -3.40720773
v 0.86292094 -33.18185043 -3.40720773
v 0.99833906 -33.11135483 -3.40720773
v 1.12709773 -33.02932358 -3.40720773
v 1.24821734 -32.93638611 -3.40720773
v 1.36077595 -32.83324814 -3.40720773
v 1.46391678 -32.72068787 -3.40720773
v 1.55685508 -32.59956741 -3.40720773
v 1.63888347 -32.47080994 -3.40720773
v 1.70937765 -32.33539200 -3.40720773
v 1.76780117 -32.19434738 -3.40720773
v 1.81370926 -32.04874420 -3.40720773
v 1.84675264 -31.89969444 -3.40720773
v 1.86667979 -31.74833298 -3.40720773
v 1.87333906 -31.59581184 -3.40720773
v 1.86667979 -31.44328690 -3.40720773
v 1.84675264 -31.29192352 -3.40720773
v 1.81370926 -31.14287758 -3.40720773
v 1.76780117 -30.99727440 -3.40720773
v 1.70937765 -30.85622787 -3.40720773
v 1.63888347 -30.72080994 -3.40720773
v 1.55685508 -30.59205055 -3.40720773
v 1.46391678 -30.47093201 -3.40720773
v 1.36077595 -30.35837173 -3.40720773
v 1.24821734 -30.25523186 -3.40720773
v 1.12709773 -30.16229439 -3.40720773
v 0.99833906 -30.08026695 -3.40720773
v 0.86292094 -30.00977135 -3.40720773
v 0.72187424 -29.95134735 -3.40720773
v 0.57627237 -29.90543938 -3.40720773
v 0.42722332 -29.87239647 -3.40720773
v 0.27586156 -29.85246849 -3.40720773
v -8.36328030 45.32330322 -3.37863779
v -8.36384773 45.32341766 -3.40720773
v -8.44761086 -0.27628779 -0.50720769
v -8.36328030 45.32330322 -0.50720769
v 8.63671970 -0.27628779 -0.50720769
v 8.63671970 45.27905655 -0.50720769
v 0.13186245 43.64461136 -0.50720769
v -109.28578949 34.92516327 -1.40720773
v -109.26866150 35.31735992 -1.40720773
v -109.21742249 35.70658112 -1.40720773
v -109.13245392 36.08984756 -1.40720773
v -109.01440430 36.46425247 -1.40720773
v -108.86417389 36.82694626 -1.40720773
v -108.68289948 37.17516327 -1.40720773
v -108.47197723 37.50625610 -1.40720773
v -108.23298645 37.81770706 -1.40720773
v -107.96777344 38.10714340 -1.40720773
v -107.67832947 38.37236404 -1.40720773
v -107.36688232 38.61134338 -1.40720773
v -107.03578949 38.82227707 -1.40720773
v -106.68756866 39.00354767 -1.40720773
v -106.32488251 39.15378189 -1.40720773
v -105.95047760 39.27182770 -1.40720773
v -105.56719971 39.35679626 -1.40720773
v -105.17799377 39.40803909 -1.40720773
v -104.78578186 39.42515945 -1.40720773
v -104.39358521 39.40803909 -1.40720773
v -104.00437164 39.35679626 -1.40720773
v -103.62110138 39.27182770 -1.40720773
v -103.24669647 39.15378189 -1.40720773
v -102.88400269 39.00354767 -1.40720773
v -102.53578186 38.82227707 -1.40720773
v -102.20469666 38.61134338 -1.40720773
v -101.89324951 38.37236404 -1.40720773
v -101.60380554 38.10714340 -1.40720773
v -101.33858490 37.81770706 -1.40720773
v -101.09960175 37.50625610 -1.40720773
v -100.88867950 37.17516327 -1.40720773
v -100.70740509 36.82694626 -1.40720773
v -100.55716705 36.46425247 -1.40720773
v -100.43912506 36.08984756 -1.40720773
v -100.35414886 35.70658112 -1.40720773
v -100.30290985 35.31735992 -1.40720773
v -100.28578949 34.92516327 -1.40720773
v -100.30290985 34.53295898 -1.40720773
v -100.35414886 34.14374542 -1.40720773
v -100.43912506 33.76047516 -1.40720773
v -100.55716705 33.38607025 -1.40720773
v -100.70740509 33.02338028 -1.40720773
v -100.88867950 32.67516327 -1.40720773
v -101.09960175 32.34407043 -1.40720773
v -101.33858490 32.03261566 -1.40720773
v -101.60380554 31.74317932 -1.40720773
v -101.89324951 31.47796249 -1.40720773
v -102.20469666 31.23897934 -1.40720773
v -102.53578186 31.02804756 -1.40720773
v -102.88400269 30.84677696 -1.40720773
v -103.24669647 30.69654465 -1.40720773
v -103.62110138 30.57849503 -1.40720773
v -104.00437164 30.49352837 -1.40720773
v -104.39358521 30.44228554 -1.40720773
v -104.78578186 30.42516327 -1.40720773
v -105.17799377 30.44228554 -1.40720773
v -105.56719971 30.49352837 -1.40720773
v -105.95047760 30.57849503 -1.40720773
v -106.32488251 30.69654465 -1.40720773
v -106.68756866 30.84677696 -1.40720773
v -107.03578949 31.02804756 -1.40720773
v -107.36688232 31.23897934 -1.40720773
v -107.67832947 31.47796249 -1.40720773
v -107.96777344 31.74317932 -1.40720773
v -108.23298645 32.03261566 -1.40720773
v -108.47197723 32.34407043 -1.40720773
v -108.68289948 32.67516327 -1.40720773
v -108.86417389 33.02338028 -1.40720773
v -109.01440430 33.38607025 -1.40720773
v -109.13245392 33.76047516 -1.40720773
v -109.21742249 34.14374542 -1.40720773
v -109.26866150 34.53295898 -1.40720773
v -106.21930695 33.92140198 -1.40720773
v -106.30133057 34.05016327 -1.40720773
v -106.12636566 33.80028534 -1.40720773
v -106.02322388 33.68772507 -1.40720773
v -105.78955078 33.49164581 -1.40720773
v -105.91066742 33.58458328 -1.40720773
v -105.66078949 33.40961838 -1.40720773
v -105.52536774 33.33912277 -1.40720773
v -105.38432312 33.28070068 -1.40720773
v -105.23872375 33.23479462 -1.40720773
v -105.08966827 33.20175171 -1.40720773
v -104.93831635 33.18181992 -1.40720773
v -104.78578186 33.17516327 -1.40720773
v -104.63326263 33.18181992 -1.40720773
v -104.48190308 33.20175171 -1.40720773
v -104.33285522 33.23479462 -1.40720773
v -104.18724823 33.28070068 -1.40720773
v -103.66091156 33.58458328 -1.40720773
v -103.78202820 33.49164581 -1.40720773
v -103.54834747 33.68772507 -1.40720773
v -104.04620361 33.33912277 -1.40720773
v -103.91078949 33.40961838 -1.40720773
v -105.38432312 36.56962585 -1.40720773
v -105.23872375 36.61553192 -1.40720773
v -105.52536774 36.51119995 -1.40720773
v -103.44521332 33.80028534 -1.40720773
v -103.35227203 33.92140198 -1.40720773
v -104.93831635 36.66850281 -1.40720773
v -104.78578186 36.67516327 -1.40720773
v -105.08966827 36.64857483 -1.40720773
v -105.78955078 36.35867691 -1.40720773
v -105.66078949 36.44070816 -1.40720773
v -105.91066742 36.26573944 -1.40720773
v -103.27024078 34.05016327 -1.40720773
v -104.33285522 36.61553192 -1.40720773
v -104.18724823 36.56962585 -1.40720773
v -104.48190308 36.64857483 -1.40720773
v -104.63326263 36.66850281 -1.40720773
v -106.50920105 35.22904587 -1.40720773
v -106.47615814 35.37809372 -1.40720773
v -106.52912903 35.07768250 -1.40720773
v -106.53578186 34.92516327 -1.40720773
v -106.52912903 34.77263641 -1.40720773
v -106.43024445 34.32662964 -1.40720773
v -106.47615814 34.47222900 -1.40720773
v -106.37182617 34.18558121 -1.40720773
v -103.19975281 34.18558121 -1.40720773
v -103.14131927 34.32662964 -1.40720773
v -103.09542084 34.47222900 -1.40720773
v -103.44521332 36.05004120 -1.40720773
v -103.35227203 35.92892075 -1.40720773
v -103.54834747 36.16260147 -1.40720773
v -106.12636566 36.05004120 -1.40720773
v -106.02322388 36.16260147 -1.40720773
v -106.21930695 35.92892075 -1.40720773
v -106.50920105 34.62128067 -1.40720773
v -103.27024078 35.80016327 -1.40720773
v -103.19975281 35.66474533 -1.40720773
v -103.66091156 36.26573944 -1.40720773
v -103.78202820 36.35867691 -1.40720773
v -103.91078949 36.44070816 -1.40720773
v -104.04620361 36.51119995 -1.40720773
v -106.30133057 35.80016327 -1.40720773
v -106.37182617 35.66474533 -1.40720773
v -106.43024445 35.52369690 -1.40720773
v -103.06237793 34.62128067 -1.40720773
v -103.04244232 34.77263641 -1.40720773
v -103.06237793 35.22904587 -1.40720773
v -103.04244232 35.07768250 -1.40720773
v -103.09542084 35.37809372 -1.40720773
v -103.03578186 34.92516327 -1.40720773
v -103.14131927 35.52369690 -1.40720773
v -106.52912903 34.77263641 -1.90720761
v -106.53578186 34.92516327 -1.90720761
v -106.50920105 34.62128067 -1.90720761
v -106.47615814 34.47222900 -1.90720761
v -106.43024445 34.32662964 -1.90720761
v -106.37182617 34.18558121 -1.90720761
v -106.30133057 34.05016327 -1.90720761
v -106.21930695 33.92140198 -1.90720761
v -106.12636566 33.80028534 -1.90720761
v -106.02322388 33.68772507 -1.90720761
v -105.91066742 33.58458328 -1.90720761
v -105.78955078 33.49164581 -1.90720761
v -105.66078949 33.40961838 -1.90720761
v -105.52536774 33.33912277 -1.90720761
v -105.38432312 33.28070068 -1.90720761
v -105.23872375 33.23479462 -1.90720761
v -105.08966827 33.20175171 -1.90720761
v -104.93831635 33.18181992 -1.90720761
v -104.78578186 33.17516327 -1.90720761
v -104.63326263 33.18181992 -1.90720761
v -104.48190308 33.20175171 -1.90720761
v -104.33285522 33.23479462 -1.90720761
v -104.18724823 33.28070068 -1.90720761
v -104.04620361 33.33912277 -1.90720761
v -103.91078949 33.40961838 -1.90720761
v -103.78202820 33.49164581 -1.90720761
v -103.66091156 33.58458328 -1.90720761
v -103.54834747 33.68772507 -1.90720761
v -103.44521332 33.80028534 -1.90720761
v -103.35227203 33.92140198 -1.90720761
v -103.27024078 34.05016327 -1.90720761
v -103.19975281 34.18558121 -1.90720761
v -103.14131927 34.32662964 -1.90720761
v -103.09542084 34.47222900 -1.90720761
v -103.06237793 34.62128067 -1.90720761
v -103.04244232 34.77263641 -1.90720761
v -103.03578186 34.92516327 -1.90720761
v -103.04244232 35.07768250 -1.90720761
v -103.06237793 35.22904587 -1.90720761
v -103.09542084 35.37809372 -1.90720761
v -103.14131927 35.52369690 -1.90720761
v -103.19975281 35.66474533 -1.90720761
v -103.27024078 35.80016327 -1.90720761
v -103.35227203 35.92892075 -1.90720761
v -103.44521332 36.05004120 -1.90720761
v -103.54834747 36.16260147 -1.90720761
v -103.66091156 36.26573944 -1.90720761
v -103.78202820 36.35867691 -1.90720761
v -103.91078949 36.44070816 -1.90720761
v -104.04620361 36.51119995 -1.90720761
v -104.18724823 36.56962585 -1.90720761
v -104.33285522 36.61553192 -1.90720761
v -104.48190308 36.64857483 -1.90720761
v -104.63326263 36.66850281 -1.90720761
v -104.78578186 36.67516327 -1.90720761
v -104.93831635 36.66850281 -1.90720761
v -105.08966827 36.64857483 -1.90720761
v -105.23872375 36.61553192 -1.90720761
v -105.38432312 36.56962585 -1.90720761
v -105.52536774 36.51119995 -1.90720761
v -105.66078949 36.44070816 -1.90720761
v -105.78955078 36.35867691 -1.90720761
v -105.91066742 36.26573944 -1.90720761
v -106.02322388 36.16260147 -1.90720761
v -106.12636566 36.05004120 -1.90720761
v -106.21930695 35.92892075 -1.90720761
v -106.30133057 35.80016327 -1.90720761
v -106.37182617 35.66474533 -1.90720761
v -106.43024445 35.52369690 -1.90720761
v -106.47615814 35.37809372 -1.90720761
v -106.50920105 35.22904587 -1.90720761
v -106.52912903 35.07768250 -1.90720761
v -105.33578491 33.97253418 -1.90720761
v -105.41672516 34.02409363 -1.90720761
v -105.25066376 33.92822266 -1.90720761
v -105.16201019 33.89149857 -1.90720761
v -105.07048798 33.86264420 -1.90720761
v -104.23579407 35.87778854 -1.90720761
v -104.15485382 35.82622910 -1.90720761
v -104.32090759 35.92210388 -1.90720761
v -104.50108337 35.98767853 -1.90720761
v -104.40956879 35.95882416 -1.90720761
v -104.59477234 36.00844955 -1.90720761
v -104.50108337 33.86264420 -1.90720761
v -104.59477234 33.84187317 -1.90720761
v -104.40956879 33.89149857 -1.90720761
v -104.23579407 33.97253418 -1.90720761
v -104.15485382 34.02409363 -1.90720761
v -104.07872009 34.08251190 -1.90720761
v -104.00796509 34.14734268 -1.90720761
v -103.88471985 34.29422760 -1.90720761
v -103.94313812 34.21809387 -1.90720761
v -103.83316040 34.37516022 -1.90720761
v -104.07872009 35.76781082 -1.90720761
v -104.00796509 35.70298004 -1.90720761
v -104.68991852 36.02097702 -1.90720761
v -105.07048798 35.98767853 -1.90720761
v -104.97680664 36.00844955 -1.90720761
v -105.16201019 35.95882416 -1.90720761
v -105.33578491 35.87778854 -1.90720761
v -105.41672516 35.82622910 -1.90720761
v -104.97680664 33.84187317 -1.90720761
v -104.68991852 33.82934570 -1.90720761
v -104.32090759 33.92822266 -1.90720761
v -103.78884888 34.46028519 -1.90720761
v -103.75212860 35.30138397 -1.90720761
v -103.72327423 35.20986557 -1.90720761
v -103.78884888 35.39004135 -1.90720761
v -103.88471985 35.55609512 -1.90720761
v -103.83316040 35.47516251 -1.90720761
v -103.94313812 35.63222885 -1.90720761
v -104.78578186 36.02516174 -1.90720761
v -104.88166046 36.02097702 -1.90720761
v -105.25066376 35.92210388 -1.90720761
v -105.49285126 35.76781082 -1.90720761
v -105.56360626 35.70298004 -1.90720761
v -105.68685913 35.55609512 -1.90720761
v -105.62844086 35.63222885 -1.90720761
v -105.73841858 35.47516251 -1.90720761
v -105.49285126 34.08251190 -1.90720761
v -105.56360626 34.14734268 -1.90720761
v -104.88166046 33.82934570 -1.90720761
v -104.78578186 33.82516098 -1.90720761
v -105.78272247 35.39004135 -1.90720761
v -105.81945038 34.54893875 -1.90720761
v -105.84830475 34.64046097 -1.90720761
v -105.78272247 34.46028519 -1.90720761
v -105.68685913 34.29422760 -1.90720761
v -105.73841858 34.37516022 -1.90720761
v -105.62844086 34.21809387 -1.90720761
v -105.81945038 35.30138397 -1.90720761
v -105.84830475 35.20986557 -1.90720761
v -105.86907959 35.11617661 -1.90720761
v -105.88159943 35.02103424 -1.90720761
v -105.86907959 34.73414993 -1.90720761
v -105.88159943 34.82929230 -1.90720761
v -103.75212860 34.54893875 -1.90720761
v -103.72327423 34.64046097 -1.90720761
v -103.70249939 35.11617661 -1.90720761
v -103.68997955 35.02103424 -1.90720761
v -105.88578796 34.92516327 -1.90720761
v -103.68579102 34.92516327 -1.90720761
v -103.70249939 34.73414993 -1.90720761
v -103.68997955 34.82929230 -1.90720761
v -103.68579102 34.92516327 -3.40720773
v -103.68997955 34.82929230 -3.40720773
v -103.70249939 34.73414993 -3.40720773
v -103.72327423 34.64046097 -3.40720773
v -103.75212860 34.54893875 -3.40720773
v -103.78884888 34.46028519 -3.40720773
v -103.83316040 34.37516022 -3.40720773
v -103.88471985 34.29422760 -3.40720773
v -103.94313812 34.21809387 -3.40720773
v -104.00796509 34.14734268 -3.40720773
v -104.07872009 34.08251190 -3.40720773
v -104.15485382 34.02409363 -3.40720773
v -104.23579407 33.97253418 -3.40720773
v -104.32090759 33.92822266 -3.40720773
v -104.40956879 33.89149857 -3.40720773
v -104.50108337 33.86264420 -3.40720773
v -104.59477234 33.84187317 -3.40720773
v -104.68991852 33.82934570 -3.40720773
v -104.78578186 33.82516098 -3.40720773
v -104.88166046 33.82934570 -3.40720773
v -104.97680664 33.84187317 -3.40720773
v -105.07048798 33.86264420 -3.40720773
v -105.16201019 33.89149857 -3.40720773
v -105.25066376 33.92822266 -3.40720773
v -105.33578491 33.97253418 -3.40720773
v -105.41672516 34.02409363 -3.40720773
v -105.49285126 34.08251190 -3.40720773
v -105.56360626 34.14734268 -3.40720773
v -105.62844086 34.21809387 -3.40720773
v -105.68685913 34.29422760 -3.40720773
v -105.73841858 34.37516022 -3.40720773
v -105.78272247 34.46028519 -3.40720773
v -105.81945038 34.54893875 -3.40720773
v -105.84830475 34.64046097 -3.40720773
v -105.86907959 34.73414993 -3.40720773
v -105.88159943 34.82929230 -3.40720773
v -105.88578796 34.92516327 -3.40720773
v -105.88159943 35.02103424 -3.40720773
v -105.86907959 35.11617661 -3.40720773
v -105.84830475 35.20986557 -3.40720773
v -105.81945038 35.30138397 -3.40720773
v -105.78272247 35.39004135 -3.40720773
v -105.73841858 35.47516251 -3.40720773
v -105.68685913 35.55609512 -3.40720773
v -105.62844086 35.63222885 -3.40720773
v -105.56360626 35.70298004 -3.40720773
v -105.49285126 35.76781082 -3.40720773
v -105.41672516 35.82622910 -3.40720773
v -105.33578491 35.87778854 -3.40720773
v -105.25066376 35.92210388 -3.40720773
v -105.16201019 35.95882416 -3.40720773
v -105.07048798 35.98767853 -3.40720773
v -104.97680664 36.00844955 -3.40720773
v -104.88166046 36.02097702 -3.40720773
v -104.78578186 36.02516174 -3.40720773
v -104.68991852 36.02097702 -3.40720773
v -104.59477234 36.00844955 -3.40720773
v -104.50108337 35.98767853 -3.40720773
v -104.40956879 35.95882416 -3.40720773
v -104.32090759 35.92210388 -3.40720773
v -104.23579407 35.87778854 -3.40720773
v -104.15485382 35.82622910 -3.40720773
v -104.07872009 35.76781082 -3.40720773
v -104.00796509 35.70298004 -3.40720773
v -103.94313812 35.63222885 -3.40720773
v -103.88471985 35.55609512 -3.40720773
v -103.83316040 35.47516251 -3.40720773
v -103.78884888 35.39004135 -3.40720773
v -103.75212860 35.30138397 -3.40720773
v -103.72327423 35.20986557 -3.40720773
v -103.70249939 35.11617661 -3.40720773
v -103.68997955 35.02103424 -3.40720773
v 100.56420898 34.72516251 -1.40720773
v 100.58132935 35.11736298 -1.40720773
v 100.63257599 35.50658035 -1.40720773
v 100.71754456 35.88985062 -1.40720773
v 100.83560181 36.26425171 -1.40720773
v 100.98582458 36.62694550 -1.40720773
v 101.16709900 36.97516251 -1.40720773
v 101.37802887 37.30625534 -1.40720773
v 101.61701965 37.61770630 -1.40720773
v 101.88223267 37.90714264 -1.40720773
v 102.17166901 38.17235947 -1.40720773
v 102.48311615 38.41134644 -1.40720773
v 102.81420898 38.62227631 -1.40720773
v 103.16242981 38.80354691 -1.40720773
v 103.52512360 38.95377731 -1.40720773
v 103.89952087 39.07182693 -1.40720773
v 104.28279877 39.15679932 -1.40720773
v 104.67201233 39.20803833 -1.40720773
v 105.06421661 39.22516251 -1.40720773
v 105.45641327 39.20803833 -1.40720773
v 105.84562683 39.15679932 -1.40720773
v 106.22889709 39.07182693 -1.40720773
v 106.60330200 38.95377731 -1.40720773
v 106.96599579 38.80354691 -1.40720773
v 107.31421661 38.62227631 -1.40720773
v 107.64530182 38.41134644 -1.40720773
v 107.95675659 38.17235947 -1.40720773
v 108.24619293 37.90714264 -1.40720773
v 108.51141357 37.61770630 -1.40720773
v 108.75039673 37.30625534 -1.40720773
v 108.96132660 36.97516251 -1.40720773
v 109.14259338 36.62694550 -1.40720773
v 109.29282379 36.26425171 -1.40720773
v 109.41088104 35.88985062 -1.40720773
v 109.49584961 35.50658035 -1.40720773
v 109.54708862 35.11736298 -1.40720773
v 109.56421661 34.72516251 -1.40720773
v 109.54708862 34.33296204 -1.40720773
v 109.49584961 33.94374466 -1.40720773
v 109.41088104 33.56047821 -1.40720773
v 109.29282379 33.18606949 -1.40720773
v 109.14259338 32.82337952 -1.40720773
v 108.96132660 32.47516251 -1.40720773
v 108.75039673 32.14406967 -1.40720773
v 108.51141357 31.83261681 -1.40720773
v 108.24619293 31.54318047 -1.40720773
v 107.95675659 31.27796173 -1.40720773
v 107.64530182 31.03897667 -1.40720773
v 107.31421661 30.82804680 -1.40720773
v 106.96599579 30.64677620 -1.40720773
v 106.60330200 30.49654579 -1.40720773
v 106.22889709 30.37849617 -1.40720773
v 105.84562683 30.29352760 -1.40720773
v 105.45641327 30.24228668 -1.40720773
v 105.06421661 30.22516060 -1.40720773
v 104.67201233 30.24228668 -1.40720773
v 104.28279877 30.29352760 -1.40720773
v 103.89952087 30.37849617 -1.40720773
v 103.52512360 30.49654579 -1.40720773
v 103.16242981 30.64677620 -1.40720773
v 102.81420898 30.82804680 -1.40720773
v 102.48311615 31.03897667 -1.40720773
v 102.17166901 31.27796173 -1.40720773
v 101.88223267 31.54318047 -1.40720773
v 101.61701965 31.83261681 -1.40720773
v 101.37802887 32.14406967 -1.40720773
v 101.16709900 32.47516251 -1.40720773
v 100.98582458 32.82337952 -1.40720773
v 100.83560181 33.18606949 -1.40720773
v 100.71754456 33.56047821 -1.40720773
v 100.63257599 33.94374466 -1.40720773
v 100.58132935 34.33296204 -1.40720773
v 104.46567535 36.36962509 -1.40720773
v 104.61127472 36.41553116 -1.40720773
v 104.32463074 36.31120300 -1.40720773
v 104.91168976 36.46850204 -1.40720773
v 105.06421661 36.47516251 -1.40720773
v 104.76033020 36.44857407 -1.40720773
v 104.06045532 36.15867615 -1.40720773
v 104.18920898 36.24070740 -1.40720773
v 103.93933105 36.06573868 -1.40720773
v 103.63069916 33.72140121 -1.40720773
v 103.54866791 33.85016251 -1.40720773
v 103.72364044 33.60028458 -1.40720773
v 106.49772644 35.72891998 -1.40720773
v 106.57975769 35.60016251 -1.40720773
v 106.40478516 35.85004044 -1.40720773
v 105.51715088 36.41553116 -1.40720773
v 105.66275024 36.36962509 -1.40720773
v 105.36810303 36.44857407 -1.40720773
v 105.21673584 36.46850204 -1.40720773
v 103.63069916 35.72891998 -1.40720773
v 103.54866791 35.60016251 -1.40720773
v 103.82677460 33.48772430 -1.40720773
v 104.06045532 33.29164505 -1.40720773
v 103.93933105 33.38458252 -1.40720773
v 104.18920898 33.20961761 -1.40720773
v 104.32463074 33.13912582 -1.40720773
v 104.46567535 33.08069992 -1.40720773
v 104.61127472 33.03479004 -1.40720773
v 104.76033020 33.00174713 -1.40720773
v 104.91168976 32.98181915 -1.40720773
v 105.06421661 32.97516251 -1.40720773
v 105.21673584 32.98181915 -1.40720773
v 105.36810303 33.00174713 -1.40720773
v 105.51715088 33.03479004 -1.40720773
v 105.66275024 33.08069992 -1.40720773
v 106.30165100 35.96260071 -1.40720773
v 106.06797028 36.15867615 -1.40720773
v 106.18908691 36.06573868 -1.40720773
v 105.93920898 36.24070740 -1.40720773
v 105.80379486 36.31120300 -1.40720773
v 103.72364044 35.85004044 -1.40720773
v 103.82677460 35.96260071 -1.40720773
v 106.18908691 33.38458252 -1.40720773
v 106.06797028 33.29164505 -1.40720773
v 106.30165100 33.48772430 -1.40720773
v 105.80379486 33.13912582 -1.40720773
v 105.93920898 33.20961761 -1.40720773
v 106.40478516 33.60028458 -1.40720773
v 106.49772644 33.72140121 -1.40720773
v 106.57975769 33.85016251 -1.40720773
v 106.70867920 35.32369995 -1.40720773
v 106.75458527 35.17809677 -1.40720773
v 106.65024567 35.46474457 -1.40720773
v 103.41975403 35.32369995 -1.40720773
v 103.47817230 35.46474457 -1.40720773
v 103.37384033 35.17809677 -1.40720773
v 103.34079742 35.02904510 -1.40720773
v 103.32087708 34.87768555 -1.40720773
v 103.31421661 34.72516251 -1.40720773
v 103.32087708 34.57263947 -1.40720773
v 103.41975403 34.12662888 -1.40720773
v 103.37384033 34.27222824 -1.40720773
v 103.47817230 33.98558044 -1.40720773
v 106.65024567 33.98558044 -1.40720773
v 106.70867920 34.12662888 -1.40720773
v 106.75458527 34.27222824 -1.40720773
v 106.78762817 35.02904510 -1.40720773
v 106.80754852 34.87768555 -1.40720773
v 103.34079742 34.42127609 -1.40720773
v 106.78762817 34.42127609 -1.40720773
v 106.80754852 34.57263947 -1.40720773
v 106.81421661 34.72516251 -1.40720773
v 103.32087708 34.57263947 -1.90720761
v 103.31421661 34.72516251 -1.90720761
v 103.34079742 34.42127609 -1.90720761
v 103.37384033 34.27222824 -1.90720761
v 103.41975403 34.12662888 -1.90720761
v 103.47817230 33.98558044 -1.90720761
v 103.54866791 33.85016251 -1.90720761
v 103.63069916 33.72140121 -1.90720761
v 103.72364044 33.60028458 -1.90720761
v 103.82677460 33.48772430 -1.90720761
v 103.93933105 33.38458252 -1.90720761
v 104.06045532 33.29164505 -1.90720761
v 104.18920898 33.20961761 -1.90720761
v 104.32463074 33.13912582 -1.90720761
v 104.46567535 33.08069992 -1.90720761
v 104.61127472 33.03479004 -1.90720761
v 104.76033020 33.00174713 -1.90720761
v 104.91168976 32.98181915 -1.90720761
v 105.06421661 32.97516251 -1.90720761
v 105.21673584 32.98181915 -1.90720761
v 105.36810303 33.00174713 -1.90720761
v 105.51715088 33.03479004 -1.90720761
v 105.66275024 33.08069992 -1.90720761
v 105.80379486 33.13912582 -1.90720761
v 105.93920898 33.20961761 -1.90720761
v 106.06797028 33.29164505 -1.90720761
v 106.18908691 33.38458252 -1.90720761
v 106.30165100 33.48772430 -1.90720761
v 106.40478516 33.60028458 -1.90720761
v 106.49772644 33.72140121 -1.90720761
v 106.57975769 33.85016251 -1.90720761
v 106.65024567 33.98558044 -1.90720761
v 106.70867920 34.12662888 -1.90720761
v 106.75458527 34.27222824 -1.90720761
v 106.78762817 34.42127609 -1.90720761
v 106.80754852 34.57263947 -1.90720761
v 106.81421661 34.72516251 -1.90720761
v 106.80754852 34.87768555 -1.90720761
v 106.78762817 35.02904510 -1.90720761
v 106.75458527 35.17809677 -1.90720761
v 106.70867920 35.32369995 -1.90720761
v 106.65024567 35.46474457 -1.90720761
v 106.57975769 35.60016251 -1.90720761
v 106.49772644 35.72891998 -1.90720761
v 106.40478516 35.85004044 -1.90720761
v 106.30165100 35.96260071 -1.90720761
v 106.18908691 36.06573868 -1.90720761
v 106.06797028 36.15867615 -1.90720761
v 105.93920898 36.24070740 -1.90720761
v 105.80379486 36.31120300 -1.90720761
v 105.66275024 36.36962509 -1.90720761
v 105.51715088 36.41553116 -1.90720761
v 105.36810303 36.44857407 -1.90720761
v 105.21673584 36.46850204 -1.90720761
v 105.06421661 36.47516251 -1.90720761
v 104.91168976 36.46850204 -1.90720761
v 104.76033020 36.44857407 -1.90720761
v 104.61127472 36.41553116 -1.90720761
v 104.46567535 36.36962509 -1.90720761
v 104.32463074 36.31120300 -1.90720761
v 104.18920898 36.24070740 -1.90720761
v 104.06045532 36.15867615 -1.90720761
v 103.93933105 36.06573868 -1.90720761
v 103.82677460 35.96260071 -1.90720761
v 103.72364044 35.85004044 -1.90720761
v 103.63069916 35.72891998 -1.90720761
v 103.54866791 35.60016251 -1.90720761
v 103.47817230 35.46474457 -1.90720761
v 103.41975403 35.32369995 -1.90720761
v 103.37384033 35.17809677 -1.90720761
v 103.34079742 35.02904510 -1.90720761
v 103.32087708 34.87768555 -1.90720761
v 104.51421356 33.77253723 -1.90720761
v 104.43327332 33.82409286 -1.90720761
v 104.59933472 33.72822189 -1.90720761
v 104.68798828 33.69149780 -1.90720761
v 104.77951050 33.66264343 -1.90720761
v 105.34891510 33.66264343 -1.90720761
v 105.25522614 33.64187622 -1.90720761
v 105.44043732 33.69149780 -1.90720761
v 105.61421204 33.77253723 -1.90720761
v 105.69514465 33.82409286 -1.90720761
v 105.77127838 33.88251495 -1.90720761
v 105.84203339 33.94734573 -1.90720761
v 105.96527863 34.09423065 -1.90720761
v 105.90686035 34.01809692 -1.90720761
v 106.01683807 34.17515945 -1.90720761
v 105.61421204 35.67779160 -1.90720761
v 105.69514465 35.62622833 -1.90720761
v 105.52909088 35.72209930 -1.90720761
v 105.34891510 35.78767776 -1.90720761
v 105.44043732 35.75882339 -1.90720761
v 105.25522614 35.80845261 -1.90720761
v 104.87319946 33.64187622 -1.90720761
v 105.16008759 33.62934494 -1.90720761
v 105.52909088 33.72822189 -1.90720761
v 106.06114960 34.26028061 -1.90720761
v 105.77127838 35.56781387 -1.90720761
v 105.84203339 35.50298309 -1.90720761
v 105.16008759 35.82097626 -1.90720761
v 104.77951050 35.78767776 -1.90720761
v 104.87319946 35.80845261 -1.90720761
v 104.68798828 35.75882339 -1.90720761
v 104.51421356 35.67779160 -1.90720761
v 104.43327332 35.62622833 -1.90720761
v 104.03054810 34.34893799 -1.90720761
v 104.00169373 34.44046021 -1.90720761
v 104.06727600 34.26028061 -1.90720761
v 104.35714722 33.88251495 -1.90720761
v 104.28639221 33.94734573 -1.90720761
v 104.96833801 33.62934494 -1.90720761
v 105.06421661 33.62516403 -1.90720761
v 106.09787750 35.10138321 -1.90720761
v 106.12673187 35.00986481 -1.90720761
v 106.06114960 35.19004059 -1.90720761
v 105.96527863 35.35609818 -1.90720761
v 106.01683807 35.27516174 -1.90720761
v 105.90686035 35.43222809 -1.90720761
v 105.06421661 35.82516479 -1.90720761
v 104.96833801 35.82097626 -1.90720761
v 104.59933472 35.72209930 -1.90720761
v 104.35714722 35.56781387 -1.90720761
v 104.28639221 35.50298309 -1.90720761
v 104.16314697 35.35609818 -1.90720761
v 104.22155762 35.43222809 -1.90720761
v 104.11157990 35.27516174 -1.90720761
v 104.11157990 34.17515945 -1.90720761
v 104.16314697 34.09423065 -1.90720761
v 104.22155762 34.01809692 -1.90720761
v 106.09787750 34.34893799 -1.90720761
v 106.12673187 34.44046021 -1.90720761
v 104.06727600 35.19004059 -1.90720761
v 104.03054810 35.10138321 -1.90720761
v 104.00169373 35.00986481 -1.90720761
v 103.98091888 34.53414917 -1.90720761
v 106.14749908 34.53414917 -1.90720761
v 103.98091888 34.91617203 -1.90720761
v 106.16002655 34.62928772 -1.90720761
v 106.16420746 34.72516251 -1.90720761
v 103.96839905 34.82103348 -1.90720761
v 103.96421051 34.72516251 -1.90720761
v 103.96839905 34.62928772 -1.90720761
v 106.14749908 34.91617203 -1.90720761
v 106.16002655 34.82103348 -1.90720761
v 106.16420746 34.72516251 -3.40720773
v 106.16002655 34.62928772 -3.40720773
v 106.14749908 34.53414917 -3.40720773
v 106.12673187 34.44046021 -3.40720773
v 106.09787750 34.34893799 -3.40720773
v 106.06114960 34.26028061 -3.40720773
v 106.01683807 34.17515945 -3.40720773
v 105.96527863 34.09423065 -3.40720773
v 105.90686035 34.01809692 -3.40720773
v 105.84203339 33.94734573 -3.40720773
v 105.77127838 33.88251495 -3.40720773
v 105.69514465 33.82409286 -3.40720773
v 105.61421204 33.77253723 -3.40720773
v 105.52909088 33.72822189 -3.40720773
v 105.44043732 33.69149780 -3.40720773
v 105.34891510 33.66264343 -3.40720773
v 105.25522614 33.64187622 -3.40720773
v 105.16008759 33.62934494 -3.40720773
v 105.06421661 33.62516403 -3.40720773
v 104.96833801 33.62934494 -3.40720773
v 104.87319946 33.64187622 -3.40720773
v 104.77951050 33.66264343 -3.40720773
v 104.68798828 33.69149780 -3.40720773
v 104.59933472 33.72822189 -3.40720773
v 104.51421356 33.77253723 -3.40720773
v 104.43327332 33.82409286 -3.40720773
v 104.35714722 33.88251495 -3.40720773
v 104.28639221 33.94734573 -3.40720773
v 104.22155762 34.01809692 -3.40720773
v 104.16314697 34.09423065 -3.40720773
v 104.11157990 34.17515945 -3.40720773
v 104.06727600 34.26028061 -3.40720773
v 104.03054810 34.34893799 -3.40720773
v 104.00169373 34.44046021 -3.40720773
v 103.98091888 34.53414917 -3.40720773
v 103.96839905 34.62928772 -3.40720773
v 103.96421051 34.72516251 -3.40720773
v 103.96839905 34.82103348 -3.40720773
v 103.98091888 34.91617203 -3.40720773
v 104.00169373 35.00986481 -3.40720773
v 104.03054810 35.10138321 -3.40720773
v 104.06727600 35.19004059 -3.40720773
v 104.11157990 35.27516174 -3.40720773
v 104.16314697 35.35609818 -3.40720773
v 104.22155762 35.43222809 -3.40720773
v 104.28639221 35.50298309 -3.40720773
v 104.35714722 35.56781387 -3.40720773
v 104.43327332 35.62622833 -3.40720773
v 104.51421356 35.67779160 -3.40720773
v 104.59933472 35.72209930 -3.40720773
v 104.68798828 35.75882339 -3.40720773
v 104.77951050 35.78767776 -3.40720773
v 104.87319946 35.80845261 -3.40720773
v 104.96833801 35.82097626 -3.40720773
v 105.06421661 35.82516479 -3.40720773
v 105.16008759 35.82097626 -3.40720773
v 105.25522614 35.80845261 -3.40720773
v 105.34891510 35.78767776 -3.40720773
v 105.44043732 35.75882339 -3.40720773
v 105.52909088 35.72209930 -3.40720773
v 105.61421204 35.67779160 -3.40720773
v 105.69514465 35.62622833 -3.40720773
v 105.77127838 35.56781387 -3.40720773
v 105.84203339 35.50298309 -3.40720773
v 105.90686035 35.43222809 -3.40720773
v 105.96527863 35.35609818 -3.40720773
v 106.01683807 35.27516174 -3.40720773
v 106.06114960 35.19004059 -3.40720773
v 106.09787750 35.10138321 -3.40720773
v 106.12673187 35.00986481 -3.40720773
v 106.14749908 34.91617203 -3.40720773
v 106.16002655 34.82103348 -3.40720773
v 101.36421204 -26.42483902 -1.40720773
v 101.38134003 -26.03263855 -1.40720773
v 101.43257904 -25.64342117 -1.40720773
v 101.51753998 -25.26015282 -1.40720773
v 101.63559723 -24.88574791 -1.40720773
v 101.78582001 -24.52305603 -1.40720773
v 101.96709442 -24.17483711 -1.40720773
v 102.17803192 -23.84374237 -1.40720773
v 102.41701508 -23.53229332 -1.40720773
v 102.68223572 -23.24285698 -1.40720773
v 102.97166443 -22.97763634 -1.40720773
v 103.28311920 -22.73865509 -1.40720773
v 103.61421204 -22.52772331 -1.40720773
v 103.96242523 -22.34645271 -1.40720773
v 104.32512665 -22.19622040 -1.40720773
v 104.69953156 -22.07817078 -1.40720773
v 105.08279419 -21.99320221 -1.40720773
v 105.47201538 -21.94196129 -1.40720773
v 105.86421204 -21.92483902 -1.40720773
v 106.25640869 -21.94196129 -1.40720773
v 106.64562988 -21.99320221 -1.40720773
v 107.02890015 -22.07817078 -1.40720773
v 107.40329742 -22.19622040 -1.40720773
v 107.76599121 -22.34645271 -1.40720773
v 108.11421204 -22.52772331 -1.40720773
v 108.44531250 -22.73865509 -1.40720773
v 108.75675964 -22.97763634 -1.40720773
v 109.04618835 -23.24285698 -1.40720773
v 109.31140900 -23.53229332 -1.40720773
v 109.55039215 -23.84374237 -1.40720773
v 109.76132965 -24.17483711 -1.40720773
v 109.94259644 -24.52305603 -1.40720773
v 110.09282684 -24.88574791 -1.40720773
v 110.21088409 -25.26015282 -1.40720773
v 110.29584503 -25.64342117 -1.40720773
v 110.31777191 -25.78003311 -1.40720773
v 110.34709167 -26.03263855 -1.40720773
v 110.36421204 -26.42483902 -1.40720773
v 110.34709167 -26.81703949 -1.40720773
v 110.29584503 -27.20625496 -1.40720773
v 110.21088409 -27.58952332 -1.40720773
v 110.09282684 -27.96392822 -1.40720773
v 109.94259644 -28.32662010 -1.40720773
v 109.76132965 -28.67483711 -1.40720773
v 109.55039215 -29.00593185 -1.40720773
v 109.31140900 -29.31738281 -1.40720773
v 109.04618835 -29.60681915 -1.40720773
v 108.75675964 -29.87203789 -1.40720773
v 108.44531250 -30.11102295 -1.40720773
v 108.11421204 -30.32195282 -1.40720773
v 107.76599121 -30.50322342 -1.40720773
v 107.40329742 -30.65345383 -1.40720773
v 107.02890015 -30.77150345 -1.40720773
v 106.64562988 -30.85647392 -1.40720773
v 106.25640869 -30.90771484 -1.40720773
v 105.86421204 -30.92483711 -1.40720773
v 105.47201538 -30.90771484 -1.40720773
v 105.08279419 -30.85647392 -1.40720773
v 104.69953156 -30.77150345 -1.40720773
v 104.32512665 -30.65345383 -1.40720773
v 103.96242523 -30.50322342 -1.40720773
v 103.61421204 -30.32195282 -1.40720773
v 103.28311920 -30.11102295 -1.40720773
v 102.97166443 -29.87203789 -1.40720773
v 102.68223572 -29.60681915 -1.40720773
v 102.41701508 -29.31738281 -1.40720773
v 102.17803192 -29.00593185 -1.40720773
v 101.96709442 -28.67483711 -1.40720773
v 101.78582001 -28.32662010 -1.40720773
v 101.63559723 -27.96392822 -1.40720773
v 101.51753998 -27.58952332 -1.40720773
v 101.43257904 -27.20625496 -1.40720773
v 101.38134003 -26.81703949 -1.40720773
v 105.41127777 -24.73446655 -1.40720773
v 105.56032562 -24.70142365 -1.40720773
v 105.26567841 -24.78037643 -1.40720773
v 107.29772949 -25.42107964 -1.40720773
v 107.37975311 -25.54983902 -1.40720773
v 107.20478821 -25.29995918 -1.40720773
v 106.86796570 -24.99132156 -1.40720773
v 106.98908997 -25.08426094 -1.40720773
v 106.73921204 -24.90929413 -1.40720773
v 106.31714630 -24.73446655 -1.40720773
v 106.46274567 -24.78037643 -1.40720773
v 106.16809845 -24.70142365 -1.40720773
v 105.12463379 -24.83880043 -1.40720773
v 104.43069458 -25.42107964 -1.40720773
v 104.34866333 -25.54983902 -1.40720773
v 106.31714630 -28.11520767 -1.40720773
v 106.16809845 -28.14825058 -1.40720773
v 106.46274567 -28.06929970 -1.40720773
v 107.58763123 -26.12095261 -1.40720773
v 107.60755157 -26.27231598 -1.40720773
v 107.55458832 -25.97190475 -1.40720773
v 107.57575989 -26.05999374 -1.40720773
v 107.10164642 -25.18740082 -1.40720773
v 106.60379028 -24.83880043 -1.40720773
v 104.98921204 -24.90929413 -1.40720773
v 104.86045837 -24.99132156 -1.40720773
v 104.73933411 -25.08426094 -1.40720773
v 104.52363586 -25.29995918 -1.40720773
v 104.62677765 -25.18740082 -1.40720773
v 104.43069458 -27.42859650 -1.40720773
v 104.34866333 -27.29983902 -1.40720773
v 104.52363586 -27.54971504 -1.40720773
v 105.41127777 -28.11520767 -1.40720773
v 105.26567841 -28.06929970 -1.40720773
v 105.56032562 -28.14825058 -1.40720773
v 106.60379028 -28.01087761 -1.40720773
v 107.29772949 -27.42859650 -1.40720773
v 107.37975311 -27.29983902 -1.40720773
v 104.62677765 -27.66227531 -1.40720773
v 104.73933411 -27.76541519 -1.40720773
v 104.86045837 -27.85835457 -1.40720773
v 104.98921204 -27.94038200 -1.40720773
v 105.12463379 -28.01087761 -1.40720773
v 106.73921204 -27.94038200 -1.40720773
v 106.86796570 -27.85835457 -1.40720773
v 106.98908997 -27.76541519 -1.40720773
v 107.20478821 -27.54971504 -1.40720773
v 107.10164642 -27.66227531 -1.40720773
v 107.50867462 -25.82630348 -1.40720773
v 106.01673126 -24.68149757 -1.40720773
v 105.86421204 -24.67483902 -1.40720773
v 105.71169281 -24.68149757 -1.40720773
v 107.45025635 -25.68525696 -1.40720773
v 105.71169281 -28.16817856 -1.40720773
v 105.86421204 -28.17483711 -1.40720773
v 106.01673126 -28.16817856 -1.40720773
v 104.21974945 -25.82630348 -1.40720773
v 104.27817535 -25.68525696 -1.40720773
v 104.17383575 -25.97190475 -1.40720773
v 104.14079285 -26.12095261 -1.40720773
v 104.12087250 -26.27231598 -1.40720773
v 104.11421204 -26.42483902 -1.40720773
v 104.12087250 -26.57736015 -1.40720773
v 104.14079285 -26.72872162 -1.40720773
v 104.17383575 -26.87776947 -1.40720773
v 104.21974945 -27.02337265 -1.40720773
v 104.27817535 -27.16441917 -1.40720773
v 107.50867462 -27.02337265 -1.40720773
v 107.45025635 -27.16441917 -1.40720773
v 107.55458832 -26.87776947 -1.40720773
v 107.58763123 -26.72872162 -1.40720773
v 107.60755157 -26.57736015 -1.40720773
v 107.61421204 -26.42483902 -1.40720773
v 104.12087250 -26.57736015 -1.90720761
v 104.11421204 -26.42483902 -1.90720761
v 104.14079285 -26.72872162 -1.90720761
v 104.17383575 -26.87776947 -1.90720761
v 104.21974945 -27.02337265 -1.90720761
v 104.27817535 -27.16441917 -1.90720761
v 104.34866333 -27.29983902 -1.90720761
v 104.43069458 -27.42859650 -1.90720761
v 104.52363586 -27.54971504 -1.90720761
v 104.62677765 -27.66227531 -1.90720761
v 104.73933411 -27.76541519 -1.90720761
v 104.86045837 -27.85835457 -1.90720761
v 104.98921204 -27.94038200 -1.90720761
v 105.12463379 -28.01087761 -1.90720761
v 105.26567841 -28.06929970 -1.90720761
v 105.41127777 -28.11520767 -1.90720761
v 105.56032562 -28.14825058 -1.90720761
v 105.71169281 -28.16817856 -1.90720761
v 105.86421204 -28.17483711 -1.90720761
v 106.01673126 -28.16817856 -1.90720761
v 106.16809845 -28.14825058 -1.90720761
v 106.31714630 -28.11520767 -1.90720761
v 106.46274567 -28.06929970 -1.90720761
v 106.60379028 -28.01087761 -1.90720761
v 106.73921204 -27.94038200 -1.90720761
v 106.86796570 -27.85835457 -1.90720761
v 106.98908997 -27.76541519 -1.90720761
v 107.10164642 -27.66227531 -1.90720761
v 107.20478821 -27.54971504 -1.90720761
v 107.29772949 -27.42859650 -1.90720761
v 107.37975311 -27.29983902 -1.90720761
v 107.45025635 -27.16441917 -1.90720761
v 107.50867462 -27.02337265 -1.90720761
v 107.55458832 -26.87776947 -1.90720761
v 107.58763123 -26.72872162 -1.90720761
v 107.60755157 -26.57736015 -1.90720761
v 107.61421204 -26.42483902 -1.90720761
v 107.60755157 -26.27231598 -1.90720761
v 107.58763123 -26.12095261 -1.90720761
v 107.55458832 -25.97190475 -1.90720761
v 107.57575989 -26.05999374 -1.90720761
v 107.50867462 -25.82630348 -1.90720761
v 107.45025635 -25.68525696 -1.90720761
v 107.37975311 -25.54983902 -1.90720761
v 107.29772949 -25.42107964 -1.90720761
v 107.20478821 -25.29995918 -1.90720761
v 107.10164642 -25.18740082 -1.90720761
v 106.98908997 -25.08426094 -1.90720761
v 106.86796570 -24.99132156 -1.90720761
v 106.73921204 -24.90929413 -1.90720761
v 106.60379028 -24.83880043 -1.90720761
v 106.46274567 -24.78037643 -1.90720761
v 106.31714630 -24.73446655 -1.90720761
v 106.16809845 -24.70142365 -1.90720761
v 106.01673126 -24.68149757 -1.90720761
v 105.86421204 -24.67483902 -1.90720761
v 105.71169281 -24.68149757 -1.90720761
v 105.56032562 -24.70142365 -1.90720761
v 105.41127777 -24.73446655 -1.90720761
v 105.26567841 -24.78037643 -1.90720761
v 105.12463379 -24.83880043 -1.90720761
v 104.98921204 -24.90929413 -1.90720761
v 104.86045837 -24.99132156 -1.90720761
v 104.73933411 -25.08426094 -1.90720761
v 104.62677765 -25.18740082 -1.90720761
v 104.52363586 -25.29995918 -1.90720761
v 104.43069458 -25.42107964 -1.90720761
v 104.34866333 -25.54983902 -1.90720761
v 104.27817535 -25.68525696 -1.90720761
v 104.21974945 -25.82630348 -1.90720761
v 104.17383575 -25.97190475 -1.90720761
v 104.14079285 -26.12095261 -1.90720761
v 104.12087250 -26.27231598 -1.90720761
v 106.57128143 -27.26748657 -1.90720761
v 106.49514771 -27.32590675 -1.90720761
v 106.64202881 -27.20265388 -1.90720761
v 106.70685577 -27.13190460 -1.90720761
v 106.76527405 -27.05577278 -1.90720761
v 106.81684113 -26.97483826 -1.90720761
v 106.41421509 -27.37746620 -1.90720761
v 106.32909393 -27.42177582 -1.90720761
v 105.15714264 -27.26748657 -1.90720761
v 105.08639526 -27.20265388 -1.90720761
v 105.23328400 -27.32590675 -1.90720761
v 105.48798370 -27.45849991 -1.90720761
v 105.39933014 -27.42177582 -1.90720761
v 105.57951355 -27.48735619 -1.90720761
v 105.76834106 -27.52065277 -1.90720761
v 105.67320251 -27.50812721 -1.90720761
v 105.86421204 -27.52483749 -1.90720761
v 105.96008301 -27.52065277 -1.90720761
v 106.05522156 -27.50812721 -1.90720761
v 106.14891052 -27.48735619 -1.90720761
v 106.24043274 -27.45849991 -1.90720761
v 106.57128143 -25.58218956 -1.90720761
v 106.64202881 -25.64702034 -1.90720761
v 106.49514771 -25.52377129 -1.90720761
v 105.15714264 -25.58218956 -1.90720761
v 105.23328400 -25.52377129 -1.90720761
v 105.08639526 -25.64702034 -1.90720761
v 104.96314240 -27.05577278 -1.90720761
v 104.91159058 -26.97483826 -1.90720761
v 105.02156830 -27.13190460 -1.90720761
v 105.31420898 -27.37746620 -1.90720761
v 106.86115265 -26.88971710 -1.90720761
v 106.76527405 -25.79390526 -1.90720761
v 106.81684113 -25.87483788 -1.90720761
v 106.70685577 -25.71777153 -1.90720761
v 106.41421509 -25.47220993 -1.90720761
v 106.32909393 -25.42789841 -1.90720761
v 105.02156830 -25.71777153 -1.90720761
v 104.96314240 -25.79390526 -1.90720761
v 104.91159058 -25.87483788 -1.90720761
v 104.86727142 -26.88971710 -1.90720761
v 106.86115265 -25.95995712 -1.90720761
v 106.14891052 -25.36231995 -1.90720761
v 106.24043274 -25.39117622 -1.90720761
v 106.05522156 -25.34155083 -1.90720761
v 105.31420898 -25.47220993 -1.90720761
v 105.39933014 -25.42789841 -1.90720761
v 105.96008301 -25.32902336 -1.90720761
v 105.86421204 -25.32483864 -1.90720761
v 105.76834106 -25.32902336 -1.90720761
v 105.67320251 -25.34155083 -1.90720761
v 105.57951355 -25.36231995 -1.90720761
v 105.48798370 -25.39117622 -1.90720761
v 104.83055115 -26.80105972 -1.90720761
v 104.80168915 -26.70953751 -1.90720761
v 104.86727142 -25.95995712 -1.90720761
v 106.89787292 -26.80105972 -1.90720761
v 106.92673492 -26.70953751 -1.90720761
v 104.83055115 -26.04861641 -1.90720761
v 104.80168915 -26.14013672 -1.90720761
v 104.78092957 -26.23382378 -1.90720761
v 104.76839447 -26.32896614 -1.90720761
v 104.76839447 -26.52070808 -1.90720761
v 104.76421356 -26.42483902 -1.90720761
v 104.78092957 -26.61585045 -1.90720761
v 106.89787292 -26.04861641 -1.90720761
v 106.92673492 -26.14013672 -1.90720761
v 106.94750214 -26.61585045 -1.90720761
v 106.96002960 -26.52070808 -1.90720761
v 106.94750214 -26.23382378 -1.90720761
v 106.96002960 -26.32896614 -1.90720761
v 106.96421814 -26.42483902 -1.90720761
v 106.96421814 -26.42483902 -3.40720773
v 106.96002960 -26.52070808 -3.40720773
v 106.94750214 -26.61585045 -3.40720773
v 106.92673492 -26.70953751 -3.40720773
v 106.89787292 -26.80105972 -3.40720773
v 106.86115265 -26.88971710 -3.40720773
v 106.81684113 -26.97483826 -3.40720773
v 106.76527405 -27.05577278 -3.40720773
v 106.70685577 -27.13190460 -3.40720773
v 106.64202881 -27.20265388 -3.40720773
v 106.57128143 -27.26748657 -3.40720773
v 106.49514771 -27.32590675 -3.40720773
v 106.41421509 -27.37746620 -3.40720773
v 106.32909393 -27.42177582 -3.40720773
v 106.24043274 -27.45849991 -3.40720773
v 106.14891052 -27.48735619 -3.40720773
v 106.05522156 -27.50812721 -3.40720773
v 105.96008301 -27.52065277 -3.40720773
v 105.86421204 -27.52483749 -3.40720773
v 105.76834106 -27.52065277 -3.40720773
v 105.67320251 -27.50812721 -3.40720773
v 105.57951355 -27.48735619 -3.40720773
v 105.48798370 -27.45849991 -3.40720773
v 105.39933014 -27.42177582 -3.40720773
v 105.31420898 -27.37746620 -3.40720773
v 105.23328400 -27.32590675 -3.40720773
v 105.15714264 -27.26748657 -3.40720773
v 105.08639526 -27.20265388 -3.40720773
v 105.02156830 -27.13190460 -3.40720773
v 104.96314240 -27.05577278 -3.40720773
v 104.91159058 -26.97483826 -3.40720773
v 104.86727142 -26.88971710 -3.40720773
v 104.83055115 -26.80105972 -3.40720773
v 104.80168915 -26.70953751 -3.40720773
v 104.78092957 -26.61585045 -3.40720773
v 104.76839447 -26.52070808 -3.40720773
v 104.76421356 -26.42483902 -3.40720773
v 104.76839447 -26.32896614 -3.40720773
v 104.78092957 -26.23382378 -3.40720773
v 104.80168915 -26.14013672 -3.40720773
v 104.83055115 -26.04861641 -3.40720773
v 104.86727142 -25.95995712 -3.40720773
v 104.91159058 -25.87483788 -3.40720773
v 104.96314240 -25.79390526 -3.40720773
v 105.02156830 -25.71777153 -3.40720773
v 105.08639526 -25.64702034 -3.40720773
v 105.15714264 -25.58218956 -3.40720773
v 105.23328400 -25.52377129 -3.40720773
v 105.31420898 -25.47220993 -3.40720773
v 105.39933014 -25.42789841 -3.40720773
v 105.48798370 -25.39117622 -3.40720773
v 105.57951355 -25.36231995 -3.40720773
v 105.67320251 -25.34155083 -3.40720773
v 105.76834106 -25.32902336 -3.40720773
v 105.86421204 -25.32483864 -3.40720773
v 105.96008301 -25.32902336 -3.40720773
v 106.05522156 -25.34155083 -3.40720773
v 106.14891052 -25.36231995 -3.40720773
v 106.24043274 -25.39117622 -3.40720773
v 106.32909393 -25.42789841 -3.40720773
v 106.41421509 -25.47220993 -3.40720773
v 106.49514771 -25.52377129 -3.40720773
v 106.57128143 -25.58218956 -3.40720773
v 106.64202881 -25.64702034 -3.40720773
v 106.70685577 -25.71777153 -3.40720773
v 106.76527405 -25.79390526 -3.40720773
v 106.81684113 -25.87483788 -3.40720773
v 106.86115265 -25.95995712 -3.40720773
v 106.89787292 -26.04861641 -3.40720773
v 106.92673492 -26.14013672 -3.40720773
v 106.94750214 -26.23382378 -3.40720773
v 106.96002960 -26.32896614 -3.40720773
v 23.66421127 -32.12483597 -1.40720773
v 23.68133736 -31.73263741 -1.40720773
v 23.73257828 -31.34342194 -1.40720773
v 23.81754684 -30.96015167 -1.40720773
v 23.93559647 -30.58574677 -1.40720773
v 24.08582687 -30.22305489 -1.40720773
v 24.26709747 -29.87483788 -1.40720773
v 24.47802734 -29.54374504 -1.40720773
v 24.71701241 -29.23229408 -1.40720773
v 24.98223305 -28.94285774 -1.40720773
v 25.27166939 -28.67763901 -1.40720773
v 25.58311844 -28.43865395 -1.40720773
v 25.91421318 -28.22772408 -1.40720773
v 26.26243019 -28.04645348 -1.40720773
v 26.62512016 -27.89622116 -1.40720773
v 26.99952698 -27.77817154 -1.40720773
v 27.38279533 -27.69320297 -1.40720773
v 27.77201080 -27.64196205 -1.40720773
v 28.16421127 -27.62483788 -1.40720773
v 28.55641365 -27.64196205 -1.40720773
v 28.94562912 -27.69320297 -1.40720773
v 29.32889748 -27.77817154 -1.40720773
v 29.70330238 -27.89622116 -1.40720773
v 30.06599426 -28.04645348 -1.40720773
v 30.41421318 -28.22772408 -1.40720773
v 30.74530792 -28.43865395 -1.40720773
v 31.05675697 -28.67763901 -1.40720773
v 31.34619522 -28.94285774 -1.40720773
v 31.61141205 -29.23229408 -1.40720773
v 31.85039711 -29.54374504 -1.40720773
v 32.06132889 -29.87483788 -1.40720773
v 32.24259567 -30.22305489 -1.40720773
v 32.39282990 -30.58574677 -1.40720773
v 32.51087952 -30.96015167 -1.40720773
v 32.59584808 -31.34342194 -1.40720773
v 32.64708710 -31.73263741 -1.40720773
v 32.66421509 -32.12483597 -1.40720773
v 32.64708710 -32.51703644 -1.40720773
v 32.59584808 -32.90625381 -1.40720773
v 32.51087952 -33.28952026 -1.40720773
v 32.39282990 -33.66392899 -1.40720773
v 32.24259567 -34.02661896 -1.40720773
v 32.06132889 -34.37483597 -1.40720773
v 31.85039711 -34.70593262 -1.40720773
v 31.61141205 -35.01738358 -1.40720773
v 31.34619522 -35.30681992 -1.40720773
v 31.05675697 -35.57203674 -1.40720773
v 30.74530792 -35.81102371 -1.40720773
v 30.41421318 -36.02194977 -1.40720773
v 30.06599426 -36.20322418 -1.40720773
v 29.70330238 -36.35345459 -1.40720773
v 29.32889748 -36.47150421 -1.40720773
v 28.94562912 -36.55647278 -1.40720773
v 28.55641365 -36.60771179 -1.40720773
v 28.16421127 -36.62483597 -1.40720773
v 27.77201080 -36.60771179 -1.40720773
v 27.38279533 -36.55647278 -1.40720773
v 26.99952698 -36.47150421 -1.40720773
v 26.62512016 -36.35345459 -1.40720773
v 26.26243019 -36.20322418 -1.40720773
v 25.91421318 -36.02194977 -1.40720773
v 25.58311844 -35.81102371 -1.40720773
v 25.27166939 -35.57203674 -1.40720773
v 24.98223305 -35.30681992 -1.40720773
v 24.71701241 -35.01738358 -1.40720773
v 24.47802734 -34.70593262 -1.40720773
v 24.26709747 -34.37483597 -1.40720773
v 24.08582687 -34.02661896 -1.40720773
v 23.93559647 -33.66392899 -1.40720773
v 23.81754684 -33.28952026 -1.40720773
v 23.73257828 -32.90625381 -1.40720773
v 23.68133736 -32.51703644 -1.40720773
v 29.80867386 -31.52630043 -1.40720773
v 29.85458183 -31.67190361 -1.40720773
v 29.75024986 -31.38525391 -1.40720773
v 29.50479126 -30.99995995 -1.40720773
v 29.59772873 -31.12107849 -1.40720773
v 29.40164948 -30.88740158 -1.40720773
v 28.90379333 -30.53879929 -1.40720773
v 29.03921127 -30.60929298 -1.40720773
v 28.76274872 -30.48037529 -1.40720773
v 28.31673431 -30.38149643 -1.40720773
v 28.46809578 -30.40142441 -1.40720773
v 28.16421127 -30.37483788 -1.40720773
v 28.01168823 -30.38149643 -1.40720773
v 27.86032867 -30.40142441 -1.40720773
v 27.42462921 -30.53879929 -1.40720773
v 27.56567764 -30.48037529 -1.40720773
v 27.28921127 -30.60929298 -1.40720773
v 26.82363510 -30.99995995 -1.40720773
v 26.73069572 -31.12107849 -1.40720773
v 26.47384262 -31.67190361 -1.40720773
v 26.51975060 -31.52630043 -1.40720773
v 26.44079971 -31.82095337 -1.40720773
v 29.28909111 -33.46541595 -1.40720773
v 29.16797066 -33.55835342 -1.40720773
v 29.40164948 -33.36227417 -1.40720773
v 29.85458183 -32.57777023 -1.40720773
v 29.80867386 -32.72337341 -1.40720773
v 29.88762665 -32.42872238 -1.40720773
v 29.88762665 -31.82095337 -1.40720773
v 29.67975616 -31.24983788 -1.40720773
v 29.28909111 -30.78425980 -1.40720773
v 29.16797066 -30.69132233 -1.40720773
v 28.61714554 -30.43446732 -1.40720773
v 27.71127892 -30.43446732 -1.40720773
v 27.16045380 -30.69132233 -1.40720773
v 27.03933334 -30.78425980 -1.40720773
v 26.92677689 -30.88740158 -1.40720773
v 26.64866829 -31.24983788 -1.40720773
v 26.57817268 -31.38525391 -1.40720773
v 26.51975060 -32.72337341 -1.40720773
v 26.47384262 -32.57777023 -1.40720773
v 26.57817268 -32.86441803 -1.40720773
v 26.73069572 -33.12859726 -1.40720773
v 26.64866829 -32.99983978 -1.40720773
v 26.82363510 -33.24971771 -1.40720773
v 28.76274872 -33.76929855 -1.40720773
v 28.61714554 -33.81520844 -1.40720773
v 28.90379333 -33.71087646 -1.40720773
v 29.03921127 -33.64038086 -1.40720773
v 29.50479126 -33.24971771 -1.40720773
v 29.59772873 -33.12859726 -1.40720773
v 29.67975616 -32.99983978 -1.40720773
v 29.75024986 -32.86441803 -1.40720773
v 29.90755272 -31.97231483 -1.40720773
v 29.91421318 -32.12483597 -1.40720773
v 26.42087173 -31.97231483 -1.40720773
v 26.41421127 -32.12483597 -1.40720773
v 26.44079971 -32.42872238 -1.40720773
v 28.46809578 -33.84825134 -1.40720773
v 26.92677689 -33.36227417 -1.40720773
v 27.03933334 -33.46541595 -1.40720773
v 27.56567764 -33.76929855 -1.40720773
v 27.42462921 -33.71087646 -1.40720773
v 27.71127892 -33.81520844 -1.40720773
v 26.42087173 -32.27735901 -1.40720773
v 27.28921127 -33.64038086 -1.40720773
v 28.31673431 -33.86817932 -1.40720773
v 28.16421127 -33.87483978 -1.40720773
v 27.86032867 -33.84825134 -1.40720773
v 28.01168823 -33.86817932 -1.40720773
v 29.90755272 -32.27735901 -1.40720773
v 27.16045380 -33.55835342 -1.40720773
v 26.42087173 -32.27735901 -1.90720761
v 26.41421127 -32.12483597 -1.90720761
v 26.44079971 -32.42872238 -1.90720761
v 26.47384262 -32.57777023 -1.90720761
v 26.51975060 -32.72337341 -1.90720761
v 26.57817268 -32.86441803 -1.90720761
v 26.64866829 -32.99983978 -1.90720761
v 26.73069572 -33.12859726 -1.90720761
v 26.82363510 -33.24971771 -1.90720761
v 26.92677689 -33.36227417 -1.90720761
v 27.03933334 -33.46541595 -1.90720761
v 27.16045380 -33.55835342 -1.90720761
v 27.28921127 -33.64038086 -1.90720761
v 27.42462921 -33.71087646 -1.90720761
v 27.56567764 -33.76929855 -1.90720761
v 27.71127892 -33.81520844 -1.90720761
v 27.86032867 -33.84825134 -1.90720761
v 28.01168823 -33.86817932 -1.90720761
v 28.16421127 -33.87483978 -1.90720761
v 28.31673431 -33.86817932 -1.90720761
v 28.46809578 -33.84825134 -1.90720761
v 28.61714554 -33.81520844 -1.90720761
v 28.76274872 -33.76929855 -1.90720761
v 28.90379333 -33.71087646 -1.90720761
v 29.03921127 -33.64038086 -1.90720761
v 29.16797066 -33.55835342 -1.90720761
v 29.28909111 -33.46541595 -1.90720761
v 29.40164948 -33.36227417 -1.90720761
v 29.50479126 -33.24971771 -1.90720761
v 29.59772873 -33.12859726 -1.90720761
v 29.67975616 -32.99983978 -1.90720761
v 29.75024986 -32.86441803 -1.90720761
v 29.80867386 -32.72337341 -1.90720761
v 29.85458183 -32.57777023 -1.90720761
v 29.88762665 -32.42872238 -1.90720761
v 29.90755272 -32.27735901 -1.90720761
v 29.91421318 -32.12483597 -1.90720761
v 29.90755272 -31.97231483 -1.90720761
v 29.88762665 -31.82095337 -1.90720761
v 29.85458183 -31.67190361 -1.90720761
v 29.80867386 -31.52630043 -1.90720761
v 29.75024986 -31.38525391 -1.90720761
v 29.67975616 -31.24983788 -1.90720761
v 29.59772873 -31.12107849 -1.90720761
v 29.50479126 -30.99995995 -1.90720761
v 29.40164948 -30.88740158 -1.90720761
v 29.28909111 -30.78425980 -1.90720761
v 29.16797066 -30.69132233 -1.90720761
v 29.03921127 -30.60929298 -1.90720761
v 28.90379333 -30.53879929 -1.90720761
v 28.76274872 -30.48037529 -1.90720761
v 28.61714554 -30.43446732 -1.90720761
v 28.46809578 -30.40142441 -1.90720761
v 28.31673431 -30.38149643 -1.90720761
v 28.16421127 -30.37483788 -1.90720761
v 28.01168823 -30.38149643 -1.90720761
v 27.86032867 -30.40142441 -1.90720761
v 27.71127892 -30.43446732 -1.90720761
v 27.56567764 -30.48037529 -1.90720761
v 27.42462921 -30.53879929 -1.90720761
v 27.28921127 -30.60929298 -1.90720761
v 27.16045380 -30.69132233 -1.90720761
v 27.03933334 -30.78425980 -1.90720761
v 26.92677689 -30.88740158 -1.90720761
v 26.82363510 -30.99995995 -1.90720761
v 26.73069572 -31.12107849 -1.90720761
v 26.64866829 -31.24983788 -1.90720761
v 26.57817268 -31.38525391 -1.90720761
v 26.51975060 -31.52630043 -1.90720761
v 26.47384262 -31.67190361 -1.90720761
v 26.44079971 -31.82095337 -1.90720761
v 26.42087173 -31.97231483 -1.90720761
v 27.87951279 -31.06232071 -1.90720761
v 27.97319984 -31.04154968 -1.90720761
v 27.78799057 -31.09117508 -1.90720761
v 27.69933319 -31.12789917 -1.90720761
v 29.16115189 -31.65995789 -1.90720761
v 29.19787407 -31.74861526 -1.90720761
v 29.11684036 -31.57483864 -1.90720761
v 29.06527901 -31.49390221 -1.90720761
v 29.00686073 -31.41777229 -1.90720761
v 28.44891357 -31.06232071 -1.90720761
v 28.54043388 -31.09117508 -1.90720761
v 28.35522652 -31.04154968 -1.90720761
v 27.61421204 -31.17221069 -1.90720761
v 29.22673225 -31.84013748 -1.90720761
v 28.94202995 -31.34702110 -1.90720761
v 28.71421242 -31.17221069 -1.90720761
v 28.79514694 -31.22377014 -1.90720761
v 28.62909317 -31.12789917 -1.90720761
v 28.26008415 -31.02902412 -1.90720761
v 28.16421127 -31.02483749 -1.90720761
v 28.06834221 -31.02902412 -1.90720761
v 27.53327751 -31.22377014 -1.90720761
v 27.45714569 -31.28219032 -1.90720761
v 27.38639450 -31.34702110 -1.90720761
v 27.13055038 -31.74861526 -1.90720761
v 27.16727448 -31.65995789 -1.90720761
v 27.10169411 -31.84013748 -1.90720761
v 27.26314545 -32.75577164 -1.90720761
v 27.32156372 -32.83190536 -1.90720761
v 28.79514694 -33.02590561 -1.90720761
v 28.71421242 -33.07746887 -1.90720761
v 28.87127876 -32.96748734 -1.90720761
v 29.11684036 -32.67483902 -1.90720761
v 29.06527901 -32.75577164 -1.90720761
v 29.16115189 -32.58971786 -1.90720761
v 28.87127876 -31.28219032 -1.90720761
v 27.08092308 -31.93382454 -1.90720761
v 27.06839943 -32.02896500 -1.90720761
v 27.06421089 -32.12483597 -1.90720761
v 27.16727448 -32.58971786 -1.90720761
v 27.21158409 -32.67483902 -1.90720761
v 27.38639450 -32.90265274 -1.90720761
v 27.61421204 -33.07746887 -1.90720761
v 27.69933319 -33.12177658 -1.90720761
v 27.87951279 -33.18735504 -1.90720761
v 27.78799057 -33.15850067 -1.90720761
v 27.97319984 -33.20812988 -1.90720761
v 28.44891357 -33.18735504 -1.90720761
v 28.35522652 -33.20812988 -1.90720761
v 28.54043388 -33.15850067 -1.90720761
v 28.62909317 -33.12177658 -1.90720761
v 29.00686073 -32.83190536 -1.90720761
v 29.26002693 -32.02896500 -1.90720761
v 29.26421165 -32.12483597 -1.90720761
v 29.24750137 -31.93382454 -1.90720761
v 27.21158409 -31.57483864 -1.90720761
v 27.26314545 -31.49390221 -1.90720761
v 27.06839943 -32.22071075 -1.90720761
v 27.08092308 -32.31584930 -1.90720761
v 27.10169411 -32.40953827 -1.90720761
v 27.13055038 -32.50106049 -1.90720761
v 28.06834221 -33.22065353 -1.90720761
v 28.26008415 -33.22065353 -1.90720761
v 28.94202995 -32.90265274 -1.90720761
v 29.19787407 -32.50106049 -1.90720761
v 29.22673225 -32.40953827 -1.90720761
v 27.32156372 -31.41777229 -1.90720761
v 27.45714569 -32.96748734 -1.90720761
v 27.53327751 -33.02590561 -1.90720761
v 29.24750137 -32.31584930 -1.90720761
v 29.26002693 -32.22071075 -1.90720761
v 28.16421127 -33.22483444 -1.90720761
v 29.26421165 -32.12483597 -3.40720773
v 29.26002693 -32.22071075 -3.40720773
v 29.24750137 -32.31584930 -3.40720773
v 29.22673225 -32.40953827 -3.40720773
v 29.19787407 -32.50106049 -3.40720773
v 29.16115189 -32.58971786 -3.40720773
v 29.11684036 -32.67483902 -3.40720773
v 29.06527901 -32.75577164 -3.40720773
v 29.00686073 -32.83190536 -3.40720773
v 28.94202995 -32.90265274 -3.40720773
v 28.87127876 -32.96748734 -3.40720773
v 28.79514694 -33.02590561 -3.40720773
v 28.71421242 -33.07746887 -3.40720773
v 28.62909317 -33.12177658 -3.40720773
v 28.54043388 -33.15850067 -3.40720773
v 28.44891357 -33.18735504 -3.40720773
v 28.35522652 -33.20812988 -3.40720773
v 28.26008415 -33.22065353 -3.40720773
v 28.16421127 -33.22483444 -3.40720773
v 28.06834221 -33.22065353 -3.40720773
v 27.97319984 -33.20812988 -3.40720773
v 27.87951279 -33.18735504 -3.40720773
v 27.78799057 -33.15850067 -3.40720773
v 27.69933319 -33.12177658 -3.40720773
v 27.61421204 -33.07746887 -3.40720773
v 27.53327751 -33.02590561 -3.40720773
v 27.45714569 -32.96748734 -3.40720773
v 27.38639450 -32.90265274 -3.40720773
v 27.32156372 -32.83190536 -3.40720773
v 27.26314545 -32.75577164 -3.40720773
v 27.21158409 -32.67483902 -3.40720773
v 27.16727448 -32.58971786 -3.40720773
v 27.13055038 -32.50106049 -3.40720773
v 27.10169411 -32.40953827 -3.40720773
v 27.08092308 -32.31584930 -3.40720773
v 27.06839943 -32.22071075 -3.40720773
v 27.06421089 -32.12483597 -3.40720773
v 27.06839943 -32.02896500 -3.40720773
v 27.08092308 -31.93382454 -3.40720773
v 27.10169411 -31.84013748 -3.40720773
v 27.13055038 -31.74861526 -3.40720773
v 27.16727448 -31.65995789 -3.40720773
v 27.21158409 -31.57483864 -3.40720773
v 27.26314545 -31.49390221 -3.40720773
v 27.32156372 -31.41777229 -3.40720773
v 27.38639450 -31.34702110 -3.40720773
v 27.45714569 -31.28219032 -3.40720773
v 27.53327751 -31.22377014 -3.40720773
v 27.61421204 -31.17221069 -3.40720773
v 27.69933319 -31.12789917 -3.40720773
v 27.78799057 -31.09117508 -3.40720773
v 27.87951279 -31.06232071 -3.40720773
v 27.97319984 -31.04154968 -3.40720773
v 28.06834221 -31.02902412 -3.40720773
v 28.16421127 -31.02483749 -3.40720773
v 28.26008415 -31.02902412 -3.40720773
v 28.35522652 -31.04154968 -3.40720773
v 28.44891357 -31.06232071 -3.40720773
v 28.54043388 -31.09117508 -3.40720773
v 28.62909317 -31.12789917 -3.40720773
v 28.71421242 -31.17221069 -3.40720773
v 28.79514694 -31.22377014 -3.40720773
v 28.87127876 -31.28219032 -3.40720773
v 28.94202995 -31.34702110 -3.40720773
v 29.00686073 -31.41777229 -3.40720773
v 29.06527901 -31.49390221 -3.40720773
v 29.11684036 -31.57483864 -3.40720773
v 29.16115189 -31.65995789 -3.40720773
v 29.19787407 -31.74861526 -3.40720773
v 29.22673225 -31.84013748 -3.40720773
v 29.24750137 -31.93382454 -3.40720773
v 29.26002693 -32.02896500 -3.40720773
v 24.71421242 27.42516327 -1.40720773
v 24.73133659 27.81736374 -1.40720773
v 24.78257751 28.20657921 -1.40720773
v 24.86754608 28.58984756 -1.40720773
v 24.98559570 28.96425247 -1.40720773
v 25.13582802 29.32694435 -1.40720773
v 25.31709862 29.67516136 -1.40720773
v 25.52802849 30.00625610 -1.40720773
v 25.76701164 30.31770706 -1.40720773
v 26.03223228 30.60714340 -1.40720773
v 26.32166862 30.87236214 -1.40720773
v 26.63311958 31.11134720 -1.40720773
v 26.96421242 31.32227898 -1.40720773
v 27.31242943 31.50354767 -1.40720773
v 27.67512131 31.65377998 -1.40720773
v 28.04952621 31.77182770 -1.40720773
v 28.43279648 31.85679817 -1.40720773
v 28.82201195 31.90803909 -1.40720773
v 29.21421242 31.92516136 -1.40720773
v 29.60641289 31.90803909 -1.40720773
v 29.99563026 31.85679817 -1.40720773
v 30.37889862 31.77182770 -1.40720773
v 30.75330353 31.65377998 -1.40720773
v 31.11599350 31.50354767 -1.40720773
v 31.46421242 31.32227898 -1.40720773
v 31.79530716 31.11134720 -1.40720773
v 32.10675812 30.87236214 -1.40720773
v 32.39619446 30.60714340 -1.40720773
v 32.66141129 30.31770706 -1.40720773
v 32.90039825 30.00625610 -1.40720773
v 33.11132813 29.67516136 -1.40720773
v 33.29259872 29.32694435 -1.40720773
v 33.44282913 28.96425247 -1.40720773
v 33.56087875 28.58984756 -1.40720773
v 33.64584732 28.20657921 -1.40720773
v 33.69708633 27.81736374 -1.40720773
v 33.71421432 27.42516327 -1.40720773
v 33.69708633 27.03296280 -1.40720773
v 33.64584732 26.64374542 -1.40720773
v 33.56087875 26.26047707 -1.40720773
v 33.44282913 25.88607216 -1.40720773
v 33.29259872 25.52338028 -1.40720773
v 33.11132813 25.17516136 -1.40720773
v 32.90039825 24.84406853 -1.40720773
v 32.66141129 24.53261757 -1.40720773
v 32.39619446 24.24318123 -1.40720773
v 32.10675812 23.97796059 -1.40720773
v 31.79530716 23.73897934 -1.40720773
v 31.46421242 23.52804947 -1.40720773
v 31.11599350 23.34677887 -1.40720773
v 30.75330353 23.19654465 -1.40720773
v 30.37889862 23.07849503 -1.40720773
v 29.99563026 22.99352646 -1.40720773
v 29.60641289 22.94228554 -1.40720773
v 29.21421242 22.92516327 -1.40720773
v 28.82201195 22.94228554 -1.40720773
v 28.43279648 22.99352646 -1.40720773
v 28.04952621 23.07849503 -1.40720773
v 27.67512131 23.19654465 -1.40720773
v 27.31242943 23.34677887 -1.40720773
v 26.96421242 23.52804947 -1.40720773
v 26.63311958 23.73897934 -1.40720773
v 26.32166862 23.97796059 -1.40720773
v 26.03223228 24.24318123 -1.40720773
v 25.76701164 24.53261757 -1.40720773
v 25.52802849 24.84406853 -1.40720773
v 25.31709862 25.17516136 -1.40720773
v 25.13582802 25.52338028 -1.40720773
v 24.98559570 25.88607216 -1.40720773
v 24.86754608 26.26047707 -1.40720773
v 24.78257751 26.64374542 -1.40720773
v 24.73133659 27.03296280 -1.40720773
v 29.95379448 29.01120186 -1.40720773
v 30.08921242 28.94070816 -1.40720773
v 29.81274796 29.06962395 -1.40720773
v 28.47463036 29.01120186 -1.40720773
v 28.61567688 29.06962395 -1.40720773
v 28.33921242 28.94070816 -1.40720773
v 30.21797180 28.85867882 -1.40720773
v 29.06168938 29.16850281 -1.40720773
v 29.21421242 29.17516327 -1.40720773
v 28.91032791 29.14857483 -1.40720773
v 28.21045303 28.85867882 -1.40720773
v 27.97677612 26.18772507 -1.40720773
v 27.87363434 26.30028343 -1.40720773
v 28.08933258 26.08458519 -1.40720773
v 30.80025101 26.68558121 -1.40720773
v 30.72975731 26.55016327 -1.40720773
v 30.85867500 26.82662773 -1.40720773
v 30.80025101 28.16474533 -1.40720773
v 30.85867500 28.02369690 -1.40720773
v 30.72975731 28.30016327 -1.40720773
v 30.33909035 28.76573944 -1.40720773
v 29.66714668 29.11553192 -1.40720773
v 28.76127815 29.11553192 -1.40720773
v 28.08933258 28.76573944 -1.40720773
v 27.97677612 28.66259956 -1.40720773
v 27.87363434 28.55003929 -1.40720773
v 27.78069687 28.42892075 -1.40720773
v 27.62817383 28.16474533 -1.40720773
v 27.69866753 28.30016327 -1.40720773
v 27.56974983 28.02369690 -1.40720773
v 27.78069687 26.42140388 -1.40720773
v 27.69866753 26.55016327 -1.40720773
v 28.21045303 25.99164581 -1.40720773
v 30.64772797 26.42140388 -1.40720773
v 30.55479050 26.30028343 -1.40720773
v 30.90458107 26.97222900 -1.40720773
v 30.95755386 27.27264023 -1.40720773
v 30.93762589 27.12127686 -1.40720773
v 30.96421242 27.42516327 -1.40720773
v 30.90458107 27.87809563 -1.40720773
v 30.93762589 27.72904587 -1.40720773
v 30.64772797 28.42892075 -1.40720773
v 30.55479050 28.55003929 -1.40720773
v 30.45165062 28.66259956 -1.40720773
v 29.36673546 29.16850281 -1.40720773
v 29.51809692 29.14857483 -1.40720773
v 27.52384186 27.87809563 -1.40720773
v 27.49079895 27.72904587 -1.40720773
v 27.62817383 26.68558121 -1.40720773
v 27.56974983 26.82662773 -1.40720773
v 28.33921242 25.90961838 -1.40720773
v 28.47463036 25.83912468 -1.40720773
v 28.61567688 25.78070068 -1.40720773
v 28.76127815 25.73479080 -1.40720773
v 29.06168938 25.68182182 -1.40720773
v 28.91032791 25.70174789 -1.40720773
v 29.21421242 25.67516327 -1.40720773
v 30.21797180 25.99164581 -1.40720773
v 30.08921242 25.90961838 -1.40720773
v 30.33909035 26.08458519 -1.40720773
v 30.45165062 26.18772507 -1.40720773
v 30.95755386 27.57768440 -1.40720773
v 27.52384186 26.97222900 -1.40720773
v 27.49079895 27.12127686 -1.40720773
v 27.47087097 27.57768440 -1.40720773
v 27.46421242 27.42516327 -1.40720773
v 29.95379448 25.83912468 -1.40720773
v 29.81274796 25.78070068 -1.40720773
v 27.47087097 27.27264023 -1.40720773
v 29.66714668 25.73479080 -1.40720773
v 29.51809692 25.70174789 -1.40720773
v 29.36673546 25.68182182 -1.40720773
v 27.47087097 27.27264023 -1.90720761
v 27.46421242 27.42516327 -1.90720761
v 27.49079895 27.12127686 -1.90720761
v 27.52384186 26.97222900 -1.90720761
v 27.56974983 26.82662773 -1.90720761
v 27.62817383 26.68558121 -1.90720761
v 27.69866753 26.55016327 -1.90720761
v 27.78069687 26.42140388 -1.90720761
v 27.87363434 26.30028343 -1.90720761
v 27.97677612 26.18772507 -1.90720761
v 28.08933258 26.08458519 -1.90720761
v 28.21045303 25.99164581 -1.90720761
v 28.33921242 25.90961838 -1.90720761
v 28.47463036 25.83912468 -1.90720761
v 28.61567688 25.78070068 -1.90720761
v 28.76127815 25.73479080 -1.90720761
v 28.91032791 25.70174789 -1.90720761
v 29.06168938 25.68182182 -1.90720761
v 29.21421242 25.67516327 -1.90720761
v 29.36673546 25.68182182 -1.90720761
v 29.51809692 25.70174789 -1.90720761
v 29.66714668 25.73479080 -1.90720761
v 29.81274796 25.78070068 -1.90720761
v 29.95379448 25.83912468 -1.90720761
v 30.08921242 25.90961838 -1.90720761
v 30.21797180 25.99164581 -1.90720761
v 30.33909035 26.08458519 -1.90720761
v 30.45165062 26.18772507 -1.90720761
v 30.55479050 26.30028343 -1.90720761
v 30.64772797 26.42140388 -1.90720761
v 30.72975731 26.55016327 -1.90720761
v 30.80025101 26.68558121 -1.90720761
v 30.85867500 26.82662773 -1.90720761
v 30.90458107 26.97222900 -1.90720761
v 30.93762589 27.12127686 -1.90720761
v 30.95755386 27.27264023 -1.90720761
v 30.96421242 27.42516327 -1.90720761
v 30.95755386 27.57768440 -1.90720761
v 30.93762589 27.72904587 -1.90720761
v 30.90458107 27.87809563 -1.90720761
v 30.85867500 28.02369690 -1.90720761
v 30.80025101 28.16474533 -1.90720761
v 30.72975731 28.30016327 -1.90720761
v 30.64772797 28.42892075 -1.90720761
v 30.55479050 28.55003929 -1.90720761
v 30.45165062 28.66259956 -1.90720761
v 30.33909035 28.76573944 -1.90720761
v 30.21797180 28.85867882 -1.90720761
v 30.08921242 28.94070816 -1.90720761
v 29.95379448 29.01120186 -1.90720761
v 29.81274796 29.06962395 -1.90720761
v 29.66714668 29.11553192 -1.90720761
v 29.51809692 29.14857483 -1.90720761
v 29.36673546 29.16850281 -1.90720761
v 29.21421242 29.17516327 -1.90720761
v 29.06168938 29.16850281 -1.90720761
v 28.91032791 29.14857483 -1.90720761
v 28.76127815 29.11553192 -1.90720761
v 28.61567688 29.06962395 -1.90720761
v 28.47463036 29.01120186 -1.90720761
v 28.33921242 28.94070816 -1.90720761
v 28.21045303 28.85867882 -1.90720761
v 28.08933258 28.76573944 -1.90720761
v 27.97677612 28.66259956 -1.90720761
v 27.87363434 28.55003929 -1.90720761
v 27.78069687 28.42892075 -1.90720761
v 27.69866753 28.30016327 -1.90720761
v 27.62817383 28.16474533 -1.90720761
v 27.56974983 28.02369690 -1.90720761
v 27.52384186 27.87809563 -1.90720761
v 27.49079895 27.72904587 -1.90720761
v 27.47087097 27.57768440 -1.90720761
v 29.49891472 26.36264420 -1.90720761
v 29.40522575 26.34187508 -1.90720761
v 29.59043503 26.39150047 -1.90720761
v 30.27673149 27.70986366 -1.90720761
v 30.29750061 27.61617470 -1.90720761
v 30.24787521 27.80138588 -1.90720761
v 28.15169525 27.14046097 -1.90720761
v 28.13092422 27.23414993 -1.90720761
v 28.18055153 27.04894066 -1.90720761
v 29.67909241 26.42822456 -1.90720761
v 29.84514618 26.52409554 -1.90720761
v 29.76421356 26.47253418 -1.90720761
v 29.92127800 26.58251381 -1.90720761
v 30.21115112 27.89004135 -1.90720761
v 28.92951202 28.48768044 -1.90720761
v 29.02320099 28.50845146 -1.90720761
v 28.83798981 28.45882416 -1.90720761
v 28.21727562 26.96028137 -1.90720761
v 29.99202919 26.64734459 -1.90720761
v 30.16683960 27.97516251 -1.90720761
v 30.11528015 28.05609703 -1.90720761
v 30.05686188 28.13222885 -1.90720761
v 28.74933243 28.42210007 -1.90720761
v 28.11839867 27.52103233 -1.90720761
v 28.13092422 27.61617470 -1.90720761
v 28.11421204 27.42516327 -1.90720761
v 28.11839867 27.32929039 -1.90720761
v 28.26158524 26.87516212 -1.90720761
v 28.31314468 26.79422951 -1.90720761
v 28.37156296 26.71809578 -1.90720761
v 28.58327866 26.52409554 -1.90720761
v 28.50714684 26.58251381 -1.90720761
v 28.66421318 26.47253418 -1.90720761
v 28.92951202 26.36264420 -1.90720761
v 28.83798981 26.39150047 -1.90720761
v 29.02320099 26.34187508 -1.90720761
v 29.11833954 26.32934761 -1.90720761
v 29.21421242 26.32516289 -1.90720761
v 29.31008339 26.32934761 -1.90720761
v 30.05686188 26.71809578 -1.90720761
v 30.11528015 26.79422951 -1.90720761
v 30.31002808 27.52103233 -1.90720761
v 30.31421280 27.42516327 -1.90720761
v 29.76421356 28.37779045 -1.90720761
v 29.84514618 28.32623100 -1.90720761
v 29.67909241 28.42210007 -1.90720761
v 29.49891472 28.48768044 -1.90720761
v 29.59043503 28.45882416 -1.90720761
v 29.40522575 28.50845146 -1.90720761
v 29.31008339 28.52097702 -1.90720761
v 29.21421242 28.52516174 -1.90720761
v 29.11833954 28.52097702 -1.90720761
v 28.66421318 28.37779045 -1.90720761
v 28.58327866 28.32623100 -1.90720761
v 28.50714684 28.26781273 -1.90720761
v 28.74933243 26.42822456 -1.90720761
v 29.99202919 28.20297813 -1.90720761
v 29.92127800 28.26781273 -1.90720761
v 28.43639374 28.20297813 -1.90720761
v 28.37156296 28.13222885 -1.90720761
v 28.15169525 27.70986366 -1.90720761
v 28.18055153 27.80138588 -1.90720761
v 28.43639374 26.64734459 -1.90720761
v 28.31314468 28.05609703 -1.90720761
v 28.26158524 27.97516251 -1.90720761
v 28.21727562 27.89004135 -1.90720761
v 30.27673149 27.14046097 -1.90720761
v 30.24787521 27.04894066 -1.90720761
v 30.29750061 27.23414993 -1.90720761
v 30.16683960 26.87516212 -1.90720761
v 30.21115112 26.96028137 -1.90720761
v 30.31002808 27.32929039 -1.90720761
v 30.31421280 27.42516327 -3.40720773
v 30.31002808 27.32929039 -3.40720773
v 30.29750061 27.23414993 -3.40720773
v 30.27673149 27.14046097 -3.40720773
v 30.24787521 27.04894066 -3.40720773
v 30.21115112 26.96028137 -3.40720773
v 30.16683960 26.87516212 -3.40720773
v 30.11528015 26.79422951 -3.40720773
v 30.05686188 26.71809578 -3.40720773
v 29.99202919 26.64734459 -3.40720773
v 29.92127800 26.58251381 -3.40720773
v 29.84514618 26.52409554 -3.40720773
v 29.76421356 26.47253418 -3.40720773
v 29.67909241 26.42822456 -3.40720773
v 29.59043503 26.39150047 -3.40720773
v 29.49891472 26.36264420 -3.40720773
v 29.40522575 26.34187508 -3.40720773
v 29.31008339 26.32934761 -3.40720773
v 29.21421242 26.32516289 -3.40720773
v 29.11833954 26.32934761 -3.40720773
v 29.02320099 26.34187508 -3.40720773
v 28.92951202 26.36264420 -3.40720773
v 28.83798981 26.39150047 -3.40720773
v 28.74933243 26.42822456 -3.40720773
v 28.66421318 26.47253418 -3.40720773
v 28.58327866 26.52409554 -3.40720773
v 28.50714684 26.58251381 -3.40720773
v 28.43639374 26.64734459 -3.40720773
v 28.37156296 26.71809578 -3.40720773
v 28.31314468 26.79422951 -3.40720773
v 28.26158524 26.87516212 -3.40720773
v 28.21727562 26.96028137 -3.40720773
v 28.18055153 27.04894066 -3.40720773
v 28.15169525 27.14046097 -3.40720773
v 28.13092422 27.23414993 -3.40720773
v 28.11839867 27.32929039 -3.40720773
v 28.11421204 27.42516327 -3.40720773
v 28.11839867 27.52103233 -3.40720773
v 28.13092422 27.61617470 -3.40720773
v 28.15169525 27.70986366 -3.40720773
v 28.18055153 27.80138588 -3.40720773
v 28.21727562 27.89004135 -3.40720773
v 28.26158524 27.97516251 -3.40720773
v 28.31314468 28.05609703 -3.40720773
v 28.37156296 28.13222885 -3.40720773
v 28.43639374 28.20297813 -3.40720773
v 28.50714684 28.26781273 -3.40720773
v 28.58327866 28.32623100 -3.40720773
v 28.66421318 28.37779045 -3.40720773
v 28.74933243 28.42210007 -3.40720773
v 28.83798981 28.45882416 -3.40720773
v 28.92951202 28.48768044 -3.40720773
v 29.02320099 28.50845146 -3.40720773
v 29.11833954 28.52097702 -3.40720773
v 29.21421242 28.52516174 -3.40720773
v 29.31008339 28.52097702 -3.40720773
v 29.40522575 28.50845146 -3.40720773
v 29.49891472 28.48768044 -3.40720773
v 29.59043503 28.45882416 -3.40720773
v 29.67909241 28.42210007 -3.40720773
v 29.76421356 28.37779045 -3.40720773
v 29.84514618 28.32623100 -3.40720773
v 29.92127800 28.26781273 -3.40720773
v 29.99202919 28.20297813 -3.40720773
v 30.05686188 28.13222885 -3.40720773
v 30.11528015 28.05609703 -3.40720773
v 30.16683960 27.97516251 -3.40720773
v 30.21115112 27.89004135 -3.40720773
v 30.24787521 27.80138588 -3.40720773
v 30.27673149 27.70986366 -3.40720773
v 30.29750061 27.61617470 -3.40720773
v 30.31002808 27.52103233 -3.40720773
v -33.43578720 27.67516327 -1.40720773
v -33.41866302 28.06736374 -1.40720773
v -33.36742020 28.45657921 -1.40720773
v -33.28245544 28.83984756 -1.40720773
v -33.16440582 29.21425438 -1.40720773
v -33.01417160 29.57694435 -1.40720773
v -32.83290100 29.92516136 -1.40720773
v -32.62197113 30.25625610 -1.40720773
v -32.38298798 30.56770515 -1.40720773
v -32.11776733 30.85714149 -1.40720773
v -31.82833290 31.12236214 -1.40720773
v -31.51688004 31.36134529 -1.40720773
v -31.18578720 31.57227516 -1.40720773
v -30.83757019 31.75354767 -1.40720773
v -30.47487831 31.90377808 -1.40720773
v -30.10047340 32.02182770 -1.40720773
v -29.71720505 32.10679626 -1.40720773
v -29.32798767 32.15803909 -1.40720773
v -28.93578911 32.17515945 -1.40720773
v -28.54358673 32.15803909 -1.40720773
v -28.15437126 32.10679626 -1.40720773
v -27.77110291 32.02182770 -1.40720773
v -27.39669800 31.90377808 -1.40720773
v -27.03400421 31.75354767 -1.40720773
v -26.68578720 31.57227516 -1.40720773
v -26.35469246 31.36134529 -1.40720773
v -26.04324341 31.12236214 -1.40720773
v -25.75380707 30.85714149 -1.40720773
v -25.48858643 30.56770515 -1.40720773
v -25.24960327 30.25625610 -1.40720773
v -25.03867340 29.92516136 -1.40720773
v -24.85740280 29.57694435 -1.40720773
v -24.70717049 29.21425438 -1.40720773
v -24.58912086 28.83984756 -1.40720773
v -24.50415230 28.45657921 -1.40720773
v -24.45291138 28.06736374 -1.40720773
v -24.43578911 27.67516327 -1.40720773
v -24.45291138 27.28296089 -1.40720773
v -24.50415230 26.89374542 -1.40720773
v -24.58912086 26.51047707 -1.40720773
v -24.70717049 26.13607216 -1.40720773
v -24.85740280 25.77338028 -1.40720773
v -25.03867340 25.42516136 -1.40720773
v -25.24960327 25.09406853 -1.40720773
v -25.48858643 24.78261757 -1.40720773
v -25.75380707 24.49318123 -1.40720773
v -26.04324341 24.22796249 -1.40720773
v -26.35469246 23.98897934 -1.40720773
v -26.68578720 23.77804756 -1.40720773
v -27.03400421 23.59677696 -1.40720773
v -27.39669800 23.44654465 -1.40720773
v -27.77110291 23.32849693 -1.40720773
v -28.15437126 23.24352837 -1.40720773
v -28.54358673 23.19228745 -1.40720773
v -28.93578911 23.17516136 -1.40720773
v -29.32798767 23.19228745 -1.40720773
v -29.71720505 23.24352837 -1.40720773
v -30.10047340 23.32849693 -1.40720773
v -30.47487831 23.44654465 -1.40720773
v -30.83757019 23.59677696 -1.40720773
v -31.18578720 23.77804756 -1.40720773
v -31.51688004 23.98897934 -1.40720773
v -31.82833290 24.22796249 -1.40720773
v -32.11776733 24.49318123 -1.40720773
v -32.38298798 24.78261757 -1.40720773
v -32.62197113 25.09406853 -1.40720773
v -32.83290100 25.42516136 -1.40720773
v -33.01417160 25.77338028 -1.40720773
v -33.16440582 26.13607216 -1.40720773
v -33.28245544 26.51047707 -1.40720773
v -33.36742020 26.89374542 -1.40720773
v -33.41866302 27.28296089 -1.40720773
v -28.19620705 29.26120186 -1.40720773
v -28.06078911 29.19070625 -1.40720773
v -28.33725166 29.31962395 -1.40720773
v -29.67536926 29.26120186 -1.40720773
v -29.53432274 29.31962395 -1.40720773
v -29.81078720 29.19070625 -1.40720773
v -27.93202972 29.10867882 -1.40720773
v -29.08831024 29.41850471 -1.40720773
v -28.93578911 29.42516327 -1.40720773
v -29.23967171 29.39857483 -1.40720773
v -29.93954659 29.10867882 -1.40720773
v -30.17322540 26.43772507 -1.40720773
v -30.27636528 26.55028343 -1.40720773
v -30.06066513 26.33458328 -1.40720773
v -27.34975052 26.93558121 -1.40720773
v -27.42024231 26.80016327 -1.40720773
v -27.29132652 27.07662582 -1.40720773
v -27.19244766 27.52264023 -1.40720773
v -27.20856285 27.39374542 -1.40720773
v -27.34975052 28.41474533 -1.40720773
v -27.29132652 28.27369881 -1.40720773
v -27.42024231 28.55016327 -1.40720773
v -27.81090927 29.01573944 -1.40720773
v -28.48285484 29.36553192 -1.40720773
v -29.38871956 29.36553192 -1.40720773
v -30.06066513 29.01573944 -1.40720773
v -30.17322540 28.91259766 -1.40720773
v -30.27636528 28.80004120 -1.40720773
v -30.36930466 28.67892075 -1.40720773
v -30.52182770 28.41474533 -1.40720773
v -30.45133209 28.55016327 -1.40720773
v -30.58024979 28.27369881 -1.40720773
v -30.36930466 26.67140388 -1.40720773
v -30.45133209 26.80016327 -1.40720773
v -29.93954659 26.24164581 -1.40720773
v -27.50227165 26.67140388 -1.40720773
v -27.59520912 26.55028343 -1.40720773
v -27.24541664 27.22222900 -1.40720773
v -27.21237373 27.37127876 -1.40720773
v -27.24541664 28.12809563 -1.40720773
v -27.21237373 27.97904587 -1.40720773
v -27.50227165 28.67892075 -1.40720773
v -27.59520912 28.80004120 -1.40720773
v -27.69835091 28.91259766 -1.40720773
v -28.78326607 29.41850471 -1.40720773
v -28.63190269 29.39857483 -1.40720773
v -30.62615776 28.12809563 -1.40720773
v -30.65920067 27.97904587 -1.40720773
v -30.52182770 26.93558121 -1.40720773
v -30.58024979 27.07662582 -1.40720773
v -29.81078720 26.15961838 -1.40720773
v -29.67536926 26.08912468 -1.40720773
v -29.53432274 26.03070068 -1.40720773
v -29.38871956 25.98479271 -1.40720773
v -29.08831024 25.93182182 -1.40720773
v -29.23967171 25.95174789 -1.40720773
v -28.93578911 25.92516136 -1.40720773
v -27.93202972 26.24164581 -1.40720773
v -28.06078911 26.15961838 -1.40720773
v -27.81090927 26.33458328 -1.40720773
v -27.69835091 26.43772507 -1.40720773
v -27.18578911 27.67516327 -1.40720773
v -27.19244766 27.82768440 -1.40720773
v -30.62615776 27.22222900 -1.40720773
v -30.65920067 27.37127876 -1.40720773
v -30.67912865 27.82768440 -1.40720773
v -30.68578720 27.67516327 -1.40720773
v -28.19620705 26.08912468 -1.40720773
v -28.33725166 26.03070068 -1.40720773
v -30.67912865 27.52264023 -1.40720773
v -28.48285484 25.98479271 -1.40720773
v -28.63190269 25.95174789 -1.40720773
v -28.78326607 25.93182182 -1.40720773
v -30.67912865 27.52264023 -1.90720761
v -30.68578720 27.67516327 -1.90720761
v -30.65920067 27.37127876 -1.90720761
v -30.62615776 27.22222900 -1.90720761
v -30.58024979 27.07662582 -1.90720761
v -30.52182770 26.93558121 -1.90720761
v -30.45133209 26.80016327 -1.90720761
v -30.36930466 26.67140388 -1.90720761
v -30.27636528 26.55028343 -1.90720761
v -30.17322540 26.43772507 -1.90720761
v -30.06066513 26.33458328 -1.90720761
v -29.93954659 26.24164581 -1.90720761
v -29.81078720 26.15961838 -1.90720761
v -29.67536926 26.08912468 -1.90720761
v -29.53432274 26.03070068 -1.90720761
v -29.38871956 25.98479271 -1.90720761
v -29.23967171 25.95174789 -1.90720761
v -29.08831024 25.93182182 -1.90720761
v -28.93578911 25.92516136 -1.90720761
v -28.78326607 25.93182182 -1.90720761
v -28.63190269 25.95174789 -1.90720761
v -28.48285484 25.98479271 -1.90720761
v -28.33725166 26.03070068 -1.90720761
v -28.19620705 26.08912468 -1.90720761
v -28.06078911 26.15961838 -1.90720761
v -27.93202972 26.24164581 -1.90720761
v -27.81090927 26.33458328 -1.90720761
v -27.69835091 26.43772507 -1.90720761
v -27.59520912 26.55028343 -1.90720761
v -27.50227165 26.67140388 -1.90720761
v -27.42024231 26.80016327 -1.90720761
v -27.34975052 26.93558121 -1.90720761
v -27.29132652 27.07662582 -1.90720761
v -27.24541664 27.22222900 -1.90720761
v -27.21237373 27.37127876 -1.90720761
v -27.19244766 27.52264023 -1.90720761
v -27.20856285 27.39374542 -1.90720761
v -27.18578911 27.67516327 -1.90720761
v -27.19244766 27.82768440 -1.90720761
v -27.21237373 27.97904587 -1.90720761
v -27.24541664 28.12809563 -1.90720761
v -27.29132652 28.27369881 -1.90720761
v -27.34975052 28.41474533 -1.90720761
v -27.42024231 28.55016327 -1.90720761
v -27.50227165 28.67892075 -1.90720761
v -27.59520912 28.80004120 -1.90720761
v -27.69835091 28.91259766 -1.90720761
v -27.81090927 29.01573944 -1.90720761
v -27.93202972 29.10867882 -1.90720761
v -28.06078911 29.19070625 -1.90720761
v -28.19620705 29.26120186 -1.90720761
v -28.33725166 29.31962395 -1.90720761
v -28.48285484 29.36553192 -1.90720761
v -28.63190269 29.39857483 -1.90720761
v -28.78326607 29.41850471 -1.90720761
v -28.93578911 29.42516327 -1.90720761
v -29.08831024 29.41850471 -1.90720761
v -29.23967171 29.39857483 -1.90720761
v -29.38871956 29.36553192 -1.90720761
v -29.53432274 29.31962395 -1.90720761
v -29.67536926 29.26120186 -1.90720761
v -29.81078720 29.19070625 -1.90720761
v -29.93954659 29.10867882 -1.90720761
v -30.06066513 29.01573944 -1.90720761
v -30.17322540 28.91259766 -1.90720761
v -30.27636528 28.80004120 -1.90720761
v -30.36930466 28.67892075 -1.90720761
v -30.45133209 28.55016327 -1.90720761
v -30.52182770 28.41474533 -1.90720761
v -30.58024979 28.27369881 -1.90720761
v -30.62615776 28.12809563 -1.90720761
v -30.65920067 27.97904587 -1.90720761
v -30.67912865 27.82768440 -1.90720761
v -28.65108681 26.61264229 -1.90720761
v -28.74477386 26.59187317 -1.90720761
v -28.55956650 26.64150047 -1.90720761
v -27.87326813 27.95986366 -1.90720761
v -27.85249901 27.86617470 -1.90720761
v -27.90212631 28.05138397 -1.90720761
v -29.99830627 27.39046097 -1.90720761
v -30.01907730 27.48414803 -1.90720761
v -29.96945000 27.29894066 -1.90720761
v -28.47090721 26.67822266 -1.90720761
v -28.30485535 26.77409554 -1.90720761
v -28.38578796 26.72253418 -1.90720761
v -28.22871971 26.83251381 -1.90720761
v -27.93884850 28.14004135 -1.90720761
v -29.22048759 28.73768044 -1.90720761
v -29.12680054 28.75845146 -1.90720761
v -29.31200981 28.70882416 -1.90720761
v -29.93272591 27.21028137 -1.90720761
v -28.15797043 26.89734459 -1.90720761
v -27.98315811 28.22516251 -1.90720761
v -28.03472137 28.30609703 -1.90720761
v -28.09313965 28.38222885 -1.90720761
v -29.40066719 28.67210007 -1.90720761
v -30.03160095 27.77103424 -1.90720761
v -30.01907730 27.86617470 -1.90720761
v -30.03578758 27.67516327 -1.90720761
v -30.03160095 27.57929039 -1.90720761
v -29.88841629 27.12516212 -1.90720761
v -29.83685303 27.04422760 -1.90720761
v -29.77843666 26.96809578 -1.90720761
v -29.56672287 26.77409554 -1.90720761
v -29.64285469 26.83251381 -1.90720761
v -29.48578835 26.72253418 -1.90720761
v -29.22048759 26.61264229 -1.90720761
v -29.31200981 26.64150047 -1.90720761
v -29.12680054 26.59187317 -1.90720761
v -29.03165817 26.57934761 -1.90720761
v -28.93578911 26.57516289 -1.90720761
v -28.83991623 26.57934761 -1.90720761
v -28.09313965 26.96809578 -1.90720761
v -28.03472137 27.04422760 -1.90720761
v -27.83997345 27.77103424 -1.90720761
v -27.83578873 27.67516327 -1.90720761
v -28.38578796 28.62779045 -1.90720761
v -28.30485535 28.57622910 -1.90720761
v -28.47090721 28.67210007 -1.90720761
v -28.65108681 28.73768044 -1.90720761
v -28.55956650 28.70882416 -1.90720761
v -28.74477386 28.75845146 -1.90720761
v -28.83991623 28.77097511 -1.90720761
v -28.93578911 28.77516365 -1.90720761
v -29.03165817 28.77097511 -1.90720761
v -29.48578835 28.62779045 -1.90720761
v -29.56672287 28.57622910 -1.90720761
v -29.64285469 28.51781082 -1.90720761
v -29.40066719 26.67822266 -1.90720761
v -28.15797043 28.45298004 -1.90720761
v -28.22871971 28.51781082 -1.90720761
v -29.71360397 28.45298004 -1.90720761
v -29.77843666 28.38222885 -1.90720761
v -29.99830627 27.95986366 -1.90720761
v -29.96945000 28.05138397 -1.90720761
v -29.71360397 26.89734459 -1.90720761
v -29.83685303 28.30609703 -1.90720761
v -29.88841629 28.22516251 -1.90720761
v -29.93272591 28.14004135 -1.90720761
v -27.87326813 27.39046097 -1.90720761
v -27.90212631 27.29894066 -1.90720761
v -27.85249901 27.48414803 -1.90720761
v -27.98315811 27.12516212 -1.90720761
v -27.93884850 27.21028137 -1.90720761
v -27.83997345 27.57929039 -1.90720761
v -27.83578873 27.67516327 -3.40720773
v -27.83997345 27.57929039 -3.40720773
v -27.85249901 27.48414803 -3.40720773
v -27.87326813 27.39046097 -3.40720773
v -27.90212631 27.29894066 -3.40720773
v -27.93884850 27.21028137 -3.40720773
v -27.98315811 27.12516212 -3.40720773
v -28.03472137 27.04422760 -3.40720773
v -28.09313965 26.96809578 -3.40720773
v -28.15797043 26.89734459 -3.40720773
v -28.22871971 26.83251381 -3.40720773
v -28.30485535 26.77409554 -3.40720773
v -28.38578796 26.72253418 -3.40720773
v -28.47090721 26.67822266 -3.40720773
v -28.55956650 26.64150047 -3.40720773
v -28.65108681 26.61264229 -3.40720773
v -28.74477386 26.59187317 -3.40720773
v -28.83991623 26.57934761 -3.40720773
v -28.93578911 26.57516289 -3.40720773
v -29.03165817 26.57934761 -3.40720773
v -29.12680054 26.59187317 -3.40720773
v -29.22048759 26.61264229 -3.40720773
v -29.31200981 26.64150047 -3.40720773
v -29.40066719 26.67822266 -3.40720773
v -29.48578835 26.72253418 -3.40720773
v -29.56672287 26.77409554 -3.40720773
v -29.64285469 26.83251381 -3.40720773
v -29.71360397 26.89734459 -3.40720773
v -29.77843666 26.96809578 -3.40720773
v -29.83685303 27.04422760 -3.40720773
v -29.88841629 27.12516212 -3.40720773
v -29.93272591 27.21028137 -3.40720773
v -29.96945000 27.29894066 -3.40720773
v -29.99830627 27.39046097 -3.40720773
v -30.01907730 27.48414803 -3.40720773
v -30.03160095 27.57929039 -3.40720773
v -30.03578758 27.67516327 -3.40720773
v -30.03160095 27.77103424 -3.40720773
v -30.01907730 27.86617470 -3.40720773
v -29.99830627 27.95986366 -3.40720773
v -29.96945000 28.05138397 -3.40720773
v -29.93272591 28.14004135 -3.40720773
v -29.88841629 28.22516251 -3.40720773
v -29.83685303 28.30609703 -3.40720773
v -29.77843666 28.38222885 -3.40720773
v -29.71360397 28.45298004 -3.40720773
v -29.64285469 28.51781082 -3.40720773
v -29.56672287 28.57622910 -3.40720773
v -29.48578835 28.62779045 -3.40720773
v -29.40066719 28.67210007 -3.40720773
v -29.31200981 28.70882416 -3.40720773
v -29.22048759 28.73768044 -3.40720773
v -29.12680054 28.75845146 -3.40720773
v -29.03165817 28.77097511 -3.40720773
v -28.93578911 28.77516365 -3.40720773
v -28.83991623 28.77097511 -3.40720773
v -28.74477386 28.75845146 -3.40720773
v -28.65108681 28.73768044 -3.40720773
v -28.55956650 28.70882416 -3.40720773
v -28.47090721 28.67210007 -3.40720773
v -28.38578796 28.62779045 -3.40720773
v -28.30485535 28.57622910 -3.40720773
v -28.22871971 28.51781082 -3.40720773
v -28.15797043 28.45298004 -3.40720773
v -28.09313965 28.38222885 -3.40720773
v -28.03472137 28.30609703 -3.40720773
v -27.98315811 28.22516251 -3.40720773
v -27.93884850 28.14004135 -3.40720773
v -27.90212631 28.05138397 -3.40720773
v -27.87326813 27.95986366 -3.40720773
v -27.85249901 27.86617470 -3.40720773
v -27.83997345 27.77103424 -3.40720773
v -32.68578720 -31.92483711 -1.40720773
v -32.66866684 -31.53263855 -1.40720773
v -32.61742401 -31.14342117 -1.40720773
v -32.53245544 -30.76015282 -1.40720773
v -32.41440201 -30.38574791 -1.40720773
v -32.26417160 -30.02305603 -1.40720773
v -32.08290100 -29.67483711 -1.40720773
v -31.87197113 -29.34374428 -1.40720773
v -31.63298607 -29.03229332 -1.40720773
v -31.36776733 -28.74285698 -1.40720773
v -31.07833099 -28.47763634 -1.40720773
v -30.76688194 -28.23865509 -1.40720773
v -30.43578720 -28.02772331 -1.40720773
v -30.08757019 -27.84645271 -1.40720773
v -29.72487640 -27.69622040 -1.40720773
v -29.35047340 -27.57817078 -1.40720773
v -28.96720314 -27.49320221 -1.40720773
v -28.57798958 -27.44196129 -1.40720773
v -28.18578720 -27.42483902 -1.40720773
v -27.79358673 -27.44196129 -1.40720773
v -27.40437126 -27.49320221 -1.40720773
v -27.02110291 -27.57817078 -1.40720773
v -26.64669609 -27.69622040 -1.40720773
v -26.28400612 -27.84645271 -1.40720773
v -25.93578720 -28.02772331 -1.40720773
v -25.60469246 -28.23865509 -1.40720773
v -25.29324341 -28.47763634 -1.40720773
v -25.00380707 -28.74285698 -1.40720773
v -24.73858833 -29.03229332 -1.40720773
v -24.49960327 -29.34374428 -1.40720773
v -24.28867340 -29.67483711 -1.40720773
v -24.10740280 -30.02305603 -1.40720773
v -23.95717049 -30.38574791 -1.40720773
v -23.83912086 -30.76015282 -1.40720773
v -23.75415421 -31.14342117 -1.40720773
v -23.70291138 -31.53263855 -1.40720773
v -23.68578720 -31.92483711 -1.40720773
v -23.70291138 -32.31703949 -1.40720773
v -23.75415421 -32.70625305 -1.40720773
v -23.83912086 -33.08952332 -1.40720773
v -23.95717049 -33.46392822 -1.40720773
v -24.10740280 -33.82661819 -1.40720773
v -24.28867340 -34.17483902 -1.40720773
v -24.49960327 -34.50593185 -1.40720773
v -24.73858833 -34.81738281 -1.40720773
v -25.00380707 -35.10681915 -1.40720773
v -25.29324341 -35.37203598 -1.40720773
v -25.60469246 -35.61102295 -1.40720773
v -25.93578720 -35.82195282 -1.40720773
v -26.28400612 -36.00322342 -1.40720773
v -26.64669609 -36.15345383 -1.40720773
v -27.02110291 -36.27150345 -1.40720773
v -27.40437126 -36.35647202 -1.40720773
v -27.79358673 -36.40771103 -1.40720773
v -28.18578720 -36.42483902 -1.40720773
v -28.57798958 -36.40771103 -1.40720773
v -28.96720314 -36.35647202 -1.40720773
v -29.35047340 -36.27150345 -1.40720773
v -29.72487640 -36.15345383 -1.40720773
v -30.08757019 -36.00322342 -1.40720773
v -30.43578720 -35.82195282 -1.40720773
v -30.76688194 -35.61102295 -1.40720773
v -31.07833099 -35.37203598 -1.40720773
v -31.36776733 -35.10681915 -1.40720773
v -31.63298607 -34.81738281 -1.40720773
v -31.87197113 -34.50593185 -1.40720773
v -32.08290100 -34.17483902 -1.40720773
v -32.26417160 -33.82661819 -1.40720773
v -32.41440201 -33.46392822 -1.40720773
v -32.53245544 -33.08952332 -1.40720773
v -32.61742401 -32.70625305 -1.40720773
v -32.66866684 -32.31703949 -1.40720773
v -26.49541664 -31.47190475 -1.40720773
v -26.46237373 -31.62095261 -1.40720773
v -26.54132652 -31.32630157 -1.40720773
v -26.59974861 -31.18525696 -1.40720773
v -26.84520912 -30.79995918 -1.40720773
v -26.75227165 -30.92107964 -1.40720773
v -26.94835091 -30.68740082 -1.40720773
v -27.44620514 -30.33880043 -1.40720773
v -27.31078720 -30.40929413 -1.40720773
v -27.58725166 -30.28037643 -1.40720773
v -28.03326607 -30.18149757 -1.40720773
v -27.88190269 -30.20142365 -1.40720773
v -28.18578720 -30.17483902 -1.40720773
v -28.33831024 -30.18149757 -1.40720773
v -28.48967171 -30.20142365 -1.40720773
v -28.92537117 -30.33880043 -1.40720773
v -28.78432274 -30.28037643 -1.40720773
v -29.06078911 -30.40929413 -1.40720773
v -29.52636528 -30.79995918 -1.40720773
v -29.61930466 -30.92107964 -1.40720773
v -29.77182579 -31.18525696 -1.40720773
v -29.70133209 -31.04983902 -1.40720773
v -29.83024979 -31.32630157 -1.40720773
v -27.06090927 -33.26541519 -1.40720773
v -27.18202972 -33.35835266 -1.40720773
v -26.94835091 -33.16227341 -1.40720773
v -26.49541664 -32.37777328 -1.40720773
v -26.54132652 -32.52337265 -1.40720773
v -26.46237373 -32.22872162 -1.40720773
v -26.67024422 -31.04983902 -1.40720773
v -27.06090927 -30.58426094 -1.40720773
v -27.18202972 -30.49132156 -1.40720773
v -27.73285484 -30.23446655 -1.40720773
v -28.63872147 -30.23446655 -1.40720773
v -29.18954659 -30.49132156 -1.40720773
v -29.31066513 -30.58426094 -1.40720773
v -29.42322350 -30.68740082 -1.40720773
v -29.87615776 -31.47190475 -1.40720773
v -29.90920067 -31.62095261 -1.40720773
v -29.83024979 -32.52337265 -1.40720773
v -29.87615776 -32.37777328 -1.40720773
v -29.77182579 -32.66441727 -1.40720773
v -29.61930466 -32.92859650 -1.40720773
v -29.70133209 -32.79983521 -1.40720773
v -29.52636528 -33.04971695 -1.40720773
v -27.58725166 -33.56929779 -1.40720773
v -27.73285484 -33.61520767 -1.40720773
v -27.44620514 -33.51087570 -1.40720773
v -27.31078720 -33.44038010 -1.40720773
v -26.84520912 -33.04971695 -1.40720773
v -26.75227165 -32.92859650 -1.40720773
v -26.67024422 -32.79983521 -1.40720773
v -26.59974861 -32.66441727 -1.40720773
v -26.44244766 -31.77231598 -1.40720773
v -26.43578720 -31.92483711 -1.40720773
v -29.92912674 -31.77231598 -1.40720773
v -29.93578911 -31.92483711 -1.40720773
v -29.90920067 -32.22872162 -1.40720773
v -27.88190269 -33.64825439 -1.40720773
v -29.42322350 -33.16227341 -1.40720773
v -29.31066513 -33.26541519 -1.40720773
v -28.78432274 -33.56929779 -1.40720773
v -28.92537117 -33.51087570 -1.40720773
v -28.63872147 -33.61520767 -1.40720773
v -29.92912674 -32.07736206 -1.40720773
v -29.06078911 -33.44038010 -1.40720773
v -28.03326607 -33.66817856 -1.40720773
v -28.18578720 -33.67483521 -1.40720773
v -28.48967171 -33.64825439 -1.40720773
v -28.33831024 -33.66817856 -1.40720773
v -26.44244766 -32.07736206 -1.40720773
v -29.18954659 -33.35835266 -1.40720773
v -29.92912674 -32.07736206 -1.90720761
v -29.93578911 -31.92483711 -1.90720761
v -29.90920067 -32.22872162 -1.90720761
v -29.87615776 -32.37777328 -1.90720761
v -29.83024979 -32.52337265 -1.90720761
v -29.77182579 -32.66441727 -1.90720761
v -29.70133209 -32.79983521 -1.90720761
v -29.61930466 -32.92859650 -1.90720761
v -29.52636528 -33.04971695 -1.90720761
v -29.42322350 -33.16227341 -1.90720761
v -29.31066513 -33.26541519 -1.90720761
v -29.18954659 -33.35835266 -1.90720761
v -29.06078911 -33.44038010 -1.90720761
v -28.92537117 -33.51087570 -1.90720761
v -28.78432274 -33.56929779 -1.90720761
v -28.63872147 -33.61520767 -1.90720761
v -28.48967171 -33.64825439 -1.90720761
v -28.33831024 -33.66817856 -1.90720761
v -28.18578720 -33.67483521 -1.90720761
v -28.03326607 -33.66817856 -1.90720761
v -27.88190269 -33.64825439 -1.90720761
v -27.73285484 -33.61520767 -1.90720761
v -27.58725166 -33.56929779 -1.90720761
v -27.44620514 -33.51087570 -1.90720761
v -27.31078720 -33.44038010 -1.90720761
v -27.18202972 -33.35835266 -1.90720761
v -27.06090927 -33.26541519 -1.90720761
v -26.94835091 -33.16227341 -1.90720761
v -26.84520912 -33.04971695 -1.90720761
v -26.75227165 -32.92859650 -1.90720761
v -26.67024422 -32.79983521 -1.90720761
v -26.59974861 -32.66441727 -1.90720761
v -26.54132652 -32.52337265 -1.90720761
v -26.49541664 -32.37777328 -1.90720761
v -26.46237373 -32.22872162 -1.90720761
v -26.44244766 -32.07736206 -1.90720761
v -26.43578720 -31.92483711 -1.90720761
v -26.44244766 -31.77231598 -1.90720761
v -26.46237373 -31.62095261 -1.90720761
v -26.49541664 -31.47190475 -1.90720761
v -26.54132652 -31.32630157 -1.90720761
v -26.59974861 -31.18525696 -1.90720761
v -26.67024422 -31.04983902 -1.90720761
v -26.75227165 -30.92107964 -1.90720761
v -26.84520912 -30.79995918 -1.90720761
v -26.94835091 -30.68740082 -1.90720761
v -27.06090927 -30.58426094 -1.90720761
v -27.18202972 -30.49132156 -1.90720761
v -27.31078720 -30.40929413 -1.90720761
v -27.44620514 -30.33880043 -1.90720761
v -27.58725166 -30.28037643 -1.90720761
v -27.73285484 -30.23446655 -1.90720761
v -27.88190269 -30.20142365 -1.90720761
v -28.03326607 -30.18149757 -1.90720761
v -28.18578720 -30.17483902 -1.90720761
v -28.33831024 -30.18149757 -1.90720761
v -28.48967171 -30.20142365 -1.90720761
v -28.63872147 -30.23446655 -1.90720761
v -28.78432274 -30.28037643 -1.90720761
v -28.92537117 -30.33880043 -1.90720761
v -29.06078911 -30.40929413 -1.90720761
v -29.18954659 -30.49132156 -1.90720761
v -29.31066513 -30.58426094 -1.90720761
v -29.42322350 -30.68740082 -1.90720761
v -29.52636528 -30.79995918 -1.90720761
v -29.61930466 -30.92107964 -1.90720761
v -29.70133209 -31.04983902 -1.90720761
v -29.77182579 -31.18525696 -1.90720761
v -29.83024979 -31.32630157 -1.90720761
v -29.87615776 -31.47190475 -1.90720761
v -29.90920067 -31.62095261 -1.90720761
v -29.92912674 -31.77231598 -1.90720761
v -27.18884850 -31.45995712 -1.90720761
v -27.23316002 -31.37483788 -1.90720761
v -28.47048759 -30.86231995 -1.90720761
v -28.37680054 -30.84154892 -1.90720761
v -28.56200981 -30.89117622 -1.90720761
v -27.15212440 -31.54861641 -1.90720761
v -27.12326813 -31.64013863 -1.90720761
v -27.28472137 -31.29390335 -1.90720761
v -27.34313965 -31.21777153 -1.90720761
v -28.65066719 -30.92789841 -1.90720761
v -28.08991623 -30.82902336 -1.90720761
v -27.99477386 -30.84154892 -1.90720761
v -28.18578720 -30.82483864 -1.90720761
v -28.28165817 -30.82902336 -1.90720761
v -28.73578644 -30.97220993 -1.90720761
v -28.81672287 -31.02377129 -1.90720761
v -28.89285469 -31.08218956 -1.90720761
v -29.21944809 -31.54861641 -1.90720761
v -29.18272591 -31.45995712 -1.90720761
v -29.24830627 -31.64013863 -1.90720761
v -29.08685493 -32.55577087 -1.90720761
v -29.02843666 -32.63190460 -1.90720761
v -27.55485344 -32.82590485 -1.90720761
v -27.63578606 -32.87746811 -1.90720761
v -27.47872162 -32.76748657 -1.90720761
v -27.23316002 -32.47483826 -1.90720761
v -27.28472137 -32.55577087 -1.90720761
v -27.18884850 -32.38972092 -1.90720761
v -27.08997345 -31.82896614 -1.90720761
v -27.08578682 -31.92483711 -1.90720761
v -27.10249901 -31.73382568 -1.90720761
v -27.63578606 -30.97220993 -1.90720761
v -27.55485344 -31.02377129 -1.90720761
v -27.72090721 -30.92789841 -1.90720761
v -27.90108681 -30.86231995 -1.90720761
v -27.80956650 -30.89117622 -1.90720761
v -29.26907730 -31.73382568 -1.90720761
v -29.28160095 -31.82896614 -1.90720761
v -29.28578758 -31.92483711 -1.90720761
v -29.18272591 -32.38972092 -1.90720761
v -29.13841629 -32.47483826 -1.90720761
v -28.96360588 -32.70265579 -1.90720761
v -28.73578644 -32.87746811 -1.90720761
v -28.65066719 -32.92177582 -1.90720761
v -28.47048759 -32.98735809 -1.90720761
v -28.56200981 -32.95849991 -1.90720761
v -28.37680054 -33.00812531 -1.90720761
v -27.90108681 -32.98735809 -1.90720761
v -27.99477386 -33.00812531 -1.90720761
v -27.80956650 -32.95849991 -1.90720761
v -27.72090721 -32.92177582 -1.90720761
v -27.34313965 -32.63190460 -1.90720761
v -27.40797043 -31.14702034 -1.90720761
v -27.47872162 -31.08218956 -1.90720761
v -28.96360588 -31.14702034 -1.90720761
v -29.02843666 -31.21777153 -1.90720761
v -29.13841629 -31.37483788 -1.90720761
v -29.08685493 -31.29390335 -1.90720761
v -29.28160095 -32.02070999 -1.90720761
v -29.26907730 -32.11585236 -1.90720761
v -29.24830627 -32.20953751 -1.90720761
v -29.21944809 -32.30105972 -1.90720761
v -28.28165817 -33.02065277 -1.90720761
v -28.08991623 -33.02065277 -1.90720761
v -27.40797043 -32.70265579 -1.90720761
v -27.15212440 -32.30105972 -1.90720761
v -27.12326813 -32.20953751 -1.90720761
v -28.89285469 -32.76748657 -1.90720761
v -28.81672287 -32.82590485 -1.90720761
v -27.10249901 -32.11585236 -1.90720761
v -27.08997345 -32.02070999 -1.90720761
v -28.18578720 -33.02483749 -1.90720761
v -27.08578682 -31.92483711 -3.40720773
v -27.08997345 -32.02070999 -3.40720773
v -27.10249901 -32.11585236 -3.40720773
v -27.12326813 -32.20953751 -3.40720773
v -27.15212440 -32.30105972 -3.40720773
v -27.18884850 -32.38972092 -3.40720773
v -27.23316002 -32.47483826 -3.40720773
v -27.28472137 -32.55577087 -3.40720773
v -27.34313965 -32.63190460 -3.40720773
v -27.40797043 -32.70265579 -3.40720773
v -27.47872162 -32.76748657 -3.40720773
v -27.55485344 -32.82590485 -3.40720773
v -27.63578606 -32.87746811 -3.40720773
v -27.72090721 -32.92177582 -3.40720773
v -27.80956650 -32.95849991 -3.40720773
v -27.90108681 -32.98735809 -3.40720773
v -27.99477386 -33.00812531 -3.40720773
v -28.08991623 -33.02065277 -3.40720773
v -28.18578720 -33.02483749 -3.40720773
v -28.28165817 -33.02065277 -3.40720773
v -28.37680054 -33.00812531 -3.40720773
v -28.47048759 -32.98735809 -3.40720773
v -28.56200981 -32.95849991 -3.40720773
v -28.65066719 -32.92177582 -3.40720773
v -28.73578644 -32.87746811 -3.40720773
v -28.81672287 -32.82590485 -3.40720773
v -28.89285469 -32.76748657 -3.40720773
v -28.96360588 -32.70265579 -3.40720773
v -29.02843666 -32.63190460 -3.40720773
v -29.08685493 -32.55577087 -3.40720773
v -29.13841629 -32.47483826 -3.40720773
v -29.18272591 -32.38972092 -3.40720773
v -29.21944809 -32.30105972 -3.40720773
v -29.24830627 -32.20953751 -3.40720773
v -29.26907730 -32.11585236 -3.40720773
v -29.28160095 -32.02070999 -3.40720773
v -29.28578758 -31.92483711 -3.40720773
v -29.28160095 -31.82896614 -3.40720773
v -29.26907730 -31.73382568 -3.40720773
v -29.24830627 -31.64013863 -3.40720773
v -29.21944809 -31.54861641 -3.40720773
v -29.18272591 -31.45995712 -3.40720773
v -29.13841629 -31.37483788 -3.40720773
v -29.08685493 -31.29390335 -3.40720773
v -29.02843666 -31.21777153 -3.40720773
v -28.96360588 -31.14702034 -3.40720773
v -28.89285469 -31.08218956 -3.40720773
v -28.81672287 -31.02377129 -3.40720773
v -28.73578644 -30.97220993 -3.40720773
v -28.65066719 -30.92789841 -3.40720773
v -28.56200981 -30.89117622 -3.40720773
v -28.47048759 -30.86231995 -3.40720773
v -28.37680054 -30.84154892 -3.40720773
v -28.28165817 -30.82902336 -3.40720773
v -28.18578720 -30.82483864 -3.40720773
v -28.08991623 -30.82902336 -3.40720773
v -27.99477386 -30.84154892 -3.40720773
v -27.90108681 -30.86231995 -3.40720773
v -27.80956650 -30.89117622 -3.40720773
v -27.72090721 -30.92789841 -3.40720773
v -27.63578606 -30.97220993 -3.40720773
v -27.55485344 -31.02377129 -3.40720773
v -27.47872162 -31.08218956 -3.40720773
v -27.40797043 -31.14702034 -3.40720773
v -27.34313965 -31.21777153 -3.40720773
v -27.28472137 -31.29390335 -3.40720773
v -27.23316002 -31.37483788 -3.40720773
v -27.18884850 -31.45995712 -3.40720773
v -27.15212440 -31.54861641 -3.40720773
v -27.12326813 -31.64013863 -3.40720773
v -27.10249901 -31.73382568 -3.40720773
v -27.08997345 -31.82896614 -3.40720773
v 2.63671970 44.12598801 -1.50908720
v 1.63671970 43.93380737 -1.50908720
v 1.63671970 43.93380737 -3.40720773
v 2.63671970 44.12598801 -3.40720773
v 5.63671970 44.70252228 -1.50908720
v 4.63671970 44.51034546 -1.50908720
v 14.46877575 46.39984894 -3.40720773
v 7.63671970 45.08687973 -3.40720773
v 7.63671970 45.08687973 -1.50908720
v 4.63671970 44.51034546 -3.40720773
v 5.63671970 44.70252228 -3.40720773
v 0.13186245 43.64461136 -1.50908720
v 7.63671970 1.70000005 -1.50908720
v 7.63671970 26.45016289 -3.40720773
v 7.63671970 31.20016289 -3.40720773
v 7.63671970 33.72516251 -3.40720773
v 7.63671970 1.70000005 -3.40720773
v 5.69702673 1.35797989 -1.50908720
v 5.67079401 1.44118094 -1.50908720
v 5.65191174 1.52635181 -1.50908720
v 5.63671970 1.70000005 -1.50908720
v 5.81756735 1.12642360 -1.50908720
v 5.77069426 1.20000005 -1.50908720
v 6.06314325 0.88084799 -1.50908720
v 5.99393225 0.93395555 -1.50908720
v 6.21410131 0.79369217 -1.50908720
v 6.13671970 0.83397454 -1.50908720
v 5.64052486 1.61284435 -1.50908720
v 5.73041201 1.27738178 -1.50908720
v 6.37790060 0.73407418 -1.50908720
v 6.29469919 0.76030737 -1.50908720
v 6.54956388 0.70380533 -1.50908720
v 6.46307135 0.71519226 -1.50908720
v 7.05933809 0.79369217 -1.50908720
v 6.97874022 0.76030737 -1.50908720
v 5.92961311 0.99289322 -1.50908720
v 5.87067509 1.05721235 -1.50908720
v 6.63671970 0.69999999 -1.50908720
v 7.13671970 0.83397454 -1.50908720
v 7.50274467 1.20000005 -1.50908720
v 7.45587206 1.12642360 -1.50908720
v 6.81036806 0.71519226 -1.50908720
v 6.72387505 0.70380533 -1.50908720
v 6.89553881 0.73407418 -1.50908720
v 7.54302740 1.27738178 -1.50908720
v 7.60264540 1.44118094 -1.50908720
v 7.57641220 1.35797989 -1.50908720
v 7.63291454 1.61284435 -1.50908720
v 7.62152719 1.52635181 -1.50908720
v 7.27950716 0.93395555 -1.50908720
v 7.21029615 0.88084799 -1.50908720
v 7.40276432 1.05721235 -1.50908720
v 7.34382629 0.99289322 -1.50908720
v 5.63671970 31.20016289 -3.40720773
v 5.63671970 33.72516251 -3.40720773
v 5.63671970 26.45016289 -3.40720773
v 5.63671970 1.70000005 -1.90720761
v 5.63671970 1.70000005 -3.40720773
v 7.63291454 1.61284435 -3.40720773
v 7.62152719 1.52635181 -3.40720773
v 7.60264540 1.44118094 -3.40720773
v 7.57641220 1.35797989 -3.40720773
v 7.54302740 1.27738178 -3.40720773
v 7.50274467 1.20000005 -3.40720773
v 7.45587206 1.12642360 -3.40720773
v 7.40276432 1.05721235 -3.40720773
v 7.34382629 0.99289322 -3.40720773
v 7.27950716 0.93395555 -3.40720773
v 7.21029615 0.88084799 -3.40720773
v 7.13671970 0.83397454 -3.40720773
v 7.05933809 0.79369217 -3.40720773
v 6.97874022 0.76030737 -3.40720773
v 6.89553881 0.73407418 -3.40720773
v 6.81036806 0.71519226 -3.40720773
v 6.72387505 0.70380533 -3.40720773
v 6.63671970 0.69999999 -3.40720773
v 6.63671970 0.69999999 -1.90720761
v 5.64052486 1.61284435 -1.90720761
v 5.65191174 1.52635181 -1.90720761
v 5.67079401 1.44118094 -1.90720761
v 5.69702673 1.35797989 -1.90720761
v 5.73041201 1.27738178 -1.90720761
v 5.77069426 1.20000005 -1.90720761
v 5.81756735 1.12642360 -1.90720761
v 5.87067509 1.05721235 -1.90720761
v 5.92961311 0.99289322 -1.90720761
v 5.99393225 0.93395555 -1.90720761
v 6.06314325 0.88084799 -1.90720761
v 6.13671970 0.83397454 -1.90720761
v 6.21410131 0.79369217 -1.90720761
v 6.29469919 0.76030737 -1.90720761
v 6.37790060 0.73407418 -1.90720761
v 6.46307135 0.71519226 -1.90720761
v 6.54956388 0.70380533 -1.90720761
v 6.54956388 0.70380533 -3.40720773
v 6.46307135 0.71519226 -3.40720773
v 6.37790060 0.73407418 -3.40720773
v 6.29469919 0.76030737 -3.40720773
v 6.21410131 0.79369217 -3.40720773
v 6.13671970 0.83397454 -3.40720773
v 6.06314325 0.88084799 -3.40720773
v 5.99393225 0.93395555 -3.40720773
v 5.92961311 0.99289322 -3.40720773
v 5.87067509 1.05721235 -3.40720773
v 5.81756735 1.12642360 -3.40720773
v 5.77069426 1.20000005 -3.40720773
v 5.73041201 1.27738178 -3.40720773
v 5.69702673 1.35797989 -3.40720773
v 5.67079401 1.44118094 -3.40720773
v 5.65191174 1.52635181 -3.40720773
v 5.64052486 1.61284435 -3.40720773
v 2.63671970 31.20016289 -3.40720773
v 2.63671970 33.72516251 -3.40720773
v 2.63671970 26.45016289 -3.40720773
v 2.63671970 1.70000005 -1.50908720
v 2.63671970 1.70000005 -3.40720773
v 4.63671970 1.70000005 -1.50908720
v 2.69702697 1.35797989 -1.50908720
v 2.67079377 1.44118094 -1.50908720
v 2.65191197 1.52635181 -1.50908720
v 4.27950716 0.93395555 -1.50908720
v 4.05933809 0.79369217 -1.50908720
v 3.97873998 0.76030737 -1.50908720
v 4.21029615 0.88084799 -1.50908720
v 2.64052486 1.61284435 -1.50908720
v 3.06314325 0.88084799 -1.50908720
v 2.99393201 0.93395555 -1.50908720
v 3.21410131 0.79369217 -1.50908720
v 3.13671947 0.83397454 -1.50908720
v 4.13671970 0.83397454 -1.50908720
v 3.63671970 0.69999999 -1.50908720
v 4.50274467 1.20000005 -1.50908720
v 4.45587206 1.12642360 -1.50908720
v 2.73041201 1.27738178 -1.50908720
v 2.81756759 1.12642360 -1.50908720
v 2.77069426 1.20000005 -1.50908720
v 3.37790060 0.73407418 -1.50908720
v 3.29469967 0.76030737 -1.50908720
v 3.54956388 0.70380533 -1.50908720
v 3.46307158 0.71519226 -1.50908720
v 3.81036782 0.71519226 -1.50908720
v 3.72387528 0.70380533 -1.50908720
v 3.89553857 0.73407418 -1.50908720
v 4.54302740 1.27738178 -1.50908720
v 4.60264540 1.44118094 -1.50908720
v 4.57641268 1.35797989 -1.50908720
v 4.63291454 1.61284435 -1.50908720
v 4.62152767 1.52635181 -1.50908720
v 2.92961287 0.99289322 -1.50908720
v 2.87067509 1.05721235 -1.50908720
v 4.40276432 1.05721235 -1.50908720
v 4.34382629 0.99289322 -1.50908720
v 4.63671970 26.45016289 -3.40720773
v 4.63671970 31.20016289 -3.40720773
v 4.63671970 33.72516251 -3.40720773
v 4.63671970 1.70000005 -3.40720773
v 4.63291454 1.61284435 -3.40720773
v 4.62152767 1.52635181 -3.40720773
v 4.60264540 1.44118094 -3.40720773
v 4.57641268 1.35797989 -3.40720773
v 4.54302740 1.27738178 -3.40720773
v 4.50274467 1.20000005 -3.40720773
v 4.45587206 1.12642360 -3.40720773
v 4.40276432 1.05721235 -3.40720773
v 4.34382629 0.99289322 -3.40720773
v 4.27950716 0.93395555 -3.40720773
v 4.21029615 0.88084799 -3.40720773
v 4.13671970 0.83397454 -3.40720773
v 4.05933809 0.79369217 -3.40720773
v 3.97873998 0.76030737 -3.40720773
v 3.89553857 0.73407418 -3.40720773
v 3.81036782 0.71519226 -3.40720773
v 3.72387528 0.70380533 -3.40720773
v 3.63671970 0.69999999 -3.40720773
v 2.64052486 1.61284435 -3.40720773
v 2.65191197 1.52635181 -3.40720773
v 2.67079377 1.44118094 -3.40720773
v 2.69702697 1.35797989 -3.40720773
v 2.73041201 1.27738178 -3.40720773
v 2.77069426 1.20000005 -3.40720773
v 2.81756759 1.12642360 -3.40720773
v 2.87067509 1.05721235 -3.40720773
v 2.92961287 0.99289322 -3.40720773
v 2.99393201 0.93395555 -3.40720773
v 3.06314325 0.88084799 -3.40720773
v 3.13671947 0.83397454 -3.40720773
v 3.21410131 0.79369217 -3.40720773
v 3.29469967 0.76030737 -3.40720773
v 3.37790060 0.73407418 -3.40720773
v 3.46307158 0.71519226 -3.40720773
v 3.54956388 0.70380533 -3.40720773
v 1.63671970 1.70000005 -1.50908720
v 1.63671970 26.45016289 -3.40720773
v 1.63671970 31.20016289 -3.40720773
v 1.63671970 33.72516251 -3.40720773
v 1.63671970 1.70000005 -3.40720773
v 0.72387540 0.70380533 -3.40720773
v 0.63671964 0.69999999 -3.40720773
v 0.63671964 0.69999999 -1.50908720
v 0.81036782 0.71519226 -3.40720773
v 0.72387540 0.70380533 -1.50908720
v 0.89553869 0.73407418 -3.40720773
v 0.81036782 0.71519226 -1.50908720
v 0.97873980 0.76030737 -3.40720773
v 0.89553869 0.73407418 -1.50908720
v 1.05933785 0.79369217 -3.40720773
v 0.97873980 0.76030737 -1.50908720
v 1.13671958 0.83397454 -3.40720773
v 1.05933785 0.79369217 -1.50908720
v 1.21029603 0.88084799 -3.40720773
v 1.13671958 0.83397454 -1.50908720
v 1.27950728 0.93395555 -3.40720773
v 1.21029603 0.88084799 -1.50908720
v 1.34382641 0.99289322 -3.40720773
v 1.27950728 0.93395555 -1.50908720
v 1.40276408 1.05721235 -3.40720773
v 1.34382641 0.99289322 -1.50908720
v 1.45587170 1.12642360 -3.40720773
v 1.40276408 1.05721235 -1.50908720
v 1.50274503 1.20000005 -3.40720773
v 1.45587170 1.12642360 -1.50908720
v 1.54302752 1.27738178 -3.40720773
v 1.50274503 1.20000005 -1.50908720
v 1.57641220 1.35797989 -3.40720773
v 1.54302752 1.27738178 -1.50908720
v 1.60264552 1.44118094 -3.40720773
v 1.57641220 1.35797989 -1.50908720
v 1.62152731 1.52635181 -3.40720773
v 1.60264552 1.44118094 -1.50908720
v 1.63291430 1.61284435 -3.40720773
v 1.62152731 1.52635181 -1.50908720
v 1.63291430 1.61284435 -1.50908720
v -0.36328471 0.69999999 -3.40720773
v -0.36328471 0.69999999 -1.50908720
v -1.30297732 1.35797989 -1.50908720
v -1.32921052 1.44118094 -1.50908720
v -1.34809244 1.52635181 -1.50908720
v -1.35947943 1.61284435 -1.50908720
v -1.07039154 0.99289322 -1.50908720
v -0.78590298 0.79369217 -1.50908720
v -0.86328471 0.83397454 -1.50908720
v -1.26959240 1.27738178 -1.50908720
v -1.18243670 1.12642360 -1.50908720
v -1.22931004 1.20000005 -1.50908720
v -0.93686110 0.88084799 -1.50908720
v -0.62210375 0.73407418 -1.50908720
v -0.70530486 0.76030737 -1.50908720
v -0.45044041 0.70380533 -1.50908720
v -0.53693283 0.71519226 -1.50908720
v -1.12932909 1.05721235 -1.50908720
v -1.36328471 1.70000005 -1.50908720
v -1.00607228 0.93395555 -1.50908720
v -1.36328471 43.94005966 -1.50908720
v -1.36328471 31.20016289 -3.40720773
v -1.36328471 33.72516251 -3.40720773
v -1.36328471 26.45016289 -3.40720773
v -1.36328471 1.70000005 -3.40720773
v -1.36328471 43.94005966 -3.40720773
v -0.45044041 0.70380533 -3.40720773
v -0.53693283 0.71519226 -3.40720773
v -0.62210375 0.73407418 -3.40720773
v -0.70530486 0.76030737 -3.40720773
v -0.78590298 0.79369217 -3.40720773
v -0.86328471 0.83397454 -3.40720773
v -0.93686110 0.88084799 -3.40720773
v -1.00607228 0.93395555 -3.40720773
v -1.07039154 0.99289322 -3.40720773
v -1.12932909 1.05721235 -3.40720773
v -1.18243670 1.12642360 -3.40720773
v -1.22931004 1.20000005 -3.40720773
v -1.26959240 1.27738178 -3.40720773
v -1.30297732 1.35797989 -3.40720773
v -1.32921052 1.44118094 -3.40720773
v -1.34809244 1.52635181 -3.40720773
v -1.35947943 1.61284435 -3.40720773
v -7.36328459 45.12570190 -1.50908720
v -4.36328506 44.53287888 -1.50908720
v -5.36328459 44.73048782 -1.50908720
v -5.36328459 44.73048782 -3.40720773
v -2.36328459 44.13766861 -1.50908720
v -2.36328459 44.13766861 -3.40720773
v -7.36328459 45.12570190 -3.40720773
v -4.36328506 44.53287888 -3.40720773
v -4.36328506 31.20016289 -3.40720773
v -4.36328506 33.72516251 -3.40720773
v -4.36328506 26.45016289 -3.40720773
v -4.36328506 1.70000005 -1.50908720
v -4.36328506 1.70000005 -3.40720773
v -2.36328459 1.70000005 -1.50908720
v -3.78590298 0.79369217 -1.50908720
v -3.86328459 0.83397454 -1.50908720
v -3.93686128 0.88084799 -1.50908720
v -3.62210369 0.73407418 -1.50908720
v -3.70530486 0.76030737 -1.50908720
v -2.72049713 0.93395555 -1.50908720
v -2.94066644 0.79369217 -1.50908720
v -3.02126455 0.76030737 -1.50908720
v -2.78970838 0.88084799 -1.50908720
v -4.12932920 1.05721235 -1.50908720
v -4.18243647 1.12642360 -1.50908720
v -2.86328459 0.83397454 -1.50908720
v -3.36328483 0.69999999 -1.50908720
v -2.49725938 1.20000005 -1.50908720
v -2.54413247 1.12642360 -1.50908720
v -4.32921076 1.44118094 -1.50908720
v -4.34809208 1.52635181 -1.50908720
v -4.26959229 1.27738178 -1.50908720
v -4.30297709 1.35797989 -1.50908720
v -4.22931004 1.20000005 -1.50908720
v -3.53693295 0.71519226 -1.50908720
v -3.45044041 0.70380533 -1.50908720
v -3.18963647 0.71519226 -1.50908720
v -3.27612901 0.70380533 -1.50908720
v -3.10446548 0.73407418 -1.50908720
v -2.45697689 1.27738178 -1.50908720
v -2.39735889 1.44118094 -1.50908720
v -2.42359209 1.35797989 -1.50908720
v -2.36708999 1.61284435 -1.50908720
v -2.37847710 1.52635181 -1.50908720
v -4.35947943 1.61284435 -1.50908720
v -4.00607252 0.93395555 -1.50908720
v -4.07039118 0.99289322 -1.50908720
v -2.59724021 1.05721235 -1.50908720
v -2.65617776 0.99289322 -1.50908720
v -2.36328459 26.45016289 -3.40720773
v -2.36328459 31.20016289 -3.40720773
v -2.36328459 33.72516251 -3.40720773
v -2.36328459 1.70000005 -3.40720773
v -4.35947943 1.61284435 -3.40720773
v -4.34809208 1.52635181 -3.40720773
v -4.32921076 1.44118094 -3.40720773
v -4.30297709 1.35797989 -3.40720773
v -4.26959229 1.27738178 -3.40720773
v -4.22931004 1.20000005 -3.40720773
v -4.18243647 1.12642360 -3.40720773
v -4.12932920 1.05721235 -3.40720773
v -4.07039118 0.99289322 -3.40720773
v -4.00607252 0.93395555 -3.40720773
v -3.93686128 0.88084799 -3.40720773
v -3.86328459 0.83397454 -3.40720773
v -3.78590298 0.79369217 -3.40720773
v -3.70530486 0.76030737 -3.40720773
v -3.62210369 0.73407418 -3.40720773
v -3.53693295 0.71519226 -3.40720773
v -3.45044041 0.70380533 -3.40720773
v -3.36328483 0.69999999 -3.40720773
v -2.36708999 1.61284435 -3.40720773
v -2.37847710 1.52635181 -3.40720773
v -2.39735889 1.44118094 -3.40720773
v -2.42359209 1.35797989 -3.40720773
v -2.45697689 1.27738178 -3.40720773
v -2.49725938 1.20000005 -3.40720773
v -2.54413247 1.12642360 -3.40720773
v -2.59724021 1.05721235 -3.40720773
v -2.65617776 0.99289322 -3.40720773
v -2.72049713 0.93395555 -3.40720773
v -2.78970838 0.88084799 -3.40720773
v -2.86328459 0.83397454 -3.40720773
v -2.94066644 0.79369217 -3.40720773
v -3.02126455 0.76030737 -3.40720773
v -3.10446548 0.73407418 -3.40720773
v -3.18963647 0.71519226 -3.40720773
v -3.27612901 0.70380533 -3.40720773
v -5.36328459 1.70000005 -1.50908720
v -5.36328459 26.45016289 -3.40720773
v -5.36328459 31.20016289 -3.40720773
v -5.36328459 33.72516251 -3.40720773
v -5.36328459 1.70000005 -3.40720773
v -106.48578644 33.72516251 -3.40720773
v -66.86078644 33.72516251 -3.40720773
v -66.86078644 31.20016289 -3.40720773
v -29.66078758 33.72516251 -3.40720773
v -29.66078758 31.20016289 -3.40720773
v -14.35622406 33.72516251 -3.40720773
v -14.35622406 31.20016289 -3.40720773
v 14.46877575 33.72516251 -3.40720773
v 27.58921242 33.72516251 -3.40720773
v 27.58921242 31.20016289 -3.40720773
v 67.13921356 33.72516251 -3.40720773
v 67.13921356 31.20016289 -3.40720773
v 104.36421204 33.72516251 -3.40720773
v 104.36421204 31.20016289 -3.40720773
v -106.48578644 31.20016289 -3.40720773
v -66.86078644 26.45016289 -3.40720773
v 14.46877575 31.20016289 -3.40720773
v 27.58921242 26.45016289 -3.40720773
v 104.36421204 26.45016289 -3.40720773
v -106.48578644 26.45016289 -3.40720773
v -66.86078644 0.72516221 -3.40720773
v -29.66078758 26.45016289 -3.40720773
v -29.66078758 0.72516221 -3.40720773
v -14.35622406 26.45016289 -3.40720773
v -14.35622406 0.72516221 -3.40720773
v 14.46877575 26.45016289 -3.40720773
v 27.58921242 0.72516221 -3.40720773
v 67.13921356 26.45016289 -3.40720773
v 104.36421204 0.72516221 -3.40720773
v -29.66078758 -27.29983902 -3.40720773
v -14.35622406 -27.29983902 -3.40720773
v 14.46877575 0.72516221 -3.40720773
v 27.58921242 -27.29983902 -3.40720773
v 67.13921356 0.72516221 -3.40720773
v 67.13921356 -27.29983902 -3.40720773
v 104.36421204 -27.29983902 -3.40720773
v -106.48578644 -27.29983902 -3.40720773
v -66.86078644 -27.29983902 -3.40720773
v -66.86078644 -28.68532372 -3.40720773
v -29.66078758 -28.68532372 -3.40720773
v -14.35622406 -28.68532372 -3.40720773
v 14.46877575 -27.29983902 -3.40720773
v 14.46877575 -28.68532372 -3.40720773
v 27.58921242 -28.68532372 -3.40720773
v 67.13921356 -28.68532372 -3.40720773
v 104.36421204 -28.68532372 -3.40720773
v -106.48578644 -28.68532372 -3.40720773
v -66.86078644 -33.12483978 -3.40720773
v -29.66078758 -33.12483978 -3.40720773
v -14.35622406 -33.12483978 -3.40720773
v 104.36421204 -33.12483978 -3.40720773
v -106.48578644 -33.12483978 -3.40720773
v -66.86078644 -33.28532410 -3.40720773
v -29.66078758 -33.28532410 -3.40720773
v -14.35622406 -33.28532410 -3.40720773
v 14.46877575 -33.12483978 -3.40720773
v 27.58921242 -33.12483978 -3.40720773
v 27.58921242 -33.28532410 -3.40720773
v 67.13921356 -33.12483978 -3.40720773
v 104.36421204 -33.28532410 -3.40720773
v 14.46877575 -33.28532410 -3.40720773
v -106.48578644 0.72516221 -3.40720773
v 67.13921356 -33.28532410 -3.40720773
v -106.48578644 -33.28532410 -3.40720773
v -7.36328459 33.72516251 -3.40720773
v -7.36328459 31.20016289 -3.40720773
v -7.36328459 26.45016289 -3.40720773
v -6.86328506 0.83397454 -3.40720773
v -6.78590298 0.79369217 -3.40720773
v -6.93686104 0.88084799 -3.40720773
v -7.00607252 0.93395555 -3.40720773
v -7.12932920 1.05721235 -3.40720773
v -7.07039165 0.99289322 -3.40720773
v -6.70530462 0.76030737 -3.40720773
v -7.22931004 1.20000005 -3.40720773
v -7.18243647 1.12642360 -3.40720773
v -7.32921076 1.44118094 -3.40720773
v -7.30297709 1.35797989 -3.40720773
v -7.36328459 1.70000005 -3.40720773
v -7.26959229 1.27738178 -3.40720773
v -7.35947943 1.61284435 -3.40720773
v -7.34809208 1.52635181 -3.40720773
v -5.36709023 1.61284435 -3.40720773
v -5.37847662 1.52635181 -3.40720773
v -6.18963623 0.71519226 -3.40720773
v -6.10446548 0.73407418 -3.40720773
v -5.42359209 1.35797989 -3.40720773
v -5.39735889 1.44118094 -3.40720773
v -5.49725914 1.20000005 -3.40720773
v -5.45697689 1.27738178 -3.40720773
v -5.72049713 0.93395555 -3.40720773
v -5.65617800 0.99289322 -3.40720773
v -6.02126455 0.76030737 -3.40720773
v -5.54413271 1.12642360 -3.40720773
v -5.59724045 1.05721235 -3.40720773
v -5.86328459 0.83397454 -3.40720773
v -5.78970814 0.88084799 -3.40720773
v -5.94066620 0.79369217 -3.40720773
v -6.27612877 0.70380533 -3.40720773
v -6.45044041 0.70380533 -3.40720773
v -6.36328459 0.69999999 -3.40720773
v -6.62210369 0.73407418 -3.40720773
v -6.53693247 0.71519226 -3.40720773
v -7.36328459 1.70000005 -1.50908720
v -5.94066620 0.79369217 -1.50908720
v -6.02126455 0.76030737 -1.50908720
v -6.36328459 0.69999999 -1.50908720
v -7.34809208 1.52635181 -1.50908720
v -7.35947943 1.61284435 -1.50908720
v -7.30297709 1.35797989 -1.50908720
v -7.32921076 1.44118094 -1.50908720
v -7.18243647 1.12642360 -1.50908720
v -7.22931004 1.20000005 -1.50908720
v -7.07039165 0.99289322 -1.50908720
v -6.78590298 0.79369217 -1.50908720
v -6.86328506 0.83397454 -1.50908720
v -6.10446548 0.73407418 -1.50908720
v -5.72049713 0.93395555 -1.50908720
v -5.78970814 0.88084799 -1.50908720
v -5.49725914 1.20000005 -1.50908720
v -5.54413271 1.12642360 -1.50908720
v -7.26959229 1.27738178 -1.50908720
v -6.93686104 0.88084799 -1.50908720
v -6.62210369 0.73407418 -1.50908720
v -6.70530462 0.76030737 -1.50908720
v -6.45044041 0.70380533 -1.50908720
v -6.53693247 0.71519226 -1.50908720
v -6.18963623 0.71519226 -1.50908720
v -6.27612877 0.70380533 -1.50908720
v -5.86328459 0.83397454 -1.50908720
v -5.65617800 0.99289322 -1.50908720
v -5.45697689 1.27738178 -1.50908720
v -5.39735889 1.44118094 -1.50908720
v -5.42359209 1.35797989 -1.50908720
v -5.36709023 1.61284435 -1.50908720
v -7.12932920 1.05721235 -1.50908720
v -5.59724045 1.05721235 -1.50908720
v -5.37847662 1.52635181 -1.50908720
v -7.00607252 0.93395555 -1.50908720
vt 0.98611110 1
vt 1 1
vt 1 0
vt 0.97222221 1
vt 0.98611110 0
vt 0.95833331 1
vt 0.97222221 0
vt 0.94444442 1
vt 0.95833331 0
vt 0.93055558 1
vt 0.94444442 0
vt 0.91666669 1
vt 0.93055558 0
vt 0.90277779 1
vt 0.91666669 0
vt 0.88888890 1
vt 0.90277779 0
vt 0.87500000 1
vt 0.88888890 0
vt 0.86111110 1
vt 0.87500000 0
vt 0.84722221 1
vt 0.86111110 0
vt 0.83333331 1
vt 0.84722221 0
vt 0.81944442 1
vt 0.83333331 0
vt 0.80555558 1
vt 0.81944442 0
vt 0.79166669 1
vt 0.80555558 0
vt 0.77777779 1
vt 0.79166669 0
vt 0.76388890 1
vt 0.77777779 0
vt 0.75000000 1
vt 0.76388890 0
vt 0.73611110 1
vt 0.75000000 0
vt 0.72222221 1
vt 0.73611110 0
vt 0.70833331 1
vt 0.72222221 0
vt 0.69444442 1
vt 0.70833331 0
vt 0.68055558 1
vt 0.69444442 0
vt 0.66666669 1
vt 0.68055558 0
vt 0.65277779 1
vt 0.66666669 0
vt 0.63888890 1
vt 0.65277779 0
vt 0.62500000 1
vt 0.63888890 0
vt 0.61111110 1
vt 0.62500000 0
vt 0.59722221 1
vt 0.61111110 0
vt 0.58333331 1
vt 0.59722221 0
vt 0.56944442 1
vt 0.58333331 0
vt 0.55555558 1
vt 0.56944442 0
vt 0.54166669 1
vt 0.55555558 0
vt 0.52777779 1
vt 0.54166669 0
vt 0.51388890 1
vt 0.52777779 0
vt 0.50000000 1
vt 0.51388890 0
vt 0.48611110 1
vt 0.50000000 0
vt 0.47222221 1
vt 0.48611110 0
vt 0.45833334 1
vt 0.47222221 0
vt 0.44444445 1
vt 0.45833334 0
vt 0.43055555 1
vt 0.44444445 0
vt 0.41666666 1
vt 0.43055555 0
vt 0.40277779 1
vt 0.41666666 0
vt 0.38888890 1
vt 0.40277779 0
vt 0.37500000 1
vt 0.38888890 0
vt 0.36111110 1
vt 0.37500000 0
vt 0.34722221 1
vt 0.36111110 0
vt 0.33333334 1
vt 0.34722221 0
vt 0.31944445 1
vt 0.33333334 0
vt 0.30555555 1
vt 0.31944445 0
vt 0.29166666 1
vt 0.30555555 0
vt 0.27777779 1
vt 0.29166666 0
vt 0.26388890 1
vt 0.27777779 0
vt 0.25000000 1
vt 0.26388890 0
vt 0.23611110 1
vt 0.25000000 0
vt 0.22222222 1
vt 0.23611110 0
vt 0.20833333 1
vt 0.22222222 0
vt 0.19444445 1
vt 0.20833333 0
vt 0.18055555 1
vt 0.19444445 0
vt 0.16666667 1
vt 0.18055555 0
vt 0.15277778 1
vt 0.16666667 0
vt 0.13888890 1
vt 0.15277778 0
vt 0.12500000 1
vt 0.13888890 0
vt 0.11111111 1
vt 0.12500000 0
vt 0.09722222 1
vt 0.11111111 0
vt 0.08333334 1
vt 0.09722222 0
vt 0.06944445 1
vt 0.08333334 0
vt 0.05555556 1
vt 0.06944445 0
vt 0.04166667 1
vt 0.05555556 0
vt 0.02777778 1
vt 0.04166667 0
vt 0.01388889 1
vt 0.02777778 0
vt 0.01388889 0
vt 0.37212497 0.97723609
vt 0.45027083 0.68559182
vt 0.46663547 0.68921977
vt 0.33101770 0.96427500
vt 0.43428466 0.68055141
vt 0.62787503 0.02276392
vt 0.54972917 0.31440818
vt 0.53336453 0.31078023
vt 0.66898227 0.03572499
vt 0.56571531 0.31944862
vt 0.90471941 0.78338754
vt 0.65739089 0.61020631
vt 0.66639704 0.59606940
vt 0.87848043 0.81758279
vt 0.64718682 0.62350440
vt 0.78338754 0.90471941
vt 0.61020631 0.65739089
vt 0.62350440 0.64718682
vt 0.74703556 0.92787814
vt 0.59606940 0.66639704
vt 0.62787503 0.97723609
vt 0.54972917 0.68559182
vt 0.56571531 0.68055141
vt 0.58579457 0.98656511
vt 0.53336453 0.68921977
vt 0.29119653 0.94778055
vt 0.41879866 0.67413688
vt 0.12151954 0.81758279
vt 0.09528061 0.78338754
vt 0.34260914 0.61020631
vt 0.07212184 0.74703556
vt 0.33360294 0.59606940
vt 0.09528061 0.21661243
vt 0.34260914 0.38979372
vt 0.33360294 0.40393060
vt 0.12151954 0.18241718
vt 0.35281315 0.37649557
vt 0.37212497 0.02276392
vt 0.45027083 0.31440818
vt 0.43428466 0.31944862
vt 0.41420543 0.01343490
vt 0.46663547 0.31078023
vt 0.70880347 0.05221947
vt 0.58120137 0.32586312
vt 0.87848043 0.18241718
vt 0.90471941 0.21661243
vt 0.65739089 0.38979372
vt 0.92787814 0.25296444
vt 0.66639704 0.40393060
vt 0.84936106 0.84936106
vt 0.63586265 0.63586265
vt 0.70880347 0.94778055
vt 0.58120137 0.67413688
vt 0.66898227 0.96427500
vt 0.25296444 0.92787814
vt 0.40393060 0.66639704
vt 0.21661243 0.90471941
vt 0.38979372 0.65739089
vt 0.18241718 0.87848043
vt 0.37649557 0.64718682
vt 0.35281315 0.62350440
vt 0.36413735 0.63586265
vt 0.15063894 0.15063894
vt 0.36413735 0.36413735
vt 0.18241718 0.12151954
vt 0.37649557 0.35281315
vt 0.21661243 0.09528061
vt 0.38979372 0.34260914
vt 0.25296444 0.07212184
vt 0.40393060 0.33360294
vt 0.29119653 0.05221947
vt 0.41879866 0.32586312
vt 0.33101770 0.03572499
vt 0.74703556 0.07212184
vt 0.59606940 0.33360294
vt 0.78338754 0.09528061
vt 0.61020631 0.34260914
vt 0.81758279 0.12151954
vt 0.62350440 0.35281315
vt 0.64718682 0.37649557
vt 0.63586265 0.36413735
vt 0.81758279 0.87848043
vt 0.15063894 0.84936106
vt 0.84936106 0.15063894
vt 0.54306114 0.99219108
vt 0.51674598 0.69140762
vt 0.50000000 0.99407113
vt 0.50000000 0.69213879
vt 0.45693886 0.99219108
vt 0.48325402 0.69140762
vt 0.41420543 0.98656511
vt 0.45693886 0.00780894
vt 0.48325402 0.30859238
vt 0.50000000 0.00592885
vt 0.50000000 0.30786121
vt 0.54306114 0.00780894
vt 0.51674598 0.30859238
vt 0.58579457 0.01343490
vt 0.96427500 0.66898227
vt 0.68055141 0.56571531
vt 0.68559182 0.54972917
vt 0.94778055 0.70880347
vt 0.67413688 0.58120137
vt 0.92787814 0.74703556
vt 0.03572499 0.66898227
vt 0.31944862 0.56571531
vt 0.32586312 0.58120137
vt 0.02276392 0.62787503
vt 0.31440818 0.54972917
vt 0.01343490 0.58579457
vt 0.31078023 0.53336453
vt 0.00780894 0.54306114
vt 0.30859238 0.51674598
vt 0.00592885 0.50000000
vt 0.30786121 0.50000000
vt 0.00780894 0.45693886
vt 0.30859238 0.48325402
vt 0.05221947 0.70880347
vt 0.01343490 0.41420543
vt 0.31078023 0.46663547
vt 0.02276392 0.37212497
vt 0.31440818 0.45027083
vt 0.03572499 0.33101770
vt 0.31944862 0.43428466
vt 0.05221947 0.29119653
vt 0.32586312 0.41879866
vt 0.07212184 0.25296444
vt 0.96427500 0.33101770
vt 0.68055141 0.43428466
vt 0.67413688 0.41879866
vt 0.97723609 0.37212497
vt 0.68559182 0.45027083
vt 0.94778055 0.29119653
vt 0.98411494 0.59868634
vt 0.97723609 0.62787503
vt 0.98656511 0.41420543
vt 0.68921977 0.46663547
vt 0.99219108 0.45693886
vt 0.69140762 0.48325402
vt 0.98656511 0.58579457
vt 0.68921977 0.53336453
vt 0.69140762 0.51674598
vt 0.99407113 0.50000000
vt 0.69213879 0.50000000
vt 0.99219108 0.54306114
vt 0 1
vt 0 0
vt 0.01388889 0
vt 0.01388889 1
vt 0.02777778 0
vt 0.02777778 1
vt 0.04166667 0
vt 0.04166667 1
vt 0.05555556 0
vt 0.05555556 1
vt 0.06944445 0
vt 0.06944445 1
vt 0.08333334 0
vt 0.08333334 1
vt 0.09722222 0
vt 0.09722222 1
vt 0.11111111 0
vt 0.11111111 1
vt 0.12500000 0
vt 0.12500000 1
vt 0.13888890 0
vt 0.13888890 1
vt 0.15277778 0
vt 0.15277778 1
vt 0.16666667 0
vt 0.16666667 1
vt 0.18055555 0
vt 0.18055555 1
vt 0.19444445 0
vt 0.19444445 1
vt 0.20833333 0
vt 0.20833333 1
vt 0.22222222 0
vt 0.22222222 1
vt 0.23611110 0
vt 0.23611110 1
vt 0.25000000 0
vt 0.25000000 1
vt 0.26388890 0
vt 0.26388890 1
vt 0.27777779 0
vt 0.27777779 1
vt 0.29166666 0
vt 0.29166666 1
vt 0.30555555 0
vt 0.30555555 1
vt 0.31944445 0
vt 0.31944445 1
vt 0.33333334 0
vt 0.33333334 1
vt 0.34722221 0
vt 0.34722221 1
vt 0.36111110 0
vt 0.36111110 1
vt 0.37500000 0
vt 0.37500000 1
vt 0.38888890 0
vt 0.38888890 1
vt 0.40277779 0
vt 0.40277779 1
vt 0.41666666 0
vt 0.41666666 1
vt 0.43055555 0
vt 0.43055555 1
vt 0.44444445 0
vt 0.44444445 1
vt 0.45833334 0
vt 0.45833334 1
vt 0.46799493 0
vt 0.47222221 1
vt 0.47222221 0
vt 0.48611110 0
vt 0.48611110 1
vt 0.50000000 0
vt 0.50000000 1
vt 0.51388890 0
vt 0.51388890 1
vt 0.52777779 0
vt 0.52777779 1
vt 0.54166669 0
vt 0.54166669 1
vt 0.55555558 0
vt 0.55555558 1
vt 0.56944442 0
vt 0.56944442 1
vt 0.58333331 0
vt 0.58333331 1
vt 0.59722221 0
vt 0.59722221 1
vt 0.61111110 0
vt 0.61111110 1
vt 0.62500000 0
vt 0.62500000 1
vt 0.63888890 0
vt 0.63888890 1
vt 0.65277779 0
vt 0.65277779 1
vt 0.66666669 0
vt 0.66666669 1
vt 0.68055558 0
vt 0.68055558 1
vt 0.69444442 0
vt 0.69444442 1
vt 0.70833331 0
vt 0.70833331 1
vt 0.72222221 0
vt 0.72222221 1
vt 0.73611110 0
vt 0.73611110 1
vt 0.75000000 0
vt 0.75000000 1
vt 0.76388890 0
vt 0.76388890 1
vt 0.77777779 0
vt 0.77777779 1
vt 0.79166669 0
vt 0.79166669 1
vt 0.80555558 0
vt 0.80555558 1
vt 0.81944442 0
vt 0.81944442 1
vt 0.83333331 0
vt 0.83333331 1
vt 0.84722221 0
vt 0.84722221 1
vt 0.86111110 0
vt 0.86111110 1
vt 0.87500000 0
vt 0.87500000 1
vt 0.88888890 0
vt 0.88888890 1
vt 0.90277779 0
vt 0.90277779 1
vt 0.91666669 0
vt 0.91666669 1
vt 0.93055558 0
vt 0.93055558 1
vt 0.94444442 0
vt 0.94444442 1
vt 0.95833331 0
vt 0.95833331 1
vt 0.97222221 0
vt 0.97222221 1
vt 0.98611110 0
vt 0.98611110 1
vt 0.81758279 0.12151954
vt 0.69962347 0.26209798
vt 0.67812932 0.24560496
vt 0.84936106 0.15063894
vt 0.71959835 0.28040162
vt 0.87848043 0.18241718
vt 0.73790199 0.30037650
vt 0.90471941 0.21661243
vt 0.75439507 0.32187068
vt 0.92787814 0.25296444
vt 0.76895201 0.34472048
vt 0.74703556 0.07212184
vt 0.65527952 0.23104802
vt 0.63124788 0.21853796
vt 0.78338754 0.09528061
vt 0.18241718 0.12151954
vt 0.30037650 0.26209798
vt 0.28040162 0.28040162
vt 0.21661243 0.09528061
vt 0.32187068 0.24560496
vt 0.33101770 0.03572499
vt 0.39378256 0.20817000
vt 0.36875209 0.21853796
vt 0.37212497 0.02276392
vt 0.41962141 0.20002304
vt 0.45693886 0.00780894
vt 0.47293299 0.19062276
vt 0.44607198 0.19415908
vt 0.50000000 0.00592885
vt 0.50000000 0.18944100
vt 0.54306114 0.00780894
vt 0.52706701 0.19062276
vt 0.58579457 0.01343490
vt 0.55392802 0.19415908
vt 0.62787503 0.02276392
vt 0.58037859 0.20002304
vt 0.66898227 0.03572499
vt 0.60621744 0.20817000
vt 0.81758279 0.87848043
vt 0.69962347 0.73790199
vt 0.71959835 0.71959835
vt 0.78338754 0.90471941
vt 0.67812932 0.75439507
vt 0.18241718 0.87848043
vt 0.30037650 0.73790199
vt 0.32187068 0.75439507
vt 0.15063894 0.84936106
vt 0.28040162 0.71959835
vt 0.09528061 0.21661243
vt 0.24560496 0.32187068
vt 0.23104802 0.34472048
vt 0.12151954 0.18241718
vt 0.26209798 0.30037650
vt 0.15063894 0.15063894
vt 0.25296444 0.07212184
vt 0.34472048 0.23104802
vt 0.29119653 0.05221947
vt 0.41420543 0.01343490
vt 0.70880347 0.05221947
vt 0.94778055 0.29119653
vt 0.78146207 0.36875209
vt 0.90471941 0.78338754
vt 0.75439507 0.67812932
vt 0.76895201 0.65527952
vt 0.87848043 0.81758279
vt 0.73790199 0.69962347
vt 0.84936106 0.84936106
vt 0.74703556 0.92787814
vt 0.65527952 0.76895201
vt 0.70880347 0.94778055
vt 0.63124788 0.78146207
vt 0.12151954 0.81758279
vt 0.26209798 0.69962347
vt 0.09528061 0.78338754
vt 0.24560496 0.67812932
vt 0.07212184 0.74703556
vt 0.23104802 0.65527952
vt 0.07212184 0.25296444
vt 0.21853796 0.36875209
vt 0.92787814 0.74703556
vt 0.78146207 0.63124788
vt 0.62787503 0.97723609
vt 0.58037859 0.79997694
vt 0.60621744 0.79183000
vt 0.58579457 0.98656511
vt 0.55392802 0.80584091
vt 0.25296444 0.92787814
vt 0.34472048 0.76895201
vt 0.36875209 0.78146207
vt 0.21661243 0.90471941
vt 0.66898227 0.96427500
vt 0.54306114 0.99219108
vt 0.52706701 0.80937725
vt 0.50000000 0.99407113
vt 0.50000000 0.81055903
vt 0.45693886 0.99219108
vt 0.47293299 0.80937725
vt 0.41420543 0.98656511
vt 0.44607198 0.80584091
vt 0.37212497 0.97723609
vt 0.41962141 0.79997694
vt 0.33101770 0.96427500
vt 0.39378256 0.79183000
vt 0.03572499 0.33101770
vt 0.20817000 0.39378256
vt 0.20002304 0.41962141
vt 0.05221947 0.29119653
vt 0.29119653 0.94778055
vt 0.05221947 0.70880347
vt 0.21853796 0.63124788
vt 0.96427500 0.33101770
vt 0.79183000 0.39378256
vt 0.97723609 0.37212497
vt 0.79997694 0.41962141
vt 0.03572499 0.66898227
vt 0.20817000 0.60621744
vt 0.02276392 0.62787503
vt 0.20002304 0.58037859
vt 0.01343490 0.58579457
vt 0.19415908 0.55392802
vt 0.00780894 0.54306114
vt 0.19062276 0.52706701
vt 0.00780894 0.45693886
vt 0.19062276 0.47293299
vt 0.18944100 0.50000000
vt 0.01343490 0.41420543
vt 0.19415908 0.44607198
vt 0.02276392 0.37212497
vt 0.96427500 0.66898227
vt 0.79183000 0.60621744
vt 0.79997694 0.58037859
vt 0.94778055 0.70880347
vt 0.00592885 0.50000000
vt 0.98656511 0.41420543
vt 0.80584091 0.44607198
vt 0.99219108 0.45693886
vt 0.80937725 0.47293299
vt 0.98656511 0.58579457
vt 0.80584091 0.55392802
vt 0.80937725 0.52706701
vt 0.97723609 0.62787503
vt 0.99407113 0.50000000
vt 0.81055903 0.50000000
vt 0.99219108 0.54306114
vt 0.98611110 1
vt 1 1
vt 1 0
vt 0.97222221 1
vt 0.98611110 0
vt 0.95833331 1
vt 0.97222221 0
vt 0.94444442 1
vt 0.95833331 0
vt 0.93055558 1
vt 0.94444442 0
vt 0.91666669 1
vt 0.93055558 0
vt 0.90277779 1
vt 0.91666669 0
vt 0.88888890 1
vt 0.90277779 0
vt 0.87500000 1
vt 0.88888890 0
vt 0.86111110 1
vt 0.87500000 0
vt 0.84722221 1
vt 0.86111110 0
vt 0.83333331 1
vt 0.84722221 0
vt 0.81944442 1
vt 0.83333331 0
vt 0.80555558 1
vt 0.81944442 0
vt 0.79166669 1
vt 0.80555558 0
vt 0.77777779 1
vt 0.79166669 0
vt 0.76388890 1
vt 0.77777779 0
vt 0.75000000 1
vt 0.76388890 0
vt 0.73611110 1
vt 0.75000000 0
vt 0.72222221 1
vt 0.73611110 0
vt 0.70833331 1
vt 0.72222221 0
vt 0.69444442 1
vt 0.70833331 0
vt 0.68055558 1
vt 0.69444442 0
vt 0.66666669 1
vt 0.68055558 0
vt 0.65277779 1
vt 0.66666669 0
vt 0.63888890 1
vt 0.65277779 0
vt 0.62500000 1
vt 0.63888890 0
vt 0.61111110 1
vt 0.62500000 0
vt 0.59722221 1
vt 0.61111110 0
vt 0.58333331 1
vt 0.59722221 0
vt 0.56944442 1
vt 0.58333331 0
vt 0.55555558 1
vt 0.56944442 0
vt 0.54166669 1
vt 0.55555558 0
vt 0.52777779 1
vt 0.54166669 0
vt 0.51388890 1
vt 0.52777779 0
vt 0.50000000 1
vt 0.51388890 0
vt 0.48611110 1
vt 0.50000000 0
vt 0.47222221 1
vt 0.48611110 0
vt 0.45833334 1
vt 0.47222221 0
vt 0.44444445 1
vt 0.45833334 0
vt 0.43055555 1
vt 0.44444445 0
vt 0.41666666 1
vt 0.43055555 0
vt 0.40277779 1
vt 0.41666666 0
vt 0.38888890 1
vt 0.40277779 0
vt 0.37500000 1
vt 0.38888890 0
vt 0.36111110 1
vt 0.37500000 0
vt 0.34722221 1
vt 0.36111110 0
vt 0.33333334 1
vt 0.34722221 0
vt 0.31944445 1
vt 0.33333334 0
vt 0.30555555 1
vt 0.31944445 0
vt 0.29166666 1
vt 0.30555555 0
vt 0.27777779 1
vt 0.29166666 0
vt 0.26388890 1
vt 0.27777779 0
vt 0.25000000 1
vt 0.26388890 0
vt 0.23611110 1
vt 0.25000000 0
vt 0.22222222 1
vt 0.23611110 0
vt 0.20833333 1
vt 0.22222222 0
vt 0.19444445 1
vt 0.20833333 0
vt 0.18055555 1
vt 0.19444445 0
vt 0.16666667 1
vt 0.18055555 0
vt 0.15277778 1
vt 0.16666667 0
vt 0.13888890 1
vt 0.15277778 0
vt 0.12500000 1
vt 0.13888890 0
vt 0.11111111 1
vt 0.12500000 0
vt 0.09722222 1
vt 0.11111111 0
vt 0.08333334 1
vt 0.09722222 0
vt 0.06944445 1
vt 0.08333334 0
vt 0.05555556 1
vt 0.06944445 0
vt 0.04166667 1
vt 0.05555556 0
vt 0.02777778 1
vt 0.04166667 0
vt 0.01388889 1
vt 0.02777778 0
vt 0.01388889 0
vt 0.45100686 0.19175713
vt 0.45100686 0.09109657
vt 0.54841542 0.09109657
vt 0.54841542 0.19175713
vt 0.59216952 0.09109657
vt 0.24333774 0.21624981
vt 0.24333774 0.19175713
vt 0.37283269 0.19175713
vt 0.75672001 0.21624981
vt 0.75672001 0.19175713
vt 0.88631076 0.19175713
vt 0.24333774 0.28269610
vt 0.37283269 0.21624981
vt 0.75672001 0.28269610
vt 0.88631076 0.21624981
vt 0.24333774 0.50891936
vt 0.37283269 0.28269610
vt 0.37283269 0.50891936
vt 0.45100686 0.28269610
vt 0.54841542 0.50891936
vt 0.54841542 0.28269610
vt 0.59216952 0.28269610
vt 0.59216952 0.50891936
vt 0.75672001 0.50891936
vt 0.88631076 0.28269610
vt 0.07849989 0.74026382
vt 0.07849989 0.50891936
vt 0.54841542 0.74026382
vt 0.75672001 0.74026382
vt 0.88631076 0.50891936
vt 0.07849989 0.77254957
vt 0.24333774 0.74026382
vt 0.54841542 0.77254957
vt 0.59216952 0.74026382
vt 0.75672001 0.77254957
vt 0.88631076 0.74026382
vt 0.24333774 0.82042164
vt 0.24333774 0.77254957
vt 0.37283269 0.77254957
vt 0.54841542 0.82042164
vt 0.59216952 0.77254957
vt 0.49447596 0.21211505
vt 0.49416170 0.21326183
vt 0.49483204 0.21103629
vt 0.49565843 0.20911519
vt 0.49522719 0.21003380
vt 0.49389163 0.21446791
vt 0.49366778 0.21572414
vt 0.49996805 0.20546870
vt 0.49661577 0.20755686
vt 0.49612245 0.20828745
vt 0.49880382 0.20570549
vt 0.49823278 0.20599979
vt 0.49938372 0.20552801
vt 0.50113231 0.20570549
vt 0.50055242 0.20552801
vt 0.50226116 0.20640866
vt 0.50170332 0.20599979
vt 0.50510412 0.21103629
vt 0.50470895 0.21003380
vt 0.50577444 0.21326183
vt 0.50546014 0.21211505
vt 0.54841542 0.21624981
vt 0.50626832 0.21572414
vt 0.49767494 0.20640866
vt 0.49713457 0.20692901
vt 0.50332040 0.20755686
vt 0.50280154 0.20692901
vt 0.50427771 0.20911519
vt 0.50381368 0.20828745
vt 0.50604451 0.21446791
vt 0.50644422 0.22508897
vt 0.45100686 0.21624981
vt 0.49336532 0.21834843
vt 0.49328896 0.21969652
vt 0.50667268 0.22105494
vt 0.50664717 0.21969652
vt 0.50626832 0.22638576
vt 0.49336532 0.22376147
vt 0.49349189 0.22508897
vt 0.49326345 0.22105494
vt 0.50657082 0.21834843
vt 0.50644422 0.21702093
vt 0.50664717 0.22241338
vt 0.50604451 0.22764198
vt 0.50546014 0.22999485
vt 0.50577444 0.22884807
vt 0.49328896 0.22241338
vt 0.49349189 0.21702093
vt 0.50470895 0.23207609
vt 0.50510412 0.23107360
vt 0.49522719 0.23207609
vt 0.49565843 0.23299471
vt 0.50657082 0.22376147
vt 0.50332040 0.23455304
vt 0.50381368 0.23382245
vt 0.49483204 0.23107360
vt 0.49416170 0.22884807
vt 0.49447596 0.22999485
vt 0.49366778 0.22638576
vt 0.49389163 0.22764198
vt 0.50427771 0.23299471
vt 0.49612245 0.23382245
vt 0.49661577 0.23455304
vt 0.50226116 0.23570123
vt 0.50280154 0.23518088
vt 0.49713457 0.23518088
vt 0.50113231 0.23640440
vt 0.50170332 0.23611011
vt 0.49938372 0.23658189
vt 0.49996805 0.23664120
vt 0.49767494 0.23570123
vt 0.49823278 0.23611011
vt 0.50055242 0.23658189
vt 0.49880382 0.23640440
vt 0.09933820 0.30877960
vt 0.10072774 0.30744156
vt 0.08615548 0.30744156
vt 0.08754503 0.30877960
vt 0.10206184 0.30582708
vt 0.09643538 0.31058776
vt 0.09790377 0.30983099
vt 0.09044784 0.31058776
vt 0.09193901 0.31104413
vt 0.08897945 0.30983099
vt 0.10333033 0.30394846
vt 0.10452356 0.30181998
vt 0.09344161 0.31119666
vt 0.09494422 0.31104413
vt 0.08125077 0.29945782
vt 0.08235966 0.30181998
vt 0.08355290 0.30394846
vt 0.08482139 0.30582708
vt 0.08023466 0.29687998
vt 0.07851095 0.29115719
vt 0.07931906 0.29410607
vt 0.10563245 0.29945782
vt 0.10664856 0.29687998
vt 0.10964233 0.28482553
vt 0.10837228 0.29115719
vt 0.10906676 0.28805581
vt 0.10756416 0.29410607
vt 0.10452356 0.24041550
vt 0.10333033 0.23828700
vt 0.07849989 0.21624981
vt 0.09643538 0.23164770
vt 0.09494422 0.23119132
vt 0.09933820 0.23345587
vt 0.09790377 0.23240446
vt 0.10206184 0.23640837
vt 0.08754503 0.23345587
vt 0.08615548 0.23479389
vt 0.09044784 0.23164770
vt 0.08897945 0.23240446
vt 0.10072774 0.23479389
vt 0.10563245 0.24277765
vt 0.10664856 0.24535550
vt 0.08355290 0.23828700
vt 0.08235966 0.24041550
vt 0.08482139 0.23640837
vt 0.09344161 0.23103881
vt 0.09193901 0.23119132
vt 0.10837228 0.25107828
vt 0.10756416 0.24812940
vt 0.10964233 0.25740993
vt 0.10906676 0.25417966
vt 0.11042014 0.26415810
vt 0.11009461 0.26074454
vt 0.08125077 0.24277765
vt 0.08023466 0.24535550
vt 0.07931906 0.24812940
vt 0.11068206 0.27111772
vt 0.11061645 0.26762462
vt 0.11042014 0.27807736
vt 0.11061645 0.27461085
vt 0.11009461 0.28149092
vt 0.09954167 0.77359277
vt 0.09803907 0.77344024
vt 0.10103284 0.77404910
vt 0.10912101 0.78281695
vt 0.10792778 0.78068841
vt 0.09214249 0.77585727
vt 0.09075294 0.77719533
vt 0.09504529 0.77404910
vt 0.09357691 0.77480590
vt 0.10250122 0.77480590
vt 0.10532519 0.77719533
vt 0.10393564 0.77585727
vt 0.10665929 0.77880979
vt 0.08584823 0.78517908
vt 0.08483212 0.78775692
vt 0.08815035 0.78068841
vt 0.08695712 0.78281695
vt 0.11022990 0.78517908
vt 0.08941884 0.77880979
vt 0.09653646 0.77359277
vt 0.07849989 0.82042164
vt 0.08106054 0.80655950
vt 0.11296973 0.79347968
vt 0.11216161 0.79053086
vt 0.08138607 0.80314595
vt 0.11124601 0.78775692
vt 0.08086422 0.81002605
vt 0.08241391 0.79658109
vt 0.08183834 0.79981136
vt 0.08391652 0.79053086
vt 0.08310840 0.79347968
vt 0.11501759 0.80655950
vt 0.11469206 0.80314595
vt 0.11423979 0.79981136
vt 0.11366422 0.79658109
vt 0.08079862 0.81351918
vt 0.08086422 0.81701225
vt 0.11527951 0.81351918
vt 0.11521391 0.81002605
vt 0.11501759 0.82047880
vt 0.11521391 0.81701225
vt 0.88631076 0.77254957
vt 0.89612210 0.77407598
vt 0.89473253 0.77541405
vt 0.89902490 0.77226782
vt 0.89755654 0.77302462
vt 0.88982785 0.78339779
vt 0.88881177 0.78597564
vt 0.89212996 0.77890712
vt 0.89093673 0.78103566
vt 0.89339846 0.77702850
vt 0.88789612 0.78874958
vt 0.88708800 0.79169840
vt 0.75672001 0.82042164
vt 0.88477826 0.81173790
vt 0.88484383 0.81523097
vt 0.88484383 0.80824476
vt 0.88504016 0.81869751
vt 0.88504016 0.80477822
vt 0.88581795 0.79803008
vt 0.88536572 0.80136466
vt 0.88639355 0.79479980
vt 0.62302375 0.19940512
vt 0.62232924 0.19630374
vt 0.62405157 0.20597002
vt 0.62359929 0.20263541
vt 0.62457341 0.21285009
vt 0.62437707 0.20938356
vt 0.62152112 0.19335487
vt 0.62463903 0.21634319
vt 0.61186075 0.17762993
vt 0.61039233 0.17687316
vt 0.75672001 0.09109657
vt 0.61468470 0.18001936
vt 0.61848050 0.18564096
vt 0.61728728 0.18351246
vt 0.61329514 0.17868133
vt 0.61601877 0.18163383
vt 0.61958939 0.18800312
vt 0.62060553 0.19058096
vt 0.60011244 0.18001936
vt 0.59877837 0.18163383
vt 0.60589594 0.17641678
vt 0.60440481 0.17687316
vt 0.60150200 0.17868133
vt 0.60293639 0.17762993
vt 0.60890114 0.17641678
vt 0.60739857 0.17626427
vt 0.59520775 0.18800312
vt 0.59419161 0.19058096
vt 0.59750986 0.18351246
vt 0.59631664 0.18564096
vt 0.59216952 0.19175713
vt 0.59327602 0.19335487
vt 0.59042007 0.20938356
vt 0.59022373 0.21285009
vt 0.59074557 0.20597002
vt 0.59246790 0.19630374
vt 0.59119785 0.20263541
vt 0.59177339 0.19940512
vt 0.59042007 0.22330283
vt 0.59074557 0.22671638
vt 0.59015810 0.21634319
vt 0.59022373 0.21983631
vt 0.59119785 0.23005100
vt 0.59177339 0.23328128
vt 0.59246790 0.23638266
vt 0.61039233 0.25581324
vt 0.61186075 0.25505647
vt 0.60890114 0.25626960
vt 0.60293639 0.25505647
vt 0.60440481 0.25581324
vt 0.61601877 0.25105256
vt 0.61728728 0.24917394
vt 0.60739857 0.25642213
vt 0.60589594 0.25626960
vt 0.61848050 0.24704544
vt 0.61329514 0.25400507
vt 0.61468470 0.25266704
vt 0.60150200 0.25400507
vt 0.61958939 0.24468328
vt 0.60011244 0.25266704
vt 0.59750986 0.24917394
vt 0.59877837 0.25105256
vt 0.62437707 0.22330283
vt 0.62457341 0.21983631
vt 0.62060553 0.24210544
vt 0.62152112 0.23933153
vt 0.62302375 0.23328128
vt 0.62359929 0.23005100
vt 0.62232924 0.23638266
vt 0.59520775 0.24468328
vt 0.59631664 0.24704544
vt 0.59327602 0.23933153
vt 0.59419161 0.24210544
vt 0.62405157 0.22671638
vt 0.60413522 0.71039712
vt 0.60280108 0.71201158
vt 0.60033941 0.71601874
vt 0.59923053 0.71838087
vt 0.60153264 0.71389019
vt 0.60695916 0.70800769
vt 0.60552478 0.70905906
vt 0.59579617 0.72978288
vt 0.59522063 0.73301315
vt 0.59821439 0.72095871
vt 0.62807435 0.73634779
vt 0.62762207 0.73301315
vt 0.59476835 0.73634779
vt 0.59649068 0.72668147
vt 0.59729880 0.72373265
vt 0.60842758 0.70725089
vt 0.62704647 0.72978288
vt 0.62839985 0.73976129
vt 0.61870748 0.71039712
vt 0.61731791 0.70905906
vt 0.62361217 0.71838087
vt 0.62250328 0.71601874
vt 0.62635201 0.72668147
vt 0.62554389 0.72373265
vt 0.61142135 0.70664203
vt 0.60991871 0.70679456
vt 0.61588347 0.70800769
vt 0.61441511 0.70725089
vt 0.62131006 0.71389019
vt 0.62004155 0.71201158
vt 0.62462831 0.72095871
vt 0.61292392 0.70679456
vt 0.59424651 0.75021404
vt 0.59444278 0.75368059
vt 0.59649068 0.76676041
vt 0.59729880 0.76970929
vt 0.59476835 0.75709414
vt 0.59522063 0.76042873
vt 0.59418088 0.74672097
vt 0.59579617 0.76365906
vt 0.59444278 0.73976129
vt 0.59424651 0.74322784
vt 0.62131006 0.77955168
vt 0.62250328 0.77742320
vt 0.62361217 0.77506101
vt 0.62462831 0.77248317
vt 0.62004155 0.78143030
vt 0.59216952 0.82042164
vt 0.61441511 0.78619099
vt 0.61588347 0.78543425
vt 0.61142135 0.78679985
vt 0.61292392 0.78664738
vt 0.59923053 0.77506101
vt 0.60033941 0.77742320
vt 0.61870748 0.78304482
vt 0.61731791 0.78438282
vt 0.60842758 0.78619099
vt 0.60991871 0.78664738
vt 0.60552478 0.78438282
vt 0.60695916 0.78543425
vt 0.60280108 0.78143030
vt 0.60413522 0.78304482
vt 0.60153264 0.77955168
vt 0.59821439 0.77248317
vt 0.62859619 0.75021404
vt 0.62866181 0.74672097
vt 0.62839985 0.75368059
vt 0.62807435 0.75709414
vt 0.62704647 0.76365906
vt 0.62762207 0.76042873
vt 0.62554389 0.76970929
vt 0.62635201 0.76676041
vt 0.62859619 0.74322784
vt 0.38417426 0.71023428
vt 0.38273984 0.71128571
vt 0.38001621 0.71423817
vt 0.37874770 0.71611685
vt 0.38135028 0.71262372
vt 0.45100686 0.50891936
vt 0.40275896 0.72595924
vt 0.40184337 0.72318530
vt 0.45100686 0.74026382
vt 0.40426156 0.73200947
vt 0.40356708 0.72890812
vt 0.39309856 0.71023428
vt 0.39163020 0.70947754
vt 0.39592254 0.71262372
vt 0.39453301 0.71128571
vt 0.39852515 0.71611685
vt 0.39725664 0.71423817
vt 0.40483713 0.73523974
vt 0.38564265 0.70947754
vt 0.38863641 0.70886862
vt 0.38713381 0.70902115
vt 0.40082726 0.72060746
vt 0.39971837 0.71824533
vt 0.37644559 0.72060746
vt 0.37542948 0.72318530
vt 0.39013901 0.70902115
vt 0.40528941 0.73857439
vt 0.37451386 0.72595924
vt 0.37370574 0.72890812
vt 0.37755448 0.71824533
vt 0.37243569 0.73523974
vt 0.37301126 0.73200947
vt 0.37243569 0.76265538
vt 0.37301126 0.76588565
vt 0.37139598 0.74894756
vt 0.37165788 0.74198794
vt 0.37146157 0.74545443
vt 0.37198341 0.75932074
vt 0.37146157 0.75244069
vt 0.37165788 0.75590718
vt 0.37198341 0.73857439
vt 0.37370574 0.76898700
vt 0.45100686 0.82042164
vt 0.40184337 0.77470982
vt 0.40275896 0.77193588
vt 0.39971837 0.77964979
vt 0.40082726 0.77728766
vt 0.39725664 0.78365695
vt 0.39852515 0.78177828
vt 0.39592254 0.78527141
vt 0.37283269 0.82042164
vt 0.39163020 0.78841758
vt 0.38863641 0.78902650
vt 0.39013901 0.78887397
vt 0.37644559 0.77728766
vt 0.37755448 0.77964979
vt 0.37451386 0.77193588
vt 0.37542948 0.77470982
vt 0.39309856 0.78766084
vt 0.39453301 0.78660941
vt 0.38564265 0.78841758
vt 0.38713381 0.78887397
vt 0.38273984 0.78660941
vt 0.38417426 0.78766084
vt 0.38001621 0.78365695
vt 0.38135028 0.78527141
vt 0.37874770 0.78177828
vt 0.45100686 0.77254957
vt 0.40581125 0.75244069
vt 0.40528941 0.75932074
vt 0.40561494 0.75590718
vt 0.40356708 0.76898700
vt 0.40426156 0.76588565
vt 0.40581125 0.74545443
vt 0.40561494 0.74198794
vt 0.40483713 0.76265538
vt 0.40587687 0.74894756
vt 0.40868467 0.21463138
vt 0.40713498 0.20118640
vt 0.40644050 0.19808502
vt 0.40816283 0.20775130
vt 0.40771055 0.20441669
vt 0.40848836 0.21116486
vt 0.40563238 0.19513616
vt 0.37283269 0.09109657
vt 0.39597198 0.17941122
vt 0.39450359 0.17865445
vt 0.40471679 0.19236225
vt 0.39740640 0.18046261
vt 0.40013006 0.18341511
vt 0.39879596 0.18180065
vt 0.40259176 0.18742225
vt 0.40139854 0.18529375
vt 0.40370068 0.18978441
vt 0.38422370 0.18180065
vt 0.38288960 0.18341511
vt 0.39000723 0.17819807
vt 0.38851607 0.17865445
vt 0.38561323 0.18046261
vt 0.38704768 0.17941122
vt 0.39301243 0.17819807
vt 0.39150983 0.17804557
vt 0.37931898 0.18978441
vt 0.37830287 0.19236225
vt 0.38162112 0.18529375
vt 0.38042787 0.18742225
vt 0.37485683 0.20775130
vt 0.37453130 0.21116486
vt 0.37530911 0.20441669
vt 0.37657917 0.19808502
vt 0.37588468 0.20118640
vt 0.37738729 0.19513616
vt 0.39301243 0.25805089
vt 0.39450359 0.25759453
vt 0.38704768 0.25683776
vt 0.38851607 0.25759453
vt 0.40139854 0.25095522
vt 0.40259176 0.24882673
vt 0.39150983 0.25820342
vt 0.39000723 0.25805089
vt 0.40013006 0.25283384
vt 0.39740640 0.25578636
vt 0.39879596 0.25444832
vt 0.39597198 0.25683776
vt 0.38561323 0.25578636
vt 0.40816283 0.22849767
vt 0.40848836 0.22508413
vt 0.40471679 0.24388672
vt 0.40563238 0.24111281
vt 0.40370068 0.24646457
vt 0.38422370 0.25444832
vt 0.38162112 0.25095522
vt 0.38288960 0.25283384
vt 0.40713498 0.23506257
vt 0.40771055 0.23183228
vt 0.40644050 0.23816395
vt 0.40868467 0.22161759
vt 0.37931898 0.24646457
vt 0.38042787 0.24882673
vt 0.37738729 0.24111281
vt 0.37830287 0.24388672
vt 0.37588468 0.23506257
vt 0.37657917 0.23816395
vt 0.37453130 0.22508413
vt 0.40875027 0.21812449
vt 0.37485683 0.22849767
vt 0.37530911 0.23183228
vt 0.37433499 0.22161759
vt 0.37433499 0.21463138
vt 0.37426937 0.21812449
vt 0.98672152 0.50891936
vt 0.97804892 0.74026382
vt 0.97683859 0.77254957
vt 0.90501249 0.77226782
vt 0.90051609 0.77181149
vt 0.90201867 0.77165896
vt 0.90352130 0.77181149
vt 0.90791529 0.77407598
vt 0.90648085 0.77302462
vt 0.91190743 0.77890712
vt 0.91063893 0.77702850
vt 0.91420954 0.78339779
vt 0.91310066 0.78103566
vt 0.90930480 0.77541405
vt 0.91694933 0.79169840
vt 0.91614127 0.78874958
vt 0.91899723 0.80477822
vt 0.91867167 0.80136466
vt 0.91522563 0.78597564
vt 0.91821939 0.79803008
vt 0.91764385 0.79479980
vt 0.97504395 0.82042164
vt 0.91925913 0.81173790
vt 0.91919357 0.80824476
vt 0.91899723 0.81869751
vt 0.91919357 0.81523097
vt 0.91867167 0.82211107
vt 0.91310066 0.84244013
vt 0.96650863 0.98412037
vt 0.96619505 0.98431158
vt 0.96710938 0.98355687
vt 0.96681410 0.98386818
vt 0.96766067 0.98276615
vt 0.96739221 0.98318863
vt 0.96814680 0.98177081
vt 0.96791279 0.98229241
vt 0.96836096 0.98120511
vt 0.96872395 0.97995776
vt 0.96855384 0.98059928
vt 0.96908671 0.97786582
vt 0.96899134 0.97858614
vt 0.96887016 0.97928512
vt 0.96915555 0.97712934
vt 0.96587563 0.98444051
vt 0.91420954 0.84007794
vt 0.96919733 0.97638202
vt 0.96555269 0.98450619
vt 0.90791529 0.84939975
vt 0.90930480 0.84806174
vt 0.89518267 0.99186325
vt 0.90648085 0.85045111
vt 0.90201867 0.85181677
vt 0.90352130 0.85166430
vt 0.91190743 0.84456861
vt 0.90501249 0.85120791
vt 0.82198966 0.98832738
vt 0.89473253 0.84806174
vt 0.91063893 0.84644723
vt 0.89612210 0.84939975
vt 0.89755654 0.85045111
vt 0.89339846 0.84644723
vt 0.88982785 0.84007794
vt 0.89093673 0.84244013
vt 0.89902490 0.85120791
vt 0.90051609 0.85166430
vt 0.89212996 0.84456861
vt 0.91764385 0.82867599
vt 0.88708800 0.83177733
vt 0.88789612 0.83472621
vt 0.91694933 0.83177733
vt 0.91522563 0.83750010
vt 0.88881177 0.83750010
vt 0.91821939 0.82544565
vt 0.91614127 0.83472621
vt 0.88639355 0.82867599
vt 0.88581795 0.82544565
vt 0.74898863 0.98471314
vt 0.88536572 0.82211107
vt 0.67624772 0.96991783
vt 0.54841542 0.91280788
vt 0.53258461 0.90573537
vt 0.53258461 0.82042164
vt 0.53258461 0.77254957
vt 0.53258461 0.74026382
vt 0.53258461 0.50891936
vt 0.53258461 0.50000000
vt 0.46713096 0.50000000
vt 0.46713805 0.50891936
vt 0.46732208 0.74026382
vt 0.46734777 0.77254957
vt 0.46738586 0.82042164
vt 0.46745402 0.90610862
vt 0.45100686 0.91366404
vt 0.32370889 0.97214174
vt 0.10485249 0.99407113
vt 0.10393564 0.85118103
vt 0.10532519 0.84984303
vt 0.17785391 0.99045694
vt 0.09803907 0.85359806
vt 0.09954167 0.85344559
vt 0.10792778 0.84634990
vt 0.10912101 0.84422141
vt 0.10250122 0.85223240
vt 0.10103284 0.85298920
vt 0.03448151 0.98671401
vt 0.09214249 0.85118103
vt 0.09357691 0.85223240
vt 0.10665929 0.84822851
vt 0.08941884 0.84822851
vt 0.09075294 0.84984303
vt 0.08584823 0.84185922
vt 0.08695712 0.84422141
vt 0.11216161 0.83650750
vt 0.25104651 0.98692107
vt 0.09504529 0.85298920
vt 0.09653646 0.85344559
vt 0.08815035 0.84634990
vt 0.11124601 0.83928138
vt 0.11469206 0.82389235
vt 0.11022990 0.84185922
vt 0.08310840 0.83355862
vt 0.08391652 0.83650750
vt 0.11423979 0.82722694
vt 0.11296973 0.83355862
vt 0.11366422 0.83045727
vt 0.08483212 0.83928138
vt 0.08106054 0.82047880
vt 0.08138607 0.82389235
vt 0.08183834 0.82722694
vt 0.08241391 0.83045727
vt 0.03167345 0.98341364
vt 0.03148060 0.98280793
vt 0.03212162 0.98450071
vt 0.03188764 0.98397923
vt 0.03322021 0.98607618
vt 0.03292500 0.98576492
vt 0.03383922 0.98651946
vt 0.03352568 0.98632830
vt 0.03131045 0.98216653
vt 0.03116425 0.98149401
vt 0.03264217 0.98539674
vt 0.03237374 0.98497438
vt 0.03415859 0.98664838
vt 0.03104302 0.98079515
vt 0.03094763 0.98007494
vt 0.03087878 0.97933859
vt 0.03083694 0.97859138
vt 0.02489578 0.82042164
vt 0.02309762 0.77254957
vt 0.02188490 0.74026382
vt 0.00628333 0.31134102
vt 0.00643590 0.31065461
vt 0.00661349 0.31000155
vt 0.00681475 0.30938670
vt 0.00605762 0.31279290
vt 0.00615692 0.31205556
vt 0.00592885 0.31508550
vt 0.00594316 0.31431359
vt 0.00728210 0.30828992
vt 0.00754466 0.30781624
vt 0.00703818 0.30881473
vt 0.00598619 0.31354746
vt 0.07724089 0.28482553
vt 0.00594338 0.31585738
vt 0.02596663 0.28269610
vt 0.00782389 0.30739722
vt 0.01319516 0.50891936
vt 0.07781646 0.28805581
vt 0.07678862 0.28149092
vt 0.07851095 0.25107828
vt 0.07477078 0.21624981
vt 0.07724089 0.25740993
vt 0.07678862 0.26074454
vt 0.07781646 0.25417966
vt 0.07620116 0.27111772
vt 0.07626677 0.27461085
vt 0.07646308 0.26415810
vt 0.07626677 0.26762462
vt 0.07646308 0.27807736
vt 0.09276041 0.19175713
vt 0.07849989 0.21117267
vt 0.15330413 0.10977183
vt 0.15358056 0.10964254
vt 0.15303253 0.10994803
vt 0.15250972 0.11043712
vt 0.15276724 0.11017019
vt 0.15226132 0.11074734
vt 0.15386033 0.10956086
vt 0.29935426 0.07967941
vt 0.38304284 0.02852357
vt 0.49287716 0.00614617
vt 0.37133849 0.03475985
vt 0.61558890 0.02830625
vt 0.62730211 0.03354768
vt 0.69928592 0.07846814
vt 0.84493393 0.10853212
vt 0.84525812 0.10869945
vt 0.84460479 0.10843066
vt 0.84557480 0.10893141
vt 0.84588170 0.10922624
vt 0.84617645 0.10958175
vt 0.90763587 0.19175713
vt 0.92595404 0.21624981
vt 0.90658629 0.22718343
vt 0.90508366 0.22703092
vt 0.91616559 0.23640761
vt 0.91497236 0.23427911
vt 0.90807742 0.22763981
vt 0.91098022 0.22944798
vt 0.90954584 0.22839656
vt 0.91370386 0.23240048
vt 0.89918709 0.22944798
vt 0.89779752 0.23078600
vt 0.90208989 0.22763981
vt 0.90062153 0.22839656
vt 0.91727448 0.23876975
vt 0.91236979 0.23078600
vt 0.91829062 0.24134760
vt 0.89519495 0.23427911
vt 0.89400172 0.23640761
vt 0.89646345 0.23240048
vt 0.90358108 0.22718343
vt 0.97564960 0.28269610
vt 0.92070884 0.25017175
vt 0.88888294 0.25340202
vt 0.88843066 0.25673664
vt 0.89015299 0.24707037
vt 0.88945854 0.25017175
vt 0.89289284 0.23876975
vt 0.89187670 0.24134760
vt 0.92001432 0.24707037
vt 0.91920620 0.24412151
vt 0.92128438 0.25340202
vt 0.92206222 0.26015019
vt 0.92173666 0.25673664
vt 0.89096111 0.24412151
vt 0.88810515 0.27406946
vt 0.88843066 0.27748302
vt 0.88790882 0.26361674
vt 0.92232412 0.26710984
vt 0.92225850 0.26361674
vt 0.88888294 0.28081763
vt 0.88784319 0.26710984
vt 0.88790882 0.27060294
vt 0.88810515 0.26015019
vt 0.92128438 0.28081763
vt 0.92173666 0.27748302
vt 0.92206222 0.27406946
vt 0.92225850 0.27060294
vt 0.92070884 0.28404793
vt 0.91098022 0.30477169
vt 0.91236979 0.30343369
vt 0.90807742 0.30657986
vt 0.90954584 0.30582312
vt 0.89779752 0.30343369
vt 0.89918709 0.30477169
vt 0.99266148 0.30557707
vt 0.99289411 0.30605596
vt 0.99310929 0.30657709
vt 0.91370386 0.30181921
vt 0.90208989 0.30657986
vt 0.90358108 0.30703625
vt 0.90062153 0.30582312
vt 0.99241292 0.30514356
vt 0.99330556 0.30713704
vt 0.99348170 0.30773216
vt 0.91497236 0.29994056
vt 0.91616559 0.29781207
vt 0.90508366 0.30718875
vt 0.90658629 0.30703625
vt 0.89015299 0.28714931
vt 0.99215007 0.30475834
vt 0.99396354 0.31038272
vt 0.99402434 0.31109110
vt 0.99376899 0.30901191
vt 0.99387819 0.30968815
vt 0.89289284 0.29544991
vt 0.89400172 0.29781207
vt 0.89096111 0.29009816
vt 0.99406028 0.31180862
vt 0.99363649 0.30835849
vt 0.89519495 0.29994056
vt 0.89646345 0.30181921
vt 0.89187670 0.29287207
vt 0.88945854 0.28404793
vt 0.99407107 0.31253052
vt 0.92001432 0.28714931
vt 0.91920620 0.29009816
vt 0.91727448 0.29544991
vt 0.91829062 0.29287207
vt 0.99405670 0.31325209
vt 0.88631076 0.16324401
vt 0.50575501 0.00592885
vt 0 0
vt 0 1
vt 1 1
vt 1 0
vt 0 0
vt 0 1
vt 1 1
vt 1 0
vt 0 0
vt 0 1
vt 1 1
vt 1 0
vt 1 1
vt 1 0
vt 0 0
vt 0 1
vt 0 1
vt 0.29131141 1
vt 0.29131141 0
vt 0.64038730 1
vt 0.63702756 0
vt 0.68910336 1
vt 0.70086241 0
vt 0.76133752 1
vt 0.73479569 0
vt 1 0
vt 1 1
vt 0 0
vt 0.00000000 0
vt 0.00000000 1
vt 0.41194934 1
vt 0.51068085 1
vt 0.48441461 0
vt 0.42049566 0
vt 0.49168316 0
vt 0.53649902 1
vt 0.69275224 0
vt 0.87439030 1
vt 0.75550199 0
vt 1 0
vt 1 1
vt 0 0
vt 0 1
vt 1 1
vt 1 0
vt 0 0
vt 0 1
vt 1 1
vt 1 0
vt 1 0
vt 1 1
vt 0 1
vt 0 0
vt 0 0
vt 0 1
vt 1 1
vt 1 0
vt 1 0
vt 1 1
vt 0 1
vt 0 0
vt 0 0
vt 0 1
vt 1 1
vt 1 0
vt 0 0
vt 0 1
vt 1 1
vt 1 0
vt 0 0
vt 0 1
vt 1 1
vt 1 0
vt 1 1
vt 1 0
vt 0 0
vt 0 1
vt -0.00000000 0
vt -0.00000000 1
vt 0.11303736 1
vt 0.45347920 1
vt 0.29604653 0
vt 0.23282310 0
vt 0.49863335 0
vt 0.50595677 0
vt 0.57896906 1
vt 1 0
vt 0.63582182 0
vt 0.72505790 1
vt 1 1
vt 1 0
vt 0.70493376 0
vt 0.70493376 1
vt 0.35942402 0
vt 0.35606629 1
vt 0.29562727 0
vt 0.30737931 1
vt 0.26171428 0
vt 0.23518826 1
vt -0.00000000 0
vt -0.00000000 1
vt 1 1
vt 0 0
vt 0 1
vt 1 1
vt 1 0
vt 0 0
vt 0 1
vt 1 1
vt 1 0
vt 0 0
vt 0 1
vt 1 1
vt 1 0
vt 0 0
vt 0 1
vt 1 1
vt 1 0
vt 0.00000000 1
vt 0.00000000 0
vt 0.07142857 0
vt 0.07142857 1
vt 0.14285715 0
vt 0.14285715 1
vt 0.21428572 0
vt 0.21428572 1
vt 0.28571430 0
vt 0.28571430 1
vt 0.35714287 0
vt 0.35714287 1
vt 0.42857143 0
vt 0.42857143 1
vt 0.50000000 0
vt 0.50000000 1
vt 0.57142860 0
vt 0.57142860 1
vt 0.64285713 0
vt 0.64285713 1
vt 0.71428573 0
vt 0.71428573 1
vt 0.78571427 0
vt 0.78571427 1
vt 0.85714287 0
vt 0.85714287 1
vt 0.92857140 0
vt 0.92857140 1
vt 1 0
vt 1 1
vt 0.00000000 1
vt 0.00000000 0
vt 0.20000000 0
vt 0.20000000 1
vt 0.40000001 0
vt 0.40000001 1
vt 0.60000002 0
vt 0.60000002 1
vt 0.80000001 0
vt 0.80000001 1
vt 1 0
vt 1 1
vt 0 1
vt 0 0
vt 0.16666667 0
vt 0.16666667 1
vt 0.33333334 0
vt 0.33333334 1
vt 0.50000000 0
vt 0.50000000 1
vt 0.66666669 0
vt 0.66666669 1
vt 0.83333331 0
vt 0.83333331 1
vt 1 0
vt 1 1
vt 0.00000000 1
vt 0.00000000 0
vt 0.07692308 0
vt 0.07692308 1
vt 0.15384616 0
vt 0.15384616 1
vt 0.23076923 0
vt 0.23076923 1
vt 0.30769232 0
vt 0.30769232 1
vt 0.38461539 0
vt 0.38461539 1
vt 0.46153846 0
vt 0.46153846 1
vt 0.53846157 0
vt 0.53846157 1
vt 0.61538464 0
vt 0.61538464 1
vt 0.69230771 0
vt 0.69230771 1
vt 0.76923078 0
vt 0.76923078 1
vt 0.84615386 0
vt 0.84615386 1
vt 0.92307693 0
vt 0.92307693 1
vt 1 0
vt 1 1
vt 0.00000000 1
vt 0.00000000 0
vt 0.05882353 0
vt 0.05882353 1
vt 0.11764706 0
vt 0.11764706 1
vt 0.17647059 0
vt 0.17647059 1
vt 0.23529412 0
vt 0.23529412 1
vt 0.29411766 0
vt 0.29411766 1
vt 0.35294119 0
vt 0.35294119 1
vt 0.41176471 0
vt 0.41176471 1
vt 0.47058824 0
vt 0.47058824 1
vt 0.52941179 0
vt 0.52941179 1
vt 0.58823532 0
vt 0.58823532 1
vt 0.64705884 0
vt 0.64705884 1
vt 0.70588237 0
vt 0.70588237 1
vt 0.76470590 0
vt 0.76470590 1
vt 0.82352942 0
vt 0.82352942 1
vt 0.88235295 0
vt 0.88235295 1
vt 0.94117647 0
vt 0.94117647 1
vt 1 0
vt 1 1
vt 0.00000000 1
vt 0.00000000 0
vt 0.05882353 0
vt 0.05882353 1
vt 0.11764706 0
vt 0.11764706 1
vt 0.17647059 0
vt 0.17647059 1
vt 0.23529412 0
vt 0.23529412 1
vt 0.29411766 0
vt 0.29411766 1
vt 0.35294119 0
vt 0.35294119 1
vt 0.41176471 0
vt 0.41176471 1
vt 0.47058824 0
vt 0.47058824 1
vt 0.52941179 0
vt 0.52941179 1
vt 0.58823532 0
vt 0.58823532 1
vt 0.64705884 0
vt 0.64705884 1
vt 0.70588237 0
vt 0.70588237 1
vt 0.76470590 0
vt 0.76470590 1
vt 0.82352942 0
vt 0.82352942 1
vt 0.88235295 0
vt 0.88235295 1
vt 0.94117647 0
vt 0.94117647 1
vt 1 0
vt 1 1
vt 0.98611110 1
vt 1 1
vt 1 0
vt 0.97222221 1
vt 0.98611110 0
vt 0.95833331 1
vt 0.97222221 0
vt 0.94444442 1
vt 0.95833331 0
vt 0.93055558 1
vt 0.94444442 0
vt 0.91666669 1
vt 0.93055558 0
vt 0.90277779 1
vt 0.91666669 0
vt 0.88888890 1
vt 0.90277779 0
vt 0.87500000 1
vt 0.88888890 0
vt 0.86111110 1
vt 0.87500000 0
vt 0.84722221 1
vt 0.86111110 0
vt 0.83333331 1
vt 0.84722221 0
vt 0.81944442 1
vt 0.83333331 0
vt 0.80555558 1
vt 0.81944442 0
vt 0.79166669 1
vt 0.80555558 0
vt 0.77777779 1
vt 0.79166669 0
vt 0.76388890 1
vt 0.77777779 0
vt 0.75000000 1
vt 0.76388890 0
vt 0.73611110 1
vt 0.75000000 0
vt 0.72222221 1
vt 0.73611110 0
vt 0.70833331 1
vt 0.72222221 0
vt 0.69444442 1
vt 0.70833331 0
vt 0.68055558 1
vt 0.69444442 0
vt 0.66666669 1
vt 0.68055558 0
vt 0.65277779 1
vt 0.66666669 0
vt 0.63888890 1
vt 0.65277779 0
vt 0.62500000 1
vt 0.63888890 0
vt 0.61111110 1
vt 0.62500000 0
vt 0.59722221 1
vt 0.61111110 0
vt 0.58333331 1
vt 0.59722221 0
vt 0.56944442 1
vt 0.58333331 0
vt 0.55555558 1
vt 0.56944442 0
vt 0.54166669 1
vt 0.55555558 0
vt 0.52777779 1
vt 0.54166669 0
vt 0.51388890 1
vt 0.52777779 0
vt 0.50000000 1
vt 0.51388890 0
vt 0.48611110 1
vt 0.50000000 0
vt 0.47222221 1
vt 0.48611110 0
vt 0.45833334 1
vt 0.47222221 0
vt 0.44444445 1
vt 0.45833334 0
vt 0.43055555 1
vt 0.44444445 0
vt 0.41666666 1
vt 0.43055555 0
vt 0.40277779 1
vt 0.41666666 0
vt 0.38888890 1
vt 0.40277779 0
vt 0.37500000 1
vt 0.38888890 0
vt 0.36111110 1
vt 0.37500000 0
vt 0.34722221 1
vt 0.36111110 0
vt 0.33333334 1
vt 0.34722221 0
vt 0.31944445 1
vt 0.33333334 0
vt 0.30555555 1
vt 0.31944445 0
vt 0.29166666 1
vt 0.30555555 0
vt 0.27777779 1
vt 0.29166666 0
vt 0.26388890 1
vt 0.27777779 0
vt 0.25000000 1
vt 0.26388890 0
vt 0.23611110 1
vt 0.25000000 0
vt 0.22222222 1
vt 0.23611110 0
vt 0.20833333 1
vt 0.22222222 0
vt 0.19444445 1
vt 0.20833333 0
vt 0.18055555 1
vt 0.19444445 0
vt 0.16666667 1
vt 0.18055555 0
vt 0.15277778 1
vt 0.16666667 0
vt 0.13888890 1
vt 0.15277778 0
vt 0.12500000 1
vt 0.13888890 0
vt 0.11111111 1
vt 0.12500000 0
vt 0.09722222 1
vt 0.11111111 0
vt 0.08333334 1
vt 0.09722222 0
vt 0.06944445 1
vt 0.08333334 0
vt 0.05555556 1
vt 0.06944445 0
vt 0.04166667 1
vt 0.05555556 0
vt 0.02777778 1
vt 0.04166667 0
vt 0.01388889 1
vt 0.02777778 0
vt 0.01388889 0
vt 0.88558114 1
vt 1 1
vt 0.99998826 0.01904655
vt 0 0
vt 0 1
vt 0.99997312 0
vt 0.00000000 1
vt 0.59159410 0.51243806
vt 0.02196182 0.51243806
vt 0.67109042 0.51243806
vt 0.78896427 0.51243806
vt 0.99994862 0.51243806
vt 1 1
vt 1 0
vt 0 0.51243806
vt 1 0.00000000
vt 1 0.99902964
vt 0.50218379 0.96318614
vt 0 0.00000000
vt 0.00493615 1
vt 0 1
vt 1 0.67174226
vt 1 0.78973061
vt 1 0.59216869
vt 0 0
vt 1 0.02198315
vt 1 0
vt 1 1
vt 1 0
vt 0 0
vt 0 1
vt 1 1
vt 0 1
vt 0 0
vt 0.01388889 0
vt 0.01388889 1
vt 0.02777778 0
vt 0.02777778 1
vt 0.04166667 0
vt 0.04166667 1
vt 0.05555556 0
vt 0.05555556 1
vt 0.06944445 0
vt 0.06944445 1
vt 0.08333334 0
vt 0.08333334 1
vt 0.09722222 0
vt 0.09722222 1
vt 0.11111111 0
vt 0.11111111 1
vt 0.12500000 0
vt 0.12500000 1
vt 0.13888890 0
vt 0.13888890 1
vt 0.15277778 0
vt 0.15277778 1
vt 0.16666667 0
vt 0.16666667 1
vt 0.18055555 0
vt 0.18055555 1
vt 0.19444445 0
vt 0.19444445 1
vt 0.20833333 0
vt 0.20833333 1
vt 0.22222222 0
vt 0.22222222 1
vt 0.23611110 0
vt 0.23611110 1
vt 0.25000000 0
vt 0.25000000 1
vt 0.26388890 0
vt 0.26388890 1
vt 0.27777779 0
vt 0.27777779 1
vt 0.29166666 0
vt 0.29166666 1
vt 0.30555555 0
vt 0.30555555 1
vt 0.31944445 0
vt 0.31944445 1
vt 0.33333334 0
vt 0.33333334 1
vt 0.34722221 0
vt 0.34722221 1
vt 0.36111110 0
vt 0.36111110 1
vt 0.37500000 0
vt 0.37500000 1
vt 0.38888890 0
vt 0.38888890 1
vt 0.40277779 0
vt 0.40277779 1
vt 0.41666666 0
vt 0.41666666 1
vt 0.43055555 0
vt 0.43055555 1
vt 0.44444445 0
vt 0.44444445 1
vt 0.45833334 0
vt 0.45833334 1
vt 0.47222221 0
vt 0.47222221 1
vt 0.48611110 0
vt 0.48611110 1
vt 0.50000000 0
vt 0.50000000 1
vt 0.51388890 0
vt 0.51388890 1
vt 0.52777779 0
vt 0.52777779 1
vt 0.54166669 0
vt 0.54166669 1
vt 0.55555558 0
vt 0.55555558 1
vt 0.56944442 0
vt 0.56944442 1
vt 0.58333331 0
vt 0.58333331 1
vt 0.59722221 0
vt 0.59722221 1
vt 0.61111110 0
vt 0.61111110 1
vt 0.62500000 0
vt 0.62500000 1
vt 0.63888890 0
vt 0.63888890 1
vt 0.65277779 0
vt 0.65277779 1
vt 0.66666669 0
vt 0.66666669 1
vt 0.68055558 0
vt 0.68055558 1
vt 0.69444442 0
vt 0.69444442 1
vt 0.70833331 0
vt 0.70833331 1
vt 0.72222221 0
vt 0.72222221 1
vt 0.73611110 0
vt 0.73611110 1
vt 0.75000000 0
vt 0.75000000 1
vt 0.76388890 0
vt 0.76388890 1
vt 0.77777779 0
vt 0.77777779 1
vt 0.79166669 0
vt 0.79166669 1
vt 0.80555558 0
vt 0.80555558 1
vt 0.81944442 0
vt 0.81944442 1
vt 0.83333331 0
vt 0.83333331 1
vt 0.84722221 0
vt 0.84722221 1
vt 0.86111110 0
vt 0.86111110 1
vt 0.87500000 0
vt 0.87500000 1
vt 0.88888890 0
vt 0.88888890 1
vt 0.90277779 0
vt 0.90277779 1
vt 0.91666669 0
vt 0.91666669 1
vt 0.93055558 0
vt 0.93055558 1
vt 0.94444442 0
vt 0.94444442 1
vt 0.95833331 0
vt 0.95833331 1
vt 0.97222221 0
vt 0.97222221 1
vt 0.98611110 0
vt 0.98611110 1
vt 0.09528061 0.21661243
vt 0.34260914 0.38979372
vt 0.33360294 0.40393060
vt 0.12151954 0.18241718
vt 0.35281315 0.37649557
vt 0.15063894 0.15063894
vt 0.36413735 0.36413735
vt 0.21661243 0.09528061
vt 0.38979372 0.34260914
vt 0.37649557 0.35281315
vt 0.25296444 0.07212184
vt 0.40393060 0.33360294
vt 0.29119653 0.05221947
vt 0.41879866 0.32586312
vt 0.33101770 0.03572499
vt 0.43428466 0.31944862
vt 0.37212497 0.02276392
vt 0.45027083 0.31440818
vt 0.41420543 0.01343490
vt 0.46663547 0.31078023
vt 0.45693886 0.00780894
vt 0.48325402 0.30859238
vt 0.50000000 0.00592885
vt 0.50000000 0.30786121
vt 0.54306114 0.00780894
vt 0.51674598 0.30859238
vt 0.58579457 0.01343490
vt 0.53336453 0.31078023
vt 0.62787503 0.02276392
vt 0.54972917 0.31440818
vt 0.66898227 0.03572499
vt 0.56571531 0.31944862
vt 0.18241718 0.12151954
vt 0.81758279 0.12151954
vt 0.62350440 0.35281315
vt 0.61020631 0.34260914
vt 0.84936106 0.15063894
vt 0.63586265 0.36413735
vt 0.70880347 0.05221947
vt 0.58120137 0.32586312
vt 0.74703556 0.07212184
vt 0.59606940 0.33360294
vt 0.78338754 0.09528061
vt 0.33101770 0.96427500
vt 0.43428466 0.68055141
vt 0.45027083 0.68559182
vt 0.29119653 0.94778055
vt 0.41879866 0.67413688
vt 0.87848043 0.18241718
vt 0.64718682 0.37649557
vt 0.90471941 0.21661243
vt 0.65739089 0.38979372
vt 0.45693886 0.99219108
vt 0.48325402 0.69140762
vt 0.50000000 0.69213879
vt 0.41420543 0.98656511
vt 0.46663547 0.68921977
vt 0.37212497 0.97723609
vt 0.21661243 0.90471941
vt 0.38979372 0.65739089
vt 0.40393060 0.66639704
vt 0.18241718 0.87848043
vt 0.37649557 0.64718682
vt 0.92787814 0.25296444
vt 0.66639704 0.40393060
vt 0.62787503 0.97723609
vt 0.54972917 0.68559182
vt 0.56571531 0.68055141
vt 0.58579457 0.98656511
vt 0.53336453 0.68921977
vt 0.54306114 0.99219108
vt 0.51674598 0.69140762
vt 0.50000000 0.99407113
vt 0.25296444 0.92787814
vt 0.01343490 0.58579457
vt 0.31078023 0.53336453
vt 0.31440818 0.54972917
vt 0.00780894 0.54306114
vt 0.30859238 0.51674598
vt 0.00592885 0.50000000
vt 0.30786121 0.50000000
vt 0.00780894 0.45693886
vt 0.30859238 0.48325402
vt 0.03572499 0.33101770
vt 0.31944862 0.43428466
vt 0.31440818 0.45027083
vt 0.05221947 0.29119653
vt 0.32586312 0.41879866
vt 0.07212184 0.25296444
vt 0.94778055 0.29119653
vt 0.67413688 0.41879866
vt 0.96427500 0.33101770
vt 0.68055141 0.43428466
vt 0.97723609 0.37212497
vt 0.68559182 0.45027083
vt 0.87848043 0.81758279
vt 0.64718682 0.62350440
vt 0.65739089 0.61020631
vt 0.84936106 0.84936106
vt 0.63586265 0.63586265
vt 0.12151954 0.81758279
vt 0.35281315 0.62350440
vt 0.36413735 0.63586265
vt 0.09528061 0.78338754
vt 0.34260914 0.61020631
vt 0.01343490 0.41420543
vt 0.31078023 0.46663547
vt 0.02276392 0.37212497
vt 0.92787814 0.74703556
vt 0.66639704 0.59606940
vt 0.67413688 0.58120137
vt 0.90471941 0.78338754
vt 0.81758279 0.87848043
vt 0.62350440 0.64718682
vt 0.78338754 0.90471941
vt 0.61020631 0.65739089
vt 0.74703556 0.92787814
vt 0.59606940 0.66639704
vt 0.70880347 0.94778055
vt 0.58120137 0.67413688
vt 0.66898227 0.96427500
vt 0.15063894 0.84936106
vt 0.07212184 0.74703556
vt 0.33360294 0.59606940
vt 0.05221947 0.70880347
vt 0.32586312 0.58120137
vt 0.03572499 0.66898227
vt 0.31944862 0.56571531
vt 0.02276392 0.62787503
vt 0.98656511 0.41420543
vt 0.68921977 0.46663547
vt 0.99219108 0.45693886
vt 0.69140762 0.48325402
vt 0.98656511 0.58579457
vt 0.68921977 0.53336453
vt 0.69140762 0.51674598
vt 0.97723609 0.62787503
vt 0.68559182 0.54972917
vt 0.99407113 0.50000000
vt 0.69213879 0.50000000
vt 0.99219108 0.54306114
vt 0.96427500 0.66898227
vt 0.68055141 0.56571531
vt 0.94778055 0.70880347
vt 0.98611110 1
vt 1 1
vt 1 0
vt 0.97222221 1
vt 0.98611110 0
vt 0.95833331 1
vt 0.97222221 0
vt 0.94444442 1
vt 0.95833331 0
vt 0.93055558 1
vt 0.94444442 0
vt 0.91666669 1
vt 0.93055558 0
vt 0.90277779 1
vt 0.91666669 0
vt 0.88888890 1
vt 0.90277779 0
vt 0.87500000 1
vt 0.88888890 0
vt 0.86111110 1
vt 0.87500000 0
vt 0.84722221 1
vt 0.86111110 0
vt 0.83333331 1
vt 0.84722221 0
vt 0.81944442 1
vt 0.83333331 0
vt 0.80555558 1
vt 0.81944442 0
vt 0.79166669 1
vt 0.80555558 0
vt 0.77777779 1
vt 0.79166669 0
vt 0.76388890 1
vt 0.77777779 0
vt 0.75000000 1
vt 0.76388890 0
vt 0.73611110 1
vt 0.75000000 0
vt 0.72222221 1
vt 0.73611110 0
vt 0.70833331 1
vt 0.72222221 0
vt 0.69444442 1
vt 0.70833331 0
vt 0.68055558 1
vt 0.69444442 0
vt 0.66666669 1
vt 0.68055558 0
vt 0.65277779 1
vt 0.66666669 0
vt 0.63888890 1
vt 0.65277779 0
vt 0.62500000 1
vt 0.63888890 0
vt 0.61111110 1
vt 0.62500000 0
vt 0.59722221 1
vt 0.61111110 0
vt 0.58333331 1
vt 0.59722221 0
vt 0.56944442 1
vt 0.58333331 0
vt 0.55555558 1
vt 0.56944442 0
vt 0.54166669 1
vt 0.55555558 0
vt 0.52777779 1
vt 0.54166669 0
vt 0.51388890 1
vt 0.52777779 0
vt 0.50000000 1
vt 0.51388890 0
vt 0.48611110 1
vt 0.50000000 0
vt 0.47222221 1
vt 0.48611110 0
vt 0.45833334 1
vt 0.47222221 0
vt 0.44444445 1
vt 0.45833334 0
vt 0.43055555 1
vt 0.44444445 0
vt 0.41666666 1
vt 0.43055555 0
vt 0.40277779 1
vt 0.41666666 0
vt 0.38888890 1
vt 0.40277779 0
vt 0.37500000 1
vt 0.38888890 0
vt 0.36111110 1
vt 0.37500000 0
vt 0.34722221 1
vt 0.36111110 0
vt 0.33333334 1
vt 0.34722221 0
vt 0.31944445 1
vt 0.33333334 0
vt 0.30555555 1
vt 0.31944445 0
vt 0.29166666 1
vt 0.30555555 0
vt 0.27777779 1
vt 0.29166666 0
vt 0.26388890 1
vt 0.27777779 0
vt 0.25000000 1
vt 0.26388890 0
vt 0.23611110 1
vt 0.25000000 0
vt 0.22222222 1
vt 0.23611110 0
vt 0.20833333 1
vt 0.22222222 0
vt 0.19444445 1
vt 0.20833333 0
vt 0.18055555 1
vt 0.19444445 0
vt 0.16666667 1
vt 0.18055555 0
vt 0.15277778 1
vt 0.16666667 0
vt 0.13888890 1
vt 0.15277778 0
vt 0.12500000 1
vt 0.13888890 0
vt 0.11111111 1
vt 0.12500000 0
vt 0.09722222 1
vt 0.11111111 0
vt 0.08333334 1
vt 0.09722222 0
vt 0.06944445 1
vt 0.08333334 0
vt 0.05555556 1
vt 0.06944445 0
vt 0.04166667 1
vt 0.05555556 0
vt 0.02777778 1
vt 0.04166667 0
vt 0.01388889 1
vt 0.02777778 0
vt 0.01388889 0
vt 0.25296444 0.07212184
vt 0.34472048 0.23104802
vt 0.32187068 0.24560496
vt 0.29119653 0.05221947
vt 0.36875209 0.21853796
vt 0.33101770 0.03572499
vt 0.39378256 0.20817000
vt 0.37212497 0.02276392
vt 0.41962141 0.20002304
vt 0.74703556 0.92787814
vt 0.65527952 0.76895201
vt 0.67812932 0.75439507
vt 0.70880347 0.94778055
vt 0.63124788 0.78146207
vt 0.62787503 0.97723609
vt 0.58037859 0.79997694
vt 0.60621744 0.79183000
vt 0.58579457 0.98656511
vt 0.55392802 0.80584091
vt 0.62787503 0.02276392
vt 0.58037859 0.20002304
vt 0.55392802 0.19415908
vt 0.66898227 0.03572499
vt 0.60621744 0.20817000
vt 0.70880347 0.05221947
vt 0.74703556 0.07212184
vt 0.65527952 0.23104802
vt 0.78338754 0.09528061
vt 0.67812932 0.24560496
vt 0.81758279 0.12151954
vt 0.69962347 0.26209798
vt 0.84936106 0.15063894
vt 0.71959835 0.28040162
vt 0.90471941 0.21661243
vt 0.75439507 0.32187068
vt 0.73790199 0.30037650
vt 0.92787814 0.25296444
vt 0.76895201 0.34472048
vt 0.81758279 0.87848043
vt 0.69962347 0.73790199
vt 0.71959835 0.71959835
vt 0.78338754 0.90471941
vt 0.66898227 0.96427500
vt 0.54306114 0.99219108
vt 0.52706701 0.80937725
vt 0.37212497 0.97723609
vt 0.41962141 0.79997694
vt 0.44607198 0.80584091
vt 0.33101770 0.96427500
vt 0.39378256 0.79183000
vt 0.29119653 0.94778055
vt 0.25296444 0.92787814
vt 0.34472048 0.76895201
vt 0.21661243 0.90471941
vt 0.32187068 0.75439507
vt 0.41420543 0.01343490
vt 0.44607198 0.19415908
vt 0.58579457 0.01343490
vt 0.52706701 0.19062276
vt 0.63124788 0.21853796
vt 0.87848043 0.18241718
vt 0.94778055 0.29119653
vt 0.78146207 0.36875209
vt 0.96427500 0.66898227
vt 0.79183000 0.60621744
vt 0.79997694 0.58037859
vt 0.94778055 0.70880347
vt 0.78146207 0.63124788
vt 0.90471941 0.78338754
vt 0.75439507 0.67812932
vt 0.76895201 0.65527952
vt 0.87848043 0.81758279
vt 0.73790199 0.69962347
vt 0.84936106 0.84936106
vt 0.50000000 0.99407113
vt 0.50000000 0.81055903
vt 0.45693886 0.99219108
vt 0.47293299 0.80937725
vt 0.41420543 0.98656511
vt 0.36875209 0.78146207
vt 0.18241718 0.87848043
vt 0.30037650 0.73790199
vt 0.15063894 0.84936106
vt 0.28040162 0.71959835
vt 0.09528061 0.78338754
vt 0.24560496 0.67812932
vt 0.26209798 0.69962347
vt 0.07212184 0.74703556
vt 0.23104802 0.65527952
vt 0.18241718 0.12151954
vt 0.30037650 0.26209798
vt 0.28040162 0.28040162
vt 0.21661243 0.09528061
vt 0.45693886 0.00780894
vt 0.47293299 0.19062276
vt 0.50000000 0.00592885
vt 0.50000000 0.18944100
vt 0.54306114 0.00780894
vt 0.92787814 0.74703556
vt 0.12151954 0.81758279
vt 0.05221947 0.70880347
vt 0.21853796 0.63124788
vt 0.03572499 0.33101770
vt 0.20817000 0.39378256
vt 0.20002304 0.41962141
vt 0.05221947 0.29119653
vt 0.21853796 0.36875209
vt 0.09528061 0.21661243
vt 0.24560496 0.32187068
vt 0.23104802 0.34472048
vt 0.12151954 0.18241718
vt 0.26209798 0.30037650
vt 0.15063894 0.15063894
vt 0.03572499 0.66898227
vt 0.20817000 0.60621744
vt 0.02276392 0.62787503
vt 0.20002304 0.58037859
vt 0.01343490 0.58579457
vt 0.19415908 0.55392802
vt 0.00780894 0.54306114
vt 0.19062276 0.52706701
vt 0.01343490 0.41420543
vt 0.19415908 0.44607198
vt 0.19062276 0.47293299
vt 0.02276392 0.37212497
vt 0.07212184 0.25296444
vt 0.96427500 0.33101770
vt 0.79183000 0.39378256
vt 0.97723609 0.37212497
vt 0.79997694 0.41962141
vt 0.98656511 0.58579457
vt 0.80584091 0.55392802
vt 0.80937725 0.52706701
vt 0.97723609 0.62787503
vt 0.00592885 0.50000000
vt 0.18944100 0.50000000
vt 0.00780894 0.45693886
vt 0.99219108 0.54306114
vt 0.81055903 0.50000000
vt 0.98656511 0.41420543
vt 0.80584091 0.44607198
vt 0.99219108 0.45693886
vt 0.80937725 0.47293299
vt 0.99407113 0.50000000
vt 0.98611110 1
vt 1 1
vt 1 0
vt 0.97222221 1
vt 0.98611110 0
vt 0.95833331 1
vt 0.97222221 0
vt 0.94444442 1
vt 0.95833331 0
vt 0.93055558 1
vt 0.94444442 0
vt 0.91666669 1
vt 0.93055558 0
vt 0.90277779 1
vt 0.91666669 0
vt 0.88888890 1
vt 0.90277779 0
vt 0.87500000 1
vt 0.88888890 0
vt 0.86111110 1
vt 0.87500000 0
vt 0.84722221 1
vt 0.86111110 0
vt 0.83333331 1
vt 0.84722221 0
vt 0.81944442 1
vt 0.83333331 0
vt 0.80555558 1
vt 0.81944442 0
vt 0.79166669 1
vt 0.80555558 0
vt 0.77777779 1
vt 0.79166669 0
vt 0.76388890 1
vt 0.77777779 0
vt 0.75000000 1
vt 0.76388890 0
vt 0.73611110 1
vt 0.75000000 0
vt 0.72222221 1
vt 0.73611110 0
vt 0.70833331 1
vt 0.72222221 0
vt 0.69444442 1
vt 0.70833331 0
vt 0.68055558 1
vt 0.69444442 0
vt 0.66666669 1
vt 0.68055558 0
vt 0.65277779 1
vt 0.66666669 0
vt 0.63888890 1
vt 0.65277779 0
vt 0.62500000 1
vt 0.63888890 0
vt 0.61111110 1
vt 0.62500000 0
vt 0.59722221 1
vt 0.61111110 0
vt 0.58333331 1
vt 0.59722221 0
vt 0.56944442 1
vt 0.58333331 0
vt 0.55555558 1
vt 0.56944442 0
vt 0.54166669 1
vt 0.55555558 0
vt 0.52777779 1
vt 0.54166669 0
vt 0.51388890 1
vt 0.52777779 0
vt 0.50000000 1
vt 0.51388890 0
vt 0.48611110 1
vt 0.50000000 0
vt 0.47222221 1
vt 0.48611110 0
vt 0.45833334 1
vt 0.47222221 0
vt 0.44444445 1
vt 0.45833334 0
vt 0.43055555 1
vt 0.44444445 0
vt 0.41666666 1
vt 0.43055555 0
vt 0.40277779 1
vt 0.41666666 0
vt 0.38888890 1
vt 0.40277779 0
vt 0.37500000 1
vt 0.38888890 0
vt 0.36111110 1
vt 0.37500000 0
vt 0.34722221 1
vt 0.36111110 0
vt 0.33333334 1
vt 0.34722221 0
vt 0.31944445 1
vt 0.33333334 0
vt 0.30555555 1
vt 0.31944445 0
vt 0.29166666 1
vt 0.30555555 0
vt 0.27777779 1
vt 0.29166666 0
vt 0.26388890 1
vt 0.27777779 0
vt 0.25000000 1
vt 0.26388890 0
vt 0.23611110 1
vt 0.25000000 0
vt 0.22222222 1
vt 0.23611110 0
vt 0.20833333 1
vt 0.22222222 0
vt 0.19444445 1
vt 0.20833333 0
vt 0.18055555 1
vt 0.19444445 0
vt 0.16666667 1
vt 0.18055555 0
vt 0.15277778 1
vt 0.16666667 0
vt 0.13888890 1
vt 0.15277778 0
vt 0.12500000 1
vt 0.13888890 0
vt 0.11111111 1
vt 0.12500000 0
vt 0.09722222 1
vt 0.11111111 0
vt 0.08333334 1
vt 0.09722222 0
vt 0.06944445 1
vt 0.08333334 0
vt 0.05555556 1
vt 0.06944445 0
vt 0.04166667 1
vt 0.05555556 0
vt 0.02777778 1
vt 0.04166667 0
vt 0.01388889 1
vt 0.02777778 0
vt 0.01388889 0
vt 0 1
vt 0 0
vt 0.01388889 0
vt 0.01388889 1
vt 0.02777778 0
vt 0.02777778 1
vt 0.04166667 0
vt 0.04166667 1
vt 0.05555556 0
vt 0.05555556 1
vt 0.06944445 0
vt 0.06944445 1
vt 0.08333334 0
vt 0.08333334 1
vt 0.09722222 0
vt 0.09722222 1
vt 0.11111111 0
vt 0.11111111 1
vt 0.12500000 0
vt 0.12500000 1
vt 0.13888890 0
vt 0.13888890 1
vt 0.15277778 0
vt 0.15277778 1
vt 0.16666667 0
vt 0.16666667 1
vt 0.18055555 0
vt 0.18055555 1
vt 0.19444445 0
vt 0.19444445 1
vt 0.20833333 0
vt 0.20833333 1
vt 0.22222222 0
vt 0.22222222 1
vt 0.23611110 0
vt 0.23611110 1
vt 0.25000000 0
vt 0.25000000 1
vt 0.26388890 0
vt 0.26388890 1
vt 0.27777779 0
vt 0.27777779 1
vt 0.29166666 0
vt 0.29166666 1
vt 0.30555555 0
vt 0.30555555 1
vt 0.31944445 0
vt 0.31944445 1
vt 0.33333334 0
vt 0.33333334 1
vt 0.34722221 0
vt 0.34722221 1
vt 0.36111110 0
vt 0.36111110 1
vt 0.37500000 0
vt 0.37500000 1
vt 0.38888890 0
vt 0.38888890 1
vt 0.40277779 0
vt 0.40277779 1
vt 0.41666666 0
vt 0.41666666 1
vt 0.43055555 0
vt 0.43055555 1
vt 0.44444445 0
vt 0.44444445 1
vt 0.45833334 0
vt 0.45833334 1
vt 0.47222221 0
vt 0.47222221 1
vt 0.48611110 0
vt 0.48611110 1
vt 0.50000000 0
vt 0.50000000 1
vt 0.51388890 0
vt 0.51388890 1
vt 0.52777779 0
vt 0.52777779 1
vt 0.54166669 0
vt 0.54166669 1
vt 0.55555558 0
vt 0.55555558 1
vt 0.56944442 0
vt 0.56944442 1
vt 0.58333331 0
vt 0.58333331 1
vt 0.59722221 0
vt 0.59722221 1
vt 0.61111110 0
vt 0.61111110 1
vt 0.62500000 0
vt 0.62500000 1
vt 0.63888890 0
vt 0.63888890 1
vt 0.65277779 0
vt 0.65277779 1
vt 0.66666669 0
vt 0.66666669 1
vt 0.68055558 0
vt 0.68055558 1
vt 0.69444442 0
vt 0.69444442 1
vt 0.70833331 0
vt 0.70833331 1
vt 0.72222221 0
vt 0.72222221 1
vt 0.73611110 0
vt 0.73611110 1
vt 0.75000000 0
vt 0.75000000 1
vt 0.76388890 0
vt 0.76388890 1
vt 0.77777779 0
vt 0.77777779 1
vt 0.79166669 0
vt 0.79166669 1
vt 0.80555558 0
vt 0.80555558 1
vt 0.81944442 0
vt 0.81944442 1
vt 0.83333331 0
vt 0.83333331 1
vt 0.84722221 0
vt 0.84722221 1
vt 0.86111110 0
vt 0.86111110 1
vt 0.87500000 0
vt 0.87500000 1
vt 0.88888890 0
vt 0.88888890 1
vt 0.90277779 0
vt 0.90277779 1
vt 0.91666669 0
vt 0.91666669 1
vt 0.93055558 0
vt 0.93055558 1
vt 0.94444442 0
vt 0.94444442 1
vt 0.95833331 0
vt 0.95833331 1
vt 0.97222221 0
vt 0.97222221 1
vt 0.98611110 0
vt 0.98611110 1
vt 0.33101770 0.96427500
vt 0.43428466 0.68055141
vt 0.45027083 0.68559182
vt 0.29119653 0.94778055
vt 0.41879866 0.67413688
vt 0.45693886 0.99219108
vt 0.48325402 0.69140762
vt 0.50000000 0.69213879
vt 0.41420543 0.98656511
vt 0.46663547 0.68921977
vt 0.37212497 0.97723609
vt 0.21661243 0.90471941
vt 0.38979372 0.65739089
vt 0.40393060 0.66639704
vt 0.18241718 0.87848043
vt 0.37649557 0.64718682
vt 0.09528061 0.21661243
vt 0.34260914 0.38979372
vt 0.33360294 0.40393060
vt 0.12151954 0.18241718
vt 0.35281315 0.37649557
vt 0.90471941 0.78338754
vt 0.65739089 0.61020631
vt 0.66639704 0.59606940
vt 0.87848043 0.81758279
vt 0.64718682 0.62350440
vt 0.62787503 0.97723609
vt 0.54972917 0.68559182
vt 0.56571531 0.68055141
vt 0.58579457 0.98656511
vt 0.53336453 0.68921977
vt 0.54306114 0.99219108
vt 0.51674598 0.69140762
vt 0.50000000 0.99407113
vt 0.25296444 0.92787814
vt 0.12151954 0.81758279
vt 0.09528061 0.78338754
vt 0.34260914 0.61020631
vt 0.07212184 0.74703556
vt 0.33360294 0.59606940
vt 0.15063894 0.15063894
vt 0.36413735 0.36413735
vt 0.21661243 0.09528061
vt 0.38979372 0.34260914
vt 0.37649557 0.35281315
vt 0.25296444 0.07212184
vt 0.40393060 0.33360294
vt 0.29119653 0.05221947
vt 0.41879866 0.32586312
vt 0.33101770 0.03572499
vt 0.43428466 0.31944862
vt 0.37212497 0.02276392
vt 0.45027083 0.31440818
vt 0.41420543 0.01343490
vt 0.46663547 0.31078023
vt 0.45693886 0.00780894
vt 0.48325402 0.30859238
vt 0.50000000 0.00592885
vt 0.50000000 0.30786121
vt 0.54306114 0.00780894
vt 0.51674598 0.30859238
vt 0.58579457 0.01343490
vt 0.53336453 0.31078023
vt 0.62787503 0.02276392
vt 0.54972917 0.31440818
vt 0.66898227 0.03572499
vt 0.56571531 0.31944862
vt 0.84936106 0.84936106
vt 0.63586265 0.63586265
vt 0.78338754 0.90471941
vt 0.61020631 0.65739089
vt 0.62350440 0.64718682
vt 0.74703556 0.92787814
vt 0.59606940 0.66639704
vt 0.70880347 0.94778055
vt 0.58120137 0.67413688
vt 0.66898227 0.96427500
vt 0.35281315 0.62350440
vt 0.36413735 0.63586265
vt 0.18241718 0.12151954
vt 0.81758279 0.12151954
vt 0.62350440 0.35281315
vt 0.61020631 0.34260914
vt 0.84936106 0.15063894
vt 0.63586265 0.36413735
vt 0.81758279 0.87848043
vt 0.15063894 0.84936106
vt 0.70880347 0.05221947
vt 0.58120137 0.32586312
vt 0.74703556 0.07212184
vt 0.59606940 0.33360294
vt 0.78338754 0.09528061
vt 0.87848043 0.18241718
vt 0.64718682 0.37649557
vt 0.90471941 0.21661243
vt 0.65739089 0.38979372
vt 0.92787814 0.25296444
vt 0.66639704 0.40393060
vt 0.96427500 0.66898227
vt 0.68055141 0.56571531
vt 0.68559182 0.54972917
vt 0.94778055 0.70880347
vt 0.67413688 0.58120137
vt 0.92787814 0.74703556
vt 0.03572499 0.66898227
vt 0.31944862 0.56571531
vt 0.32586312 0.58120137
vt 0.02276392 0.62787503
vt 0.31440818 0.54972917
vt 0.01343490 0.58579457
vt 0.31078023 0.53336453
vt 0.00780894 0.54306114
vt 0.30859238 0.51674598
vt 0.00592885 0.50000000
vt 0.30786121 0.50000000
vt 0.00780894 0.45693886
vt 0.30859238 0.48325402
vt 0.03572499 0.33101770
vt 0.31944862 0.43428466
vt 0.31440818 0.45027083
vt 0.05221947 0.29119653
vt 0.32586312 0.41879866
vt 0.07212184 0.25296444
vt 0.94778055 0.29119653
vt 0.67413688 0.41879866
vt 0.96427500 0.33101770
vt 0.68055141 0.43428466
vt 0.97723609 0.37212497
vt 0.68559182 0.45027083
vt 0.98656511 0.58579457
vt 0.68921977 0.53336453
vt 0.69140762 0.51674598
vt 0.97723609 0.62787503
vt 0.05221947 0.70880347
vt 0.01343490 0.41420543
vt 0.31078023 0.46663547
vt 0.02276392 0.37212497
vt 0.99407113 0.50000000
vt 0.99219108 0.54306114
vt 0.98656511 0.41420543
vt 0.68921977 0.46663547
vt 0.99219108 0.45693886
vt 0.69140762 0.48325402
vt 0.69213879 0.50000000
vt 0.98611110 1
vt 1 1
vt 1 0
vt 0.97222221 1
vt 0.98611110 0
vt 0.95833331 1
vt 0.97222221 0
vt 0.94444442 1
vt 0.95833331 0
vt 0.93055558 1
vt 0.94444442 0
vt 0.91666669 1
vt 0.93055558 0
vt 0.90277779 1
vt 0.91666669 0
vt 0.88888890 1
vt 0.90277779 0
vt 0.87500000 1
vt 0.88888890 0
vt 0.86111110 1
vt 0.87500000 0
vt 0.84722221 1
vt 0.86111110 0
vt 0.83333331 1
vt 0.84722221 0
vt 0.81944442 1
vt 0.83333331 0
vt 0.80555558 1
vt 0.81944442 0
vt 0.79166669 1
vt 0.80555558 0
vt 0.77777779 1
vt 0.79166669 0
vt 0.76388890 1
vt 0.77777779 0
vt 0.75000000 1
vt 0.76388890 0
vt 0.73611110 1
vt 0.75000000 0
vt 0.72222221 1
vt 0.73611110 0
vt 0.70833331 1
vt 0.72222221 0
vt 0.69444442 1
vt 0.70833331 0
vt 0.68055558 1
vt 0.69444442 0
vt 0.66666669 1
vt 0.68055558 0
vt 0.65277779 1
vt 0.66666669 0
vt 0.63888890 1
vt 0.65277779 0
vt 0.62500000 1
vt 0.63888890 0
vt 0.61111110 1
vt 0.62500000 0
vt 0.59722221 1
vt 0.61111110 0
vt 0.58333331 1
vt 0.59722221 0
vt 0.56944442 1
vt 0.58333331 0
vt 0.55555558 1
vt 0.56944442 0
vt 0.54166669 1
vt 0.55555558 0
vt 0.52777779 1
vt 0.54166669 0
vt 0.51388890 1
vt 0.52777779 0
vt 0.50000000 1
vt 0.51388890 0
vt 0.48611110 1
vt 0.50000000 0
vt 0.47222221 1
vt 0.48611110 0
vt 0.45833334 1
vt 0.47222221 0
vt 0.44444445 1
vt 0.45833334 0
vt 0.43055555 1
vt 0.44444445 0
vt 0.41666666 1
vt 0.43055555 0
vt 0.40277779 1
vt 0.41666666 0
vt 0.38888890 1
vt 0.40277779 0
vt 0.37500000 1
vt 0.38888890 0
vt 0.36111110 1
vt 0.37500000 0
vt 0.34722221 1
vt 0.36111110 0
vt 0.33333334 1
vt 0.34722221 0
vt 0.31944445 1
vt 0.33333334 0
vt 0.30555555 1
vt 0.31944445 0
vt 0.29166666 1
vt 0.30555555 0
vt 0.27777779 1
vt 0.29166666 0
vt 0.26388890 1
vt 0.27777779 0
vt 0.25000000 1
vt 0.26388890 0
vt 0.23611110 1
vt 0.25000000 0
vt 0.22222222 1
vt 0.23611110 0
vt 0.20833333 1
vt 0.22222222 0
vt 0.19444445 1
vt 0.20833333 0
vt 0.18055555 1
vt 0.19444445 0
vt 0.16666667 1
vt 0.18055555 0
vt 0.15277778 1
vt 0.16666667 0
vt 0.13888890 1
vt 0.15277778 0
vt 0.12500000 1
vt 0.13888890 0
vt 0.11111111 1
vt 0.12500000 0
vt 0.09722222 1
vt 0.11111111 0
vt 0.08333334 1
vt 0.09722222 0
vt 0.06944445 1
vt 0.08333334 0
vt 0.05555556 1
vt 0.06944445 0
vt 0.04166667 1
vt 0.05555556 0
vt 0.02777778 1
vt 0.04166667 0
vt 0.01388889 1
vt 0.02777778 0
vt 0.01388889 0
vt 0.25296444 0.07212184
vt 0.34472048 0.23104802
vt 0.32187068 0.24560496
vt 0.29119653 0.05221947
vt 0.36875209 0.21853796
vt 0.33101770 0.03572499
vt 0.39378256 0.20817000
vt 0.37212497 0.02276392
vt 0.41962141 0.20002304
vt 0.62787503 0.02276392
vt 0.58037859 0.20002304
vt 0.55392802 0.19415908
vt 0.66898227 0.03572499
vt 0.60621744 0.20817000
vt 0.70880347 0.05221947
vt 0.74703556 0.07212184
vt 0.65527952 0.23104802
vt 0.78338754 0.09528061
vt 0.67812932 0.24560496
vt 0.81758279 0.12151954
vt 0.69962347 0.26209798
vt 0.84936106 0.15063894
vt 0.71959835 0.28040162
vt 0.90471941 0.21661243
vt 0.75439507 0.32187068
vt 0.73790199 0.30037650
vt 0.92787814 0.25296444
vt 0.76895201 0.34472048
vt 0.74703556 0.92787814
vt 0.65527952 0.76895201
vt 0.67812932 0.75439507
vt 0.70880347 0.94778055
vt 0.63124788 0.78146207
vt 0.62787503 0.97723609
vt 0.58037859 0.79997694
vt 0.60621744 0.79183000
vt 0.58579457 0.98656511
vt 0.55392802 0.80584091
vt 0.41420543 0.01343490
vt 0.44607198 0.19415908
vt 0.58579457 0.01343490
vt 0.52706701 0.19062276
vt 0.63124788 0.21853796
vt 0.87848043 0.18241718
vt 0.94778055 0.29119653
vt 0.78146207 0.36875209
vt 0.81758279 0.87848043
vt 0.69962347 0.73790199
vt 0.71959835 0.71959835
vt 0.78338754 0.90471941
vt 0.66898227 0.96427500
vt 0.54306114 0.99219108
vt 0.52706701 0.80937725
vt 0.37212497 0.97723609
vt 0.41962141 0.79997694
vt 0.44607198 0.80584091
vt 0.33101770 0.96427500
vt 0.39378256 0.79183000
vt 0.29119653 0.94778055
vt 0.25296444 0.92787814
vt 0.34472048 0.76895201
vt 0.21661243 0.90471941
vt 0.32187068 0.75439507
vt 0.03572499 0.33101770
vt 0.20817000 0.39378256
vt 0.20002304 0.41962141
vt 0.05221947 0.29119653
vt 0.21853796 0.36875209
vt 0.18241718 0.12151954
vt 0.30037650 0.26209798
vt 0.28040162 0.28040162
vt 0.21661243 0.09528061
vt 0.45693886 0.00780894
vt 0.47293299 0.19062276
vt 0.50000000 0.00592885
vt 0.50000000 0.18944100
vt 0.54306114 0.00780894
vt 0.96427500 0.66898227
vt 0.79183000 0.60621744
vt 0.79997694 0.58037859
vt 0.94778055 0.70880347
vt 0.78146207 0.63124788
vt 0.90471941 0.78338754
vt 0.75439507 0.67812932
vt 0.76895201 0.65527952
vt 0.87848043 0.81758279
vt 0.73790199 0.69962347
vt 0.84936106 0.84936106
vt 0.50000000 0.99407113
vt 0.50000000 0.81055903
vt 0.45693886 0.99219108
vt 0.47293299 0.80937725
vt 0.41420543 0.98656511
vt 0.36875209 0.78146207
vt 0.18241718 0.87848043
vt 0.30037650 0.73790199
vt 0.15063894 0.84936106
vt 0.28040162 0.71959835
vt 0.09528061 0.78338754
vt 0.24560496 0.67812932
vt 0.26209798 0.69962347
vt 0.07212184 0.74703556
vt 0.23104802 0.65527952
vt 0.07212184 0.25296444
vt 0.23104802 0.34472048
vt 0.09528061 0.21661243
vt 0.24560496 0.32187068
vt 0.12151954 0.18241718
vt 0.26209798 0.30037650
vt 0.15063894 0.15063894
vt 0.96427500 0.33101770
vt 0.79183000 0.39378256
vt 0.97723609 0.37212497
vt 0.79997694 0.41962141
vt 0.92787814 0.74703556
vt 0.12151954 0.81758279
vt 0.05221947 0.70880347
vt 0.21853796 0.63124788
vt 0.03572499 0.66898227
vt 0.20817000 0.60621744
vt 0.02276392 0.62787503
vt 0.20002304 0.58037859
vt 0.02276392 0.37212497
vt 0.19415908 0.44607198
vt 0.98656511 0.41420543
vt 0.80584091 0.44607198
vt 0.01343490 0.58579457
vt 0.19415908 0.55392802
vt 0.99219108 0.45693886
vt 0.80937725 0.47293299
vt 0.99407113 0.50000000
vt 0.81055903 0.50000000
vt 0.00780894 0.54306114
vt 0.19062276 0.52706701
vt 0.00592885 0.50000000
vt 0.18944100 0.50000000
vt 0.00780894 0.45693886
vt 0.19062276 0.47293299
vt 0.01343490 0.41420543
vt 0.98656511 0.58579457
vt 0.80584091 0.55392802
vt 0.80937725 0.52706701
vt 0.97723609 0.62787503
vt 0.99219108 0.54306114
vt 0.98611110 1
vt 1 1
vt 1 0
vt 0.97222221 1
vt 0.98611110 0
vt 0.95833331 1
vt 0.97222221 0
vt 0.94444442 1
vt 0.95833331 0
vt 0.93055558 1
vt 0.94444442 0
vt 0.91666669 1
vt 0.93055558 0
vt 0.90277779 1
vt 0.91666669 0
vt 0.88888890 1
vt 0.90277779 0
vt 0.87500000 1
vt 0.88888890 0
vt 0.86111110 1
vt 0.87500000 0
vt 0.84722221 1
vt 0.86111110 0
vt 0.83333331 1
vt 0.84722221 0
vt 0.81944442 1
vt 0.83333331 0
vt 0.80555558 1
vt 0.81944442 0
vt 0.79166669 1
vt 0.80555558 0
vt 0.77777779 1
vt 0.79166669 0
vt 0.76388890 1
vt 0.77777779 0
vt 0.75000000 1
vt 0.76388890 0
vt 0.73611110 1
vt 0.75000000 0
vt 0.72222221 1
vt 0.73611110 0
vt 0.70833331 1
vt 0.72222221 0
vt 0.69444442 1
vt 0.70833331 0
vt 0.68055558 1
vt 0.69444442 0
vt 0.66666669 1
vt 0.68055558 0
vt 0.65277779 1
vt 0.66666669 0
vt 0.63888890 1
vt 0.65277779 0
vt 0.62500000 1
vt 0.63888890 0
vt 0.61111110 1
vt 0.62500000 0
vt 0.59722221 1
vt 0.61111110 0
vt 0.58333331 1
vt 0.59722221 0
vt 0.56944442 1
vt 0.58333331 0
vt 0.55555558 1
vt 0.56944442 0
vt 0.54166669 1
vt 0.55555558 0
vt 0.52777779 1
vt 0.54166669 0
vt 0.51388890 1
vt 0.52777779 0
vt 0.50000000 1
vt 0.51388890 0
vt 0.48611110 1
vt 0.50000000 0
vt 0.47222221 1
vt 0.48611110 0
vt 0.45833334 1
vt 0.47222221 0
vt 0.44444445 1
vt 0.45833334 0
vt 0.43055555 1
vt 0.44444445 0
vt 0.41666666 1
vt 0.43055555 0
vt 0.40277779 1
vt 0.41666666 0
vt 0.38888890 1
vt 0.40277779 0
vt 0.37500000 1
vt 0.38888890 0
vt 0.36111110 1
vt 0.37500000 0
vt 0.34722221 1
vt 0.36111110 0
vt 0.33333334 1
vt 0.34722221 0
vt 0.31944445 1
vt 0.33333334 0
vt 0.30555555 1
vt 0.31944445 0
vt 0.29166666 1
vt 0.30555555 0
vt 0.27777779 1
vt 0.29166666 0
vt 0.26388890 1
vt 0.27777779 0
vt 0.25000000 1
vt 0.26388890 0
vt 0.23611110 1
vt 0.25000000 0
vt 0.22222222 1
vt 0.23611110 0
vt 0.20833333 1
vt 0.22222222 0
vt 0.19444445 1
vt 0.20833333 0
vt 0.18055555 1
vt 0.19444445 0
vt 0.16666667 1
vt 0.18055555 0
vt 0.15277778 1
vt 0.16666667 0
vt 0.13888890 1
vt 0.15277778 0
vt 0.12500000 1
vt 0.13888890 0
vt 0.11111111 1
vt 0.12500000 0
vt 0.09722222 1
vt 0.11111111 0
vt 0.08333334 1
vt 0.09722222 0
vt 0.06944445 1
vt 0.08333334 0
vt 0.05555556 1
vt 0.06944445 0
vt 0.04166667 1
vt 0.05555556 0
vt 0.02777778 1
vt 0.04166667 0
vt 0.01388889 1
vt 0.02777778 0
vt 0.01388889 0
vt 0 1
vt 0 0
vt 0.01388889 0
vt 0.01388889 1
vt 0.02777778 0
vt 0.02777778 1
vt 0.04166667 0
vt 0.04166667 1
vt 0.05555556 0
vt 0.05555556 1
vt 0.06944445 0
vt 0.06944445 1
vt 0.08333334 0
vt 0.08333334 1
vt 0.09722222 0
vt 0.09722222 1
vt 0.11111111 0
vt 0.11111111 1
vt 0.12500000 0
vt 0.12500000 1
vt 0.13888890 0
vt 0.13888890 1
vt 0.15277778 0
vt 0.15277778 1
vt 0.16666667 0
vt 0.16666667 1
vt 0.18055555 0
vt 0.18055555 1
vt 0.19444445 0
vt 0.19444445 1
vt 0.20833333 0
vt 0.20833333 1
vt 0.22222222 0
vt 0.22222222 1
vt 0.23611110 0
vt 0.23611110 1
vt 0.25000000 0
vt 0.25000000 1
vt 0.26388890 0
vt 0.26388890 1
vt 0.27777779 0
vt 0.27777779 1
vt 0.29166666 0
vt 0.29166666 1
vt 0.30555555 0
vt 0.30555555 1
vt 0.31944445 0
vt 0.31944445 1
vt 0.33333334 0
vt 0.33333334 1
vt 0.34722221 0
vt 0.34722221 1
vt 0.36111110 0
vt 0.36111110 1
vt 0.37500000 0
vt 0.37500000 1
vt 0.38888890 0
vt 0.38888890 1
vt 0.40277779 0
vt 0.40277779 1
vt 0.41666666 0
vt 0.41666666 1
vt 0.43055555 0
vt 0.43055555 1
vt 0.44444445 0
vt 0.44444445 1
vt 0.45833334 0
vt 0.45833334 1
vt 0.47222221 0
vt 0.48611110 1
vt 0.47222221 1
vt 0.47711593 0
vt 0.48611110 0
vt 0.50000000 0
vt 0.50000000 1
vt 0.51388890 0
vt 0.51388890 1
vt 0.52777779 0
vt 0.52777779 1
vt 0.54166669 0
vt 0.54166669 1
vt 0.55555558 0
vt 0.55555558 1
vt 0.56944442 0
vt 0.56944442 1
vt 0.58333331 0
vt 0.58333331 1
vt 0.59722221 0
vt 0.59722221 1
vt 0.61111110 0
vt 0.61111110 1
vt 0.62500000 0
vt 0.62500000 1
vt 0.63888890 0
vt 0.63888890 1
vt 0.65277779 0
vt 0.65277779 1
vt 0.66666669 0
vt 0.66666669 1
vt 0.68055558 0
vt 0.68055558 1
vt 0.69444442 0
vt 0.69444442 1
vt 0.70833331 0
vt 0.70833331 1
vt 0.72222221 0
vt 0.72222221 1
vt 0.73611110 0
vt 0.73611110 1
vt 0.75000000 0
vt 0.75000000 1
vt 0.76388890 0
vt 0.76388890 1
vt 0.77777779 0
vt 0.77777779 1
vt 0.79166669 0
vt 0.79166669 1
vt 0.80555558 0
vt 0.80555558 1
vt 0.81944442 0
vt 0.81944442 1
vt 0.83333331 0
vt 0.83333331 1
vt 0.84722221 0
vt 0.84722221 1
vt 0.86111110 0
vt 0.86111110 1
vt 0.87500000 0
vt 0.87500000 1
vt 0.88888890 0
vt 0.88888890 1
vt 0.90277779 0
vt 0.90277779 1
vt 0.91666669 0
vt 0.91666669 1
vt 0.93055558 0
vt 0.93055558 1
vt 0.94444442 0
vt 0.94444442 1
vt 0.95833331 0
vt 0.95833331 1
vt 0.97222221 0
vt 0.97222221 1
vt 0.98611110 0
vt 0.98611110 1
vt 0.37212497 0.97723609
vt 0.45027083 0.68559182
vt 0.46663547 0.68921977
vt 0.33101770 0.96427500
vt 0.43428466 0.68055141
vt 0.90471941 0.78338754
vt 0.65739089 0.61020631
vt 0.66639704 0.59606940
vt 0.87848043 0.81758279
vt 0.64718682 0.62350440
vt 0.78338754 0.90471941
vt 0.61020631 0.65739089
vt 0.62350440 0.64718682
vt 0.74703556 0.92787814
vt 0.59606940 0.66639704
vt 0.62787503 0.97723609
vt 0.54972917 0.68559182
vt 0.56571531 0.68055141
vt 0.58579457 0.98656511
vt 0.53336453 0.68921977
vt 0.29119653 0.94778055
vt 0.41879866 0.67413688
vt 0.12151954 0.81758279
vt 0.09528061 0.78338754
vt 0.34260914 0.61020631
vt 0.07212184 0.74703556
vt 0.33360294 0.59606940
vt 0.62787503 0.02276392
vt 0.54972917 0.31440818
vt 0.53336453 0.31078023
vt 0.66898227 0.03572499
vt 0.56571531 0.31944862
vt 0.98897272 0.57079536
vt 0.68921977 0.53336453
vt 0.69140762 0.51674598
vt 0.97723609 0.62787503
vt 0.68559182 0.54972917
vt 0.68791676 0.54005748
vt 0.84936106 0.84936106
vt 0.63586265 0.63586265
vt 0.70880347 0.94778055
vt 0.58120137 0.67413688
vt 0.66898227 0.96427500
vt 0.25296444 0.92787814
vt 0.40393060 0.66639704
vt 0.21661243 0.90471941
vt 0.38979372 0.65739089
vt 0.18241718 0.87848043
vt 0.37649557 0.64718682
vt 0.35281315 0.62350440
vt 0.36413735 0.63586265
vt 0.09528061 0.21661243
vt 0.34260914 0.38979372
vt 0.33360294 0.40393060
vt 0.12151954 0.18241718
vt 0.35281315 0.37649557
vt 0.37212497 0.02276392
vt 0.45027083 0.31440818
vt 0.43428466 0.31944862
vt 0.41420543 0.01343490
vt 0.46663547 0.31078023
vt 0.70880347 0.05221947
vt 0.58120137 0.32586312
vt 0.87848043 0.18241718
vt 0.90471941 0.21661243
vt 0.65739089 0.38979372
vt 0.92787814 0.25296444
vt 0.66639704 0.40393060
vt 0.99219108 0.54306114
vt 0.98656511 0.58579457
vt 0.81758279 0.87848043
vt 0.15063894 0.84936106
vt 0.15063894 0.15063894
vt 0.36413735 0.36413735
vt 0.18241718 0.12151954
vt 0.37649557 0.35281315
vt 0.21661243 0.09528061
vt 0.38979372 0.34260914
vt 0.25296444 0.07212184
vt 0.40393060 0.33360294
vt 0.29119653 0.05221947
vt 0.41879866 0.32586312
vt 0.33101770 0.03572499
vt 0.74703556 0.07212184
vt 0.59606940 0.33360294
vt 0.78338754 0.09528061
vt 0.61020631 0.34260914
vt 0.81758279 0.12151954
vt 0.62350440 0.35281315
vt 0.64718682 0.37649557
vt 0.63586265 0.36413735
vt 0.96427500 0.66898227
vt 0.68055141 0.56571531
vt 0.54306114 0.99219108
vt 0.51674598 0.69140762
vt 0.50000000 0.99407113
vt 0.50000000 0.69213879
vt 0.45693886 0.99219108
vt 0.48325402 0.69140762
vt 0.41420543 0.98656511
vt 0.84936106 0.15063894
vt 0.94778055 0.70880347
vt 0.67413688 0.58120137
vt 0.45693886 0.00780894
vt 0.48325402 0.30859238
vt 0.50000000 0.00592885
vt 0.50000000 0.30786121
vt 0.54306114 0.00780894
vt 0.51674598 0.30859238
vt 0.58579457 0.01343490
vt 0.92787814 0.74703556
vt 0.03572499 0.66898227
vt 0.31944862 0.56571531
vt 0.32586312 0.58120137
vt 0.02276392 0.62787503
vt 0.31440818 0.54972917
vt 0.05221947 0.70880347
vt 0.01343490 0.58579457
vt 0.31078023 0.53336453
vt 0.00780894 0.54306114
vt 0.30859238 0.51674598
vt 0.00592885 0.50000000
vt 0.30786121 0.50000000
vt 0.00780894 0.45693886
vt 0.30859238 0.48325402
vt 0.01343490 0.41420543
vt 0.31078023 0.46663547
vt 0.02276392 0.37212497
vt 0.31440818 0.45027083
vt 0.03572499 0.33101770
vt 0.31944862 0.43428466
vt 0.05221947 0.29119653
vt 0.32586312 0.41879866
vt 0.07212184 0.25296444
vt 0.96427500 0.33101770
vt 0.68055141 0.43428466
vt 0.67413688 0.41879866
vt 0.97723609 0.37212497
vt 0.68559182 0.45027083
vt 0.99407113 0.50000000
vt 0.94778055 0.29119653
vt 0.98656511 0.41420543
vt 0.68921977 0.46663547
vt 0.99219108 0.45693886
vt 0.69140762 0.48325402
vt 0.69213879 0.50000000
vt 0.98611110 1
vt 1 1
vt 1 0
vt 0.97222221 1
vt 0.98611110 0
vt 0.95833331 1
vt 0.97222221 0
vt 0.94444442 1
vt 0.95833331 0
vt 0.93055558 1
vt 0.94444442 0
vt 0.91666669 1
vt 0.93055558 0
vt 0.90277779 1
vt 0.91666669 0
vt 0.88888890 1
vt 0.90277779 0
vt 0.87500000 1
vt 0.88888890 0
vt 0.86111110 1
vt 0.87500000 0
vt 0.84722221 1
vt 0.86111110 0
vt 0.83333331 1
vt 0.84722221 0
vt 0.81944442 1
vt 0.83333331 0
vt 0.80555558 1
vt 0.81944442 0
vt 0.79166669 1
vt 0.80555558 0
vt 0.77777779 1
vt 0.79166669 0
vt 0.76388890 1
vt 0.77777779 0
vt 0.75000000 1
vt 0.76388890 0
vt 0.73611110 1
vt 0.75000000 0
vt 0.72222221 1
vt 0.73611110 0
vt 0.70833331 1
vt 0.72222221 0
vt 0.69444442 1
vt 0.70833331 0
vt 0.68055558 1
vt 0.69444442 0
vt 0.66666669 1
vt 0.68055558 0
vt 0.65277779 1
vt 0.66666669 0
vt 0.63888890 1
vt 0.65277779 0
vt 0.62500000 1
vt 0.63888890 0
vt 0.61111110 1
vt 0.62500000 0
vt 0.59722221 1
vt 0.61111110 0
vt 0.58333331 1
vt 0.59722221 0
vt 0.56944442 1
vt 0.58333331 0
vt 0.55555558 1
vt 0.56944442 0
vt 0.54166669 1
vt 0.55555558 0
vt 0.52777779 1
vt 0.54166669 0
vt 0.51388890 1
vt 0.52777779 0
vt 0.50000000 1
vt 0.51388890 0
vt 0.48611110 1
vt 0.50000000 0
vt 0.47222221 1
vt 0.48611110 0
vt 0.45833334 1
vt 0.46657386 1
vt 0.46657386 0
vt 0.47222221 0
vt 0.44444445 1
vt 0.45833334 0
vt 0.43055555 1
vt 0.44444445 0
vt 0.41666666 1
vt 0.43055555 0
vt 0.40277779 1
vt 0.41666666 0
vt 0.38888890 1
vt 0.40277779 0
vt 0.37500000 1
vt 0.38888890 0
vt 0.36111110 1
vt 0.37500000 0
vt 0.34722221 1
vt 0.36111110 0
vt 0.33333334 1
vt 0.34722221 0
vt 0.31944445 1
vt 0.33333334 0
vt 0.30555555 1
vt 0.31944445 0
vt 0.29166666 1
vt 0.30555555 0
vt 0.27777779 1
vt 0.29166666 0
vt 0.26388890 1
vt 0.27777779 0
vt 0.25000000 1
vt 0.26388890 0
vt 0.23611110 1
vt 0.25000000 0
vt 0.22222222 1
vt 0.23611110 0
vt 0.20833333 1
vt 0.22222222 0
vt 0.19444445 1
vt 0.20833333 0
vt 0.18055555 1
vt 0.19444445 0
vt 0.16666667 1
vt 0.18055555 0
vt 0.15277778 1
vt 0.16666667 0
vt 0.13888890 1
vt 0.15277778 0
vt 0.12500000 1
vt 0.13888890 0
vt 0.11111111 1
vt 0.12500000 0
vt 0.09722222 1
vt 0.11111111 0
vt 0.08333334 1
vt 0.09722222 0
vt 0.06944445 1
vt 0.08333334 0
vt 0.05555556 1
vt 0.06944445 0
vt 0.04166667 1
vt 0.05555556 0
vt 0.02777778 1
vt 0.04166667 0
vt 0.01388889 1
vt 0.02777778 0
vt 0.01388889 0
vt 0.81758279 0.12151954
vt 0.69962347 0.26209798
vt 0.67812932 0.24560496
vt 0.84936106 0.15063894
vt 0.71959835 0.28040162
vt 0.87848043 0.18241718
vt 0.73790199 0.30037650
vt 0.90471941 0.21661243
vt 0.75439507 0.32187068
vt 0.92787814 0.25296444
vt 0.76895201 0.34472048
vt 0.74703556 0.07212184
vt 0.65527952 0.23104802
vt 0.63124788 0.21853796
vt 0.78338754 0.09528061
vt 0.18241718 0.12151954
vt 0.30037650 0.26209798
vt 0.28040162 0.28040162
vt 0.21661243 0.09528061
vt 0.32187068 0.24560496
vt 0.33101770 0.03572499
vt 0.39378256 0.20817000
vt 0.36875209 0.21853796
vt 0.37212497 0.02276392
vt 0.41962141 0.20002304
vt 0.45693886 0.00780894
vt 0.47293299 0.19062276
vt 0.44607198 0.19415908
vt 0.50000000 0.00592885
vt 0.50000000 0.18944100
vt 0.54306114 0.00780894
vt 0.52706701 0.19062276
vt 0.58579457 0.01343490
vt 0.55392802 0.19415908
vt 0.62787503 0.02276392
vt 0.58037859 0.20002304
vt 0.66898227 0.03572499
vt 0.60621744 0.20817000
vt 0.81758279 0.87848043
vt 0.69962347 0.73790199
vt 0.71959835 0.71959835
vt 0.78338754 0.90471941
vt 0.67812932 0.75439507
vt 0.18241718 0.87848043
vt 0.30037650 0.73790199
vt 0.32187068 0.75439507
vt 0.15063894 0.84936106
vt 0.28040162 0.71959835
vt 0.09528061 0.21661243
vt 0.24560496 0.32187068
vt 0.23104802 0.34472048
vt 0.12151954 0.18241718
vt 0.26209798 0.30037650
vt 0.15063894 0.15063894
vt 0.25296444 0.07212184
vt 0.34472048 0.23104802
vt 0.29119653 0.05221947
vt 0.41420543 0.01343490
vt 0.70880347 0.05221947
vt 0.94778055 0.29119653
vt 0.78146207 0.36875209
vt 0.90471941 0.78338754
vt 0.75439507 0.67812932
vt 0.76895201 0.65527952
vt 0.87848043 0.81758279
vt 0.73790199 0.69962347
vt 0.84936106 0.84936106
vt 0.74703556 0.92787814
vt 0.65527952 0.76895201
vt 0.70880347 0.94778055
vt 0.63124788 0.78146207
vt 0.12151954 0.81758279
vt 0.26209798 0.69962347
vt 0.09528061 0.78338754
vt 0.24560496 0.67812932
vt 0.07212184 0.74703556
vt 0.23104802 0.65527952
vt 0.07212184 0.25296444
vt 0.21853796 0.36875209
vt 0.92787814 0.74703556
vt 0.78146207 0.63124788
vt 0.62787503 0.97723609
vt 0.58037859 0.79997694
vt 0.60621744 0.79183000
vt 0.58579457 0.98656511
vt 0.55392802 0.80584091
vt 0.25296444 0.92787814
vt 0.34472048 0.76895201
vt 0.36875209 0.78146207
vt 0.21661243 0.90471941
vt 0.66898227 0.96427500
vt 0.54306114 0.99219108
vt 0.52706701 0.80937725
vt 0.50000000 0.99407113
vt 0.50000000 0.81055903
vt 0.45693886 0.99219108
vt 0.47293299 0.80937725
vt 0.41420543 0.98656511
vt 0.44607198 0.80584091
vt 0.37212497 0.97723609
vt 0.41962141 0.79997694
vt 0.33101770 0.96427500
vt 0.39378256 0.79183000
vt 0.03572499 0.33101770
vt 0.20817000 0.39378256
vt 0.20002304 0.41962141
vt 0.05221947 0.29119653
vt 0.29119653 0.94778055
vt 0.05221947 0.70880347
vt 0.21853796 0.63124788
vt 0.96427500 0.33101770
vt 0.79183000 0.39378256
vt 0.97723609 0.37212497
vt 0.79997694 0.41962141
vt 0.03572499 0.66898227
vt 0.20817000 0.60621744
vt 0.02276392 0.62787503
vt 0.20002304 0.58037859
vt 0.01343490 0.58579457
vt 0.19415908 0.55392802
vt 0.00780894 0.54306114
vt 0.19062276 0.52706701
vt 0.00780894 0.45693886
vt 0.19062276 0.47293299
vt 0.18944100 0.50000000
vt 0.01343490 0.41420543
vt 0.19415908 0.44607198
vt 0.02276392 0.37212497
vt 0.96427500 0.66898227
vt 0.79183000 0.60621744
vt 0.79997694 0.58037859
vt 0.94778055 0.70880347
vt 0.00592885 0.50000000
vt 0.98321456 0.60300493
vt 0.97723609 0.62787503
vt 0.98656511 0.41420543
vt 0.80584091 0.44607198
vt 0.99219108 0.45693886
vt 0.80937725 0.47293299
vt 0.98656511 0.58579457
vt 0.80584091 0.55392802
vt 0.80937725 0.52706701
vt 0.99407113 0.50000000
vt 0.81055903 0.50000000
vt 0.99219108 0.54306114
vt 0.98611110 1
vt 1 1
vt 1 0
vt 0.97222221 1
vt 0.98611110 0
vt 0.95833331 1
vt 0.97222221 0
vt 0.94444442 1
vt 0.95833331 0
vt 0.93055558 1
vt 0.94444442 0
vt 0.91666669 1
vt 0.93055558 0
vt 0.90277779 1
vt 0.91666669 0
vt 0.88888890 1
vt 0.90277779 0
vt 0.87500000 1
vt 0.88888890 0
vt 0.86111110 1
vt 0.87500000 0
vt 0.84722221 1
vt 0.86111110 0
vt 0.83333331 1
vt 0.84722221 0
vt 0.81944442 1
vt 0.83333331 0
vt 0.80555558 1
vt 0.81944442 0
vt 0.79166669 1
vt 0.80555558 0
vt 0.77777779 1
vt 0.79166669 0
vt 0.76388890 1
vt 0.77777779 0
vt 0.75000000 1
vt 0.76388890 0
vt 0.73611110 1
vt 0.75000000 0
vt 0.72222221 1
vt 0.73611110 0
vt 0.70833331 1
vt 0.72222221 0
vt 0.69444442 1
vt 0.70833331 0
vt 0.68055558 1
vt 0.69444442 0
vt 0.66666669 1
vt 0.68055558 0
vt 0.65277779 1
vt 0.66666669 0
vt 0.63888890 1
vt 0.65277779 0
vt 0.62500000 1
vt 0.63888890 0
vt 0.61111110 1
vt 0.62500000 0
vt 0.59722221 1
vt 0.61111110 0
vt 0.58333331 1
vt 0.59722221 0
vt 0.56944442 1
vt 0.58333331 0
vt 0.55555558 1
vt 0.56944442 0
vt 0.54166669 1
vt 0.55555558 0
vt 0.52777779 1
vt 0.54166669 0
vt 0.51388890 1
vt 0.52777779 0
vt 0.50000000 1
vt 0.51388890 0
vt 0.48611110 1
vt 0.50000000 0
vt 0.47222221 1
vt 0.48611110 0
vt 0.45833334 1
vt 0.47222221 0
vt 0.44444445 1
vt 0.45833334 0
vt 0.43055555 1
vt 0.44444445 0
vt 0.41666666 1
vt 0.43055555 0
vt 0.40277779 1
vt 0.41666666 0
vt 0.38888890 1
vt 0.40277779 0
vt 0.37500000 1
vt 0.38888890 0
vt 0.36111110 1
vt 0.37500000 0
vt 0.34722221 1
vt 0.36111110 0
vt 0.33333334 1
vt 0.34722221 0
vt 0.31944445 1
vt 0.33333334 0
vt 0.30555555 1
vt 0.31944445 0
vt 0.29166666 1
vt 0.30555555 0
vt 0.27777779 1
vt 0.29166666 0
vt 0.26388890 1
vt 0.27777779 0
vt 0.25000000 1
vt 0.26388890 0
vt 0.23611110 1
vt 0.25000000 0
vt 0.22222222 1
vt 0.23611110 0
vt 0.20833333 1
vt 0.22222222 0
vt 0.19444445 1
vt 0.20833333 0
vt 0.18055555 1
vt 0.19444445 0
vt 0.16666667 1
vt 0.18055555 0
vt 0.15277778 1
vt 0.16666667 0
vt 0.13888890 1
vt 0.15277778 0
vt 0.12500000 1
vt 0.13888890 0
vt 0.11111111 1
vt 0.12500000 0
vt 0.09722222 1
vt 0.11111111 0
vt 0.08333334 1
vt 0.09722222 0
vt 0.06944445 1
vt 0.08333334 0
vt 0.05555556 1
vt 0.06944445 0
vt 0.04166667 1
vt 0.05555556 0
vt 0.02777778 1
vt 0.04166667 0
vt 0.01388889 1
vt 0.02777778 0
vt 0.01388889 0
vt 0 1
vt 0 0
vt 0.01388889 0
vt 0.01388889 1
vt 0.02777778 0
vt 0.02777778 1
vt 0.04166667 0
vt 0.04166667 1
vt 0.05555556 0
vt 0.05555556 1
vt 0.06944445 0
vt 0.06944445 1
vt 0.08333334 0
vt 0.08333334 1
vt 0.09722222 0
vt 0.09722222 1
vt 0.11111111 0
vt 0.11111111 1
vt 0.12500000 0
vt 0.12500000 1
vt 0.13888890 0
vt 0.13888890 1
vt 0.15277778 0
vt 0.15277778 1
vt 0.16666667 0
vt 0.16666667 1
vt 0.18055555 0
vt 0.18055555 1
vt 0.19444445 0
vt 0.19444445 1
vt 0.20833333 0
vt 0.20833333 1
vt 0.22222222 0
vt 0.22222222 1
vt 0.23611110 0
vt 0.23611110 1
vt 0.25000000 0
vt 0.25000000 1
vt 0.26388890 0
vt 0.26388890 1
vt 0.27777779 0
vt 0.27777779 1
vt 0.29166666 0
vt 0.29166666 1
vt 0.30555555 0
vt 0.30555555 1
vt 0.31944445 0
vt 0.31944445 1
vt 0.33333334 0
vt 0.33333334 1
vt 0.34722221 0
vt 0.34722221 1
vt 0.36111110 0
vt 0.36111110 1
vt 0.37500000 0
vt 0.37500000 1
vt 0.38888890 0
vt 0.38888890 1
vt 0.40277779 0
vt 0.40277779 1
vt 0.41666666 0
vt 0.41666666 1
vt 0.43055555 0
vt 0.43055555 1
vt 0.44444445 0
vt 0.44444445 1
vt 0.45833334 0
vt 0.45833334 1
vt 0.47222221 0
vt 0.47222221 1
vt 0.48611110 0
vt 0.48611110 1
vt 0.50000000 0
vt 0.50000000 1
vt 0.51388890 0
vt 0.51388890 1
vt 0.52777779 0
vt 0.52777779 1
vt 0.54166669 0
vt 0.54166669 1
vt 0.55555558 0
vt 0.55555558 1
vt 0.56944442 0
vt 0.56944442 1
vt 0.58333331 0
vt 0.58333331 1
vt 0.59722221 0
vt 0.59722221 1
vt 0.61111110 0
vt 0.61111110 1
vt 0.62500000 0
vt 0.62500000 1
vt 0.63888890 0
vt 0.63888890 1
vt 0.65277779 0
vt 0.65277779 1
vt 0.66666669 0
vt 0.66666669 1
vt 0.68055558 0
vt 0.68055558 1
vt 0.69444442 0
vt 0.69444442 1
vt 0.70833331 0
vt 0.70833331 1
vt 0.72222221 0
vt 0.72222221 1
vt 0.73611110 0
vt 0.73611110 1
vt 0.75000000 0
vt 0.75000000 1
vt 0.76388890 0
vt 0.76388890 1
vt 0.77777779 0
vt 0.77777779 1
vt 0.79166669 0
vt 0.79166669 1
vt 0.80555558 0
vt 0.80555558 1
vt 0.81944442 0
vt 0.81944442 1
vt 0.83333331 0
vt 0.83333331 1
vt 0.84722221 0
vt 0.84722221 1
vt 0.86111110 0
vt 0.86111110 1
vt 0.87500000 0
vt 0.87500000 1
vt 0.88888890 0
vt 0.88888890 1
vt 0.90277779 0
vt 0.90277779 1
vt 0.91666669 0
vt 0.91666669 1
vt 0.93055558 0
vt 0.93055558 1
vt 0.94444442 0
vt 0.94444442 1
vt 0.95833331 0
vt 0.95833331 1
vt 0.97222221 0
vt 0.97222221 1
vt 0.98611110 0
vt 0.98611110 1
vt 0.96427500 0.66898227
vt 0.68055141 0.56571531
vt 0.68559182 0.54972917
vt 0.94778055 0.70880347
vt 0.67413688 0.58120137
vt 0.87848043 0.81758279
vt 0.64718682 0.62350440
vt 0.65739089 0.61020631
vt 0.84936106 0.84936106
vt 0.63586265 0.63586265
vt 0.70880347 0.94778055
vt 0.58120137 0.67413688
vt 0.59606940 0.66639704
vt 0.66898227 0.96427500
vt 0.56571531 0.68055141
vt 0.54306114 0.99219108
vt 0.51674598 0.69140762
vt 0.53336453 0.68921977
vt 0.50000000 0.99407113
vt 0.50000000 0.69213879
vt 0.45693886 0.99219108
vt 0.48325402 0.69140762
vt 0.41420543 0.98656511
vt 0.46663547 0.68921977
vt 0.29119653 0.94778055
vt 0.41879866 0.67413688
vt 0.43428466 0.68055141
vt 0.25296444 0.92787814
vt 0.40393060 0.66639704
vt 0.15063894 0.84936106
vt 0.12151954 0.81758279
vt 0.35281315 0.62350440
vt 0.09528061 0.78338754
vt 0.34260914 0.61020631
vt 0.02276392 0.62787503
vt 0.31440818 0.54972917
vt 0.31944862 0.56571531
vt 0.01343490 0.58579457
vt 0.31078023 0.53336453
vt 0.81758279 0.12151954
vt 0.62350440 0.35281315
vt 0.61020631 0.34260914
vt 0.84936106 0.15063894
vt 0.63586265 0.36413735
vt 0.97723609 0.37212497
vt 0.68559182 0.45027083
vt 0.68055141 0.43428466
vt 0.98656511 0.41420543
vt 0.68921977 0.46663547
vt 0.97723609 0.62787503
vt 0.68921977 0.53336453
vt 0.92787814 0.74703556
vt 0.66639704 0.59606940
vt 0.90471941 0.78338754
vt 0.81758279 0.87848043
vt 0.62350440 0.64718682
vt 0.78338754 0.90471941
vt 0.61020631 0.65739089
vt 0.74703556 0.92787814
vt 0.62787503 0.97723609
vt 0.54972917 0.68559182
vt 0.58579457 0.98656511
vt 0.37212497 0.97723609
vt 0.45027083 0.68559182
vt 0.33101770 0.96427500
vt 0.21661243 0.90471941
vt 0.38979372 0.65739089
vt 0.18241718 0.87848043
vt 0.37649557 0.64718682
vt 0.36413735 0.63586265
vt 0.07212184 0.74703556
vt 0.33360294 0.59606940
vt 0.05221947 0.70880347
vt 0.32586312 0.58120137
vt 0.03572499 0.66898227
vt 0.03572499 0.33101770
vt 0.31944862 0.43428466
vt 0.31440818 0.45027083
vt 0.05221947 0.29119653
vt 0.32586312 0.41879866
vt 0.09528061 0.21661243
vt 0.34260914 0.38979372
vt 0.33360294 0.40393060
vt 0.12151954 0.18241718
vt 0.35281315 0.37649557
vt 0.66898227 0.03572499
vt 0.56571531 0.31944862
vt 0.54972917 0.31440818
vt 0.70880347 0.05221947
vt 0.58120137 0.32586312
vt 0.78338754 0.09528061
vt 0.59606940 0.33360294
vt 0.87848043 0.18241718
vt 0.64718682 0.37649557
vt 0.90471941 0.21661243
vt 0.65739089 0.38979372
vt 0.92787814 0.25296444
vt 0.66639704 0.40393060
vt 0.94778055 0.29119653
vt 0.67413688 0.41879866
vt 0.96427500 0.33101770
vt 0.99219108 0.54306114
vt 0.69140762 0.51674598
vt 0.69213879 0.50000000
vt 0.98656511 0.58579457
vt 0.00780894 0.54306114
vt 0.30859238 0.51674598
vt 0.00592885 0.50000000
vt 0.30786121 0.50000000
vt 0.02276392 0.37212497
vt 0.31078023 0.46663547
vt 0.07212184 0.25296444
vt 0.62787503 0.02276392
vt 0.53336453 0.31078023
vt 0.15063894 0.15063894
vt 0.36413735 0.36413735
vt 0.18241718 0.12151954
vt 0.37649557 0.35281315
vt 0.33101770 0.03572499
vt 0.43428466 0.31944862
vt 0.41879866 0.32586312
vt 0.37212497 0.02276392
vt 0.45027083 0.31440818
vt 0.74703556 0.07212184
vt 0.00780894 0.45693886
vt 0.30859238 0.48325402
vt 0.01343490 0.41420543
vt 0.29119653 0.05221947
vt 0.40393060 0.33360294
vt 0.54306114 0.00780894
vt 0.51674598 0.30859238
vt 0.50000000 0.30786121
vt 0.58579457 0.01343490
vt 0.41420543 0.01343490
vt 0.46663547 0.31078023
vt 0.45693886 0.00780894
vt 0.48325402 0.30859238
vt 0.50000000 0.00592885
vt 0.99219108 0.45693886
vt 0.69140762 0.48325402
vt 0.99407113 0.50000000
vt 0.21661243 0.09528061
vt 0.38979372 0.34260914
vt 0.25296444 0.07212184
vt 0.98611110 1
vt 1 1
vt 1 0
vt 0.97222221 1
vt 0.98611110 0
vt 0.95833331 1
vt 0.97222221 0
vt 0.94444442 1
vt 0.95833331 0
vt 0.93055558 1
vt 0.94444442 0
vt 0.91666669 1
vt 0.93055558 0
vt 0.90277779 1
vt 0.91666669 0
vt 0.88888890 1
vt 0.90277779 0
vt 0.87500000 1
vt 0.88888890 0
vt 0.86111110 1
vt 0.87500000 0
vt 0.84722221 1
vt 0.86111110 0
vt 0.83333331 1
vt 0.84722221 0
vt 0.81944442 1
vt 0.83333331 0
vt 0.80555558 1
vt 0.81944442 0
vt 0.79166669 1
vt 0.80555558 0
vt 0.77777779 1
vt 0.79166669 0
vt 0.76388890 1
vt 0.77777779 0
vt 0.75000000 1
vt 0.76388890 0
vt 0.73611110 1
vt 0.75000000 0
vt 0.72222221 1
vt 0.73611110 0
vt 0.70833331 1
vt 0.72222221 0
vt 0.69444442 1
vt 0.70833331 0
vt 0.68055558 1
vt 0.69444442 0
vt 0.66666669 1
vt 0.68055558 0
vt 0.65277779 1
vt 0.66666669 0
vt 0.63888890 1
vt 0.65277779 0
vt 0.62500000 1
vt 0.63888890 0
vt 0.61111110 1
vt 0.62500000 0
vt 0.59722221 1
vt 0.61111110 0
vt 0.58333331 1
vt 0.59722221 0
vt 0.56944442 1
vt 0.58333331 0
vt 0.55555558 1
vt 0.56944442 0
vt 0.54166669 1
vt 0.55555558 0
vt 0.52777779 1
vt 0.54166669 0
vt 0.51388890 1
vt 0.52777779 0
vt 0.50000000 1
vt 0.51388890 0
vt 0.48611110 1
vt 0.50000000 0
vt 0.47222221 1
vt 0.48611110 0
vt 0.45833334 1
vt 0.47222221 0
vt 0.44444445 1
vt 0.45833334 0
vt 0.43055555 1
vt 0.44444445 0
vt 0.41666666 1
vt 0.43055555 0
vt 0.40277779 1
vt 0.41666666 0
vt 0.38888890 1
vt 0.40277779 0
vt 0.37500000 1
vt 0.38888890 0
vt 0.36111110 1
vt 0.37500000 0
vt 0.34722221 1
vt 0.36111110 0
vt 0.33333334 1
vt 0.34722221 0
vt 0.31944445 1
vt 0.33333334 0
vt 0.30555555 1
vt 0.31944445 0
vt 0.29166666 1
vt 0.30555555 0
vt 0.27777779 1
vt 0.29166666 0
vt 0.26388890 1
vt 0.27777779 0
vt 0.25000000 1
vt 0.26388890 0
vt 0.23611110 1
vt 0.25000000 0
vt 0.22222222 1
vt 0.23611110 0
vt 0.20833333 1
vt 0.22222222 0
vt 0.19444445 1
vt 0.20833333 0
vt 0.18055555 1
vt 0.19444445 0
vt 0.16666667 1
vt 0.18055555 0
vt 0.15277778 1
vt 0.16666667 0
vt 0.13888890 1
vt 0.15277778 0
vt 0.12500000 1
vt 0.13888890 0
vt 0.11111111 1
vt 0.12500000 0
vt 0.09722222 1
vt 0.11111111 0
vt 0.08333334 1
vt 0.09722222 0
vt 0.06944445 1
vt 0.08333334 0
vt 0.05555556 1
vt 0.06944445 0
vt 0.04166667 1
vt 0.05555556 0
vt 0.02777778 1
vt 0.04166667 0
vt 0.01388889 1
vt 0.02777778 0
vt 0.01388889 0
vt 0.37212497 0.97723609
vt 0.41962141 0.79997694
vt 0.44607198 0.80584091
vt 0.33101770 0.96427500
vt 0.39378256 0.79183000
vt 0.29119653 0.94778055
vt 0.36875209 0.78146207
vt 0.94778055 0.70880347
vt 0.78146207 0.63124788
vt 0.79183000 0.60621744
vt 0.92787814 0.74703556
vt 0.76895201 0.65527952
vt 0.90471941 0.78338754
vt 0.75439507 0.67812932
vt 0.87848043 0.81758279
vt 0.73790199 0.69962347
vt 0.62787503 0.97723609
vt 0.58037859 0.79997694
vt 0.60621744 0.79183000
vt 0.58579457 0.98656511
vt 0.55392802 0.80584091
vt 0.25296444 0.92787814
vt 0.34472048 0.76895201
vt 0.96427500 0.66898227
vt 0.79997694 0.58037859
vt 0.84936106 0.84936106
vt 0.71959835 0.71959835
vt 0.74703556 0.92787814
vt 0.65527952 0.76895201
vt 0.67812932 0.75439507
vt 0.70880347 0.94778055
vt 0.63124788 0.78146207
vt 0.66898227 0.96427500
vt 0.54306114 0.99219108
vt 0.52706701 0.80937725
vt 0.50000000 0.99407113
vt 0.50000000 0.81055903
vt 0.45693886 0.99219108
vt 0.47293299 0.80937725
vt 0.41420543 0.98656511
vt 0.21661243 0.90471941
vt 0.32187068 0.75439507
vt 0.18241718 0.87848043
vt 0.30037650 0.73790199
vt 0.15063894 0.84936106
vt 0.28040162 0.71959835
vt 0.03572499 0.66898227
vt 0.20817000 0.60621744
vt 0.21853796 0.63124788
vt 0.02276392 0.62787503
vt 0.20002304 0.58037859
vt 0.07212184 0.25296444
vt 0.09528061 0.21661243
vt 0.24560496 0.32187068
vt 0.12151954 0.18241718
vt 0.26209798 0.30037650
vt 0.78338754 0.09528061
vt 0.67812932 0.24560496
vt 0.65527952 0.23104802
vt 0.81758279 0.12151954
vt 0.69962347 0.26209798
vt 0.92787814 0.25296444
vt 0.76895201 0.34472048
vt 0.75439507 0.32187068
vt 0.94778055 0.29119653
vt 0.78146207 0.36875209
vt 0.81758279 0.87848043
vt 0.69962347 0.73790199
vt 0.78338754 0.90471941
vt 0.01343490 0.58579457
vt 0.19415908 0.55392802
vt 0.00780894 0.54306114
vt 0.19062276 0.52706701
vt 0.00592885 0.50000000
vt 0.18944100 0.50000000
vt 0.03572499 0.33101770
vt 0.05221947 0.29119653
vt 0.21853796 0.36875209
vt 0.23104802 0.34472048
vt 0.15063894 0.15063894
vt 0.28040162 0.28040162
vt 0.21661243 0.09528061
vt 0.25296444 0.07212184
vt 0.34472048 0.23104802
vt 0.29119653 0.05221947
vt 0.36875209 0.21853796
vt 0.37212497 0.02276392
vt 0.41962141 0.20002304
vt 0.39378256 0.20817000
vt 0.41420543 0.01343490
vt 0.44607198 0.19415908
vt 0.62787503 0.02276392
vt 0.58037859 0.20002304
vt 0.55392802 0.19415908
vt 0.66898227 0.03572499
vt 0.60621744 0.20817000
vt 0.74703556 0.07212184
vt 0.63124788 0.21853796
vt 0.90471941 0.21661243
vt 0.73790199 0.30037650
vt 0.99219108 0.54306114
vt 0.80937725 0.52706701
vt 0.81055903 0.50000000
vt 0.98656511 0.58579457
vt 0.80584091 0.55392802
vt 0.97723609 0.62787503
vt 0.07212184 0.74703556
vt 0.23104802 0.65527952
vt 0.24560496 0.67812932
vt 0.05221947 0.70880347
vt 0.00780894 0.45693886
vt 0.19062276 0.47293299
vt 0.01343490 0.41420543
vt 0.19415908 0.44607198
vt 0.02276392 0.37212497
vt 0.20002304 0.41962141
vt 0.20817000 0.39378256
vt 0.33101770 0.03572499
vt 0.45693886 0.00780894
vt 0.47293299 0.19062276
vt 0.58579457 0.01343490
vt 0.52706701 0.19062276
vt 0.84936106 0.15063894
vt 0.71959835 0.28040162
vt 0.87848043 0.18241718
vt 0.96427500 0.33101770
vt 0.79183000 0.39378256
vt 0.97723609 0.37212497
vt 0.79997694 0.41962141
vt 0.09528061 0.78338754
vt 0.26209798 0.69962347
vt 0.18241718 0.12151954
vt 0.30037650 0.26209798
vt 0.32187068 0.24560496
vt 0.70880347 0.05221947
vt 0.98656511 0.41420543
vt 0.80584091 0.44607198
vt 0.99219108 0.45693886
vt 0.80937725 0.47293299
vt 0.99407113 0.50000000
vt 0.12151954 0.81758279
vt 0.50000000 0.00592885
vt 0.50000000 0.18944100
vt 0.54306114 0.00780894
vt 0.98611110 1
vt 1 1
vt 1 0
vt 0.97222221 1
vt 0.98611110 0
vt 0.95833331 1
vt 0.97222221 0
vt 0.94444442 1
vt 0.95833331 0
vt 0.93055558 1
vt 0.94444442 0
vt 0.91666669 1
vt 0.93055558 0
vt 0.90277779 1
vt 0.91666669 0
vt 0.88888890 1
vt 0.90277779 0
vt 0.87500000 1
vt 0.88888890 0
vt 0.86111110 1
vt 0.87500000 0
vt 0.84722221 1
vt 0.86111110 0
vt 0.83333331 1
vt 0.84722221 0
vt 0.81944442 1
vt 0.83333331 0
vt 0.80555558 1
vt 0.81944442 0
vt 0.79166669 1
vt 0.80555558 0
vt 0.77777779 1
vt 0.79166669 0
vt 0.76388890 1
vt 0.77777779 0
vt 0.75000000 1
vt 0.76388890 0
vt 0.73611110 1
vt 0.75000000 0
vt 0.72222221 1
vt 0.73611110 0
vt 0.70833331 1
vt 0.72222221 0
vt 0.69444442 1
vt 0.70833331 0
vt 0.68055558 1
vt 0.69444442 0
vt 0.66666669 1
vt 0.68055558 0
vt 0.65277779 1
vt 0.66666669 0
vt 0.63888890 1
vt 0.65277779 0
vt 0.62500000 1
vt 0.63888890 0
vt 0.61111110 1
vt 0.62500000 0
vt 0.59722221 1
vt 0.61111110 0
vt 0.58333331 1
vt 0.59722221 0
vt 0.56944442 1
vt 0.58333331 0
vt 0.55555558 1
vt 0.56944442 0
vt 0.54166669 1
vt 0.55555558 0
vt 0.52777779 1
vt 0.54166669 0
vt 0.51388890 1
vt 0.52777779 0
vt 0.50000000 1
vt 0.51388890 0
vt 0.48611110 1
vt 0.50000000 0
vt 0.47222221 1
vt 0.48611110 0
vt 0.45833334 1
vt 0.47222221 0
vt 0.44444445 1
vt 0.45833334 0
vt 0.43055555 1
vt 0.44444445 0
vt 0.41666666 1
vt 0.43055555 0
vt 0.40277779 1
vt 0.41666666 0
vt 0.38888890 1
vt 0.40277779 0
vt 0.37500000 1
vt 0.38888890 0
vt 0.36111110 1
vt 0.37500000 0
vt 0.34722221 1
vt 0.36111110 0
vt 0.33333334 1
vt 0.34722221 0
vt 0.31944445 1
vt 0.33333334 0
vt 0.30555555 1
vt 0.31944445 0
vt 0.29166666 1
vt 0.30555555 0
vt 0.27777779 1
vt 0.29166666 0
vt 0.26388890 1
vt 0.27777779 0
vt 0.25000000 1
vt 0.26388890 0
vt 0.23611110 1
vt 0.25000000 0
vt 0.22222222 1
vt 0.23611110 0
vt 0.20833333 1
vt 0.22222222 0
vt 0.19444445 1
vt 0.20833333 0
vt 0.18055555 1
vt 0.19444445 0
vt 0.16666667 1
vt 0.18055555 0
vt 0.15277778 1
vt 0.16666667 0
vt 0.13888890 1
vt 0.15277778 0
vt 0.12500000 1
vt 0.13888890 0
vt 0.11111111 1
vt 0.12500000 0
vt 0.09722222 1
vt 0.11111111 0
vt 0.08333334 1
vt 0.09722222 0
vt 0.06944445 1
vt 0.08333334 0
vt 0.05555556 1
vt 0.06944445 0
vt 0.04166667 1
vt 0.05555556 0
vt 0.02777778 1
vt 0.04166667 0
vt 0.01388889 1
vt 0.02777778 0
vt 0.01388889 0
vt 0 1
vt 0 0
vt 0.01388889 0
vt 0.01388889 1
vt 0.02777778 0
vt 0.02777778 1
vt 0.04166667 0
vt 0.04166667 1
vt 0.05555556 0
vt 0.05555556 1
vt 0.06944445 0
vt 0.06944445 1
vt 0.08333334 0
vt 0.08333334 1
vt 0.09722222 0
vt 0.09722222 1
vt 0.11111111 0
vt 0.11111111 1
vt 0.12500000 0
vt 0.12500000 1
vt 0.13888890 0
vt 0.13888890 1
vt 0.15277778 0
vt 0.15277778 1
vt 0.16666667 0
vt 0.16666667 1
vt 0.18055555 0
vt 0.18055555 1
vt 0.19444445 0
vt 0.19444445 1
vt 0.20833333 0
vt 0.20833333 1
vt 0.22222222 0
vt 0.22222222 1
vt 0.23611110 0
vt 0.23611110 1
vt 0.25000000 0
vt 0.25000000 1
vt 0.26388890 0
vt 0.26388890 1
vt 0.27777779 0
vt 0.27777779 1
vt 0.29166666 0
vt 0.29166666 1
vt 0.30555555 0
vt 0.30555555 1
vt 0.31944445 0
vt 0.31944445 1
vt 0.33333334 0
vt 0.33333334 1
vt 0.34722221 0
vt 0.34722221 1
vt 0.36111110 0
vt 0.36111110 1
vt 0.37500000 0
vt 0.37500000 1
vt 0.38888890 0
vt 0.38888890 1
vt 0.40277779 0
vt 0.40277779 1
vt 0.41666666 0
vt 0.41666666 1
vt 0.43055555 0
vt 0.43055555 1
vt 0.44444445 0
vt 0.44444445 1
vt 0.45833334 0
vt 0.45833334 1
vt 0.47222221 0
vt 0.47222221 1
vt 0.48611110 0
vt 0.48611110 1
vt 0.50000000 0
vt 0.50000000 1
vt 0.51388890 0
vt 0.51388890 1
vt 0.52777779 0
vt 0.52777779 1
vt 0.54166669 0
vt 0.54166669 1
vt 0.55555558 0
vt 0.55555558 1
vt 0.56944442 0
vt 0.56944442 1
vt 0.58333331 0
vt 0.58333331 1
vt 0.59722221 0
vt 0.59722221 1
vt 0.61111110 0
vt 0.61111110 1
vt 0.62500000 0
vt 0.62500000 1
vt 0.63888890 0
vt 0.63888890 1
vt 0.65277779 0
vt 0.65277779 1
vt 0.66666669 0
vt 0.66666669 1
vt 0.68055558 0
vt 0.68055558 1
vt 0.69444442 0
vt 0.69444442 1
vt 0.70833331 0
vt 0.70833331 1
vt 0.72222221 0
vt 0.72222221 1
vt 0.73611110 0
vt 0.73611110 1
vt 0.75000000 0
vt 0.75000000 1
vt 0.76388890 0
vt 0.76388890 1
vt 0.77777779 0
vt 0.77777779 1
vt 0.79166669 0
vt 0.79166669 1
vt 0.80555558 0
vt 0.80555558 1
vt 0.81944442 0
vt 0.81944442 1
vt 0.83333331 0
vt 0.83333331 1
vt 0.84722221 0
vt 0.84722221 1
vt 0.86111110 0
vt 0.86111110 1
vt 0.87500000 0
vt 0.87500000 1
vt 0.88888890 0
vt 0.88888890 1
vt 0.90277779 0
vt 0.90277779 1
vt 0.91666669 0
vt 0.91666669 1
vt 0.93055558 0
vt 0.93055558 1
vt 0.94444442 0
vt 0.94444442 1
vt 0.95833331 0
vt 0.95833331 1
vt 0.97222221 0
vt 0.97222221 1
vt 0.98611110 0
vt 0.98611110 1
vt 0.70880347 0.94778055
vt 0.58120137 0.67413688
vt 0.59606940 0.66639704
vt 0.66898227 0.96427500
vt 0.56571531 0.68055141
vt 0.29119653 0.94778055
vt 0.41879866 0.67413688
vt 0.43428466 0.68055141
vt 0.25296444 0.92787814
vt 0.40393060 0.66639704
vt 0.74703556 0.92787814
vt 0.61020631 0.65739089
vt 0.45693886 0.99219108
vt 0.48325402 0.69140762
vt 0.50000000 0.69213879
vt 0.41420543 0.98656511
vt 0.46663547 0.68921977
vt 0.21661243 0.90471941
vt 0.38979372 0.65739089
vt 0.15063894 0.15063894
vt 0.36413735 0.36413735
vt 0.35281315 0.37649557
vt 0.18241718 0.12151954
vt 0.37649557 0.35281315
vt 0.94778055 0.29119653
vt 0.67413688 0.41879866
vt 0.66639704 0.40393060
vt 0.96427500 0.33101770
vt 0.68055141 0.43428466
vt 0.94778055 0.70880347
vt 0.67413688 0.58120137
vt 0.68055141 0.56571531
vt 0.92787814 0.74703556
vt 0.66639704 0.59606940
vt 0.84936106 0.84936106
vt 0.81758279 0.87848043
vt 0.62350440 0.64718682
vt 0.78338754 0.90471941
vt 0.62787503 0.97723609
vt 0.54972917 0.68559182
vt 0.37212497 0.97723609
vt 0.45027083 0.68559182
vt 0.33101770 0.96427500
vt 0.18241718 0.87848043
vt 0.37649557 0.64718682
vt 0.15063894 0.84936106
vt 0.36413735 0.63586265
vt 0.12151954 0.81758279
vt 0.35281315 0.62350440
vt 0.09528061 0.78338754
vt 0.34260914 0.61020631
vt 0.05221947 0.70880347
vt 0.32586312 0.58120137
vt 0.33360294 0.59606940
vt 0.03572499 0.66898227
vt 0.31944862 0.56571531
vt 0.09528061 0.21661243
vt 0.34260914 0.38979372
vt 0.33360294 0.40393060
vt 0.12151954 0.18241718
vt 0.21661243 0.09528061
vt 0.38979372 0.34260914
vt 0.90471941 0.21661243
vt 0.65739089 0.38979372
vt 0.64718682 0.37649557
vt 0.92787814 0.25296444
vt 0.97723609 0.37212497
vt 0.68559182 0.45027083
vt 0.99219108 0.45693886
vt 0.69140762 0.48325402
vt 0.68921977 0.46663547
vt 0.99407113 0.50000000
vt 0.69213879 0.50000000
vt 0.97723609 0.62787503
vt 0.68559182 0.54972917
vt 0.68921977 0.53336453
vt 0.96427500 0.66898227
vt 0.90471941 0.78338754
vt 0.65739089 0.61020631
vt 0.87848043 0.81758279
vt 0.64718682 0.62350440
vt 0.63586265 0.63586265
vt 0.54306114 0.99219108
vt 0.51674598 0.69140762
vt 0.53336453 0.68921977
vt 0.50000000 0.99407113
vt 0.07212184 0.74703556
vt 0.02276392 0.62787503
vt 0.31440818 0.54972917
vt 0.01343490 0.58579457
vt 0.31078023 0.53336453
vt 0.05221947 0.29119653
vt 0.32586312 0.41879866
vt 0.31944862 0.43428466
vt 0.07212184 0.25296444
vt 0.25296444 0.07212184
vt 0.40393060 0.33360294
vt 0.29119653 0.05221947
vt 0.41879866 0.32586312
vt 0.33101770 0.03572499
vt 0.43428466 0.31944862
vt 0.37212497 0.02276392
vt 0.45027083 0.31440818
vt 0.45693886 0.00780894
vt 0.48325402 0.30859238
vt 0.46663547 0.31078023
vt 0.50000000 0.00592885
vt 0.50000000 0.30786121
vt 0.78338754 0.09528061
vt 0.61020631 0.34260914
vt 0.59606940 0.33360294
vt 0.81758279 0.12151954
vt 0.62350440 0.35281315
vt 0.84936106 0.15063894
vt 0.63586265 0.36413735
vt 0.87848043 0.18241718
vt 0.98656511 0.41420543
vt 0.99219108 0.54306114
vt 0.69140762 0.51674598
vt 0.98656511 0.58579457
vt 0.58579457 0.98656511
vt 0.02276392 0.37212497
vt 0.31440818 0.45027083
vt 0.31078023 0.46663547
vt 0.03572499 0.33101770
vt 0.41420543 0.01343490
vt 0.00780894 0.54306114
vt 0.30859238 0.51674598
vt 0.00592885 0.50000000
vt 0.30786121 0.50000000
vt 0.70880347 0.05221947
vt 0.58120137 0.32586312
vt 0.56571531 0.31944862
vt 0.74703556 0.07212184
vt 0.00780894 0.45693886
vt 0.30859238 0.48325402
vt 0.01343490 0.41420543
vt 0.62787503 0.02276392
vt 0.54972917 0.31440818
vt 0.53336453 0.31078023
vt 0.66898227 0.03572499
vt 0.54306114 0.00780894
vt 0.51674598 0.30859238
vt 0.58579457 0.01343490
vt 0.98611110 1
vt 1 1
vt 1 0
vt 0.97222221 1
vt 0.98611110 0
vt 0.95833331 1
vt 0.97222221 0
vt 0.94444442 1
vt 0.95833331 0
vt 0.93055558 1
vt 0.94444442 0
vt 0.91666669 1
vt 0.93055558 0
vt 0.90277779 1
vt 0.91666669 0
vt 0.88888890 1
vt 0.90277779 0
vt 0.87500000 1
vt 0.88888890 0
vt 0.86111110 1
vt 0.87500000 0
vt 0.84722221 1
vt 0.86111110 0
vt 0.83333331 1
vt 0.84722221 0
vt 0.81944442 1
vt 0.83333331 0
vt 0.80555558 1
vt 0.81944442 0
vt 0.79166669 1
vt 0.80555558 0
vt 0.77777779 1
vt 0.79166669 0
vt 0.76388890 1
vt 0.77777779 0
vt 0.75000000 1
vt 0.76388890 0
vt 0.73611110 1
vt 0.75000000 0
vt 0.72222221 1
vt 0.73611110 0
vt 0.70833331 1
vt 0.72222221 0
vt 0.69444442 1
vt 0.70833331 0
vt 0.68055558 1
vt 0.69444442 0
vt 0.66666669 1
vt 0.68055558 0
vt 0.65277779 1
vt 0.66666669 0
vt 0.63888890 1
vt 0.65277779 0
vt 0.62500000 1
vt 0.63888890 0
vt 0.61111110 1
vt 0.62500000 0
vt 0.59722221 1
vt 0.61111110 0
vt 0.58333331 1
vt 0.59722221 0
vt 0.56944442 1
vt 0.58333331 0
vt 0.55555558 1
vt 0.56944442 0
vt 0.54166669 1
vt 0.55555558 0
vt 0.52777779 1
vt 0.54166669 0
vt 0.51388890 1
vt 0.52777779 0
vt 0.50000000 1
vt 0.51388890 0
vt 0.48611110 1
vt 0.50000000 0
vt 0.47222221 1
vt 0.48611110 0
vt 0.45833334 1
vt 0.47222221 0
vt 0.44444445 1
vt 0.45833334 0
vt 0.43055555 1
vt 0.44444445 0
vt 0.41666666 1
vt 0.43055555 0
vt 0.40277779 1
vt 0.41666666 0
vt 0.38888890 1
vt 0.40277779 0
vt 0.37500000 1
vt 0.38888890 0
vt 0.36111110 1
vt 0.37500000 0
vt 0.34722221 1
vt 0.36111110 0
vt 0.33333334 1
vt 0.34722221 0
vt 0.31944445 1
vt 0.33333334 0
vt 0.30555555 1
vt 0.31944445 0
vt 0.29166666 1
vt 0.30555555 0
vt 0.27777779 1
vt 0.29166666 0
vt 0.26388890 1
vt 0.27777779 0
vt 0.25000000 1
vt 0.26388890 0
vt 0.23611110 1
vt 0.25000000 0
vt 0.22222222 1
vt 0.23611110 0
vt 0.20833333 1
vt 0.22222222 0
vt 0.19444445 1
vt 0.20833333 0
vt 0.18055555 1
vt 0.19444445 0
vt 0.16666667 1
vt 0.18055555 0
vt 0.15277778 1
vt 0.16666667 0
vt 0.13888890 1
vt 0.15277778 0
vt 0.12500000 1
vt 0.13888890 0
vt 0.11111111 1
vt 0.12500000 0
vt 0.09722222 1
vt 0.11111111 0
vt 0.08333334 1
vt 0.09722222 0
vt 0.06944445 1
vt 0.08333334 0
vt 0.05555556 1
vt 0.06944445 0
vt 0.04166667 1
vt 0.05555556 0
vt 0.02777778 1
vt 0.04166667 0
vt 0.01388889 1
vt 0.02777778 0
vt 0.01388889 0
vt 0.62787503 0.02276392
vt 0.58037859 0.20002304
vt 0.55392802 0.19415908
vt 0.66898227 0.03572499
vt 0.60621744 0.20817000
vt 0.97723609 0.62787503
vt 0.79997694 0.58037859
vt 0.80584091 0.55392802
vt 0.96427500 0.66898227
vt 0.79183000 0.60621744
vt 0.02276392 0.37212497
vt 0.20002304 0.41962141
vt 0.19415908 0.44607198
vt 0.03572499 0.33101770
vt 0.20817000 0.39378256
vt 0.70880347 0.05221947
vt 0.63124788 0.21853796
vt 0.78338754 0.09528061
vt 0.67812932 0.24560496
vt 0.65527952 0.23104802
vt 0.81758279 0.12151954
vt 0.69962347 0.26209798
vt 0.94778055 0.70880347
vt 0.78146207 0.63124788
vt 0.37212497 0.97723609
vt 0.41962141 0.79997694
vt 0.44607198 0.80584091
vt 0.33101770 0.96427500
vt 0.39378256 0.79183000
vt 0.05221947 0.29119653
vt 0.21853796 0.36875209
vt 0.74703556 0.07212184
vt 0.84936106 0.15063894
vt 0.71959835 0.28040162
vt 0.92787814 0.74703556
vt 0.76895201 0.65527952
vt 0.90471941 0.78338754
vt 0.75439507 0.67812932
vt 0.87848043 0.81758279
vt 0.73790199 0.69962347
vt 0.29119653 0.94778055
vt 0.36875209 0.78146207
vt 0.00780894 0.54306114
vt 0.19062276 0.52706701
vt 0.19415908 0.55392802
vt 0.00592885 0.50000000
vt 0.18944100 0.50000000
vt 0.00780894 0.45693886
vt 0.19062276 0.47293299
vt 0.01343490 0.41420543
vt 0.07212184 0.25296444
vt 0.23104802 0.34472048
vt 0.09528061 0.21661243
vt 0.24560496 0.32187068
vt 0.12151954 0.18241718
vt 0.26209798 0.30037650
vt 0.21661243 0.09528061
vt 0.32187068 0.24560496
vt 0.30037650 0.26209798
vt 0.25296444 0.07212184
vt 0.34472048 0.23104802
vt 0.37212497 0.02276392
vt 0.41962141 0.20002304
vt 0.39378256 0.20817000
vt 0.41420543 0.01343490
vt 0.44607198 0.19415908
vt 0.45693886 0.00780894
vt 0.47293299 0.19062276
vt 0.50000000 0.00592885
vt 0.50000000 0.18944100
vt 0.54306114 0.00780894
vt 0.52706701 0.19062276
vt 0.58579457 0.01343490
vt 0.87848043 0.18241718
vt 0.73790199 0.30037650
vt 0.90471941 0.21661243
vt 0.75439507 0.32187068
vt 0.99219108 0.54306114
vt 0.80937725 0.52706701
vt 0.81055903 0.50000000
vt 0.98656511 0.58579457
vt 0.74703556 0.92787814
vt 0.65527952 0.76895201
vt 0.67812932 0.75439507
vt 0.70880347 0.94778055
vt 0.63124788 0.78146207
vt 0.62787503 0.97723609
vt 0.58037859 0.79997694
vt 0.60621744 0.79183000
vt 0.58579457 0.98656511
vt 0.55392802 0.80584091
vt 0.54306114 0.99219108
vt 0.52706701 0.80937725
vt 0.50000000 0.99407113
vt 0.50000000 0.81055903
vt 0.45693886 0.99219108
vt 0.47293299 0.80937725
vt 0.41420543 0.98656511
vt 0.25296444 0.92787814
vt 0.34472048 0.76895201
vt 0.21661243 0.90471941
vt 0.32187068 0.75439507
vt 0.18241718 0.87848043
vt 0.30037650 0.73790199
vt 0.29119653 0.05221947
vt 0.36875209 0.21853796
vt 0.33101770 0.03572499
vt 0.84936106 0.84936106
vt 0.71959835 0.71959835
vt 0.81758279 0.87848043
vt 0.69962347 0.73790199
vt 0.78338754 0.90471941
vt 0.66898227 0.96427500
vt 0.15063894 0.84936106
vt 0.28040162 0.71959835
vt 0.12151954 0.81758279
vt 0.26209798 0.69962347
vt 0.02276392 0.62787503
vt 0.20002304 0.58037859
vt 0.20817000 0.60621744
vt 0.01343490 0.58579457
vt 0.15063894 0.15063894
vt 0.28040162 0.28040162
vt 0.18241718 0.12151954
vt 0.09528061 0.78338754
vt 0.24560496 0.67812932
vt 0.07212184 0.74703556
vt 0.23104802 0.65527952
vt 0.05221947 0.70880347
vt 0.21853796 0.63124788
vt 0.03572499 0.66898227
vt 0.97723609 0.37212497
vt 0.79997694 0.41962141
vt 0.79183000 0.39378256
vt 0.98656511 0.41420543
vt 0.80584091 0.44607198
vt 0.92787814 0.25296444
vt 0.76895201 0.34472048
vt 0.94778055 0.29119653
vt 0.78146207 0.36875209
vt 0.96427500 0.33101770
vt 0.99219108 0.45693886
vt 0.80937725 0.47293299
vt 0.99407113 0.50000000
vt 0.98611110 1
vt 1 1
vt 1 0
vt 0.97222221 1
vt 0.98611110 0
vt 0.95833331 1
vt 0.97222221 0
vt 0.94444442 1
vt 0.95833331 0
vt 0.93055558 1
vt 0.94444442 0
vt 0.91666669 1
vt 0.93055558 0
vt 0.90277779 1
vt 0.91666669 0
vt 0.88888890 1
vt 0.90277779 0
vt 0.87500000 1
vt 0.88888890 0
vt 0.86111110 1
vt 0.87500000 0
vt 0.84722221 1
vt 0.86111110 0
vt 0.83333331 1
vt 0.84722221 0
vt 0.81944442 1
vt 0.83333331 0
vt 0.80555558 1
vt 0.81944442 0
vt 0.79166669 1
vt 0.80555558 0
vt 0.77777779 1
vt 0.79166669 0
vt 0.76388890 1
vt 0.77777779 0
vt 0.75000000 1
vt 0.76388890 0
vt 0.73611110 1
vt 0.75000000 0
vt 0.72222221 1
vt 0.73611110 0
vt 0.70833331 1
vt 0.72222221 0
vt 0.69444442 1
vt 0.70833331 0
vt 0.68055558 1
vt 0.69444442 0
vt 0.66666669 1
vt 0.68055558 0
vt 0.65277779 1
vt 0.66666669 0
vt 0.63888890 1
vt 0.65277779 0
vt 0.62500000 1
vt 0.63888890 0
vt 0.61111110 1
vt 0.62500000 0
vt 0.59722221 1
vt 0.61111110 0
vt 0.58333331 1
vt 0.59722221 0
vt 0.56944442 1
vt 0.58333331 0
vt 0.55555558 1
vt 0.56944442 0
vt 0.54166669 1
vt 0.55555558 0
vt 0.52777779 1
vt 0.54166669 0
vt 0.51388890 1
vt 0.52777779 0
vt 0.50000000 1
vt 0.51388890 0
vt 0.48611110 1
vt 0.50000000 0
vt 0.47222221 1
vt 0.48611110 0
vt 0.45833334 1
vt 0.47222221 0
vt 0.44444445 1
vt 0.45833334 0
vt 0.43055555 1
vt 0.44444445 0
vt 0.41666666 1
vt 0.43055555 0
vt 0.40277779 1
vt 0.41666666 0
vt 0.38888890 1
vt 0.40277779 0
vt 0.37500000 1
vt 0.38888890 0
vt 0.36111110 1
vt 0.37500000 0
vt 0.34722221 1
vt 0.36111110 0
vt 0.33333334 1
vt 0.34722221 0
vt 0.31944445 1
vt 0.33333334 0
vt 0.30555555 1
vt 0.31944445 0
vt 0.29166666 1
vt 0.30555555 0
vt 0.27777779 1
vt 0.29166666 0
vt 0.26388890 1
vt 0.27777779 0
vt 0.25000000 1
vt 0.26388890 0
vt 0.23611110 1
vt 0.25000000 0
vt 0.22222222 1
vt 0.23611110 0
vt 0.20833333 1
vt 0.22222222 0
vt 0.19444445 1
vt 0.20833333 0
vt 0.18055555 1
vt 0.19444445 0
vt 0.16666667 1
vt 0.18055555 0
vt 0.15277778 1
vt 0.16666667 0
vt 0.13888890 1
vt 0.15277778 0
vt 0.12500000 1
vt 0.13888890 0
vt 0.11111111 1
vt 0.12500000 0
vt 0.09722222 1
vt 0.11111111 0
vt 0.08333334 1
vt 0.09722222 0
vt 0.06944445 1
vt 0.08333334 0
vt 0.05555556 1
vt 0.06944445 0
vt 0.04166667 1
vt 0.05555556 0
vt 0.02777778 1
vt 0.04166667 0
vt 0.01388889 1
vt 0.02777778 0
vt 0.01388889 0
vt 0 1
vt 0 0
vt 0.01388889 0
vt 0.01388889 1
vt 0.02777778 0
vt 0.02777778 1
vt 0.04166667 0
vt 0.04166667 1
vt 0.05555556 0
vt 0.05555556 1
vt 0.06944445 0
vt 0.06944445 1
vt 0.08333334 0
vt 0.08333334 1
vt 0.09722222 0
vt 0.09722222 1
vt 0.11111111 0
vt 0.11111111 1
vt 0.12500000 0
vt 0.12500000 1
vt 0.13888890 0
vt 0.13888890 1
vt 0.15277778 0
vt 0.15277778 1
vt 0.16666667 0
vt 0.16666667 1
vt 0.18055555 0
vt 0.18055555 1
vt 0.19444445 0
vt 0.19444445 1
vt 0.20833333 0
vt 0.20833333 1
vt 0.22222222 0
vt 0.22222222 1
vt 0.23611110 0
vt 0.23611110 1
vt 0.25000000 0
vt 0.25000000 1
vt 0.26388890 0
vt 0.26388890 1
vt 0.27777779 0
vt 0.27777779 1
vt 0.29166666 0
vt 0.29166666 1
vt 0.30555555 0
vt 0.30555555 1
vt 0.31944445 0
vt 0.31944445 1
vt 0.33333334 0
vt 0.33333334 1
vt 0.34722221 0
vt 0.34722221 1
vt 0.36111110 0
vt 0.36111110 1
vt 0.37500000 0
vt 0.37500000 1
vt 0.38888890 0
vt 0.38888890 1
vt 0.40277779 0
vt 0.40277779 1
vt 0.41666666 0
vt 0.41666666 1
vt 0.43055555 0
vt 0.43055555 1
vt 0.44444445 0
vt 0.44444445 1
vt 0.45833334 0
vt 0.45833334 1
vt 0.47222221 0
vt 0.47222221 1
vt 0.48611110 0
vt 0.48611110 1
vt 0.50000000 0
vt 0.50000000 1
vt 0.51388890 0
vt 0.51388890 1
vt 0.52777779 0
vt 0.52777779 1
vt 0.54166669 0
vt 0.54166669 1
vt 0.55555558 0
vt 0.55555558 1
vt 0.56944442 0
vt 0.56944442 1
vt 0.58333331 0
vt 0.58333331 1
vt 0.59722221 0
vt 0.59722221 1
vt 0.61111110 0
vt 0.61111110 1
vt 0.62500000 0
vt 0.62500000 1
vt 0.63888890 0
vt 0.63888890 1
vt 0.65277779 0
vt 0.65277779 1
vt 0.66666669 0
vt 0.66666669 1
vt 0.68055558 0
vt 0.68055558 1
vt 0.69444442 0
vt 0.69444442 1
vt 0.70833331 0
vt 0.70833331 1
vt 0.72222221 0
vt 0.72222221 1
vt 0.73611110 0
vt 0.73611110 1
vt 0.75000000 0
vt 0.75000000 1
vt 0.76388890 0
vt 0.76388890 1
vt 0.77777779 0
vt 0.77777779 1
vt 0.79166669 0
vt 0.79166669 1
vt 0.80555558 0
vt 0.80555558 1
vt 0.81944442 0
vt 0.81944442 1
vt 0.83333331 0
vt 0.83333331 1
vt 0.84722221 0
vt 0.84722221 1
vt 0.86111110 0
vt 0.86111110 1
vt 0.87500000 0
vt 0.87500000 1
vt 0.88888890 0
vt 0.88888890 1
vt 0.90277779 0
vt 0.90277779 1
vt 0.91666669 0
vt 0.91666669 1
vt 0.93055558 0
vt 0.93055558 1
vt 0.94444442 0
vt 0.94444442 1
vt 0.95833331 0
vt 0.95833331 1
vt 0.97222221 0
vt 0.97222221 1
vt 0.98611110 0
vt 0.98611110 1
vt 0.70880347 0.94778055
vt 0.58120137 0.67413688
vt 0.59606940 0.66639704
vt 0.66898227 0.96427500
vt 0.56571531 0.68055141
vt 0.29119653 0.94778055
vt 0.41879866 0.67413688
vt 0.43428466 0.68055141
vt 0.25296444 0.92787814
vt 0.40393060 0.66639704
vt 0.74703556 0.92787814
vt 0.61020631 0.65739089
vt 0.45693886 0.99219108
vt 0.48325402 0.69140762
vt 0.50000000 0.69213879
vt 0.41420543 0.98656511
vt 0.46663547 0.68921977
vt 0.21661243 0.90471941
vt 0.38979372 0.65739089
vt 0.15063894 0.15063894
vt 0.36413735 0.36413735
vt 0.35281315 0.37649557
vt 0.18241718 0.12151954
vt 0.37649557 0.35281315
vt 0.94778055 0.29119653
vt 0.67413688 0.41879866
vt 0.66639704 0.40393060
vt 0.96427500 0.33101770
vt 0.68055141 0.43428466
vt 0.99219108 0.45693886
vt 0.69140762 0.48325402
vt 0.68963820 0.46910223
vt 0.94778055 0.70880347
vt 0.67413688 0.58120137
vt 0.68055141 0.56571531
vt 0.92787814 0.74703556
vt 0.66639704 0.59606940
vt 0.84936106 0.84936106
vt 0.81758279 0.87848043
vt 0.62350440 0.64718682
vt 0.78338754 0.90471941
vt 0.62787503 0.97723609
vt 0.54972917 0.68559182
vt 0.37212497 0.97723609
vt 0.45027083 0.68559182
vt 0.33101770 0.96427500
vt 0.18241718 0.87848043
vt 0.37649557 0.64718682
vt 0.15063894 0.84936106
vt 0.36413735 0.63586265
vt 0.12151954 0.81758279
vt 0.35281315 0.62350440
vt 0.09528061 0.78338754
vt 0.34260914 0.61020631
vt 0.05221947 0.70880347
vt 0.32586312 0.58120137
vt 0.33360294 0.59606940
vt 0.03572499 0.66898227
vt 0.31944862 0.56571531
vt 0.09528061 0.21661243
vt 0.34260914 0.38979372
vt 0.33360294 0.40393060
vt 0.12151954 0.18241718
vt 0.21661243 0.09528061
vt 0.38979372 0.34260914
vt 0.90471941 0.21661243
vt 0.65739089 0.38979372
vt 0.64718682 0.37649557
vt 0.92787814 0.25296444
vt 0.97723609 0.37212497
vt 0.68559182 0.45027083
vt 0.98656511 0.41420543
vt 0.68921977 0.46663547
vt 0.97723609 0.62787503
vt 0.68559182 0.54972917
vt 0.68921977 0.53336453
vt 0.96427500 0.66898227
vt 0.90471941 0.78338754
vt 0.65739089 0.61020631
vt 0.87848043 0.81758279
vt 0.64718682 0.62350440
vt 0.63586265 0.63586265
vt 0.54306114 0.99219108
vt 0.51674598 0.69140762
vt 0.53336453 0.68921977
vt 0.50000000 0.99407113
vt 0.07212184 0.74703556
vt 0.02276392 0.62787503
vt 0.31440818 0.54972917
vt 0.01343490 0.58579457
vt 0.31078023 0.53336453
vt 0.05221947 0.29119653
vt 0.32586312 0.41879866
vt 0.31944862 0.43428466
vt 0.07212184 0.25296444
vt 0.25296444 0.07212184
vt 0.40393060 0.33360294
vt 0.29119653 0.05221947
vt 0.41879866 0.32586312
vt 0.33101770 0.03572499
vt 0.43428466 0.31944862
vt 0.37212497 0.02276392
vt 0.45027083 0.31440818
vt 0.45693886 0.00780894
vt 0.48325402 0.30859238
vt 0.46663547 0.31078023
vt 0.50000000 0.00592885
vt 0.50000000 0.30786121
vt 0.78338754 0.09528061
vt 0.61020631 0.34260914
vt 0.59606940 0.33360294
vt 0.81758279 0.12151954
vt 0.62350440 0.35281315
vt 0.84936106 0.15063894
vt 0.63586265 0.36413735
vt 0.87848043 0.18241718
vt 0.99407113 0.50000000
vt 0.69213879 0.50000000
vt 0.99219108 0.54306114
vt 0.69140762 0.51674598
vt 0.98656511 0.58579457
vt 0.58579457 0.98656511
vt 0.02276392 0.37212497
vt 0.31440818 0.45027083
vt 0.31078023 0.46663547
vt 0.03572499 0.33101770
vt 0.41420543 0.01343490
vt 0.00780894 0.54306114
vt 0.30859238 0.51674598
vt 0.00592885 0.50000000
vt 0.30786121 0.50000000
vt 0.70880347 0.05221947
vt 0.58120137 0.32586312
vt 0.56571531 0.31944862
vt 0.74703556 0.07212184
vt 0.00780894 0.45693886
vt 0.30859238 0.48325402
vt 0.01343490 0.41420543
vt 0.62787503 0.02276392
vt 0.54972917 0.31440818
vt 0.53336453 0.31078023
vt 0.66898227 0.03572499
vt 0.54306114 0.00780894
vt 0.51674598 0.30859238
vt 0.58579457 0.01343490
vt 0.98611110 1
vt 1 1
vt 1 0
vt 0.97222221 1
vt 0.98611110 0
vt 0.95833331 1
vt 0.97222221 0
vt 0.94444442 1
vt 0.95833331 0
vt 0.93055558 1
vt 0.94444442 0
vt 0.91666669 1
vt 0.93055558 0
vt 0.90277779 1
vt 0.91666669 0
vt 0.88888890 1
vt 0.90277779 0
vt 0.87500000 1
vt 0.88888890 0
vt 0.86111110 1
vt 0.87500000 0
vt 0.84722221 1
vt 0.86111110 0
vt 0.83333331 1
vt 0.84722221 0
vt 0.81944442 1
vt 0.83333331 0
vt 0.80555558 1
vt 0.81944442 0
vt 0.79166669 1
vt 0.80555558 0
vt 0.77777779 1
vt 0.79166669 0
vt 0.76388890 1
vt 0.77777779 0
vt 0.75000000 1
vt 0.76388890 0
vt 0.73611110 1
vt 0.75000000 0
vt 0.72222221 1
vt 0.73611110 0
vt 0.70833331 1
vt 0.72222221 0
vt 0.69444442 1
vt 0.70833331 0
vt 0.68055558 1
vt 0.69444442 0
vt 0.66666669 1
vt 0.68055558 0
vt 0.65277779 1
vt 0.66666669 0
vt 0.63888890 1
vt 0.65277779 0
vt 0.62500000 1
vt 0.63888890 0
vt 0.61111110 1
vt 0.62500000 0
vt 0.59722221 1
vt 0.61111110 0
vt 0.58333331 1
vt 0.59722221 0
vt 0.56944442 1
vt 0.58333331 0
vt 0.55555558 1
vt 0.56944442 0
vt 0.54166669 1
vt 0.55555558 0
vt 0.52777779 1
vt 0.54166669 0
vt 0.51388890 1
vt 0.52570528 1
vt 0.52570528 0
vt 0.52777779 0
vt 0.50000000 1
vt 0.51388890 0
vt 0.48611110 1
vt 0.50000000 0
vt 0.47222221 1
vt 0.48611110 0
vt 0.45833334 1
vt 0.47222221 0
vt 0.44444445 1
vt 0.45833334 0
vt 0.43055555 1
vt 0.44444445 0
vt 0.41666666 1
vt 0.43055555 0
vt 0.40277779 1
vt 0.41666666 0
vt 0.38888890 1
vt 0.40277779 0
vt 0.37500000 1
vt 0.38888890 0
vt 0.36111110 1
vt 0.37500000 0
vt 0.34722221 1
vt 0.36111110 0
vt 0.33333334 1
vt 0.34722221 0
vt 0.31944445 1
vt 0.33333334 0
vt 0.30555555 1
vt 0.31944445 0
vt 0.29166666 1
vt 0.30555555 0
vt 0.27777779 1
vt 0.29166666 0
vt 0.26388890 1
vt 0.27777779 0
vt 0.25000000 1
vt 0.26388890 0
vt 0.23611110 1
vt 0.25000000 0
vt 0.22222222 1
vt 0.23611110 0
vt 0.20833333 1
vt 0.22222222 0
vt 0.19444445 1
vt 0.20833333 0
vt 0.18055555 1
vt 0.19444445 0
vt 0.16666667 1
vt 0.18055555 0
vt 0.15277778 1
vt 0.16666667 0
vt 0.13888890 1
vt 0.15277778 0
vt 0.12500000 1
vt 0.13888890 0
vt 0.11111111 1
vt 0.12500000 0
vt 0.09722222 1
vt 0.11111111 0
vt 0.08333334 1
vt 0.09722222 0
vt 0.06944445 1
vt 0.08333334 0
vt 0.05555556 1
vt 0.06944445 0
vt 0.04166667 1
vt 0.05555556 0
vt 0.02777778 1
vt 0.04166667 0
vt 0.01388889 1
vt 0.02777778 0
vt 0.01388889 0
vt 0.62787503 0.02276392
vt 0.58037859 0.20002304
vt 0.55392802 0.19415908
vt 0.66898227 0.03572499
vt 0.60621744 0.20817000
vt 0.97723609 0.62787503
vt 0.79997694 0.58037859
vt 0.80584091 0.55392802
vt 0.96427500 0.66898227
vt 0.79183000 0.60621744
vt 0.02276392 0.37212497
vt 0.20002304 0.41962141
vt 0.19415908 0.44607198
vt 0.03572499 0.33101770
vt 0.20817000 0.39378256
vt 0.70880347 0.05221947
vt 0.63124788 0.21853796
vt 0.78338754 0.09528061
vt 0.67812932 0.24560496
vt 0.65527952 0.23104802
vt 0.81758279 0.12151954
vt 0.69962347 0.26209798
vt 0.94778055 0.70880347
vt 0.78146207 0.63124788
vt 0.37212497 0.97723609
vt 0.41962141 0.79997694
vt 0.44607198 0.80584091
vt 0.33101770 0.96427500
vt 0.39378256 0.79183000
vt 0.05221947 0.29119653
vt 0.21853796 0.36875209
vt 0.74703556 0.07212184
vt 0.84936106 0.15063894
vt 0.71959835 0.28040162
vt 0.92787814 0.74703556
vt 0.76895201 0.65527952
vt 0.90471941 0.78338754
vt 0.75439507 0.67812932
vt 0.87848043 0.81758279
vt 0.73790199 0.69962347
vt 0.29119653 0.94778055
vt 0.36875209 0.78146207
vt 0.00780894 0.54306114
vt 0.19062276 0.52706701
vt 0.19415908 0.55392802
vt 0.00592885 0.50000000
vt 0.18944100 0.50000000
vt 0.00780894 0.45693886
vt 0.19062276 0.47293299
vt 0.01343490 0.41420543
vt 0.07212184 0.25296444
vt 0.23104802 0.34472048
vt 0.09528061 0.21661243
vt 0.24560496 0.32187068
vt 0.12151954 0.18241718
vt 0.26209798 0.30037650
vt 0.21661243 0.09528061
vt 0.32187068 0.24560496
vt 0.30037650 0.26209798
vt 0.25296444 0.07212184
vt 0.34472048 0.23104802
vt 0.37212497 0.02276392
vt 0.41962141 0.20002304
vt 0.39378256 0.20817000
vt 0.41420543 0.01343490
vt 0.44607198 0.19415908
vt 0.45693886 0.00780894
vt 0.47293299 0.19062276
vt 0.50000000 0.00592885
vt 0.50000000 0.18944100
vt 0.54306114 0.00780894
vt 0.52706701 0.19062276
vt 0.58579457 0.01343490
vt 0.87848043 0.18241718
vt 0.73790199 0.30037650
vt 0.90471941 0.21661243
vt 0.75439507 0.32187068
vt 0.99219108 0.54306114
vt 0.80937725 0.52706701
vt 0.81055903 0.50000000
vt 0.98656511 0.58579457
vt 0.74703556 0.92787814
vt 0.65527952 0.76895201
vt 0.67812932 0.75439507
vt 0.70880347 0.94778055
vt 0.63124788 0.78146207
vt 0.62787503 0.97723609
vt 0.58037859 0.79997694
vt 0.60621744 0.79183000
vt 0.58579457 0.98656511
vt 0.55392802 0.80584091
vt 0.54306114 0.99219108
vt 0.52706701 0.80937725
vt 0.50000000 0.99407113
vt 0.50000000 0.81055903
vt 0.45693886 0.99219108
vt 0.47293299 0.80937725
vt 0.41420543 0.98656511
vt 0.25296444 0.92787814
vt 0.34472048 0.76895201
vt 0.21661243 0.90471941
vt 0.32187068 0.75439507
vt 0.18241718 0.87848043
vt 0.30037650 0.73790199
vt 0.29119653 0.05221947
vt 0.36875209 0.21853796
vt 0.33101770 0.03572499
vt 0.84936106 0.84936106
vt 0.71959835 0.71959835
vt 0.81758279 0.87848043
vt 0.69962347 0.73790199
vt 0.78338754 0.90471941
vt 0.66898227 0.96427500
vt 0.15063894 0.84936106
vt 0.28040162 0.71959835
vt 0.12151954 0.81758279
vt 0.26209798 0.69962347
vt 0.02276392 0.62787503
vt 0.20002304 0.58037859
vt 0.20817000 0.60621744
vt 0.01343490 0.58579457
vt 0.15063894 0.15063894
vt 0.28040162 0.28040162
vt 0.18241718 0.12151954
vt 0.09528061 0.78338754
vt 0.24560496 0.67812932
vt 0.07212184 0.74703556
vt 0.23104802 0.65527952
vt 0.05221947 0.70880347
vt 0.21853796 0.63124788
vt 0.03572499 0.66898227
vt 0.97723609 0.37212497
vt 0.79997694 0.41962141
vt 0.79183000 0.39378256
vt 0.98656511 0.41420543
vt 0.80584091 0.44607198
vt 0.92787814 0.25296444
vt 0.76895201 0.34472048
vt 0.94778055 0.29119653
vt 0.78146207 0.36875209
vt 0.96427500 0.33101770
vt 0.98764104 0.42054859
vt 0.99219108 0.45693886
vt 0.80937725 0.47293299
vt 0.99407113 0.50000000
vt 0.98611110 1
vt 1 1
vt 1 0
vt 0.97222221 1
vt 0.98611110 0
vt 0.95833331 1
vt 0.97222221 0
vt 0.94444442 1
vt 0.95833331 0
vt 0.93055558 1
vt 0.94444442 0
vt 0.91666669 1
vt 0.93055558 0
vt 0.90277779 1
vt 0.91666669 0
vt 0.88888890 1
vt 0.90277779 0
vt 0.87500000 1
vt 0.88888890 0
vt 0.86111110 1
vt 0.87500000 0
vt 0.84722221 1
vt 0.86111110 0
vt 0.83333331 1
vt 0.84722221 0
vt 0.81944442 1
vt 0.83333331 0
vt 0.80555558 1
vt 0.81944442 0
vt 0.79166669 1
vt 0.80555558 0
vt 0.77777779 1
vt 0.79166669 0
vt 0.76388890 1
vt 0.77777779 0
vt 0.75000000 1
vt 0.76388890 0
vt 0.73611110 1
vt 0.75000000 0
vt 0.72222221 1
vt 0.73611110 0
vt 0.70833331 1
vt 0.72222221 0
vt 0.69444442 1
vt 0.70833331 0
vt 0.68055558 1
vt 0.69444442 0
vt 0.66666669 1
vt 0.68055558 0
vt 0.65277779 1
vt 0.66666669 0
vt 0.63888890 1
vt 0.65277779 0
vt 0.62500000 1
vt 0.63888890 0
vt 0.61111110 1
vt 0.62500000 0
vt 0.59722221 1
vt 0.61111110 0
vt 0.58333331 1
vt 0.59722221 0
vt 0.56944442 1
vt 0.58333331 0
vt 0.55555558 1
vt 0.56944442 0
vt 0.54166669 1
vt 0.55555558 0
vt 0.52777779 1
vt 0.54166669 0
vt 0.51388890 1
vt 0.52777779 0
vt 0.50000000 1
vt 0.51388890 0
vt 0.48611110 1
vt 0.50000000 0
vt 0.47222221 1
vt 0.48611110 0
vt 0.45833334 1
vt 0.47222221 0
vt 0.44444445 1
vt 0.45833334 0
vt 0.43055555 1
vt 0.44444445 0
vt 0.41666666 1
vt 0.43055555 0
vt 0.40277779 1
vt 0.41666666 0
vt 0.38888890 1
vt 0.40277779 0
vt 0.37500000 1
vt 0.38888890 0
vt 0.36111110 1
vt 0.37500000 0
vt 0.34722221 1
vt 0.36111110 0
vt 0.33333334 1
vt 0.34722221 0
vt 0.31944445 1
vt 0.33333334 0
vt 0.30555555 1
vt 0.31944445 0
vt 0.29166666 1
vt 0.30555555 0
vt 0.27777779 1
vt 0.29166666 0
vt 0.26388890 1
vt 0.27777779 0
vt 0.25000000 1
vt 0.26388890 0
vt 0.23611110 1
vt 0.25000000 0
vt 0.22222222 1
vt 0.23611110 0
vt 0.20833333 1
vt 0.22222222 0
vt 0.19444445 1
vt 0.20833333 0
vt 0.18055555 1
vt 0.19444445 0
vt 0.16666667 1
vt 0.18055555 0
vt 0.15277778 1
vt 0.16666667 0
vt 0.13888890 1
vt 0.15277778 0
vt 0.12500000 1
vt 0.13888890 0
vt 0.11111111 1
vt 0.12500000 0
vt 0.09722222 1
vt 0.11111111 0
vt 0.08333334 1
vt 0.09722222 0
vt 0.06944445 1
vt 0.08333334 0
vt 0.05555556 1
vt 0.06944445 0
vt 0.04166667 1
vt 0.05555556 0
vt 0.02777778 1
vt 0.04166667 0
vt 0.01388889 1
vt 0.02777778 0
vt 0.01388889 0
vt 0 1
vt 0 0
vt 0.01388889 0
vt 0.01388889 1
vt 0.02777778 0
vt 0.02777778 1
vt 0.04166667 0
vt 0.04166667 1
vt 0.05555556 0
vt 0.05555556 1
vt 0.06944445 0
vt 0.06944445 1
vt 0.08333334 0
vt 0.08333334 1
vt 0.09722222 0
vt 0.09722222 1
vt 0.11111111 0
vt 0.11111111 1
vt 0.12500000 0
vt 0.12500000 1
vt 0.13888890 0
vt 0.13888890 1
vt 0.15277778 0
vt 0.15277778 1
vt 0.16666667 0
vt 0.16666667 1
vt 0.18055555 0
vt 0.18055555 1
vt 0.19444445 0
vt 0.19444445 1
vt 0.20833333 0
vt 0.20833333 1
vt 0.22222222 0
vt 0.22222222 1
vt 0.23611110 0
vt 0.23611110 1
vt 0.25000000 0
vt 0.25000000 1
vt 0.26388890 0
vt 0.26388890 1
vt 0.27777779 0
vt 0.27777779 1
vt 0.29166666 0
vt 0.29166666 1
vt 0.30555555 0
vt 0.30555555 1
vt 0.31944445 0
vt 0.31944445 1
vt 0.33333334 0
vt 0.33333334 1
vt 0.34722221 0
vt 0.34722221 1
vt 0.36111110 0
vt 0.36111110 1
vt 0.37500000 0
vt 0.37500000 1
vt 0.38888890 0
vt 0.38888890 1
vt 0.40277779 0
vt 0.40277779 1
vt 0.41666666 0
vt 0.41666666 1
vt 0.43055555 0
vt 0.43055555 1
vt 0.44444445 0
vt 0.44444445 1
vt 0.45833334 0
vt 0.45833334 1
vt 0.47222221 0
vt 0.47222221 1
vt 0.48611110 0
vt 0.48611110 1
vt 0.50000000 0
vt 0.50000000 1
vt 0.51388890 0
vt 0.51388890 1
vt 0.52777779 0
vt 0.52777779 1
vt 0.54166669 0
vt 0.54166669 1
vt 0.55555558 0
vt 0.55555558 1
vt 0.56944442 0
vt 0.56944442 1
vt 0.58333331 0
vt 0.58333331 1
vt 0.59722221 0
vt 0.59722221 1
vt 0.61111110 0
vt 0.61111110 1
vt 0.62500000 0
vt 0.62500000 1
vt 0.63888890 0
vt 0.63888890 1
vt 0.65277779 0
vt 0.65277779 1
vt 0.66666669 0
vt 0.66666669 1
vt 0.68055558 0
vt 0.68055558 1
vt 0.69444442 0
vt 0.69444442 1
vt 0.70833331 0
vt 0.70833331 1
vt 0.72222221 0
vt 0.72222221 1
vt 0.73611110 0
vt 0.73611110 1
vt 0.75000000 0
vt 0.75000000 1
vt 0.76388890 0
vt 0.76388890 1
vt 0.77777779 0
vt 0.77777779 1
vt 0.79166669 0
vt 0.79166669 1
vt 0.80555558 0
vt 0.80555558 1
vt 0.81944442 0
vt 0.81944442 1
vt 0.83333331 0
vt 0.83333331 1
vt 0.84722221 0
vt 0.84722221 1
vt 0.86111110 0
vt 0.86111110 1
vt 0.87500000 0
vt 0.87500000 1
vt 0.88888890 0
vt 0.88888890 1
vt 0.90277779 0
vt 0.90277779 1
vt 0.91666669 0
vt 0.91666669 1
vt 0.93055558 0
vt 0.93055558 1
vt 0.94444442 0
vt 0.94444442 1
vt 0.95833331 0
vt 0.95833331 1
vt 0.97222221 0
vt 0.97222221 1
vt 0.98611110 0
vt 0.98611110 1
vt 0.97723609 0.62787503
vt 0.68559182 0.54972917
vt 0.68921977 0.53336453
vt 0.96427500 0.66898227
vt 0.68055141 0.56571531
vt 0.94778055 0.70880347
vt 0.67413688 0.58120137
vt 0.87848043 0.81758279
vt 0.64718682 0.62350440
vt 0.65739089 0.61020631
vt 0.84936106 0.84936106
vt 0.63586265 0.63586265
vt 0.70880347 0.94778055
vt 0.58120137 0.67413688
vt 0.59606940 0.66639704
vt 0.66898227 0.96427500
vt 0.56571531 0.68055141
vt 0.54306114 0.99219108
vt 0.51674598 0.69140762
vt 0.53336453 0.68921977
vt 0.50000000 0.99407113
vt 0.50000000 0.69213879
vt 0.45693886 0.99219108
vt 0.48325402 0.69140762
vt 0.41420543 0.98656511
vt 0.46663547 0.68921977
vt 0.29119653 0.94778055
vt 0.41879866 0.67413688
vt 0.43428466 0.68055141
vt 0.25296444 0.92787814
vt 0.40393060 0.66639704
vt 0.15063894 0.84936106
vt 0.12151954 0.81758279
vt 0.35281315 0.62350440
vt 0.09528061 0.78338754
vt 0.34260914 0.61020631
vt 0.05221947 0.70880347
vt 0.32586312 0.58120137
vt 0.33360294 0.59606940
vt 0.03572499 0.66898227
vt 0.31944862 0.56571531
vt 0.81758279 0.12151954
vt 0.62350440 0.35281315
vt 0.61020631 0.34260914
vt 0.84936106 0.15063894
vt 0.63586265 0.36413735
vt 0.97723609 0.37212497
vt 0.68559182 0.45027083
vt 0.68055141 0.43428466
vt 0.98656511 0.41420543
vt 0.68921977 0.46663547
vt 0.92787814 0.74703556
vt 0.66639704 0.59606940
vt 0.81758279 0.87848043
vt 0.62350440 0.64718682
vt 0.78338754 0.90471941
vt 0.61020631 0.65739089
vt 0.74703556 0.92787814
vt 0.62787503 0.97723609
vt 0.54972917 0.68559182
vt 0.58579457 0.98656511
vt 0.37212497 0.97723609
vt 0.45027083 0.68559182
vt 0.33101770 0.96427500
vt 0.21661243 0.90471941
vt 0.38979372 0.65739089
vt 0.18241718 0.87848043
vt 0.37649557 0.64718682
vt 0.36413735 0.63586265
vt 0.07212184 0.74703556
vt 0.02276392 0.62787503
vt 0.31440818 0.54972917
vt 0.01343490 0.58579457
vt 0.31078023 0.53336453
vt 0.03572499 0.33101770
vt 0.31944862 0.43428466
vt 0.31440818 0.45027083
vt 0.05221947 0.29119653
vt 0.32586312 0.41879866
vt 0.09528061 0.21661243
vt 0.34260914 0.38979372
vt 0.33360294 0.40393060
vt 0.12151954 0.18241718
vt 0.35281315 0.37649557
vt 0.66898227 0.03572499
vt 0.56571531 0.31944862
vt 0.54972917 0.31440818
vt 0.70880347 0.05221947
vt 0.58120137 0.32586312
vt 0.78338754 0.09528061
vt 0.59606940 0.33360294
vt 0.87848043 0.18241718
vt 0.64718682 0.37649557
vt 0.90471941 0.21661243
vt 0.65739089 0.38979372
vt 0.92787814 0.25296444
vt 0.66639704 0.40393060
vt 0.94778055 0.29119653
vt 0.67413688 0.41879866
vt 0.96427500 0.33101770
vt 0.99219108 0.54306114
vt 0.69140762 0.51674598
vt 0.69213879 0.50000000
vt 0.98656511 0.58579457
vt 0.90471941 0.78338754
vt 0.00780894 0.54306114
vt 0.30859238 0.51674598
vt 0.00592885 0.50000000
vt 0.30786121 0.50000000
vt 0.02276392 0.37212497
vt 0.31078023 0.46663547
vt 0.07212184 0.25296444
vt 0.62787503 0.02276392
vt 0.53336453 0.31078023
vt 0.15063894 0.15063894
vt 0.36413735 0.36413735
vt 0.18241718 0.12151954
vt 0.37649557 0.35281315
vt 0.33101770 0.03572499
vt 0.43428466 0.31944862
vt 0.41879866 0.32586312
vt 0.37212497 0.02276392
vt 0.45027083 0.31440818
vt 0.74703556 0.07212184
vt 0.00780894 0.45693886
vt 0.30859238 0.48325402
vt 0.01343490 0.41420543
vt 0.29119653 0.05221947
vt 0.40393060 0.33360294
vt 0.54306114 0.00780894
vt 0.51674598 0.30859238
vt 0.50000000 0.30786121
vt 0.58579457 0.01343490
vt 0.41420543 0.01343490
vt 0.46663547 0.31078023
vt 0.45693886 0.00780894
vt 0.48325402 0.30859238
vt 0.50000000 0.00592885
vt 0.99219108 0.45693886
vt 0.69140762 0.48325402
vt 0.99407113 0.50000000
vt 0.21661243 0.09528061
vt 0.38979372 0.34260914
vt 0.25296444 0.07212184
vt 0.98611110 1
vt 1 1
vt 1 0
vt 0.97222221 1
vt 0.98611110 0
vt 0.95833331 1
vt 0.97222221 0
vt 0.94444442 1
vt 0.95833331 0
vt 0.93055558 1
vt 0.94444442 0
vt 0.91666669 1
vt 0.93055558 0
vt 0.90277779 1
vt 0.91666669 0
vt 0.88888890 1
vt 0.90277779 0
vt 0.87500000 1
vt 0.88888890 0
vt 0.86111110 1
vt 0.87500000 0
vt 0.84722221 1
vt 0.86111110 0
vt 0.83333331 1
vt 0.84722221 0
vt 0.81944442 1
vt 0.83333331 0
vt 0.80555558 1
vt 0.81944442 0
vt 0.79166669 1
vt 0.80555558 0
vt 0.77777779 1
vt 0.79166669 0
vt 0.76388890 1
vt 0.77777779 0
vt 0.75000000 1
vt 0.76388890 0
vt 0.73611110 1
vt 0.75000000 0
vt 0.72222221 1
vt 0.73611110 0
vt 0.70833331 1
vt 0.72222221 0
vt 0.69444442 1
vt 0.70833331 0
vt 0.68055558 1
vt 0.69444442 0
vt 0.66666669 1
vt 0.68055558 0
vt 0.65277779 1
vt 0.66666669 0
vt 0.63888890 1
vt 0.65277779 0
vt 0.62500000 1
vt 0.63888890 0
vt 0.61111110 1
vt 0.62500000 0
vt 0.59722221 1
vt 0.61111110 0
vt 0.58333331 1
vt 0.59722221 0
vt 0.56944442 1
vt 0.58333331 0
vt 0.55555558 1
vt 0.56944442 0
vt 0.54166669 1
vt 0.55555558 0
vt 0.52777779 1
vt 0.54166669 0
vt 0.51388890 1
vt 0.52777779 0
vt 0.50000000 1
vt 0.51388890 0
vt 0.48611110 1
vt 0.50000000 0
vt 0.47222221 1
vt 0.48611110 0
vt 0.45833334 1
vt 0.47222221 0
vt 0.44444445 1
vt 0.45833334 0
vt 0.43055555 1
vt 0.44444445 0
vt 0.41666666 1
vt 0.43055555 0
vt 0.40277779 1
vt 0.41666666 0
vt 0.38888890 1
vt 0.40277779 0
vt 0.37500000 1
vt 0.38888890 0
vt 0.36111110 1
vt 0.37500000 0
vt 0.34722221 1
vt 0.36111110 0
vt 0.33333334 1
vt 0.34722221 0
vt 0.31944445 1
vt 0.33333334 0
vt 0.30555555 1
vt 0.31944445 0
vt 0.29166666 1
vt 0.30555555 0
vt 0.27777779 1
vt 0.29166666 0
vt 0.26388890 1
vt 0.27777779 0
vt 0.25000000 1
vt 0.26388890 0
vt 0.23611110 1
vt 0.25000000 0
vt 0.22222222 1
vt 0.23611110 0
vt 0.20833333 1
vt 0.22222222 0
vt 0.19444445 1
vt 0.20833333 0
vt 0.18055555 1
vt 0.19444445 0
vt 0.16666667 1
vt 0.18055555 0
vt 0.15277778 1
vt 0.16666667 0
vt 0.13888890 1
vt 0.15277778 0
vt 0.12500000 1
vt 0.13888890 0
vt 0.11111111 1
vt 0.12500000 0
vt 0.09722222 1
vt 0.11111111 0
vt 0.08333334 1
vt 0.09722222 0
vt 0.06944445 1
vt 0.08333334 0
vt 0.05555556 1
vt 0.06944445 0
vt 0.04166667 1
vt 0.05555556 0
vt 0.02777778 1
vt 0.04166667 0
vt 0.01388889 1
vt 0.02777778 0
vt 0.01388889 0
vt 0.96427500 0.66898227
vt 0.94778055 0.70880347
vt 0.78146207 0.63124788
vt 0.92787814 0.74703556
vt 0.76895201 0.65527952
vt 0.37212497 0.97723609
vt 0.41962141 0.79997694
vt 0.44607198 0.80584091
vt 0.33101770 0.96427500
vt 0.39378256 0.79183000
vt 0.79183000 0.60621744
vt 0.79997694 0.58037859
vt 0.90471941 0.78338754
vt 0.75439507 0.67812932
vt 0.87848043 0.81758279
vt 0.73790199 0.69962347
vt 0.29119653 0.94778055
vt 0.36875209 0.78146207
vt 0.54306114 0.99219108
vt 0.52706701 0.80937725
vt 0.55392802 0.80584091
vt 0.50000000 0.99407113
vt 0.50000000 0.81055903
vt 0.45693886 0.99219108
vt 0.47293299 0.80937725
vt 0.41420543 0.98656511
vt 0.25296444 0.92787814
vt 0.34472048 0.76895201
vt 0.21661243 0.90471941
vt 0.32187068 0.75439507
vt 0.18241718 0.87848043
vt 0.30037650 0.73790199
vt 0.03572499 0.66898227
vt 0.20817000 0.60621744
vt 0.21853796 0.63124788
vt 0.02276392 0.62787503
vt 0.20002304 0.58037859
vt 0.07212184 0.25296444
vt 0.09528061 0.21661243
vt 0.24560496 0.32187068
vt 0.12151954 0.18241718
vt 0.26209798 0.30037650
vt 0.78338754 0.09528061
vt 0.67812932 0.24560496
vt 0.65527952 0.23104802
vt 0.81758279 0.12151954
vt 0.69962347 0.26209798
vt 0.92787814 0.25296444
vt 0.76895201 0.34472048
vt 0.75439507 0.32187068
vt 0.94778055 0.29119653
vt 0.78146207 0.36875209
vt 0.99219108 0.54306114
vt 0.80937725 0.52706701
vt 0.81055903 0.50000000
vt 0.98656511 0.58579457
vt 0.80584091 0.55392802
vt 0.97723609 0.62787503
vt 0.74703556 0.92787814
vt 0.65527952 0.76895201
vt 0.67812932 0.75439507
vt 0.70880347 0.94778055
vt 0.63124788 0.78146207
vt 0.62787503 0.97723609
vt 0.58037859 0.79997694
vt 0.60621744 0.79183000
vt 0.58579457 0.98656511
vt 0.01343490 0.58579457
vt 0.19415908 0.55392802
vt 0.00780894 0.54306114
vt 0.19062276 0.52706701
vt 0.00592885 0.50000000
vt 0.18944100 0.50000000
vt 0.03572499 0.33101770
vt 0.05221947 0.29119653
vt 0.21853796 0.36875209
vt 0.23104802 0.34472048
vt 0.15063894 0.15063894
vt 0.28040162 0.28040162
vt 0.21661243 0.09528061
vt 0.25296444 0.07212184
vt 0.34472048 0.23104802
vt 0.29119653 0.05221947
vt 0.36875209 0.21853796
vt 0.37212497 0.02276392
vt 0.41962141 0.20002304
vt 0.39378256 0.20817000
vt 0.41420543 0.01343490
vt 0.44607198 0.19415908
vt 0.62787503 0.02276392
vt 0.58037859 0.20002304
vt 0.55392802 0.19415908
vt 0.66898227 0.03572499
vt 0.60621744 0.20817000
vt 0.74703556 0.07212184
vt 0.63124788 0.21853796
vt 0.90471941 0.21661243
vt 0.73790199 0.30037650
vt 0.84936106 0.84936106
vt 0.71959835 0.71959835
vt 0.81758279 0.87848043
vt 0.69962347 0.73790199
vt 0.78338754 0.90471941
vt 0.66898227 0.96427500
vt 0.15063894 0.84936106
vt 0.28040162 0.71959835
vt 0.12151954 0.81758279
vt 0.26209798 0.69962347
vt 0.07212184 0.74703556
vt 0.23104802 0.65527952
vt 0.24560496 0.67812932
vt 0.05221947 0.70880347
vt 0.00780894 0.45693886
vt 0.19062276 0.47293299
vt 0.01343490 0.41420543
vt 0.19415908 0.44607198
vt 0.02276392 0.37212497
vt 0.20002304 0.41962141
vt 0.20817000 0.39378256
vt 0.33101770 0.03572499
vt 0.45693886 0.00780894
vt 0.47293299 0.19062276
vt 0.58579457 0.01343490
vt 0.52706701 0.19062276
vt 0.84936106 0.15063894
vt 0.71959835 0.28040162
vt 0.87848043 0.18241718
vt 0.96427500 0.33101770
vt 0.79183000 0.39378256
vt 0.97723609 0.37212497
vt 0.79997694 0.41962141
vt 0.09528061 0.78338754
vt 0.18241718 0.12151954
vt 0.30037650 0.26209798
vt 0.32187068 0.24560496
vt 0.70880347 0.05221947
vt 0.98656511 0.41420543
vt 0.80584091 0.44607198
vt 0.99219108 0.45693886
vt 0.80937725 0.47293299
vt 0.99407113 0.50000000
vt 0.50000000 0.00592885
vt 0.50000000 0.18944100
vt 0.54306114 0.00780894
vt 0.98611110 1
vt 1 1
vt 1 0
vt 0.97222221 1
vt 0.98611110 0
vt 0.95833331 1
vt 0.97222221 0
vt 0.94444442 1
vt 0.95833331 0
vt 0.93055558 1
vt 0.94444442 0
vt 0.91666669 1
vt 0.93055558 0
vt 0.90277779 1
vt 0.91666669 0
vt 0.88888890 1
vt 0.90277779 0
vt 0.87500000 1
vt 0.88888890 0
vt 0.86111110 1
vt 0.87500000 0
vt 0.84722221 1
vt 0.86111110 0
vt 0.83333331 1
vt 0.84722221 0
vt 0.81944442 1
vt 0.83333331 0
vt 0.80555558 1
vt 0.81944442 0
vt 0.79166669 1
vt 0.80555558 0
vt 0.77777779 1
vt 0.79166669 0
vt 0.76388890 1
vt 0.77777779 0
vt 0.75000000 1
vt 0.76388890 0
vt 0.73611110 1
vt 0.75000000 0
vt 0.72222221 1
vt 0.73611110 0
vt 0.70833331 1
vt 0.72222221 0
vt 0.69444442 1
vt 0.70833331 0
vt 0.68055558 1
vt 0.69444442 0
vt 0.66666669 1
vt 0.68055558 0
vt 0.65277779 1
vt 0.66666669 0
vt 0.63888890 1
vt 0.65277779 0
vt 0.62500000 1
vt 0.63888890 0
vt 0.61111110 1
vt 0.62500000 0
vt 0.59722221 1
vt 0.61111110 0
vt 0.58333331 1
vt 0.59722221 0
vt 0.56944442 1
vt 0.58333331 0
vt 0.55555558 1
vt 0.56944442 0
vt 0.54166669 1
vt 0.55555558 0
vt 0.52777779 1
vt 0.54166669 0
vt 0.51388890 1
vt 0.52777779 0
vt 0.50000000 1
vt 0.51388890 0
vt 0.48611110 1
vt 0.50000000 0
vt 0.47222221 1
vt 0.48611110 0
vt 0.45833334 1
vt 0.47222221 0
vt 0.44444445 1
vt 0.45833334 0
vt 0.43055555 1
vt 0.44444445 0
vt 0.41666666 1
vt 0.43055555 0
vt 0.40277779 1
vt 0.41666666 0
vt 0.38888890 1
vt 0.40277779 0
vt 0.37500000 1
vt 0.38888890 0
vt 0.36111110 1
vt 0.37500000 0
vt 0.34722221 1
vt 0.36111110 0
vt 0.33333334 1
vt 0.34722221 0
vt 0.31944445 1
vt 0.33333334 0
vt 0.30555555 1
vt 0.31944445 0
vt 0.29166666 1
vt 0.30555555 0
vt 0.27777779 1
vt 0.29166666 0
vt 0.26388890 1
vt 0.27777779 0
vt 0.25000000 1
vt 0.26388890 0
vt 0.23611110 1
vt 0.25000000 0
vt 0.22222222 1
vt 0.23611110 0
vt 0.20833333 1
vt 0.22222222 0
vt 0.19444445 1
vt 0.20833333 0
vt 0.18055555 1
vt 0.19444445 0
vt 0.16666667 1
vt 0.18055555 0
vt 0.15277778 1
vt 0.16666667 0
vt 0.13888890 1
vt 0.15277778 0
vt 0.12500000 1
vt 0.13888890 0
vt 0.11111111 1
vt 0.12500000 0
vt 0.09722222 1
vt 0.11111111 0
vt 0.08333334 1
vt 0.09722222 0
vt 0.06944445 1
vt 0.08333334 0
vt 0.05555556 1
vt 0.06944445 0
vt 0.04166667 1
vt 0.05555556 0
vt 0.02777778 1
vt 0.04166667 0
vt 0.01388889 1
vt 0.02777778 0
vt 0.01388889 0
vt 1 1
vt 0.94555008 0.65452433
vt 0.96728784 0.65452433
vt 0.96728784 0
vt 0.94555008 0
vt 0.88033688 0.65452433
vt 0.90207458 0.65452433
vt 0 0.51724136
vt 0 0
vt 0.68834794 0
vt 0.83686137 0
vt 0.81512368 0.51724136
vt 0.72530210 0.51724136
vt 0.81512368 1
vt 0.83686137 0.65452433
vt 0.90207458 0
vt 0.88033688 0
vt 1 0.65452433
vt 0 0
vt 0 1
vt 1 0.57045269
vt 1 0.67993277
vt 1 0.73813009
vt 1 1
vt 1 0
vt 0.03015369 0.02057683
vt 0.01703709 0.02242905
vt 0.00759612 0.02432513
vt 0.00000000 0.02819089
vt 0.09042398 0.01542191
vt 0.06698730 0.01705987
vt 0.21321177 0.00995490
vt 0.17860620 0.01113718
vt 0.28869087 0.00801463
vt 0.25000000 0.00891140
vt 0.00190265 0.02625063
vt 0.04684611 0.01878255
vt 0.37059048 0.00668741
vt 0.32898992 0.00727142
vt 0.45642212 0.00601357
vt 0.41317591 0.00626706
vt 0.71130913 0.00801463
vt 0.67101008 0.00727142
vt 0.14644662 0.01244925
vt 0.11697778 0.01388113
vt 0.50000000 0.00592885
vt 0.75000000 0.00891140
vt 0.93301272 0.01705987
vt 0.90957600 0.01542191
vt 0.58682406 0.00626706
vt 0.54357785 0.00601357
vt 0.62940955 0.00668741
vt 0.95315391 0.01878255
vt 0.98296291 0.02242905
vt 0.96984631 0.02057683
vt 0.99809736 0.02625063
vt 0.99240386 0.02432513
vt 1 0.02819089
vt 0.82139379 0.01113718
vt 0.78678823 0.00995490
vt 0.88302225 0.01388113
vt 0.85355341 0.01244925
vt 0.00000000 0.98551458
vt 1 0.99407113
vt 0.00000000 1
vt 1 0.68601006
vt 1 0.74472749
vt 1 0.57555139
vt 0.20974462 0
vt 1 0
vt 0.00000000 0
vt 1 1
vt 0.94444442 1
vt 1 1
vt 1 0
vt 0.88888890 1
vt 0.94444442 0
vt 0.83333331 1
vt 0.88888890 0
vt 0.77777779 1
vt 0.83333331 0
vt 0.72222221 1
vt 0.77777779 0
vt 0.66666669 1
vt 0.72222221 0
vt 0.61111110 1
vt 0.66666669 0
vt 0.55555558 1
vt 0.61111110 0
vt 0.50000000 1
vt 0.55555558 0
vt 0.44444445 1
vt 0.50000000 0
vt 0.38888890 1
vt 0.44444445 0
vt 0.33333334 1
vt 0.38888890 0
vt 0.27777779 1
vt 0.33333334 0
vt 0.22222222 1
vt 0.27777779 0
vt 0.16666667 1
vt 0.22222222 0
vt 0.11111111 1
vt 0.16666667 0
vt 0.05555556 1
vt 0.11111111 0
vt 0.05555556 0
vt 0 0
vt 0 0.79025537
vt 0 1
vt 0.94444442 1
vt 1 1
vt 1 0
vt 0.88888890 1
vt 0.94444442 0
vt 0.83333331 1
vt 0.88888890 0
vt 0.77777779 1
vt 0.83333331 0
vt 0.72222221 1
vt 0.77777779 0
vt 0.66666669 1
vt 0.72222221 0
vt 0.61111110 1
vt 0.66666669 0
vt 0.55555558 1
vt 0.61111110 0
vt 0.50000000 1
vt 0.55555558 0
vt 0.44444445 1
vt 0.50000000 0
vt 0.38888890 1
vt 0.44444445 0
vt 0.33333334 1
vt 0.38888890 0
vt 0.27777779 1
vt 0.33333334 0
vt 0.22222222 1
vt 0.27777779 0
vt 0.16666667 1
vt 0.22222222 0
vt 0.11111111 1
vt 0.16666667 0
vt 0.05555556 1
vt 0.11111111 0
vt 0 1
vt 0.05555556 0
vt 0 0
vt 0.94444442 1
vt 1 0
vt 0.88888890 1
vt 0.94444442 0
vt 0.83333331 1
vt 0.88888890 0
vt 0.77777779 1
vt 0.83333331 0
vt 0.72222221 1
vt 0.77777779 0
vt 0.66666669 1
vt 0.72222221 0
vt 0.61111110 1
vt 0.66666669 0
vt 0.55555558 1
vt 0.61111110 0
vt 0.50000000 1
vt 0.55555558 0
vt 0.44444445 1
vt 0.50000000 0
vt 0.38888890 1
vt 0.44444445 0
vt 0.33333334 1
vt 0.38888890 0
vt 0.27777779 1
vt 0.33333334 0
vt 0.22222222 1
vt 0.27777779 0
vt 0.16666667 1
vt 0.22222222 0
vt 0.11111111 1
vt 0.16666667 0
vt 0.05555556 1
vt 0.11111111 0
vt 0 1
vt 0.05555556 0
vt 0 0
vt 1 1
vt 0 0.69533235
vt 0 0.75484776
vt 0 0.58337265
vt 1 0
vt 0 0
vt 0 1
vt 1 0.02848385
vt 0.03015369 0.02076959
vt 0.01703709 0.02264619
vt 0.00759612 0.02456722
vt 0.82139379 0.01120572
vt 0.71130913 0.00804208
vt 0.67101008 0.00728909
vt 0.78678823 0.01000788
vt 0.00190265 0.02651806
vt 0.21321177 0.01000788
vt 0.17860620 0.01120572
vt 0.28869087 0.00804208
vt 0.25000000 0.00895065
vt 0.75000000 0.00895065
vt 0.50000000 0.00592885
vt 0.93301272 0.01720635
vt 0.90957600 0.01554684
vt 0.04684611 0.01895170
vt 0.09042398 0.01554684
vt 0.06698730 0.01720635
vt 0.37059048 0.00669740
vt 0.32898992 0.00728909
vt 0.45642212 0.00601468
vt 0.41317591 0.00627152
vt 0.58682406 0.00627152
vt 0.54357785 0.00601468
vt 0.62940955 0.00669740
vt 0.95315391 0.01895170
vt 0.98296291 0.02264619
vt 0.96984631 0.02076959
vt 0.99809736 0.02651806
vt 0.99240386 0.02456722
vt 0.14644662 0.01253506
vt 0.11697778 0.01398578
vt 0.88302225 0.01398578
vt 0.85355341 0.01253506
vt 0 0.02848385
vt 0 0.98540199
vt 1 0.99407113
vt 1 0
vt 1 1
vt 0 0.57813507
vt 0 0.68908960
vt 0 0.74807066
vt 0 1
vt 0 0
vt 0.94444442 1
vt 0.88888890 1
vt 0.94444442 0
vt 0.83333331 1
vt 0.88888890 0
vt 0.77777779 1
vt 0.83333331 0
vt 0.72222221 1
vt 0.77777779 0
vt 0.66666669 1
vt 0.72222221 0
vt 0.61111110 1
vt 0.66666669 0
vt 0.55555558 1
vt 0.61111110 0
vt 0.50000000 1
vt 0.55555558 0
vt 0.44444445 1
vt 0.50000000 0
vt 0.38888890 1
vt 0.44444445 0
vt 0.33333334 1
vt 0.38888890 0
vt 0.27777779 1
vt 0.33333334 0
vt 0.22222222 1
vt 0.27777779 0
vt 0.16666667 1
vt 0.22222222 0
vt 0.11111111 1
vt 0.16666667 0
vt 0.05555556 1
vt 0.11111111 0
vt 0 1
vt 0.05555556 0
vt 0 0
vt 0.94444442 1
vt 1 1
vt 1 0
vt 0.88888890 1
vt 0.94444442 0
vt 0.83333331 1
vt 0.88888890 0
vt 0.77777779 1
vt 0.83333331 0
vt 0.72222221 1
vt 0.77777779 0
vt 0.66666669 1
vt 0.72222221 0
vt 0.61111110 1
vt 0.66666669 0
vt 0.55555558 1
vt 0.61111110 0
vt 0.50000000 1
vt 0.55555558 0
vt 0.44444445 1
vt 0.50000000 0
vt 0.38888890 1
vt 0.44444445 0
vt 0.33333334 1
vt 0.38888890 0
vt 0.27777779 1
vt 0.33333334 0
vt 0.22222222 1
vt 0.27777779 0
vt 0.16666667 1
vt 0.22222222 0
vt 0.11111111 1
vt 0.16666667 0
vt 0.05555556 1
vt 0.11111111 0
vt 0 1
vt 0.05555556 0
vt 0 0
vt 0 0
vt 0 1
vt 1 0.58602720
vt 1 0.69849634
vt 1 0.75828254
vt 1 1
vt 1 0
vt 0.94444442 1
vt 1 1
vt 1 0
vt 0.88888890 1
vt 0.94444442 0
vt 0.83333331 1
vt 0.88888890 0
vt 0.77777779 1
vt 0.83333331 0
vt 0.72222221 1
vt 0.77777779 0
vt 0.66666669 1
vt 0.72222221 0
vt 0.61111110 1
vt 0.66666669 0
vt 0.55555558 1
vt 0.61111110 0
vt 0.50000000 1
vt 0.55555558 0
vt 0.44444445 1
vt 0.50000000 0
vt 0.38888890 1
vt 0.44444445 0
vt 0.33333334 1
vt 0.38888890 0
vt 0.27777779 1
vt 0.33333334 0
vt 0.22222222 1
vt 0.27777779 0
vt 0.16666667 1
vt 0.22222222 0
vt 0.11111111 1
vt 0.16666667 0
vt 0.05555556 1
vt 0.11111111 0
vt 0 1
vt 0.05555556 0
vt 0.00000000 0
vt 0.00000000 0
vt 1 0
vt 1 1
vt 0 1
vt 0.66666716 0.00000000
vt 0.97989756 0.01512615
vt 0.98864198 0.01703884
vt 0.24705996 0.00078332
vt 0.16666643 0.00307991
vt 0.19246030 0.00215387
vt 0.33333287 0.00000000
vt 0.11907063 0.00537835
vt 0.14214098 0.00415747
vt 0.04465814 0.01149439
vt 0.06028257 0.00980295
vt 0.99493593 0.01899681
vt 0.27545020 0.00034925
vt 0.30428097 0.00008748
vt 0.21932630 0.00138639
vt 0.09763093 0.00673325
vt 0.03123069 0.01327330
vt 0.01135804 0.01703884
vt 0.02010243 0.01512615
vt 0 0.02298877
vt 0.00126843 0.02098517
vt 0.99873155 0.02098517
vt 0.90236908 0.00673325
vt 0.80753970 0.00215387
vt 0.83333355 0.00307991
vt 0.07798507 0.00821187
vt 0.00506407 0.01899681
vt 0.96876931 0.01327330
vt 0.93971741 0.00980295
vt 0.95534188 0.01149439
vt 0.85785902 0.00415747
vt 0.75294006 0.00078332
vt 0.78067368 0.00138639
vt 0.69571900 0.00008748
vt 0.72454977 0.00034925
vt 0.92201495 0.00821187
vt 0.50161833 0.98724371
vt 0 0.99389207
vt 1 0.02298877
vt 0.88092935 0.00537835
vt 1 0.99403578
vt 0 1
vt 1 0.69839299
vt 1 0.75817037
vt 1 0.58594048
vt 0 0
vt 1 0
vt 1 1
vt 0.94444442 1
vt 1 1
vt 1 0
vt 0.88888890 1
vt 0.94444442 0
vt 0.83333331 1
vt 0.88888890 0
vt 0.77777779 1
vt 0.83333331 0
vt 0.72222221 1
vt 0.77777779 0
vt 0.66666669 1
vt 0.72222221 0
vt 0.61111110 1
vt 0.66666669 0
vt 0.55555558 1
vt 0.61111110 0
vt 0.50000000 1
vt 0.55555558 0
vt 0.44444445 1
vt 0.50000000 0
vt 0.38888890 1
vt 0.44444445 0
vt 0.33333334 1
vt 0.38888890 0
vt 0.27777779 1
vt 0.33333334 0
vt 0.22222222 1
vt 0.27777779 0
vt 0.16666667 1
vt 0.22222222 0
vt 0.11111111 1
vt 0.16666667 0
vt 0.05555556 1
vt 0.11111111 0
vt 0 1
vt 0.05555556 0
vt 0 0
vt 0.99396938 0.00985167
vt 0.99396938 1
vt 0.87696546 0.65452433
vt 0.52595216 0.65452433
vt 0.64295655 0.65452433
vt 0.64295655 0
vt 0.17493884 0.65452433
vt 0.29194328 0.65452433
vt 0.17493884 0
vt 0.29194328 0
vt 0.87696546 0
vt 0.99403578 0
vt 0.52595216 0
vt 0.00000000 1
vt 0 0.65452433
vt 0 1
vt 1 0.68872702
vt 1 0.74767709
vt 1 0.57783091
vt 0 0
vt 1 0
vt 1 1
vt 0 0.02847226
vt 0.71130913 0.00804100
vt 0.75000000 0.00894910
vt 0.78678823 0.01000578
vt 0.62940955 0.00669700
vt 0.67101008 0.00728839
vt 0.17860620 0.01120301
vt 0.28869087 0.00804100
vt 0.32898992 0.00728839
vt 0.21321177 0.01000578
vt 0.88302225 0.01398164
vt 0.90957600 0.01554189
vt 0.25000000 0.00894910
vt 0.50000000 0.00592885
vt 0.06698730 0.01720056
vt 0.09042398 0.01554189
vt 0.98296291 0.02263759
vt 0.99240386 0.02455764
vt 0.95315391 0.01894500
vt 0.96984631 0.02076196
vt 0.93301272 0.01720056
vt 0.58682406 0.00627134
vt 0.54357785 0.00601464
vt 0.41317591 0.00627134
vt 0.45642212 0.00601464
vt 0.37059048 0.00669700
vt 0.04684611 0.01894500
vt 0.01703709 0.02263759
vt 0.03015369 0.02076196
vt 0.00190265 0.02650747
vt 0.00759612 0.02455764
vt 0.99809736 0.02650747
vt 0.82139379 0.01120301
vt 0.85355341 0.01253166
vt 0.11697778 0.01398164
vt 0.14644662 0.01253166
vt 1 0.02847226
vt 1 0.99407113
vt 0.00000000 0.98516172
vt 1 0
vt 1 1
vt 0 0.58321214
vt 0 0.69514102
vt 0 0.75464004
vt 0 1
vt 0 0
vt 0.94444442 1
vt 1 1
vt 1 0
vt 0.88888890 1
vt 0.94444442 0
vt 0.83333331 1
vt 0.88888890 0
vt 0.77777779 1
vt 0.83333331 0
vt 0.72222221 1
vt 0.77777779 0
vt 0.66666669 1
vt 0.72222221 0
vt 0.61111110 1
vt 0.66666669 0
vt 0.55555558 1
vt 0.61111110 0
vt 0.50000000 1
vt 0.55555558 0
vt 0.44444445 1
vt 0.50000000 0
vt 0.38888890 1
vt 0.44444445 0
vt 0.33333334 1
vt 0.38888890 0
vt 0.27777779 1
vt 0.33333334 0
vt 0.22222222 1
vt 0.27777779 0
vt 0.16666667 1
vt 0.22222222 0
vt 0.11111111 1
vt 0.16666667 0
vt 0.05555556 1
vt 0.11111111 0
vt 0 1
vt 0.05555556 0
vt 0 0
vt 0.94444442 1
vt 1 1
vt 1 0
vt 0.88888890 1
vt 0.94444442 0
vt 0.83333331 1
vt 0.88888890 0
vt 0.77777779 1
vt 0.83333331 0
vt 0.72222221 1
vt 0.77777779 0
vt 0.66666669 1
vt 0.72222221 0
vt 0.61111110 1
vt 0.66666669 0
vt 0.55555558 1
vt 0.61111110 0
vt 0.50000000 1
vt 0.55555558 0
vt 0.44444445 1
vt 0.50000000 0
vt 0.38888890 1
vt 0.44444445 0
vt 0.33333334 1
vt 0.38888890 0
vt 0.27777779 1
vt 0.33333334 0
vt 0.22222222 1
vt 0.27777779 0
vt 0.16666667 1
vt 0.22222222 0
vt 0.11111111 1
vt 0.16666667 0
vt 0.05555556 1
vt 0.11111111 0
vt 0 1
vt 0.05555556 0
vt 0 0
vt 0 0
vt 0 1
vt 1 0.57517737
vt 1 0.68556422
vt 1 0.74424356
vt 1 1
vt 1 0
vt 0.09152601 0.80283147
vt 0.24333774 0.80283147
vt 0.24333774 0.78034270
vt 0.38585880 0.80283147
vt 0.38585880 0.78034270
vt 0.44449380 0.80283147
vt 0.44449380 0.78034270
vt 0.55492848 0.80283147
vt 0.60519564 0.80283147
vt 0.60519564 0.78034270
vt 0.75672001 0.80283147
vt 0.75672001 0.78034270
vt 0.89933687 0.80283147
vt 0.89933687 0.78034270
vt 0.09152601 0.78034270
vt 0.24333774 0.73803717
vt 0.55492848 0.78034270
vt 0.60519564 0.73803717
vt 0.89933687 0.73803717
vt 0.09152601 0.73803717
vt 0.24333774 0.50891936
vt 0.38585880 0.73803717
vt 0.38585880 0.50891936
vt 0.44449380 0.73803717
vt 0.44449380 0.50891936
vt 0.55492848 0.73803717
vt 0.60519564 0.50891936
vt 0.75672001 0.73803717
vt 0.89933687 0.50891936
vt 0.38585880 0.25931671
vt 0.44449380 0.25931671
vt 0.55492848 0.50891936
vt 0.60519564 0.25931671
vt 0.75672001 0.50891936
vt 0.75672001 0.25931671
vt 0.89933687 0.25931671
vt 0.09152601 0.25931671
vt 0.24333774 0.25931671
vt 0.24333774 0.24697699
vt 0.38585880 0.24697699
vt 0.44449380 0.24697699
vt 0.55492848 0.25931671
vt 0.55492848 0.24697699
vt 0.60519564 0.24697699
vt 0.75672001 0.24697699
vt 0.89933687 0.24697699
vt 0.09152601 0.24697699
vt 0.24333774 0.20743677
vt 0.38585880 0.20743677
vt 0.39546999 0.22147529
vt 0.39532930 0.22226490
vt 0.39077801 0.22777271
vt 0.39041907 0.22758773
vt 0.39515954 0.22302303
vt 0.39496201 0.22374386
vt 0.39558056 0.22066015
vt 0.39006844 0.22733071
vt 0.39295122 0.22733071
vt 0.39260057 0.22758773
vt 0.39329088 0.22700365
vt 0.39392707 0.22614978
vt 0.39361700 0.22660899
vt 0.44449380 0.20743677
vt 0.39572415 0.21812449
vt 0.39570811 0.21897836
vt 0.39532930 0.21398407
vt 0.39546999 0.21477368
vt 0.38805765 0.22374386
vt 0.38786012 0.22302303
vt 0.38940266 0.22660899
vt 0.38909259 0.22614978
vt 0.38972878 0.22700365
vt 0.39150983 0.22792156
vt 0.39114252 0.22788428
vt 0.39224163 0.22777271
vt 0.39187714 0.22788428
vt 0.39421874 0.22562948
vt 0.39566013 0.21982573
vt 0.39566013 0.21642324
vt 0.39570811 0.21727061
vt 0.39558056 0.21558882
vt 0.38828146 0.22442192
vt 0.38880092 0.22562948
vt 0.38852984 0.22505206
vt 0.39473820 0.22442192
vt 0.39448982 0.22505206
vt 0.39496201 0.21250512
vt 0.39515954 0.21322595
vt 0.39329088 0.20924532
vt 0.39361700 0.20963998
vt 0.38731152 0.21897836
vt 0.38769034 0.22226490
vt 0.38754964 0.22147529
vt 0.39473820 0.21182705
vt 0.39392707 0.21009919
vt 0.39224163 0.20847626
vt 0.39260057 0.20866124
vt 0.38786012 0.21322595
vt 0.38805765 0.21250512
vt 0.38735953 0.21982573
vt 0.38743910 0.22066015
vt 0.39448982 0.21119691
vt 0.39421874 0.21061949
vt 0.39187714 0.20836470
vt 0.39006844 0.20891826
vt 0.39041907 0.20866124
vt 0.38909259 0.21009919
vt 0.38940266 0.20963998
vt 0.38828146 0.21182705
vt 0.38754964 0.21477368
vt 0.38769034 0.21398407
vt 0.39295122 0.20891826
vt 0.39077801 0.20847626
vt 0.38972878 0.20924532
vt 0.38735953 0.21642324
vt 0.38743910 0.21558882
vt 0.39150983 0.20832741
vt 0.38852984 0.21119691
vt 0.38880092 0.21061949
vt 0.38729548 0.21812449
vt 0.38731152 0.21727061
vt 0.39114252 0.20836470
vt 0.89933687 0.20743677
vt 0.09152601 0.20743677
vt 0.24333774 0.20600742
vt 0.38585880 0.20600742
vt 0.44449380 0.20600742
vt 0.55492848 0.20743677
vt 0.60519564 0.20743677
vt 0.60519564 0.20600742
vt 0.75672001 0.20743677
vt 0.89933687 0.20600742
vt 0.49661577 0.20755686
vt 0.49713457 0.20692901
vt 0.49767494 0.20640866
vt 0.55492848 0.20600742
vt 0.50280154 0.20692901
vt 0.50332040 0.20755686
vt 0.50170332 0.20599979
vt 0.50226116 0.20640866
vt 0.49349189 0.21702093
vt 0.49366778 0.21572414
vt 0.50577444 0.21326183
vt 0.50604451 0.21446791
vt 0.49336532 0.21834843
vt 0.49326345 0.22105494
vt 0.49328896 0.21969652
vt 0.50667268 0.22105494
vt 0.50664717 0.22241338
vt 0.50626832 0.21572414
vt 0.49389163 0.21446791
vt 0.49416170 0.21326183
vt 0.49328896 0.22241338
vt 0.49349189 0.22508897
vt 0.49336532 0.22376147
vt 0.50644422 0.21702093
vt 0.49483204 0.21103629
vt 0.49522719 0.21003380
vt 0.49447596 0.21211505
vt 0.49366778 0.22638576
vt 0.50657082 0.22376147
vt 0.50644422 0.22508897
vt 0.50664717 0.21969652
vt 0.50657082 0.21834843
vt 0.49612245 0.23382245
vt 0.49565843 0.23299471
vt 0.50604451 0.22764198
vt 0.50577444 0.22884807
vt 0.50626832 0.22638576
vt 0.50510412 0.21103629
vt 0.50546014 0.21211505
vt 0.49416170 0.22884807
vt 0.49389163 0.22764198
vt 0.49483204 0.23107360
vt 0.49447596 0.22999485
vt 0.49522719 0.23207609
vt 0.50546014 0.22999485
vt 0.50510412 0.23107360
vt 0.50427771 0.20911519
vt 0.50470895 0.21003380
vt 0.50427771 0.23299471
vt 0.50381368 0.23382245
vt 0.49565843 0.20911519
vt 0.49612245 0.20828745
vt 0.49713457 0.23518088
vt 0.49661577 0.23455304
vt 0.50470895 0.23207609
vt 0.49767494 0.23570123
vt 0.50226116 0.23570123
vt 0.50170332 0.23611011
vt 0.50332040 0.23455304
vt 0.50280154 0.23518088
vt 0.50381368 0.20828745
vt 0.49880382 0.23640440
vt 0.49823278 0.23611011
vt 0.49996805 0.23664120
vt 0.49938372 0.23658189
vt 0.50113231 0.23640440
vt 0.50055242 0.23658189
vt 0.09615053 0.26361275
vt 0.09642159 0.26419017
vt 0.09666998 0.26482031
vt 0.09522267 0.26223856
vt 0.09554878 0.26263320
vt 0.09417342 0.26146951
vt 0.09453236 0.26165450
vt 0.09585885 0.27914301
vt 0.09554878 0.27960223
vt 0.09642159 0.27804530
vt 0.09615053 0.27862272
vt 0.09689379 0.26549837
vt 0.09585885 0.26309243
vt 0.09488299 0.26191148
vt 0.09380891 0.26135793
vt 0.09152601 0.50891936
vt 0.09666998 0.27741516
vt 0.09709133 0.27601627
vt 0.09689379 0.27673709
vt 0.09709133 0.26621920
vt 0.09344161 0.26132065
vt 0.09270980 0.26146951
vt 0.09307431 0.26135793
vt 0.09270980 0.28076595
vt 0.09235086 0.28058097
vt 0.09344161 0.28091481
vt 0.09307431 0.28087753
vt 0.09417342 0.28076595
vt 0.09380891 0.28087753
vt 0.09522267 0.27999690
vt 0.09488299 0.28032395
vt 0.09726109 0.27525815
vt 0.09166056 0.26223856
vt 0.09200022 0.26191148
vt 0.09200022 0.28032395
vt 0.09453236 0.28058097
vt 0.09763990 0.27197161
vt 0.09759192 0.27281898
vt 0.09751234 0.26858208
vt 0.09759192 0.26941648
vt 0.09235086 0.26165450
vt 0.09751234 0.27365339
vt 0.09765594 0.27111772
vt 0.09763990 0.27026385
vt 0.09726109 0.26697731
vt 0.09740179 0.26776692
vt 0.09740179 0.27446851
vt 0.89960146 0.80371261
vt 0.89991152 0.80325335
vt 0.89930975 0.80423290
vt 0.61320239 0.73784178
vt 0.61286271 0.73751473
vt 0.61215317 0.73707271
vt 0.61251211 0.73725772
vt 0.61142135 0.73692387
vt 0.61178863 0.73696119
vt 0.61068952 0.73707271
vt 0.61105406 0.73696119
vt 0.60997993 0.73751473
vt 0.61033058 0.73725772
vt 0.60964030 0.73784178
vt 0.61557162 0.74842221
vt 0.61549205 0.74925661
vt 0.60727102 0.74501973
vt 0.60735059 0.74418527
vt 0.61068952 0.75636917
vt 0.61033058 0.75618422
vt 0.61286271 0.75592721
vt 0.61251211 0.75618422
vt 0.61383855 0.75474626
vt 0.61352849 0.75520545
vt 0.61538154 0.75007176
vt 0.61563569 0.74672097
vt 0.60746115 0.74337018
vt 0.60727102 0.74842221
vt 0.60997993 0.75592721
vt 0.61320239 0.75560009
vt 0.61413026 0.75422597
vt 0.61464971 0.75301838
vt 0.61440134 0.75364852
vt 0.61507106 0.75161952
vt 0.61487353 0.75234032
vt 0.61524081 0.75086135
vt 0.61561966 0.74757481
vt 0.61557162 0.74501973
vt 0.61561966 0.74586707
vt 0.60777164 0.74182242
vt 0.60796916 0.74110156
vt 0.60760188 0.74258053
vt 0.60720700 0.74672097
vt 0.60722303 0.74586707
vt 0.60722303 0.74757481
vt 0.60931414 0.75520545
vt 0.60900408 0.75474626
vt 0.60964030 0.75560009
vt 0.61142135 0.75651801
vt 0.61105406 0.75648075
vt 0.61215317 0.75636917
vt 0.61178863 0.75648075
vt 0.61487353 0.74110156
vt 0.61507106 0.74182242
vt 0.60871243 0.75422597
vt 0.60844135 0.75364852
vt 0.61538154 0.74337018
vt 0.61549205 0.74418527
vt 0.61524081 0.74258053
vt 0.61352849 0.73823643
vt 0.61383855 0.73869568
vt 0.60871243 0.73921597
vt 0.60900408 0.73869568
vt 0.60819298 0.74042350
vt 0.60844135 0.73979336
vt 0.60746115 0.75007176
vt 0.60735059 0.74925661
vt 0.60819298 0.75301838
vt 0.61413026 0.73921597
vt 0.60931414 0.73823643
vt 0.60760188 0.75086135
vt 0.60796916 0.75234032
vt 0.60777164 0.75161952
vt 0.61440134 0.73979336
vt 0.61464971 0.74042350
vt 0.38448611 0.74724633
vt 0.38456568 0.74641192
vt 0.38467625 0.74559677
vt 0.38448611 0.75064880
vt 0.38443813 0.74980146
vt 0.38498670 0.74404901
vt 0.38518423 0.74332821
vt 0.38481694 0.74480712
vt 0.38442209 0.74894756
vt 0.38443813 0.74809366
vt 0.38540804 0.74265015
vt 0.38565645 0.74202001
vt 0.38518423 0.75456691
vt 0.38498670 0.75384611
vt 0.38467625 0.75229836
vt 0.38456568 0.75148320
vt 0.38481694 0.75308800
vt 0.38592750 0.75645256
vt 0.38565645 0.75587511
vt 0.38540804 0.75524497
vt 0.39105365 0.75697285
vt 0.39074358 0.75743204
vt 0.39278671 0.75064880
vt 0.39270714 0.75148320
vt 0.39007780 0.75815380
vt 0.38972718 0.75841081
vt 0.39259660 0.75229836
vt 0.39285076 0.74894756
vt 0.39283472 0.74980146
vt 0.38936824 0.73929936
vt 0.38972718 0.73948431
vt 0.38790461 0.75859576
vt 0.38754568 0.75841081
vt 0.39041749 0.75782675
vt 0.39134535 0.75645256
vt 0.39228615 0.75384611
vt 0.39208859 0.75456691
vt 0.39245591 0.75308800
vt 0.39278671 0.74724633
vt 0.39283472 0.74809366
vt 0.39074358 0.74046308
vt 0.39105365 0.74092227
vt 0.39007780 0.73974133
vt 0.38719502 0.75815380
vt 0.39186478 0.75524497
vt 0.39161640 0.75587511
vt 0.39259660 0.74559677
vt 0.39270714 0.74641192
vt 0.39134535 0.74144256
vt 0.39041749 0.74006838
vt 0.38863641 0.73915046
vt 0.38900372 0.73918778
vt 0.38652927 0.75743204
vt 0.38621917 0.75697285
vt 0.38685536 0.75782675
vt 0.38863641 0.75874466
vt 0.38826913 0.75870734
vt 0.38936824 0.75859576
vt 0.38900372 0.75870734
vt 0.39245591 0.74480712
vt 0.39208859 0.74332821
vt 0.39228615 0.74404901
vt 0.39161640 0.74202001
vt 0.39186478 0.74265015
vt 0.38790461 0.73929936
vt 0.38826913 0.73918778
vt 0.38719502 0.73974133
vt 0.38754568 0.73948431
vt 0.38592750 0.74144256
vt 0.38621917 0.74092227
vt 0.38685536 0.74006838
vt 0.38652927 0.74046308
vt 0.60374886 0.21144466
vt 0.60394639 0.21072383
vt 0.60320026 0.21719708
vt 0.60357910 0.22048362
vt 0.60343838 0.21969400
vt 0.60417020 0.21004577
vt 0.60343838 0.21299240
vt 0.60357910 0.21220279
vt 0.60324824 0.21804444
vt 0.60332781 0.21887887
vt 0.60324824 0.21464196
vt 0.60332781 0.21380754
vt 0.60318422 0.21634319
vt 0.60320026 0.21548933
vt 0.60394639 0.22196257
vt 0.60374886 0.22124174
vt 0.60498130 0.22436850
vt 0.60468966 0.22384819
vt 0.60498130 0.20831791
vt 0.60441858 0.20941563
vt 0.60468966 0.20883821
vt 0.60417020 0.22264063
vt 0.60441858 0.22327077
vt 0.60529143 0.22482771
vt 0.75672001 0.20600742
vt 0.60776585 0.20658341
vt 0.60813040 0.20669498
vt 0.60848933 0.20687996
vt 0.60595721 0.20713697
vt 0.60630780 0.20687996
vt 0.60883993 0.20713697
vt 0.60703129 0.20658341
vt 0.60739857 0.20654613
vt 0.60666674 0.20669498
vt 0.60561752 0.20746404
vt 0.61104828 0.22124174
vt 0.61085075 0.22196257
vt 0.60666674 0.22599143
vt 0.60630780 0.22580644
vt 0.60883993 0.22554943
vt 0.60848933 0.22580644
vt 0.61121804 0.22048362
vt 0.61146933 0.21887887
vt 0.61135876 0.21969400
vt 0.60595721 0.22554943
vt 0.60739857 0.22614028
vt 0.60703129 0.22610299
vt 0.60813040 0.22599143
vt 0.60776585 0.22610299
vt 0.60917962 0.22522236
vt 0.60981584 0.22436850
vt 0.60950571 0.22482771
vt 0.61037856 0.22327077
vt 0.61010748 0.22384819
vt 0.61062694 0.22264063
vt 0.61154890 0.21804444
vt 0.61161292 0.21634319
vt 0.61121804 0.21220279
vt 0.61135876 0.21299240
vt 0.60561752 0.22522236
vt 0.61159688 0.21719708
vt 0.61154890 0.21464196
vt 0.61159688 0.21548933
vt 0.61146933 0.21380754
vt 0.61062694 0.21004577
vt 0.61085075 0.21072383
vt 0.60950571 0.20785870
vt 0.60981584 0.20831791
vt 0.61037856 0.20941563
vt 0.60917962 0.20746404
vt 0.61104828 0.21144466
vt 0.61010748 0.20883821
vt 0.90499866 0.81866544
vt 0.96650863 0.98412037
vt 0.96681410 0.98386818
vt 0.96587563 0.98444051
vt 0.96619505 0.98431158
vt 0.96766067 0.98276615
vt 0.96791279 0.98229241
vt 0.96710938 0.98355687
vt 0.96739221 0.98318863
vt 0.96887016 0.97928512
vt 0.96899134 0.97858614
vt 0.96836096 0.98120511
vt 0.96855384 0.98059928
vt 0.96814680 0.98177081
vt 0.96908671 0.97786582
vt 0.96872395 0.97995776
vt 0.89518267 0.99186325
vt 0.90057731 0.82094413
vt 0.90023762 0.82061702
vt 0.90165138 0.82149768
vt 0.90128690 0.82138610
vt 0.96555269 0.98450619
vt 0.90346009 0.82094413
vt 0.97570336 0.80283147
vt 0.90524703 0.80544043
vt 0.90547085 0.80611849
vt 0.90443593 0.80371261
vt 0.90472764 0.80423290
vt 0.89991152 0.82022238
vt 0.90092796 0.82120115
vt 0.90310943 0.82120115
vt 0.90443593 0.81976318
vt 0.90412587 0.82022238
vt 0.96915555 0.97712934
vt 0.96919733 0.97638202
vt 0.90566844 0.80683935
vt 0.90499866 0.80481029
vt 0.90238601 0.82149768
vt 0.90201867 0.82153493
vt 0.90275049 0.82138610
vt 0.90379977 0.82061702
vt 0.90472764 0.81924284
vt 0.90608943 0.81427354
vt 0.90597886 0.81508869
vt 0.90583819 0.80759746
vt 0.90597886 0.80838710
vt 0.90379977 0.80285871
vt 0.90412587 0.80325335
vt 0.90524703 0.81803530
vt 0.90566844 0.81663638
vt 0.90547085 0.81735724
vt 0.90608943 0.80920219
vt 0.90583819 0.81587827
vt 0.90621698 0.81259173
vt 0.90616900 0.81343913
vt 0.90616900 0.81003666
vt 0.90621698 0.81088400
vt 0.89960146 0.81976318
vt 0.90623301 0.81173790
vt 0.97654641 0.78034270
vt 0.90275049 0.80208963
vt 0.90310943 0.80227464
vt 0.90023762 0.80285871
vt 0.90346009 0.80253166
vt 0.90238601 0.80197811
vt 0.90057731 0.80253166
vt 0.90165138 0.80197811
vt 0.90201867 0.80194080
vt 0.90092796 0.80227464
vt 0.90128690 0.80208963
vt 0.97813237 0.73803717
vt 0.90266645 0.27513513
vt 0.90237474 0.27461484
vt 0.90923399 0.26881108
vt 0.99310929 0.30657709
vt 0.99289411 0.30605596
vt 0.90185529 0.27340728
vt 0.90163147 0.27272922
vt 0.90210366 0.27403742
vt 0.99330556 0.30713704
vt 0.90330261 0.27598900
vt 0.90297651 0.27559435
vt 0.98672152 0.50891936
vt 0.90831202 0.27340728
vt 0.90806365 0.27403742
vt 0.99266148 0.30557707
vt 0.99363649 0.30835849
vt 0.99348170 0.30773216
vt 0.90210366 0.26018226
vt 0.90237474 0.25960484
vt 0.90143394 0.26221129
vt 0.90163147 0.26149046
vt 0.90435183 0.27675807
vt 0.90399289 0.27657309
vt 0.90750092 0.27513513
vt 0.90719080 0.27559435
vt 0.90779257 0.27461484
vt 0.90873337 0.27200836
vt 0.90853584 0.27272922
vt 0.99405670 0.31325209
vt 0.90890312 0.27125025
vt 0.99241292 0.30514356
vt 0.99215007 0.30475834
vt 0.99396354 0.31038272
vt 0.99387819 0.30968815
vt 0.99406028 0.31180862
vt 0.99402434 0.31109110
vt 0.90185529 0.26081240
vt 0.90126419 0.26296940
vt 0.90143394 0.27200836
vt 0.90364230 0.27631608
vt 0.90508366 0.27690691
vt 0.90471637 0.27686962
vt 0.90581548 0.27675807
vt 0.90545094 0.27686962
vt 0.90652508 0.27631608
vt 0.90617442 0.27657309
vt 0.90686470 0.27598900
vt 0.99376899 0.30901191
vt 0.99407107 0.31253052
vt 0.90101296 0.26457417
vt 0.90112346 0.26375905
vt 0.95816404 0.25931671
vt 0.90750092 0.25908455
vt 0.90779257 0.25960484
vt 0.90101296 0.26964551
vt 0.90093333 0.26881108
vt 0.90831202 0.26081240
vt 0.90853584 0.26149046
vt 0.90806365 0.26018226
vt 0.90093333 0.26540861
vt 0.90086931 0.26710984
vt 0.90088534 0.26625597
vt 0.90126419 0.27125025
vt 0.90112346 0.27046064
vt 0.90928197 0.26796371
vt 0.90915442 0.26457417
vt 0.90923399 0.26540861
vt 0.90088534 0.26796371
vt 0.90915442 0.26964551
vt 0.90904385 0.27046064
vt 0.90929800 0.26710984
vt 0.90928197 0.26625597
vt 0.90890312 0.26296940
vt 0.90904385 0.26375905
vt 0.90873337 0.26221129
vt 0.90581548 0.25746161
vt 0.90617442 0.25764659
vt 0.94893509 0.24697699
vt 0.90686470 0.25823069
vt 0.90719080 0.25862533
vt 0.90652508 0.25790361
vt 0.90508366 0.25731277
vt 0.90545094 0.25735006
vt 0.90435183 0.25746161
vt 0.90471637 0.25735006
vt 0.90330261 0.25823069
vt 0.90364230 0.25790361
vt 0.90399289 0.25764659
vt 0.90266645 0.25908455
vt 0.90297651 0.25862533
vt 0.91936272 0.20743677
vt 0.91829371 0.20600742
vt 0.84557480 0.10893141
vt 0.84525812 0.10869945
vt 0.84493393 0.10853212
vt 0.84588170 0.10922624
vt 0.84617645 0.10958175
vt 0.89933687 0.18066080
vt 0.84460479 0.10843066
vt 0.69928592 0.07846814
vt 0.62730211 0.03354768
vt 0.61558890 0.02830625
vt 0.50575501 0.00592885
vt 0.49287716 0.00614617
vt 0.49938372 0.20552801
vt 0.49996805 0.20546870
vt 0.50113231 0.20570549
vt 0.50055242 0.20552801
vt 0.49880382 0.20570549
vt 0.49823278 0.20599979
vt 0.38304284 0.02852357
vt 0.37133849 0.03475985
vt 0.29935426 0.07967941
vt 0.15386033 0.10956086
vt 0.15358056 0.10964254
vt 0.15303253 0.10994803
vt 0.15276724 0.11017019
vt 0.15330413 0.10977183
vt 0.09152601 0.20600742
vt 0.15226132 0.11074734
vt 0.15250972 0.11043712
vt 0.08229372 0.20600742
vt 0.08124387 0.20743677
vt 0.05220197 0.24697699
vt 0.04313856 0.25931671
vt 0.09073269 0.26361275
vt 0.09102437 0.26309243
vt 0.08937088 0.27365339
vt 0.00661349 0.31000155
vt 0.00643590 0.31065461
vt 0.09046163 0.26419017
vt 0.00598619 0.31354746
vt 0.00594316 0.31431359
vt 0.00628333 0.31134102
vt 0.00615692 0.31205556
vt 0.00681475 0.30938670
vt 0.08929130 0.27281898
vt 0.00782389 0.30739722
vt 0.09133445 0.26263320
vt 0.09021325 0.26482031
vt 0.08979189 0.26621920
vt 0.08998943 0.26549837
vt 0.00605762 0.31279290
vt 0.00728210 0.30828992
vt 0.00703818 0.30881473
vt 0.00754466 0.30781624
vt 0.08962213 0.26697731
vt 0.01319516 0.50891936
vt 0.09021325 0.27741516
vt 0.08998943 0.27673709
vt 0.09102437 0.27914301
vt 0.09073269 0.27862272
vt 0.08937088 0.26858208
vt 0.08948144 0.26776692
vt 0.00594338 0.31585738
vt 0.09046163 0.27804530
vt 0.09166056 0.27999690
vt 0.00592885 0.31508550
vt 0.09133445 0.27960223
vt 0.08929130 0.26941648
vt 0.08922728 0.27111772
vt 0.08924332 0.27026385
vt 0.08924332 0.27197161
vt 0.08962213 0.27525815
vt 0.08948144 0.27446851
vt 0.08979189 0.27601627
vt 0.02180126 0.73803717
vt 0.02339034 0.78034270
vt 0.02423506 0.80283147
vt 0.03322021 0.98607618
vt 0.03352568 0.98632830
vt 0.03264217 0.98539674
vt 0.03292500 0.98576492
vt 0.03167345 0.98341364
vt 0.03188764 0.98397923
vt 0.03131045 0.98216653
vt 0.03148060 0.98280793
vt 0.03104302 0.98079515
vt 0.03116425 0.98149401
vt 0.03383922 0.98651946
vt 0.03212162 0.98450071
vt 0.03237374 0.98497438
vt 0.03415859 0.98664838
vt 0.03087878 0.97933859
vt 0.03094763 0.98007494
vt 0.03083694 0.97859138
vt 0.09877088 0.80387092
vt 0.09912981 0.80405593
vt 0.09840637 0.80375940
vt 0.10126743 0.80722171
vt 0.10149124 0.80789977
vt 0.10045630 0.80549389
vt 0.10074799 0.80601418
vt 0.10168878 0.80862063
vt 0.10101905 0.80659157
vt 0.09982012 0.80464000
vt 0.10014623 0.80503464
vt 0.09948045 0.80431294
vt 0.09625801 0.80464000
vt 0.09659768 0.80431294
vt 0.09562182 0.80549389
vt 0.09593190 0.80503464
vt 0.03448151 0.98671401
vt 0.09659768 0.82272542
vt 0.09625801 0.82239830
vt 0.09730726 0.82316738
vt 0.09694832 0.82298243
vt 0.10485249 0.99407113
vt 0.09767176 0.82327896
vt 0.17785391 0.99045694
vt 0.10045630 0.82154447
vt 0.10014623 0.82200366
vt 0.09481070 0.81981659
vt 0.09458689 0.81913853
vt 0.09562182 0.82154447
vt 0.09533014 0.82102418
vt 0.09593190 0.82200366
vt 0.09948045 0.82272542
vt 0.09912981 0.82298243
vt 0.09767176 0.80375940
vt 0.09803907 0.80372208
vt 0.09694832 0.80405593
vt 0.09505908 0.80659157
vt 0.09533014 0.80601418
vt 0.09438935 0.81841767
vt 0.09505908 0.82044673
vt 0.09840637 0.82327896
vt 0.09803907 0.82331622
vt 0.09877088 0.82316738
vt 0.09982012 0.82239830
vt 0.10126743 0.81981659
vt 0.10101905 0.82044673
vt 0.10168878 0.81841767
vt 0.10149124 0.81913853
vt 0.09730726 0.80387092
vt 0.09481070 0.80722171
vt 0.09438935 0.80862063
vt 0.09458689 0.80789977
vt 0.09396833 0.81098348
vt 0.09407889 0.81016839
vt 0.09421958 0.81765956
vt 0.09407889 0.81686997
vt 0.10074799 0.82102418
vt 0.25104651 0.98692107
vt 0.10210980 0.81605482
vt 0.10199924 0.81686997
vt 0.10185855 0.80937874
vt 0.10199924 0.81016839
vt 0.09421958 0.80937874
vt 0.10185855 0.81765956
vt 0.10223736 0.81437302
vt 0.10218937 0.81522042
vt 0.10225340 0.81351918
vt 0.10210980 0.81098348
vt 0.10218937 0.81181794
vt 0.09384077 0.81266528
vt 0.09388876 0.81181794
vt 0.09382473 0.81351918
vt 0.09396833 0.81605482
vt 0.09388876 0.81522042
vt 0.10223736 0.81266528
vt 0.09384077 0.81437302
vt 0.32370889 0.97214174
vt 0.46745187 0.90613049
vt 0.47128522 0.80283147
vt 0.47128522 0.78034270
vt 0.47128522 0.73803717
vt 0.47320083 0.50988847
vt 0.47349730 0.50952971
vt 0.47291896 0.51030594
vt 0.47265378 0.51077896
vt 0.47218156 0.51187670
vt 0.47240737 0.51130384
vt 0.47380608 0.50923234
vt 0.47179851 0.51314843
vt 0.47197810 0.51249313
vt 0.47141579 0.51529652
vt 0.47151628 0.51455551
vt 0.47128522 0.51760167
vt 0.47164419 0.51383764
vt 0.47129980 0.51682544
vt 0.47134343 0.51605511
vt 0.47894764 0.80283147
vt 0.47894764 0.90084958
vt 0.48277888 0.89908957
vt 0.48277888 0.80283147
vt 0.48277888 0.78034270
vt 0.47894764 0.78034270
vt 0.48277888 0.73803717
vt 0.47894764 0.73803717
vt 0.48277888 0.51760167
vt 0.48279345 0.51682544
vt 0.47893307 0.51682544
vt 0.47894764 0.51760167
vt 0.47888944 0.51605511
vt 0.47578171 0.50883055
vt 0.48499092 0.50952971
vt 0.48529974 0.50923234
vt 0.48347172 0.51249313
vt 0.47610804 0.50899869
vt 0.48283708 0.51605511
vt 0.47871661 0.51455551
vt 0.47881711 0.51529652
vt 0.48300990 0.51455551
vt 0.47843435 0.51314843
vt 0.47858870 0.51383764
vt 0.47757909 0.51077896
vt 0.47782552 0.51130384
vt 0.48561847 0.50899869
vt 0.48441258 0.51030594
vt 0.48469448 0.50988847
vt 0.48313782 0.51383764
vt 0.47642678 0.50923234
vt 0.48329213 0.51314843
vt 0.48290941 0.51529652
vt 0.47825480 0.51249313
vt 0.47805130 0.51187670
vt 0.48390099 0.51130384
vt 0.48414743 0.51077896
vt 0.48367518 0.51187670
vt 0.47703204 0.50988847
vt 0.47731394 0.51030594
vt 0.47673559 0.50952971
vt 0.49044129 0.80283147
vt 0.49044129 0.89556968
vt 0.49427250 0.89380968
vt 0.49427250 0.80283147
vt 0.49427250 0.78034270
vt 0.49044129 0.78034270
vt 0.49427250 0.73803717
vt 0.49021024 0.51455551
vt 0.49496537 0.51249313
vt 0.49516883 0.51187670
vt 0.48974842 0.51249313
vt 0.49618810 0.50988847
vt 0.49648458 0.50952971
vt 0.49478579 0.51314843
vt 0.49031073 0.51529652
vt 0.49038309 0.51605511
vt 0.49450356 0.51455551
vt 0.49427250 0.51760167
vt 0.49044129 0.51760167
vt 0.49042672 0.51682544
vt 0.49590620 0.51030594
vt 0.49539462 0.51130384
vt 0.49564105 0.51077896
vt 0.49463144 0.51383764
vt 0.48992801 0.51314843
vt 0.49428707 0.51682544
vt 0.49679336 0.50923234
vt 0.49711213 0.50899869
vt 0.49008232 0.51383764
vt 0.49044129 0.73803717
vt 0.49743843 0.50883055
vt 0.48852569 0.50988847
vt 0.48880756 0.51030594
vt 0.49433070 0.51605511
vt 0.49440303 0.51529652
vt 0.48931915 0.51130384
vt 0.48954496 0.51187670
vt 0.48822922 0.50952971
vt 0.48760167 0.50899869
vt 0.48792043 0.50923234
vt 0.48907274 0.51077896
vt 0.48727536 0.50883055
vt 0.50959736 0.80283147
vt 0.50576615 0.80283147
vt 0.50576615 0.89375401
vt 0.50959736 0.78034270
vt 0.50576615 0.78034270
vt 0.50959736 0.73803717
vt 0.50965554 0.51605511
vt 0.50507325 0.51249313
vt 0.50525284 0.51314843
vt 0.50540721 0.51383764
vt 0.50464404 0.51130384
vt 0.50486982 0.51187670
vt 0.50413245 0.51030594
vt 0.50439757 0.51077896
vt 0.50355405 0.50952971
vt 0.50385052 0.50988847
vt 0.50959736 0.51760167
vt 0.50576615 0.51760167
vt 0.50575155 0.51682544
vt 0.51029021 0.51249313
vt 0.50260019 0.50883055
vt 0.50292653 0.50899869
vt 0.50982839 0.51455551
vt 0.50324529 0.50923234
vt 0.50961196 0.51682544
vt 0.51180941 0.50952971
vt 0.51211822 0.50923234
vt 0.51096588 0.51077896
vt 0.51123106 0.51030594
vt 0.50995630 0.51383764
vt 0.51011062 0.51314843
vt 0.50972790 0.51529652
vt 0.50576615 0.73803717
vt 0.51243699 0.50899869
vt 0.51151294 0.50988847
vt 0.51049370 0.51187670
vt 0.50570792 0.51605511
vt 0.50553507 0.51455551
vt 0.50563562 0.51529652
vt 0.51071948 0.51130384
vt 0.52109098 0.80283147
vt 0.51725978 0.80283147
vt 0.51725978 0.89888889
vt 0.52109098 0.78034270
vt 0.51725978 0.78034270
vt 0.52109098 0.73803717
vt 0.51724517 0.51682544
vt 0.51725978 0.51760167
vt 0.52109098 0.51760167
vt 0.51725978 0.73803717
vt 0.51702875 0.51455551
vt 0.52198732 0.51187670
vt 0.52221310 0.51130384
vt 0.51712924 0.51529652
vt 0.51720160 0.51605511
vt 0.52132201 0.51455551
vt 0.51690084 0.51383764
vt 0.52361184 0.50923234
vt 0.52110559 0.51682544
vt 0.52178383 0.51249313
vt 0.52144992 0.51383764
vt 0.52393061 0.50899869
vt 0.51674652 0.51314843
vt 0.52425694 0.50883055
vt 0.51442015 0.50899869
vt 0.51473892 0.50923234
vt 0.52245957 0.51077896
vt 0.52272469 0.51030594
vt 0.52114922 0.51605511
vt 0.52122152 0.51529652
vt 0.52160430 0.51314843
vt 0.51656693 0.51249313
vt 0.51504773 0.50952971
vt 0.51534414 0.50988847
vt 0.51409388 0.50883055
vt 0.52300662 0.50988847
vt 0.51613766 0.51130384
vt 0.51636344 0.51187670
vt 0.51562607 0.51030594
vt 0.51589119 0.51077896
vt 0.52330303 0.50952971
vt 0.48694399 0.50872910
vt 0.47545037 0.50872910
vt 0.48661008 0.50869524
vt 0.48594478 0.50883055
vt 0.49776980 0.50872910
vt 0.49810371 0.50869524
vt 0.48627615 0.50872910
vt 0.52458829 0.50872910
vt 0.52492219 0.50869524
vt 0.50226885 0.50872910
vt 0.47478253 0.50872910
vt 0.47511643 0.50869524
vt 0.47412485 0.50899869
vt 0.52558750 0.50883055
vt 0.52591377 0.50899869
vt 0.52525610 0.50872910
vt 0.51376247 0.50872910
vt 0.51309466 0.50872910
vt 0.51342857 0.50869524
vt 0.51276326 0.50883055
vt 0.50193495 0.50869524
vt 0.47445115 0.50883055
vt 0.52839446 0.51383764
vt 0.52852237 0.51455551
vt 0.52862287 0.51529652
vt 0.52806056 0.51249313
vt 0.52824014 0.51314843
vt 0.52738488 0.51077896
vt 0.52763128 0.51130384
vt 0.52654135 0.50952971
vt 0.52683783 0.50988847
vt 0.52875340 0.51760167
vt 0.52785707 0.51187670
vt 0.52711970 0.51030594
vt 0.52623254 0.50923234
vt 0.52873886 0.51682544
vt 0.52869523 0.51605511
vt 0.52875340 0.78034270
vt 0.52875340 0.80283147
vt 0.52875340 0.90402377
vt 0.55492848 0.91571766
vt 0.67624772 0.96991783
vt 0.89856654 0.81735724
vt 0.74898863 0.98471314
vt 0.82198966 0.98832738
vt 0.89836895 0.80683935
vt 0.89856654 0.80611849
vt 0.89819920 0.81587827
vt 0.89805853 0.81508869
vt 0.89879030 0.81803530
vt 0.89930975 0.81924284
vt 0.89879030 0.80544043
vt 0.89903873 0.80481029
vt 0.89805853 0.80838710
vt 0.89819920 0.80759746
vt 0.89786839 0.81003666
vt 0.89794797 0.80920219
vt 0.89836895 0.81663638
vt 0.89903873 0.81866544
vt 0.89794797 0.81427354
vt 0.89780438 0.81173790
vt 0.89782041 0.81088400
vt 0.89786839 0.81343913
vt 0.89782041 0.81259173
vt 0.52875340 0.73803717
vt 0.52109098 0.90060049
vt 0.50959736 0.89546567
vt 0.47128522 0.90436953
vt 0.09152601 0.19343777
vt 0.60529143 0.20785870
vt 1 0.02817144
vt 0.28869087 0.00801281
vt 0.32898992 0.00727025
vt 0.50000000 0.00592885
vt 0.99240386 0.02430905
vt 0.99809736 0.02623287
vt 0.96984631 0.02056403
vt 0.98296291 0.02241463
vt 0.90957600 0.01541361
vt 0.93301272 0.01705015
vt 0.85355341 0.01244356
vt 0.71130913 0.00801281
vt 0.75000000 0.00890880
vt 0.37059048 0.00668675
vt 0.17860620 0.01113263
vt 0.21321177 0.00995138
vt 0.06698730 0.01705015
vt 0.09042398 0.01541361
vt 0.95315391 0.01877131
vt 0.78678823 0.00995138
vt 0.62940955 0.00668675
vt 0.67101008 0.00727025
vt 0.54357785 0.00601349
vt 0.58682406 0.00626677
vt 0.41317591 0.00626677
vt 0.45642212 0.00601349
vt 0.25000000 0.00890880
vt 0.14644662 0.01244356
vt 0.04684611 0.01877131
vt 0.01703709 0.02241463
vt 0.03015369 0.02056403
vt 0 0.02817144
vt 0.00190265 0.02623287
vt 0.88302225 0.01387418
vt 0.11697778 0.01387418
vt 0.00759612 0.02430905
vt 0.82139379 0.01113263
vt 1 0.99407113
vt 0.00000000 0.98528057
vt 0 1
vt 1 0.67932498
vt 1 0.73747027
vt 1 0.56994271
vt 0 0
vt 1 0
vt 1 1
vt 0.94444442 1
vt 1 1
vt 1 0
vt 0.88888890 1
vt 0.94444442 0
vt 0.83333331 1
vt 0.88888890 0
vt 0.77777779 1
vt 0.83333331 0
vt 0.72222221 1
vt 0.77777779 0
vt 0.66666669 1
vt 0.72222221 0
vt 0.61111110 1
vt 0.66666669 0
vt 0.55555558 1
vt 0.61111110 0
vt 0.50000000 1
vt 0.55555558 0
vt 0.44444445 1
vt 0.50000000 0
vt 0.38888890 1
vt 0.44444445 0
vt 0.33333334 1
vt 0.38888890 0
vt 0.27777779 1
vt 0.33333334 0
vt 0.22222222 1
vt 0.27777779 0
vt 0.16666667 1
vt 0.22222222 0
vt 0.11111111 1
vt 0.16666667 0
vt 0.05555556 1
vt 0.11111111 0
vt 0 1
vt 0.05555556 0
vt 0.00000000 0
vt 0.94444442 1
vt 1 1
vt 1 0
vt 0.88888890 1
vt 0.94444442 0
vt 0.83333331 1
vt 0.88888890 0
vt 0.77777779 1
vt 0.83333331 0
vt 0.72222221 1
vt 0.77777779 0
vt 0.66666669 1
vt 0.72222221 0
vt 0.61111110 1
vt 0.66666669 0
vt 0.55555558 1
vt 0.61111110 0
vt 0.50000000 1
vt 0.55555558 0
vt 0.44444445 1
vt 0.50000000 0
vt 0.38888890 1
vt 0.44444445 0
vt 0.33333334 1
vt 0.38888890 0
vt 0.27777779 1
vt 0.33333334 0
vt 0.22222222 1
vt 0.27777779 0
vt 0.16666667 1
vt 0.22222222 0
vt 0.11111111 1
vt 0.16666667 0
vt 0.05555556 1
vt 0.11111111 0
vt 0 1
vt 0.05555556 0
vt 0 0
vn 0.99619472 0.08715574 0
vn 1 0.00000000 0
vn 1 0.00000000 0
vn 0.98480773 0.17364818 0
vn 0.99619472 0.08715574 0
vn 0.96592581 0.25881904 0
vn 0.98480773 0.17364818 0
vn 0.93969262 0.34202015 0
vn 0.96592581 0.25881904 0
vn 0.90630782 0.42261827 0
vn 0.93969262 0.34202015 0
vn 0.86602539 0.50000000 0
vn 0.90630782 0.42261827 0
vn 0.81915206 0.57357645 0
vn 0.86602539 0.50000000 0
vn 0.76604444 0.64278764 0
vn 0.81915206 0.57357645 0
vn 0.70710677 0.70710677 0
vn 0.76604444 0.64278764 0
vn 0.64278764 0.76604444 0
vn 0.70710677 0.70710677 0
vn 0.57357645 0.81915206 0
vn 0.64278764 0.76604444 0
vn 0.50000000 0.86602539 0
vn 0.57357645 0.81915206 0
vn 0.42261827 0.90630782 0
vn 0.50000000 0.86602539 0
vn 0.34202015 0.93969262 0
vn 0.42261827 0.90630782 0
vn 0.25881904 0.96592581 0
vn 0.34202015 0.93969262 0
vn 0.17364818 0.98480773 0
vn 0.25881904 0.96592581 0
vn 0.08715574 0.99619472 0
vn 0.17364818 0.98480773 0
vn -0.00000000 1 0
vn 0.08715574 0.99619472 0
vn -0.08715574 0.99619472 0
vn -0.00000000 1 0
vn -0.17364818 0.98480773 0
vn -0.08715574 0.99619472 0
vn -0.25881904 0.96592581 0
vn -0.17364818 0.98480773 0
vn -0.34202015 0.93969262 0
vn -0.25881904 0.96592581 0
vn -0.42261827 0.90630782 0
vn -0.34202015 0.93969262 0
vn -0.50000000 0.86602539 0
vn -0.42261827 0.90630782 0
vn -0.57357645 0.81915206 0
vn -0.50000000 0.86602539 0
vn -0.64278764 0.76604444 0
vn -0.57357645 0.81915206 0
vn -0.70710677 0.70710677 0
vn -0.64278764 0.76604444 0
vn -0.76604444 0.64278764 0
vn -0.70710677 0.70710677 0
vn -0.81915206 0.57357645 0
vn -0.76604444 0.64278764 0
vn -0.86602539 0.50000000 0
vn -0.81915206 0.57357645 0
vn -0.90630782 0.42261827 0
vn -0.86602539 0.50000000 0
vn -0.93969262 0.34202015 0
vn -0.90630782 0.42261827 0
vn -0.96592581 0.25881904 0
vn -0.93969262 0.34202015 0
vn -0.98480773 0.17364818 0
vn -0.96592581 0.25881904 0
vn -0.99619472 0.08715574 0
vn -0.98480773 0.17364818 0
vn -1 0 0
vn -0.99619472 0.08715574 0
vn -0.99619472 -0.08715574 0
vn -1 0 0
vn -0.98480773 -0.17364818 0
vn -0.99619472 -0.08715574 0
vn -0.96592581 -0.25881904 0
vn -0.98480773 -0.17364818 0
vn -0.93969262 -0.34202015 0
vn -0.96592581 -0.25881904 0
vn -0.90630782 -0.42261827 0
vn -0.93969262 -0.34202015 0
vn -0.86602539 -0.50000000 0
vn -0.90630782 -0.42261827 0
vn -0.81915206 -0.57357645 0
vn -0.86602539 -0.50000000 0
vn -0.76604444 -0.64278764 0
vn -0.81915206 -0.57357645 0
vn -0.70710677 -0.70710677 0
vn -0.76604444 -0.64278764 0
vn -0.64278764 -0.76604444 0
vn -0.70710677 -0.70710677 0
vn -0.57357645 -0.81915206 0
vn -0.64278764 -0.76604444 0
vn -0.50000000 -0.86602539 0
vn -0.57357645 -0.81915206 0
vn -0.42261827 -0.90630782 0
vn -0.50000000 -0.86602539 0
vn -0.34202015 -0.93969262 0
vn -0.42261827 -0.90630782 0
vn -0.25881904 -0.96592581 0
vn -0.34202015 -0.93969262 0
vn -0.17364818 -0.98480773 0
vn -0.25881904 -0.96592581 0
vn -0.08715574 -0.99619472 0
vn -0.17364818 -0.98480773 0
vn 0.00000000 -1 0
vn -0.08715574 -0.99619472 0
vn 0.08715574 -0.99619472 0
vn 0.00000000 -1 0
vn 0.17364818 -0.98480773 0
vn 0.08715574 -0.99619472 0
vn 0.25881904 -0.96592581 0
vn 0.17364818 -0.98480773 0
vn 0.34202015 -0.93969262 0
vn 0.25881904 -0.96592581 0
vn 0.42261827 -0.90630782 0
vn 0.34202015 -0.93969262 0
vn 0.50000000 -0.86602539 0
vn 0.42261827 -0.90630782 0
vn 0.57357645 -0.81915206 0
vn 0.50000000 -0.86602539 0
vn 0.64278764 -0.76604444 0
vn 0.57357645 -0.81915206 0
vn 0.70710677 -0.70710677 0
vn 0.64278764 -0.76604444 0
vn 0.76604444 -0.64278764 0
vn 0.70710677 -0.70710677 0
vn 0.81915206 -0.57357645 0
vn 0.76604444 -0.64278764 0
vn 0.86602539 -0.50000000 0
vn 0.81915206 -0.57357645 0
vn 0.90630782 -0.42261827 0
vn 0.86602539 -0.50000000 0
vn 0.93969262 -0.34202015 0
vn 0.90630782 -0.42261827 0
vn 0.96592581 -0.25881904 0
vn 0.93969262 -0.34202015 0
vn 0.98480773 -0.17364818 0
vn 0.96592581 -0.25881904 0
vn 0.99619472 -0.08715574 0
vn 0.98480773 -0.17364818 0
vn 0.99619472 -0.08715574 0
vn 0 0 1
vn 0 0 1
vn 0 0 1
vn 0 0 1
vn 0 0 1
vn 0 0 1
vn 0 0 1
vn 0 0 1
vn 0 0 1
vn 0 0 1
vn 0 0 1
vn 0 0 1
vn 0 0 1
vn 0 0 1
vn 0 0 1
vn 0 0 1
vn 0 0 1
vn 0 0 1
vn 0 0 1
vn 0 0 1
vn 0 0 1
vn 0 0 1
vn 0 0 1
vn 0 0 1
vn 0 0 1
vn 0 0 1
vn 0 0 1
vn 0 0 1
vn 0 0 1
vn 0 0 1
vn 0 0 1
vn 0 0 1
vn 0 0 1
vn 0 0 1
vn 0 0 1
vn 0 0 1
vn 0 0 1
vn 0 0 1
vn 0 0 1
vn 0 0 1
vn 0 0 1
vn 0 0 1
vn 0 0 1
vn 0 0 1
vn 0 0 1
vn 0 0 1
vn 0 0 1
vn 0 0 1
vn 0 0 1
vn 0 0 1
vn 0 0 1
vn 0 0 1
vn 0 0 1
vn 0 0 1
vn 0 0 1
vn 0 0 1
vn 0 0 1
vn 0 0 1
vn 0 0 1
vn 0 0 1
vn 0 0 1
vn 0 0 1
vn 0 0 1
vn 0 0 1
vn 0 0 1
vn 0 0 1
vn 0 0 1
vn 0 0 1
vn 0 0 1
vn 0 0 1
vn 0 0 1
vn 0 0 1
vn 0 0 1
vn 0 0 1
vn 0 0 1
vn 0 0 1
vn 0 0 1
vn 0 0 1
vn 0 0 1
vn 0 0 1
vn 0 0 1
vn 0 0 1
vn 0 0 1
vn 0 0 1
vn 0 0 1
vn 0 0 1
vn 0 0 1
vn 0 0 1
vn 0 0 1
vn 0 0 1
vn 0 0 1
vn 0 0 1
vn 0 0 1
vn 0 0 1
vn 0 0 1
vn 0 0 1
vn 0 0 1
vn 0 0 1
vn 0 0 1
vn 0 0 1
vn 0 0 1
vn 0 0 1
vn 0 0 1
vn 0 0 1
vn 0 0 1
vn 0 0 1
vn 0 0 1
vn 0 0 1
vn 0 0 1
vn 0 0 1
vn 0 0 1
vn 0 0 1
vn 0 0 1
vn 0 0 1
vn 0 0 1
vn 0 0 1
vn 0 0 1
vn 0 0 1
vn 0 0 1
vn 0 0 1
vn 0 0 1
vn 0 0 1
vn 0 0 1
vn 0 0 1
vn 0 0 1
vn 0 0 1
vn 0 0 1
vn 0 0 1
vn 0 0 1
vn 0 0 1
vn 0 0 1
vn 0 0 1
vn 0 0 1
vn 0 0 1
vn 0 0 1
vn 0 0 1
vn 0 0 1
vn 0 0 1
vn 0 0 1
vn 0 0 1
vn 0 0 1
vn 0 0 1
vn 0 0 1
vn 0 0 1
vn 0 0 1
vn -1 0 0
vn -1 0 0
vn -0.99619472 0.08715574 0
vn -0.99619472 0.08715574 0
vn -0.98480773 0.17364818 0
vn -0.98480773 0.17364818 0
vn -0.96592581 0.25881904 0
vn -0.96592581 0.25881904 0
vn -0.93969262 0.34202015 0
vn -0.93969262 0.34202015 0
vn -0.90630782 0.42261827 0
vn -0.90630782 0.42261827 0
vn -0.86602539 0.50000000 0
vn -0.86602539 0.50000000 0
vn -0.81915206 0.57357645 0
vn -0.81915206 0.57357645 0
vn -0.76604444 0.64278764 0
vn -0.76604444 0.64278764 0
vn -0.70710677 0.70710677 0
vn -0.70710677 0.70710677 0
vn -0.64278764 0.76604444 0
vn -0.64278764 0.76604444 0
vn -0.57357645 0.81915206 0
vn -0.57357645 0.81915206 0
vn -0.50000000 0.86602539 0
vn -0.50000000 0.86602539 0
vn -0.42261827 0.90630782 0
vn -0.42261827 0.90630782 0
vn -0.34202015 0.93969262 0
vn -0.34202015 0.93969262 0
vn -0.25881904 0.96592581 0
vn -0.25881904 0.96592581 0
vn -0.17364818 0.98480773 0
vn -0.17364818 0.98480773 0
vn -0.08715574 0.99619472 0
vn -0.08715574 0.99619472 0
vn -0.00000000 1 0
vn -0.00000000 1 0
vn 0.08715574 0.99619472 0
vn 0.08715574 0.99619472 0
vn 0.17364818 0.98480773 0
vn 0.17364818 0.98480773 0
vn 0.25881904 0.96592581 0
vn 0.25881904 0.96592581 0
vn 0.34202015 0.93969262 0
vn 0.34202015 0.93969262 0
vn 0.42261827 0.90630782 0
vn 0.42261827 0.90630782 0
vn 0.50000000 0.86602539 0
vn 0.50000000 0.86602539 0
vn 0.57357645 0.81915206 0
vn 0.57357645 0.81915206 0
vn 0.64278764 0.76604444 0
vn 0.64278764 0.76604444 0
vn 0.70710677 0.70710677 0
vn 0.70710677 0.70710677 0
vn 0.76604444 0.64278764 0
vn 0.76604444 0.64278764 0
vn 0.81915206 0.57357645 0
vn 0.81915206 0.57357645 0
vn 0.86602539 0.50000000 0
vn 0.86602539 0.50000000 0
vn 0.90630782 0.42261827 0
vn 0.90630782 0.42261827 0
vn 0.93969262 0.34202015 0
vn 0.93969262 0.34202015 0
vn 0.96592581 0.25881904 0
vn 0.96592581 0.25881904 0
vn 0.97984868 0.19974115 0
vn 0.98480773 0.17364818 0
vn 0.98480773 0.17364818 0
vn 0.99619472 0.08715574 0
vn 0.99619472 0.08715574 0
vn 1 0.00000000 0
vn 1 0.00000000 0
vn 0.99619472 -0.08715574 0
vn 0.99619472 -0.08715574 0
vn 0.98480773 -0.17364818 0
vn 0.98480773 -0.17364818 0
vn 0.96592581 -0.25881904 0
vn 0.96592581 -0.25881904 0
vn 0.93969262 -0.34202015 0
vn 0.93969262 -0.34202015 0
vn 0.90630782 -0.42261827 0
vn 0.90630782 -0.42261827 0
vn 0.86602539 -0.50000000 0
vn 0.86602539 -0.50000000 0
vn 0.81915206 -0.57357645 0
vn 0.81915206 -0.57357645 0
vn 0.76604444 -0.64278764 0
vn 0.76604444 -0.64278764 0
vn 0.70710677 -0.70710677 0
vn 0.70710677 -0.70710677 0
vn 0.64278764 -0.76604444 0
vn 0.64278764 -0.76604444 0
vn 0.57357645 -0.81915206 0
vn 0.57357645 -0.81915206 0
vn 0.50000000 -0.86602539 0
vn 0.50000000 -0.86602539 0
vn 0.42261827 -0.90630782 0
vn 0.42261827 -0.90630782 0
vn 0.34202015 -0.93969262 0
vn 0.34202015 -0.93969262 0
vn 0.25881904 -0.96592581 0
vn 0.25881904 -0.96592581 0
vn 0.17364818 -0.98480773 0
vn 0.17364818 -0.98480773 0
vn 0.08715574 -0.99619472 0
vn 0.08715574 -0.99619472 0
vn 0.00000000 -1 0
vn 0.00000000 -1 0
vn -0.08715574 -0.99619472 0
vn -0.08715574 -0.99619472 0
vn -0.17364818 -0.98480773 0
vn -0.17364818 -0.98480773 0
vn -0.25881904 -0.96592581 0
vn -0.25881904 -0.96592581 0
vn -0.34202015 -0.93969262 0
vn -0.34202015 -0.93969262 0
vn -0.42261827 -0.90630782 0
vn -0.42261827 -0.90630782 0
vn -0.50000000 -0.86602539 0
vn -0.50000000 -0.86602539 0
vn -0.57357645 -0.81915206 0
vn -0.57357645 -0.81915206 0
vn -0.64278764 -0.76604444 0
vn -0.64278764 -0.76604444 0
vn -0.70710677 -0.70710677 0
vn -0.70710677 -0.70710677 0
vn -0.76604444 -0.64278764 0
vn -0.76604444 -0.64278764 0
vn -0.81915206 -0.57357645 0
vn -0.81915206 -0.57357645 0
vn -0.86602539 -0.50000000 0
vn -0.86602539 -0.50000000 0
vn -0.90630782 -0.42261827 0
vn -0.90630782 -0.42261827 0
vn -0.93969262 -0.34202015 0
vn -0.93969262 -0.34202015 0
vn -0.96592581 -0.25881904 0
vn -0.96592581 -0.25881904 0
vn -0.98480773 -0.17364818 0
vn -0.98480773 -0.17364818 0
vn -0.99619472 -0.08715574 0
vn -0.99619472 -0.08715574 0
vn 0 0 1
vn 0 0 1
vn 0 0 1
vn 0 0 1
vn 0 0 1
vn 0 0 1
vn 0 0 1
vn 0 0 1
vn 0 0 1
vn 0 0 1
vn 0 0 1
vn 0 0 1
vn 0 0 1
vn 0 0 1
vn 0 0 1
vn 0 0 1
vn 0 0 1
vn 0 0 1
vn 0 0 1
vn 0 0 1
vn 0 0 1
vn 0 0 1
vn 0 0 1
vn 0 0 1
vn 0 0 1
vn 0 0 1
vn 0 0 1
vn 0 0 1
vn 0 0 1
vn 0 0 1
vn 0 0 1
vn 0 0 1
vn 0 0 1
vn 0 0 1
vn 0 0 1
vn 0 0 1
vn 0 0 1
vn 0 0 1
vn 0 0 1
vn 0 0 1
vn 0 0 1
vn 0 0 1
vn 0 0 1
vn 0 0 1
vn 0 0 1
vn 0 0 1
vn 0 0 1
vn 0 0 1
vn 0 0 1
vn 0 0 1
vn 0 0 1
vn 0 0 1
vn 0 0 1
vn 0 0 1
vn 0 0 1
vn 0 0 1
vn 0 0 1
vn 0 0 1
vn 0 0 1
vn 0 0 1
vn 0 0 1
vn 0 0 1
vn 0 0 1
vn 0 0 1
vn 0 0 1
vn 0 0 1
vn 0 0 1
vn 0 0 1
vn 0 0 1
vn 0 0 1
vn 0 0 1
vn 0 0 1
vn 0 0 1
vn 0 0 1
vn 0 0 1
vn 0 0 1
vn 0 0 1
vn 0 0 1
vn 0 0 1
vn 0 0 1
vn 0 0 1
vn 0 0 1
vn 0 0 1
vn 0 0 1
vn 0 0 1
vn 0 0 1
vn 0 0 1
vn 0 0 1
vn 0 0 1
vn 0 0 1
vn 0 0 1
vn 0 0 1
vn 0 0 1
vn 0 0 1
vn 0 0 1
vn 0 0 1
vn 0 0 1
vn 0 0 1
vn 0 0 1
vn 0 0 1
vn 0 0 1
vn 0 0 1
vn 0 0 1
vn 0 0 1
vn 0 0 1
vn 0 0 1
vn 0 0 1
vn 0 0 1
vn 0 0 1
vn 0 0 1
vn 0 0 1
vn 0 0 1
vn 0 0 1
vn 0 0 1
vn 0 0 1
vn 0 0 1
vn 0 0 1
vn 0 0 1
vn 0 0 1
vn 0 0 1
vn 0 0 1
vn 0 0 1
vn 0 0 1
vn 0 0 1
vn 0 0 1
vn 0 0 1
vn 0 0 1
vn 0 0 1
vn 0 0 1
vn 0 0 1
vn 0 0 1
vn 0 0 1
vn 0 0 1
vn 0 0 1
vn 0 0 1
vn 0 0 1
vn 0 0 1
vn 0 0 1
vn 0 0 1
vn 0 0 1
vn 0 0 1
vn 0 0 1
vn 0 0 1
vn 0 0 1
vn -0.99619472 0.08715574 0
vn -1 0 0
vn -1 0 0
vn -0.98480773 0.17364818 0
vn -0.99619472 0.08715574 0
vn -0.96592581 0.25881904 0
vn -0.98480773 0.17364818 0
vn -0.93969262 0.34202015 0
vn -0.96592581 0.25881904 0
vn -0.90630782 0.42261827 0
vn -0.93969262 0.34202015 0
vn -0.86602539 0.50000000 0
vn -0.90630782 0.42261827 0
vn -0.81915206 0.57357645 0
vn -0.86602539 0.50000000 0
vn -0.76604444 0.64278764 0
vn -0.81915206 0.57357645 0
vn -0.70710677 0.70710677 0
vn -0.76604444 0.64278764 0
vn -0.64278764 0.76604444 0
vn -0.70710677 0.70710677 0
vn -0.57357645 0.81915206 0
vn -0.64278764 0.76604444 0
vn -0.50000000 0.86602539 0
vn -0.57357645 0.81915206 0
vn -0.42261827 0.90630782 0
vn -0.50000000 0.86602539 0
vn -0.34202015 0.93969262 0
vn -0.42261827 0.90630782 0
vn -0.25881904 0.96592581 0
vn -0.34202015 0.93969262 0
vn -0.17364818 0.98480773 0
vn -0.25881904 0.96592581 0
vn -0.08715574 0.99619472 0
vn -0.17364818 0.98480773 0
vn 0.00000000 1 0
vn -0.08715574 0.99619472 0
vn 0.08715574 0.99619472 0
vn 0.00000000 1 0
vn 0.17364818 0.98480773 0
vn 0.08715574 0.99619472 0
vn 0.25881904 0.96592581 0
vn 0.17364818 0.98480773 0
vn 0.34202015 0.93969262 0
vn 0.25881904 0.96592581 0
vn 0.42261827 0.90630782 0
vn 0.34202015 0.93969262 0
vn 0.50000000 0.86602539 0
vn 0.42261827 0.90630782 0
vn 0.57357645 0.81915206 0
vn 0.50000000 0.86602539 0
vn 0.64278764 0.76604444 0
vn 0.57357645 0.81915206 0
vn 0.70710677 0.70710677 0
vn 0.64278764 0.76604444 0
vn 0.76604444 0.64278764 0
vn 0.70710677 0.70710677 0
vn 0.81915206 0.57357645 0
vn 0.76604444 0.64278764 0
vn 0.86602539 0.50000000 0
vn 0.81915206 0.57357645 0
vn 0.90630782 0.42261827 0
vn 0.86602539 0.50000000 0
vn 0.93969262 0.34202015 0
vn 0.90630782 0.42261827 0
vn 0.96592581 0.25881904 0
vn 0.93969262 0.34202015 0
vn 0.98480773 0.17364818 0
vn 0.96592581 0.25881904 0
vn 0.99619472 0.08715574 0
vn 0.98480773 0.17364818 0
vn 1 -0.00000000 0
vn 0.99619472 0.08715574 0
vn 0.99619472 -0.08715574 0
vn 1 -0.00000000 0
vn 0.98480773 -0.17364818 0
vn 0.99619472 -0.08715574 0
vn 0.96592581 -0.25881904 0
vn 0.98480773 -0.17364818 0
vn 0.93969262 -0.34202015 0
vn 0.96592581 -0.25881904 0
vn 0.90630782 -0.42261827 0
vn 0.93969262 -0.34202015 0
vn 0.86602539 -0.50000000 0
vn 0.90630782 -0.42261827 0
vn 0.81915206 -0.57357645 0
vn 0.86602539 -0.50000000 0
vn 0.76604444 -0.64278764 0
vn 0.81915206 -0.57357645 0
vn 0.70710677 -0.70710677 0
vn 0.76604444 -0.64278764 0
vn 0.64278764 -0.76604444 0
vn 0.70710677 -0.70710677 0
vn 0.57357645 -0.81915206 0
vn 0.64278764 -0.76604444 0
vn 0.50000000 -0.86602539 0
vn 0.57357645 -0.81915206 0
vn 0.42261827 -0.90630782 0
vn 0.50000000 -0.86602539 0
vn 0.34202015 -0.93969262 0
vn 0.42261827 -0.90630782 0
vn 0.25881904 -0.96592581 0
vn 0.34202015 -0.93969262 0
vn 0.17364818 -0.98480773 0
vn 0.25881904 -0.96592581 0
vn 0.08715574 -0.99619472 0
vn 0.17364818 -0.98480773 0
vn -0.00000000 -1 0
vn 0.08715574 -0.99619472 0
vn -0.08715574 -0.99619472 0
vn -0.00000000 -1 0
vn -0.17364818 -0.98480773 0
vn -0.08715574 -0.99619472 0
vn -0.25881904 -0.96592581 0
vn -0.17364818 -0.98480773 0
vn -0.34202015 -0.93969262 0
vn -0.25881904 -0.96592581 0
vn -0.42261827 -0.90630782 0
vn -0.34202015 -0.93969262 0
vn -0.50000000 -0.86602539 0
vn -0.42261827 -0.90630782 0
vn -0.57357645 -0.81915206 0
vn -0.50000000 -0.86602539 0
vn -0.64278764 -0.76604444 0
vn -0.57357645 -0.81915206 0
vn -0.70710677 -0.70710677 0
vn -0.64278764 -0.76604444 0
vn -0.76604444 -0.64278764 0
vn -0.70710677 -0.70710677 0
vn -0.81915206 -0.57357645 0
vn -0.76604444 -0.64278764 0
vn -0.86602539 -0.50000000 0
vn -0.81915206 -0.57357645 0
vn -0.90630782 -0.42261827 0
vn -0.86602539 -0.50000000 0
vn -0.93969262 -0.34202015 0
vn -0.90630782 -0.42261827 0
vn -0.96592581 -0.25881904 0
vn -0.93969262 -0.34202015 0
vn -0.98480773 -0.17364818 0
vn -0.96592581 -0.25881904 0
vn -0.99619472 -0.08715574 0
vn -0.98480773 -0.17364818 0
vn -0.99619472 -0.08715574 0
vn 0 0 1
vn 0 0 1
vn 0 0 1
vn 0 0 1
vn 0 0 1
vn 0 0 1
vn 0 0 1
vn 0 0 1
vn 0 0 1
vn 0 0 1
vn 0 0 1
vn 0 0 1
vn 0 0 1
vn 0 0 1
vn 0 0 1
vn 0 0 1
vn 0 0 1
vn 0 0 1
vn 0 0 1
vn 0 0 1
vn 0 0 1
vn 0 0 1
vn 0 0 1
vn 0 0 1
vn 0 0 1
vn 0 0 1
vn 0 0 1
vn 0 0 1
vn 0 0 1
vn 0 0 1
vn 0 0 1
vn 0 0 1
vn 0 0 1
vn 0 0 1
vn 0 0 1
vn 0 0 1
vn 0 0 1
vn 0 0 1
vn 0 0 1
vn 0 0 1
vn 0 0 1
vn 0 0 1
vn 0 0 1
vn 0 0 1
vn 0 0 1
vn 0 0 1
vn 0 0 1
vn 0 0 1
vn 0 0 1
vn 0 0 1
vn 0 0 1
vn 0 0 1
vn 0 0 1
vn 0 0 1
vn 0 0 1
vn 0 0 1
vn 0 0 1
vn 0 0 1
vn 0 0 1
vn 0 0 1
vn 0 0 1
vn 0 0 1
vn 0 0 1
vn 0 0 1
vn 0 0 1
vn 0 0 1
vn 0 0 1
vn 0 0 1
vn 0 0 1
vn 0 0 1
vn 0 0 1
vn 0 0 1
vn 0 0 1
vn 0 0 1
vn 0 0 1
vn 0 0 1
vn 0 0 1
vn 0 0 1
vn 0 0 1
vn 0 0 1
vn 0 0 1
vn 0 0 1
vn 0 0 1
vn 0 0 1
vn 0 0 1
vn 0 0 1
vn 0 0 1
vn 0 0 1
vn 0 0 1
vn 0 0 1
vn 0 0 1
vn 0 0 1
vn 0 0 1
vn 0 0 1
vn 0 0 1
vn 0 0 1
vn 0 0 1
vn 0 0 1
vn 0 0 1
vn 0 0 1
vn 0 0 1
vn 0 0 1
vn 0 0 1
vn 0 0 1
vn 0 0 1
vn 0 0 1
vn 0 0 1
vn 0 0 1
vn 0 0 1
vn 0 0 1
vn 0 0 1
vn 0 0 1
vn 0 0 1
vn 0 0 1
vn 0 0 1
vn 0 0 1
vn 0 0 1
vn 0 0 1
vn 0 0 1
vn 0 0 1
vn 0 0 1
vn 0 0 1
vn 0 0 1
vn 0 0 1
vn 0 0 1
vn 0 0 1
vn 0 0 1
vn 0 0 1
vn 0 0 1
vn 0 0 1
vn 0 0 1
vn 0 0 1
vn 0 0 1
vn 0 0 1
vn 0 0 1
vn 0 0 1
vn 0 0 1
vn 0 0 1
vn 0 0 1
vn 0 0 1
vn 0 0 1
vn 0 0 1
vn 0 0 1
vn 0 0 1
vn 0 0 1
vn 0 0 1
vn 0 0 1
vn 0 0 1
vn 0 0 1
vn 0 0 1
vn 0 0 1
vn 0 0 1
vn 0 0 1
vn 0 0 1
vn 0 0 1
vn 0 0 1
vn 0 0 1
vn 0 0 1
vn 0 0 1
vn 0 0 1
vn 0 0 1
vn 0 0 1
vn 0 0 1
vn 0 0 1
vn 0 0 1
vn 0 0 1
vn 0 0 1
vn 0 0 1
vn 0 0 1
vn 0 0 1
vn 0 0 1
vn 0 0 1
vn 0 0 1
vn 0 0 1
vn 0 0 1
vn 0 0 1
vn 0 0 1
vn 0 0 1
vn 0 0 1
vn 0 0 1
vn 0 0 1
vn 0 0 1
vn 0 0 1
vn 0 0 1
vn 0 0 1
vn 0 0 1
vn 0 0 1
vn 0 0 1
vn 0 0 1
vn 0 0 1
vn 0 0 1
vn 0 0 1
vn 0 0 1
vn 0 0 1
vn 0 0 1
vn 0 0 1
vn 0 0 1
vn 0 0 1
vn 0 0 1
vn 0 0 1
vn 0 0 1
vn 0 0 1
vn 0 0 1
vn 0 0 1
vn 0 0 1
vn 0 0 1
vn 0 0 1
vn 0 0 1
vn 0 0 1
vn 0 0 1
vn 0 0 1
vn 0 0 1
vn 0 0 1
vn 0 0 1
vn 0 0 1
vn 0 0 1
vn 0 0 1
vn 0 0 1
vn 0 0 1
vn 0 0 1
vn 0 0 1
vn 0 0 1
vn 0 0 1
vn 0 0 1
vn 0 0 1
vn 0 0 1
vn 0 0 1
vn 0 0 1
vn 0 0 1
vn 0 0 1
vn 0 0 1
vn 0 0 1
vn 0 0 1
vn 0 0 1
vn 0 0 1
vn 0 0 1
vn 0 0 1
vn 0 0 1
vn 0 0 1
vn 0 0 1
vn 0 0 1
vn 0 0 1
vn 0 0 1
vn 0 0 1
vn 0 0 1
vn 0 0 1
vn 0 0 1
vn 0 0 1
vn 0 0 1
vn 0 0 1
vn 0 0 1
vn 0 0 1
vn 0 0 1
vn 0 0 1
vn 0 0 1
vn 0 0 1
vn 0 0 1
vn 0 0 1
vn 0 0 1
vn 0 0 1
vn 0 0 1
vn 0 0 1
vn 0 0 1
vn 0 0 1
vn 0 0 1
vn 0 0 1
vn 0 0 1
vn 0 0 1
vn 0 0 1
vn 0 0 1
vn 0 0 1
vn 0 0 1
vn 0 0 1
vn 0 0 1
vn 0 0 1
vn 0 0 1
vn 0 0 1
vn 0 0 1
vn 0 0 1
vn 0 0 1
vn 0 0 1
vn 0 0 1
vn 0 0 1
vn 0 0 1
vn 0 0 1
vn 0 0 1
vn 0 0 1
vn 0 0 1
vn 0 0 1
vn 0 0 1
vn 0 0 1
vn 0 0 1
vn 0 0 1
vn 0 0 1
vn 0 0 1
vn 0 0 1
vn 0 0 1
vn 0 0 1
vn 0 0 1
vn 0 0 1
vn 0 0 1
vn 0 0 1
vn 0 0 1
vn 0 0 1
vn 0 0 1
vn 0 0 1
vn 0 0 1
vn 0 0 1
vn 0 0 1
vn 0 0 1
vn 0 0 1
vn 0 0 1
vn 0 0 1
vn 0 0 1
vn 0 0 1
vn 0 0 1
vn 0 0 1
vn 0 0 1
vn 0 0 1
vn 0 0 1
vn 0 0 1
vn 0 0 1
vn 0 0 1
vn 0 0 1
vn 0 0 1
vn 0 0 1
vn 0 0 1
vn 0 0 1
vn 0 0 1
vn 0 0 1
vn 0 0 1
vn 0 0 1
vn 0 0 1
vn 0 0 1
vn 0 0 1
vn 0 0 1
vn 0 0 1
vn 0 0 1
vn 0 0 1
vn 0 0 1
vn 0 0 1
vn 0 0 1
vn 0 0 1
vn 0 0 1
vn 0 0 1
vn 0 0 1
vn 0 0 1
vn 0 0 1
vn 0 0 1
vn 0 0 1
vn 0 0 1
vn 0 0 1
vn 0 0 1
vn 0 0 1
vn 0 0 1
vn 0 0 1
vn 0 0 1
vn 0 0 1
vn 0 0 1
vn 0 0 1
vn 0 0 1
vn 0 0 1
vn 0 0 1
vn 0 0 1
vn 0 0 1
vn 0 0 1
vn 0 0 1
vn 0 0 1
vn 0 0 1
vn 0 0 1
vn 0 0 1
vn 0 0 1
vn 0 0 1
vn 0 0 1
vn 0 0 1
vn 0 0 1
vn 0 0 1
vn 0 0 1
vn 0 0 1
vn 0 0 1
vn 0 0 1
vn 0 0 1
vn 0 0 1
vn 0 0 1
vn 0 0 1
vn 0 0 1
vn 0 0 1
vn 0 0 1
vn 0 0 1
vn 0 0 1
vn 0 0 1
vn 0 0 1
vn 0 0 1
vn 0 0 1
vn 0 0 1
vn 0 0 1
vn 0 0 1
vn 0 0 1
vn 0 0 1
vn 0 0 1
vn 0 0 1
vn 0 0 1
vn 0 0 1
vn 0 0 1
vn 0 0 1
vn 0 0 1
vn 0 0 1
vn 0 0 1
vn 0 0 1
vn 0 0 1
vn 0 0 1
vn 0 0 1
vn 0 0 1
vn 0 0 1
vn 0 0 1
vn 0 0 1
vn 0 0 1
vn 0 0 1
vn 0 0 1
vn 0 0 1
vn 0 0 1
vn 0 0 1
vn 0 0 1
vn 0 0 1
vn 0 0 1
vn 0 0 1
vn 0 0 1
vn 0 0 1
vn 0 0 1
vn 0 0 1
vn 0 0 1
vn 0 0 1
vn 0 0 1
vn 0 0 1
vn 0 0 1
vn 0 0 1
vn 0 0 1
vn 0 0 1
vn 0 0 1
vn 0 0 1
vn 0 0 1
vn 0 0 1
vn 0 0 1
vn 0 0 1
vn 0 0 1
vn 0 0 1
vn 0 0 1
vn 0 0 1
vn 0 0 1
vn 0 0 1
vn 0 0 1
vn 0 0 1
vn 0 0 1
vn 0 0 1
vn 0 0 1
vn 0 0 1
vn 0 0 1
vn 0 0 1
vn 0 0 1
vn 0 0 1
vn 0 0 1
vn 0 0 1
vn 0 0 1
vn 0 0 1
vn 0 0 1
vn 0 0 1
vn 0 0 1
vn 0 0 1
vn 0 0 1
vn 0 0 1
vn 0 0 1
vn 0 0 1
vn 0 0 1
vn 0 0 1
vn 0 0 1
vn 0 0 1
vn 0 0 1
vn 0 0 1
vn 0 0 1
vn 0 0 1
vn 0 0 1
vn 0 0 1
vn 0 0 1
vn 0 0 1
vn 0 0 1
vn 0 0 1
vn 0 0 1
vn 0 0 1
vn 0 0 1
vn 0 0 1
vn 0 0 1
vn 0 0 1
vn 0 0 1
vn 0 0 1
vn 0 0 1
vn 0 0 1
vn 0 0 1
vn 0 0 1
vn 0 0 1
vn 0 0 1
vn 0 0 1
vn 0 0 1
vn 0 0 1
vn 0 0 1
vn 0 0 1
vn 0 0 1
vn 0 0 1
vn 0 0 1
vn 0 0 1
vn 0 0 1
vn 0 0 1
vn 0 0 1
vn 0 0 1
vn 0 0 1
vn 0 0 1
vn 0 0 1
vn 0 0 1
vn 0 0 1
vn 0 0 1
vn 0 0 1
vn 0 0 1
vn 0 0 1
vn 0 0 1
vn 0 0 1
vn 0 0 1
vn 0 0 1
vn 0 0 1
vn 0 0 1
vn 0 0 1
vn 0 0 1
vn 0 0 1
vn 0 0 1
vn 0 0 1
vn 0 0 1
vn 0 0 1
vn 0 0 1
vn 0 0 1
vn 0 0 1
vn 0 0 1
vn 0 0 1
vn 0 0 1
vn 0 0 1
vn 0 0 1
vn 0 0 1
vn 0 0 1
vn 0 0 1
vn 0 0 1
vn 0 0 1
vn 0 0 1
vn 0 0 1
vn 0 0 1
vn 0 0 1
vn 0 0 1
vn 0 0 1
vn 0 0 1
vn 0 0 1
vn 0 0 1
vn 0 0 1
vn 0 0 1
vn 0 0 1
vn 0 0 1
vn 0 0 1
vn 0 0 1
vn 0 0 1
vn 0 0 1
vn 0 0 1
vn 0 0 1
vn 0 0 1
vn 0 0 1
vn 0 0 1
vn 0 0 1
vn 0 0 1
vn 0 0 1
vn 0 0 1
vn 0 0 1
vn 0 0 1
vn 0 0 1
vn 0 0 1
vn 0 0 1
vn 0 0 1
vn 0 0 1
vn 0 0 1
vn 0 0 1
vn 0 0 1
vn 0 0 1
vn 0 0 1
vn 0 0 1
vn 0 0 1
vn 0 0 1
vn 0 0 1
vn 0 0 1
vn 0 0 1
vn 0 0 1
vn 0 0 1
vn 0 0 1
vn 0 0 1
vn 0 0 1
vn 0 0 1
vn 0 0 1
vn 0 0 1
vn 0 0 1
vn 0 0 1
vn 0 0 1
vn 0 0 1
vn 0 0 1
vn 0 0 1
vn 0 0 1
vn 0 0 1
vn 0 0 1
vn 0 0 1
vn 0 0 1
vn 0 0 1
vn 0 0 1
vn 0 0 1
vn 0 0 1
vn 0 0 1
vn 0 0 1
vn 0 0 1
vn 0 0 1
vn 0 0 1
vn 0 0 1
vn 0 0 1
vn 0 0 1
vn 0 0 1
vn 0 0 1
vn 0 0 1
vn 0 0 1
vn 0 0 1
vn 0 0 1
vn 0 0 1
vn 0 0 1
vn 0 0 1
vn 0 0 1
vn 0 0 1
vn 0 0 1
vn 0 0 1
vn 0 0 1
vn 0 0 1
vn 0 0 1
vn 0 0 1
vn 0 0 1
vn 0 0 1
vn 0 0 1
vn 0 0 1
vn 0 0 1
vn 0 0 1
vn 0 0 1
vn 0 0 1
vn 0 0 1
vn 0 0 1
vn 0 0 1
vn 0 0 1
vn 0 0 1
vn 0 0 1
vn 0 0 1
vn 0 0 1
vn 0 0 1
vn 0 0 1
vn 0 0 1
vn 0 0 1
vn 0 0 1
vn 0 0 1
vn 0 0 1
vn 0 0 1
vn 0 0 1
vn 0 0 1
vn 0 0 1
vn 0 0 1
vn 0 0 1
vn 0 0 1
vn 0 0 1
vn 0 0 1
vn 0 0 1
vn 0 0 1
vn 0 0 1
vn 0 0 1
vn 0 0 1
vn 0 0 1
vn 0 0 1
vn 0 0 1
vn 0 0 1
vn 0 0 1
vn 0 0 1
vn 0 0 1
vn 0 0 1
vn 0 0 1
vn 0 0 1
vn 0 0 1
vn 0 0 1
vn 0 0 1
vn 0 0 1
vn 0 0 1
vn 0 0 1
vn 0 0 1
vn 0 0 1
vn 0 0 1
vn 0 0 1
vn 0 0 1
vn 0 0 1
vn 0 0 1
vn 0 0 1
vn 0 0 1
vn 0 0 1
vn 0 0 1
vn 0 0 1
vn 0 0 1
vn 0 0 1
vn 0 0 1
vn 0 0 1
vn 0 0 1
vn 0 0 1
vn 0 0 1
vn 0 0 1
vn 0 0 1
vn 0 0 1
vn 0 0 1
vn 0 0 1
vn 0 0 1
vn 0 0 1
vn 0 0 1
vn 0 0 1
vn 0 0 1
vn 0 0 1
vn 0 0 1
vn 0 0 1
vn 0 0 1
vn 0 0 1
vn 0 0 1
vn 0 0 1
vn 0 0 1
vn 0 0 1
vn 0 0 1
vn 0 0 1
vn 0 0 1
vn 0 0 1
vn 0 0 1
vn 0 0 1
vn 0 0 1
vn 0 0 1
vn 0 0 1
vn 0 0 1
vn 0 0 1
vn 0 0 1
vn 0 0 1
vn 0 0 1
vn 0 0 1
vn 0 0 1
vn 0 0 1
vn 0 0 1
vn 0 0 1
vn 0 0 1
vn 0 0 1
vn 0 0 1
vn 0 0 1
vn 0 0 1
vn 0 0 1
vn 0 0 1
vn 0 0 1
vn 0 0 1
vn 0 0 1
vn 0 0 1
vn 0 0 1
vn 0 0 1
vn 0 0 1
vn 0 0 1
vn 0 0 1
vn 0 0 1
vn 0 0 1
vn 0 0 1
vn 0 0 1
vn 0 0 1
vn 0 0 1
vn 0 0 1
vn 0 0 1
vn 0 0 1
vn 0 0 1
vn 0 0 1
vn 0 0 1
vn 0 0 1
vn 0 0 1
vn 0 0 1
vn 0 0 1
vn 0 0 1
vn 0 0 1
vn 0 0 1
vn 0 0 1
vn 0 0 1
vn 0 0 1
vn 0 0 1
vn 0 0 1
vn 0 0 1
vn 0 0 1
vn 0 0 1
vn 0 0 1
vn 0 0 1
vn 0 0 1
vn 0 0 1
vn 0 0 1
vn 0 0 1
vn 0 0 1
vn 0 0 1
vn 0 0 1
vn 0 0 1
vn 0 0 1
vn 0 0 1
vn 0 0 1
vn 0 0 1
vn 0 0 1
vn 0 0 1
vn 0 0 1
vn 0 0 1
vn 0 0 1
vn 0 0 1
vn 0 0 1
vn 0 0 1
vn 0 0 1
vn 0 0 1
vn 0 0 1
vn 0 0 1
vn 0 0 1
vn 0 0 1
vn 0 0 1
vn 0 0 1
vn 0 0 1
vn 0 0 1
vn 0 0 1
vn 0 0 1
vn 0 0 1
vn 0.08716089 0.99619424 0
vn 0.08716089 0.99619424 0
vn 0.08716089 0.99619424 0
vn 0.08716089 0.99619424 0
vn 0.02077618 0.99978417 0
vn 0.02077618 0.99978417 0
vn 0.02077618 0.99978417 0
vn 0.02077618 0.99978417 0
vn 0.02129209 0.99977332 0
vn 0.02129209 0.99977332 0
vn 0.02129209 0.99977332 0
vn 0.02129209 0.99977332 0
vn -0.04492702 0.99899030 0
vn -0.04492702 0.99899030 0
vn -0.04492702 0.99899030 0
vn -0.04492702 0.99899030 0
vn -0.99620926 0.08698931 0
vn -0.99620926 0.08698931 0
vn -0.99620926 0.08698931 0
vn -0.99620926 0.08698931 0
vn -0.99620926 0.08698931 0
vn -0.99620926 0.08698931 0
vn -0.99620926 0.08698931 0
vn -0.99620926 0.08698931 0
vn -0.99620926 0.08698931 0
vn -0.99620926 0.08698931 0
vn -0.99620926 0.08698931 0
vn -0.99620926 0.08698931 0
vn -0.50536901 -0.86290336 0
vn -0.50536901 -0.86290336 0
vn -0.50536901 -0.86290336 0
vn -0.50536901 -0.86290336 0
vn -0.50536901 -0.86290336 0
vn -0.50536901 -0.86290336 0
vn -0.50536901 -0.86290336 0
vn -0.50536901 -0.86290336 0
vn -0.50536901 -0.86290336 0
vn -0.50536901 -0.86290336 0
vn -0.50536901 -0.86290336 0
vn -0.50536901 -0.86290336 0
vn -0.50536901 -0.86290336 0
vn -0.08800370 -0.99612015 0
vn -0.08800370 -0.99612015 0
vn -0.08800370 -0.99612015 0
vn -0.08800370 -0.99612015 0
vn -0.25925207 -0.96580970 0
vn -0.25925207 -0.96580970 0
vn -0.25925207 -0.96580970 0
vn -0.25925207 -0.96580970 0
vn -0.22340521 -0.97472566 0
vn -0.22340521 -0.97472566 0
vn -0.22340521 -0.97472566 0
vn -0.22340521 -0.97472566 0
vn -0.08730571 -0.99618155 0
vn -0.08730571 -0.99618155 0
vn -0.08730571 -0.99618155 0
vn -0.08730571 -0.99618155 0
vn -0.00725891 -0.99997365 0
vn -0.00725891 -0.99997365 0
vn -0.00725891 -0.99997365 0
vn -0.00725891 -0.99997365 0
vn 0.08730601 -0.99618155 0
vn 0.08730601 -0.99618155 0
vn 0.08730601 -0.99618155 0
vn 0.08730601 -0.99618155 0
vn 0.18902013 -0.98197323 0
vn 0.18902013 -0.98197323 0
vn 0.18902013 -0.98197323 0
vn 0.18902013 -0.98197323 0
vn 0.25925815 -0.96580803 0
vn 0.25925815 -0.96580803 0
vn 0.25925815 -0.96580803 0
vn 0.25925815 -0.96580803 0
vn 0.08834613 -0.99608982 0
vn 0.08834613 -0.99608982 0
vn 0.08834613 -0.99608982 0
vn 0.08834613 -0.99608982 0
vn 0.49857289 -0.86684781 0
vn 0.49857289 -0.86684781 0
vn 0.49857289 -0.86684781 0
vn 0.49857289 -0.86684781 0
vn 0.49857289 -0.86684781 0
vn 0.49857289 -0.86684781 0
vn 0.49857289 -0.86684781 0
vn 0.49857289 -0.86684781 0
vn 0.49857289 -0.86684781 0
vn 0.49857289 -0.86684781 0
vn 0.49857289 -0.86684781 0
vn 0.49857289 -0.86684781 0
vn 0.49857289 -0.86684781 0
vn 0.99622411 0.08681925 0
vn 0.99622411 0.08681925 0
vn 0.99622411 0.08681925 0
vn 0.99622411 0.08681925 0
vn 0.99622411 0.08681925 0
vn 0.99622411 0.08681925 0
vn 0.99622411 0.08681925 0
vn 0.99622411 0.08681925 0
vn 0.99622411 0.08681925 0
vn 0.99622411 0.08681925 0
vn 0.99622411 0.08681925 0
vn 0.99622411 0.08681925 0
vn 0.04492725 0.99899024 0
vn 0.04492725 0.99899024 0
vn 0.04492725 0.99899024 0
vn 0.04492725 0.99899024 0
vn -0.02077607 0.99978417 0
vn -0.02077607 0.99978417 0
vn -0.02077607 0.99978417 0
vn -0.02077607 0.99978417 0
vn -0.02129220 0.99977332 0
vn -0.02129220 0.99977332 0
vn -0.02129220 0.99977332 0
vn -0.02129220 0.99977332 0
vn -0.08716089 0.99619424 0
vn -0.08716089 0.99619424 0
vn -0.08716089 0.99619424 0
vn -0.08716089 0.99619424 0
vn 0.49857289 -0.86684781 0
vn 0.49857289 -0.86684781 0
vn 0.56718045 -0.82359356 0
vn 0.56718045 -0.82359356 0
vn 0.63205713 -0.77492177 0
vn 0.63205713 -0.77492177 0
vn 0.69277620 -0.72115260 0
vn 0.69277620 -0.72115260 0
vn 0.74893826 -0.66263980 0
vn 0.74893826 -0.66263980 0
vn 0.80017382 -0.59976816 0
vn 0.80017382 -0.59976816 0
vn 0.84614593 -0.53295130 0
vn 0.84614593 -0.53295130 0
vn 0.88655216 -0.46262869 0
vn 0.88655216 -0.46262869 0
vn 0.92112666 -0.38926297 0
vn 0.92112666 -0.38926297 0
vn 0.94964212 -0.31333670 0
vn 0.94964212 -0.31333670 0
vn 0.97191083 -0.23534933 0
vn 0.97191083 -0.23534933 0
vn 0.98778641 -0.15581384 0
vn 0.98778641 -0.15581384 0
vn 0.99716443 -0.07525343 0
vn 0.99716443 -0.07525343 0
vn 0.99998319 0.00580199 0
vn 0.99998319 0.00580199 0
vn 0.99622411 0.08681925 0
vn 0.99622411 0.08681925 0
vn 0.08834613 -0.99608982 0
vn 0.08834613 -0.99608982 0
vn 0.17426521 -0.98469877 0
vn 0.17426521 -0.98469877 0
vn 0.25887522 -0.96591079 0
vn 0.25887522 -0.96591079 0
vn 0.34154060 -0.93986702 0
vn 0.34154060 -0.93986702 0
vn 0.42164040 -0.90676314 0
vn 0.42164040 -0.90676314 0
vn 0.49857289 -0.86684781 0
vn 0.49857289 -0.86684781 0
vn -0.50536901 -0.86290336 0
vn -0.50536901 -0.86290336 0
vn -0.44053474 -0.89773554 0
vn -0.44053474 -0.89773554 0
vn -0.37331420 -0.92770499 0
vn -0.37331420 -0.92770499 0
vn -0.30407149 -0.95264924 0
vn -0.30407149 -0.95264924 0
vn -0.23318172 -0.97243321 0
vn -0.23318172 -0.97243321 0
vn -0.16102883 -0.98694968 0
vn -0.16102883 -0.98694968 0
vn -0.08800370 -0.99612015 0
vn -0.08800370 -0.99612015 0
vn -0.99620926 0.08698931 0
vn -0.99620926 0.08698931 0
vn -0.99999994 0.00032354 0
vn -0.99999994 0.00032354 0
vn -0.99626535 -0.08634467 0
vn -0.99626535 -0.08634467 0
vn -0.98503345 -0.17236310 0
vn -0.98503345 -0.17236310 0
vn -0.96638894 -0.25708446 0
vn -0.96638894 -0.25708446 0
vn -0.94047201 -0.33987117 0
vn -0.94047201 -0.33987117 0
vn -0.90747774 -0.42010021 0
vn -0.90747774 -0.42010021 0
vn -0.86765438 -0.49716789 0
vn -0.86765438 -0.49716789 0
vn -0.82130164 -0.57049423 0
vn -0.82130164 -0.57049423 0
vn -0.76876831 -0.63952738 0
vn -0.76876831 -0.63952738 0
vn -0.71044981 -0.70374787 0
vn -0.71044981 -0.70374787 0
vn -0.64678490 -0.76267248 0
vn -0.64678490 -0.76267248 0
vn -0.57825273 -0.81585771 0
vn -0.57825273 -0.81585771 0
vn -0.50536901 -0.86290336 0
vn -0.50536901 -0.86290336 0
vn -0.04492702 0.99899030 0
vn -0.04492702 0.99899030 0
vn -0.12921250 0.99161690 0
vn -0.12921250 0.99161690 0
vn -0.21257302 0.97714520 0
vn -0.21257302 0.97714520 0
vn -0.29441187 0.95567864 0
vn -0.29441187 0.95567864 0
vn -0.37414318 0.92737097 0
vn -0.37414318 0.92737097 0
vn -0.45119622 0.89242476 0
vn -0.45119622 0.89242476 0
vn -0.52501947 0.85109025 0
vn -0.52501947 0.85109025 0
vn -0.59508431 0.80366325 0
vn -0.59508431 0.80366325 0
vn -0.66088939 0.75048333 0
vn -0.66088939 0.75048333 0
vn -0.72196352 0.69193113 0
vn -0.72196352 0.69193113 0
vn -0.77786952 0.62842584 0
vn -0.77786952 0.62842584 0
vn -0.82820725 0.56042194 0
vn -0.82820725 0.56042194 0
vn -0.87261629 0.48840639 0
vn -0.87261629 0.48840639 0
vn -0.91077882 0.41289461 0
vn -0.91077882 0.41289461 0
vn -0.94242162 0.33442715 0
vn -0.94242162 0.33442715 0
vn -0.96731818 0.25356570 0
vn -0.96731818 0.25356570 0
vn -0.98529029 0.17088915 0
vn -0.98529029 0.17088915 0
vn -0.99620926 0.08698931 0
vn -0.99620926 0.08698931 0
vn 0.99622411 0.08681925 0
vn 0.99622411 0.08681925 0
vn 0.98531771 0.17073084 0
vn 0.98531771 0.17073084 0
vn 0.96735632 0.25342000 0
vn 0.96735632 0.25342000 0
vn 0.94246864 0.33429462 0
vn 0.94246864 0.33429462 0
vn 0.91083270 0.41277564 0
vn 0.91083270 0.41277564 0
vn 0.87267518 0.48830119 0
vn 0.87267518 0.48830119 0
vn 0.82826918 0.56033039 0
vn 0.82826918 0.56033039 0
vn 0.77793270 0.62834764 0
vn 0.77793270 0.62834764 0
vn 0.72202611 0.69186580 0
vn 0.72202611 0.69186580 0
vn 0.66094977 0.75043017 0
vn 0.66094977 0.75043017 0
vn 0.59514093 0.80362135 0
vn 0.59514093 0.80362135 0
vn 0.52507085 0.85105854 0
vn 0.52507085 0.85105854 0
vn 0.45124120 0.89240205 0
vn 0.45124120 0.89240205 0
vn 0.37418061 0.92735583 0
vn 0.37418061 0.92735583 0
vn 0.29444084 0.95566970 0
vn 0.29444084 0.95566970 0
vn 0.21259286 0.97714084 0
vn 0.21259286 0.97714084 0
vn 0.12922268 0.99161559 0
vn 0.12922268 0.99161559 0
vn 0.04492725 0.99899024 0
vn 0.04492725 0.99899024 0
vn 0.08715574 -0.99619472 -0.00000000
vn 0.00000000 -1 -0.00000000
vn 0.00000000 -1 -0.00000000
vn 0.17364818 -0.98480773 -0.00000000
vn 0.08715574 -0.99619472 -0.00000000
vn 0.25881904 -0.96592581 -0.00000000
vn 0.17364818 -0.98480773 -0.00000000
vn 0.34202015 -0.93969262 -0.00000000
vn 0.25881904 -0.96592581 -0.00000000
vn 0.42261827 -0.90630782 -0.00000000
vn 0.34202015 -0.93969262 -0.00000000
vn 0.50000000 -0.86602539 -0.00000000
vn 0.42261827 -0.90630782 -0.00000000
vn 0.57357645 -0.81915206 -0.00000000
vn 0.50000000 -0.86602539 -0.00000000
vn 0.64278764 -0.76604444 -0.00000000
vn 0.57357645 -0.81915206 -0.00000000
vn 0.70710677 -0.70710677 -0.00000000
vn 0.64278764 -0.76604444 -0.00000000
vn 0.76604444 -0.64278764 -0.00000000
vn 0.70710677 -0.70710677 -0.00000000
vn 0.81915206 -0.57357645 -0.00000000
vn 0.76604444 -0.64278764 -0.00000000
vn 0.86602539 -0.50000000 -0.00000000
vn 0.81915206 -0.57357645 -0.00000000
vn 0.90630782 -0.42261827 -0.00000000
vn 0.86602539 -0.50000000 -0.00000000
vn 0.93969262 -0.34202015 -0.00000000
vn 0.90630782 -0.42261827 -0.00000000
vn 0.96592581 -0.25881904 -0.00000000
vn 0.93969262 -0.34202015 -0.00000000
vn 0.98480773 -0.17364818 -0.00000000
vn 0.96592581 -0.25881904 -0.00000000
vn 0.99619472 -0.08715574 -0.00000000
vn 0.98480773 -0.17364818 -0.00000000
vn 1 0.00000000 0.00000000
vn 0.99619472 -0.08715574 -0.00000000
vn 0.99619472 0.08715574 0.00000000
vn 1 0.00000000 0.00000000
vn 0.98480773 0.17364818 0.00000000
vn 0.99619472 0.08715574 0.00000000
vn 0.96592581 0.25881904 0.00000000
vn 0.98480773 0.17364818 0.00000000
vn 0.93969262 0.34202015 0.00000000
vn 0.96592581 0.25881904 0.00000000
vn 0.90630782 0.42261827 0.00000000
vn 0.93969262 0.34202015 0.00000000
vn 0.86602539 0.50000000 0.00000000
vn 0.90630782 0.42261827 0.00000000
vn 0.81915206 0.57357645 0.00000000
vn 0.86602539 0.50000000 0.00000000
vn 0.76604444 0.64278764 0.00000000
vn 0.81915206 0.57357645 0.00000000
vn 0.70710677 0.70710677 0.00000000
vn 0.76604444 0.64278764 0.00000000
vn 0.64278764 0.76604444 0.00000000
vn 0.70710677 0.70710677 0.00000000
vn 0.57357645 0.81915206 0.00000000
vn 0.64278764 0.76604444 0.00000000
vn 0.50000000 0.86602539 0.00000000
vn 0.57357645 0.81915206 0.00000000
vn 0.42261827 0.90630782 0.00000000
vn 0.50000000 0.86602539 0.00000000
vn 0.34202015 0.93969262 0.00000000
vn 0.42261827 0.90630782 0.00000000
vn 0.25881904 0.96592581 0.00000000
vn 0.34202015 0.93969262 0.00000000
vn 0.17364818 0.98480773 0.00000000
vn 0.25881904 0.96592581 0.00000000
vn 0.08715574 0.99619472 0.00000000
vn 0.17364818 0.98480773 0.00000000
vn -0.00000000 1 0.00000000
vn 0.08715574 0.99619472 0.00000000
vn -0.08715574 0.99619472 0.00000000
vn -0.00000000 1 0.00000000
vn -0.17364818 0.98480773 0.00000000
vn -0.08715574 0.99619472 0.00000000
vn -0.25881904 0.96592581 0.00000000
vn -0.17364818 0.98480773 0.00000000
vn -0.34202015 0.93969262 0.00000000
vn -0.25881904 0.96592581 0.00000000
vn -0.42261827 0.90630782 0.00000000
vn -0.34202015 0.93969262 0.00000000
vn -0.50000000 0.86602539 0.00000000
vn -0.42261827 0.90630782 0.00000000
vn -0.57357645 0.81915206 0.00000000
vn -0.50000000 0.86602539 0.00000000
vn -0.64278764 0.76604444 0.00000000
vn -0.57357645 0.81915206 0.00000000
vn -0.70710677 0.70710677 0.00000000
vn -0.64278764 0.76604444 0.00000000
vn -0.76604444 0.64278764 0.00000000
vn -0.70710677 0.70710677 0.00000000
vn -0.81915206 0.57357645 0.00000000
vn -0.76604444 0.64278764 0.00000000
vn -0.86602539 0.50000000 0.00000000
vn -0.81915206 0.57357645 0.00000000
vn -0.90630782 0.42261827 0.00000000
vn -0.86602539 0.50000000 0.00000000
vn -0.93969262 0.34202015 0.00000000
vn -0.90630782 0.42261827 0.00000000
vn -0.96592581 0.25881904 0.00000000
vn -0.93969262 0.34202015 0.00000000
vn -0.98480773 0.17364818 0.00000000
vn -0.96592581 0.25881904 0.00000000
vn -0.99619472 0.08715574 0.00000000
vn -0.98480773 0.17364818 0.00000000
vn -1 -0.00000000 0
vn -0.99619472 0.08715574 0.00000000
vn -0.99619472 -0.08715574 -0.00000000
vn -1 0.00000000 0
vn -0.98480773 -0.17364818 -0.00000000
vn -0.99619472 -0.08715574 -0.00000000
vn -0.96592581 -0.25881904 -0.00000000
vn -0.98480773 -0.17364818 -0.00000000
vn -0.93969262 -0.34202015 -0.00000000
vn -0.96592581 -0.25881904 -0.00000000
vn -0.90630782 -0.42261827 -0.00000000
vn -0.93969262 -0.34202015 -0.00000000
vn -0.86602539 -0.50000000 -0.00000000
vn -0.90630782 -0.42261827 -0.00000000
vn -0.81915206 -0.57357645 -0.00000000
vn -0.86602539 -0.50000000 -0.00000000
vn -0.76604444 -0.64278764 -0.00000000
vn -0.81915206 -0.57357645 -0.00000000
vn -0.70710677 -0.70710677 -0.00000000
vn -0.76604444 -0.64278764 -0.00000000
vn -0.64278764 -0.76604444 -0.00000000
vn -0.70710677 -0.70710677 -0.00000000
vn -0.57357645 -0.81915206 -0.00000000
vn -0.64278764 -0.76604444 -0.00000000
vn -0.50000000 -0.86602539 -0.00000000
vn -0.57357645 -0.81915206 -0.00000000
vn -0.42261827 -0.90630782 -0.00000000
vn -0.50000000 -0.86602539 -0.00000000
vn -0.34202015 -0.93969262 -0.00000000
vn -0.42261827 -0.90630782 -0.00000000
vn -0.25881904 -0.96592581 -0.00000000
vn -0.34202015 -0.93969262 -0.00000000
vn -0.17364818 -0.98480773 -0.00000000
vn -0.25881904 -0.96592581 -0.00000000
vn -0.08715574 -0.99619472 -0.00000000
vn -0.17364818 -0.98480773 -0.00000000
vn -0.08715574 -0.99619472 -0.00000000
vn 0.19385788 0.98102963 0
vn 0.19385788 0.98102963 0
vn 0.19385788 0.98102963 0
vn 0.19385788 0.98102963 0
vn 0.19385788 0.98102963 0
vn 0.19385788 0.98102963 0
vn -0.99999827 0.00184937 0
vn -0.99999827 0.00184937 0
vn -0.99999827 0.00184937 0
vn -0.99999827 0.00184937 0
vn -0.99999827 0.00184937 0
vn -0.99999827 0.00184937 0
vn -0.99999827 0.00184937 0
vn -0.99999827 0.00184937 0
vn -0.99999827 0.00184937 0
vn 0 0 1
vn 0 0 1
vn 0 0 1
vn 0 0 1
vn 0 0 1
vn 1 0 0
vn 1 0 0
vn 1 0 0
vn 1 0 0
vn 1 0 0
vn 1 0 0
vn 1 0 0
vn 1 0 0
vn 0 -1 0
vn 0 -1 0
vn 0 -1 0
vn 0 -1 0
vn -1 0 0
vn -1 0 0
vn -0.99619472 0.08715574 0
vn -0.99619472 0.08715574 0
vn -0.98480773 0.17364818 0
vn -0.98480773 0.17364818 0
vn -0.96592581 0.25881904 0
vn -0.96592581 0.25881904 0
vn -0.93969262 0.34202015 0
vn -0.93969262 0.34202015 0
vn -0.90630782 0.42261827 0
vn -0.90630782 0.42261827 0
vn -0.86602539 0.50000000 0
vn -0.86602539 0.50000000 0
vn -0.81915206 0.57357645 0
vn -0.81915206 0.57357645 0
vn -0.76604444 0.64278764 0
vn -0.76604444 0.64278764 0
vn -0.70710677 0.70710677 0
vn -0.70710677 0.70710677 0
vn -0.64278764 0.76604444 0
vn -0.64278764 0.76604444 0
vn -0.57357645 0.81915206 0
vn -0.57357645 0.81915206 0
vn -0.50000000 0.86602539 0
vn -0.50000000 0.86602539 0
vn -0.42261827 0.90630782 0
vn -0.42261827 0.90630782 0
vn -0.34202015 0.93969262 0
vn -0.34202015 0.93969262 0
vn -0.25881904 0.96592581 0
vn -0.25881904 0.96592581 0
vn -0.17364818 0.98480773 0
vn -0.17364818 0.98480773 0
vn -0.08715574 0.99619472 0
vn -0.08715574 0.99619472 0
vn -0.00000000 1 0
vn -0.00000000 1 0
vn 0.08715574 0.99619472 0
vn 0.08715574 0.99619472 0
vn 0.17364818 0.98480773 0
vn 0.17364818 0.98480773 0
vn 0.25881904 0.96592581 0
vn 0.25881904 0.96592581 0
vn 0.34202015 0.93969262 0
vn 0.34202015 0.93969262 0
vn 0.42261827 0.90630782 0
vn 0.42261827 0.90630782 0
vn 0.50000000 0.86602539 0
vn 0.50000000 0.86602539 0
vn 0.57357645 0.81915206 0
vn 0.57357645 0.81915206 0
vn 0.64278764 0.76604444 0
vn 0.64278764 0.76604444 0
vn 0.70710677 0.70710677 0
vn 0.70710677 0.70710677 0
vn 0.76604444 0.64278764 0
vn 0.76604444 0.64278764 0
vn 0.81915206 0.57357645 0
vn 0.81915206 0.57357645 0
vn 0.86602539 0.50000000 0
vn 0.86602539 0.50000000 0
vn 0.90630782 0.42261827 0
vn 0.90630782 0.42261827 0
vn 0.93969262 0.34202015 0
vn 0.93969262 0.34202015 0
vn 0.96592581 0.25881904 0
vn 0.96592581 0.25881904 0
vn 0.98480773 0.17364818 0
vn 0.98480773 0.17364818 0
vn 0.99619472 0.08715574 0
vn 0.99619472 0.08715574 0
vn 1 0 0
vn 1 0 0
vn 0.99619472 -0.08715574 0
vn 0.99619472 -0.08715574 0
vn 0.98480773 -0.17364818 0
vn 0.98480773 -0.17364818 0
vn 0.96592581 -0.25881904 0
vn 0.96592581 -0.25881904 0
vn 0.93969262 -0.34202015 0
vn 0.93969262 -0.34202015 0
vn 0.90630782 -0.42261827 0
vn 0.90630782 -0.42261827 0
vn 0.86602539 -0.50000000 0
vn 0.86602539 -0.50000000 0
vn 0.81915206 -0.57357645 0
vn 0.81915206 -0.57357645 0
vn 0.76604444 -0.64278764 0
vn 0.76604444 -0.64278764 0
vn 0.70710677 -0.70710677 0
vn 0.70710677 -0.70710677 0
vn 0.64278764 -0.76604444 0
vn 0.64278764 -0.76604444 0
vn 0.57357645 -0.81915206 0
vn 0.57357645 -0.81915206 0
vn 0.50000000 -0.86602539 0
vn 0.50000000 -0.86602539 0
vn 0.42261827 -0.90630782 0
vn 0.42261827 -0.90630782 0
vn 0.34202015 -0.93969262 0
vn 0.34202015 -0.93969262 0
vn 0.25881904 -0.96592581 0
vn 0.25881904 -0.96592581 0
vn 0.17364818 -0.98480773 0
vn 0.17364818 -0.98480773 0
vn 0.08715574 -0.99619472 0
vn 0.08715574 -0.99619472 0
vn 0.00000000 -1 0
vn 0.00000000 -1 0
vn -0.08715574 -0.99619472 0
vn -0.08715574 -0.99619472 0
vn -0.17364818 -0.98480773 0
vn -0.17364818 -0.98480773 0
vn -0.25881904 -0.96592581 0
vn -0.25881904 -0.96592581 0
vn -0.34202015 -0.93969262 0
vn -0.34202015 -0.93969262 0
vn -0.42261827 -0.90630782 0
vn -0.42261827 -0.90630782 0
vn -0.50000000 -0.86602539 0
vn -0.50000000 -0.86602539 0
vn -0.57357645 -0.81915206 0
vn -0.57357645 -0.81915206 0
vn -0.64278764 -0.76604444 0
vn -0.64278764 -0.76604444 0
vn -0.70710677 -0.70710677 0
vn -0.70710677 -0.70710677 0
vn -0.76604444 -0.64278764 0
vn -0.76604444 -0.64278764 0
vn -0.81915206 -0.57357645 0
vn -0.81915206 -0.57357645 0
vn -0.86602539 -0.50000000 0
vn -0.86602539 -0.50000000 0
vn -0.90630782 -0.42261827 0
vn -0.90630782 -0.42261827 0
vn -0.93969262 -0.34202015 0
vn -0.93969262 -0.34202015 0
vn -0.96592581 -0.25881904 0
vn -0.96592581 -0.25881904 0
vn -0.98480773 -0.17364818 0
vn -0.98480773 -0.17364818 0
vn -0.99619472 -0.08715574 0
vn -0.99619472 -0.08715574 0
vn 0 0 1
vn 0 0 1
vn 0 0 1
vn 0 0 1
vn 0 0 1
vn 0 0 1
vn 0 0 1
vn 0 0 1
vn 0 0 1
vn 0 0 1
vn 0 0 1
vn 0 0 1
vn 0 0 1
vn 0 0 1
vn 0 0 1
vn 0 0 1
vn 0 0 1
vn 0 0 1
vn 0 0 1
vn 0 0 1
vn 0 0 1
vn 0 0 1
vn 0 0 1
vn 0 0 1
vn 0 0 1
vn 0 0 1
vn 0 0 1
vn 0 0 1
vn 0 0 1
vn 0 0 1
vn 0 0 1
vn 0 0 1
vn 0 0 1
vn 0 0 1
vn 0 0 1
vn 0 0 1
vn 0 0 1
vn 0 0 1
vn 0 0 1
vn 0 0 1
vn 0 0 1
vn 0 0 1
vn 0 0 1
vn 0 0 1
vn 0 0 1
vn 0 0 1
vn 0 0 1
vn 0 0 1
vn 0 0 1
vn 0 0 1
vn 0 0 1
vn 0 0 1
vn 0 0 1
vn 0 0 1
vn 0 0 1
vn 0 0 1
vn 0 0 1
vn 0 0 1
vn 0 0 1
vn 0 0 1
vn 0 0 1
vn 0 0 1
vn 0 0 1
vn 0 0 1
vn 0 0 1
vn 0 0 1
vn 0 0 1
vn 0 0 1
vn 0 0 1
vn 0 0 1
vn 0 0 1
vn 0 0 1
vn 0 0 1
vn 0 0 1
vn 0 0 1
vn 0 0 1
vn 0 0 1
vn 0 0 1
vn 0 0 1
vn 0 0 1
vn 0 0 1
vn 0 0 1
vn 0 0 1
vn 0 0 1
vn 0 0 1
vn 0 0 1
vn 0 0 1
vn 0 0 1
vn 0 0 1
vn 0 0 1
vn 0 0 1
vn 0 0 1
vn 0 0 1
vn 0 0 1
vn 0 0 1
vn 0 0 1
vn 0 0 1
vn 0 0 1
vn 0 0 1
vn 0 0 1
vn 0 0 1
vn 0 0 1
vn 0 0 1
vn 0 0 1
vn 0 0 1
vn 0 0 1
vn 0 0 1
vn 0 0 1
vn 0 0 1
vn 0 0 1
vn 0 0 1
vn 0 0 1
vn 0 0 1
vn 0 0 1
vn 0 0 1
vn 0 0 1
vn 0 0 1
vn 0 0 1
vn 0 0 1
vn 0 0 1
vn 0 0 1
vn 0 0 1
vn 0 0 1
vn 0 0 1
vn 0 0 1
vn 0 0 1
vn 0 0 1
vn 0 0 1
vn 0 0 1
vn 0 0 1
vn 0 0 1
vn 0 0 1
vn 0 0 1
vn 0 0 1
vn 0 0 1
vn 0 0 1
vn 0 0 1
vn 0 0 1
vn 0 0 1
vn 0 0 1
vn 0 0 1
vn 0 0 1
vn 0 0 1
vn 0 0 1
vn 0.99619472 0.08715574 0
vn 1 0.00000000 0
vn 1 0.00000000 0
vn 0.98480773 0.17364818 0
vn 0.99619472 0.08715574 0
vn 0.96592581 0.25881904 0
vn 0.98480773 0.17364818 0
vn 0.93969262 0.34202015 0
vn 0.96592581 0.25881904 0
vn 0.90630782 0.42261827 0
vn 0.93969262 0.34202015 0
vn 0.86602539 0.50000000 0
vn 0.90630782 0.42261827 0
vn 0.81915206 0.57357645 0
vn 0.86602539 0.50000000 0
vn 0.76604444 0.64278764 0
vn 0.81915206 0.57357645 0
vn 0.70710677 0.70710677 0
vn 0.76604444 0.64278764 0
vn 0.64278764 0.76604444 0
vn 0.70710677 0.70710677 0
vn 0.57357645 0.81915206 0
vn 0.64278764 0.76604444 0
vn 0.50000000 0.86602539 0
vn 0.57357645 0.81915206 0
vn 0.42261827 0.90630782 0
vn 0.50000000 0.86602539 0
vn 0.34202015 0.93969262 0
vn 0.42261827 0.90630782 0
vn 0.25881904 0.96592581 0
vn 0.34202015 0.93969262 0
vn 0.17364818 0.98480773 0
vn 0.25881904 0.96592581 0
vn 0.08715574 0.99619472 0
vn 0.17364818 0.98480773 0
vn -0.00000000 1 0
vn 0.08715574 0.99619472 0
vn -0.08715574 0.99619472 0
vn -0.00000000 1 0
vn -0.17364818 0.98480773 0
vn -0.08715574 0.99619472 0
vn -0.25881904 0.96592581 0
vn -0.17364818 0.98480773 0
vn -0.34202015 0.93969262 0
vn -0.25881904 0.96592581 0
vn -0.42261827 0.90630782 0
vn -0.34202015 0.93969262 0
vn -0.50000000 0.86602539 0
vn -0.42261827 0.90630782 0
vn -0.57357645 0.81915206 0
vn -0.50000000 0.86602539 0
vn -0.64278764 0.76604444 0
vn -0.57357645 0.81915206 0
vn -0.70710677 0.70710677 0
vn -0.64278764 0.76604444 0
vn -0.76604444 0.64278764 0
vn -0.70710677 0.70710677 0
vn -0.81915206 0.57357645 0
vn -0.76604444 0.64278764 0
vn -0.86602539 0.50000000 0
vn -0.81915206 0.57357645 0
vn -0.90630782 0.42261827 0
vn -0.86602539 0.50000000 0
vn -0.93969262 0.34202015 0
vn -0.90630782 0.42261827 0
vn -0.96592581 0.25881904 0
vn -0.93969262 0.34202015 0
vn -0.98480773 0.17364818 0
vn -0.96592581 0.25881904 0
vn -0.99619472 0.08715574 0
vn -0.98480773 0.17364818 0
vn -1 0 0
vn -0.99619472 0.08715574 0
vn -0.99619472 -0.08715574 0
vn -1 0 0
vn -0.98480773 -0.17364818 0
vn -0.99619472 -0.08715574 0
vn -0.96592581 -0.25881904 0
vn -0.98480773 -0.17364818 0
vn -0.93969262 -0.34202015 0
vn -0.96592581 -0.25881904 0
vn -0.90630782 -0.42261827 0
vn -0.93969262 -0.34202015 0
vn -0.86602539 -0.50000000 0
vn -0.90630782 -0.42261827 0
vn -0.81915206 -0.57357645 0
vn -0.86602539 -0.50000000 0
vn -0.76604444 -0.64278764 0
vn -0.81915206 -0.57357645 0
vn -0.70710677 -0.70710677 0
vn -0.76604444 -0.64278764 0
vn -0.64278764 -0.76604444 0
vn -0.70710677 -0.70710677 0
vn -0.57357645 -0.81915206 0
vn -0.64278764 -0.76604444 0
vn -0.50000000 -0.86602539 0
vn -0.57357645 -0.81915206 0
vn -0.42261827 -0.90630782 0
vn -0.50000000 -0.86602539 0
vn -0.34202015 -0.93969262 0
vn -0.42261827 -0.90630782 0
vn -0.25881904 -0.96592581 0
vn -0.34202015 -0.93969262 0
vn -0.17364818 -0.98480773 0
vn -0.25881904 -0.96592581 0
vn -0.08715574 -0.99619472 0
vn -0.17364818 -0.98480773 0
vn 0.00000000 -1 0
vn -0.08715574 -0.99619472 0
vn 0.08715574 -0.99619472 0
vn 0.00000000 -1 0
vn 0.17364818 -0.98480773 0
vn 0.08715574 -0.99619472 0
vn 0.25881904 -0.96592581 0
vn 0.17364818 -0.98480773 0
vn 0.34202015 -0.93969262 0
vn 0.25881904 -0.96592581 0
vn 0.42261827 -0.90630782 0
vn 0.34202015 -0.93969262 0
vn 0.50000000 -0.86602539 0
vn 0.42261827 -0.90630782 0
vn 0.57357645 -0.81915206 0
vn 0.50000000 -0.86602539 0
vn 0.64278764 -0.76604444 0
vn 0.57357645 -0.81915206 0
vn 0.70710677 -0.70710677 0
vn 0.64278764 -0.76604444 0
vn 0.76604444 -0.64278764 0
vn 0.70710677 -0.70710677 0
vn 0.81915206 -0.57357645 0
vn 0.76604444 -0.64278764 0
vn 0.86602539 -0.50000000 0
vn 0.81915206 -0.57357645 0
vn 0.90630782 -0.42261827 0
vn 0.86602539 -0.50000000 0
vn 0.93969262 -0.34202015 0
vn 0.90630782 -0.42261827 0
vn 0.96592581 -0.25881904 0
vn 0.93969262 -0.34202015 0
vn 0.98480773 -0.17364818 0
vn 0.96592581 -0.25881904 0
vn 0.99619472 -0.08715574 0
vn 0.98480773 -0.17364818 0
vn 0.99619472 -0.08715574 0
vn 0 0 1
vn 0 0 1
vn 0 0 1
vn 0 0 1
vn 0 0 1
vn 0 0 1
vn 0 0 1
vn 0 0 1
vn 0 0 1
vn 0 0 1
vn 0 0 1
vn 0 0 1
vn 0 0 1
vn 0 0 1
vn 0 0 1
vn 0 0 1
vn 0 0 1
vn 0 0 1
vn 0 0 1
vn 0 0 1
vn 0 0 1
vn 0 0 1
vn 0 0 1
vn 0 0 1
vn 0 0 1
vn 0 0 1
vn 0 0 1
vn 0 0 1
vn 0 0 1
vn 0 0 1
vn 0 0 1
vn 0 0 1
vn 0 0 1
vn 0 0 1
vn 0 0 1
vn 0 0 1
vn 0 0 1
vn 0 0 1
vn 0 0 1
vn 0 0 1
vn 0 0 1
vn 0 0 1
vn 0 0 1
vn 0 0 1
vn 0 0 1
vn 0 0 1
vn 0 0 1
vn 0 0 1
vn 0 0 1
vn 0 0 1
vn 0 0 1
vn 0 0 1
vn 0 0 1
vn 0 0 1
vn 0 0 1
vn 0 0 1
vn 0 0 1
vn 0 0 1
vn 0 0 1
vn 0 0 1
vn 0 0 1
vn 0 0 1
vn 0 0 1
vn 0 0 1
vn 0 0 1
vn 0 0 1
vn 0 0 1
vn 0 0 1
vn 0 0 1
vn 0 0 1
vn 0 0 1
vn 0 0 1
vn 0 0 1
vn 0 0 1
vn 0 0 1
vn 0 0 1
vn 0 0 1
vn 0 0 1
vn 0 0 1
vn 0 0 1
vn 0 0 1
vn 0 0 1
vn 0 0 1
vn 0 0 1
vn 0 0 1
vn 0 0 1
vn 0 0 1
vn 0 0 1
vn 0 0 1
vn 0 0 1
vn 0 0 1
vn 0 0 1
vn 0 0 1
vn 0 0 1
vn 0 0 1
vn 0 0 1
vn 0 0 1
vn 0 0 1
vn 0 0 1
vn 0 0 1
vn 0 0 1
vn 0 0 1
vn 0 0 1
vn 0 0 1
vn 0 0 1
vn 0 0 1
vn 0 0 1
vn 0 0 1
vn 0 0 1
vn 0 0 1
vn 0 0 1
vn 0 0 1
vn 0 0 1
vn 0 0 1
vn 0 0 1
vn 0 0 1
vn 0 0 1
vn 0 0 1
vn 0 0 1
vn 0 0 1
vn 0 0 1
vn 0 0 1
vn 0 0 1
vn 0 0 1
vn 0 0 1
vn 0 0 1
vn 0 0 1
vn 0 0 1
vn 0 0 1
vn 0 0 1
vn 0 0 1
vn 0 0 1
vn 0 0 1
vn 0 0 1
vn 0 0 1
vn 0 0 1
vn 0 0 1
vn 0 0 1
vn 0 0 1
vn 0 0 1
vn 0 0 1
vn 0 0 1
vn 0 0 1
vn 0 0 1
vn -0.99619472 0.08715574 0
vn -1 0 0
vn -1 0 0
vn -0.98480773 0.17364818 0
vn -0.99619472 0.08715574 0
vn -0.96592581 0.25881904 0
vn -0.98480773 0.17364818 0
vn -0.93969262 0.34202015 0
vn -0.96592581 0.25881904 0
vn -0.90630782 0.42261827 0
vn -0.93969262 0.34202015 0
vn -0.86602539 0.50000000 0
vn -0.90630782 0.42261827 0
vn -0.81915206 0.57357645 0
vn -0.86602539 0.50000000 0
vn -0.76604444 0.64278764 0
vn -0.81915206 0.57357645 0
vn -0.70710677 0.70710677 0
vn -0.76604444 0.64278764 0
vn -0.64278764 0.76604444 0
vn -0.70710677 0.70710677 0
vn -0.57357645 0.81915206 0
vn -0.64278764 0.76604444 0
vn -0.50000000 0.86602539 0
vn -0.57357645 0.81915206 0
vn -0.42261827 0.90630782 0
vn -0.50000000 0.86602539 0
vn -0.34202015 0.93969262 0
vn -0.42261827 0.90630782 0
vn -0.25881904 0.96592581 0
vn -0.34202015 0.93969262 0
vn -0.17364818 0.98480773 0
vn -0.25881904 0.96592581 0
vn -0.08715574 0.99619472 0
vn -0.17364818 0.98480773 0
vn 0.00000000 1 0
vn -0.08715574 0.99619472 0
vn 0.08715574 0.99619472 0
vn 0.00000000 1 0
vn 0.17364818 0.98480773 0
vn 0.08715574 0.99619472 0
vn 0.25881904 0.96592581 0
vn 0.17364818 0.98480773 0
vn 0.34202015 0.93969262 0
vn 0.25881904 0.96592581 0
vn 0.42261827 0.90630782 0
vn 0.34202015 0.93969262 0
vn 0.50000000 0.86602539 0
vn 0.42261827 0.90630782 0
vn 0.57357645 0.81915206 0
vn 0.50000000 0.86602539 0
vn 0.64278764 0.76604444 0
vn 0.57357645 0.81915206 0
vn 0.70710677 0.70710677 0
vn 0.64278764 0.76604444 0
vn 0.76604444 0.64278764 0
vn 0.70710677 0.70710677 0
vn 0.81915206 0.57357645 0
vn 0.76604444 0.64278764 0
vn 0.86602539 0.50000000 0
vn 0.81915206 0.57357645 0
vn 0.90630782 0.42261827 0
vn 0.86602539 0.50000000 0
vn 0.93969262 0.34202015 0
vn 0.90630782 0.42261827 0
vn 0.96592581 0.25881904 0
vn 0.93969262 0.34202015 0
vn 0.98480773 0.17364818 0
vn 0.96592581 0.25881904 0
vn 0.99619472 0.08715574 0
vn 0.98480773 0.17364818 0
vn 1 -0.00000000 0
vn 0.99619472 0.08715574 0
vn 0.99619472 -0.08715574 0
vn 1 -0.00000000 0
vn 0.98480773 -0.17364818 0
vn 0.99619472 -0.08715574 0
vn 0.96592581 -0.25881904 0
vn 0.98480773 -0.17364818 0
vn 0.93969262 -0.34202015 0
vn 0.96592581 -0.25881904 0
vn 0.90630782 -0.42261827 0
vn 0.93969262 -0.34202015 0
vn 0.86602539 -0.50000000 0
vn 0.90630782 -0.42261827 0
vn 0.81915206 -0.57357645 0
vn 0.86602539 -0.50000000 0
vn 0.76604444 -0.64278764 0
vn 0.81915206 -0.57357645 0
vn 0.70710677 -0.70710677 0
vn 0.76604444 -0.64278764 0
vn 0.64278764 -0.76604444 0
vn 0.70710677 -0.70710677 0
vn 0.57357645 -0.81915206 0
vn 0.64278764 -0.76604444 0
vn 0.50000000 -0.86602539 0
vn 0.57357645 -0.81915206 0
vn 0.42261827 -0.90630782 0
vn 0.50000000 -0.86602539 0
vn 0.34202015 -0.93969262 0
vn 0.42261827 -0.90630782 0
vn 0.25881904 -0.96592581 0
vn 0.34202015 -0.93969262 0
vn 0.17364818 -0.98480773 0
vn 0.25881904 -0.96592581 0
vn 0.08715574 -0.99619472 0
vn 0.17364818 -0.98480773 0
vn -0.00000000 -1 0
vn 0.08715574 -0.99619472 0
vn -0.08715574 -0.99619472 0
vn -0.00000000 -1 0
vn -0.17364818 -0.98480773 0
vn -0.08715574 -0.99619472 0
vn -0.25881904 -0.96592581 0
vn -0.17364818 -0.98480773 0
vn -0.34202015 -0.93969262 0
vn -0.25881904 -0.96592581 0
vn -0.42261827 -0.90630782 0
vn -0.34202015 -0.93969262 0
vn -0.50000000 -0.86602539 0
vn -0.42261827 -0.90630782 0
vn -0.57357645 -0.81915206 0
vn -0.50000000 -0.86602539 0
vn -0.64278764 -0.76604444 0
vn -0.57357645 -0.81915206 0
vn -0.70710677 -0.70710677 0
vn -0.64278764 -0.76604444 0
vn -0.76604444 -0.64278764 0
vn -0.70710677 -0.70710677 0
vn -0.81915206 -0.57357645 0
vn -0.76604444 -0.64278764 0
vn -0.86602539 -0.50000000 0
vn -0.81915206 -0.57357645 0
vn -0.90630782 -0.42261827 0
vn -0.86602539 -0.50000000 0
vn -0.93969262 -0.34202015 0
vn -0.90630782 -0.42261827 0
vn -0.96592581 -0.25881904 0
vn -0.93969262 -0.34202015 0
vn -0.98480773 -0.17364818 0
vn -0.96592581 -0.25881904 0
vn -0.99619472 -0.08715574 0
vn -0.98480773 -0.17364818 0
vn -0.99619472 -0.08715574 0
vn -1 0 0
vn -1 0 0
vn -0.99619472 0.08715574 0
vn -0.99619472 0.08715574 0
vn -0.98480773 0.17364818 0
vn -0.98480773 0.17364818 0
vn -0.96592581 0.25881904 0
vn -0.96592581 0.25881904 0
vn -0.93969262 0.34202015 0
vn -0.93969262 0.34202015 0
vn -0.90630782 0.42261827 0
vn -0.90630782 0.42261827 0
vn -0.86602539 0.50000000 0
vn -0.86602539 0.50000000 0
vn -0.81915206 0.57357645 0
vn -0.81915206 0.57357645 0
vn -0.76604444 0.64278764 0
vn -0.76604444 0.64278764 0
vn -0.70710677 0.70710677 0
vn -0.70710677 0.70710677 0
vn -0.64278764 0.76604444 0
vn -0.64278764 0.76604444 0
vn -0.57357645 0.81915206 0
vn -0.57357645 0.81915206 0
vn -0.50000000 0.86602539 0
vn -0.50000000 0.86602539 0
vn -0.42261827 0.90630782 0
vn -0.42261827 0.90630782 0
vn -0.34202015 0.93969262 0
vn -0.34202015 0.93969262 0
vn -0.25881904 0.96592581 0
vn -0.25881904 0.96592581 0
vn -0.17364818 0.98480773 0
vn -0.17364818 0.98480773 0
vn -0.08715574 0.99619472 0
vn -0.08715574 0.99619472 0
vn -0.00000000 1 0
vn -0.00000000 1 0
vn 0.08715574 0.99619472 0
vn 0.08715574 0.99619472 0
vn 0.17364818 0.98480773 0
vn 0.17364818 0.98480773 0
vn 0.25881904 0.96592581 0
vn 0.25881904 0.96592581 0
vn 0.34202015 0.93969262 0
vn 0.34202015 0.93969262 0
vn 0.42261827 0.90630782 0
vn 0.42261827 0.90630782 0
vn 0.50000000 0.86602539 0
vn 0.50000000 0.86602539 0
vn 0.57357645 0.81915206 0
vn 0.57357645 0.81915206 0
vn 0.64278764 0.76604444 0
vn 0.64278764 0.76604444 0
vn 0.70710677 0.70710677 0
vn 0.70710677 0.70710677 0
vn 0.76604444 0.64278764 0
vn 0.76604444 0.64278764 0
vn 0.81915206 0.57357645 0
vn 0.81915206 0.57357645 0
vn 0.86602539 0.50000000 0
vn 0.86602539 0.50000000 0
vn 0.90630782 0.42261827 0
vn 0.90630782 0.42261827 0
vn 0.93969262 0.34202015 0
vn 0.93969262 0.34202015 0
vn 0.96592581 0.25881904 0
vn 0.96592581 0.25881904 0
vn 0.98480773 0.17364818 0
vn 0.98480773 0.17364818 0
vn 0.99619472 0.08715574 0
vn 0.99619472 0.08715574 0
vn 1 0 0
vn 1 0 0
vn 0.99619472 -0.08715574 0
vn 0.99619472 -0.08715574 0
vn 0.98480773 -0.17364818 0
vn 0.98480773 -0.17364818 0
vn 0.96592581 -0.25881904 0
vn 0.96592581 -0.25881904 0
vn 0.93969262 -0.34202015 0
vn 0.93969262 -0.34202015 0
vn 0.90630782 -0.42261827 0
vn 0.90630782 -0.42261827 0
vn 0.86602539 -0.50000000 0
vn 0.86602539 -0.50000000 0
vn 0.81915206 -0.57357645 0
vn 0.81915206 -0.57357645 0
vn 0.76604444 -0.64278764 0
vn 0.76604444 -0.64278764 0
vn 0.70710677 -0.70710677 0
vn 0.70710677 -0.70710677 0
vn 0.64278764 -0.76604444 0
vn 0.64278764 -0.76604444 0
vn 0.57357645 -0.81915206 0
vn 0.57357645 -0.81915206 0
vn 0.50000000 -0.86602539 0
vn 0.50000000 -0.86602539 0
vn 0.42261827 -0.90630782 0
vn 0.42261827 -0.90630782 0
vn 0.34202015 -0.93969262 0
vn 0.34202015 -0.93969262 0
vn 0.25881904 -0.96592581 0
vn 0.25881904 -0.96592581 0
vn 0.17364818 -0.98480773 0
vn 0.17364818 -0.98480773 0
vn 0.08715574 -0.99619472 0
vn 0.08715574 -0.99619472 0
vn 0.00000000 -1 0
vn 0.00000000 -1 0
vn -0.08715574 -0.99619472 0
vn -0.08715574 -0.99619472 0
vn -0.17364818 -0.98480773 0
vn -0.17364818 -0.98480773 0
vn -0.25881904 -0.96592581 0
vn -0.25881904 -0.96592581 0
vn -0.34202015 -0.93969262 0
vn -0.34202015 -0.93969262 0
vn -0.42261827 -0.90630782 0
vn -0.42261827 -0.90630782 0
vn -0.50000000 -0.86602539 0
vn -0.50000000 -0.86602539 0
vn -0.57357645 -0.81915206 0
vn -0.57357645 -0.81915206 0
vn -0.64278764 -0.76604444 0
vn -0.64278764 -0.76604444 0
vn -0.70710677 -0.70710677 0
vn -0.70710677 -0.70710677 0
vn -0.76604444 -0.64278764 0
vn -0.76604444 -0.64278764 0
vn -0.81915206 -0.57357645 0
vn -0.81915206 -0.57357645 0
vn -0.86602539 -0.50000000 0
vn -0.86602539 -0.50000000 0
vn -0.90630782 -0.42261827 0
vn -0.90630782 -0.42261827 0
vn -0.93969262 -0.34202015 0
vn -0.93969262 -0.34202015 0
vn -0.96592581 -0.25881904 0
vn -0.96592581 -0.25881904 0
vn -0.98480773 -0.17364818 0
vn -0.98480773 -0.17364818 0
vn -0.99619472 -0.08715574 0
vn -0.99619472 -0.08715574 0
vn 0 0 1
vn 0 0 1
vn 0 0 1
vn 0 0 1
vn 0 0 1
vn 0 0 1
vn 0 0 1
vn 0 0 1
vn 0 0 1
vn 0 0 1
vn 0 0 1
vn 0 0 1
vn 0 0 1
vn 0 0 1
vn 0 0 1
vn 0 0 1
vn 0 0 1
vn 0 0 1
vn 0 0 1
vn 0 0 1
vn 0 0 1
vn 0 0 1
vn 0 0 1
vn 0 0 1
vn 0 0 1
vn 0 0 1
vn 0 0 1
vn 0 0 1
vn 0 0 1
vn 0 0 1
vn 0 0 1
vn 0 0 1
vn 0 0 1
vn 0 0 1
vn 0 0 1
vn 0 0 1
vn 0 0 1
vn 0 0 1
vn 0 0 1
vn 0 0 1
vn 0 0 1
vn 0 0 1
vn 0 0 1
vn 0 0 1
vn 0 0 1
vn 0 0 1
vn 0 0 1
vn 0 0 1
vn 0 0 1
vn 0 0 1
vn 0 0 1
vn 0 0 1
vn 0 0 1
vn 0 0 1
vn 0 0 1
vn 0 0 1
vn 0 0 1
vn 0 0 1
vn 0 0 1
vn 0 0 1
vn 0 0 1
vn 0 0 1
vn 0 0 1
vn 0 0 1
vn 0 0 1
vn 0 0 1
vn 0 0 1
vn 0 0 1
vn 0 0 1
vn 0 0 1
vn 0 0 1
vn 0 0 1
vn 0 0 1
vn 0 0 1
vn 0 0 1
vn 0 0 1
vn 0 0 1
vn 0 0 1
vn 0 0 1
vn 0 0 1
vn 0 0 1
vn 0 0 1
vn 0 0 1
vn 0 0 1
vn 0 0 1
vn 0 0 1
vn 0 0 1
vn 0 0 1
vn 0 0 1
vn 0 0 1
vn 0 0 1
vn 0 0 1
vn 0 0 1
vn 0 0 1
vn 0 0 1
vn 0 0 1
vn 0 0 1
vn 0 0 1
vn 0 0 1
vn 0 0 1
vn 0 0 1
vn 0 0 1
vn 0 0 1
vn 0 0 1
vn 0 0 1
vn 0 0 1
vn 0 0 1
vn 0 0 1
vn 0 0 1
vn 0 0 1
vn 0 0 1
vn 0 0 1
vn 0 0 1
vn 0 0 1
vn 0 0 1
vn 0 0 1
vn 0 0 1
vn 0 0 1
vn 0 0 1
vn 0 0 1
vn 0 0 1
vn 0 0 1
vn 0 0 1
vn 0 0 1
vn 0 0 1
vn 0 0 1
vn 0 0 1
vn 0 0 1
vn 0 0 1
vn 0 0 1
vn 0 0 1
vn 0 0 1
vn 0 0 1
vn 0 0 1
vn 0 0 1
vn 0 0 1
vn 0 0 1
vn 0 0 1
vn 0 0 1
vn 0 0 1
vn 0 0 1
vn 0 0 1
vn 0 0 1
vn 0 0 1
vn 0.99619472 0.08715574 0
vn 1 0.00000000 0
vn 1 0.00000000 0
vn 0.98480773 0.17364818 0
vn 0.99619472 0.08715574 0
vn 0.96592581 0.25881904 0
vn 0.98480773 0.17364818 0
vn 0.93969262 0.34202015 0
vn 0.96592581 0.25881904 0
vn 0.90630782 0.42261827 0
vn 0.93969262 0.34202015 0
vn 0.86602539 0.50000000 0
vn 0.90630782 0.42261827 0
vn 0.81915206 0.57357645 0
vn 0.86602539 0.50000000 0
vn 0.76604444 0.64278764 0
vn 0.81915206 0.57357645 0
vn 0.70710677 0.70710677 0
vn 0.76604444 0.64278764 0
vn 0.64278764 0.76604444 0
vn 0.70710677 0.70710677 0
vn 0.57357645 0.81915206 0
vn 0.64278764 0.76604444 0
vn 0.50000000 0.86602539 0
vn 0.57357645 0.81915206 0
vn 0.42261827 0.90630782 0
vn 0.50000000 0.86602539 0
vn 0.34202015 0.93969262 0
vn 0.42261827 0.90630782 0
vn 0.25881904 0.96592581 0
vn 0.34202015 0.93969262 0
vn 0.17364818 0.98480773 0
vn 0.25881904 0.96592581 0
vn 0.08715574 0.99619472 0
vn 0.17364818 0.98480773 0
vn -0.00000000 1 0
vn 0.08715574 0.99619472 0
vn -0.08715574 0.99619472 0
vn -0.00000000 1 0
vn -0.17364818 0.98480773 0
vn -0.08715574 0.99619472 0
vn -0.25881904 0.96592581 0
vn -0.17364818 0.98480773 0
vn -0.34202015 0.93969262 0
vn -0.25881904 0.96592581 0
vn -0.42261827 0.90630782 0
vn -0.34202015 0.93969262 0
vn -0.50000000 0.86602539 0
vn -0.42261827 0.90630782 0
vn -0.57357645 0.81915206 0
vn -0.50000000 0.86602539 0
vn -0.64278764 0.76604444 0
vn -0.57357645 0.81915206 0
vn -0.70710677 0.70710677 0
vn -0.64278764 0.76604444 0
vn -0.76604444 0.64278764 0
vn -0.70710677 0.70710677 0
vn -0.81915206 0.57357645 0
vn -0.76604444 0.64278764 0
vn -0.86602539 0.50000000 0
vn -0.81915206 0.57357645 0
vn -0.90630782 0.42261827 0
vn -0.86602539 0.50000000 0
vn -0.93969262 0.34202015 0
vn -0.90630782 0.42261827 0
vn -0.96592581 0.25881904 0
vn -0.93969262 0.34202015 0
vn -0.98480773 0.17364818 0
vn -0.96592581 0.25881904 0
vn -0.99619472 0.08715574 0
vn -0.98480773 0.17364818 0
vn -1 0 0
vn -0.99619472 0.08715574 0
vn -0.99619472 -0.08715574 0
vn -1 0 0
vn -0.98480773 -0.17364818 0
vn -0.99619472 -0.08715574 0
vn -0.96592581 -0.25881904 0
vn -0.98480773 -0.17364818 0
vn -0.93969262 -0.34202015 0
vn -0.96592581 -0.25881904 0
vn -0.90630782 -0.42261827 0
vn -0.93969262 -0.34202015 0
vn -0.86602539 -0.50000000 0
vn -0.90630782 -0.42261827 0
vn -0.81915206 -0.57357645 0
vn -0.86602539 -0.50000000 0
vn -0.76604444 -0.64278764 0
vn -0.81915206 -0.57357645 0
vn -0.70710677 -0.70710677 0
vn -0.76604444 -0.64278764 0
vn -0.64278764 -0.76604444 0
vn -0.70710677 -0.70710677 0
vn -0.57357645 -0.81915206 0
vn -0.64278764 -0.76604444 0
vn -0.50000000 -0.86602539 0
vn -0.57357645 -0.81915206 0
vn -0.42261827 -0.90630782 0
vn -0.50000000 -0.86602539 0
vn -0.34202015 -0.93969262 0
vn -0.42261827 -0.90630782 0
vn -0.25881904 -0.96592581 0
vn -0.34202015 -0.93969262 0
vn -0.17364818 -0.98480773 0
vn -0.25881904 -0.96592581 0
vn -0.08715574 -0.99619472 0
vn -0.17364818 -0.98480773 0
vn 0.00000000 -1 0
vn -0.08715574 -0.99619472 0
vn 0.08715574 -0.99619472 0
vn 0.00000000 -1 0
vn 0.17364818 -0.98480773 0
vn 0.08715574 -0.99619472 0
vn 0.25881904 -0.96592581 0
vn 0.17364818 -0.98480773 0
vn 0.34202015 -0.93969262 0
vn 0.25881904 -0.96592581 0
vn 0.42261827 -0.90630782 0
vn 0.34202015 -0.93969262 0
vn 0.50000000 -0.86602539 0
vn 0.42261827 -0.90630782 0
vn 0.57357645 -0.81915206 0
vn 0.50000000 -0.86602539 0
vn 0.64278764 -0.76604444 0
vn 0.57357645 -0.81915206 0
vn 0.70710677 -0.70710677 0
vn 0.64278764 -0.76604444 0
vn 0.76604444 -0.64278764 0
vn 0.70710677 -0.70710677 0
vn 0.81915206 -0.57357645 0
vn 0.76604444 -0.64278764 0
vn 0.86602539 -0.50000000 0
vn 0.81915206 -0.57357645 0
vn 0.90630782 -0.42261827 0
vn 0.86602539 -0.50000000 0
vn 0.93969262 -0.34202015 0
vn 0.90630782 -0.42261827 0
vn 0.96592581 -0.25881904 0
vn 0.93969262 -0.34202015 0
vn 0.98480773 -0.17364818 0
vn 0.96592581 -0.25881904 0
vn 0.99619472 -0.08715574 0
vn 0.98480773 -0.17364818 0
vn 0.99619472 -0.08715574 0
vn 0 0 1
vn 0 0 1
vn 0 0 1
vn 0 0 1
vn 0 0 1
vn 0 0 1
vn 0 0 1
vn 0 0 1
vn 0 0 1
vn 0 0 1
vn 0 0 1
vn 0 0 1
vn 0 0 1
vn 0 0 1
vn 0 0 1
vn 0 0 1
vn 0 0 1
vn 0 0 1
vn 0 0 1
vn 0 0 1
vn 0 0 1
vn 0 0 1
vn 0 0 1
vn 0 0 1
vn 0 0 1
vn 0 0 1
vn 0 0 1
vn 0 0 1
vn 0 0 1
vn 0 0 1
vn 0 0 1
vn 0 0 1
vn 0 0 1
vn 0 0 1
vn 0 0 1
vn 0 0 1
vn 0 0 1
vn 0 0 1
vn 0 0 1
vn 0 0 1
vn 0 0 1
vn 0 0 1
vn 0 0 1
vn 0 0 1
vn 0 0 1
vn 0 0 1
vn 0 0 1
vn 0 0 1
vn 0 0 1
vn 0 0 1
vn 0 0 1
vn 0 0 1
vn 0 0 1
vn 0 0 1
vn 0 0 1
vn 0 0 1
vn 0 0 1
vn 0 0 1
vn 0 0 1
vn 0 0 1
vn 0 0 1
vn 0 0 1
vn 0 0 1
vn 0 0 1
vn 0 0 1
vn 0 0 1
vn 0 0 1
vn 0 0 1
vn 0 0 1
vn 0 0 1
vn 0 0 1
vn 0 0 1
vn 0 0 1
vn 0 0 1
vn 0 0 1
vn 0 0 1
vn 0 0 1
vn 0 0 1
vn 0 0 1
vn 0 0 1
vn 0 0 1
vn 0 0 1
vn 0 0 1
vn 0 0 1
vn 0 0 1
vn 0 0 1
vn 0 0 1
vn 0 0 1
vn 0 0 1
vn 0 0 1
vn 0 0 1
vn 0 0 1
vn 0 0 1
vn 0 0 1
vn 0 0 1
vn 0 0 1
vn 0 0 1
vn 0 0 1
vn 0 0 1
vn 0 0 1
vn 0 0 1
vn 0 0 1
vn 0 0 1
vn 0 0 1
vn 0 0 1
vn 0 0 1
vn 0 0 1
vn 0 0 1
vn 0 0 1
vn 0 0 1
vn 0 0 1
vn 0 0 1
vn 0 0 1
vn 0 0 1
vn 0 0 1
vn 0 0 1
vn 0 0 1
vn 0 0 1
vn 0 0 1
vn 0 0 1
vn 0 0 1
vn 0 0 1
vn 0 0 1
vn 0 0 1
vn 0 0 1
vn 0 0 1
vn 0 0 1
vn 0 0 1
vn 0 0 1
vn 0 0 1
vn 0 0 1
vn 0 0 1
vn 0 0 1
vn 0 0 1
vn 0 0 1
vn 0 0 1
vn 0 0 1
vn 0 0 1
vn 0 0 1
vn 0 0 1
vn 0 0 1
vn 0 0 1
vn 0 0 1
vn 0 0 1
vn -0.99619472 0.08715574 0
vn -1 0 0
vn -1 0 0
vn -0.98480773 0.17364818 0
vn -0.99619472 0.08715574 0
vn -0.96592581 0.25881904 0
vn -0.98480773 0.17364818 0
vn -0.93969262 0.34202015 0
vn -0.96592581 0.25881904 0
vn -0.90630782 0.42261827 0
vn -0.93969262 0.34202015 0
vn -0.86602539 0.50000000 0
vn -0.90630782 0.42261827 0
vn -0.81915206 0.57357645 0
vn -0.86602539 0.50000000 0
vn -0.76604444 0.64278764 0
vn -0.81915206 0.57357645 0
vn -0.70710677 0.70710677 0
vn -0.76604444 0.64278764 0
vn -0.64278764 0.76604444 0
vn -0.70710677 0.70710677 0
vn -0.57357645 0.81915206 0
vn -0.64278764 0.76604444 0
vn -0.50000000 0.86602539 0
vn -0.57357645 0.81915206 0
vn -0.42261827 0.90630782 0
vn -0.50000000 0.86602539 0
vn -0.34202015 0.93969262 0
vn -0.42261827 0.90630782 0
vn -0.25881904 0.96592581 0
vn -0.34202015 0.93969262 0
vn -0.17364818 0.98480773 0
vn -0.25881904 0.96592581 0
vn -0.08715574 0.99619472 0
vn -0.17364818 0.98480773 0
vn 0.00000000 1 0
vn -0.08715574 0.99619472 0
vn 0.08715574 0.99619472 0
vn 0.00000000 1 0
vn 0.17364818 0.98480773 0
vn 0.08715574 0.99619472 0
vn 0.25881904 0.96592581 0
vn 0.17364818 0.98480773 0
vn 0.34202015 0.93969262 0
vn 0.25881904 0.96592581 0
vn 0.42261827 0.90630782 0
vn 0.34202015 0.93969262 0
vn 0.50000000 0.86602539 0
vn 0.42261827 0.90630782 0
vn 0.57357645 0.81915206 0
vn 0.50000000 0.86602539 0
vn 0.64278764 0.76604444 0
vn 0.57357645 0.81915206 0
vn 0.70710677 0.70710677 0
vn 0.64278764 0.76604444 0
vn 0.76604444 0.64278764 0
vn 0.70710677 0.70710677 0
vn 0.81915206 0.57357645 0
vn 0.76604444 0.64278764 0
vn 0.86602539 0.50000000 0
vn 0.81915206 0.57357645 0
vn 0.90630782 0.42261827 0
vn 0.86602539 0.50000000 0
vn 0.93969262 0.34202015 0
vn 0.90630782 0.42261827 0
vn 0.96592581 0.25881904 0
vn 0.93969262 0.34202015 0
vn 0.98480773 0.17364818 0
vn 0.96592581 0.25881904 0
vn 0.99619472 0.08715574 0
vn 0.98480773 0.17364818 0
vn 1 -0.00000000 0
vn 0.99619472 0.08715574 0
vn 0.99619472 -0.08715574 0
vn 1 -0.00000000 0
vn 0.98480773 -0.17364818 0
vn 0.99619472 -0.08715574 0
vn 0.96592581 -0.25881904 0
vn 0.98480773 -0.17364818 0
vn 0.93969262 -0.34202015 0
vn 0.96592581 -0.25881904 0
vn 0.90630782 -0.42261827 0
vn 0.93969262 -0.34202015 0
vn 0.86602539 -0.50000000 0
vn 0.90630782 -0.42261827 0
vn 0.81915206 -0.57357645 0
vn 0.86602539 -0.50000000 0
vn 0.76604444 -0.64278764 0
vn 0.81915206 -0.57357645 0
vn 0.70710677 -0.70710677 0
vn 0.76604444 -0.64278764 0
vn 0.64278764 -0.76604444 0
vn 0.70710677 -0.70710677 0
vn 0.57357645 -0.81915206 0
vn 0.64278764 -0.76604444 0
vn 0.50000000 -0.86602539 0
vn 0.57357645 -0.81915206 0
vn 0.42261827 -0.90630782 0
vn 0.50000000 -0.86602539 0
vn 0.34202015 -0.93969262 0
vn 0.42261827 -0.90630782 0
vn 0.25881904 -0.96592581 0
vn 0.34202015 -0.93969262 0
vn 0.17364818 -0.98480773 0
vn 0.25881904 -0.96592581 0
vn 0.08715574 -0.99619472 0
vn 0.17364818 -0.98480773 0
vn -0.00000000 -1 0
vn 0.08715574 -0.99619472 0
vn -0.08715574 -0.99619472 0
vn -0.00000000 -1 0
vn -0.17364818 -0.98480773 0
vn -0.08715574 -0.99619472 0
vn -0.25881904 -0.96592581 0
vn -0.17364818 -0.98480773 0
vn -0.34202015 -0.93969262 0
vn -0.25881904 -0.96592581 0
vn -0.42261827 -0.90630782 0
vn -0.34202015 -0.93969262 0
vn -0.50000000 -0.86602539 0
vn -0.42261827 -0.90630782 0
vn -0.57357645 -0.81915206 0
vn -0.50000000 -0.86602539 0
vn -0.64278764 -0.76604444 0
vn -0.57357645 -0.81915206 0
vn -0.70710677 -0.70710677 0
vn -0.64278764 -0.76604444 0
vn -0.76604444 -0.64278764 0
vn -0.70710677 -0.70710677 0
vn -0.81915206 -0.57357645 0
vn -0.76604444 -0.64278764 0
vn -0.86602539 -0.50000000 0
vn -0.81915206 -0.57357645 0
vn -0.90630782 -0.42261827 0
vn -0.86602539 -0.50000000 0
vn -0.93969262 -0.34202015 0
vn -0.90630782 -0.42261827 0
vn -0.96592581 -0.25881904 0
vn -0.93969262 -0.34202015 0
vn -0.98480773 -0.17364818 0
vn -0.96592581 -0.25881904 0
vn -0.99619472 -0.08715574 0
vn -0.98480773 -0.17364818 0
vn -0.99619472 -0.08715574 0
vn -1 0 0
vn -1 0 0
vn -0.99619472 0.08715574 0
vn -0.99619472 0.08715574 0
vn -0.98480773 0.17364818 0
vn -0.98480773 0.17364818 0
vn -0.96592581 0.25881904 0
vn -0.96592581 0.25881904 0
vn -0.93969262 0.34202015 0
vn -0.93969262 0.34202015 0
vn -0.90630782 0.42261827 0
vn -0.90630782 0.42261827 0
vn -0.86602539 0.50000000 0
vn -0.86602539 0.50000000 0
vn -0.81915206 0.57357645 0
vn -0.81915206 0.57357645 0
vn -0.76604444 0.64278764 0
vn -0.76604444 0.64278764 0
vn -0.70710677 0.70710677 0
vn -0.70710677 0.70710677 0
vn -0.64278764 0.76604444 0
vn -0.64278764 0.76604444 0
vn -0.57357645 0.81915206 0
vn -0.57357645 0.81915206 0
vn -0.50000000 0.86602539 0
vn -0.50000000 0.86602539 0
vn -0.42261827 0.90630782 0
vn -0.42261827 0.90630782 0
vn -0.34202015 0.93969262 0
vn -0.34202015 0.93969262 0
vn -0.25881904 0.96592581 0
vn -0.25881904 0.96592581 0
vn -0.17364818 0.98480773 0
vn -0.17364818 0.98480773 0
vn -0.08715574 0.99619472 0
vn -0.08715574 0.99619472 0
vn -0.00000000 1 0
vn -0.00000000 1 0
vn 0.08715574 0.99619472 0
vn 0.08715574 0.99619472 0
vn 0.17364818 0.98480773 0
vn 0.17364818 0.98480773 0
vn 0.25881904 0.96592581 0
vn 0.25881904 0.96592581 0
vn 0.34202015 0.93969262 0
vn 0.34202015 0.93969262 0
vn 0.42261827 0.90630782 0
vn 0.42261827 0.90630782 0
vn 0.50000000 0.86602539 0
vn 0.50000000 0.86602539 0
vn 0.57357645 0.81915206 0
vn 0.57357645 0.81915206 0
vn 0.64278764 0.76604444 0
vn 0.64278764 0.76604444 0
vn 0.70710677 0.70710677 0
vn 0.70710677 0.70710677 0
vn 0.76604444 0.64278764 0
vn 0.76604444 0.64278764 0
vn 0.81915206 0.57357645 0
vn 0.81915206 0.57357645 0
vn 0.86602539 0.50000000 0
vn 0.86602539 0.50000000 0
vn 0.90630782 0.42261827 0
vn 0.90630782 0.42261827 0
vn 0.93969262 0.34202015 0
vn 0.93969262 0.34202015 0
vn 0.96592581 0.25881904 0
vn 0.96592581 0.25881904 0
vn 0.98480773 0.17364818 0
vn 0.99619472 0.08715574 0
vn 0.98480773 0.17364818 0
vn 0.98968077 0.14328985 0
vn 0.99619472 0.08715574 0
vn 1 0.00000000 0
vn 1 0.00000000 0
vn 0.99619472 -0.08715574 0
vn 0.99619472 -0.08715574 0
vn 0.98480773 -0.17364818 0
vn 0.98480773 -0.17364818 0
vn 0.96592581 -0.25881904 0
vn 0.96592581 -0.25881904 0
vn 0.93969262 -0.34202015 0
vn 0.93969262 -0.34202015 0
vn 0.90630782 -0.42261827 0
vn 0.90630782 -0.42261827 0
vn 0.86602539 -0.50000000 0
vn 0.86602539 -0.50000000 0
vn 0.81915206 -0.57357645 0
vn 0.81915206 -0.57357645 0
vn 0.76604444 -0.64278764 0
vn 0.76604444 -0.64278764 0
vn 0.70710677 -0.70710677 0
vn 0.70710677 -0.70710677 0
vn 0.64278764 -0.76604444 0
vn 0.64278764 -0.76604444 0
vn 0.57357645 -0.81915206 0
vn 0.57357645 -0.81915206 0
vn 0.50000000 -0.86602539 0
vn 0.50000000 -0.86602539 0
vn 0.42261827 -0.90630782 0
vn 0.42261827 -0.90630782 0
vn 0.34202015 -0.93969262 0
vn 0.34202015 -0.93969262 0
vn 0.25881904 -0.96592581 0
vn 0.25881904 -0.96592581 0
vn 0.17364818 -0.98480773 0
vn 0.17364818 -0.98480773 0
vn 0.08715574 -0.99619472 0
vn 0.08715574 -0.99619472 0
vn 0.00000000 -1 0
vn 0.00000000 -1 0
vn -0.08715574 -0.99619472 0
vn -0.08715574 -0.99619472 0
vn -0.17364818 -0.98480773 0
vn -0.17364818 -0.98480773 0
vn -0.25881904 -0.96592581 0
vn -0.25881904 -0.96592581 0
vn -0.34202015 -0.93969262 0
vn -0.34202015 -0.93969262 0
vn -0.42261827 -0.90630782 0
vn -0.42261827 -0.90630782 0
vn -0.50000000 -0.86602539 0
vn -0.50000000 -0.86602539 0
vn -0.57357645 -0.81915206 0
vn -0.57357645 -0.81915206 0
vn -0.64278764 -0.76604444 0
vn -0.64278764 -0.76604444 0
vn -0.70710677 -0.70710677 0
vn -0.70710677 -0.70710677 0
vn -0.76604444 -0.64278764 0
vn -0.76604444 -0.64278764 0
vn -0.81915206 -0.57357645 0
vn -0.81915206 -0.57357645 0
vn -0.86602539 -0.50000000 0
vn -0.86602539 -0.50000000 0
vn -0.90630782 -0.42261827 0
vn -0.90630782 -0.42261827 0
vn -0.93969262 -0.34202015 0
vn -0.93969262 -0.34202015 0
vn -0.96592581 -0.25881904 0
vn -0.96592581 -0.25881904 0
vn -0.98480773 -0.17364818 0
vn -0.98480773 -0.17364818 0
vn -0.99619472 -0.08715574 0
vn -0.99619472 -0.08715574 0
vn 0 0 1
vn 0 0 1
vn 0 0 1
vn 0 0 1
vn 0 0 1
vn 0 0 1
vn 0 0 1
vn 0 0 1
vn 0 0 1
vn 0 0 1
vn 0 0 1
vn 0 0 1
vn 0 0 1
vn 0 0 1
vn 0 0 1
vn 0 0 1
vn 0 0 1
vn 0 0 1
vn 0 0 1
vn 0 0 1
vn 0 0 1
vn 0 0 1
vn 0 0 1
vn 0 0 1
vn 0 0 1
vn 0 0 1
vn 0 0 1
vn 0 0 1
vn 0 0 1
vn 0 0 1
vn 0 0 1
vn 0 0 1
vn 0 0 1
vn 0 0 1
vn 0 0 1
vn 0 0 1
vn 0 0 1
vn 0 0 1
vn 0 0 1
vn 0 0 1
vn 0 0 1
vn 0 0 1
vn 0 0 1
vn 0 0 1
vn 0 0 1
vn 0 0 1
vn 0 0 1
vn 0 0 1
vn 0 0 1
vn 0 0 1
vn 0 0 1
vn 0 0 1
vn 0 0 1
vn 0 0 1
vn 0 0 1
vn 0 0 1
vn 0 0 1
vn 0 0 1
vn 0 0 1
vn 0 0 1
vn 0 0 1
vn 0 0 1
vn 0 0 1
vn 0 0 1
vn 0 0 1
vn 0 0 1
vn 0 0 1
vn 0 0 1
vn 0 0 1
vn 0 0 1
vn 0 0 1
vn 0 0 1
vn 0 0 1
vn 0 0 1
vn 0 0 1
vn 0 0 1
vn 0 0 1
vn 0 0 1
vn 0 0 1
vn 0 0 1
vn 0 0 1
vn 0 0 1
vn 0 0 1
vn 0 0 1
vn 0 0 1
vn 0 0 1
vn 0 0 1
vn 0 0 1
vn 0 0 1
vn 0 0 1
vn 0 0 1
vn 0 0 1
vn 0 0 1
vn 0 0 1
vn 0 0 1
vn 0 0 1
vn 0 0 1
vn 0 0 1
vn 0 0 1
vn 0 0 1
vn 0 0 1
vn 0 0 1
vn 0 0 1
vn 0 0 1
vn 0 0 1
vn 0 0 1
vn 0 0 1
vn 0 0 1
vn 0 0 1
vn 0 0 1
vn 0 0 1
vn 0 0 1
vn 0 0 1
vn 0 0 1
vn 0 0 1
vn 0 0 1
vn 0 0 1
vn 0 0 1
vn 0 0 1
vn 0 0 1
vn 0 0 1
vn 0 0 1
vn 0 0 1
vn 0 0 1
vn 0 0 1
vn 0 0 1
vn 0 0 1
vn 0 0 1
vn 0 0 1
vn 0 0 1
vn 0 0 1
vn 0 0 1
vn 0 0 1
vn 0 0 1
vn 0 0 1
vn 0 0 1
vn 0 0 1
vn 0 0 1
vn 0 0 1
vn 0 0 1
vn 0 0 1
vn 0 0 1
vn 0 0 1
vn 0 0 1
vn 0 0 1
vn 0 0 1
vn 0.99619472 0.08715574 0
vn 1 0.00000000 0
vn 1 0.00000000 0
vn 0.98480773 0.17364818 0
vn 0.99619472 0.08715574 0
vn 0.96592581 0.25881904 0
vn 0.98480773 0.17364818 0
vn 0.93969262 0.34202015 0
vn 0.96592581 0.25881904 0
vn 0.90630782 0.42261827 0
vn 0.93969262 0.34202015 0
vn 0.86602539 0.50000000 0
vn 0.90630782 0.42261827 0
vn 0.81915206 0.57357645 0
vn 0.86602539 0.50000000 0
vn 0.76604444 0.64278764 0
vn 0.81915206 0.57357645 0
vn 0.70710677 0.70710677 0
vn 0.76604444 0.64278764 0
vn 0.64278764 0.76604444 0
vn 0.70710677 0.70710677 0
vn 0.57357645 0.81915206 0
vn 0.64278764 0.76604444 0
vn 0.50000000 0.86602539 0
vn 0.57357645 0.81915206 0
vn 0.42261827 0.90630782 0
vn 0.50000000 0.86602539 0
vn 0.34202015 0.93969262 0
vn 0.42261827 0.90630782 0
vn 0.25881904 0.96592581 0
vn 0.34202015 0.93969262 0
vn 0.17364818 0.98480773 0
vn 0.25881904 0.96592581 0
vn 0.08715574 0.99619472 0
vn 0.17364818 0.98480773 0
vn -0.00000000 1 0
vn 0.08715574 0.99619472 0
vn -0.08715574 0.99619472 0
vn -0.00000000 1 0
vn -0.17364818 0.98480773 0
vn -0.08715574 0.99619472 0
vn -0.25881904 0.96592581 0
vn -0.17364818 0.98480773 0
vn -0.34202015 0.93969262 0
vn -0.25881904 0.96592581 0
vn -0.42261827 0.90630782 0
vn -0.34202015 0.93969262 0
vn -0.50000000 0.86602539 0
vn -0.42261827 0.90630782 0
vn -0.57357645 0.81915206 0
vn -0.50000000 0.86602539 0
vn -0.64278764 0.76604444 0
vn -0.57357645 0.81915206 0
vn -0.70710677 0.70710677 0
vn -0.64278764 0.76604444 0
vn -0.76604444 0.64278764 0
vn -0.70710677 0.70710677 0
vn -0.81915206 0.57357645 0
vn -0.76604444 0.64278764 0
vn -0.86602539 0.50000000 0
vn -0.81915206 0.57357645 0
vn -0.90630782 0.42261827 0
vn -0.86602539 0.50000000 0
vn -0.93969262 0.34202015 0
vn -0.90630782 0.42261827 0
vn -0.96592581 0.25881904 0
vn -0.93969262 0.34202015 0
vn -0.98480773 0.17364818 0
vn -0.96592581 0.25881904 0
vn -0.99619472 0.08715574 0
vn -0.98480773 0.17364818 0
vn -1 -0.00000000 0
vn -0.99619472 0.08715574 0
vn -0.99619472 -0.08715574 0
vn -1 -0.00000000 0
vn -0.98480773 -0.17364818 0
vn -0.99619472 -0.08715574 0
vn -0.96592581 -0.25881904 0
vn -0.97802621 -0.20848198 0
vn -0.97802621 -0.20848198 0
vn -0.98480773 -0.17364818 0
vn -0.93969262 -0.34202015 0
vn -0.96592581 -0.25881904 0
vn -0.90630782 -0.42261827 0
vn -0.93969262 -0.34202015 0
vn -0.86602539 -0.50000000 0
vn -0.90630782 -0.42261827 0
vn -0.81915206 -0.57357645 0
vn -0.86602539 -0.50000000 0
vn -0.76604444 -0.64278764 0
vn -0.81915206 -0.57357645 0
vn -0.70710677 -0.70710677 0
vn -0.76604444 -0.64278764 0
vn -0.64278764 -0.76604444 0
vn -0.70710677 -0.70710677 0
vn -0.57357645 -0.81915206 0
vn -0.64278764 -0.76604444 0
vn -0.50000000 -0.86602539 0
vn -0.57357645 -0.81915206 0
vn -0.42261827 -0.90630782 0
vn -0.50000000 -0.86602539 0
vn -0.34202015 -0.93969262 0
vn -0.42261827 -0.90630782 0
vn -0.25881904 -0.96592581 0
vn -0.34202015 -0.93969262 0
vn -0.17364818 -0.98480773 0
vn -0.25881904 -0.96592581 0
vn -0.08715574 -0.99619472 0
vn -0.17364818 -0.98480773 0
vn 0.00000000 -1 0
vn -0.08715574 -0.99619472 0
vn 0.08715574 -0.99619472 0
vn 0.00000000 -1 0
vn 0.17364818 -0.98480773 0
vn 0.08715574 -0.99619472 0
vn 0.25881904 -0.96592581 0
vn 0.17364818 -0.98480773 0
vn 0.34202015 -0.93969262 0
vn 0.25881904 -0.96592581 0
vn 0.42261827 -0.90630782 0
vn 0.34202015 -0.93969262 0
vn 0.50000000 -0.86602539 0
vn 0.42261827 -0.90630782 0
vn 0.57357645 -0.81915206 0
vn 0.50000000 -0.86602539 0
vn 0.64278764 -0.76604444 0
vn 0.57357645 -0.81915206 0
vn 0.70710677 -0.70710677 0
vn 0.64278764 -0.76604444 0
vn 0.76604444 -0.64278764 0
vn 0.70710677 -0.70710677 0
vn 0.81915206 -0.57357645 0
vn 0.76604444 -0.64278764 0
vn 0.86602539 -0.50000000 0
vn 0.81915206 -0.57357645 0
vn 0.90630782 -0.42261827 0
vn 0.86602539 -0.50000000 0
vn 0.93969262 -0.34202015 0
vn 0.90630782 -0.42261827 0
vn 0.96592581 -0.25881904 0
vn 0.93969262 -0.34202015 0
vn 0.98480773 -0.17364818 0
vn 0.96592581 -0.25881904 0
vn 0.99619472 -0.08715574 0
vn 0.98480773 -0.17364818 0
vn 0.99619472 -0.08715574 0
vn 0 0 1
vn 0 0 1
vn 0 0 1
vn 0 0 1
vn 0 0 1
vn 0 0 1
vn 0 0 1
vn 0 0 1
vn 0 0 1
vn 0 0 1
vn 0 0 1
vn 0 0 1
vn 0 0 1
vn 0 0 1
vn 0 0 1
vn 0 0 1
vn 0 0 1
vn 0 0 1
vn 0 0 1
vn 0 0 1
vn 0 0 1
vn 0 0 1
vn 0 0 1
vn 0 0 1
vn 0 0 1
vn 0 0 1
vn 0 0 1
vn 0 0 1
vn 0 0 1
vn 0 0 1
vn 0 0 1
vn 0 0 1
vn 0 0 1
vn 0 0 1
vn 0 0 1
vn 0 0 1
vn 0 0 1
vn 0 0 1
vn 0 0 1
vn 0 0 1
vn 0 0 1
vn 0 0 1
vn 0 0 1
vn 0 0 1
vn 0 0 1
vn 0 0 1
vn 0 0 1
vn 0 0 1
vn 0 0 1
vn 0 0 1
vn 0 0 1
vn 0 0 1
vn 0 0 1
vn 0 0 1
vn 0 0 1
vn 0 0 1
vn 0 0 1
vn 0 0 1
vn 0 0 1
vn 0 0 1
vn 0 0 1
vn 0 0 1
vn 0 0 1
vn 0 0 1
vn 0 0 1
vn 0 0 1
vn 0 0 1
vn 0 0 1
vn 0 0 1
vn 0 0 1
vn 0 0 1
vn 0 0 1
vn 0 0 1
vn 0 0 1
vn 0 0 1
vn 0 0 1
vn 0 0 1
vn 0 0 1
vn 0 0 1
vn 0 0 1
vn 0 0 1
vn 0 0 1
vn 0 0 1
vn 0 0 1
vn 0 0 1
vn 0 0 1
vn 0 0 1
vn 0 0 1
vn 0 0 1
vn 0 0 1
vn 0 0 1
vn 0 0 1
vn 0 0 1
vn 0 0 1
vn 0 0 1
vn 0 0 1
vn 0 0 1
vn 0 0 1
vn 0 0 1
vn 0 0 1
vn 0 0 1
vn 0 0 1
vn 0 0 1
vn 0 0 1
vn 0 0 1
vn 0 0 1
vn 0 0 1
vn 0 0 1
vn 0 0 1
vn 0 0 1
vn 0 0 1
vn 0 0 1
vn 0 0 1
vn 0 0 1
vn 0 0 1
vn 0 0 1
vn 0 0 1
vn 0 0 1
vn 0 0 1
vn 0 0 1
vn 0 0 1
vn 0 0 1
vn 0 0 1
vn 0 0 1
vn 0 0 1
vn 0 0 1
vn 0 0 1
vn 0 0 1
vn 0 0 1
vn 0 0 1
vn 0 0 1
vn 0 0 1
vn 0 0 1
vn 0 0 1
vn 0 0 1
vn 0 0 1
vn 0 0 1
vn 0 0 1
vn 0 0 1
vn 0 0 1
vn 0 0 1
vn 0 0 1
vn 0 0 1
vn 0 0 1
vn 0 0 1
vn -0.99619472 0.08715574 0
vn -1 0 0
vn -1 0 0
vn -0.98480773 0.17364818 0
vn -0.99619472 0.08715574 0
vn -0.96592581 0.25881904 0
vn -0.98480773 0.17364818 0
vn -0.93969262 0.34202015 0
vn -0.96592581 0.25881904 0
vn -0.90630782 0.42261827 0
vn -0.93969262 0.34202015 0
vn -0.86602539 0.50000000 0
vn -0.90630782 0.42261827 0
vn -0.81915206 0.57357645 0
vn -0.86602539 0.50000000 0
vn -0.76604444 0.64278764 0
vn -0.81915206 0.57357645 0
vn -0.70710677 0.70710677 0
vn -0.76604444 0.64278764 0
vn -0.64278764 0.76604444 0
vn -0.70710677 0.70710677 0
vn -0.57357645 0.81915206 0
vn -0.64278764 0.76604444 0
vn -0.50000000 0.86602539 0
vn -0.57357645 0.81915206 0
vn -0.42261827 0.90630782 0
vn -0.50000000 0.86602539 0
vn -0.34202015 0.93969262 0
vn -0.42261827 0.90630782 0
vn -0.25881904 0.96592581 0
vn -0.34202015 0.93969262 0
vn -0.17364818 0.98480773 0
vn -0.25881904 0.96592581 0
vn -0.08715574 0.99619472 0
vn -0.17364818 0.98480773 0
vn 0.00000000 1 0
vn -0.08715574 0.99619472 0
vn 0.08715574 0.99619472 0
vn 0.00000000 1 0
vn 0.17364818 0.98480773 0
vn 0.08715574 0.99619472 0
vn 0.25881904 0.96592581 0
vn 0.17364818 0.98480773 0
vn 0.34202015 0.93969262 0
vn 0.25881904 0.96592581 0
vn 0.42261827 0.90630782 0
vn 0.34202015 0.93969262 0
vn 0.50000000 0.86602539 0
vn 0.42261827 0.90630782 0
vn 0.57357645 0.81915206 0
vn 0.50000000 0.86602539 0
vn 0.64278764 0.76604444 0
vn 0.57357645 0.81915206 0
vn 0.70710677 0.70710677 0
vn 0.64278764 0.76604444 0
vn 0.76604444 0.64278764 0
vn 0.70710677 0.70710677 0
vn 0.81915206 0.57357645 0
vn 0.76604444 0.64278764 0
vn 0.86602539 0.50000000 0
vn 0.81915206 0.57357645 0
vn 0.90630782 0.42261827 0
vn 0.86602539 0.50000000 0
vn 0.93969262 0.34202015 0
vn 0.90630782 0.42261827 0
vn 0.96592581 0.25881904 0
vn 0.93969262 0.34202015 0
vn 0.98480773 0.17364818 0
vn 0.96592581 0.25881904 0
vn 0.99619472 0.08715574 0
vn 0.98480773 0.17364818 0
vn 1 -0.00000000 0
vn 0.99619472 0.08715574 0
vn 0.99619472 -0.08715574 0
vn 1 -0.00000000 0
vn 0.98480773 -0.17364818 0
vn 0.99619472 -0.08715574 0
vn 0.96592581 -0.25881904 0
vn 0.98480773 -0.17364818 0
vn 0.93969262 -0.34202015 0
vn 0.96592581 -0.25881904 0
vn 0.90630782 -0.42261827 0
vn 0.93969262 -0.34202015 0
vn 0.86602539 -0.50000000 0
vn 0.90630782 -0.42261827 0
vn 0.81915206 -0.57357645 0
vn 0.86602539 -0.50000000 0
vn 0.76604444 -0.64278764 0
vn 0.81915206 -0.57357645 0
vn 0.70710677 -0.70710677 0
vn 0.76604444 -0.64278764 0
vn 0.64278764 -0.76604444 0
vn 0.70710677 -0.70710677 0
vn 0.57357645 -0.81915206 0
vn 0.64278764 -0.76604444 0
vn 0.50000000 -0.86602539 0
vn 0.57357645 -0.81915206 0
vn 0.42261827 -0.90630782 0
vn 0.50000000 -0.86602539 0
vn 0.34202015 -0.93969262 0
vn 0.42261827 -0.90630782 0
vn 0.25881904 -0.96592581 0
vn 0.34202015 -0.93969262 0
vn 0.17364818 -0.98480773 0
vn 0.25881904 -0.96592581 0
vn 0.08715574 -0.99619472 0
vn 0.17364818 -0.98480773 0
vn -0.00000000 -1 0
vn 0.08715574 -0.99619472 0
vn -0.08715574 -0.99619472 0
vn -0.00000000 -1 0
vn -0.17364818 -0.98480773 0
vn -0.08715574 -0.99619472 0
vn -0.25881904 -0.96592581 0
vn -0.17364818 -0.98480773 0
vn -0.34202015 -0.93969262 0
vn -0.25881904 -0.96592581 0
vn -0.42261827 -0.90630782 0
vn -0.34202015 -0.93969262 0
vn -0.50000000 -0.86602539 0
vn -0.42261827 -0.90630782 0
vn -0.57357645 -0.81915206 0
vn -0.50000000 -0.86602539 0
vn -0.64278764 -0.76604444 0
vn -0.57357645 -0.81915206 0
vn -0.70710677 -0.70710677 0
vn -0.64278764 -0.76604444 0
vn -0.76604444 -0.64278764 0
vn -0.70710677 -0.70710677 0
vn -0.81915206 -0.57357645 0
vn -0.76604444 -0.64278764 0
vn -0.86602539 -0.50000000 0
vn -0.81915206 -0.57357645 0
vn -0.90630782 -0.42261827 0
vn -0.86602539 -0.50000000 0
vn -0.93969262 -0.34202015 0
vn -0.90630782 -0.42261827 0
vn -0.96592581 -0.25881904 0
vn -0.93969262 -0.34202015 0
vn -0.98480773 -0.17364818 0
vn -0.96592581 -0.25881904 0
vn -0.99619472 -0.08715574 0
vn -0.98480773 -0.17364818 0
vn -0.99619472 -0.08715574 0
vn -1 0 0
vn -1 0 0
vn -0.99619472 0.08715574 0
vn -0.99619472 0.08715574 0
vn -0.98480773 0.17364818 0
vn -0.98480773 0.17364818 0
vn -0.96592581 0.25881904 0
vn -0.96592581 0.25881904 0
vn -0.93969262 0.34202015 0
vn -0.93969262 0.34202015 0
vn -0.90630782 0.42261827 0
vn -0.90630782 0.42261827 0
vn -0.86602539 0.50000000 0
vn -0.86602539 0.50000000 0
vn -0.81915206 0.57357645 0
vn -0.81915206 0.57357645 0
vn -0.76604444 0.64278764 0
vn -0.76604444 0.64278764 0
vn -0.70710677 0.70710677 0
vn -0.70710677 0.70710677 0
vn -0.64278764 0.76604444 0
vn -0.64278764 0.76604444 0
vn -0.57357645 0.81915206 0
vn -0.57357645 0.81915206 0
vn -0.50000000 0.86602539 0
vn -0.50000000 0.86602539 0
vn -0.42261827 0.90630782 0
vn -0.42261827 0.90630782 0
vn -0.34202015 0.93969262 0
vn -0.34202015 0.93969262 0
vn -0.25881904 0.96592581 0
vn -0.25881904 0.96592581 0
vn -0.17364818 0.98480773 0
vn -0.17364818 0.98480773 0
vn -0.08715574 0.99619472 0
vn -0.08715574 0.99619472 0
vn -0.00000000 1 0
vn -0.00000000 1 0
vn 0.08715574 0.99619472 0
vn 0.08715574 0.99619472 0
vn 0.17364818 0.98480773 0
vn 0.17364818 0.98480773 0
vn 0.25881904 0.96592581 0
vn 0.25881904 0.96592581 0
vn 0.34202015 0.93969262 0
vn 0.34202015 0.93969262 0
vn 0.42261827 0.90630782 0
vn 0.42261827 0.90630782 0
vn 0.50000000 0.86602539 0
vn 0.50000000 0.86602539 0
vn 0.57357645 0.81915206 0
vn 0.57357645 0.81915206 0
vn 0.64278764 0.76604444 0
vn 0.64278764 0.76604444 0
vn 0.70710677 0.70710677 0
vn 0.70710677 0.70710677 0
vn 0.76604444 0.64278764 0
vn 0.76604444 0.64278764 0
vn 0.81915206 0.57357645 0
vn 0.81915206 0.57357645 0
vn 0.86602539 0.50000000 0
vn 0.86602539 0.50000000 0
vn 0.90630782 0.42261827 0
vn 0.90630782 0.42261827 0
vn 0.93969262 0.34202015 0
vn 0.93969262 0.34202015 0
vn 0.96592581 0.25881904 0
vn 0.96592581 0.25881904 0
vn 0.98480773 0.17364818 0
vn 0.98480773 0.17364818 0
vn 0.99619472 0.08715574 0
vn 0.99619472 0.08715574 0
vn 1 0 0
vn 1 0 0
vn 0.99619472 -0.08715574 0
vn 0.99619472 -0.08715574 0
vn 0.98480773 -0.17364818 0
vn 0.98480773 -0.17364818 0
vn 0.96592581 -0.25881904 0
vn 0.96592581 -0.25881904 0
vn 0.93969262 -0.34202015 0
vn 0.93969262 -0.34202015 0
vn 0.90630782 -0.42261827 0
vn 0.90630782 -0.42261827 0
vn 0.86602539 -0.50000000 0
vn 0.86602539 -0.50000000 0
vn 0.81915206 -0.57357645 0
vn 0.81915206 -0.57357645 0
vn 0.76604444 -0.64278764 0
vn 0.76604444 -0.64278764 0
vn 0.70710677 -0.70710677 0
vn 0.70710677 -0.70710677 0
vn 0.64278764 -0.76604444 0
vn 0.64278764 -0.76604444 0
vn 0.57357645 -0.81915206 0
vn 0.57357645 -0.81915206 0
vn 0.50000000 -0.86602539 0
vn 0.50000000 -0.86602539 0
vn 0.42261827 -0.90630782 0
vn 0.42261827 -0.90630782 0
vn 0.34202015 -0.93969262 0
vn 0.34202015 -0.93969262 0
vn 0.25881904 -0.96592581 0
vn 0.25881904 -0.96592581 0
vn 0.17364818 -0.98480773 0
vn 0.17364818 -0.98480773 0
vn 0.08715574 -0.99619472 0
vn 0.08715574 -0.99619472 0
vn 0.00000000 -1 0
vn 0.00000000 -1 0
vn -0.08715574 -0.99619472 0
vn -0.08715574 -0.99619472 0
vn -0.17364818 -0.98480773 0
vn -0.17364818 -0.98480773 0
vn -0.25881904 -0.96592581 0
vn -0.25881904 -0.96592581 0
vn -0.34202015 -0.93969262 0
vn -0.34202015 -0.93969262 0
vn -0.42261827 -0.90630782 0
vn -0.42261827 -0.90630782 0
vn -0.50000000 -0.86602539 0
vn -0.50000000 -0.86602539 0
vn -0.57357645 -0.81915206 0
vn -0.57357645 -0.81915206 0
vn -0.64278764 -0.76604444 0
vn -0.64278764 -0.76604444 0
vn -0.70710677 -0.70710677 0
vn -0.70710677 -0.70710677 0
vn -0.76604444 -0.64278764 0
vn -0.76604444 -0.64278764 0
vn -0.81915206 -0.57357645 0
vn -0.81915206 -0.57357645 0
vn -0.86602539 -0.50000000 0
vn -0.86602539 -0.50000000 0
vn -0.90630782 -0.42261827 0
vn -0.90630782 -0.42261827 0
vn -0.93969262 -0.34202015 0
vn -0.93969262 -0.34202015 0
vn -0.96592581 -0.25881904 0
vn -0.96592581 -0.25881904 0
vn -0.98480773 -0.17364818 0
vn -0.98480773 -0.17364818 0
vn -0.99619472 -0.08715574 0
vn -0.99619472 -0.08715574 0
vn 0 0 1
vn 0 0 1
vn 0 0 1
vn 0 0 1
vn 0 0 1
vn 0 0 1
vn 0 0 1
vn 0 0 1
vn 0 0 1
vn 0 0 1
vn 0 0 1
vn 0 0 1
vn 0 0 1
vn 0 0 1
vn 0 0 1
vn 0 0 1
vn 0 0 1
vn 0 0 1
vn 0 0 1
vn 0 0 1
vn 0 0 1
vn 0 0 1
vn 0 0 1
vn 0 0 1
vn 0 0 1
vn 0 0 1
vn 0 0 1
vn 0 0 1
vn 0 0 1
vn 0 0 1
vn 0 0 1
vn 0 0 1
vn 0 0 1
vn 0 0 1
vn 0 0 1
vn 0 0 1
vn 0 0 1
vn 0 0 1
vn 0 0 1
vn 0 0 1
vn 0 0 1
vn 0 0 1
vn 0 0 1
vn 0 0 1
vn 0 0 1
vn 0 0 1
vn 0 0 1
vn 0 0 1
vn 0 0 1
vn 0 0 1
vn 0 0 1
vn 0 0 1
vn 0 0 1
vn 0 0 1
vn 0 0 1
vn 0 0 1
vn 0 0 1
vn 0 0 1
vn 0 0 1
vn 0 0 1
vn 0 0 1
vn 0 0 1
vn 0 0 1
vn 0 0 1
vn 0 0 1
vn 0 0 1
vn 0 0 1
vn 0 0 1
vn 0 0 1
vn 0 0 1
vn 0 0 1
vn 0 0 1
vn 0 0 1
vn 0 0 1
vn 0 0 1
vn 0 0 1
vn 0 0 1
vn 0 0 1
vn 0 0 1
vn 0 0 1
vn 0 0 1
vn 0 0 1
vn 0 0 1
vn 0 0 1
vn 0 0 1
vn 0 0 1
vn 0 0 1
vn 0 0 1
vn 0 0 1
vn 0 0 1
vn 0 0 1
vn 0 0 1
vn 0 0 1
vn 0 0 1
vn 0 0 1
vn 0 0 1
vn 0 0 1
vn 0 0 1
vn 0 0 1
vn 0 0 1
vn 0 0 1
vn 0 0 1
vn 0 0 1
vn 0 0 1
vn 0 0 1
vn 0 0 1
vn 0 0 1
vn 0 0 1
vn 0 0 1
vn 0 0 1
vn 0 0 1
vn 0 0 1
vn 0 0 1
vn 0 0 1
vn 0 0 1
vn 0 0 1
vn 0 0 1
vn 0 0 1
vn 0 0 1
vn 0 0 1
vn 0 0 1
vn 0 0 1
vn 0 0 1
vn 0 0 1
vn 0 0 1
vn 0 0 1
vn 0 0 1
vn 0 0 1
vn 0 0 1
vn 0 0 1
vn 0 0 1
vn 0 0 1
vn 0 0 1
vn 0 0 1
vn 0 0 1
vn 0 0 1
vn 0 0 1
vn 0 0 1
vn 0 0 1
vn 0 0 1
vn 0 0 1
vn 0 0 1
vn 0 0 1
vn 0 0 1
vn 0.99619472 0.08715574 0
vn 1 0.00000000 0
vn 1 0.00000000 0
vn 0.98480773 0.17364818 0
vn 0.99619472 0.08715574 0
vn 0.96592581 0.25881904 0
vn 0.98480773 0.17364818 0
vn 0.93969262 0.34202015 0
vn 0.96592581 0.25881904 0
vn 0.90630782 0.42261827 0
vn 0.93969262 0.34202015 0
vn 0.86602539 0.50000000 0
vn 0.90630782 0.42261827 0
vn 0.81915206 0.57357645 0
vn 0.86602539 0.50000000 0
vn 0.76604444 0.64278764 0
vn 0.81915206 0.57357645 0
vn 0.70710677 0.70710677 0
vn 0.76604444 0.64278764 0
vn 0.64278764 0.76604444 0
vn 0.70710677 0.70710677 0
vn 0.57357645 0.81915206 0
vn 0.64278764 0.76604444 0
vn 0.50000000 0.86602539 0
vn 0.57357645 0.81915206 0
vn 0.42261827 0.90630782 0
vn 0.50000000 0.86602539 0
vn 0.34202015 0.93969262 0
vn 0.42261827 0.90630782 0
vn 0.25881904 0.96592581 0
vn 0.34202015 0.93969262 0
vn 0.17364818 0.98480773 0
vn 0.25881904 0.96592581 0
vn 0.08715574 0.99619472 0
vn 0.17364818 0.98480773 0
vn -0.00000000 1 0
vn 0.08715574 0.99619472 0
vn -0.08715574 0.99619472 0
vn -0.00000000 1 0
vn -0.17364818 0.98480773 0
vn -0.08715574 0.99619472 0
vn -0.25881904 0.96592581 0
vn -0.17364818 0.98480773 0
vn -0.34202015 0.93969262 0
vn -0.25881904 0.96592581 0
vn -0.42261827 0.90630782 0
vn -0.34202015 0.93969262 0
vn -0.50000000 0.86602539 0
vn -0.42261827 0.90630782 0
vn -0.57357645 0.81915206 0
vn -0.50000000 0.86602539 0
vn -0.64278764 0.76604444 0
vn -0.57357645 0.81915206 0
vn -0.70710677 0.70710677 0
vn -0.64278764 0.76604444 0
vn -0.76604444 0.64278764 0
vn -0.70710677 0.70710677 0
vn -0.81915206 0.57357645 0
vn -0.76604444 0.64278764 0
vn -0.86602539 0.50000000 0
vn -0.81915206 0.57357645 0
vn -0.90630782 0.42261827 0
vn -0.86602539 0.50000000 0
vn -0.93969262 0.34202015 0
vn -0.90630782 0.42261827 0
vn -0.96592581 0.25881904 0
vn -0.93969262 0.34202015 0
vn -0.98480773 0.17364818 0
vn -0.96592581 0.25881904 0
vn -0.99619472 0.08715574 0
vn -0.98480773 0.17364818 0
vn -1 0 0
vn -0.99619472 0.08715574 0
vn -0.99619472 -0.08715574 0
vn -1 0 0
vn -0.98480773 -0.17364818 0
vn -0.99619472 -0.08715574 0
vn -0.96592581 -0.25881904 0
vn -0.98480773 -0.17364818 0
vn -0.93969262 -0.34202015 0
vn -0.96592581 -0.25881904 0
vn -0.90630782 -0.42261827 0
vn -0.93969262 -0.34202015 0
vn -0.86602539 -0.50000000 0
vn -0.90630782 -0.42261827 0
vn -0.81915206 -0.57357645 0
vn -0.86602539 -0.50000000 0
vn -0.76604444 -0.64278764 0
vn -0.81915206 -0.57357645 0
vn -0.70710677 -0.70710677 0
vn -0.76604444 -0.64278764 0
vn -0.64278764 -0.76604444 0
vn -0.70710677 -0.70710677 0
vn -0.57357645 -0.81915206 0
vn -0.64278764 -0.76604444 0
vn -0.50000000 -0.86602539 0
vn -0.57357645 -0.81915206 0
vn -0.42261827 -0.90630782 0
vn -0.50000000 -0.86602539 0
vn -0.34202015 -0.93969262 0
vn -0.42261827 -0.90630782 0
vn -0.25881904 -0.96592581 0
vn -0.34202015 -0.93969262 0
vn -0.17364818 -0.98480773 0
vn -0.25881904 -0.96592581 0
vn -0.08715574 -0.99619472 0
vn -0.17364818 -0.98480773 0
vn 0.00000000 -1 0
vn -0.08715574 -0.99619472 0
vn 0.08715574 -0.99619472 0
vn 0.00000000 -1 0
vn 0.17364818 -0.98480773 0
vn 0.08715574 -0.99619472 0
vn 0.25881904 -0.96592581 0
vn 0.17364818 -0.98480773 0
vn 0.34202015 -0.93969262 0
vn 0.25881904 -0.96592581 0
vn 0.42261827 -0.90630782 0
vn 0.34202015 -0.93969262 0
vn 0.50000000 -0.86602539 0
vn 0.42261827 -0.90630782 0
vn 0.57357645 -0.81915206 0
vn 0.50000000 -0.86602539 0
vn 0.64278764 -0.76604444 0
vn 0.57357645 -0.81915206 0
vn 0.70710677 -0.70710677 0
vn 0.64278764 -0.76604444 0
vn 0.76604444 -0.64278764 0
vn 0.70710677 -0.70710677 0
vn 0.81915206 -0.57357645 0
vn 0.76604444 -0.64278764 0
vn 0.86602539 -0.50000000 0
vn 0.81915206 -0.57357645 0
vn 0.90630782 -0.42261827 0
vn 0.86602539 -0.50000000 0
vn 0.93969262 -0.34202015 0
vn 0.90630782 -0.42261827 0
vn 0.96592581 -0.25881904 0
vn 0.93969262 -0.34202015 0
vn 0.98480773 -0.17364818 0
vn 0.96592581 -0.25881904 0
vn 0.99619472 -0.08715574 0
vn 0.98480773 -0.17364818 0
vn 0.99619472 -0.08715574 0
vn 0 0 1
vn 0 0 1
vn 0 0 1
vn 0 0 1
vn 0 0 1
vn 0 0 1
vn 0 0 1
vn 0 0 1
vn 0 0 1
vn 0 0 1
vn 0 0 1
vn 0 0 1
vn 0 0 1
vn 0 0 1
vn 0 0 1
vn 0 0 1
vn 0 0 1
vn 0 0 1
vn 0 0 1
vn 0 0 1
vn 0 0 1
vn 0 0 1
vn 0 0 1
vn 0 0 1
vn 0 0 1
vn 0 0 1
vn 0 0 1
vn 0 0 1
vn 0 0 1
vn 0 0 1
vn 0 0 1
vn 0 0 1
vn 0 0 1
vn 0 0 1
vn 0 0 1
vn 0 0 1
vn 0 0 1
vn 0 0 1
vn 0 0 1
vn 0 0 1
vn 0 0 1
vn 0 0 1
vn 0 0 1
vn 0 0 1
vn 0 0 1
vn 0 0 1
vn 0 0 1
vn 0 0 1
vn 0 0 1
vn 0 0 1
vn 0 0 1
vn 0 0 1
vn 0 0 1
vn 0 0 1
vn 0 0 1
vn 0 0 1
vn 0 0 1
vn 0 0 1
vn 0 0 1
vn 0 0 1
vn 0 0 1
vn 0 0 1
vn 0 0 1
vn 0 0 1
vn 0 0 1
vn 0 0 1
vn 0 0 1
vn 0 0 1
vn 0 0 1
vn 0 0 1
vn 0 0 1
vn 0 0 1
vn 0 0 1
vn 0 0 1
vn 0 0 1
vn 0 0 1
vn 0 0 1
vn 0 0 1
vn 0 0 1
vn 0 0 1
vn 0 0 1
vn 0 0 1
vn 0 0 1
vn 0 0 1
vn 0 0 1
vn 0 0 1
vn 0 0 1
vn 0 0 1
vn 0 0 1
vn 0 0 1
vn 0 0 1
vn 0 0 1
vn 0 0 1
vn 0 0 1
vn 0 0 1
vn 0 0 1
vn 0 0 1
vn 0 0 1
vn 0 0 1
vn 0 0 1
vn 0 0 1
vn 0 0 1
vn 0 0 1
vn 0 0 1
vn 0 0 1
vn 0 0 1
vn 0 0 1
vn 0 0 1
vn 0 0 1
vn 0 0 1
vn 0 0 1
vn 0 0 1
vn 0 0 1
vn 0 0 1
vn 0 0 1
vn 0 0 1
vn 0 0 1
vn 0 0 1
vn 0 0 1
vn 0 0 1
vn 0 0 1
vn 0 0 1
vn 0 0 1
vn 0 0 1
vn 0 0 1
vn 0 0 1
vn 0 0 1
vn 0 0 1
vn 0 0 1
vn 0 0 1
vn 0 0 1
vn 0 0 1
vn 0 0 1
vn 0 0 1
vn 0 0 1
vn 0 0 1
vn 0 0 1
vn 0 0 1
vn 0 0 1
vn 0 0 1
vn 0 0 1
vn 0 0 1
vn 0 0 1
vn 0 0 1
vn -0.99619472 0.08715574 0
vn -1 0 0
vn -1 0 0
vn -0.98480773 0.17364818 0
vn -0.99619472 0.08715574 0
vn -0.96592581 0.25881904 0
vn -0.98480773 0.17364818 0
vn -0.93969262 0.34202015 0
vn -0.96592581 0.25881904 0
vn -0.90630782 0.42261827 0
vn -0.93969262 0.34202015 0
vn -0.86602539 0.50000000 0
vn -0.90630782 0.42261827 0
vn -0.81915206 0.57357645 0
vn -0.86602539 0.50000000 0
vn -0.76604444 0.64278764 0
vn -0.81915206 0.57357645 0
vn -0.70710677 0.70710677 0
vn -0.76604444 0.64278764 0
vn -0.64278764 0.76604444 0
vn -0.70710677 0.70710677 0
vn -0.57357645 0.81915206 0
vn -0.64278764 0.76604444 0
vn -0.50000000 0.86602539 0
vn -0.57357645 0.81915206 0
vn -0.42261827 0.90630782 0
vn -0.50000000 0.86602539 0
vn -0.34202015 0.93969262 0
vn -0.42261827 0.90630782 0
vn -0.25881904 0.96592581 0
vn -0.34202015 0.93969262 0
vn -0.17364818 0.98480773 0
vn -0.25881904 0.96592581 0
vn -0.08715574 0.99619472 0
vn -0.17364818 0.98480773 0
vn 0.00000000 1 0
vn -0.08715574 0.99619472 0
vn 0.08715574 0.99619472 0
vn 0.00000000 1 0
vn 0.17364818 0.98480773 0
vn 0.08715574 0.99619472 0
vn 0.25881904 0.96592581 0
vn 0.17364818 0.98480773 0
vn 0.34202015 0.93969262 0
vn 0.25881904 0.96592581 0
vn 0.42261827 0.90630782 0
vn 0.34202015 0.93969262 0
vn 0.50000000 0.86602539 0
vn 0.42261827 0.90630782 0
vn 0.57357645 0.81915206 0
vn 0.50000000 0.86602539 0
vn 0.64278764 0.76604444 0
vn 0.57357645 0.81915206 0
vn 0.70710677 0.70710677 0
vn 0.64278764 0.76604444 0
vn 0.76604444 0.64278764 0
vn 0.70710677 0.70710677 0
vn 0.81915206 0.57357645 0
vn 0.76604444 0.64278764 0
vn 0.86602539 0.50000000 0
vn 0.81915206 0.57357645 0
vn 0.90630782 0.42261827 0
vn 0.86602539 0.50000000 0
vn 0.93969262 0.34202015 0
vn 0.90630782 0.42261827 0
vn 0.96592581 0.25881904 0
vn 0.93969262 0.34202015 0
vn 0.98480773 0.17364818 0
vn 0.96592581 0.25881904 0
vn 0.99619472 0.08715574 0
vn 0.98480773 0.17364818 0
vn 1 -0.00000000 0
vn 0.99619472 0.08715574 0
vn 0.99619472 -0.08715574 0
vn 1 -0.00000000 0
vn 0.98480773 -0.17364818 0
vn 0.99619472 -0.08715574 0
vn 0.96592581 -0.25881904 0
vn 0.98480773 -0.17364818 0
vn 0.93969262 -0.34202015 0
vn 0.96592581 -0.25881904 0
vn 0.90630782 -0.42261827 0
vn 0.93969262 -0.34202015 0
vn 0.86602539 -0.50000000 0
vn 0.90630782 -0.42261827 0
vn 0.81915206 -0.57357645 0
vn 0.86602539 -0.50000000 0
vn 0.76604444 -0.64278764 0
vn 0.81915206 -0.57357645 0
vn 0.70710677 -0.70710677 0
vn 0.76604444 -0.64278764 0
vn 0.64278764 -0.76604444 0
vn 0.70710677 -0.70710677 0
vn 0.57357645 -0.81915206 0
vn 0.64278764 -0.76604444 0
vn 0.50000000 -0.86602539 0
vn 0.57357645 -0.81915206 0
vn 0.42261827 -0.90630782 0
vn 0.50000000 -0.86602539 0
vn 0.34202015 -0.93969262 0
vn 0.42261827 -0.90630782 0
vn 0.25881904 -0.96592581 0
vn 0.34202015 -0.93969262 0
vn 0.17364818 -0.98480773 0
vn 0.25881904 -0.96592581 0
vn 0.08715574 -0.99619472 0
vn 0.17364818 -0.98480773 0
vn -0.00000000 -1 0
vn 0.08715574 -0.99619472 0
vn -0.08715574 -0.99619472 0
vn -0.00000000 -1 0
vn -0.17364818 -0.98480773 0
vn -0.08715574 -0.99619472 0
vn -0.25881904 -0.96592581 0
vn -0.17364818 -0.98480773 0
vn -0.34202015 -0.93969262 0
vn -0.25881904 -0.96592581 0
vn -0.42261827 -0.90630782 0
vn -0.34202015 -0.93969262 0
vn -0.50000000 -0.86602539 0
vn -0.42261827 -0.90630782 0
vn -0.57357645 -0.81915206 0
vn -0.50000000 -0.86602539 0
vn -0.64278764 -0.76604444 0
vn -0.57357645 -0.81915206 0
vn -0.70710677 -0.70710677 0
vn -0.64278764 -0.76604444 0
vn -0.76604444 -0.64278764 0
vn -0.70710677 -0.70710677 0
vn -0.81915206 -0.57357645 0
vn -0.76604444 -0.64278764 0
vn -0.86602539 -0.50000000 0
vn -0.81915206 -0.57357645 0
vn -0.90630782 -0.42261827 0
vn -0.86602539 -0.50000000 0
vn -0.93969262 -0.34202015 0
vn -0.90630782 -0.42261827 0
vn -0.96592581 -0.25881904 0
vn -0.93969262 -0.34202015 0
vn -0.98480773 -0.17364818 0
vn -0.96592581 -0.25881904 0
vn -0.99619472 -0.08715574 0
vn -0.98480773 -0.17364818 0
vn -0.99619472 -0.08715574 0
vn -1 0 0
vn -1 0 0
vn -0.99619472 0.08715574 0
vn -0.99619472 0.08715574 0
vn -0.98480773 0.17364818 0
vn -0.98480773 0.17364818 0
vn -0.96592581 0.25881904 0
vn -0.96592581 0.25881904 0
vn -0.93969262 0.34202015 0
vn -0.93969262 0.34202015 0
vn -0.90630782 0.42261827 0
vn -0.90630782 0.42261827 0
vn -0.86602539 0.50000000 0
vn -0.86602539 0.50000000 0
vn -0.81915206 0.57357645 0
vn -0.81915206 0.57357645 0
vn -0.76604444 0.64278764 0
vn -0.76604444 0.64278764 0
vn -0.70710677 0.70710677 0
vn -0.70710677 0.70710677 0
vn -0.64278764 0.76604444 0
vn -0.64278764 0.76604444 0
vn -0.57357645 0.81915206 0
vn -0.57357645 0.81915206 0
vn -0.50000000 0.86602539 0
vn -0.50000000 0.86602539 0
vn -0.42261827 0.90630782 0
vn -0.42261827 0.90630782 0
vn -0.34202015 0.93969262 0
vn -0.34202015 0.93969262 0
vn -0.25881904 0.96592581 0
vn -0.25881904 0.96592581 0
vn -0.17364818 0.98480773 0
vn -0.17364818 0.98480773 0
vn -0.08715574 0.99619472 0
vn -0.08715574 0.99619472 0
vn -0.00000000 1 0
vn -0.00000000 1 0
vn 0.08715574 0.99619472 0
vn 0.08715574 0.99619472 0
vn 0.17364818 0.98480773 0
vn 0.17364818 0.98480773 0
vn 0.25881904 0.96592581 0
vn 0.25881904 0.96592581 0
vn 0.34202015 0.93969262 0
vn 0.34202015 0.93969262 0
vn 0.42261827 0.90630782 0
vn 0.42261827 0.90630782 0
vn 0.50000000 0.86602539 0
vn 0.50000000 0.86602539 0
vn 0.57357645 0.81915206 0
vn 0.57357645 0.81915206 0
vn 0.64278764 0.76604444 0
vn 0.64278764 0.76604444 0
vn 0.70710677 0.70710677 0
vn 0.70710677 0.70710677 0
vn 0.76604444 0.64278764 0
vn 0.76604444 0.64278764 0
vn 0.81915206 0.57357645 0
vn 0.81915206 0.57357645 0
vn 0.86602539 0.50000000 0
vn 0.86602539 0.50000000 0
vn 0.90630782 0.42261827 0
vn 0.90630782 0.42261827 0
vn 0.93969262 0.34202015 0
vn 0.93969262 0.34202015 0
vn 0.96592581 0.25881904 0
vn 0.96592581 0.25881904 0
vn 0.98480773 0.17364818 0
vn 0.98480773 0.17364818 0
vn 0.99619472 0.08715574 0
vn 0.99619472 0.08715574 0
vn 1 0 0
vn 1 0 0
vn 0.99619472 -0.08715574 0
vn 0.99619472 -0.08715574 0
vn 0.98480773 -0.17364818 0
vn 0.98480773 -0.17364818 0
vn 0.96592581 -0.25881904 0
vn 0.96592581 -0.25881904 0
vn 0.93969262 -0.34202015 0
vn 0.93969262 -0.34202015 0
vn 0.90630782 -0.42261827 0
vn 0.90630782 -0.42261827 0
vn 0.86602539 -0.50000000 0
vn 0.86602539 -0.50000000 0
vn 0.81915206 -0.57357645 0
vn 0.81915206 -0.57357645 0
vn 0.76604444 -0.64278764 0
vn 0.76604444 -0.64278764 0
vn 0.70710677 -0.70710677 0
vn 0.70710677 -0.70710677 0
vn 0.64278764 -0.76604444 0
vn 0.64278764 -0.76604444 0
vn 0.57357645 -0.81915206 0
vn 0.57357645 -0.81915206 0
vn 0.50000000 -0.86602539 0
vn 0.50000000 -0.86602539 0
vn 0.42261827 -0.90630782 0
vn 0.42261827 -0.90630782 0
vn 0.34202015 -0.93969262 0
vn 0.34202015 -0.93969262 0
vn 0.25881904 -0.96592581 0
vn 0.25881904 -0.96592581 0
vn 0.17364818 -0.98480773 0
vn 0.17364818 -0.98480773 0
vn 0.08715574 -0.99619472 0
vn 0.08715574 -0.99619472 0
vn 0.00000000 -1 0
vn 0.00000000 -1 0
vn -0.08715574 -0.99619472 0
vn -0.08715574 -0.99619472 0
vn -0.17364818 -0.98480773 0
vn -0.17364818 -0.98480773 0
vn -0.25881904 -0.96592581 0
vn -0.25881904 -0.96592581 0
vn -0.34202015 -0.93969262 0
vn -0.34202015 -0.93969262 0
vn -0.42261827 -0.90630782 0
vn -0.42261827 -0.90630782 0
vn -0.50000000 -0.86602539 0
vn -0.50000000 -0.86602539 0
vn -0.57357645 -0.81915206 0
vn -0.57357645 -0.81915206 0
vn -0.64278764 -0.76604444 0
vn -0.64278764 -0.76604444 0
vn -0.70710677 -0.70710677 0
vn -0.70710677 -0.70710677 0
vn -0.76604444 -0.64278764 0
vn -0.76604444 -0.64278764 0
vn -0.81915206 -0.57357645 0
vn -0.81915206 -0.57357645 0
vn -0.86602539 -0.50000000 0
vn -0.86602539 -0.50000000 0
vn -0.90630782 -0.42261827 0
vn -0.90630782 -0.42261827 0
vn -0.93969262 -0.34202015 0
vn -0.93969262 -0.34202015 0
vn -0.96592581 -0.25881904 0
vn -0.96592581 -0.25881904 0
vn -0.98480773 -0.17364818 0
vn -0.98480773 -0.17364818 0
vn -0.99619472 -0.08715574 0
vn -0.99619472 -0.08715574 0
vn 0 0 1
vn 0 0 1
vn 0 0 1
vn 0 0 1
vn 0 0 1
vn 0 0 1
vn 0 0 1
vn 0 0 1
vn 0 0 1
vn 0 0 1
vn 0 0 1
vn 0 0 1
vn 0 0 1
vn 0 0 1
vn 0 0 1
vn 0 0 1
vn 0 0 1
vn 0 0 1
vn 0 0 1
vn 0 0 1
vn 0 0 1
vn 0 0 1
vn 0 0 1
vn 0 0 1
vn 0 0 1
vn 0 0 1
vn 0 0 1
vn 0 0 1
vn 0 0 1
vn 0 0 1
vn 0 0 1
vn 0 0 1
vn 0 0 1
vn 0 0 1
vn 0 0 1
vn 0 0 1
vn 0 0 1
vn 0 0 1
vn 0 0 1
vn 0 0 1
vn 0 0 1
vn 0 0 1
vn 0 0 1
vn 0 0 1
vn 0 0 1
vn 0 0 1
vn 0 0 1
vn 0 0 1
vn 0 0 1
vn 0 0 1
vn 0 0 1
vn 0 0 1
vn 0 0 1
vn 0 0 1
vn 0 0 1
vn 0 0 1
vn 0 0 1
vn 0 0 1
vn 0 0 1
vn 0 0 1
vn 0 0 1
vn 0 0 1
vn 0 0 1
vn 0 0 1
vn 0 0 1
vn 0 0 1
vn 0 0 1
vn 0 0 1
vn 0 0 1
vn 0 0 1
vn 0 0 1
vn 0 0 1
vn 0 0 1
vn 0 0 1
vn 0 0 1
vn 0 0 1
vn 0 0 1
vn 0 0 1
vn 0 0 1
vn 0 0 1
vn 0 0 1
vn 0 0 1
vn 0 0 1
vn 0 0 1
vn 0 0 1
vn 0 0 1
vn 0 0 1
vn 0 0 1
vn 0 0 1
vn 0 0 1
vn 0 0 1
vn 0 0 1
vn 0 0 1
vn 0 0 1
vn 0 0 1
vn 0 0 1
vn 0 0 1
vn 0 0 1
vn 0 0 1
vn 0 0 1
vn 0 0 1
vn 0 0 1
vn 0 0 1
vn 0 0 1
vn 0 0 1
vn 0 0 1
vn 0 0 1
vn 0 0 1
vn 0 0 1
vn 0 0 1
vn 0 0 1
vn 0 0 1
vn 0 0 1
vn 0 0 1
vn 0 0 1
vn 0 0 1
vn 0 0 1
vn 0 0 1
vn 0 0 1
vn 0 0 1
vn 0 0 1
vn 0 0 1
vn 0 0 1
vn 0 0 1
vn 0 0 1
vn 0 0 1
vn 0 0 1
vn 0 0 1
vn 0 0 1
vn 0 0 1
vn 0 0 1
vn 0 0 1
vn 0 0 1
vn 0 0 1
vn 0 0 1
vn 0 0 1
vn 0 0 1
vn 0 0 1
vn 0 0 1
vn 0 0 1
vn 0 0 1
vn 0 0 1
vn 0 0 1
vn 0 0 1
vn 0.99619472 0.08715574 0
vn 1 0.00000000 0
vn 1 0.00000000 0
vn 0.98480773 0.17364818 0
vn 0.99619472 0.08715574 0
vn 0.96592581 0.25881904 0
vn 0.98480773 0.17364818 0
vn 0.93969262 0.34202015 0
vn 0.96592581 0.25881904 0
vn 0.90630782 0.42261827 0
vn 0.93969262 0.34202015 0
vn 0.86602539 0.50000000 0
vn 0.90630782 0.42261827 0
vn 0.81915206 0.57357645 0
vn 0.86602539 0.50000000 0
vn 0.76604444 0.64278764 0
vn 0.81915206 0.57357645 0
vn 0.70710677 0.70710677 0
vn 0.76604444 0.64278764 0
vn 0.64278764 0.76604444 0
vn 0.70710677 0.70710677 0
vn 0.57357645 0.81915206 0
vn 0.64278764 0.76604444 0
vn 0.50000000 0.86602539 0
vn 0.57357645 0.81915206 0
vn 0.42261827 0.90630782 0
vn 0.50000000 0.86602539 0
vn 0.34202015 0.93969262 0
vn 0.42261827 0.90630782 0
vn 0.25881904 0.96592581 0
vn 0.34202015 0.93969262 0
vn 0.17364818 0.98480773 0
vn 0.25881904 0.96592581 0
vn 0.08715574 0.99619472 0
vn 0.17364818 0.98480773 0
vn -0.00000000 1 0
vn 0.08715574 0.99619472 0
vn -0.08715574 0.99619472 0
vn -0.00000000 1 0
vn -0.17364818 0.98480773 0
vn -0.08715574 0.99619472 0
vn -0.25881904 0.96592581 0
vn -0.17364818 0.98480773 0
vn -0.34202015 0.93969262 0
vn -0.25881904 0.96592581 0
vn -0.42261827 0.90630782 0
vn -0.34202015 0.93969262 0
vn -0.50000000 0.86602539 0
vn -0.42261827 0.90630782 0
vn -0.57357645 0.81915206 0
vn -0.50000000 0.86602539 0
vn -0.64278764 0.76604444 0
vn -0.57357645 0.81915206 0
vn -0.70710677 0.70710677 0
vn -0.64278764 0.76604444 0
vn -0.76604444 0.64278764 0
vn -0.70710677 0.70710677 0
vn -0.81915206 0.57357645 0
vn -0.76604444 0.64278764 0
vn -0.86602539 0.50000000 0
vn -0.81915206 0.57357645 0
vn -0.90630782 0.42261827 0
vn -0.86602539 0.50000000 0
vn -0.93969262 0.34202015 0
vn -0.90630782 0.42261827 0
vn -0.96592581 0.25881904 0
vn -0.93969262 0.34202015 0
vn -0.98480773 0.17364818 0
vn -0.96592581 0.25881904 0
vn -0.99619472 0.08715574 0
vn -0.98480773 0.17364818 0
vn -1 0 0
vn -0.99619472 0.08715574 0
vn -0.99619472 -0.08715574 0
vn -1 0 0
vn -0.98480773 -0.17364818 0
vn -0.99619472 -0.08715574 0
vn -0.96592581 -0.25881904 0
vn -0.98480773 -0.17364818 0
vn -0.93969262 -0.34202015 0
vn -0.96592581 -0.25881904 0
vn -0.90630782 -0.42261827 0
vn -0.93969262 -0.34202015 0
vn -0.86602539 -0.50000000 0
vn -0.90630782 -0.42261827 0
vn -0.81915206 -0.57357645 0
vn -0.86602539 -0.50000000 0
vn -0.76604444 -0.64278764 0
vn -0.81915206 -0.57357645 0
vn -0.70710677 -0.70710677 0
vn -0.76604444 -0.64278764 0
vn -0.64278764 -0.76604444 0
vn -0.70710677 -0.70710677 0
vn -0.57357645 -0.81915206 0
vn -0.64278764 -0.76604444 0
vn -0.50000000 -0.86602539 0
vn -0.57357645 -0.81915206 0
vn -0.42261827 -0.90630782 0
vn -0.50000000 -0.86602539 0
vn -0.34202015 -0.93969262 0
vn -0.42261827 -0.90630782 0
vn -0.25881904 -0.96592581 0
vn -0.34202015 -0.93969262 0
vn -0.17364818 -0.98480773 0
vn -0.25881904 -0.96592581 0
vn -0.08715574 -0.99619472 0
vn -0.17364818 -0.98480773 0
vn 0.00000000 -1 0
vn -0.08715574 -0.99619472 0
vn 0.08715574 -0.99619472 0
vn 0.00000000 -1 0
vn 0.17364818 -0.98480773 0
vn 0.08715574 -0.99619472 0
vn 0.25881904 -0.96592581 0
vn 0.17364818 -0.98480773 0
vn 0.34202015 -0.93969262 0
vn 0.25881904 -0.96592581 0
vn 0.42261827 -0.90630782 0
vn 0.34202015 -0.93969262 0
vn 0.50000000 -0.86602539 0
vn 0.42261827 -0.90630782 0
vn 0.57357645 -0.81915206 0
vn 0.50000000 -0.86602539 0
vn 0.64278764 -0.76604444 0
vn 0.57357645 -0.81915206 0
vn 0.70710677 -0.70710677 0
vn 0.64278764 -0.76604444 0
vn 0.76604444 -0.64278764 0
vn 0.70710677 -0.70710677 0
vn 0.81915206 -0.57357645 0
vn 0.76604444 -0.64278764 0
vn 0.86602539 -0.50000000 0
vn 0.81915206 -0.57357645 0
vn 0.90630782 -0.42261827 0
vn 0.86602539 -0.50000000 0
vn 0.93969262 -0.34202015 0
vn 0.90630782 -0.42261827 0
vn 0.96592581 -0.25881904 0
vn 0.93969262 -0.34202015 0
vn 0.98480773 -0.17364818 0
vn 0.96592581 -0.25881904 0
vn 0.99619472 -0.08715574 0
vn 0.98480773 -0.17364818 0
vn 0.99619472 -0.08715574 0
vn 0 0 1
vn 0 0 1
vn 0 0 1
vn 0 0 1
vn 0 0 1
vn 0 0 1
vn 0 0 1
vn 0 0 1
vn 0 0 1
vn 0 0 1
vn 0 0 1
vn 0 0 1
vn 0 0 1
vn 0 0 1
vn 0 0 1
vn 0 0 1
vn 0 0 1
vn 0 0 1
vn 0 0 1
vn 0 0 1
vn 0 0 1
vn 0 0 1
vn 0 0 1
vn 0 0 1
vn 0 0 1
vn 0 0 1
vn 0 0 1
vn 0 0 1
vn 0 0 1
vn 0 0 1
vn 0 0 1
vn 0 0 1
vn 0 0 1
vn 0 0 1
vn 0 0 1
vn 0 0 1
vn 0 0 1
vn 0 0 1
vn 0 0 1
vn 0 0 1
vn 0 0 1
vn 0 0 1
vn 0 0 1
vn 0 0 1
vn 0 0 1
vn 0 0 1
vn 0 0 1
vn 0 0 1
vn 0 0 1
vn 0 0 1
vn 0 0 1
vn 0 0 1
vn 0 0 1
vn 0 0 1
vn 0 0 1
vn 0 0 1
vn 0 0 1
vn 0 0 1
vn 0 0 1
vn 0 0 1
vn 0 0 1
vn 0 0 1
vn 0 0 1
vn 0 0 1
vn 0 0 1
vn 0 0 1
vn 0 0 1
vn 0 0 1
vn 0 0 1
vn 0 0 1
vn 0 0 1
vn 0 0 1
vn 0 0 1
vn 0 0 1
vn 0 0 1
vn 0 0 1
vn 0 0 1
vn 0 0 1
vn 0 0 1
vn 0 0 1
vn 0 0 1
vn 0 0 1
vn 0 0 1
vn 0 0 1
vn 0 0 1
vn 0 0 1
vn 0 0 1
vn 0 0 1
vn 0 0 1
vn 0 0 1
vn 0 0 1
vn 0 0 1
vn 0 0 1
vn 0 0 1
vn 0 0 1
vn 0 0 1
vn 0 0 1
vn 0 0 1
vn 0 0 1
vn 0 0 1
vn 0 0 1
vn 0 0 1
vn 0 0 1
vn 0 0 1
vn 0 0 1
vn 0 0 1
vn 0 0 1
vn 0 0 1
vn 0 0 1
vn 0 0 1
vn 0 0 1
vn 0 0 1
vn 0 0 1
vn 0 0 1
vn 0 0 1
vn 0 0 1
vn 0 0 1
vn 0 0 1
vn 0 0 1
vn 0 0 1
vn 0 0 1
vn 0 0 1
vn 0 0 1
vn 0 0 1
vn 0 0 1
vn 0 0 1
vn 0 0 1
vn 0 0 1
vn 0 0 1
vn 0 0 1
vn 0 0 1
vn 0 0 1
vn 0 0 1
vn 0 0 1
vn 0 0 1
vn 0 0 1
vn 0 0 1
vn 0 0 1
vn 0 0 1
vn 0 0 1
vn 0 0 1
vn 0 0 1
vn 0 0 1
vn 0 0 1
vn -0.99619472 0.08715574 0
vn -1 0 0
vn -1 0 0
vn -0.98480773 0.17364818 0
vn -0.99619472 0.08715574 0
vn -0.96592581 0.25881904 0
vn -0.98480773 0.17364818 0
vn -0.93969262 0.34202015 0
vn -0.96592581 0.25881904 0
vn -0.90630782 0.42261827 0
vn -0.93969262 0.34202015 0
vn -0.86602539 0.50000000 0
vn -0.90630782 0.42261827 0
vn -0.81915206 0.57357645 0
vn -0.86602539 0.50000000 0
vn -0.76604444 0.64278764 0
vn -0.81915206 0.57357645 0
vn -0.70710677 0.70710677 0
vn -0.76604444 0.64278764 0
vn -0.64278764 0.76604444 0
vn -0.70710677 0.70710677 0
vn -0.57357645 0.81915206 0
vn -0.64278764 0.76604444 0
vn -0.50000000 0.86602539 0
vn -0.57357645 0.81915206 0
vn -0.42261827 0.90630782 0
vn -0.50000000 0.86602539 0
vn -0.34202015 0.93969262 0
vn -0.42261827 0.90630782 0
vn -0.25881904 0.96592581 0
vn -0.34202015 0.93969262 0
vn -0.17364818 0.98480773 0
vn -0.25881904 0.96592581 0
vn -0.08715574 0.99619472 0
vn -0.17364818 0.98480773 0
vn 0.00000000 1 0
vn -0.08715574 0.99619472 0
vn 0.08715574 0.99619472 0
vn 0.00000000 1 0
vn 0.17364818 0.98480773 0
vn 0.08715574 0.99619472 0
vn 0.25881904 0.96592581 0
vn 0.17364818 0.98480773 0
vn 0.34202015 0.93969262 0
vn 0.25881904 0.96592581 0
vn 0.42261827 0.90630782 0
vn 0.34202015 0.93969262 0
vn 0.50000000 0.86602539 0
vn 0.42261827 0.90630782 0
vn 0.57357645 0.81915206 0
vn 0.50000000 0.86602539 0
vn 0.64278764 0.76604444 0
vn 0.57357645 0.81915206 0
vn 0.70710677 0.70710677 0
vn 0.64278764 0.76604444 0
vn 0.76604444 0.64278764 0
vn 0.70710677 0.70710677 0
vn 0.81915206 0.57357645 0
vn 0.76604444 0.64278764 0
vn 0.86602539 0.50000000 0
vn 0.81915206 0.57357645 0
vn 0.90630782 0.42261827 0
vn 0.86602539 0.50000000 0
vn 0.93969262 0.34202015 0
vn 0.90630782 0.42261827 0
vn 0.96592581 0.25881904 0
vn 0.93969262 0.34202015 0
vn 0.98480773 0.17364818 0
vn 0.96592581 0.25881904 0
vn 0.99619472 0.08715574 0
vn 0.98480773 0.17364818 0
vn 1 -0.00000000 0
vn 0.99619472 0.08715574 0
vn 0.99619472 -0.08715574 0
vn 1 -0.00000000 0
vn 0.98480773 -0.17364818 0
vn 0.99619472 -0.08715574 0
vn 0.96592581 -0.25881904 0
vn 0.98480773 -0.17364818 0
vn 0.93969262 -0.34202015 0
vn 0.96592581 -0.25881904 0
vn 0.90630782 -0.42261827 0
vn 0.93969262 -0.34202015 0
vn 0.86602539 -0.50000000 0
vn 0.90630782 -0.42261827 0
vn 0.81915206 -0.57357645 0
vn 0.86602539 -0.50000000 0
vn 0.76604444 -0.64278764 0
vn 0.81915206 -0.57357645 0
vn 0.70710677 -0.70710677 0
vn 0.76604444 -0.64278764 0
vn 0.64278764 -0.76604444 0
vn 0.70710677 -0.70710677 0
vn 0.57357645 -0.81915206 0
vn 0.64278764 -0.76604444 0
vn 0.50000000 -0.86602539 0
vn 0.57357645 -0.81915206 0
vn 0.42261827 -0.90630782 0
vn 0.50000000 -0.86602539 0
vn 0.34202015 -0.93969262 0
vn 0.42261827 -0.90630782 0
vn 0.25881904 -0.96592581 0
vn 0.34202015 -0.93969262 0
vn 0.17364818 -0.98480773 0
vn 0.25881904 -0.96592581 0
vn 0.08715574 -0.99619472 0
vn 0.17364818 -0.98480773 0
vn -0.00000000 -1 0
vn 0.08715574 -0.99619472 0
vn -0.08715574 -0.99619472 0
vn -0.00000000 -1 0
vn -0.17364818 -0.98480773 0
vn -0.08715574 -0.99619472 0
vn -0.25881904 -0.96592581 0
vn -0.17364818 -0.98480773 0
vn -0.34202015 -0.93969262 0
vn -0.25881904 -0.96592581 0
vn -0.42261827 -0.90630782 0
vn -0.34202015 -0.93969262 0
vn -0.50000000 -0.86602539 0
vn -0.42261827 -0.90630782 0
vn -0.57357645 -0.81915206 0
vn -0.50000000 -0.86602539 0
vn -0.64278764 -0.76604444 0
vn -0.57357645 -0.81915206 0
vn -0.70710677 -0.70710677 0
vn -0.64278764 -0.76604444 0
vn -0.76604444 -0.64278764 0
vn -0.70710677 -0.70710677 0
vn -0.81915206 -0.57357645 0
vn -0.76604444 -0.64278764 0
vn -0.86602539 -0.50000000 0
vn -0.81915206 -0.57357645 0
vn -0.90630782 -0.42261827 0
vn -0.86602539 -0.50000000 0
vn -0.93969262 -0.34202015 0
vn -0.90630782 -0.42261827 0
vn -0.96592581 -0.25881904 0
vn -0.93969262 -0.34202015 0
vn -0.98480773 -0.17364818 0
vn -0.96592581 -0.25881904 0
vn -0.99619472 -0.08715574 0
vn -0.98480773 -0.17364818 0
vn -0.99619472 -0.08715574 0
vn -1 0 0
vn -1 0 0
vn -0.99619472 0.08715574 0
vn -0.99619472 0.08715574 0
vn -0.98480773 0.17364818 0
vn -0.98480773 0.17364818 0
vn -0.96592581 0.25881904 0
vn -0.96592581 0.25881904 0
vn -0.93969262 0.34202015 0
vn -0.93969262 0.34202015 0
vn -0.90630782 0.42261827 0
vn -0.90630782 0.42261827 0
vn -0.86602539 0.50000000 0
vn -0.86602539 0.50000000 0
vn -0.81915206 0.57357645 0
vn -0.81915206 0.57357645 0
vn -0.76604444 0.64278764 0
vn -0.76604444 0.64278764 0
vn -0.70710677 0.70710677 0
vn -0.70710677 0.70710677 0
vn -0.64278764 0.76604444 0
vn -0.64278764 0.76604444 0
vn -0.57357645 0.81915206 0
vn -0.57357645 0.81915206 0
vn -0.50000000 0.86602539 0
vn -0.50000000 0.86602539 0
vn -0.42261827 0.90630782 0
vn -0.42261827 0.90630782 0
vn -0.34202015 0.93969262 0
vn -0.34202015 0.93969262 0
vn -0.25881904 0.96592581 0
vn -0.25881904 0.96592581 0
vn -0.17364818 0.98480773 0
vn -0.17364818 0.98480773 0
vn -0.08715574 0.99619472 0
vn -0.08715574 0.99619472 0
vn -0.00000000 1 0
vn -0.00000000 1 0
vn 0.08715574 0.99619472 0
vn 0.08715574 0.99619472 0
vn 0.17364818 0.98480773 0
vn 0.17364818 0.98480773 0
vn 0.25881904 0.96592581 0
vn 0.25881904 0.96592581 0
vn 0.34202015 0.93969262 0
vn 0.34202015 0.93969262 0
vn 0.42261827 0.90630782 0
vn 0.42261827 0.90630782 0
vn 0.50000000 0.86602539 0
vn 0.50000000 0.86602539 0
vn 0.57357645 0.81915206 0
vn 0.57357645 0.81915206 0
vn 0.64278764 0.76604444 0
vn 0.64278764 0.76604444 0
vn 0.70710677 0.70710677 0
vn 0.70710677 0.70710677 0
vn 0.76604444 0.64278764 0
vn 0.76604444 0.64278764 0
vn 0.81915206 0.57357645 0
vn 0.81915206 0.57357645 0
vn 0.86602539 0.50000000 0
vn 0.86602539 0.50000000 0
vn 0.90630782 0.42261827 0
vn 0.90630782 0.42261827 0
vn 0.93969262 0.34202015 0
vn 0.93969262 0.34202015 0
vn 0.96592581 0.25881904 0
vn 0.96592581 0.25881904 0
vn 0.98480773 0.17364818 0
vn 0.98480773 0.17364818 0
vn 0.99619472 0.08715574 0
vn 0.99619472 0.08715574 0
vn 1 0 0
vn 1 0 0
vn 0.99619472 -0.08715574 0
vn 0.99619472 -0.08715574 0
vn 0.98480773 -0.17364818 0
vn 0.98480773 -0.17364818 0
vn 0.96592581 -0.25881904 0
vn 0.96592581 -0.25881904 0
vn 0.93969262 -0.34202015 0
vn 0.93969262 -0.34202015 0
vn 0.90630782 -0.42261827 0
vn 0.90630782 -0.42261827 0
vn 0.86602539 -0.50000000 0
vn 0.86602539 -0.50000000 0
vn 0.81915206 -0.57357645 0
vn 0.81915206 -0.57357645 0
vn 0.76604444 -0.64278764 0
vn 0.76604444 -0.64278764 0
vn 0.70710677 -0.70710677 0
vn 0.70710677 -0.70710677 0
vn 0.64278764 -0.76604444 0
vn 0.64278764 -0.76604444 0
vn 0.57357645 -0.81915206 0
vn 0.57357645 -0.81915206 0
vn 0.50000000 -0.86602539 0
vn 0.50000000 -0.86602539 0
vn 0.42261827 -0.90630782 0
vn 0.42261827 -0.90630782 0
vn 0.34202015 -0.93969262 0
vn 0.34202015 -0.93969262 0
vn 0.25881904 -0.96592581 0
vn 0.25881904 -0.96592581 0
vn 0.17364818 -0.98480773 0
vn 0.17364818 -0.98480773 0
vn 0.08715574 -0.99619472 0
vn 0.08715574 -0.99619472 0
vn 0.00000000 -1 0
vn 0.00000000 -1 0
vn -0.08715574 -0.99619472 0
vn -0.08715574 -0.99619472 0
vn -0.17364818 -0.98480773 0
vn -0.17364818 -0.98480773 0
vn -0.25881904 -0.96592581 0
vn -0.25881904 -0.96592581 0
vn -0.34202015 -0.93969262 0
vn -0.34202015 -0.93969262 0
vn -0.42261827 -0.90630782 0
vn -0.42261827 -0.90630782 0
vn -0.50000000 -0.86602539 0
vn -0.50000000 -0.86602539 0
vn -0.57357645 -0.81915206 0
vn -0.57357645 -0.81915206 0
vn -0.64278764 -0.76604444 0
vn -0.64278764 -0.76604444 0
vn -0.70710677 -0.70710677 0
vn -0.70710677 -0.70710677 0
vn -0.76604444 -0.64278764 0
vn -0.76604444 -0.64278764 0
vn -0.81915206 -0.57357645 0
vn -0.81915206 -0.57357645 0
vn -0.86602539 -0.50000000 0
vn -0.86602539 -0.50000000 0
vn -0.90630782 -0.42261827 0
vn -0.90630782 -0.42261827 0
vn -0.93969262 -0.34202015 0
vn -0.93969262 -0.34202015 0
vn -0.96592581 -0.25881904 0
vn -0.96592581 -0.25881904 0
vn -0.98480773 -0.17364818 0
vn -0.98480773 -0.17364818 0
vn -0.99619472 -0.08715574 0
vn -0.99619472 -0.08715574 0
vn 0 0 1
vn 0 0 1
vn 0 0 1
vn 0 0 1
vn 0 0 1
vn 0 0 1
vn 0 0 1
vn 0 0 1
vn 0 0 1
vn 0 0 1
vn 0 0 1
vn 0 0 1
vn 0 0 1
vn 0 0 1
vn 0 0 1
vn 0 0 1
vn 0 0 1
vn 0 0 1
vn 0 0 1
vn 0 0 1
vn 0 0 1
vn 0 0 1
vn 0 0 1
vn 0 0 1
vn 0 0 1
vn 0 0 1
vn 0 0 1
vn 0 0 1
vn 0 0 1
vn 0 0 1
vn 0 0 1
vn 0 0 1
vn 0 0 1
vn 0 0 1
vn 0 0 1
vn 0 0 1
vn 0 0 1
vn 0 0 1
vn 0 0 1
vn 0 0 1
vn 0 0 1
vn 0 0 1
vn 0 0 1
vn 0 0 1
vn 0 0 1
vn 0 0 1
vn 0 0 1
vn 0 0 1
vn 0 0 1
vn 0 0 1
vn 0 0 1
vn 0 0 1
vn 0 0 1
vn 0 0 1
vn 0 0 1
vn 0 0 1
vn 0 0 1
vn 0 0 1
vn 0 0 1
vn 0 0 1
vn 0 0 1
vn 0 0 1
vn 0 0 1
vn 0 0 1
vn 0 0 1
vn 0 0 1
vn 0 0 1
vn 0 0 1
vn 0 0 1
vn 0 0 1
vn 0 0 1
vn 0 0 1
vn 0 0 1
vn 0 0 1
vn 0 0 1
vn 0 0 1
vn 0 0 1
vn 0 0 1
vn 0 0 1
vn 0 0 1
vn 0 0 1
vn 0 0 1
vn 0 0 1
vn 0 0 1
vn 0 0 1
vn 0 0 1
vn 0 0 1
vn 0 0 1
vn 0 0 1
vn 0 0 1
vn 0 0 1
vn 0 0 1
vn 0 0 1
vn 0 0 1
vn 0 0 1
vn 0 0 1
vn 0 0 1
vn 0 0 1
vn 0 0 1
vn 0 0 1
vn 0 0 1
vn 0 0 1
vn 0 0 1
vn 0 0 1
vn 0 0 1
vn 0 0 1
vn 0 0 1
vn 0 0 1
vn 0 0 1
vn 0 0 1
vn 0 0 1
vn 0 0 1
vn 0 0 1
vn 0 0 1
vn 0 0 1
vn 0 0 1
vn 0 0 1
vn 0 0 1
vn 0 0 1
vn 0 0 1
vn 0 0 1
vn 0 0 1
vn 0 0 1
vn 0 0 1
vn 0 0 1
vn 0 0 1
vn 0 0 1
vn 0 0 1
vn 0 0 1
vn 0 0 1
vn 0 0 1
vn 0 0 1
vn 0 0 1
vn 0 0 1
vn 0 0 1
vn 0 0 1
vn 0 0 1
vn 0 0 1
vn 0 0 1
vn 0 0 1
vn 0 0 1
vn 0 0 1
vn 0 0 1
vn 0 0 1
vn 0 0 1
vn 0.99619472 0.08715574 0
vn 1 0.00000000 0
vn 1 0.00000000 0
vn 0.98480773 0.17364818 0
vn 0.99619472 0.08715574 0
vn 0.96592581 0.25881904 0
vn 0.98480773 0.17364818 0
vn 0.93969262 0.34202015 0
vn 0.96592581 0.25881904 0
vn 0.90630782 0.42261827 0
vn 0.93969262 0.34202015 0
vn 0.86602539 0.50000000 0
vn 0.90630782 0.42261827 0
vn 0.81915206 0.57357645 0
vn 0.86602539 0.50000000 0
vn 0.76604444 0.64278764 0
vn 0.81915206 0.57357645 0
vn 0.70710677 0.70710677 0
vn 0.76604444 0.64278764 0
vn 0.64278764 0.76604444 0
vn 0.70710677 0.70710677 0
vn 0.57357645 0.81915206 0
vn 0.64278764 0.76604444 0
vn 0.50000000 0.86602539 0
vn 0.57357645 0.81915206 0
vn 0.42261827 0.90630782 0
vn 0.50000000 0.86602539 0
vn 0.34202015 0.93969262 0
vn 0.42261827 0.90630782 0
vn 0.25881904 0.96592581 0
vn 0.34202015 0.93969262 0
vn 0.17364818 0.98480773 0
vn 0.25881904 0.96592581 0
vn 0.08715574 0.99619472 0
vn 0.17364818 0.98480773 0
vn -0.00000000 1 0
vn 0.08715574 0.99619472 0
vn -0.08715574 0.99619472 0
vn -0.00000000 1 0
vn -0.17364818 0.98480773 0
vn -0.08715574 0.99619472 0
vn -0.25881904 0.96592581 0
vn -0.17364818 0.98480773 0
vn -0.34202015 0.93969262 0
vn -0.25881904 0.96592581 0
vn -0.42261827 0.90630782 0
vn -0.34202015 0.93969262 0
vn -0.50000000 0.86602539 0
vn -0.42261827 0.90630782 0
vn -0.57357645 0.81915206 0
vn -0.50000000 0.86602539 0
vn -0.64278764 0.76604444 0
vn -0.57357645 0.81915206 0
vn -0.70710677 0.70710677 0
vn -0.64278764 0.76604444 0
vn -0.76604444 0.64278764 0
vn -0.70710677 0.70710677 0
vn -0.81915206 0.57357645 0
vn -0.76604444 0.64278764 0
vn -0.86602539 0.50000000 0
vn -0.81915206 0.57357645 0
vn -0.90630782 0.42261827 0
vn -0.86602539 0.50000000 0
vn -0.93969262 0.34202015 0
vn -0.90630782 0.42261827 0
vn -0.96592581 0.25881904 0
vn -0.93969262 0.34202015 0
vn -0.98480773 0.17364818 0
vn -0.96592581 0.25881904 0
vn -0.99619472 0.08715574 0
vn -0.98698545 0.16080968 0
vn -0.98698545 0.16080968 0
vn -0.98480773 0.17364818 0
vn -1 -0.00000000 0
vn -0.99619472 0.08715574 0
vn -0.99619472 -0.08715574 0
vn -1 -0.00000000 0
vn -0.98480773 -0.17364818 0
vn -0.99619472 -0.08715574 0
vn -0.96592581 -0.25881904 0
vn -0.98480773 -0.17364818 0
vn -0.93969262 -0.34202015 0
vn -0.96592581 -0.25881904 0
vn -0.90630782 -0.42261827 0
vn -0.93969262 -0.34202015 0
vn -0.86602539 -0.50000000 0
vn -0.90630782 -0.42261827 0
vn -0.81915206 -0.57357645 0
vn -0.86602539 -0.50000000 0
vn -0.76604444 -0.64278764 0
vn -0.81915206 -0.57357645 0
vn -0.70710677 -0.70710677 0
vn -0.76604444 -0.64278764 0
vn -0.64278764 -0.76604444 0
vn -0.70710677 -0.70710677 0
vn -0.57357645 -0.81915206 0
vn -0.64278764 -0.76604444 0
vn -0.50000000 -0.86602539 0
vn -0.57357645 -0.81915206 0
vn -0.42261827 -0.90630782 0
vn -0.50000000 -0.86602539 0
vn -0.34202015 -0.93969262 0
vn -0.42261827 -0.90630782 0
vn -0.25881904 -0.96592581 0
vn -0.34202015 -0.93969262 0
vn -0.17364818 -0.98480773 0
vn -0.25881904 -0.96592581 0
vn -0.08715574 -0.99619472 0
vn -0.17364818 -0.98480773 0
vn 0.00000000 -1 0
vn -0.08715574 -0.99619472 0
vn 0.08715574 -0.99619472 0
vn 0.00000000 -1 0
vn 0.17364818 -0.98480773 0
vn 0.08715574 -0.99619472 0
vn 0.25881904 -0.96592581 0
vn 0.17364818 -0.98480773 0
vn 0.34202015 -0.93969262 0
vn 0.25881904 -0.96592581 0
vn 0.42261827 -0.90630782 0
vn 0.34202015 -0.93969262 0
vn 0.50000000 -0.86602539 0
vn 0.42261827 -0.90630782 0
vn 0.57357645 -0.81915206 0
vn 0.50000000 -0.86602539 0
vn 0.64278764 -0.76604444 0
vn 0.57357645 -0.81915206 0
vn 0.70710677 -0.70710677 0
vn 0.64278764 -0.76604444 0
vn 0.76604444 -0.64278764 0
vn 0.70710677 -0.70710677 0
vn 0.81915206 -0.57357645 0
vn 0.76604444 -0.64278764 0
vn 0.86602539 -0.50000000 0
vn 0.81915206 -0.57357645 0
vn 0.90630782 -0.42261827 0
vn 0.86602539 -0.50000000 0
vn 0.93969262 -0.34202015 0
vn 0.90630782 -0.42261827 0
vn 0.96592581 -0.25881904 0
vn 0.93969262 -0.34202015 0
vn 0.98480773 -0.17364818 0
vn 0.96592581 -0.25881904 0
vn 0.99619472 -0.08715574 0
vn 0.98480773 -0.17364818 0
vn 0.99619472 -0.08715574 0
vn 0 0 1
vn 0 0 1
vn 0 0 1
vn 0 0 1
vn 0 0 1
vn 0 0 1
vn 0 0 1
vn 0 0 1
vn 0 0 1
vn 0 0 1
vn 0 0 1
vn 0 0 1
vn 0 0 1
vn 0 0 1
vn 0 0 1
vn 0 0 1
vn 0 0 1
vn 0 0 1
vn 0 0 1
vn 0 0 1
vn 0 0 1
vn 0 0 1
vn 0 0 1
vn 0 0 1
vn 0 0 1
vn 0 0 1
vn 0 0 1
vn 0 0 1
vn 0 0 1
vn 0 0 1
vn 0 0 1
vn 0 0 1
vn 0 0 1
vn 0 0 1
vn 0 0 1
vn 0 0 1
vn 0 0 1
vn 0 0 1
vn 0 0 1
vn 0 0 1
vn 0 0 1
vn 0 0 1
vn 0 0 1
vn 0 0 1
vn 0 0 1
vn 0 0 1
vn 0 0 1
vn 0 0 1
vn 0 0 1
vn 0 0 1
vn 0 0 1
vn 0 0 1
vn 0 0 1
vn 0 0 1
vn 0 0 1
vn 0 0 1
vn 0 0 1
vn 0 0 1
vn 0 0 1
vn 0 0 1
vn 0 0 1
vn 0 0 1
vn 0 0 1
vn 0 0 1
vn 0 0 1
vn 0 0 1
vn 0 0 1
vn 0 0 1
vn 0 0 1
vn 0 0 1
vn 0 0 1
vn 0 0 1
vn 0 0 1
vn 0 0 1
vn 0 0 1
vn 0 0 1
vn 0 0 1
vn 0 0 1
vn 0 0 1
vn 0 0 1
vn 0 0 1
vn 0 0 1
vn 0 0 1
vn 0 0 1
vn 0 0 1
vn 0 0 1
vn 0 0 1
vn 0 0 1
vn 0 0 1
vn 0 0 1
vn 0 0 1
vn 0 0 1
vn 0 0 1
vn 0 0 1
vn 0 0 1
vn 0 0 1
vn 0 0 1
vn 0 0 1
vn 0 0 1
vn 0 0 1
vn 0 0 1
vn 0 0 1
vn 0 0 1
vn 0 0 1
vn 0 0 1
vn 0 0 1
vn 0 0 1
vn 0 0 1
vn 0 0 1
vn 0 0 1
vn 0 0 1
vn 0 0 1
vn 0 0 1
vn 0 0 1
vn 0 0 1
vn 0 0 1
vn 0 0 1
vn 0 0 1
vn 0 0 1
vn 0 0 1
vn 0 0 1
vn 0 0 1
vn 0 0 1
vn 0 0 1
vn 0 0 1
vn 0 0 1
vn 0 0 1
vn 0 0 1
vn 0 0 1
vn 0 0 1
vn 0 0 1
vn 0 0 1
vn 0 0 1
vn 0 0 1
vn 0 0 1
vn 0 0 1
vn 0 0 1
vn 0 0 1
vn 0 0 1
vn 0 0 1
vn 0 0 1
vn 0 0 1
vn 0 0 1
vn 0 0 1
vn 0 0 1
vn -0.99619472 0.08715574 0
vn -1 0 0
vn -1 0 0
vn -0.98480773 0.17364818 0
vn -0.99619472 0.08715574 0
vn -0.96592581 0.25881904 0
vn -0.98480773 0.17364818 0
vn -0.93969262 0.34202015 0
vn -0.96592581 0.25881904 0
vn -0.90630782 0.42261827 0
vn -0.93969262 0.34202015 0
vn -0.86602539 0.50000000 0
vn -0.90630782 0.42261827 0
vn -0.81915206 0.57357645 0
vn -0.86602539 0.50000000 0
vn -0.76604444 0.64278764 0
vn -0.81915206 0.57357645 0
vn -0.70710677 0.70710677 0
vn -0.76604444 0.64278764 0
vn -0.64278764 0.76604444 0
vn -0.70710677 0.70710677 0
vn -0.57357645 0.81915206 0
vn -0.64278764 0.76604444 0
vn -0.50000000 0.86602539 0
vn -0.57357645 0.81915206 0
vn -0.42261827 0.90630782 0
vn -0.50000000 0.86602539 0
vn -0.34202015 0.93969262 0
vn -0.42261827 0.90630782 0
vn -0.25881904 0.96592581 0
vn -0.34202015 0.93969262 0
vn -0.17364818 0.98480773 0
vn -0.25881904 0.96592581 0
vn -0.08715574 0.99619472 0
vn -0.17364818 0.98480773 0
vn 0.00000000 1 0
vn -0.08715574 0.99619472 0
vn 0.08715574 0.99619472 0
vn 0.00000000 1 0
vn 0.17364818 0.98480773 0
vn 0.08715574 0.99619472 0
vn 0.25881904 0.96592581 0
vn 0.17364818 0.98480773 0
vn 0.34202015 0.93969262 0
vn 0.25881904 0.96592581 0
vn 0.42261827 0.90630782 0
vn 0.34202015 0.93969262 0
vn 0.50000000 0.86602539 0
vn 0.42261827 0.90630782 0
vn 0.57357645 0.81915206 0
vn 0.50000000 0.86602539 0
vn 0.64278764 0.76604444 0
vn 0.57357645 0.81915206 0
vn 0.70710677 0.70710677 0
vn 0.64278764 0.76604444 0
vn 0.76604444 0.64278764 0
vn 0.70710677 0.70710677 0
vn 0.81915206 0.57357645 0
vn 0.76604444 0.64278764 0
vn 0.86602539 0.50000000 0
vn 0.81915206 0.57357645 0
vn 0.90630782 0.42261827 0
vn 0.86602539 0.50000000 0
vn 0.93969262 0.34202015 0
vn 0.90630782 0.42261827 0
vn 0.96592581 0.25881904 0
vn 0.93969262 0.34202015 0
vn 0.98480773 0.17364818 0
vn 0.96592581 0.25881904 0
vn 0.99619472 0.08715574 0
vn 0.98480773 0.17364818 0
vn 1 -0.00000000 0
vn 0.99619472 0.08715574 0
vn 0.99619472 -0.08715574 0
vn 1 -0.00000000 0
vn 0.98480773 -0.17364818 0
vn 0.99619472 -0.08715574 0
vn 0.96592581 -0.25881904 0
vn 0.98480773 -0.17364818 0
vn 0.93969262 -0.34202015 0
vn 0.96592581 -0.25881904 0
vn 0.90630782 -0.42261827 0
vn 0.93969262 -0.34202015 0
vn 0.86602539 -0.50000000 0
vn 0.90630782 -0.42261827 0
vn 0.81915206 -0.57357645 0
vn 0.86602539 -0.50000000 0
vn 0.76604444 -0.64278764 0
vn 0.81915206 -0.57357645 0
vn 0.70710677 -0.70710677 0
vn 0.76604444 -0.64278764 0
vn 0.64278764 -0.76604444 0
vn 0.70710677 -0.70710677 0
vn 0.57357645 -0.81915206 0
vn 0.64278764 -0.76604444 0
vn 0.50000000 -0.86602539 0
vn 0.57357645 -0.81915206 0
vn 0.42261827 -0.90630782 0
vn 0.50000000 -0.86602539 0
vn 0.34202015 -0.93969262 0
vn 0.42261827 -0.90630782 0
vn 0.25881904 -0.96592581 0
vn 0.34202015 -0.93969262 0
vn 0.17364818 -0.98480773 0
vn 0.25881904 -0.96592581 0
vn 0.08715574 -0.99619472 0
vn 0.17364818 -0.98480773 0
vn -0.00000000 -1 0
vn 0.08715574 -0.99619472 0
vn -0.08715574 -0.99619472 0
vn -0.00000000 -1 0
vn -0.17364818 -0.98480773 0
vn -0.08715574 -0.99619472 0
vn -0.25881904 -0.96592581 0
vn -0.17364818 -0.98480773 0
vn -0.34202015 -0.93969262 0
vn -0.25881904 -0.96592581 0
vn -0.42261827 -0.90630782 0
vn -0.34202015 -0.93969262 0
vn -0.50000000 -0.86602539 0
vn -0.42261827 -0.90630782 0
vn -0.57357645 -0.81915206 0
vn -0.50000000 -0.86602539 0
vn -0.64278764 -0.76604444 0
vn -0.57357645 -0.81915206 0
vn -0.70710677 -0.70710677 0
vn -0.64278764 -0.76604444 0
vn -0.76604444 -0.64278764 0
vn -0.70710677 -0.70710677 0
vn -0.81915206 -0.57357645 0
vn -0.76604444 -0.64278764 0
vn -0.86602539 -0.50000000 0
vn -0.81915206 -0.57357645 0
vn -0.90630782 -0.42261827 0
vn -0.86602539 -0.50000000 0
vn -0.93969262 -0.34202015 0
vn -0.90630782 -0.42261827 0
vn -0.96592581 -0.25881904 0
vn -0.93969262 -0.34202015 0
vn -0.98480773 -0.17364818 0
vn -0.96592581 -0.25881904 0
vn -0.99619472 -0.08715574 0
vn -0.98480773 -0.17364818 0
vn -0.99619472 -0.08715574 0
vn -1 0 0
vn -1 0 0
vn -0.99619472 0.08715574 0
vn -0.99619472 0.08715574 0
vn -0.98480773 0.17364818 0
vn -0.98480773 0.17364818 0
vn -0.96592581 0.25881904 0
vn -0.96592581 0.25881904 0
vn -0.93969262 0.34202015 0
vn -0.93969262 0.34202015 0
vn -0.90630782 0.42261827 0
vn -0.90630782 0.42261827 0
vn -0.86602539 0.50000000 0
vn -0.86602539 0.50000000 0
vn -0.81915206 0.57357645 0
vn -0.81915206 0.57357645 0
vn -0.76604444 0.64278764 0
vn -0.76604444 0.64278764 0
vn -0.70710677 0.70710677 0
vn -0.70710677 0.70710677 0
vn -0.64278764 0.76604444 0
vn -0.64278764 0.76604444 0
vn -0.57357645 0.81915206 0
vn -0.57357645 0.81915206 0
vn -0.50000000 0.86602539 0
vn -0.50000000 0.86602539 0
vn -0.42261827 0.90630782 0
vn -0.42261827 0.90630782 0
vn -0.34202015 0.93969262 0
vn -0.34202015 0.93969262 0
vn -0.25881904 0.96592581 0
vn -0.25881904 0.96592581 0
vn -0.17364818 0.98480773 0
vn -0.17364818 0.98480773 0
vn -0.08715574 0.99619472 0
vn -0.08715574 0.99619472 0
vn -0.00000000 1 0
vn -0.00000000 1 0
vn 0.08715574 0.99619472 0
vn 0.08715574 0.99619472 0
vn 0.17364818 0.98480773 0
vn 0.17364818 0.98480773 0
vn 0.25881904 0.96592581 0
vn 0.25881904 0.96592581 0
vn 0.34202015 0.93969262 0
vn 0.34202015 0.93969262 0
vn 0.42261827 0.90630782 0
vn 0.42261827 0.90630782 0
vn 0.50000000 0.86602539 0
vn 0.50000000 0.86602539 0
vn 0.57357645 0.81915206 0
vn 0.57357645 0.81915206 0
vn 0.64278764 0.76604444 0
vn 0.64278764 0.76604444 0
vn 0.70710677 0.70710677 0
vn 0.70710677 0.70710677 0
vn 0.76604444 0.64278764 0
vn 0.76604444 0.64278764 0
vn 0.81915206 0.57357645 0
vn 0.81915206 0.57357645 0
vn 0.86602539 0.50000000 0
vn 0.86602539 0.50000000 0
vn 0.90630782 0.42261827 0
vn 0.90630782 0.42261827 0
vn 0.93969262 0.34202015 0
vn 0.93969262 0.34202015 0
vn 0.96592581 0.25881904 0
vn 0.96592581 0.25881904 0
vn 0.98480773 0.17364818 0
vn 0.98480773 0.17364818 0
vn 0.99619472 0.08715574 0
vn 0.99619472 0.08715574 0
vn 1 0 0
vn 1 0 0
vn 0.99619472 -0.08715574 0
vn 0.99619472 -0.08715574 0
vn 0.98480773 -0.17364818 0
vn 0.98480773 -0.17364818 0
vn 0.96592581 -0.25881904 0
vn 0.96592581 -0.25881904 0
vn 0.93969262 -0.34202015 0
vn 0.93969262 -0.34202015 0
vn 0.90630782 -0.42261827 0
vn 0.90630782 -0.42261827 0
vn 0.86602539 -0.50000000 0
vn 0.86602539 -0.50000000 0
vn 0.81915206 -0.57357645 0
vn 0.81915206 -0.57357645 0
vn 0.76604444 -0.64278764 0
vn 0.76604444 -0.64278764 0
vn 0.70710677 -0.70710677 0
vn 0.70710677 -0.70710677 0
vn 0.64278764 -0.76604444 0
vn 0.64278764 -0.76604444 0
vn 0.57357645 -0.81915206 0
vn 0.57357645 -0.81915206 0
vn 0.50000000 -0.86602539 0
vn 0.50000000 -0.86602539 0
vn 0.42261827 -0.90630782 0
vn 0.42261827 -0.90630782 0
vn 0.34202015 -0.93969262 0
vn 0.34202015 -0.93969262 0
vn 0.25881904 -0.96592581 0
vn 0.25881904 -0.96592581 0
vn 0.17364818 -0.98480773 0
vn 0.17364818 -0.98480773 0
vn 0.08715574 -0.99619472 0
vn 0.08715574 -0.99619472 0
vn 0.00000000 -1 0
vn 0.00000000 -1 0
vn -0.08715574 -0.99619472 0
vn -0.08715574 -0.99619472 0
vn -0.17364818 -0.98480773 0
vn -0.17364818 -0.98480773 0
vn -0.25881904 -0.96592581 0
vn -0.25881904 -0.96592581 0
vn -0.34202015 -0.93969262 0
vn -0.34202015 -0.93969262 0
vn -0.42261827 -0.90630782 0
vn -0.42261827 -0.90630782 0
vn -0.50000000 -0.86602539 0
vn -0.50000000 -0.86602539 0
vn -0.57357645 -0.81915206 0
vn -0.57357645 -0.81915206 0
vn -0.64278764 -0.76604444 0
vn -0.64278764 -0.76604444 0
vn -0.70710677 -0.70710677 0
vn -0.70710677 -0.70710677 0
vn -0.76604444 -0.64278764 0
vn -0.76604444 -0.64278764 0
vn -0.81915206 -0.57357645 0
vn -0.81915206 -0.57357645 0
vn -0.86602539 -0.50000000 0
vn -0.86602539 -0.50000000 0
vn -0.90630782 -0.42261827 0
vn -0.90630782 -0.42261827 0
vn -0.93969262 -0.34202015 0
vn -0.93969262 -0.34202015 0
vn -0.96592581 -0.25881904 0
vn -0.96592581 -0.25881904 0
vn -0.98480773 -0.17364818 0
vn -0.98480773 -0.17364818 0
vn -0.99619472 -0.08715574 0
vn -0.99619472 -0.08715574 0
vn 0 0 1
vn 0 0 1
vn 0 0 1
vn 0 0 1
vn 0 0 1
vn 0 0 1
vn 0 0 1
vn 0 0 1
vn 0 0 1
vn 0 0 1
vn 0 0 1
vn 0 0 1
vn 0 0 1
vn 0 0 1
vn 0 0 1
vn 0 0 1
vn 0 0 1
vn 0 0 1
vn 0 0 1
vn 0 0 1
vn 0 0 1
vn 0 0 1
vn 0 0 1
vn 0 0 1
vn 0 0 1
vn 0 0 1
vn 0 0 1
vn 0 0 1
vn 0 0 1
vn 0 0 1
vn 0 0 1
vn 0 0 1
vn 0 0 1
vn 0 0 1
vn 0 0 1
vn 0 0 1
vn 0 0 1
vn 0 0 1
vn 0 0 1
vn 0 0 1
vn 0 0 1
vn 0 0 1
vn 0 0 1
vn 0 0 1
vn 0 0 1
vn 0 0 1
vn 0 0 1
vn 0 0 1
vn 0 0 1
vn 0 0 1
vn 0 0 1
vn 0 0 1
vn 0 0 1
vn 0 0 1
vn 0 0 1
vn 0 0 1
vn 0 0 1
vn 0 0 1
vn 0 0 1
vn 0 0 1
vn 0 0 1
vn 0 0 1
vn 0 0 1
vn 0 0 1
vn 0 0 1
vn 0 0 1
vn 0 0 1
vn 0 0 1
vn 0 0 1
vn 0 0 1
vn 0 0 1
vn 0 0 1
vn 0 0 1
vn 0 0 1
vn 0 0 1
vn 0 0 1
vn 0 0 1
vn 0 0 1
vn 0 0 1
vn 0 0 1
vn 0 0 1
vn 0 0 1
vn 0 0 1
vn 0 0 1
vn 0 0 1
vn 0 0 1
vn 0 0 1
vn 0 0 1
vn 0 0 1
vn 0 0 1
vn 0 0 1
vn 0 0 1
vn 0 0 1
vn 0 0 1
vn 0 0 1
vn 0 0 1
vn 0 0 1
vn 0 0 1
vn 0 0 1
vn 0 0 1
vn 0 0 1
vn 0 0 1
vn 0 0 1
vn 0 0 1
vn 0 0 1
vn 0 0 1
vn 0 0 1
vn 0 0 1
vn 0 0 1
vn 0 0 1
vn 0 0 1
vn 0 0 1
vn 0 0 1
vn 0 0 1
vn 0 0 1
vn 0 0 1
vn 0 0 1
vn 0 0 1
vn 0 0 1
vn 0 0 1
vn 0 0 1
vn 0 0 1
vn 0 0 1
vn 0 0 1
vn 0 0 1
vn 0 0 1
vn 0 0 1
vn 0 0 1
vn 0 0 1
vn 0 0 1
vn 0 0 1
vn 0 0 1
vn 0 0 1
vn 0 0 1
vn 0 0 1
vn 0 0 1
vn 0 0 1
vn 0 0 1
vn 0 0 1
vn 0 0 1
vn 0 0 1
vn 0 0 1
vn 0 0 1
vn 0 0 1
vn 0.99619472 0.08715574 0
vn 1 0.00000000 0
vn 1 0.00000000 0
vn 0.98480773 0.17364818 0
vn 0.99619472 0.08715574 0
vn 0.96592581 0.25881904 0
vn 0.98480773 0.17364818 0
vn 0.93969262 0.34202015 0
vn 0.96592581 0.25881904 0
vn 0.90630782 0.42261827 0
vn 0.93969262 0.34202015 0
vn 0.86602539 0.50000000 0
vn 0.90630782 0.42261827 0
vn 0.81915206 0.57357645 0
vn 0.86602539 0.50000000 0
vn 0.76604444 0.64278764 0
vn 0.81915206 0.57357645 0
vn 0.70710677 0.70710677 0
vn 0.76604444 0.64278764 0
vn 0.64278764 0.76604444 0
vn 0.70710677 0.70710677 0
vn 0.57357645 0.81915206 0
vn 0.64278764 0.76604444 0
vn 0.50000000 0.86602539 0
vn 0.57357645 0.81915206 0
vn 0.42261827 0.90630782 0
vn 0.50000000 0.86602539 0
vn 0.34202015 0.93969262 0
vn 0.42261827 0.90630782 0
vn 0.25881904 0.96592581 0
vn 0.34202015 0.93969262 0
vn 0.17364818 0.98480773 0
vn 0.25881904 0.96592581 0
vn 0.08715574 0.99619472 0
vn 0.17364818 0.98480773 0
vn -0.00000000 1 0
vn 0.08715574 0.99619472 0
vn -0.08715574 0.99619472 0
vn -0.00000000 1 0
vn -0.17364818 0.98480773 0
vn -0.08715574 0.99619472 0
vn -0.25881904 0.96592581 0
vn -0.17364818 0.98480773 0
vn -0.34202015 0.93969262 0
vn -0.25881904 0.96592581 0
vn -0.42261827 0.90630782 0
vn -0.34202015 0.93969262 0
vn -0.50000000 0.86602539 0
vn -0.42261827 0.90630782 0
vn -0.57357645 0.81915206 0
vn -0.50000000 0.86602539 0
vn -0.64278764 0.76604444 0
vn -0.57357645 0.81915206 0
vn -0.70710677 0.70710677 0
vn -0.64278764 0.76604444 0
vn -0.76604444 0.64278764 0
vn -0.70710677 0.70710677 0
vn -0.81915206 0.57357645 0
vn -0.76604444 0.64278764 0
vn -0.86602539 0.50000000 0
vn -0.81915206 0.57357645 0
vn -0.90630782 0.42261827 0
vn -0.86602539 0.50000000 0
vn -0.93969262 0.34202015 0
vn -0.90630782 0.42261827 0
vn -0.96592581 0.25881904 0
vn -0.93969262 0.34202015 0
vn -0.98480773 0.17364818 0
vn -0.96592581 0.25881904 0
vn -0.99619472 0.08715574 0
vn -0.98480773 0.17364818 0
vn -1 0 0
vn -0.99619472 0.08715574 0
vn -0.99619472 -0.08715574 0
vn -1 0 0
vn -0.98480773 -0.17364818 0
vn -0.99619472 -0.08715574 0
vn -0.96592581 -0.25881904 0
vn -0.98480773 -0.17364818 0
vn -0.93969262 -0.34202015 0
vn -0.96592581 -0.25881904 0
vn -0.90630782 -0.42261827 0
vn -0.93969262 -0.34202015 0
vn -0.86602539 -0.50000000 0
vn -0.90630782 -0.42261827 0
vn -0.81915206 -0.57357645 0
vn -0.86602539 -0.50000000 0
vn -0.76604444 -0.64278764 0
vn -0.81915206 -0.57357645 0
vn -0.70710677 -0.70710677 0
vn -0.76604444 -0.64278764 0
vn -0.64278764 -0.76604444 0
vn -0.70710677 -0.70710677 0
vn -0.57357645 -0.81915206 0
vn -0.64278764 -0.76604444 0
vn -0.50000000 -0.86602539 0
vn -0.57357645 -0.81915206 0
vn -0.42261827 -0.90630782 0
vn -0.50000000 -0.86602539 0
vn -0.34202015 -0.93969262 0
vn -0.42261827 -0.90630782 0
vn -0.25881904 -0.96592581 0
vn -0.34202015 -0.93969262 0
vn -0.17364818 -0.98480773 0
vn -0.25881904 -0.96592581 0
vn -0.08715574 -0.99619472 0
vn -0.17364818 -0.98480773 0
vn 0.00000000 -1 0
vn -0.08715574 -0.99619472 0
vn 0.08715574 -0.99619472 0
vn 0.00000000 -1 0
vn 0.17364818 -0.98480773 0
vn 0.08715574 -0.99619472 0
vn 0.25881904 -0.96592581 0
vn 0.17364818 -0.98480773 0
vn 0.34202015 -0.93969262 0
vn 0.25881904 -0.96592581 0
vn 0.42261827 -0.90630782 0
vn 0.34202015 -0.93969262 0
vn 0.50000000 -0.86602539 0
vn 0.42261827 -0.90630782 0
vn 0.57357645 -0.81915206 0
vn 0.50000000 -0.86602539 0
vn 0.64278764 -0.76604444 0
vn 0.57357645 -0.81915206 0
vn 0.70710677 -0.70710677 0
vn 0.64278764 -0.76604444 0
vn 0.76604444 -0.64278764 0
vn 0.70710677 -0.70710677 0
vn 0.81915206 -0.57357645 0
vn 0.76604444 -0.64278764 0
vn 0.86602539 -0.50000000 0
vn 0.81915206 -0.57357645 0
vn 0.90630782 -0.42261827 0
vn 0.86602539 -0.50000000 0
vn 0.93969262 -0.34202015 0
vn 0.90630782 -0.42261827 0
vn 0.96592581 -0.25881904 0
vn 0.93969262 -0.34202015 0
vn 0.98480773 -0.17364818 0
vn 0.96592581 -0.25881904 0
vn 0.99619472 -0.08715574 0
vn 0.98480773 -0.17364818 0
vn 0.99619472 -0.08715574 0
vn 0 0 1
vn 0 0 1
vn 0 0 1
vn 0 0 1
vn 0 0 1
vn 0 0 1
vn 0 0 1
vn 0 0 1
vn 0 0 1
vn 0 0 1
vn 0 0 1
vn 0 0 1
vn 0 0 1
vn 0 0 1
vn 0 0 1
vn 0 0 1
vn 0 0 1
vn 0 0 1
vn 0 0 1
vn 0 0 1
vn 0 0 1
vn 0 0 1
vn 0 0 1
vn 0 0 1
vn 0 0 1
vn 0 0 1
vn 0 0 1
vn 0 0 1
vn 0 0 1
vn 0 0 1
vn 0 0 1
vn 0 0 1
vn 0 0 1
vn 0 0 1
vn 0 0 1
vn 0 0 1
vn 0 0 1
vn 0 0 1
vn 0 0 1
vn 0 0 1
vn 0 0 1
vn 0 0 1
vn 0 0 1
vn 0 0 1
vn 0 0 1
vn 0 0 1
vn 0 0 1
vn 0 0 1
vn 0 0 1
vn 0 0 1
vn 0 0 1
vn 0 0 1
vn 0 0 1
vn 0 0 1
vn 0 0 1
vn 0 0 1
vn 0 0 1
vn 0 0 1
vn 0 0 1
vn 0 0 1
vn 0 0 1
vn 0 0 1
vn 0 0 1
vn 0 0 1
vn 0 0 1
vn 0 0 1
vn 0 0 1
vn 0 0 1
vn 0 0 1
vn 0 0 1
vn 0 0 1
vn 0 0 1
vn 0 0 1
vn 0 0 1
vn 0 0 1
vn 0 0 1
vn 0 0 1
vn 0 0 1
vn 0 0 1
vn 0 0 1
vn 0 0 1
vn 0 0 1
vn 0 0 1
vn 0 0 1
vn 0 0 1
vn 0 0 1
vn 0 0 1
vn 0 0 1
vn 0 0 1
vn 0 0 1
vn 0 0 1
vn 0 0 1
vn 0 0 1
vn 0 0 1
vn 0 0 1
vn 0 0 1
vn 0 0 1
vn 0 0 1
vn 0 0 1
vn 0 0 1
vn 0 0 1
vn 0 0 1
vn 0 0 1
vn 0 0 1
vn 0 0 1
vn 0 0 1
vn 0 0 1
vn 0 0 1
vn 0 0 1
vn 0 0 1
vn 0 0 1
vn 0 0 1
vn 0 0 1
vn 0 0 1
vn 0 0 1
vn 0 0 1
vn 0 0 1
vn 0 0 1
vn 0 0 1
vn 0 0 1
vn 0 0 1
vn 0 0 1
vn 0 0 1
vn 0 0 1
vn 0 0 1
vn 0 0 1
vn 0 0 1
vn 0 0 1
vn 0 0 1
vn 0 0 1
vn 0 0 1
vn 0 0 1
vn 0 0 1
vn 0 0 1
vn 0 0 1
vn 0 0 1
vn 0 0 1
vn 0 0 1
vn 0 0 1
vn 0 0 1
vn 0 0 1
vn 0 0 1
vn 0 0 1
vn 0 0 1
vn -0.99619472 0.08715574 0
vn -1 0 0
vn -1 0 0
vn -0.98480773 0.17364818 0
vn -0.99619472 0.08715574 0
vn -0.96592581 0.25881904 0
vn -0.98480773 0.17364818 0
vn -0.93969262 0.34202015 0
vn -0.96592581 0.25881904 0
vn -0.90630782 0.42261827 0
vn -0.93969262 0.34202015 0
vn -0.86602539 0.50000000 0
vn -0.90630782 0.42261827 0
vn -0.81915206 0.57357645 0
vn -0.86602539 0.50000000 0
vn -0.76604444 0.64278764 0
vn -0.81915206 0.57357645 0
vn -0.70710677 0.70710677 0
vn -0.76604444 0.64278764 0
vn -0.64278764 0.76604444 0
vn -0.70710677 0.70710677 0
vn -0.57357645 0.81915206 0
vn -0.64278764 0.76604444 0
vn -0.50000000 0.86602539 0
vn -0.57357645 0.81915206 0
vn -0.42261827 0.90630782 0
vn -0.50000000 0.86602539 0
vn -0.34202015 0.93969262 0
vn -0.42261827 0.90630782 0
vn -0.25881904 0.96592581 0
vn -0.34202015 0.93969262 0
vn -0.17364818 0.98480773 0
vn -0.25881904 0.96592581 0
vn -0.08715574 0.99619472 0
vn -0.17364818 0.98480773 0
vn 0.00000000 1 0
vn -0.08715574 0.99619472 0
vn 0.08715574 0.99619472 0
vn 0.00000000 1 0
vn 0.17364818 0.98480773 0
vn 0.08715574 0.99619472 0
vn 0.25881904 0.96592581 0
vn 0.17364818 0.98480773 0
vn 0.34202015 0.93969262 0
vn 0.25881904 0.96592581 0
vn 0.42261827 0.90630782 0
vn 0.34202015 0.93969262 0
vn 0.50000000 0.86602539 0
vn 0.42261827 0.90630782 0
vn 0.57357645 0.81915206 0
vn 0.50000000 0.86602539 0
vn 0.64278764 0.76604444 0
vn 0.57357645 0.81915206 0
vn 0.70710677 0.70710677 0
vn 0.64278764 0.76604444 0
vn 0.76604444 0.64278764 0
vn 0.70710677 0.70710677 0
vn 0.81915206 0.57357645 0
vn 0.76604444 0.64278764 0
vn 0.86602539 0.50000000 0
vn 0.81915206 0.57357645 0
vn 0.90630782 0.42261827 0
vn 0.86602539 0.50000000 0
vn 0.93969262 0.34202015 0
vn 0.90630782 0.42261827 0
vn 0.96592581 0.25881904 0
vn 0.93969262 0.34202015 0
vn 0.98480773 0.17364818 0
vn 0.96592581 0.25881904 0
vn 0.99619472 0.08715574 0
vn 0.98480773 0.17364818 0
vn 1 -0.00000000 0
vn 0.99619472 0.08715574 0
vn 0.99619472 -0.08715574 0
vn 1 -0.00000000 0
vn 0.98480773 -0.17364818 0
vn 0.99619472 -0.08715574 0
vn 0.96592581 -0.25881904 0
vn 0.98480773 -0.17364818 0
vn 0.93969262 -0.34202015 0
vn 0.96592581 -0.25881904 0
vn 0.90630782 -0.42261827 0
vn 0.93969262 -0.34202015 0
vn 0.86602539 -0.50000000 0
vn 0.90630782 -0.42261827 0
vn 0.81915206 -0.57357645 0
vn 0.86602539 -0.50000000 0
vn 0.76604444 -0.64278764 0
vn 0.81915206 -0.57357645 0
vn 0.70710677 -0.70710677 0
vn 0.76604444 -0.64278764 0
vn 0.64278764 -0.76604444 0
vn 0.70710677 -0.70710677 0
vn 0.57357645 -0.81915206 0
vn 0.64278764 -0.76604444 0
vn 0.50000000 -0.86602539 0
vn 0.57357645 -0.81915206 0
vn 0.42261827 -0.90630782 0
vn 0.50000000 -0.86602539 0
vn 0.34202015 -0.93969262 0
vn 0.42261827 -0.90630782 0
vn 0.25881904 -0.96592581 0
vn 0.34202015 -0.93969262 0
vn 0.17364818 -0.98480773 0
vn 0.25881904 -0.96592581 0
vn 0.08715574 -0.99619472 0
vn 0.17364818 -0.98480773 0
vn -0.00000000 -1 0
vn 0.08715574 -0.99619472 0
vn -0.08715574 -0.99619472 0
vn -0.00000000 -1 0
vn -0.17364818 -0.98480773 0
vn -0.08715574 -0.99619472 0
vn -0.25881904 -0.96592581 0
vn -0.17364818 -0.98480773 0
vn -0.34202015 -0.93969262 0
vn -0.25881904 -0.96592581 0
vn -0.42261827 -0.90630782 0
vn -0.34202015 -0.93969262 0
vn -0.50000000 -0.86602539 0
vn -0.42261827 -0.90630782 0
vn -0.57357645 -0.81915206 0
vn -0.50000000 -0.86602539 0
vn -0.64278764 -0.76604444 0
vn -0.57357645 -0.81915206 0
vn -0.70710677 -0.70710677 0
vn -0.64278764 -0.76604444 0
vn -0.76604444 -0.64278764 0
vn -0.70710677 -0.70710677 0
vn -0.81915206 -0.57357645 0
vn -0.76604444 -0.64278764 0
vn -0.86602539 -0.50000000 0
vn -0.81915206 -0.57357645 0
vn -0.90630782 -0.42261827 0
vn -0.86602539 -0.50000000 0
vn -0.93969262 -0.34202015 0
vn -0.90630782 -0.42261827 0
vn -0.96592581 -0.25881904 0
vn -0.93969262 -0.34202015 0
vn -0.98480773 -0.17364818 0
vn -0.96592581 -0.25881904 0
vn -0.99619472 -0.08715574 0
vn -0.98480773 -0.17364818 0
vn -0.99619472 -0.08715574 0
vn -0.18872465 0.98203003 0
vn -0.18872465 0.98203003 0
vn -0.18872465 0.98203003 0
vn -0.18872465 0.98203003 0
vn -0.18872465 0.98203003 0
vn -0.18872465 0.98203003 0
vn -0.18872465 0.98203003 0
vn -0.18872465 0.98203003 0
vn -0.18872465 0.98203003 0
vn -0.18872465 0.98203003 0
vn -0.18872465 0.98203003 0
vn -0.18872465 0.98203003 0
vn -0.18872465 0.98203003 0
vn -0.18872465 0.98203003 0
vn -0.18872465 0.98203003 0
vn -0.18872465 0.98203003 0
vn -0.18872465 0.98203003 0
vn -0.18872465 0.98203003 0
vn -1 0 0
vn -1 0 0
vn -1 0 0
vn -1 0 0
vn -1 0 0
vn -1 0 0
vn -1 0 0
vn 0 0 -1
vn 0 0 -1
vn 0 0 -1
vn 0 0 -1
vn 0 0 -1
vn 0 0 -1
vn 0 0 -1
vn 0 0 -1
vn 0 0 -1
vn 0 0 -1
vn 0 0 -1
vn 0 0 -1
vn 0 0 -1
vn 0 0 -1
vn 0 0 -1
vn 0 0 -1
vn 0 0 -1
vn 0 0 -1
vn 0 0 -1
vn 0 0 -1
vn 0 0 -1
vn 0 0 -1
vn 0 0 -1
vn 0 0 -1
vn 0 0 -1
vn 0 0 -1
vn 0 0 -1
vn 0 0 -1
vn 0 0 -1
vn 0 0 -1
vn 0 0 -1
vn 0 0 -1
vn 0 0 -1
vn 0 0 -1
vn 0 0 -1
vn 0 0 -1
vn 0 0 -1
vn 0 0 -1
vn 0 0 -1
vn 1 0 0
vn 1 0 0
vn 1 0 0
vn 1 0 0
vn 1 0 0
vn 1 0 0
vn 1 0 0
vn 1 0 0
vn -0.99619472 0.08715574 0
vn -1 0.00000000 0
vn -1 0.00000000 0
vn -0.98480773 0.17364818 0
vn -0.99619472 0.08715574 0
vn -0.96592581 0.25881904 0
vn -0.98480773 0.17364818 0
vn -0.93969262 0.34202015 0
vn -0.96592581 0.25881904 0
vn -0.90630782 0.42261827 0
vn -0.93969262 0.34202015 0
vn -0.86602539 0.50000000 0
vn -0.90630782 0.42261827 0
vn -0.81915206 0.57357645 0
vn -0.86602539 0.50000000 0
vn -0.76604444 0.64278764 0
vn -0.81915206 0.57357645 0
vn -0.70710677 0.70710677 0
vn -0.76604444 0.64278764 0
vn -0.64278764 0.76604444 0
vn -0.70710677 0.70710677 0
vn -0.57357645 0.81915206 0
vn -0.64278764 0.76604444 0
vn -0.50000000 0.86602539 0
vn -0.57357645 0.81915206 0
vn -0.42261827 0.90630782 0
vn -0.50000000 0.86602539 0
vn -0.34202015 0.93969262 0
vn -0.42261827 0.90630782 0
vn -0.25881904 0.96592581 0
vn -0.34202015 0.93969262 0
vn -0.17364818 0.98480773 0
vn -0.25881904 0.96592581 0
vn -0.08715574 0.99619472 0
vn -0.17364818 0.98480773 0
vn -0.08715574 0.99619472 0
vn 0.00000000 1 0
vn 0.00000000 1 0
vn 0.00000000 1 0
vn 0.99619472 0.08715574 0
vn 1 0.00000000 0
vn 1 0.00000000 0
vn 0.98480773 0.17364818 0
vn 0.99619472 0.08715574 0
vn 0.96592581 0.25881904 0
vn 0.98480773 0.17364818 0
vn 0.93969262 0.34202015 0
vn 0.96592581 0.25881904 0
vn 0.90630782 0.42261827 0
vn 0.93969262 0.34202015 0
vn 0.86602539 0.50000000 0
vn 0.90630782 0.42261827 0
vn 0.81915206 0.57357645 0
vn 0.86602539 0.50000000 0
vn 0.76604444 0.64278764 0
vn 0.81915206 0.57357645 0
vn 0.70710677 0.70710677 0
vn 0.76604444 0.64278764 0
vn 0.64278764 0.76604444 0
vn 0.70710677 0.70710677 0
vn 0.57357645 0.81915206 0
vn 0.64278764 0.76604444 0
vn 0.50000000 0.86602539 0
vn 0.57357645 0.81915206 0
vn 0.42261827 0.90630782 0
vn 0.50000000 0.86602539 0
vn 0.34202015 0.93969262 0
vn 0.42261827 0.90630782 0
vn 0.25881904 0.96592581 0
vn 0.34202015 0.93969262 0
vn 0.17364818 0.98480773 0
vn 0.25881904 0.96592581 0
vn 0.08715574 0.99619472 0
vn 0.17364818 0.98480773 0
vn -0.00000000 1 0
vn 0.08715574 0.99619472 0
vn -0.00000000 1 0
vn 0.08715574 0.99619472 0
vn -0.00000000 1 0
vn 0.17364818 0.98480773 0
vn 0.08715574 0.99619472 0
vn 0.25881904 0.96592581 0
vn 0.17364818 0.98480773 0
vn 0.34202015 0.93969262 0
vn 0.25881904 0.96592581 0
vn 0.42261827 0.90630782 0
vn 0.34202015 0.93969262 0
vn 0.50000000 0.86602539 0
vn 0.42261827 0.90630782 0
vn 0.57357645 0.81915206 0
vn 0.50000000 0.86602539 0
vn 0.64278764 0.76604444 0
vn 0.57357645 0.81915206 0
vn 0.70710677 0.70710677 0
vn 0.64278764 0.76604444 0
vn 0.76604444 0.64278764 0
vn 0.70710677 0.70710677 0
vn 0.81915206 0.57357645 0
vn 0.76604444 0.64278764 0
vn 0.86602539 0.50000000 0
vn 0.81915206 0.57357645 0
vn 0.90630782 0.42261827 0
vn 0.86602539 0.50000000 0
vn 0.93969262 0.34202015 0
vn 0.90630782 0.42261827 0
vn 0.96592581 0.25881904 0
vn 0.93969262 0.34202015 0
vn 0.98480773 0.17364818 0
vn 0.96592581 0.25881904 0
vn 0.99619472 0.08715574 0
vn 0.98480773 0.17364818 0
vn 1 0.00000000 0
vn 0.99619472 0.08715574 0
vn 1 0.00000000 0
vn 1 0.00000000 0
vn 1 0.00000000 0
vn 1 0.00000000 0
vn 1 0.00000000 0
vn 1 0.00000000 0
vn 1 0.00000000 0
vn 1 0.00000000 0
vn 0 0 -1
vn 0 0 -1
vn 0 0 -1
vn 0 0 -1
vn 0 0 -1
vn 0 0 -1
vn 0 0 -1
vn 0 0 -1
vn 0 0 -1
vn 0 0 -1
vn 0 0 -1
vn 0 0 -1
vn 0 0 -1
vn 0 0 -1
vn 0 0 -1
vn 0 0 -1
vn 0 0 -1
vn 0 0 -1
vn 0 0 -1
vn 0 0 -1
vn 0 0 -1
vn 0 0 -1
vn 0 0 -1
vn 0 0 -1
vn 0 0 -1
vn 0 0 -1
vn 0 0 -1
vn 0 0 -1
vn 0 0 -1
vn 0 0 -1
vn 0 0 -1
vn 0 0 -1
vn 0 0 -1
vn 0 0 -1
vn 0 0 -1
vn 0 0 -1
vn 0 0 -1
vn 0 0 -1
vn 0 0 -1
vn -1 0 0
vn -1 0 0
vn -1 0 0
vn -1 0 0
vn -1 0 0
vn -1 0 0
vn -1 0 0
vn -0.99619472 0.08715574 0
vn -0.98480773 0.17364818 0
vn -0.99619472 0.08715574 0
vn -0.96592581 0.25881904 0
vn -0.98480773 0.17364818 0
vn -0.93969262 0.34202015 0
vn -0.96592581 0.25881904 0
vn -0.90630782 0.42261827 0
vn -0.93969262 0.34202015 0
vn -0.86602539 0.50000000 0
vn -0.90630782 0.42261827 0
vn -0.81915206 0.57357645 0
vn -0.86602539 0.50000000 0
vn -0.76604444 0.64278764 0
vn -0.81915206 0.57357645 0
vn -0.70710677 0.70710677 0
vn -0.76604444 0.64278764 0
vn -0.64278764 0.76604444 0
vn -0.70710677 0.70710677 0
vn -0.57357645 0.81915206 0
vn -0.64278764 0.76604444 0
vn -0.50000000 0.86602539 0
vn -0.57357645 0.81915206 0
vn -0.42261827 0.90630782 0
vn -0.50000000 0.86602539 0
vn -0.34202015 0.93969262 0
vn -0.42261827 0.90630782 0
vn -0.25881904 0.96592581 0
vn -0.34202015 0.93969262 0
vn -0.17364818 0.98480773 0
vn -0.25881904 0.96592581 0
vn -0.08715574 0.99619472 0
vn -0.17364818 0.98480773 0
vn 0.00000000 1 0
vn -0.08715574 0.99619472 0
vn 0.00000000 1 0
vn 0.99619472 0.08715574 0
vn 1 0.00000000 0
vn 1 0.00000000 0
vn 0.98480773 0.17364818 0
vn 0.99619472 0.08715574 0
vn 0.96592581 0.25881904 0
vn 0.98480773 0.17364818 0
vn 0.93969262 0.34202015 0
vn 0.96592581 0.25881904 0
vn 0.90630782 0.42261827 0
vn 0.93969262 0.34202015 0
vn 0.86602539 0.50000000 0
vn 0.90630782 0.42261827 0
vn 0.81915206 0.57357645 0
vn 0.86602539 0.50000000 0
vn 0.76604444 0.64278764 0
vn 0.81915206 0.57357645 0
vn 0.70710677 0.70710677 0
vn 0.76604444 0.64278764 0
vn 0.64278764 0.76604444 0
vn 0.70710677 0.70710677 0
vn 0.57357645 0.81915206 0
vn 0.64278764 0.76604444 0
vn 0.50000000 0.86602539 0
vn 0.57357645 0.81915206 0
vn 0.42261827 0.90630782 0
vn 0.50000000 0.86602539 0
vn 0.34202015 0.93969262 0
vn 0.42261827 0.90630782 0
vn 0.25881904 0.96592581 0
vn 0.34202015 0.93969262 0
vn 0.17364818 0.98480773 0
vn 0.25881904 0.96592581 0
vn 0.08715574 0.99619472 0
vn 0.17364818 0.98480773 0
vn -0.00000000 1 0
vn 0.08715574 0.99619472 0
vn -0.00000000 1 0
vn -1 0 0
vn -1 0 0
vn -1 0 0
vn -1 0 0
vn -1 0 0
vn -1 0 0
vn -1 0 0
vn -0.08715574 0.99619472 0
vn -0.00000000 1 0
vn -0.00000000 1 0
vn -0.17364818 0.98480773 0
vn -0.08715574 0.99619472 0
vn -0.25881904 0.96592581 0
vn -0.17364818 0.98480773 0
vn -0.34202015 0.93969262 0
vn -0.25881904 0.96592581 0
vn -0.42261827 0.90630782 0
vn -0.34202015 0.93969262 0
vn -0.50000000 0.86602539 0
vn -0.42261827 0.90630782 0
vn -0.57357645 0.81915206 0
vn -0.50000000 0.86602539 0
vn -0.64278764 0.76604444 0
vn -0.57357645 0.81915206 0
vn -0.70710677 0.70710677 0
vn -0.64278764 0.76604444 0
vn -0.76604444 0.64278764 0
vn -0.70710677 0.70710677 0
vn -0.81915206 0.57357645 0
vn -0.76604444 0.64278764 0
vn -0.86602539 0.50000000 0
vn -0.81915206 0.57357645 0
vn -0.90630782 0.42261827 0
vn -0.86602539 0.50000000 0
vn -0.93969262 0.34202015 0
vn -0.90630782 0.42261827 0
vn -0.96592581 0.25881904 0
vn -0.93969262 0.34202015 0
vn -0.98480773 0.17364818 0
vn -0.96592581 0.25881904 0
vn -0.99619472 0.08715574 0
vn -0.98480773 0.17364818 0
vn -1 0.00000000 0
vn -0.99619472 0.08715574 0
vn -1 0.00000000 0
vn 0.00000000 1 0
vn 0.00000000 1 0
vn 0.00000000 1 0
vn 0.00000000 1 0
vn 0 0 -1
vn 0 0 -1
vn 0 0 -1
vn 0 0 -1
vn 0 0 -1
vn 0 0 -1
vn 0 0 -1
vn 0 0 -1
vn 0 0 -1
vn 0 0 -1
vn 0 0 -1
vn 0 0 -1
vn 0 0 -1
vn 0 0 -1
vn 0 0 -1
vn 0 0 -1
vn 0 0 -1
vn 0 0 -1
vn 0 0 -1
vn 0 0 -1
vn 0 0 -1
vn 0 0 -1
vn 0 0 -1
vn 0 0 -1
vn 0 0 -1
vn 0 0 -1
vn 0 0 -1
vn 0 0 -1
vn 0 0 -1
vn 0 0 -1
vn 0 0 -1
vn 0 0 -1
vn 0 0 -1
vn 0 0 -1
vn 0 0 -1
vn 0 0 -1
vn 0 0 -1
vn 0 0 -1
vn 0 0 -1
vn 0 0 -1
vn 0 0 -1
vn 1 0 0
vn 1 0 0
vn 1 0 0
vn 1 0 0
vn 1 0 0
vn 1 0 0
vn 1 0 0
vn 0.08715574 0.99619472 0
vn 0.00000000 1 0
vn 0.00000000 1 0
vn 0.17364818 0.98480773 0
vn 0.08715574 0.99619472 0
vn 0.25881904 0.96592581 0
vn 0.17364818 0.98480773 0
vn 0.34202015 0.93969262 0
vn 0.25881904 0.96592581 0
vn 0.42261827 0.90630782 0
vn 0.34202015 0.93969262 0
vn 0.50000000 0.86602539 0
vn 0.42261827 0.90630782 0
vn 0.57357645 0.81915206 0
vn 0.50000000 0.86602539 0
vn 0.64278764 0.76604444 0
vn 0.57357645 0.81915206 0
vn 0.70710677 0.70710677 0
vn 0.64278764 0.76604444 0
vn 0.76604444 0.64278764 0
vn 0.70710677 0.70710677 0
vn 0.81915206 0.57357645 0
vn 0.76604444 0.64278764 0
vn 0.86602539 0.50000000 0
vn 0.81915206 0.57357645 0
vn 0.90630782 0.42261827 0
vn 0.86602539 0.50000000 0
vn 0.93969262 0.34202015 0
vn 0.90630782 0.42261827 0
vn 0.96592581 0.25881904 0
vn 0.93969262 0.34202015 0
vn 0.98480773 0.17364818 0
vn 0.96592581 0.25881904 0
vn 0.99619472 0.08715574 0
vn 0.98480773 0.17364818 0
vn 1 -0.00000000 0
vn 0.99619472 0.08715574 0
vn 1 -0.00000000 0
vn 0.19385788 0.98102963 0
vn 0.19385788 0.98102963 0
vn 0.19385788 0.98102963 0
vn 0.19385788 0.98102963 0
vn 0.19385788 0.98102963 0
vn 0.19385788 0.98102963 0
vn 0.19385788 0.98102963 0
vn 0.19385788 0.98102963 0
vn 0.19385788 0.98102963 0
vn 0.19385788 0.98102963 0
vn 0.19385788 0.98102963 0
vn 0.19385788 0.98102963 0
vn 0.19385788 0.98102963 0
vn 0.19385788 0.98102963 0
vn 0.19385788 0.98102963 0
vn 1 0 0
vn 1 0 0
vn 1 0 0
vn 1 0 0
vn 1 0 0
vn 1 0 0
vn 1 0 0
vn 0 0 -1
vn 0 0 -1
vn 0 0 -1
vn 0 0 -1
vn 0 0 -1
vn 0 0 -1
vn 0 0 -1
vn 0 0 -1
vn 0 0 -1
vn 0 0 -1
vn 0 0 -1
vn 0 0 -1
vn 0 0 -1
vn 0 0 -1
vn 0 0 -1
vn 0 0 -1
vn 0 0 -1
vn 0 0 -1
vn 0 0 -1
vn 0 0 -1
vn 0 0 -1
vn 0 0 -1
vn 0 0 -1
vn 0 0 -1
vn 0 0 -1
vn 0 0 -1
vn 0 0 -1
vn 0 0 -1
vn 0 0 -1
vn 0 0 -1
vn 0 0 -1
vn 0 0 -1
vn 0 0 -1
vn 0 0 -1
vn 0 0 -1
vn 0 0 -1
vn 0 0 -1
vn 0 0 -1
vn 0 0 -1
vn -1 0 0
vn -1 0 0
vn -1 0 0
vn -1 0 0
vn -1 0 0
vn -1 0 0
vn -1 0 0
vn 0.99619472 0.08715574 0
vn 1 0.00000000 0
vn 1 0.00000000 0
vn 0.98480773 0.17364818 0
vn 0.99619472 0.08715574 0
vn 0.96592581 0.25881904 0
vn 0.98480773 0.17364818 0
vn 0.93969262 0.34202015 0
vn 0.96592581 0.25881904 0
vn 0.90630782 0.42261827 0
vn 0.93969262 0.34202015 0
vn 0.86602539 0.50000000 0
vn 0.90630782 0.42261827 0
vn 0.81915206 0.57357645 0
vn 0.86602539 0.50000000 0
vn 0.76604444 0.64278764 0
vn 0.81915206 0.57357645 0
vn 0.70710677 0.70710677 0
vn 0.76604444 0.64278764 0
vn 0.64278764 0.76604444 0
vn 0.70710677 0.70710677 0
vn 0.57357645 0.81915206 0
vn 0.64278764 0.76604444 0
vn 0.50000000 0.86602539 0
vn 0.57357645 0.81915206 0
vn 0.42261827 0.90630782 0
vn 0.50000000 0.86602539 0
vn 0.34202015 0.93969262 0
vn 0.42261827 0.90630782 0
vn 0.25881904 0.96592581 0
vn 0.34202015 0.93969262 0
vn 0.17364818 0.98480773 0
vn 0.25881904 0.96592581 0
vn 0.08715574 0.99619472 0
vn 0.17364818 0.98480773 0
vn -0.00000000 1 0
vn 0.08715574 0.99619472 0
vn -0.00000000 1 0
vn -0.99619472 0.08715574 0
vn -1 0.00000000 0
vn -1 0.00000000 0
vn -0.98480773 0.17364818 0
vn -0.99619472 0.08715574 0
vn -0.96592581 0.25881904 0
vn -0.98480773 0.17364818 0
vn -0.93969262 0.34202015 0
vn -0.96592581 0.25881904 0
vn -0.90630782 0.42261827 0
vn -0.93969262 0.34202015 0
vn -0.86602539 0.50000000 0
vn -0.90630782 0.42261827 0
vn -0.81915206 0.57357645 0
vn -0.86602539 0.50000000 0
vn -0.76604444 0.64278764 0
vn -0.81915206 0.57357645 0
vn -0.70710677 0.70710677 0
vn -0.76604444 0.64278764 0
vn -0.64278764 0.76604444 0
vn -0.70710677 0.70710677 0
vn -0.57357645 0.81915206 0
vn -0.64278764 0.76604444 0
vn -0.50000000 0.86602539 0
vn -0.57357645 0.81915206 0
vn -0.42261827 0.90630782 0
vn -0.50000000 0.86602539 0
vn -0.34202015 0.93969262 0
vn -0.42261827 0.90630782 0
vn -0.25881904 0.96592581 0
vn -0.34202015 0.93969262 0
vn -0.17364818 0.98480773 0
vn -0.25881904 0.96592581 0
vn -0.08715574 0.99619472 0
vn -0.17364818 0.98480773 0
vn 0.00000000 1 0
vn -0.08715574 0.99619472 0
vn 0.00000000 1 0
vn -1 0 0
vn -1 0 0
vn -1 0 0
vn -1 0 0
vn -1 0 0
vn -1 0 0
vn -1 0 0
vn 0 0 -1
vn 0 0 -1
vn 0 0 -1
vn 0 0 -1
vn 0 0 -1
vn 0 0 -1
vn 0 0 -1
vn 0 0 -1
vn 0 0 -1
vn 0 0 -1
vn 0 0 -1
vn 0 0 -1
vn 0 0 -1
vn 0 0 -1
vn 0 0 -1
vn 0 0 -1
vn 0 0 -1
vn 0 0 -1
vn 0 0 -1
vn 0 0 -1
vn 0 0 -1
vn 0 0 -1
vn 0 0 -1
vn 0 0 -1
vn 0 0 -1
vn 0 0 -1
vn 0 0 -1
vn 0 0 -1
vn 0 0 -1
vn 0 0 -1
vn 0 0 -1
vn 0 0 -1
vn 0 0 -1
vn 0 0 -1
vn 0 0 -1
vn 0 0 -1
vn 0 0 -1
vn 0 0 -1
vn 0 0 -1
vn 0 0 -1
vn 0 0 -1
vn 0 0 -1
vn 0 0 -1
vn 0 0 -1
vn 0 0 -1
vn 0 0 -1
vn 0 0 -1
vn 0 0 -1
vn 0 0 -1
vn 0 0 -1
vn 0 0 -1
vn 0 0 -1
vn 0 0 -1
vn 0 0 -1
vn 0 0 -1
vn 0 0 -1
vn 0 0 -1
vn 0 0 -1
vn 0 0 -1
vn 0 0 -1
vn 0 0 -1
vn 0 0 -1
vn 0 0 -1
vn 0 0 -1
vn 0 0 -1
vn 0 0 -1
vn 0 0 -1
vn 0 0 -1
vn 0 0 -1
vn 0 0 -1
vn 0 0 -1
vn 0 0 -1
vn 0 0 -1
vn 0 0 -1
vn 0 0 -1
vn 0 0 -1
vn 0 0 -1
vn 0 0 -1
vn 0 0 -1
vn 0 0 -1
vn 0 0 -1
vn 0 0 -1
vn 0 0 -1
vn 0 0 -1
vn 0 0 -1
vn 0 0 -1
vn 0 0 -1
vn 0 0 -1
vn 0 0 -1
vn 0 0 -1
vn 0 0 -1
vn 0 0 -1
vn 0 0 -1
vn 0 0 -1
vn 0 0 -1
vn 0 0 -1
vn 0 0 -1
vn 0 0 -1
vn 0 0 -1
vn 0 0 -1
vn 0 0 -1
vn 0 0 -1
vn 0 0 -1
vn 0 0 -1
vn 0 0 -1
vn 0 0 -1
vn 0 0 -1
vn 0 0 -1
vn 0 0 -1
vn 0 0 -1
vn 0 0 -1
vn 0 0 -1
vn 0 0 -1
vn 0 0 -1
vn 0 0 -1
vn 0 0 -1
vn 0 0 -1
vn 0 0 -1
vn 0 0 -1
vn 0 0 -1
vn 0 0 -1
vn 0 0 -1
vn 0 0 -1
vn 0 0 -1
vn 0 0 -1
vn 0 0 -1
vn 0 0 -1
vn 0 0 -1
vn 0 0 -1
vn 0 0 -1
vn 0 0 -1
vn 0 0 -1
vn 0 0 -1
vn 0 0 -1
vn 0 0 -1
vn 0 0 -1
vn 0 0 -1
vn 0 0 -1
vn 0 0 -1
vn 0 0 -1
vn 0 0 -1
vn 0 0 -1
vn 0 0 -1
vn 0 0 -1
vn 0 0 -1
vn 0 0 -1
vn 0 0 -1
vn 0 0 -1
vn 0 0 -1
vn 0 0 -1
vn 0 0 -1
vn 0 0 -1
vn 0 0 -1
vn 0 0 -1
vn 0 0 -1
vn 0 0 -1
vn 0 0 -1
vn 0 0 -1
vn 0 0 -1
vn 0 0 -1
vn 0 0 -1
vn 0 0 -1
vn 0 0 -1
vn 0 0 -1
vn 0 0 -1
vn 0 0 -1
vn 0 0 -1
vn 0 0 -1
vn 0 0 -1
vn 0 0 -1
vn 0 0 -1
vn 0 0 -1
vn 0 0 -1
vn 0 0 -1
vn 0 0 -1
vn 0 0 -1
vn 0 0 -1
vn 0 0 -1
vn 0 0 -1
vn 0 0 -1
vn 0 0 -1
vn 0 0 -1
vn 0 0 -1
vn 0 0 -1
vn 0 0 -1
vn 0 0 -1
vn 0 0 -1
vn 0 0 -1
vn 0 0 -1
vn 0 0 -1
vn 0 0 -1
vn 0 0 -1
vn 0 0 -1
vn 0 0 -1
vn 0 0 -1
vn 0 0 -1
vn 0 0 -1
vn 0 0 -1
vn 0 0 -1
vn 0 0 -1
vn 0 0 -1
vn 0 0 -1
vn 0 0 -1
vn 0 0 -1
vn 0 0 -1
vn 0 0 -1
vn 0 0 -1
vn 0 0 -1
vn 0 0 -1
vn 0 0 -1
vn 0 0 -1
vn 0 0 -1
vn 0 0 -1
vn 0 0 -1
vn 0 0 -1
vn 0 0 -1
vn 0 0 -1
vn 0 0 -1
vn 0 0 -1
vn 0 0 -1
vn 0 0 -1
vn 0 0 -1
vn 0 0 -1
vn 0 0 -1
vn 0 0 -1
vn 0 0 -1
vn 0 0 -1
vn 0 0 -1
vn 0 0 -1
vn 0 0 -1
vn 0 0 -1
vn 0 0 -1
vn 0 0 -1
vn 0 0 -1
vn 0 0 -1
vn 0 0 -1
vn 0 0 -1
vn 0 0 -1
vn 0 0 -1
vn 0 0 -1
vn 0 0 -1
vn 0 0 -1
vn 0 0 -1
vn 0 0 -1
vn 0 0 -1
vn 0 0 -1
vn 0 0 -1
vn 0 0 -1
vn 0 0 -1
vn 0 0 -1
vn 0 0 -1
vn 0 0 -1
vn 0 0 -1
vn 0 0 -1
vn 0 0 -1
vn 0 0 -1
vn 0 0 -1
vn 0 0 -1
vn 0 0 -1
vn 0 0 -1
vn 0 0 -1
vn 0 0 -1
vn 0 0 -1
vn 0 0 -1
vn 0 0 -1
vn 0 0 -1
vn 0 0 -1
vn 0 0 -1
vn 0 0 -1
vn 0 0 -1
vn 0 0 -1
vn 0 0 -1
vn 0 0 -1
vn 0 0 -1
vn 0 0 -1
vn 0 0 -1
vn 0 0 -1
vn 0 0 -1
vn 0 0 -1
vn 0 0 -1
vn 0 0 -1
vn 0 0 -1
vn 0 0 -1
vn 0 0 -1
vn 0 0 -1
vn 0 0 -1
vn 0 0 -1
vn 0 0 -1
vn 0 0 -1
vn 0 0 -1
vn 0 0 -1
vn 0 0 -1
vn 0 0 -1
vn 0 0 -1
vn 0 0 -1
vn 0 0 -1
vn 0 0 -1
vn 0 0 -1
vn 0 0 -1
vn 0 0 -1
vn 0 0 -1
vn 0 0 -1
vn 0 0 -1
vn 0 0 -1
vn 0 0 -1
vn 0 0 -1
vn 0 0 -1
vn 0 0 -1
vn 0 0 -1
vn 0 0 -1
vn 0 0 -1
vn 0 0 -1
vn 0 0 -1
vn 0 0 -1
vn 0 0 -1
vn 0 0 -1
vn 0 0 -1
vn 0 0 -1
vn 0 0 -1
vn 0 0 -1
vn 0 0 -1
vn 0 0 -1
vn 0 0 -1
vn 0 0 -1
vn 0 0 -1
vn 0 0 -1
vn 0 0 -1
vn 0 0 -1
vn 0 0 -1
vn 0 0 -1
vn 0 0 -1
vn 0 0 -1
vn 0 0 -1
vn 0 0 -1
vn 0 0 -1
vn 0 0 -1
vn 0 0 -1
vn 0 0 -1
vn 0 0 -1
vn 0 0 -1
vn 0 0 -1
vn 0 0 -1
vn 0 0 -1
vn 0 0 -1
vn 0 0 -1
vn 0 0 -1
vn 0 0 -1
vn 0 0 -1
vn 0 0 -1
vn 0 0 -1
vn 0 0 -1
vn 0 0 -1
vn 0 0 -1
vn 0 0 -1
vn 0 0 -1
vn 0 0 -1
vn 0 0 -1
vn 0 0 -1
vn 0 0 -1
vn 0 0 -1
vn 0 0 -1
vn 0 0 -1
vn 0 0 -1
vn 0 0 -1
vn 0 0 -1
vn 0 0 -1
vn 0 0 -1
vn 0 0 -1
vn 0 0 -1
vn 0 0 -1
vn 0 0 -1
vn 0 0 -1
vn 0 0 -1
vn 0 0 -1
vn 0 0 -1
vn 0 0 -1
vn 0 0 -1
vn 0 0 -1
vn 0 0 -1
vn 0 0 -1
vn 0 0 -1
vn 0 0 -1
vn 0 0 -1
vn 0 0 -1
vn 0 0 -1
vn 0 0 -1
vn 0 0 -1
vn 0 0 -1
vn 0 0 -1
vn 0 0 -1
vn 0 0 -1
vn 0 0 -1
vn 0 0 -1
vn 0 0 -1
vn 0 0 -1
vn 0 0 -1
vn 0 0 -1
vn 0 0 -1
vn 0 0 -1
vn 0 0 -1
vn 0 0 -1
vn 0 0 -1
vn 0 0 -1
vn 0 0 -1
vn 0 0 -1
vn 0 0 -1
vn 0 0 -1
vn 0 0 -1
vn 0 0 -1
vn 0 0 -1
vn 0 0 -1
vn 0 0 -1
vn 0 0 -1
vn 0 0 -1
vn 0 0 -1
vn 0 0 -1
vn 0 0 -1
vn 0 0 -1
vn 0 0 -1
vn 0 0 -1
vn 0 0 -1
vn 0 0 -1
vn 0 0 -1
vn 0 0 -1
vn 0 0 -1
vn 0 0 -1
vn 0 0 -1
vn 0 0 -1
vn 0 0 -1
vn 0 0 -1
vn 0 0 -1
vn 0 0 -1
vn 0 0 -1
vn 0 0 -1
vn 0 0 -1
vn 0 0 -1
vn 0 0 -1
vn 0 0 -1
vn 0 0 -1
vn 0 0 -1
vn 0 0 -1
vn 0 0 -1
vn 0 0 -1
vn 0 0 -1
vn 0 0 -1
vn 0 0 -1
vn 0 0 -1
vn 0 0 -1
vn 0 0 -1
vn 0 0 -1
vn 0 0 -1
vn 0 0 -1
vn 0 0 -1
vn 0 0 -1
vn 0 0 -1
vn 0 0 -1
vn 0 0 -1
vn 0 0 -1
vn 0 0 -1
vn 0 0 -1
vn 0 0 -1
vn 0 0 -1
vn 0 0 -1
vn 0 0 -1
vn 0 0 -1
vn 0 0 -1
vn 0 0 -1
vn 0 0 -1
vn 0 0 -1
vn 0 0 -1
vn 0 0 -1
vn 0 0 -1
vn 0 0 -1
vn 0 0 -1
vn 0 0 -1
vn 0 0 -1
vn 0 0 -1
vn 0 0 -1
vn 0 0 -1
vn 0 0 -1
vn 0 0 -1
vn 0 0 -1
vn 0 0 -1
vn 0 0 -1
vn 0 0 -1
vn 0 0 -1
vn 0 0 -1
vn 0 0 -1
vn 0 0 -1
vn 0 0 -1
vn 0 0 -1
vn 0 0 -1
vn 0 0 -1
vn 0 0 -1
vn 0 0 -1
vn 0 0 -1
vn 0 0 -1
vn 0 0 -1
vn 0 0 -1
vn 0 0 -1
vn 0 0 -1
vn 0 0 -1
vn 0 0 -1
vn 0 0 -1
vn 0 0 -1
vn 0 0 -1
vn 0 0 -1
vn 0 0 -1
vn 0 0 -1
vn 0 0 -1
vn 0 0 -1
vn 0 0 -1
vn 0 0 -1
vn 0 0 -1
vn 0 0 -1
vn 0 0 -1
vn 0 0 -1
vn 0 0 -1
vn 0 0 -1
vn 0 0 -1
vn 0 0 -1
vn 0 0 -1
vn 0 0 -1
vn 0 0 -1
vn 0 0 -1
vn 0 0 -1
vn 0 0 -1
vn 0 0 -1
vn 0 0 -1
vn 0 0 -1
vn 0 0 -1
vn 0 0 -1
vn 0 0 -1
vn 0 0 -1
vn 0 0 -1
vn 0 0 -1
vn 0 0 -1
vn 0 0 -1
vn 0 0 -1
vn 0 0 -1
vn 0 0 -1
vn 0 0 -1
vn 0 0 -1
vn 0 0 -1
vn 0 0 -1
vn 0 0 -1
vn 0 0 -1
vn 0 0 -1
vn 0 0 -1
vn 0 0 -1
vn 0 0 -1
vn 0 0 -1
vn 0 0 -1
vn 0 0 -1
vn 0 0 -1
vn 0 0 -1
vn 0 0 -1
vn 0 0 -1
vn 0 0 -1
vn 0 0 -1
vn 0 0 -1
vn 0 0 -1
vn 0 0 -1
vn 0 0 -1
vn 0 0 -1
vn 0 0 -1
vn 0 0 -1
vn 0 0 -1
vn 0 0 -1
vn 0 0 -1
vn 0 0 -1
vn 0 0 -1
vn 0 0 -1
vn 0 0 -1
vn 0 0 -1
vn 0 0 -1
vn 0 0 -1
vn 0 0 -1
vn 0 0 -1
vn 0 0 -1
vn 0 0 -1
vn 0 0 -1
vn 0 0 -1
vn 0 0 -1
vn 0 0 -1
vn 0 0 -1
vn 0 0 -1
vn 0 0 -1
vn 0 0 -1
vn 0 0 -1
vn 0 0 -1
vn 0 0 -1
vn 0 0 -1
vn 0 0 -1
vn 0 0 -1
vn 0 0 -1
vn 0 0 -1
vn 0 0 -1
vn 0 0 -1
vn 0 0 -1
vn 0 0 -1
vn 0 0 -1
vn 0 0 -1
vn 0 0 -1
vn 0 0 -1
vn 0 0 -1
vn 0 0 -1
vn 0 0 -1
vn 0 0 -1
vn 0 0 -1
vn 0 0 -1
vn 0 0 -1
vn 0 0 -1
vn 0 0 -1
vn 0 0 -1
vn 0 0 -1
vn 0 0 -1
vn 0 0 -1
vn 0 0 -1
vn 0 0 -1
vn 0 0 -1
vn 0 0 -1
vn 0 0 -1
vn 0 0 -1
vn 0 0 -1
vn 0 0 -1
vn 0 0 -1
vn 0 0 -1
vn 0 0 -1
vn 0 0 -1
vn 0 0 -1
vn 0 0 -1
vn 0 0 -1
vn 0 0 -1
vn 0 0 -1
vn 0 0 -1
vn 0 0 -1
vn 0 0 -1
vn 0 0 -1
vn 0 0 -1
vn 0 0 -1
vn 0 0 -1
vn 0 0 -1
vn 0 0 -1
vn 0 0 -1
vn 0 0 -1
vn 0 0 -1
vn 0 0 -1
vn 0 0 -1
vn 0 0 -1
vn 0 0 -1
vn 0 0 -1
vn 0 0 -1
vn 0 0 -1
vn 0 0 -1
vn 0 0 -1
vn 0 0 -1
vn 0 0 -1
vn 0 0 -1
vn 0 0 -1
vn 0 0 -1
vn 0 0 -1
vn 0 0 -1
vn 0 0 -1
vn 0 0 -1
vn 0 0 -1
vn 0 0 -1
vn 0 0 -1
vn 0 0 -1
vn 0 0 -1
vn 0 0 -1
vn 0 0 -1
vn 0 0 -1
vn 0 0 -1
vn 0 0 -1
vn 0 0 -1
vn 0 0 -1
vn 0 0 -1
vn 0 0 -1
vn 0 0 -1
vn 0 0 -1
vn 0 0 -1
vn 0 0 -1
vn 0 0 -1
vn 0 0 -1
vn 0 0 -1
vn 0 0 -1
vn 0 0 -1
vn 0 0 -1
vn 0 0 -1
vn 0 0 -1
vn 0 0 -1
vn 0 0 -1
vn 0 0 -1
vn 0 0 -1
vn 0 0 -1
vn 0 0 -1
vn 0 0 -1
vn 0 0 -1
vn 0 0 -1
vn 0 0 -1
vn 0 0 -1
vn 0 0 -1
vn 0 0 -1
vn 0 0 -1
vn 0 0 -1
vn 0 0 -1
vn 0 0 -1
vn 0 0 -1
vn 0 0 -1
vn 0 0 -1
vn 0 0 -1
vn 0 0 -1
vn 0 0 -1
vn 0 0 -1
vn 0 0 -1
vn 0 0 -1
vn 0 0 -1
vn 0 0 -1
vn 0 0 -1
vn 0 0 -1
vn 0 0 -1
vn 0 0 -1
vn 0 0 -1
vn 0 0 -1
vn 0 0 -1
vn 0 0 -1
vn 0 0 -1
vn 0 0 -1
vn 0 0 -1
vn 0 0 -1
vn 0 0 -1
vn 0 0 -1
vn 0 0 -1
vn 0 0 -1
vn 0 0 -1
vn 0 0 -1
vn 0 0 -1
vn 0 0 -1
vn 0 0 -1
vn 0 0 -1
vn 0 0 -1
vn 0 0 -1
vn 0 0 -1
vn 0 0 -1
vn 0 0 -1
vn 0 0 -1
vn 0 0 -1
vn 0 0 -1
vn 0 0 -1
vn 0 0 -1
vn 0 0 -1
vn 0 0 -1
vn 0 0 -1
vn 0 0 -1
vn 0 0 -1
vn 0 0 -1
vn 0 0 -1
vn 0 0 -1
vn 0 0 -1
vn 0 0 -1
vn 0 0 -1
vn 0 0 -1
vn 0 0 -1
vn 0 0 -1
vn 0 0 -1
vn 0 0 -1
vn 0 0 -1
vn 0 0 -1
vn 0 0 -1
vn 0 0 -1
vn 0 0 -1
vn 0 0 -1
vn 0 0 -1
vn 0 0 -1
vn 0 0 -1
vn 0 0 -1
vn 0 0 -1
vn 0 0 -1
vn 0 0 -1
vn 0 0 -1
vn 0 0 -1
vn 0 0 -1
vn 0 0 -1
vn 0 0 -1
vn 0 0 -1
vn 0 0 -1
vn 0 0 -1
vn 0 0 -1
vn 0 0 -1
vn 0 0 -1
vn 0 0 -1
vn 0 0 -1
vn 0 0 -1
vn 0 0 -1
vn 0 0 -1
vn 0 0 -1
vn 0 0 -1
vn 0 0 -1
vn 0 0 -1
vn 0 0 -1
vn 0 0 -1
vn 0 0 -1
vn 0 0 -1
vn 0 0 -1
vn 0 0 -1
vn 0 0 -1
vn 0 0 -1
vn 0 0 -1
vn 0 0 -1
vn 0 0 -1
vn 0 0 -1
vn 0 0 -1
vn 0 0 -1
vn 0 0 -1
vn 0 0 -1
vn 0 0 -1
vn 0 0 -1
vn 0 0 -1
vn 0 0 -1
vn 0 0 -1
vn 0 0 -1
vn 0 0 -1
vn 0 0 -1
vn 0 0 -1
vn 0 0 -1
vn 0 0 -1
vn 0 0 -1
vn 0 0 -1
vn 0 0 -1
vn 0 0 -1
vn 0 0 -1
vn 0 0 -1
vn 0 0 -1
vn 0 0 -1
vn 0 0 -1
vn 0 0 -1
vn 0 0 -1
vn 0 0 -1
vn 0 0 -1
vn 0 0 -1
vn 0 0 -1
vn 0 0 -1
vn 0 0 -1
vn 0 0 -1
vn 0 0 -1
vn 0 0 -1
vn 0 0 -1
vn 0 0 -1
vn 0 0 -1
vn 0 0 -1
vn 0 0 -1
vn 0 0 -1
vn 0 0 -1
vn 0 0 -1
vn 0 0 -1
vn 0 0 -1
vn 0 0 -1
vn 0 0 -1
vn 0 0 -1
vn 0 0 -1
vn 0 0 -1
vn 0 0 -1
vn 0 0 -1
vn 0 0 -1
vn 0 0 -1
vn 0 0 -1
vn 0 0 -1
vn 0 0 -1
vn 0 0 -1
vn 0 0 -1
vn 0 0 -1
vn 0 0 -1
vn 0 0 -1
vn 0 0 -1
vn 0 0 -1
vn 0 0 -1
vn 0 0 -1
vn 0 0 -1
vn 0 0 -1
vn 0 0 -1
vn 0 0 -1
vn 0 0 -1
vn 0 0 -1
vn 0 0 -1
vn 0 0 -1
vn 0 0 -1
vn 0 0 -1
vn 0 0 -1
vn 0 0 -1
vn 0 0 -1
vn 0 0 -1
vn 0 0 -1
vn 0 0 -1
vn 0 0 -1
vn 0 0 -1
vn 0 0 -1
vn 0 0 -1
vn 0 0 -1
vn 0 0 -1
vn 0 0 -1
vn 0 0 -1
vn 0 0 -1
vn 0 0 -1
vn 0 0 -1
vn 0 0 -1
vn 0 0 -1
vn 0 0 -1
vn 0 0 -1
vn 0 0 -1
vn 0 0 -1
vn 0 0 -1
vn 0 0 -1
vn 0 0 -1
vn 0 0 -1
vn 0 0 -1
vn 0 0 -1
vn 0 0 -1
vn 0 0 -1
vn 0 0 -1
vn 0 0 -1
vn 0 0 -1
vn 0 0 -1
vn 0 0 -1
vn 0 0 -1
vn 0 0 -1
vn 0 0 -1
vn 0 0 -1
vn 0 0 -1
vn 0 0 -1
vn 0 0 -1
vn 0 0 -1
vn 0 0 -1
vn 0 0 -1
vn 0 0 -1
vn 0 0 -1
vn 0 0 -1
vn 0 0 -1
vn 0 0 -1
vn 0 0 -1
vn 0 0 -1
vn 0 0 -1
vn 0 0 -1
vn 0 0 -1
vn 0 0 -1
vn 0 0 -1
vn 0 0 -1
vn 0 0 -1
vn 0 0 -1
vn 0 0 -1
vn 0 0 -1
vn 0 0 -1
vn 0 0 -1
vn 0 0 -1
vn 0 0 -1
vn 0 0 -1
vn 0 0 -1
vn 0 0 -1
vn 0 0 -1
vn 0 0 -1
vn 0 0 -1
vn 0 0 -1
vn 0 0 -1
vn 0 0 -1
vn 0 0 -1
vn 0 0 -1
vn 0 0 -1
vn 0 0 -1
vn 0 0 -1
vn 0 0 -1
vn 0 0 -1
vn 0 0 -1
vn 0 0 -1
vn 0 0 -1
vn 0 0 -1
vn 0 0 -1
vn 0 0 -1
vn 0 0 -1
vn 0 0 -1
vn 0 0 -1
vn 0 0 -1
vn 0 0 -1
vn 0 0 -1
vn 0 0 -1
vn 0 0 -1
vn 0 0 -1
vn 0 0 -1
vn 0 0 -1
vn 0 0 -1
vn 0 0 -1
vn 0 0 -1
vn 0 0 -1
vn 0 0 -1
vn 0 0 -1
vn 0 0 -1
vn 0 0 -1
vn 0 0 -1
vn 0 0 -1
vn 0 0 -1
vn 0 0 -1
vn 0 0 -1
vn 0 0 -1
vn 0 0 -1
vn 0 0 -1
vn 0 0 -1
vn 0 0 -1
vn 0 0 -1
vn 0 0 -1
vn 0 0 -1
vn 0 0 -1
vn 0 0 -1
vn 0 0 -1
vn 0 0 -1
vn 0 0 -1
vn 0 0 -1
vn 0 0 -1
vn 0 0 -1
vn 0 0 -1
vn 0 0 -1
vn 0 0 -1
vn 0 0 -1
vn 0 0 -1
vn 0 0 -1
vn 0 0 -1
vn 0 0 -1
vn 0 0 -1
vn 0 0 -1
vn 0 0 -1
vn 0 0 -1
vn 0 0 -1
vn 0 0 -1
vn 0 0 -1
vn 0 0 -1
vn 0 0 -1
vn 0 0 -1
vn 0 0 -1
vn 0 0 -1
vn 0 0 -1
vn 0 0 -1
vn 0 0 -1
vn 0 0 -1
vn 0 0 -1
vn 0 0 -1
vn 0 0 -1
vn 0 0 -1
vn 0 0 -1
vn 0 0 -1
vn 0 0 -1
vn 0 0 -1
vn 0 0 -1
vn 0 0 -1
vn 0 0 -1
vn 0 0 -1
vn 0 0 -1
vn 0 0 -1
vn 0 0 -1
vn 0 0 -1
vn 0 0 -1
vn 0 0 -1
vn 0 0 -1
vn 0 0 -1
vn 0 0 -1
vn 0 0 -1
vn 0 0 -1
vn 0 0 -1
vn 0 0 -1
vn 0 0 -1
vn 0 0 -1
vn 0 0 -1
vn 0 0 -1
vn 0 0 -1
vn 0 0 -1
vn 0 0 -1
vn 0 0 -1
vn 0 0 -1
vn 0 0 -1
vn 0 0 -1
vn 0 0 -1
vn 0 0 -1
vn 0 0 -1
vn 0 0 -1
vn 0 0 -1
vn 0 0 -1
vn 0 0 -1
vn 0 0 -1
vn 0 0 -1
vn 0 0 -1
vn 0 0 -1
vn 0 0 -1
vn 0 0 -1
vn 0 0 -1
vn 1 0 0
vn 1 0 0
vn 1 0 0
vn 1 0 0
vn 1 0 0
vn 1 0 0
vn 1 0 0
vn -0.08715574 0.99619472 0
vn -0.00000000 1 0
vn -0.00000000 1 0
vn -0.17364818 0.98480773 0
vn -0.08715574 0.99619472 0
vn -0.25881904 0.96592581 0
vn -0.17364818 0.98480773 0
vn -0.34202015 0.93969262 0
vn -0.25881904 0.96592581 0
vn -0.42261827 0.90630782 0
vn -0.34202015 0.93969262 0
vn -0.50000000 0.86602539 0
vn -0.42261827 0.90630782 0
vn -0.57357645 0.81915206 0
vn -0.50000000 0.86602539 0
vn -0.64278764 0.76604444 0
vn -0.57357645 0.81915206 0
vn -0.70710677 0.70710677 0
vn -0.64278764 0.76604444 0
vn -0.76604444 0.64278764 0
vn -0.70710677 0.70710677 0
vn -0.81915206 0.57357645 0
vn -0.76604444 0.64278764 0
vn -0.86602539 0.50000000 0
vn -0.81915206 0.57357645 0
vn -0.90630782 0.42261827 0
vn -0.86602539 0.50000000 0
vn -0.93969262 0.34202015 0
vn -0.90630782 0.42261827 0
vn -0.96592581 0.25881904 0
vn -0.93969262 0.34202015 0
vn -0.98480773 0.17364818 0
vn -0.96592581 0.25881904 0
vn -0.99619472 0.08715574 0
vn -0.98480773 0.17364818 0
vn -1 0.00000000 0
vn -0.99619472 0.08715574 0
vn -1 0.00000000 0
vn 0.08715574 0.99619472 0
vn 0.00000000 1 0
vn 0.00000000 1 0
vn 0.17364818 0.98480773 0
vn 0.08715574 0.99619472 0
vn 0.25881904 0.96592581 0
vn 0.17364818 0.98480773 0
vn 0.34202015 0.93969262 0
vn 0.25881904 0.96592581 0
vn 0.42261827 0.90630782 0
vn 0.34202015 0.93969262 0
vn 0.50000000 0.86602539 0
vn 0.42261827 0.90630782 0
vn 0.57357645 0.81915206 0
vn 0.50000000 0.86602539 0
vn 0.64278764 0.76604444 0
vn 0.57357645 0.81915206 0
vn 0.70710677 0.70710677 0
vn 0.64278764 0.76604444 0
vn 0.76604444 0.64278764 0
vn 0.70710677 0.70710677 0
vn 0.81915206 0.57357645 0
vn 0.76604444 0.64278764 0
vn 0.86602539 0.50000000 0
vn 0.81915206 0.57357645 0
vn 0.90630782 0.42261827 0
vn 0.86602539 0.50000000 0
vn 0.93969262 0.34202015 0
vn 0.90630782 0.42261827 0
vn 0.96592581 0.25881904 0
vn 0.93969262 0.34202015 0
vn 0.98480773 0.17364818 0
vn 0.96592581 0.25881904 0
vn 0.99619472 0.08715574 0
vn 0.98480773 0.17364818 0
vn 1 -0.00000000 0
vn 0.99619472 0.08715574 0
vn 1 -0.00000000 0
f 1/1/1 2/2/2 3/3/3
f 4/4/4 1/1/1 5/5/5
f 6/6/6 4/4/4 7/7/7
f 8/8/8 6/6/6 9/9/9
f 10/10/10 8/8/8 11/11/11
f 12/12/12 10/10/10 13/13/13
f 14/14/14 12/12/12 15/15/15
f 16/16/16 14/14/14 17/17/17
f 18/18/18 16/16/16 19/19/19
f 20/20/20 18/18/18 21/21/21
f 22/22/22 20/20/20 23/23/23
f 24/24/24 22/22/22 25/25/25
f 26/26/26 24/24/24 27/27/27
f 28/28/28 26/26/26 29/29/29
f 30/30/30 28/28/28 31/31/31
f 32/32/32 30/30/30 33/33/33
f 34/34/34 32/32/32 35/35/35
f 36/36/36 34/34/34 37/37/37
f 38/38/38 36/36/36 39/39/39
f 40/40/40 38/38/38 41/41/41
f 42/42/42 40/40/40 43/43/43
f 44/44/44 42/42/42 45/45/45
f 46/46/46 44/44/44 47/47/47
f 48/48/48 46/46/46 49/49/49
f 50/50/50 48/48/48 51/51/51
f 52/52/52 50/50/50 53/53/53
f 54/54/54 52/52/52 55/55/55
f 56/56/56 54/54/54 57/57/57
f 58/58/58 56/56/56 59/59/59
f 60/60/60 58/58/58 61/61/61
f 62/62/62 60/60/60 63/63/63
f 64/64/64 62/62/62 65/65/65
f 66/66/66 64/64/64 67/67/67
f 68/68/68 66/66/66 69/69/69
f 70/70/70 68/68/68 71/71/71
f 72/72/72 70/70/70 73/73/73
f 74/74/74 72/72/72 75/75/75
f 76/76/76 74/74/74 77/77/77
f 78/78/78 76/76/76 79/79/79
f 80/80/80 78/78/78 81/81/81
f 82/82/82 80/80/80 83/83/83
f 84/84/84 82/82/82 85/85/85
f 86/86/86 84/84/84 87/87/87
f 88/88/88 86/86/86 89/89/89
f 90/90/90 88/88/88 91/91/91
f 92/92/92 90/90/90 93/93/93
f 94/94/94 92/92/92 95/95/95
f 96/96/96 94/94/94 97/97/97
f 98/98/98 96/96/96 99/99/99
f 100/100/100 98/98/98 101/101/101
f 102/102/102 100/100/100 103/103/103
f 104/104/104 102/102/102 105/105/105
f 106/106/106 104/104/104 107/107/107
f 108/108/108 106/106/106 109/109/109
f 110/110/110 108/108/108 111/111/111
f 112/112/112 110/110/110 113/113/113
f 114/114/114 112/112/112 115/115/115
f 116/116/116 114/114/114 117/117/117
f 118/118/118 116/116/116 119/119/119
f 120/120/120 118/118/118 121/121/121
f 122/122/122 120/120/120 123/123/123
f 124/124/124 122/122/122 125/125/125
f 126/126/126 124/124/124 127/127/127
f 128/128/128 126/126/126 129/129/129
f 130/130/130 128/128/128 131/131/131
f 132/132/132 130/130/130 133/133/133
f 134/134/134 132/132/132 135/135/135
f 136/136/136 134/134/134 137/137/137
f 138/138/138 136/136/136 139/139/139
f 140/140/140 138/138/138 141/141/141
f 142/142/142 140/140/140 143/143/143
f 2/2/2 142/142/142 144/144/144
f 144/144/144 3/3/3 2/2/2
f 143/143/143 144/144/144 142/142/142
f 141/141/141 143/143/143 140/140/140
f 139/139/139 141/141/141 138/138/138
f 137/137/137 139/139/139 136/136/136
f 135/135/135 137/137/137 134/134/134
f 133/133/133 135/135/135 132/132/132
f 131/131/131 133/133/133 130/130/130
f 129/129/129 131/131/131 128/128/128
f 127/127/127 129/129/129 126/126/126
f 125/125/125 127/127/127 124/124/124
f 123/123/123 125/125/125 122/122/122
f 121/121/121 123/123/123 120/120/120
f 119/119/119 121/121/121 118/118/118
f 117/117/117 119/119/119 116/116/116
f 115/115/115 117/117/117 114/114/114
f 113/113/113 115/115/115 112/112/112
f 111/111/111 113/113/113 110/110/110
f 109/109/109 111/111/111 108/108/108
f 107/107/107 109/109/109 106/106/106
f 105/105/105 107/107/107 104/104/104
f 103/103/103 105/105/105 102/102/102
f 101/101/101 103/103/103 100/100/100
f 99/99/99 101/101/101 98/98/98
f 97/97/97 99/99/99 96/96/96
f 95/95/95 97/97/97 94/94/94
f 93/93/93 95/95/95 92/92/92
f 91/91/91 93/93/93 90/90/90
f 89/89/89 91/91/91 88/88/88
f 87/87/87 89/89/89 86/86/86
f 85/85/85 87/87/87 84/84/84
f 83/83/83 85/85/85 82/82/82
f 81/81/81 83/83/83 80/80/80
f 79/79/79 81/81/81 78/78/78
f 77/77/77 79/79/79 76/76/76
f 75/75/75 77/77/77 74/74/74
f 73/73/73 75/75/75 72/72/72
f 71/71/71 73/73/73 70/70/70
f 69/69/69 71/71/71 68/68/68
f 67/67/67 69/69/69 66/66/66
f 65/65/65 67/67/67 64/64/64
f 63/63/63 65/65/65 62/62/62
f 61/61/61 63/63/63 60/60/60
f 59/59/59 61/61/61 58/58/58
f 57/57/57 59/59/59 56/56/56
f 55/55/55 57/57/57 54/54/54
f 53/53/53 55/55/55 52/52/52
f 51/51/51 53/53/53 50/50/50
f 49/49/49 51/51/51 48/48/48
f 47/47/47 49/49/49 46/46/46
f 45/45/45 47/47/47 44/44/44
f 43/43/43 45/45/45 42/42/42
f 41/41/41 43/43/43 40/40/40
f 39/39/39 41/41/41 38/38/38
f 37/37/37 39/39/39 36/36/36
f 35/35/35 37/37/37 34/34/34
f 33/33/33 35/35/35 32/32/32
f 31/31/31 33/33/33 30/30/30
f 29/29/29 31/31/31 28/28/28
f 27/27/27 29/29/29 26/26/26
f 25/25/25 27/27/27 24/24/24
f 23/23/23 25/25/25 22/22/22
f 21/21/21 23/23/23 20/20/20
f 19/19/19 21/21/21 18/18/18
f 17/17/17 19/19/19 16/16/16
f 15/15/15 17/17/17 14/14/14
f 13/13/13 15/15/15 12/12/12
f 11/11/11 13/13/13 10/10/10
f 9/9/9 11/11/11 8/8/8
f 7/7/7 9/9/9 6/6/6
f 5/5/5 7/7/7 4/4/4
f 3/3/3 5/5/5 1/1/1
f 145/145/145 117/146/146 115/147/147
f 145/145/145 146/148/148 119/149/149
f 147/150/150 45/151/151 43/152/152
f 147/150/150 148/153/153 47/154/154
f 149/155/155 89/156/156 87/157/157
f 150/158/158 91/159/159 89/156/156
f 151/160/160 97/161/161 95/162/162
f 151/160/160 152/163/163 99/164/164
f 153/165/165 105/166/166 103/167/167
f 153/165/165 154/168/168 107/169/169
f 119/149/149 117/146/146 145/145/145
f 146/148/148 155/170/170 121/171/171
f 156/172/172 157/173/173 133/174/174
f 157/173/173 158/175/175 135/176/176
f 159/177/177 17/178/178 15/179/179
f 160/180/180 19/181/181 17/178/178
f 161/182/182 33/183/183 31/184/184
f 161/182/182 162/185/185 35/186/186
f 47/154/154 45/151/151 147/150/150
f 148/153/153 163/187/187 49/188/188
f 164/189/189 165/190/190 61/191/191
f 165/190/190 166/192/192 63/193/193
f 89/156/156 149/155/155 150/158/158
f 150/158/158 167/194/194 93/195/195
f 99/164/164 97/161/161 151/160/160
f 152/163/163 168/196/196 101/197/197
f 169/198/198 103/167/167 101/197/197
f 107/169/169 105/166/166 153/165/165
f 121/171/171 119/149/149 146/148/148
f 170/199/199 123/200/200 121/171/171
f 171/201/201 125/202/202 123/200/200
f 171/201/201 172/203/203 127/204/204
f 156/172/172 131/205/205 129/206/206
f 135/176/176 133/174/174 157/173/173
f 17/178/178 159/177/177 160/180/180
f 160/180/180 173/207/207 21/208/208
f 173/207/207 174/209/209 23/210/210
f 174/209/209 175/211/211 25/212/212
f 176/213/213 27/214/214 25/212/212
f 176/213/213 177/215/215 29/216/216
f 178/217/217 31/184/184 29/216/216
f 35/186/186 33/183/183 161/182/182
f 49/188/188 47/154/154 148/153/153
f 179/218/218 51/219/219 49/188/188
f 180/220/220 53/221/221 51/219/219
f 180/220/220 181/222/222 55/223/223
f 164/189/189 59/224/224 57/225/225
f 63/193/193 61/191/191 165/190/190
f 93/195/195 91/159/159 150/158/158
f 167/194/194 182/226/226 95/162/162
f 101/197/197 99/164/164 152/163/163
f 103/167/167 169/198/198 153/165/165
f 121/171/171 155/170/170 170/199/199
f 127/204/204 125/202/202 171/201/201
f 183/227/227 129/206/206 127/204/204
f 133/174/174 131/205/205 156/172/172
f 21/208/208 19/181/181 160/180/180
f 25/212/212 23/210/210 174/209/209
f 29/216/216 27/214/214 176/213/213
f 31/184/184 178/217/217 161/182/182
f 49/188/188 163/187/187 179/218/218
f 55/223/223 53/221/221 180/220/220
f 184/228/228 57/225/225 55/223/223
f 61/191/191 59/224/224 164/189/189
f 95/162/162 93/195/195 167/194/194
f 101/197/197 168/196/196 169/198/198
f 185/229/229 109/230/230 107/169/169
f 185/229/229 186/231/231 111/232/232
f 187/233/233 113/234/234 111/232/232
f 187/233/233 188/235/235 115/147/147
f 123/200/200 170/199/199 171/201/201
f 129/206/206 183/227/227 156/172/172
f 23/210/210 21/208/208 173/207/207
f 29/216/216 177/215/215 178/217/217
f 189/236/236 37/237/237 35/186/186
f 189/236/236 190/238/238 39/239/239
f 191/240/240 41/241/241 39/239/239
f 191/240/240 192/242/242 43/152/152
f 51/219/219 179/218/218 180/220/220
f 57/225/225 184/228/228 164/189/189
f 193/243/243 83/244/244 81/245/245
f 193/243/243 194/246/246 85/247/247
f 95/162/162 182/226/226 151/160/160
f 111/232/232 109/230/230 185/229/229
f 115/147/147 113/234/234 187/233/233
f 127/204/204 172/203/203 183/227/227
f 25/212/212 175/211/211 176/213/213
f 39/239/239 37/237/237 189/236/236
f 43/152/152 41/241/241 191/240/240
f 55/223/223 181/222/222 184/228/228
f 85/247/247 83/244/244 193/243/243
f 194/246/246 195/248/248 87/157/157
f 107/169/169 154/168/168 185/229/229
f 115/147/147 188/235/235 145/145/145
f 196/249/249 139/250/250 137/251/251
f 196/249/249 197/252/252 141/253/253
f 198/254/254 143/255/255 141/253/253
f 198/254/254 199/256/256 144/257/257
f 200/258/258 3/259/259 144/257/257
f 200/258/258 201/260/260 5/261/261
f 35/186/186 162/185/185 189/236/236
f 43/152/152 192/242/242 147/150/150
f 87/157/157 85/247/247 194/246/246
f 111/232/232 186/231/231 187/233/233
f 202/262/262 137/251/251 135/176/176
f 141/253/253 139/250/250 196/249/249
f 144/257/257 143/255/255 198/254/254
f 5/261/261 3/259/259 200/258/258
f 203/263/263 7/264/264 5/261/261
f 203/263/263 204/265/265 9/266/266
f 205/267/267 11/268/268 9/266/266
f 205/267/267 206/269/269 13/270/270
f 207/271/271 15/179/179 13/270/270
f 39/239/239 190/238/238 191/240/240
f 208/272/272 67/273/273 65/274/274
f 208/272/272 209/275/275 69/276/276
f 87/157/157 195/248/248 149/155/155
f 137/251/251 202/262/262 196/249/249
f 144/257/257 199/256/256 200/258/258
f 9/266/266 7/264/264 203/263/263
f 13/270/270 11/268/268 205/267/267
f 15/179/179 207/271/271 159/177/177
f 210/277/277 65/274/274 63/193/193
f 69/276/276 67/273/273 208/272/272
f 211/278/278 212/279/279 81/245/245
f 135/176/176 158/175/175 202/262/262
f 5/261/261 201/260/260 203/263/263
f 13/270/270 206/269/269 207/271/271
f 65/274/274 210/277/277 208/272/272
f 213/280/280 71/281/281 69/276/276
f 213/280/280 214/282/282 73/283/283
f 215/284/284 79/285/285 77/286/286
f 79/285/285 215/284/284 211/278/278
f 141/253/253 197/252/252 198/254/254
f 63/193/193 166/192/192 210/277/277
f 73/283/283 71/281/281 213/280/280
f 216/287/287 75/288/288 73/283/283
f 216/287/287 217/289/289 77/286/286
f 81/245/245 79/285/285 211/278/278
f 9/266/266 204/265/265 205/267/267
f 73/283/283 214/282/282 216/287/287
f 77/286/286 217/289/289 215/284/284
f 69/276/276 209/275/275 213/280/280
f 81/245/245 212/279/279 193/243/243
f 77/286/286 75/288/288 216/287/287
f 218/290/290 200/291/291 199/292/292
f 219/293/293 199/292/292 198/294/294
f 220/295/295 198/294/294 197/296/296
f 221/297/297 197/296/296 196/298/298
f 222/299/299 196/298/298 202/300/300
f 223/301/301 202/300/300 158/302/302
f 224/303/303 158/302/302 157/304/304
f 225/305/305 157/304/304 156/306/306
f 226/307/307 156/306/306 183/308/308
f 227/309/309 183/308/308 172/310/310
f 228/311/311 172/310/310 171/312/312
f 229/313/313 171/312/312 170/314/314
f 230/315/315 170/314/314 155/316/316
f 231/317/317 155/316/316 146/318/318
f 232/319/319 146/318/318 145/320/320
f 233/321/321 145/320/320 188/322/322
f 234/323/323 188/322/322 187/324/324
f 235/325/325 187/324/324 186/326/326
f 236/327/327 186/326/326 185/328/328
f 237/329/329 185/328/328 154/330/330
f 238/331/331 154/330/330 153/332/332
f 239/333/333 153/332/332 169/334/334
f 240/335/335 169/334/334 168/336/336
f 241/337/337 168/336/336 152/338/338
f 242/339/339 152/338/338 151/340/340
f 243/341/341 151/340/340 182/342/342
f 244/343/343 182/342/342 167/344/344
f 245/345/345 167/344/344 150/346/346
f 246/347/347 150/346/346 149/348/348
f 247/349/349 149/348/348 195/350/350
f 248/351/351 195/350/350 194/352/352
f 249/353/353 194/352/352 193/354/354
f 250/355/355 193/354/354 212/356/356
f 251/357/357 212/356/356 211/358/358
f 211/358/358 252/359/359 251/357/357
f 252/359/359 215/360/360 217/361/361
f 253/362/362 217/361/361 216/363/363
f 254/364/364 216/363/363 214/365/365
f 255/366/366 214/365/365 213/367/367
f 256/368/368 213/367/367 209/369/369
f 257/370/370 209/369/369 208/371/371
f 258/372/372 208/371/371 210/373/373
f 259/374/374 210/373/373 166/375/375
f 260/376/376 166/375/375 165/377/377
f 261/378/378 165/377/377 164/379/379
f 262/380/380 164/379/379 184/381/381
f 263/382/382 184/381/381 181/383/383
f 264/384/384 181/383/383 180/385/385
f 265/386/386 180/385/385 179/387/387
f 266/388/388 179/387/387 163/389/389
f 267/390/390 163/389/389 148/391/391
f 268/392/392 148/391/391 147/393/393
f 269/394/394 147/393/393 192/395/395
f 270/396/396 192/395/395 191/397/397
f 271/398/398 191/397/397 190/399/399
f 272/400/400 190/399/399 189/401/401
f 273/402/402 189/401/401 162/403/403
f 274/404/404 162/403/403 161/405/405
f 275/406/406 161/405/405 178/407/407
f 276/408/408 178/407/407 177/409/409
f 277/410/410 177/409/409 176/411/411
f 278/412/412 176/411/411 175/413/413
f 279/414/414 175/413/413 174/415/415
f 280/416/416 174/415/415 173/417/417
f 281/418/418 173/417/417 160/419/419
f 282/420/420 160/419/419 159/421/421
f 283/422/422 159/421/421 207/423/423
f 284/424/424 207/423/423 206/425/425
f 285/426/426 206/425/425 205/427/427
f 286/428/428 205/427/427 204/429/429
f 287/430/430 204/429/429 203/431/431
f 288/432/432 203/431/431 201/433/433
f 289/434/434 201/433/433 200/291/291
f 200/291/291 218/290/290 289/434/434
f 201/433/433 289/434/434 288/432/432
f 203/431/431 288/432/432 287/430/430
f 204/429/429 287/430/430 286/428/428
f 205/427/427 286/428/428 285/426/426
f 206/425/425 285/426/426 284/424/424
f 207/423/423 284/424/424 283/422/422
f 159/421/421 283/422/422 282/420/420
f 160/419/419 282/420/420 281/418/418
f 173/417/417 281/418/418 280/416/416
f 174/415/415 280/416/416 279/414/414
f 175/413/413 279/414/414 278/412/412
f 176/411/411 278/412/412 277/410/410
f 177/409/409 277/410/410 276/408/408
f 178/407/407 276/408/408 275/406/406
f 161/405/405 275/406/406 274/404/404
f 162/403/403 274/404/404 273/402/402
f 189/401/401 273/402/402 272/400/400
f 190/399/399 272/400/400 271/398/398
f 191/397/397 271/398/398 270/396/396
f 192/395/395 270/396/396 269/394/394
f 147/393/393 269/394/394 268/392/392
f 148/391/391 268/392/392 267/390/390
f 163/389/389 267/390/390 266/388/388
f 179/387/387 266/388/388 265/386/386
f 180/385/385 265/386/386 264/384/384
f 181/383/383 264/384/384 263/382/382
f 184/381/381 263/382/382 262/380/380
f 164/379/379 262/380/380 261/378/378
f 165/377/377 261/378/378 260/376/376
f 166/375/375 260/376/376 259/374/374
f 210/373/373 259/374/374 258/372/372
f 208/371/371 258/372/372 257/370/370
f 209/369/369 257/370/370 256/368/368
f 213/367/367 256/368/368 255/366/366
f 214/365/365 255/366/366 254/364/364
f 216/363/363 254/364/364 253/362/362
f 217/361/361 253/362/362 252/359/359
f 211/358/358 215/360/360 252/359/359
f 212/356/356 251/357/357 250/355/355
f 193/354/354 250/355/355 249/353/353
f 194/352/352 249/353/353 248/351/351
f 195/350/350 248/351/351 247/349/349
f 149/348/348 247/349/349 246/347/347
f 150/346/346 246/347/347 245/345/345
f 167/344/344 245/345/345 244/343/343
f 182/342/342 244/343/343 243/341/341
f 151/340/340 243/341/341 242/339/339
f 152/338/338 242/339/339 241/337/337
f 168/336/336 241/337/337 240/335/335
f 169/334/334 240/335/335 239/333/333
f 153/332/332 239/333/333 238/331/331
f 154/330/330 238/331/331 237/329/329
f 185/328/328 237/329/329 236/327/327
f 186/326/326 236/327/327 235/325/325
f 187/324/324 235/325/325 234/323/323
f 188/322/322 234/323/323 233/321/321
f 145/320/320 233/321/321 232/319/319
f 146/318/318 232/319/319 231/317/317
f 155/316/316 231/317/317 230/315/315
f 170/314/314 230/315/315 229/313/313
f 171/312/312 229/313/313 228/311/311
f 172/310/310 228/311/311 227/309/309
f 183/308/308 227/309/309 226/307/307
f 156/306/306 226/307/307 225/305/305
f 157/304/304 225/305/305 224/303/303
f 158/302/302 224/303/303 223/301/301
f 202/300/300 223/301/301 222/299/299
f 196/298/298 222/299/299 221/297/297
f 197/296/296 221/297/297 220/295/295
f 198/294/294 220/295/295 219/293/293
f 199/292/292 219/293/293 218/290/290
f 52/435/435 290/436/436 291/437/437
f 52/435/435 54/438/438 292/439/439
f 292/439/439 290/436/436 52/435/435
f 56/440/440 293/441/441 292/439/439
f 58/442/442 294/443/443 293/441/441
f 58/442/442 60/444/444 295/445/445
f 48/446/446 296/447/447 297/448/448
f 48/446/446 50/449/449 291/437/437
f 292/439/439 54/438/438 56/440/440
f 295/445/445 294/443/443 58/442/442
f 20/450/450 298/451/451 299/452/452
f 20/450/450 22/453/453 300/454/454
f 28/455/455 301/456/456 302/457/457
f 28/455/455 30/458/458 303/459/459
f 34/460/460 304/461/461 305/462/462
f 34/460/460 36/463/463 306/464/464
f 38/465/465 307/466/466 306/464/464
f 38/465/465 40/467/467 308/468/468
f 42/469/469 309/470/470 308/468/468
f 42/469/469 44/471/471 310/472/472
f 291/437/437 296/447/447 48/446/446
f 293/441/441 56/440/440 58/442/442
f 92/473/473 311/474/474 312/475/475
f 92/473/473 94/476/476 313/477/477
f 124/478/478 314/479/479 315/480/480
f 124/478/478 126/481/481 316/482/482
f 14/483/483 317/484/484 318/485/485
f 14/483/483 16/486/486 319/487/487
f 16/486/486 18/488/488 299/452/452
f 300/454/454 298/451/451 20/450/450
f 24/489/489 320/490/490 300/454/454
f 24/489/489 26/491/491 302/457/457
f 303/459/459 301/456/456 28/455/455
f 30/458/458 32/492/492 305/462/462
f 306/464/464 304/461/461 34/460/460
f 308/468/468 307/466/466 38/465/465
f 310/472/472 309/470/470 42/469/469
f 44/471/471 46/493/493 297/448/448
f 291/437/437 50/449/449 52/435/435
f 60/444/444 62/494/494 321/495/495
f 86/496/496 322/497/497 323/498/498
f 86/496/496 88/499/499 324/500/500
f 88/499/499 90/501/501 312/475/475
f 313/477/477 311/474/474 92/473/473
f 96/502/502 325/503/503 313/477/477
f 96/502/502 98/504/504 326/505/505
f 316/482/482 314/479/479 124/478/478
f 128/506/506 327/507/507 316/482/482
f 130/508/508 328/509/509 327/507/507
f 130/508/508 132/510/510 329/511/511
f 12/512/512 318/485/485 330/513/513
f 319/487/487 317/484/484 14/483/483
f 299/452/452 18/488/488 20/450/450
f 302/457/457 320/490/490 24/489/489
f 305/462/462 303/459/459 30/458/458
f 306/464/464 36/463/463 38/465/465
f 297/448/448 310/472/472 44/471/471
f 321/495/495 295/445/445 60/444/444
f 84/514/514 323/498/498 331/515/515
f 324/500/500 322/497/497 86/496/496
f 312/475/475 90/501/501 92/473/473
f 326/505/505 325/503/503 96/502/502
f 102/516/516 332/517/517 333/518/518
f 102/516/516 104/519/519 334/520/520
f 120/521/521 335/522/522 336/523/523
f 120/521/521 122/524/524 315/480/480
f 316/482/482 126/481/481 128/506/506
f 329/511/511 328/509/509 130/508/508
f 318/485/485 12/512/512 14/483/483
f 300/454/454 22/453/453 24/489/489
f 305/462/462 32/492/492 34/460/460
f 297/448/448 46/493/493 48/446/446
f 323/498/498 84/514/514 86/496/496
f 313/477/477 94/476/476 96/502/502
f 100/525/525 333/518/518 326/505/505
f 334/520/520 332/517/517 102/516/516
f 106/526/526 337/527/527 334/520/520
f 106/526/526 108/528/528 338/529/529
f 110/530/530 339/531/531 338/529/529
f 110/530/530 112/532/532 340/533/533
f 114/534/534 341/535/535 340/533/533
f 114/534/534 116/536/536 342/537/537
f 315/480/480 335/522/522 120/521/521
f 327/507/507 128/506/506 130/508/508
f 8/538/538 343/539/539 344/540/540
f 8/538/538 10/541/541 330/513/513
f 299/452/452 319/487/487 16/486/486
f 308/468/468 40/467/467 42/469/469
f 312/475/475 324/500/500 88/499/499
f 333/518/518 100/525/525 102/516/516
f 338/529/529 337/527/527 106/526/526
f 340/533/533 339/531/531 110/530/530
f 342/537/537 341/535/535 114/534/534
f 116/536/536 118/542/542 336/523/523
f 315/480/480 122/524/524 124/478/478
f 132/510/510 134/543/543 345/544/544
f 330/513/513 343/539/539 8/538/538
f 302/457/457 26/491/491 28/455/455
f 64/545/545 346/546/546 321/495/495
f 64/545/545 66/547/547 347/548/548
f 326/505/505 98/504/504 100/525/525
f 338/529/529 108/528/528 110/530/530
f 336/523/523 342/537/537 116/536/536
f 345/544/544 329/511/511 132/510/510
f 330/513/513 10/541/541 12/512/512
f 347/548/548 346/546/546 64/545/545
f 334/520/520 104/519/519 106/526/526
f 336/523/523 118/542/542 120/521/521
f 136/549/549 348/550/550 345/544/544
f 136/549/549 138/551/551 349/552/552
f 140/553/553 350/554/554 349/552/552
f 140/553/553 142/555/555 351/556/556
f 1/557/557 352/558/558 353/559/559
f 1/557/557 4/560/560 354/561/561
f 6/562/562 344/540/540 354/561/561
f 321/495/495 62/494/494 64/545/545
f 80/563/563 355/564/564 356/565/565
f 80/563/563 82/566/566 331/515/515
f 340/533/533 112/532/532 114/534/534
f 349/552/552 348/550/550 136/549/549
f 351/556/556 350/554/554 140/553/553
f 142/555/555 2/567/567 353/559/559
f 354/561/561 352/558/558 1/557/557
f 344/540/540 6/562/562 8/538/538
f 331/515/515 355/564/564 80/563/563
f 345/544/544 134/543/543 136/549/549
f 353/559/559 351/556/556 142/555/555
f 354/561/561 4/560/560 6/562/562
f 68/568/568 357/569/569 347/548/548
f 68/568/568 70/570/570 358/571/571
f 76/572/572 359/573/573 360/574/574
f 76/572/572 78/575/575 356/565/565
f 331/515/515 82/566/566 84/514/514
f 353/559/559 2/567/567 1/557/557
f 358/571/571 357/569/569 68/568/568
f 70/570/570 72/576/576 361/577/577
f 74/578/578 360/574/574 361/577/577
f 356/565/565 359/573/573 76/572/572
f 349/552/552 138/551/551 140/553/553
f 361/577/577 358/571/571 70/570/570
f 360/574/574 74/578/578 76/572/572
f 347/548/548 66/547/547 68/568/568
f 356/565/565 78/575/575 80/563/563
f 361/577/577 72/576/576 74/578/578
f 358/579/579 361/580/580 362/581/581
f 357/582/582 358/579/579 363/583/583
f 347/584/584 357/582/582 364/585/585
f 346/586/586 347/584/584 365/587/587
f 321/588/588 346/586/586 366/589/589
f 295/590/590 321/588/588 367/591/591
f 294/592/592 295/590/590 368/593/593
f 293/594/594 294/592/592 369/595/595
f 292/596/596 293/594/594 370/597/597
f 290/598/598 292/596/596 371/599/599
f 291/600/600 290/598/598 372/601/601
f 296/602/602 291/600/600 373/603/603
f 297/604/604 296/602/602 374/605/605
f 310/606/606 297/604/604 375/607/607
f 309/608/608 310/606/606 376/609/609
f 308/610/610 309/608/608 377/611/611
f 307/612/612 308/610/610 378/613/613
f 306/614/614 307/612/612 379/615/615
f 304/616/616 306/614/614 380/617/617
f 305/618/618 304/616/616 381/619/619
f 303/620/620 305/618/618 382/621/621
f 301/622/622 303/620/620 383/623/623
f 302/624/624 301/622/622 384/625/625
f 320/626/626 302/624/624 385/627/627
f 300/628/628 320/626/626 386/629/629
f 298/630/630 300/628/628 387/631/631
f 299/632/632 298/630/630 388/633/633
f 319/634/634 299/632/632 389/635/635
f 317/636/636 319/634/634 390/637/637
f 318/638/638 317/636/636 391/639/639
f 330/640/640 318/638/638 392/641/641
f 343/642/642 330/640/640 393/643/643
f 344/644/644 343/642/642 394/645/645
f 354/646/646 344/644/644 395/647/647
f 352/648/648 354/646/646 396/649/649
f 353/650/650 352/648/648 397/651/651
f 351/652/652 353/650/650 398/653/653
f 350/654/654 351/652/652 399/655/655
f 349/656/656 350/654/654 400/657/657
f 348/658/658 349/656/656 401/659/659
f 345/660/660 348/658/658 402/661/661
f 329/662/662 345/660/660 403/663/663
f 328/664/664 329/662/662 404/665/665
f 327/666/666 328/664/664 405/667/667
f 316/668/668 327/666/666 406/669/669
f 314/670/670 316/668/668 407/671/671
f 315/672/672 314/670/670 408/673/673
f 335/674/674 315/672/672 409/675/675
f 336/676/676 335/674/674 410/677/677
f 342/678/678 336/676/676 411/679/679
f 341/680/680 342/678/678 412/681/681
f 340/682/682 341/680/680 413/683/683
f 339/684/684 340/682/682 414/685/685
f 338/686/686 339/684/684 415/687/687
f 337/688/688 338/686/686 416/689/689
f 334/690/690 337/688/688 417/691/691
f 332/692/692 334/690/690 418/693/693
f 333/694/694 332/692/692 419/695/695
f 326/696/696 333/694/694 420/697/697
f 325/698/698 326/696/696 421/699/699
f 313/700/700 325/698/698 422/701/701
f 311/702/702 313/700/700 423/703/703
f 312/704/704 311/702/702 424/705/705
f 324/706/706 312/704/704 425/707/707
f 322/708/708 324/706/706 426/709/709
f 323/710/710 322/708/708 427/711/711
f 331/712/712 323/710/710 428/713/713
f 355/714/714 331/712/712 429/715/715
f 356/716/716 355/714/714 430/717/717
f 359/718/718 356/716/716 431/719/719
f 360/720/720 359/718/718 432/721/721
f 361/580/580 360/720/720 433/722/722
f 433/722/722 362/581/581 361/580/580
f 432/721/721 433/722/722 360/720/720
f 431/719/719 432/721/721 359/718/718
f 430/717/717 431/719/719 356/716/716
f 429/715/715 430/717/717 355/714/714
f 428/713/713 429/715/715 331/712/712
f 427/711/711 428/713/713 323/710/710
f 426/709/709 427/711/711 322/708/708
f 425/707/707 426/709/709 324/706/706
f 424/705/705 425/707/707 312/704/704
f 423/703/703 424/705/705 311/702/702
f 422/701/701 423/703/703 313/700/700
f 421/699/699 422/701/701 325/698/698
f 420/697/697 421/699/699 326/696/696
f 419/695/695 420/697/697 333/694/694
f 418/693/693 419/695/695 332/692/692
f 417/691/691 418/693/693 334/690/690
f 416/689/689 417/691/691 337/688/688
f 415/687/687 416/689/689 338/686/686
f 414/685/685 415/687/687 339/684/684
f 413/683/683 414/685/685 340/682/682
f 412/681/681 413/683/683 341/680/680
f 411/679/679 412/681/681 342/678/678
f 410/677/677 411/679/679 336/676/676
f 409/675/675 410/677/677 335/674/674
f 408/673/673 409/675/675 315/672/672
f 407/671/671 408/673/673 314/670/670
f 406/669/669 407/671/671 316/668/668
f 405/667/667 406/669/669 327/666/666
f 404/665/665 405/667/667 328/664/664
f 403/663/663 404/665/665 329/662/662
f 402/661/661 403/663/663 345/660/660
f 401/659/659 402/661/661 348/658/658
f 400/657/657 401/659/659 349/656/656
f 399/655/655 400/657/657 350/654/654
f 398/653/653 399/655/655 351/652/652
f 397/651/651 398/653/653 353/650/650
f 396/649/649 397/651/651 352/648/648
f 395/647/647 396/649/649 354/646/646
f 394/645/645 395/647/647 344/644/644
f 393/643/643 394/645/645 343/642/642
f 392/641/641 393/643/643 330/640/640
f 391/639/639 392/641/641 318/638/638
f 390/637/637 391/639/639 317/636/636
f 389/635/635 390/637/637 319/634/634
f 388/633/633 389/635/635 299/632/632
f 387/631/631 388/633/633 298/630/630
f 386/629/629 387/631/631 300/628/628
f 385/627/627 386/629/629 320/626/626
f 384/625/625 385/627/627 302/624/624
f 383/623/623 384/625/625 301/622/622
f 382/621/621 383/623/623 303/620/620
f 381/619/619 382/621/621 305/618/618
f 380/617/617 381/619/619 304/616/616
f 379/615/615 380/617/617 306/614/614
f 378/613/613 379/615/615 307/612/612
f 377/611/611 378/613/613 308/610/610
f 376/609/609 377/611/611 309/608/608
f 375/607/607 376/609/609 310/606/606
f 374/605/605 375/607/607 297/604/604
f 373/603/603 374/605/605 296/602/602
f 372/601/601 373/603/603 291/600/600
f 371/599/599 372/601/601 290/598/598
f 370/597/597 371/599/599 292/596/596
f 369/595/595 370/597/597 293/594/594
f 368/593/593 369/595/595 294/592/592
f 367/591/591 368/593/593 295/590/590
f 366/589/589 367/591/591 321/588/588
f 365/587/587 366/589/589 346/586/586
f 364/585/585 365/587/587 347/584/584
f 363/583/583 364/585/585 357/582/582
f 362/581/581 363/583/583 358/579/579
f 434/723/723 435/724/724 436/725/725
f 437/726/726 436/725/725 438/727/727
f 439/728/728 440/729/729 441/730/730
f 442/731/731 443/732/732 444/733/733
f 445/734/734 439/728/728 446/735/735
f 447/736/736 442/731/731 448/737/737
f 449/738/738 445/734/734 450/739/739
f 451/740/740 450/739/739 452/741/741
f 453/742/742 454/743/743 455/744/744
f 456/745/745 455/744/744 447/736/736
f 457/746/746 447/736/736 458/747/747
f 459/748/748 460/749/749 449/738/738
f 461/750/750 453/742/742 456/745/745
f 462/751/751 457/746/746 463/752/752
f 464/753/753 459/748/748 465/754/754
f 466/755/755 461/750/750 467/756/756
f 468/757/757 462/751/751 469/758/758
f 470/759/759 471/760/760 472/761/761
f 473/762/762 466/755/755 474/763/763
f 434/723/723 475/764/764 476/765/765
f 434/723/723 477/766/766 475/764/764
f 434/723/723 478/767/767 479/768/768
f 434/723/723 480/769/769 481/770/770
f 479/768/768 477/766/766 434/723/723
f 434/723/723 437/726/726 482/771/771
f 476/765/765 480/769/769 434/723/723
f 434/723/723 483/772/772 484/773/773
f 434/723/723 485/774/774 486/775/775
f 482/771/771 487/776/776 434/723/723
f 437/726/726 488/777/777 489/778/778
f 437/726/726 490/779/779 491/780/780
f 437/726/726 492/781/781 493/782/782
f 437/726/726 494/783/783 495/784/784
f 437/726/726 496/785/785 497/786/786
f 484/773/773 478/767/767 434/723/723
f 434/723/723 498/787/787 499/788/788
f 487/776/776 485/774/774 434/723/723
f 491/780/780 488/777/777 437/726/726
f 437/726/726 500/789/789 501/790/790
f 437/726/726 502/791/791 503/792/792
f 495/784/784 492/781/781 437/726/726
f 497/786/786 504/793/793 437/726/726
f 499/788/788 483/772/772 434/723/723
f 489/778/778 482/771/771 437/726/726
f 503/792/792 500/789/789 437/726/726
f 504/793/793 494/783/783 437/726/726
f 486/775/775 498/787/787 434/723/723
f 493/782/782 502/791/791 437/726/726
f 501/790/790 490/779/779 437/726/726
f 496/785/785 454/743/743 505/794/794
f 506/795/795 507/796/796 508/797/797
f 496/785/785 509/798/798 510/799/799
f 454/743/743 511/800/800 505/794/794
f 506/795/795 512/801/801 513/802/802
f 508/797/797 514/803/803 506/795/795
f 496/785/785 515/804/804 516/805/805
f 496/785/785 517/806/806 509/798/798
f 454/743/743 518/807/807 511/800/800
f 454/743/743 519/808/808 520/809/809
f 506/795/795 521/810/810 512/801/801
f 506/795/795 522/811/811 507/796/796
f 510/799/799 515/804/804 496/785/785
f 520/809/809 518/807/807 454/743/743
f 454/743/743 523/812/812 524/813/813
f 452/741/741 525/814/814 526/815/815
f 513/802/802 452/741/741 506/795/795
f 506/795/795 481/770/770 522/811/811
f 496/785/785 527/816/816 517/806/806
f 524/813/813 519/808/808 454/743/743
f 454/743/743 528/817/817 529/818/818
f 452/741/741 530/819/819 525/814/814
f 452/741/741 531/820/820 532/821/821
f 452/741/741 533/822/822 534/823/823
f 514/803/803 521/810/810 506/795/795
f 505/794/794 527/816/816 496/785/785
f 529/818/818 535/824/824 454/743/743
f 452/741/741 536/825/825 537/826/826
f 532/821/821 530/819/819 452/741/741
f 513/802/802 533/822/822 452/741/741
f 535/824/824 523/812/812 454/743/743
f 454/743/743 538/827/827 539/828/828
f 537/826/826 540/829/829 452/741/741
f 534/823/823 531/820/820 452/741/741
f 539/828/828 528/817/817 454/743/743
f 454/743/743 541/830/830 542/831/831
f 452/741/741 543/832/832 544/833/833
f 452/741/741 545/834/834 546/835/835
f 526/815/815 536/825/825 452/741/741
f 542/831/831 538/827/827 454/743/743
f 454/743/743 544/833/833 547/836/836
f 452/741/741 548/837/837 543/832/832
f 540/829/829 545/834/834 452/741/741
f 547/836/836 541/830/830 454/743/743
f 546/835/835 548/837/837 452/741/741
f 544/833/833 454/743/743 452/741/741
f 460/749/749 240/838/838 241/839/839
f 241/839/839 449/738/738 460/749/749
f 460/749/749 231/840/840 232/841/841
f 241/839/839 242/842/842 449/738/738
f 460/749/749 238/843/843 239/844/844
f 460/749/749 234/845/845 235/846/846
f 232/841/841 233/847/847 460/749/749
f 449/738/738 243/848/848 244/849/849
f 239/844/844 240/838/838 460/749/749
f 460/749/749 236/850/850 237/851/851
f 233/847/847 234/845/845 460/749/749
f 242/842/842 243/848/848 449/738/738
f 235/846/846 236/850/850 460/749/749
f 460/749/749 227/852/852 228/853/853
f 237/851/851 238/843/843 460/749/749
f 460/749/749 229/854/854 230/855/855
f 460/749/749 226/856/856 227/852/852
f 460/749/749 224/857/857 225/858/858
f 449/738/738 245/859/859 246/860/860
f 230/855/855 231/840/840 460/749/749
f 225/858/858 226/856/856 460/749/749
f 445/734/734 449/738/738 250/861/861
f 449/738/738 248/862/862 249/863/863
f 246/860/860 247/864/864 449/738/738
f 228/853/853 229/854/854 460/749/749
f 249/863/863 250/861/861 449/738/738
f 244/849/849 245/859/859 449/738/738
f 247/864/864 248/862/862 449/738/738
f 439/728/728 264/865/865 265/866/866
f 549/867/867 270/868/868 271/869/869
f 549/867/867 268/870/870 269/871/871
f 265/866/866 266/872/872 439/728/728
f 549/867/867 276/873/873 277/874/874
f 549/867/867 274/875/875 275/876/876
f 269/871/871 270/868/868 549/867/867
f 439/728/728 267/877/877 268/870/870
f 439/728/728 263/878/878 264/865/865
f 275/876/876 276/873/873 549/867/867
f 268/870/870 549/867/867 439/728/728
f 439/728/728 262/879/879 263/878/878
f 549/867/867 279/880/880 280/881/881
f 277/874/874 278/882/882 549/867/867
f 549/867/867 272/883/883 273/884/884
f 266/872/872 267/877/877 439/728/728
f 278/882/882 279/880/880 549/867/867
f 271/869/869 272/883/883 549/867/867
f 273/884/884 274/875/875 549/867/867
f 439/728/728 260/885/885 261/886/886
f 439/728/728 258/887/887 259/888/888
f 439/728/728 256/889/889 257/890/890
f 549/867/867 281/891/891 282/892/892
f 261/886/886 262/879/879 439/728/728
f 257/890/890 258/887/887 439/728/728
f 282/892/892 283/893/893 549/867/867
f 259/888/888 260/885/885 439/728/728
f 445/734/734 254/894/894 255/895/895
f 280/881/881 281/891/891 549/867/867
f 255/895/895 439/728/728 445/734/734
f 445/734/734 252/896/896 253/897/897
f 255/895/895 256/889/889 439/728/728
f 445/734/734 251/898/898 252/896/896
f 253/897/897 254/894/894 445/734/734
f 471/760/760 550/899/899 551/900/900
f 471/760/760 552/901/901 550/899/899
f 471/760/760 553/902/902 554/903/903
f 464/753/753 555/904/904 556/905/905
f 464/753/753 557/906/906 558/907/907
f 471/760/760 559/908/908 552/901/901
f 471/760/760 560/909/909 561/910/910
f 554/903/903 562/911/911 471/760/760
f 464/753/753 563/912/912 564/913/913
f 464/753/753 565/914/914 566/915/915
f 558/907/907 555/904/904 464/753/753
f 561/910/910 559/908/908 471/760/760
f 471/760/760 567/916/916 553/902/902
f 566/915/915 563/912/912 464/753/753
f 556/905/905 568/917/917 464/753/753
f 464/753/753 551/900/900 569/918/918
f 562/911/911 560/909/909 471/760/760
f 570/919/919 464/753/753 571/920/920
f 568/917/917 565/914/914 464/753/753
f 551/900/900 464/753/753 471/760/760
f 471/760/760 572/921/921 573/922/922
f 464/753/753 574/923/923 571/920/920
f 569/918/918 557/906/906 464/753/753
f 573/922/922 575/924/924 471/760/760
f 571/920/920 576/925/925 570/919/919
f 464/753/753 577/926/926 578/927/927
f 464/753/753 579/928/928 580/929/929
f 575/924/924 567/916/916 471/760/760
f 471/760/760 581/930/930 582/931/931
f 578/927/927 574/923/923 464/753/753
f 564/913/913 579/928/928 464/753/753
f 582/931/931 583/932/932 471/760/760
f 580/929/929 577/926/926 464/753/753
f 583/932/932 584/933/933 471/760/760
f 570/919/919 585/934/934 586/935/935
f 584/933/933 572/921/921 471/760/760
f 470/759/759 587/936/936 588/937/937
f 576/925/925 585/934/934 570/919/919
f 588/937/937 471/760/760 470/759/759
f 588/937/937 581/930/930 471/760/760
f 470/759/759 589/938/938 590/939/939
f 590/939/939 587/936/936 470/759/759
f 591/940/940 592/941/941 593/942/942
f 591/940/940 594/943/943 595/944/944
f 591/940/940 596/945/945 597/946/946
f 591/940/940 598/947/947 599/948/948
f 595/944/944 592/941/941 591/940/940
f 599/948/948 596/945/945 591/940/940
f 593/942/942 600/949/949 591/940/940
f 591/940/940 601/950/950 602/951/951
f 600/949/949 598/947/947 591/940/940
f 597/946/946 601/950/950 591/940/940
f 603/952/952 604/953/953 605/954/954
f 603/952/952 468/757/757 606/955/955
f 605/954/954 607/956/956 603/952/952
f 468/757/757 608/957/957 606/955/955
f 468/757/757 609/958/958 610/959/959
f 468/757/757 591/940/940 611/960/960
f 606/955/955 604/953/953 603/952/952
f 611/960/960 609/958/958 468/757/757
f 610/959/959 608/957/957 468/757/757
f 443/732/732 612/961/961 613/962/962
f 443/732/732 614/963/963 615/964/964
f 443/732/732 616/965/965 617/966/966
f 613/962/962 618/967/967 443/732/732
f 617/966/966 614/963/963 443/732/732
f 615/964/964 612/961/961 443/732/732
f 443/732/732 442/731/731 619/968/968
f 619/968/968 616/965/965 443/732/732
f 438/727/727 620/969/969 621/970/970
f 438/727/727 622/971/971 623/972/972
f 622/971/971 624/973/973 625/974/974
f 438/727/727 626/975/975 620/969/969
f 622/971/971 627/976/976 623/972/972
f 622/971/971 628/977/977 624/973/973
f 622/971/971 443/732/732 629/978/978
f 438/727/727 630/979/979 631/980/980
f 438/727/727 632/981/981 633/982/982
f 623/972/972 626/975/975 438/727/727
f 629/978/978 628/977/977 622/971/971
f 438/727/727 634/983/983 630/979/979
f 633/982/982 635/984/984 438/727/727
f 438/727/727 636/985/985 637/986/986
f 625/974/974 627/976/976 622/971/971
f 438/727/727 638/987/987 639/988/988
f 438/727/727 640/989/989 641/990/990
f 635/984/984 634/983/983 438/727/727
f 621/970/970 636/985/985 438/727/727
f 641/990/990 638/987/987 438/727/727
f 637/986/986 632/981/981 438/727/727
f 631/980/980 640/989/989 438/727/727
f 642/991/991 639/988/988 643/992/992
f 437/726/726 644/993/993 645/994/994
f 645/994/994 496/785/785 437/726/726
f 437/726/726 646/995/995 644/993/993
f 437/726/726 642/991/991 647/996/996
f 437/726/726 648/997/997 646/995/995
f 647/996/996 649/998/998 437/726/726
f 649/998/998 648/997/997 437/726/726
f 496/785/785 650/999/999 651/1000/1000
f 496/785/785 652/1001/1001 653/1002/1002
f 454/743/743 651/1000/1000 654/1003/1003
f 653/1002/1002 650/999/999 496/785/785
f 454/743/743 655/1004/1004 656/1005/1005
f 651/1000/1000 454/743/743 496/785/785
f 654/1003/1003 655/1004/1004 454/743/743
f 455/744/744 657/1006/1006 658/1007/1007
f 455/744/744 659/1008/1008 657/1006/1006
f 455/744/744 660/1009/1009 661/1010/1010
f 447/736/736 662/1011/1011 663/1012/1012
f 455/744/744 664/1013/1013 659/1008/1008
f 661/1010/1010 665/1014/1014 455/744/744
f 663/1012/1012 666/1015/1015 447/736/736
f 447/736/736 667/1016/1016 668/1017/1017
f 658/1007/1007 447/736/736 455/744/744
f 455/744/744 669/1018/1018 660/1009/1009
f 666/1015/1015 670/1019/1019 447/736/736
f 658/1007/1007 667/1016/1016 447/736/736
f 455/744/744 671/1020/1020 669/1018/1018
f 455/744/744 672/1021/1021 673/1022/1022
f 447/736/736 674/1023/1023 675/1024/1024
f 447/736/736 676/1025/1025 677/1026/1026
f 668/1017/1017 662/1011/1011 447/736/736
f 673/1022/1022 671/1020/1020 455/744/744
f 675/1024/1024 442/731/731 447/736/736
f 447/736/736 678/1027/1027 679/1028/1028
f 677/1026/1026 680/1029/1029 447/736/736
f 665/1014/1014 664/1013/1013 455/744/744
f 455/744/744 681/1030/1030 682/1031/1031
f 455/744/744 683/1032/1032 684/1033/1033
f 447/736/736 685/1034/1034 674/1023/1023
f 680/1029/1029 678/1027/1027 447/736/736
f 682/1031/1031 672/1021/1021 455/744/744
f 455/744/744 656/1005/1005 683/1032/1032
f 679/1028/1028 685/1034/1034 447/736/736
f 684/1033/1033 681/1030/1030 455/744/744
f 670/1019/1019 676/1025/1025 447/736/736
f 456/745/745 686/1035/1035 687/1036/1036
f 456/745/745 688/1037/1037 689/1038/1038
f 687/1036/1036 690/1039/1039 456/745/745
f 456/745/745 691/1040/1040 692/1041/1041
f 456/745/745 693/1042/1042 694/1043/1043
f 689/1038/1038 695/1044/1044 456/745/745
f 692/1041/1041 686/1035/1035 456/745/745
f 462/751/751 696/1045/1045 697/1046/1046
f 467/756/756 694/1043/1043 698/1047/1047
f 456/745/745 699/1048/1048 693/1042/1042
f 695/1044/1044 700/1049/1049 456/745/745
f 456/745/745 701/1050/1050 691/1040/1040
f 457/746/746 697/1046/1046 702/1051/1051
f 462/751/751 703/1052/1052 696/1045/1045
f 694/1043/1043 467/756/756 456/745/745
f 690/1039/1039 688/1037/1037 456/745/745
f 457/746/746 704/1053/1053 705/1054/1054
f 457/746/746 706/1055/1055 707/1056/1056
f 457/746/746 708/1057/1057 709/1058/1058
f 697/1046/1046 457/746/746 462/751/751
f 700/1049/1049 699/1048/1048 456/745/745
f 456/745/745 710/1059/1059 711/1060/1060
f 456/745/745 712/1061/1061 713/1062/1062
f 705/1054/1054 456/745/745 457/746/746
f 457/746/746 714/1063/1063 715/1064/1064
f 457/746/746 716/1065/1065 706/1055/1055
f 702/1051/1051 708/1057/1057 457/746/746
f 711/1060/1060 701/1050/1050 456/745/745
f 713/1062/1062 717/1066/1066 456/745/745
f 715/1064/1064 704/1053/1053 457/746/746
f 709/1058/1058 716/1065/1065 457/746/746
f 717/1066/1066 710/1059/1059 456/745/745
f 707/1056/1056 714/1063/1063 457/746/746
f 705/1054/1054 712/1061/1061 456/745/745
f 474/763/763 467/756/756 718/1067/1067
f 718/1067/1067 719/1068/1068 474/763/763
f 474/763/763 720/1069/1069 721/1070/1070
f 474/763/763 722/1071/1071 723/1072/1072
f 467/756/756 724/1073/1073 718/1067/1067
f 474/763/763 725/1074/1074 720/1069/1069
f 719/1068/1068 722/1071/1071 474/763/763
f 723/1072/1072 725/1074/1074 474/763/763
f 467/756/756 726/1075/1075 727/1076/1076
f 727/1076/1076 724/1073/1073 467/756/756
f 603/952/952 728/1077/1077 729/1078/1078
f 603/952/952 730/1079/1079 731/1080/1080
f 603/952/952 732/1081/1081 728/1077/1077
f 729/1078/1078 730/1079/1079 603/952/952
f 733/1082/1082 734/1083/1083 735/1084/1084
f 733/1082/1082 736/1085/1085 737/1086/1086
f 733/1082/1082 738/1087/1087 739/1088/1088
f 603/952/952 740/1089/1089 732/1081/1081
f 603/952/952 735/1084/1084 741/1090/1090
f 737/1086/1086 734/1083/1083 733/1082/1082
f 733/1082/1082 742/1091/1091 743/1092/1092
f 733/1082/1082 744/1093/1093 745/1094/1094
f 733/1082/1082 746/1095/1095 747/1096/1096
f 739/1088/1088 748/1097/1097 733/1082/1082
f 733/1082/1082 474/763/763 749/1098/1098
f 741/1090/1090 740/1089/1089 603/952/952
f 743/1092/1092 736/1085/1085 733/1082/1082
f 747/1096/1096 744/1093/1093 733/1082/1082
f 749/1098/1098 738/1087/1087 733/1082/1082
f 735/1084/1084 603/952/952 733/1082/1082
f 748/1097/1097 746/1095/1095 733/1082/1082
f 745/1094/1094 742/1091/1091 733/1082/1082
f 468/757/757 750/1099/1099 751/1100/1100
f 468/757/757 752/1101/1101 750/1099/1099
f 751/1100/1100 462/751/751 468/757/757
f 468/757/757 753/1102/1102 752/1101/1101
f 468/757/757 754/1103/1103 755/1104/1104
f 468/757/757 731/1080/1080 756/1105/1105
f 755/1104/1104 753/1102/1102 468/757/757
f 756/1105/1105 757/1106/1106 468/757/757
f 757/1106/1106 754/1103/1103 468/757/757
f 751/1100/1100 758/1107/1107 462/751/751
f 451/740/740 759/1108/1108 760/1109/1109
f 451/740/740 761/1110/1110 762/1111/1111
f 760/1109/1109 763/1112/1112 451/740/740
f 764/1113/1113 765/1114/1114 766/1115/1115
f 767/1116/1116 768/1117/1117 769/1118/1118
f 763/1112/1112 761/1110/1110 451/740/740
f 764/1113/1113 770/1119/1119 771/1120/1120
f 764/1113/1113 772/1121/1121 773/1122/1122
f 764/1113/1113 774/1123/1123 775/1124/1124
f 764/1113/1113 769/1118/1118 765/1114/1114
f 767/1116/1116 776/1125/1125 768/1117/1117
f 451/740/740 777/1126/1126 759/1108/1108
f 451/740/740 778/1127/1127 779/1128/1128
f 771/1120/1120 451/740/740 764/1113/1113
f 775/1124/1124 772/1121/1121 764/1113/1113
f 764/1113/1113 780/1129/1129 781/1130/1130
f 769/1118/1118 764/1113/1113 767/1116/1116
f 451/740/740 782/1131/1131 783/1132/1132
f 779/1128/1128 777/1126/1126 451/740/740
f 771/1120/1120 784/1133/1133 451/740/740
f 781/1130/1130 774/1123/1123 764/1113/1113
f 767/1116/1116 785/1134/1134 776/1125/1125
f 451/740/740 786/1135/1135 787/1136/1136
f 451/740/740 788/1137/1137 782/1131/1131
f 784/1133/1133 778/1127/1127 451/740/740
f 766/1115/1115 780/1129/1129 764/1113/1113
f 783/1132/1132 786/1135/1135 451/740/740
f 773/1122/1122 770/1119/1119 764/1113/1113
f 762/1111/1111 788/1137/1137 451/740/740
f 465/754/754 449/738/738 789/1138/1138
f 449/738/738 451/740/740 790/1139/1139
f 790/1139/1139 789/1138/1138 449/738/738
f 471/760/760 791/1140/1140 792/1141/1141
f 471/760/760 465/754/754 793/1142/1142
f 465/754/754 794/1143/1143 795/1144/1144
f 471/760/760 796/1145/1145 791/1140/1140
f 471/760/760 797/1146/1146 798/1147/1147
f 795/1144/1144 793/1142/1142 465/754/754
f 798/1147/1147 796/1145/1145 471/760/760
f 465/754/754 799/1148/1148 794/1143/1143
f 793/1142/1142 797/1146/1146 471/760/760
f 472/761/761 792/1141/1141 800/1149/1149
f 801/1150/1150 802/1151/1151 803/1152/1152
f 801/1150/1150 804/1153/1153 805/1154/1154
f 801/1150/1150 806/1155/1155 807/1156/1156
f 805/1154/1154 802/1151/1151 801/1150/1150
f 801/1150/1150 808/1157/1157 806/1155/1155
f 801/1150/1150 809/1158/1158 810/1159/1159
f 809/1158/1158 811/1160/1160 812/1161/1161
f 809/1158/1158 813/1162/1162 814/1163/1163
f 472/761/761 815/1164/1164 816/1165/1165
f 807/1156/1156 804/1153/1153 801/1150/1150
f 801/1150/1150 817/1166/1166 818/1167/1167
f 812/1161/1161 810/1159/1159 809/1158/1158
f 809/1158/1158 819/1168/1168 820/1169/1169
f 809/1158/1158 821/1170/1170 822/1171/1171
f 809/1158/1158 823/1172/1172 824/1173/1173
f 814/1163/1163 825/1174/1174 809/1158/1158
f 816/1165/1165 809/1158/1158 472/761/761
f 818/1167/1167 808/1157/1157 801/1150/1150
f 820/1169/1169 811/1160/1160 809/1158/1158
f 824/1173/1173 821/1170/1170 809/1158/1158
f 816/1165/1165 813/1162/1162 809/1158/1158
f 810/1159/1159 817/1166/1166 801/1150/1150
f 825/1174/1174 823/1172/1172 809/1158/1158
f 822/1171/1171 819/1168/1168 809/1158/1158
f 767/1116/1116 826/1175/1175 827/1176/1176
f 826/1175/1175 828/1177/1177 829/1178/1178
f 829/1178/1178 827/1176/1176 826/1175/1175
f 826/1175/1175 830/1179/1179 831/1180/1180
f 767/1116/1116 832/1181/1181 833/1182/1182
f 826/1175/1175 834/1183/1183 828/1177/1177
f 826/1175/1175 803/1152/1152 830/1179/1179
f 767/1116/1116 835/1184/1184 832/1181/1181
f 831/1180/1180 834/1183/1183 826/1175/1175
f 827/1176/1176 835/1184/1184 767/1116/1116
f 434/723/723 506/795/795 836/1185/1185
f 434/723/723 837/1186/1186 838/1187/1187
f 434/723/723 839/1188/1188 840/1189/1189
f 836/1185/1185 841/1190/1190 434/723/723
f 838/1187/1187 842/1191/1191 434/723/723
f 841/1190/1190 839/1188/1188 434/723/723
f 840/1189/1189 837/1186/1186 434/723/723
f 843/1192/1192 435/724/724 844/1193/1193
f 844/1193/1193 845/1194/1194 843/1192/1192
f 435/724/724 434/723/723 846/1195/1195
f 435/724/724 847/1196/1196 844/1193/1193
f 435/724/724 848/1197/1197 849/1198/1198
f 435/724/724 850/1199/1199 851/1200/1200
f 846/1195/1195 852/1201/1201 435/724/724
f 843/1192/1192 853/1202/1202 854/1203/1203
f 843/1192/1192 855/1204/1204 856/1205/1205
f 849/1198/1198 847/1196/1196 435/724/724
f 852/1201/1201 850/1199/1199 435/724/724
f 843/1192/1192 857/1206/1206 853/1202/1202
f 856/1205/1205 858/1207/1207 843/1192/1192
f 843/1192/1192 859/1208/1208 860/1209/1209
f 851/1200/1200 848/1197/1197 435/724/724
f 843/1192/1192 861/1210/1210 862/1211/1211
f 843/1192/1192 863/1212/1212 864/1213/1213
f 858/1207/1207 857/1206/1206 843/1192/1192
f 845/1194/1194 859/1208/1208 843/1192/1192
f 864/1213/1213 861/1210/1210 843/1192/1192
f 860/1209/1209 855/1204/1204 843/1192/1192
f 854/1203/1203 863/1212/1212 843/1192/1192
f 441/730/730 865/1214/1214 866/1215/1215
f 441/730/730 867/1216/1216 865/1214/1214
f 866/1215/1215 446/735/735 441/730/730
f 441/730/730 868/1217/1217 869/1218/1218
f 869/1218/1218 867/1216/1216 441/730/730
f 441/730/730 870/1219/1219 868/1217/1217
f 441/730/730 862/1211/1211 870/1219/1219
f 450/739/739 871/1220/1220 872/1221/1221
f 872/1221/1221 452/741/741 450/739/739
f 450/739/739 873/1222/1222 874/1223/1223
f 452/741/741 875/1224/1224 876/1225/1225
f 450/739/739 877/1226/1226 871/1220/1220
f 874/1223/1223 878/1227/1227 450/739/739
f 452/741/741 879/1228/1228 875/1224/1224
f 452/741/741 880/1229/1229 881/1230/1230
f 872/1221/1221 882/1231/1231 452/741/741
f 450/739/739 883/1232/1232 873/1222/1222
f 452/741/741 884/1233/1233 885/1234/1234
f 452/741/741 886/1235/1235 887/1236/1236
f 876/1225/1225 888/1237/1237 452/741/741
f 882/1231/1231 880/1229/1229 452/741/741
f 450/739/739 889/1238/1238 883/1232/1232
f 450/739/739 890/1239/1239 891/1240/1240
f 885/1234/1234 506/795/795 452/741/741
f 452/741/741 892/1241/1241 893/1242/1242
f 887/1236/1236 894/1243/1243 452/741/741
f 881/1230/1230 879/1228/1228 452/741/741
f 891/1240/1240 889/1238/1238 450/739/739
f 885/1234/1234 895/1244/1244 506/795/795
f 894/1243/1243 892/1241/1241 452/741/741
f 878/1227/1227 877/1226/1226 450/739/739
f 450/739/739 896/1245/1245 897/1246/1246
f 450/739/739 898/1247/1247 899/1248/1248
f 450/739/739 900/1249/1249 901/1250/1250
f 893/1242/1242 884/1233/1233 452/741/741
f 897/1246/1246 890/1239/1239 450/739/739
f 901/1250/1250 898/1247/1247 450/739/739
f 450/739/739 446/735/735 902/1251/1251
f 895/1244/1244 903/1252/1252 506/795/795
f 899/1248/1248 896/1245/1245 450/739/739
f 450/739/739 904/1253/1253 905/1254/1254
f 446/735/735 906/1255/1255 902/1251/1251
f 888/1237/1237 886/1235/1235 452/741/741
f 902/1251/1251 904/1253/1253 450/739/739
f 905/1254/1254 900/1249/1249 450/739/739
f 446/735/735 907/1256/1256 908/1257/1257
f 908/1257/1257 906/1255/1255 446/735/735
f 463/752/752 909/1258/1258 910/1259/1259
f 910/1259/1259 911/1260/1260 912/1261/1261
f 469/758/758 913/1262/1262 594/943/943
f 912/1261/1261 469/758/758 910/1259/1259
f 469/758/758 914/1263/1263 913/1262/1262
f 912/1261/1261 915/1264/1264 469/758/758
f 915/1264/1264 914/1263/1263 469/758/758
f 911/1260/1260 916/1265/1265 917/1266/1266
f 911/1260/1260 918/1267/1267 919/1268/1268
f 911/1260/1260 920/1269/1269 921/1270/1270
f 911/1260/1260 922/1271/1271 916/1265/1265
f 921/1270/1270 918/1267/1267 911/1260/1260
f 911/1260/1260 923/1272/1272 924/1273/1273
f 911/1260/1260 925/1274/1274 926/1275/1275
f 919/1268/1268 922/1271/1271 911/1260/1260
f 924/1273/1273 927/1276/1276 911/1260/1260
f 926/1275/1275 928/1277/1277 911/1260/1260
f 927/1276/1276 920/1269/1269 911/1260/1260
f 928/1277/1277 929/1278/1278 911/1260/1260
f 930/1279/1279 931/1280/1280 932/1281/1281
f 929/1278/1278 923/1272/1272 911/1260/1260
f 932/1281/1281 911/1260/1260 930/1279/1279
f 930/1279/1279 933/1282/1282 934/1283/1283
f 932/1281/1281 925/1274/1274 911/1260/1260
f 930/1279/1279 935/1284/1284 933/1282/1282
f 934/1283/1283 931/1280/1280 930/1279/1279
f 936/1285/1285 937/1286/1286 938/1287/1287
f 936/1285/1285 939/1288/1288 940/1289/1289
f 940/1289/1289 937/1286/1286 936/1285/1285
f 936/1285/1285 941/1290/1290 942/1291/1291
f 936/1285/1285 943/1292/1292 944/1293/1293
f 942/1291/1291 939/1288/1288 936/1285/1285
f 936/1285/1285 945/1294/1294 943/1292/1292
f 936/1285/1285 946/1295/1295 947/1296/1296
f 936/1285/1285 948/1297/1297 949/1298/1298
f 944/1293/1293 941/1290/1290 936/1285/1285
f 936/1285/1285 950/1299/1299 946/1295/1295
f 936/1285/1285 951/1300/1300 948/1297/1297
f 938/1287/1287 952/1301/1301 936/1285/1285
f 949/1298/1298 950/1299/1299 936/1285/1285
f 947/1296/1296 945/1294/1294 936/1285/1285
f 936/1285/1285 953/1302/1302 954/1303/1303
f 954/1303/1303 951/1300/1300 936/1285/1285
f 955/1304/1304 956/1305/1305 957/1306/1306
f 955/1304/1304 958/1307/1307 959/1308/1308
f 958/1307/1307 960/1309/1309 961/1310/1310
f 955/1304/1304 962/1311/1311 936/1285/1285
f 959/1308/1308 956/1305/1305 955/1304/1304
f 961/1310/1310 963/1312/1312 958/1307/1307
f 958/1307/1307 964/1313/1313 965/1314/1314
f 955/1304/1304 966/1315/1315 962/1311/1311
f 963/1312/1312 959/1308/1308 958/1307/1307
f 958/1307/1307 967/1316/1316 968/1317/1317
f 964/1313/1313 969/1318/1318 965/1314/1314
f 964/1313/1313 970/1319/1319 971/1320/1320
f 957/1306/1306 966/1315/1315 955/1304/1304
f 958/1307/1307 972/1321/1321 973/1322/1322
f 965/1314/1314 967/1316/1316 958/1307/1307
f 971/1320/1320 974/1323/1323 964/1313/1313
f 930/1279/1279 954/1303/1303 975/1324/1324
f 973/1322/1322 960/1309/1309 958/1307/1307
f 974/1323/1323 969/1318/1318 964/1313/1313
f 964/1313/1313 976/1325/1325 977/1326/1326
f 954/1303/1303 978/1327/1327 975/1324/1324
f 954/1303/1303 953/1302/1302 979/1328/1328
f 968/1317/1317 972/1321/1321 958/1307/1307
f 977/1326/1326 980/1329/1329 964/1313/1313
f 975/1324/1324 981/1330/1330 930/1279/1279
f 979/1328/1328 982/1331/1331 954/1303/1303
f 980/1329/1329 970/1319/1319 964/1313/1313
f 982/1331/1331 978/1327/1327 954/1303/1303
f 964/1313/1313 983/1332/1332 976/1325/1325
f 952/1301/1301 955/1304/1304 936/1285/1285
f 984/1333/1333 983/1332/1332 964/1313/1313
f 985/1334/1334 603/952/952 986/1335/1335
f 986/1335/1335 984/1333/1333 985/1334/1334
f 603/952/952 985/1334/1334 987/1336/1336
f 988/1337/1337 473/762/762 733/1082/1082
f 473/762/762 988/1337/1337 989/1338/1338
f 990/1339/1339 991/1340/1340 466/755/755
f 991/1340/1340 992/1341/1341 461/750/750
f 992/1341/1341 993/1342/1342 453/742/742
f 454/743/743 994/1343/1343 995/1344/1344
f 453/742/742 993/1342/1342 994/1343/1343
f 764/1113/1113 452/741/741 995/1344/1344
f 994/1343/1343 454/743/743 453/742/742
f 995/1344/1344 452/741/741 454/743/743
f 767/1116/1116 764/1113/1113 996/1345/1345
f 826/1175/1175 767/1116/1116 997/1346/1346
f 801/1150/1150 826/1175/1175 998/1347/1347
f 801/1150/1150 999/1348/1348 1000/1349/1349
f 1001/1350/1350 1002/1351/1351 809/1158/1158
f 470/759/759 809/1158/1158 1002/1351/1351
f 1003/1352/1352 1004/1353/1353 1005/1354/1354
f 1005/1354/1354 1006/1355/1355 1003/1352/1352
f 1003/1352/1352 1007/1356/1356 1008/1357/1357
f 1006/1355/1355 1009/1358/1358 1010/1359/1359
f 1003/1352/1352 1011/1360/1360 1004/1353/1353
f 1008/1357/1357 1012/1361/1361 1003/1352/1352
f 1013/1362/1362 1014/1363/1363 1015/1364/1364
f 1006/1355/1355 1016/1365/1365 1009/1358/1358
f 1012/1361/1361 1011/1360/1360 1003/1352/1352
f 1015/1364/1364 1003/1352/1352 1013/1362/1362
f 1013/1362/1362 1017/1366/1366 1018/1367/1367
f 1013/1362/1362 1019/1368/1368 1020/1369/1369
f 1021/1370/1370 1022/1371/1371 1006/1355/1355
f 1005/1354/1354 1016/1365/1365 1006/1355/1355
f 1003/1352/1352 1023/1372/1372 1024/1373/1373
f 1018/1367/1367 1014/1363/1363 1013/1362/1362
f 1020/1369/1369 1025/1374/1374 1013/1362/1362
f 1006/1355/1355 1026/1375/1375 1021/1370/1370
f 1024/1373/1373 1007/1356/1356 1003/1352/1352
f 1025/1374/1374 1017/1366/1366 1013/1362/1362
f 470/759/759 1022/1371/1371 1027/1376/1376
f 1006/1355/1355 1028/1377/1377 1026/1375/1375
f 1015/1364/1364 1023/1372/1372 1003/1352/1352
f 1013/1362/1362 1029/1378/1378 1030/1379/1379
f 1022/1371/1371 1031/1380/1380 1027/1376/1376
f 1022/1371/1371 1032/1381/1381 1033/1382/1382
f 1010/1359/1359 1028/1377/1377 1006/1355/1355
f 1030/1379/1379 1034/1383/1383 1013/1362/1362
f 570/919/919 1035/1384/1384 1036/1385/1385
f 1033/1382/1382 1031/1380/1380 1022/1371/1371
f 1034/1383/1383 1019/1368/1368 1013/1362/1362
f 1013/1362/1362 1037/1386/1386 1038/1387/1387
f 1036/1385/1385 1013/1362/1362 570/919/919
f 1021/1370/1370 1032/1381/1381 1022/1371/1371
f 1036/1385/1385 1037/1386/1386 1013/1362/1362
f 1038/1387/1387 1029/1378/1378 1013/1362/1362
f 570/919/919 1039/1388/1388 1040/1389/1389
f 570/919/919 1041/1390/1390 1042/1391/1391
f 570/919/919 1043/1392/1392 1044/1393/1393
f 570/919/919 1045/1394/1394 1046/1395/1395
f 570/919/919 1047/1396/1396 1048/1397/1397
f 1042/1391/1391 1039/1388/1388 570/919/919
f 1046/1395/1395 1043/1392/1392 570/919/919
f 1040/1389/1389 1047/1396/1396 570/919/919
f 570/919/919 1049/1398/1398 1050/1399/1399
f 570/919/919 1051/1400/1400 1045/1394/1394
f 1050/1399/1399 1041/1390/1390 570/919/919
f 570/919/919 1013/1362/1362 1051/1400/1400
f 570/919/919 1052/1401/1401 1053/1402/1402
f 1044/1393/1393 1049/1398/1398 570/919/919
f 1048/1397/1397 1052/1401/1401 570/919/919
f 1053/1402/1402 1054/1403/1403 570/919/919
f 1054/1403/1403 1055/1404/1404 570/919/919
f 464/753/753 570/919/919 1056/1405/1405
f 459/748/748 464/753/753 1057/1406/1406
f 460/749/749 459/748/748 1058/1407/1407
f 1059/1408/1408 1060/1409/1409 1061/1410/1410
f 1062/1411/1411 1063/1412/1412 1064/1413/1413
f 1062/1411/1411 1065/1414/1414 1066/1415/1415
f 1065/1414/1414 1067/1416/1416 1068/1417/1417
f 1065/1414/1414 1062/1411/1411 1069/1418/1418
f 1064/1413/1413 1059/1408/1408 1062/1411/1411
f 1066/1415/1415 1070/1419/1419 1062/1411/1411
f 1069/1418/1418 1067/1416/1416 1065/1414/1414
f 1070/1419/1419 1063/1412/1412 1062/1411/1411
f 222/1420/1420 1071/1421/1421 1072/1422/1422
f 1061/1410/1410 1062/1411/1411 1059/1408/1408
f 1071/1421/1421 1073/1423/1423 1072/1422/1422
f 1073/1423/1423 1071/1421/1421 1065/1414/1414
f 224/857/857 460/749/749 1074/1424/1424
f 1068/1417/1417 1073/1423/1423 1065/1414/1414
f 1071/1421/1421 223/1425/1425 224/857/857
f 1072/1422/1422 221/1426/1426 222/1420/1420
f 222/1420/1420 223/1425/1425 1071/1421/1421
f 284/1427/1427 1072/1422/1422 1075/1428/1428
f 1075/1428/1428 549/867/867 284/1427/1427
f 1072/1422/1422 286/1429/1429 287/1430/1430
f 284/1427/1427 285/1431/1431 1072/1422/1422
f 1072/1422/1422 218/1432/1432 219/1433/1433
f 1072/1422/1422 288/1434/1434 289/1435/1435
f 285/1431/1431 286/1429/1429 1072/1422/1422
f 219/1433/1433 220/1436/1436 1072/1422/1422
f 287/1430/1430 288/1434/1434 1072/1422/1422
f 289/1435/1435 218/1432/1432 1072/1422/1422
f 439/728/728 549/867/867 1076/1437/1437
f 549/867/867 1077/1438/1438 1076/1437/1437
f 440/729/729 1078/1439/1439 1079/1440/1440
f 440/729/729 1080/1441/1441 1078/1439/1439
f 440/729/729 1081/1442/1442 1082/1443/1443
f 1082/1443/1443 1080/1441/1441 440/729/729
f 440/729/729 1083/1444/1444 1081/1442/1442
f 440/729/729 1076/1437/1437 1083/1444/1444
f 1079/1440/1440 1084/1445/1445 440/729/729
f 441/730/730 440/729/729 1085/1446/1446
f 1086/1447/1447 1087/1448/1448 435/724/724
f 843/1192/1192 1088/1449/1449 1086/1447/1447
f 436/725/725 435/724/724 1087/1448/1448
f 1089/1450/1450 438/727/727 436/725/725
f 438/727/727 1089/1450/1450 1090/1451/1451
f 1090/1451/1451 1091/1452/1452 438/727/727
f 443/732/732 1092/1453/1453 1093/1454/1454
f 443/732/732 1094/1455/1455 1092/1453/1453
f 1093/1454/1454 1095/1456/1456 443/732/732
f 1095/1456/1456 1096/1457/1457 443/732/732
f 444/733/733 443/732/732 1097/1458/1458
f 443/732/732 622/971/971 1094/1455/1455
f 1096/1457/1457 1097/1458/1458 443/732/732
f 448/737/737 444/733/733 1098/1459/1459
f 1099/1460/1460 1100/1461/1461 1101/1462/1462
f 1099/1460/1460 1102/1463/1463 1103/1464/1464
f 1099/1460/1460 1104/1465/1465 1100/1461/1461
f 1099/1460/1460 1105/1466/1466 1106/1467/1467
f 1103/1464/1464 1107/1468/1468 1099/1460/1460
f 448/737/737 1108/1469/1469 1109/1470/1470
f 448/737/737 1110/1471/1471 1111/1472/1472
f 1106/1467/1467 1104/1465/1465 1099/1460/1460
f 1099/1460/1460 1112/1473/1473 1102/1463/1463
f 1111/1472/1472 1108/1469/1469 448/737/737
f 1099/1460/1460 1113/1474/1474 1105/1466/1466
f 1099/1460/1460 1114/1475/1475 1112/1473/1473
f 448/737/737 1115/1476/1476 1116/1477/1477
f 1109/1470/1470 1117/1478/1478 448/737/737
f 448/737/737 1101/1462/1462 1118/1479/1479
f 1107/1468/1468 1113/1474/1474 1099/1460/1460
f 1117/1478/1478 1115/1476/1476 448/737/737
f 1101/1462/1462 448/737/737 1099/1460/1460
f 1099/1460/1460 1119/1480/1480 1120/1481/1481
f 448/737/737 1121/1482/1482 1122/1483/1483
f 448/737/737 1123/1484/1484 1124/1485/1485
f 448/737/737 1125/1486/1486 1126/1487/1487
f 1118/1479/1479 1110/1471/1471 448/737/737
f 1099/1460/1460 1127/1488/1488 1128/1489/1489
f 1119/1480/1480 1129/1490/1490 1120/1481/1481
f 1119/1480/1480 1130/1491/1491 1131/1492/1492
f 1124/1485/1485 1121/1482/1482 448/737/737
f 1126/1487/1487 1132/1493/1493 448/737/737
f 1128/1489/1489 1114/1475/1475 1099/1460/1460
f 1131/1492/1492 1129/1490/1490 1119/1480/1480
f 1132/1493/1493 1123/1484/1484 448/737/737
f 1120/1481/1481 1127/1488/1488 1099/1460/1460
f 458/747/747 1133/1494/1494 1134/1495/1495
f 458/747/747 448/737/737 1135/1496/1496
f 1116/1477/1477 1125/1486/1486 448/737/737
f 1119/1480/1480 1136/1497/1497 1137/1498/1498
f 1134/1495/1495 1138/1499/1499 458/747/747
f 458/747/747 1139/1500/1500 1140/1501/1501
f 448/737/737 1141/1502/1502 1135/1496/1496
f 1137/1498/1498 1130/1491/1491 1119/1480/1480
f 1119/1480/1480 1142/1503/1503 1143/1504/1504
f 1140/1501/1501 1133/1494/1494 458/747/747
f 1122/1483/1483 1141/1502/1502 448/737/737
f 1119/1480/1480 1144/1505/1505 1145/1506/1506
f 1119/1480/1480 1146/1507/1507 1142/1503/1503
f 1135/1496/1496 1139/1500/1500 458/747/747
f 1143/1504/1504 1144/1505/1505 1119/1480/1480
f 1145/1506/1506 1136/1497/1497 1119/1480/1480
f 909/1258/1258 1147/1508/1508 1148/1509/1509
f 463/752/752 1149/1510/1510 1150/1511/1511
f 463/752/752 1151/1512/1512 1152/1513/1513
f 1153/1514/1514 1154/1515/1515 1155/1516/1516
f 1148/1509/1509 1156/1517/1517 909/1258/1258
f 1150/1511/1511 909/1258/1258 463/752/752
f 463/752/752 1157/1518/1518 1158/1519/1519
f 1152/1513/1513 1159/1520/1520 463/752/752
f 1160/1521/1521 1161/1522/1522 1162/1523/1523
f 1161/1522/1522 1160/1521/1521 1153/1514/1514
f 909/1258/1258 1163/1524/1524 1164/1525/1525
f 1150/1511/1511 1147/1508/1508 909/1258/1258
f 463/752/752 1165/1526/1526 1166/1527/1527
f 1159/1520/1520 1157/1518/1518 463/752/752
f 463/752/752 458/747/747 1167/1528/1528
f 1168/1529/1529 1169/1530/1530 1170/1531/1531
f 1168/1529/1529 1171/1532/1532 1172/1533/1533
f 1155/1516/1516 1161/1522/1522 1153/1514/1514
f 1156/1517/1517 1163/1524/1524 909/1258/1258
f 1158/1519/1519 1165/1526/1526 463/752/752
f 463/752/752 1173/1534/1534 1174/1535/1535
f 1167/1528/1528 1175/1536/1536 463/752/752
f 1170/1531/1531 1176/1537/1537 1168/1529/1529
f 1168/1529/1529 1177/1538/1538 1171/1532/1532
f 1177/1538/1538 1168/1529/1529 1160/1521/1521
f 1166/1527/1527 1149/1510/1510 463/752/752
f 463/752/752 1178/1539/1539 1179/1540/1540
f 463/752/752 1180/1541/1541 1173/1534/1534
f 458/747/747 1181/1542/1542 1167/1528/1528
f 1176/1537/1537 1182/1543/1543 1168/1529/1529
f 1162/1523/1523 1177/1538/1538 1160/1521/1521
f 1183/1544/1544 1146/1507/1507 1119/1480/1480
f 909/1258/1258 1184/1545/1545 1183/1544/1544
f 909/1258/1258 1185/1546/1546 1186/1547/1547
f 1179/1540/1540 1151/1512/1512 463/752/752
f 1175/1536/1536 1180/1541/1541 463/752/752
f 1172/1533/1533 1169/1530/1530 1168/1529/1529
f 1119/1480/1480 1187/1548/1548 1183/1544/1544
f 1186/1547/1547 1184/1545/1545 909/1258/1258
f 1174/1535/1535 1178/1539/1539 463/752/752
f 1119/1480/1480 1168/1529/1529 1187/1548/1548
f 1164/1525/1525 1185/1546/1546 909/1258/1258
f 1183/1544/1544 1187/1548/1548 909/1258/1258
f 1182/1543/1543 1187/1548/1548 1168/1529/1529
f 1138/1499/1499 1181/1542/1542 458/747/747
f 1098/1459/1459 1099/1460/1460 448/737/737
f 1098/1459/1459 444/733/733 1188/1549/1549
f 1097/1458/1458 1188/1549/1549 444/733/733
f 1094/1455/1455 622/971/971 1091/1452/1452
f 1091/1452/1452 622/971/971 438/727/727
f 436/725/725 1189/1550/1550 1089/1450/1450
f 1087/1448/1448 1189/1550/1550 436/725/725
f 435/724/724 843/1192/1192 1086/1447/1447
f 1088/1449/1449 843/1192/1192 1085/1446/1446
f 1085/1446/1446 843/1192/1192 441/730/730
f 1084/1445/1445 1085/1446/1446 440/729/729
f 1076/1437/1437 440/729/729 439/728/728
f 1077/1438/1438 549/867/867 1075/1428/1428
f 220/1436/1436 221/1426/1426 1072/1422/1422
f 1074/1424/1424 1071/1421/1421 224/857/857
f 1058/1407/1407 1074/1424/1424 460/749/749
f 1057/1406/1406 1058/1407/1407 459/748/748
f 1056/1405/1405 1057/1406/1406 464/753/753
f 1055/1404/1404 1056/1405/1405 570/919/919
f 1027/1376/1376 589/938/938 470/759/759
f 1002/1351/1351 1022/1371/1371 470/759/759
f 809/1158/1158 801/1150/1150 1001/1350/1350
f 1000/1349/1349 1001/1350/1350 801/1150/1150
f 998/1347/1347 999/1348/1348 801/1150/1150
f 997/1346/1346 998/1347/1347 826/1175/1175
f 996/1345/1345 997/1346/1346 767/1116/1116
f 995/1344/1344 996/1345/1345 764/1113/1113
f 453/742/742 461/750/750 992/1341/1341
f 461/750/750 466/755/755 991/1340/1340
f 466/755/755 473/762/762 990/1339/1339
f 989/1338/1338 990/1339/1339 473/762/762
f 733/1082/1082 987/1336/1336 988/1337/1337
f 987/1336/1336 733/1082/1082 603/952/952
f 964/1313/1313 985/1334/1334 984/1333/1333
f 981/1330/1330 935/1284/1284 930/1279/1279
f 917/1266/1266 912/1261/1261 911/1260/1260
f 594/943/943 591/940/940 469/758/758
f 910/1259/1259 469/758/758 463/752/752
f 903/1252/1252 836/1185/1185 506/795/795
f 866/1215/1215 907/1256/1256 446/735/735
f 862/1211/1211 441/730/730 843/1192/1192
f 842/1191/1191 846/1195/1195 434/723/723
f 833/1182/1182 785/1134/1134 767/1116/1116
f 803/1152/1152 826/1175/1175 801/1150/1150
f 800/1149/1149 815/1164/1164 472/761/761
f 792/1141/1141 472/761/761 471/760/760
f 789/1138/1138 799/1148/1148 465/754/754
f 787/1136/1136 790/1139/1139 451/740/740
f 758/1107/1107 703/1052/1052 462/751/751
f 731/1080/1080 468/757/757 603/952/952
f 721/1070/1070 749/1098/1098 474/763/763
f 698/1047/1047 726/1075/1075 467/756/756
f 675/1024/1024 619/968/968 442/731/731
f 656/1005/1005 455/744/744 454/743/743
f 645/994/994 652/1001/1001 496/785/785
f 643/992/992 647/996/996 642/991/991
f 639/988/988 642/991/991 438/727/727
f 618/967/967 629/978/978 443/732/732
f 607/956/956 986/1335/1335 603/952/952
f 602/951/951 611/960/960 591/940/940
f 586/935/935 1035/1384/1384 570/919/919
f 283/893/893 284/1427/1427 549/867/867
f 250/861/861 251/898/898 445/734/734
f 516/805/805 497/786/786 496/785/785
f 481/770/770 506/795/795 434/723/723
f 474/763/763 733/1082/1082 473/762/762
f 472/761/761 809/1158/1158 470/759/759
f 469/758/758 591/940/940 468/757/757
f 467/756/756 474/763/763 466/755/755
f 465/754/754 471/760/760 464/753/753
f 463/752/752 469/758/758 462/751/751
f 456/745/745 467/756/756 461/750/750
f 449/738/738 465/754/754 459/748/748
f 458/747/747 463/752/752 457/746/746
f 447/736/736 457/746/746 456/745/745
f 455/744/744 456/745/745 453/742/742
f 452/741/741 764/1113/1113 451/740/740
f 450/739/739 451/740/740 449/738/738
f 448/737/737 458/747/747 447/736/736
f 446/735/735 450/739/739 445/734/734
f 444/733/733 448/737/737 442/731/731
f 441/730/730 446/735/735 439/728/728
f 438/727/727 642/991/991 437/726/726
f 436/725/725 437/726/726 434/723/723
f 1190/1551/1551 1022/1552/1552 1002/1553/1553
f 1002/1553/1553 1191/1554/1554 1190/1551/1551
f 1192/1555/1555 1006/1556/1556 1022/1557/1557
f 1022/1557/1557 1190/1558/1558 1192/1555/1555
f 1193/1559/1559 1003/1560/1560 1006/1561/1561
f 1006/1561/1561 1192/1562/1562 1193/1559/1559
f 1003/1563/1563 1193/1564/1564 1194/1565/1565
f 1194/1565/1565 1013/1566/1566 1003/1563/1563
f 1071/1567/1567 1074/1568/1568 1195/1569/1569
f 1074/1568/1568 1058/1570/1570 1196/1571/1571
f 1196/1571/1571 1195/1569/1569 1074/1568/1568
f 1196/1571/1571 1058/1570/1570 1057/1572/1572
f 1057/1572/1572 1197/1573/1573 1196/1571/1571
f 1057/1572/1572 1056/1574/1574 1198/1575/1575
f 1198/1575/1575 1197/1573/1573 1057/1572/1572
f 1199/1576/1576 1198/1575/1575 1056/1574/1574
f 1056/1574/1574 1055/1577/1577 1199/1576/1576
f 1195/1569/1569 1200/1578/1578 1071/1567/1567
f 1201/1579/1579 1083/1580/1580 1076/1581/1581
f 1076/1581/1581 1077/1582/1582 1202/1583/1583
f 1202/1583/1583 1203/1584/1584 1076/1581/1581
f 1077/1582/1582 1204/1585/1585 1202/1583/1583
f 1204/1585/1585 1077/1582/1582 1075/1586/1586
f 1075/1586/1586 1205/1587/1587 1204/1585/1585
f 1072/1588/1588 1206/1589/1589 1205/1587/1587
f 1205/1587/1587 1075/1586/1586 1072/1588/1588
f 1207/1590/1590 1206/1589/1589 1072/1588/1588
f 1072/1588/1588 1073/1591/1591 1207/1590/1590
f 1076/1581/1581 1203/1584/1584 1201/1579/1579
f 1208/1592/1592 1085/1593/1593 1084/1594/1594
f 1084/1594/1594 1209/1595/1595 1208/1592/1592
f 1210/1596/1596 1088/1597/1597 1085/1598/1598
f 1085/1598/1598 1208/1599/1599 1210/1596/1596
f 1211/1600/1600 1086/1601/1601 1088/1602/1602
f 1088/1602/1602 1210/1603/1603 1211/1600/1600
f 1212/1604/1604 1087/1605/1605 1086/1606/1606
f 1086/1606/1606 1211/1607/1607 1212/1604/1604
f 1213/1608/1608 1189/1609/1609 1087/1610/1610
f 1087/1610/1610 1212/1611/1611 1213/1608/1608
f 1214/1612/1612 1089/1613/1613 1189/1614/1614
f 1189/1614/1614 1213/1615/1615 1214/1612/1612
f 1215/1616/1616 1090/1617/1617 1089/1618/1618
f 1089/1618/1618 1214/1619/1619 1215/1616/1616
f 1216/1620/1620 1091/1621/1621 1090/1622/1622
f 1090/1622/1622 1215/1623/1623 1216/1620/1620
f 1091/1624/1624 1216/1625/1625 1217/1626/1626
f 1217/1626/1626 1094/1627/1627 1091/1624/1624
f 1218/1628/1628 1168/1629/1629 1119/1630/1630
f 1119/1630/1630 1099/1631/1631 1219/1632/1632
f 1219/1632/1632 1220/1633/1633 1119/1630/1630
f 1099/1631/1631 1221/1634/1634 1219/1632/1632
f 1099/1631/1631 1222/1635/1635 1221/1634/1634
f 1222/1635/1635 1099/1631/1631 1098/1636/1636
f 1223/1637/1637 1224/1638/1638 1188/1639/1639
f 1098/1636/1636 1224/1638/1638 1222/1635/1635
f 1224/1638/1638 1098/1636/1636 1188/1639/1639
f 1188/1639/1639 1097/1640/1640 1223/1637/1637
f 1119/1630/1630 1220/1633/1633 1218/1628/1628
f 1225/1641/1641 1226/1642/1642 909/1643/1643
f 909/1643/1643 1226/1642/1642 1227/1644/1644
f 1227/1644/1644 910/1645/1645 909/1643/1643
f 1227/1644/1644 1228/1646/1646 911/1647/1647
f 911/1647/1647 910/1645/1645 1227/1644/1644
f 911/1647/1647 1228/1646/1646 1229/1648/1648
f 1229/1648/1648 930/1649/1649 911/1647/1647
f 1230/1650/1650 954/1651/1651 930/1649/1649
f 930/1649/1649 1229/1648/1648 1230/1650/1650
f 909/1643/1643 1187/1652/1652 1225/1641/1641
f 1231/1653/1653 958/1654/1654 955/1655/1655
f 955/1655/1655 1232/1656/1656 1231/1653/1653
f 1233/1657/1657 964/1658/1658 958/1659/1659
f 958/1659/1659 1231/1660/1660 1233/1657/1657
f 1234/1661/1661 985/1662/1662 964/1663/1663
f 964/1663/1663 1233/1664/1664 1234/1661/1661
f 1235/1665/1665 987/1666/1666 985/1667/1667
f 985/1667/1667 1234/1668/1668 1235/1665/1665
f 1168/1669/1669 1218/1670/1670 1236/1671/1671
f 1160/1672/1672 1236/1671/1671 1237/1673/1673
f 1153/1674/1674 1237/1673/1673 1238/1675/1675
f 1154/1676/1676 1238/1675/1675 1239/1677/1677
f 1155/1678/1678 1239/1677/1677 1240/1679/1679
f 1161/1680/1680 1240/1679/1679 1241/1681/1681
f 1162/1682/1682 1241/1681/1681 1242/1683/1683
f 1177/1684/1684 1242/1683/1683 1243/1685/1685
f 1171/1686/1686 1243/1685/1685 1244/1687/1687
f 1172/1688/1688 1244/1687/1687 1245/1689/1689
f 1169/1690/1690 1245/1689/1689 1246/1691/1691
f 1170/1692/1692 1246/1691/1691 1247/1693/1693
f 1176/1694/1694 1247/1693/1693 1248/1695/1695
f 1182/1696/1696 1248/1695/1695 1225/1697/1697
f 1225/1697/1697 1187/1698/1698 1182/1696/1696
f 1248/1695/1695 1182/1696/1696 1176/1694/1694
f 1247/1693/1693 1176/1694/1694 1170/1692/1692
f 1246/1691/1691 1170/1692/1692 1169/1690/1690
f 1245/1689/1689 1169/1690/1690 1172/1688/1688
f 1244/1687/1687 1172/1688/1688 1171/1686/1686
f 1243/1685/1685 1171/1686/1686 1177/1684/1684
f 1242/1683/1683 1177/1684/1684 1162/1682/1682
f 1241/1681/1681 1162/1682/1682 1161/1680/1680
f 1240/1679/1679 1161/1680/1680 1155/1678/1678
f 1239/1677/1677 1155/1678/1678 1154/1676/1676
f 1238/1675/1675 1154/1676/1676 1153/1674/1674
f 1237/1673/1673 1153/1674/1674 1160/1672/1672
f 1236/1671/1671 1160/1672/1672 1168/1669/1669
f 1094/1699/1699 1217/1700/1700 1249/1701/1701
f 1092/1702/1702 1249/1701/1701 1250/1703/1703
f 1093/1704/1704 1250/1703/1703 1251/1705/1705
f 1095/1706/1706 1251/1705/1705 1252/1707/1707
f 1096/1708/1708 1252/1707/1707 1223/1709/1709
f 1223/1709/1709 1097/1710/1710 1096/1708/1708
f 1252/1707/1707 1096/1708/1708 1095/1706/1706
f 1251/1705/1705 1095/1706/1706 1093/1704/1704
f 1250/1703/1703 1093/1704/1704 1092/1702/1702
f 1249/1701/1701 1092/1702/1702 1094/1699/1699
f 1083/1711/1711 1201/1712/1712 1253/1713/1713
f 1081/1714/1714 1253/1713/1713 1254/1715/1715
f 1082/1716/1716 1254/1715/1715 1255/1717/1717
f 1080/1718/1718 1255/1717/1717 1256/1719/1719
f 1078/1720/1720 1256/1719/1719 1257/1721/1721
f 1079/1722/1722 1257/1721/1721 1209/1723/1723
f 1209/1723/1723 1084/1724/1724 1079/1722/1722
f 1257/1721/1721 1079/1722/1722 1078/1720/1720
f 1256/1719/1719 1078/1720/1720 1080/1718/1718
f 1255/1717/1717 1080/1718/1718 1082/1716/1716
f 1254/1715/1715 1082/1716/1716 1081/1714/1714
f 1253/1713/1713 1081/1714/1714 1083/1711/1711
f 1071/1725/1725 1200/1726/1726 1258/1727/1727
f 1065/1728/1728 1258/1727/1727 1259/1729/1729
f 1066/1730/1730 1259/1729/1729 1260/1731/1731
f 1070/1732/1732 1260/1731/1731 1261/1733/1733
f 1063/1734/1734 1261/1733/1733 1262/1735/1735
f 1064/1736/1736 1262/1735/1735 1263/1737/1737
f 1059/1738/1738 1263/1737/1737 1264/1739/1739
f 1060/1740/1740 1264/1739/1739 1265/1741/1741
f 1061/1742/1742 1265/1741/1741 1266/1743/1743
f 1062/1744/1744 1266/1743/1743 1267/1745/1745
f 1069/1746/1746 1267/1745/1745 1268/1747/1747
f 1067/1748/1748 1268/1747/1747 1269/1749/1749
f 1068/1750/1750 1269/1749/1749 1207/1751/1751
f 1207/1751/1751 1073/1752/1752 1068/1750/1750
f 1269/1749/1749 1068/1750/1750 1067/1748/1748
f 1268/1747/1747 1067/1748/1748 1069/1746/1746
f 1267/1745/1745 1069/1746/1746 1062/1744/1744
f 1266/1743/1743 1062/1744/1744 1061/1742/1742
f 1265/1741/1741 1061/1742/1742 1060/1740/1740
f 1264/1739/1739 1060/1740/1740 1059/1738/1738
f 1263/1737/1737 1059/1738/1738 1064/1736/1736
f 1262/1735/1735 1064/1736/1736 1063/1734/1734
f 1261/1733/1733 1063/1734/1734 1070/1732/1732
f 1260/1731/1731 1070/1732/1732 1066/1730/1730
f 1259/1729/1729 1066/1730/1730 1065/1728/1728
f 1258/1727/1727 1065/1728/1728 1071/1725/1725
f 1013/1753/1753 1194/1754/1754 1270/1755/1755
f 1051/1756/1756 1270/1755/1755 1271/1757/1757
f 1045/1758/1758 1271/1757/1757 1272/1759/1759
f 1046/1760/1760 1272/1759/1759 1273/1761/1761
f 1043/1762/1762 1273/1761/1761 1274/1763/1763
f 1044/1764/1764 1274/1763/1763 1275/1765/1765
f 1049/1766/1766 1275/1765/1765 1276/1767/1767
f 1050/1768/1768 1276/1767/1767 1277/1769/1769
f 1041/1770/1770 1277/1769/1769 1278/1771/1771
f 1042/1772/1772 1278/1771/1771 1279/1773/1773
f 1039/1774/1774 1279/1773/1773 1280/1775/1775
f 1040/1776/1776 1280/1775/1775 1281/1777/1777
f 1047/1778/1778 1281/1777/1777 1282/1779/1779
f 1048/1780/1780 1282/1779/1779 1283/1781/1781
f 1052/1782/1782 1283/1781/1781 1284/1783/1783
f 1053/1784/1784 1284/1783/1783 1285/1785/1785
f 1054/1786/1786 1285/1785/1785 1199/1787/1787
f 1199/1787/1787 1055/1788/1788 1054/1786/1786
f 1285/1785/1785 1054/1786/1786 1053/1784/1784
f 1284/1783/1783 1053/1784/1784 1052/1782/1782
f 1283/1781/1781 1052/1782/1782 1048/1780/1780
f 1282/1779/1779 1048/1780/1780 1047/1778/1778
f 1281/1777/1777 1047/1778/1778 1040/1776/1776
f 1280/1775/1775 1040/1776/1776 1039/1774/1774
f 1279/1773/1773 1039/1774/1774 1042/1772/1772
f 1278/1771/1771 1042/1772/1772 1041/1770/1770
f 1277/1769/1769 1041/1770/1770 1050/1768/1768
f 1276/1767/1767 1050/1768/1768 1049/1766/1766
f 1275/1765/1765 1049/1766/1766 1044/1764/1764
f 1274/1763/1763 1044/1764/1764 1043/1762/1762
f 1273/1761/1761 1043/1762/1762 1046/1760/1760
f 1272/1759/1759 1046/1760/1760 1045/1758/1758
f 1271/1757/1757 1045/1758/1758 1051/1756/1756
f 1270/1755/1755 1051/1756/1756 1013/1753/1753
f 954/1789/1789 1230/1790/1790 1286/1791/1791
f 951/1792/1792 1286/1791/1791 1287/1793/1793
f 948/1794/1794 1287/1793/1793 1288/1795/1795
f 949/1796/1796 1288/1795/1795 1289/1797/1797
f 950/1798/1798 1289/1797/1797 1290/1799/1799
f 946/1800/1800 1290/1799/1799 1291/1801/1801
f 947/1802/1802 1291/1801/1801 1292/1803/1803
f 945/1804/1804 1292/1803/1803 1293/1805/1805
f 943/1806/1806 1293/1805/1805 1294/1807/1807
f 944/1808/1808 1294/1807/1807 1295/1809/1809
f 941/1810/1810 1295/1809/1809 1296/1811/1811
f 942/1812/1812 1296/1811/1811 1297/1813/1813
f 939/1814/1814 1297/1813/1813 1298/1815/1815
f 940/1816/1816 1298/1815/1815 1299/1817/1817
f 937/1818/1818 1299/1817/1817 1300/1819/1819
f 938/1820/1820 1300/1819/1819 1301/1821/1821
f 952/1822/1822 1301/1821/1821 1232/1823/1823
f 1232/1823/1823 955/1824/1824 952/1822/1822
f 1301/1821/1821 952/1822/1822 938/1820/1820
f 1300/1819/1819 938/1820/1820 937/1818/1818
f 1299/1817/1817 937/1818/1818 940/1816/1816
f 1298/1815/1815 940/1816/1816 939/1814/1814
f 1297/1813/1813 939/1814/1814 942/1812/1812
f 1296/1811/1811 942/1812/1812 941/1810/1810
f 1295/1809/1809 941/1810/1810 944/1808/1808
f 1294/1807/1807 944/1808/1808 943/1806/1806
f 1293/1805/1805 943/1806/1806 945/1804/1804
f 1292/1803/1803 945/1804/1804 947/1802/1802
f 1291/1801/1801 947/1802/1802 946/1800/1800
f 1290/1799/1799 946/1800/1800 950/1798/1798
f 1289/1797/1797 950/1798/1798 949/1796/1796
f 1288/1795/1795 949/1796/1796 948/1794/1794
f 1287/1793/1793 948/1794/1794 951/1792/1792
f 1286/1791/1791 951/1792/1792 954/1789/1789
f 1302/1825/1825 1303/1826/1826 544/1827/1827
f 1304/1828/1828 1302/1825/1825 543/1829/1829
f 1305/1830/1830 1304/1828/1828 548/1831/1831
f 1306/1832/1832 1305/1830/1830 546/1833/1833
f 1307/1834/1834 1306/1832/1832 545/1835/1835
f 1308/1836/1836 1307/1834/1834 540/1837/1837
f 1309/1838/1838 1308/1836/1836 537/1839/1839
f 1310/1840/1840 1309/1838/1838 536/1841/1841
f 1311/1842/1842 1310/1840/1840 526/1843/1843
f 1312/1844/1844 1311/1842/1842 525/1845/1845
f 1313/1846/1846 1312/1844/1844 530/1847/1847
f 1314/1848/1848 1313/1846/1846 532/1849/1849
f 1315/1850/1850 1314/1848/1848 531/1851/1851
f 1316/1852/1852 1315/1850/1850 534/1853/1853
f 1317/1854/1854 1316/1852/1852 533/1855/1855
f 1318/1856/1856 1317/1854/1854 513/1857/1857
f 1319/1858/1858 1318/1856/1856 512/1859/1859
f 1320/1860/1860 1319/1858/1858 521/1861/1861
f 1321/1862/1862 1320/1860/1860 514/1863/1863
f 1322/1864/1864 1321/1862/1862 508/1865/1865
f 1323/1866/1866 1322/1864/1864 507/1867/1867
f 1324/1868/1868 1323/1866/1866 522/1869/1869
f 1325/1870/1870 1324/1868/1868 481/1871/1871
f 1326/1872/1872 1325/1870/1870 480/1873/1873
f 1327/1874/1874 1326/1872/1872 476/1875/1875
f 1328/1876/1876 1327/1874/1874 475/1877/1877
f 1329/1878/1878 1328/1876/1876 477/1879/1879
f 1330/1880/1880 1329/1878/1878 479/1881/1881
f 1331/1882/1882 1330/1880/1880 478/1883/1883
f 1332/1884/1884 1331/1882/1882 484/1885/1885
f 1333/1886/1886 1332/1884/1884 483/1887/1887
f 1334/1888/1888 1333/1886/1886 499/1889/1889
f 1335/1890/1890 1334/1888/1888 498/1891/1891
f 1336/1892/1892 1335/1890/1890 486/1893/1893
f 1337/1894/1894 1336/1892/1892 485/1895/1895
f 1338/1896/1896 1337/1894/1894 487/1897/1897
f 1339/1898/1898 1338/1896/1896 482/1899/1899
f 1340/1900/1900 1339/1898/1898 489/1901/1901
f 1341/1902/1902 1340/1900/1900 488/1903/1903
f 1342/1904/1904 1341/1902/1902 491/1905/1905
f 1343/1906/1906 1342/1904/1904 490/1907/1907
f 1344/1908/1908 1343/1906/1906 501/1909/1909
f 1345/1910/1910 1344/1908/1908 500/1911/1911
f 1346/1912/1912 1345/1910/1910 503/1913/1913
f 1347/1914/1914 1346/1912/1912 502/1915/1915
f 1348/1916/1916 1347/1914/1914 493/1917/1917
f 1349/1918/1918 1348/1916/1916 492/1919/1919
f 1350/1920/1920 1349/1918/1918 495/1921/1921
f 1351/1922/1922 1350/1920/1920 494/1923/1923
f 1352/1924/1924 1351/1922/1922 504/1925/1925
f 1353/1926/1926 1352/1924/1924 497/1927/1927
f 1354/1928/1928 1353/1926/1926 516/1929/1929
f 1355/1930/1930 1354/1928/1928 515/1931/1931
f 1356/1932/1932 1355/1930/1930 510/1933/1933
f 1357/1934/1934 1356/1932/1932 509/1935/1935
f 1358/1936/1936 1357/1934/1934 517/1937/1937
f 1359/1938/1938 1358/1936/1936 527/1939/1939
f 1360/1940/1940 1359/1938/1938 505/1941/1941
f 1361/1942/1942 1360/1940/1940 511/1943/1943
f 1362/1944/1944 1361/1942/1942 518/1945/1945
f 1363/1946/1946 1362/1944/1944 520/1947/1947
f 1364/1948/1948 1363/1946/1946 519/1949/1949
f 1365/1950/1950 1364/1948/1948 524/1951/1951
f 1366/1952/1952 1365/1950/1950 523/1953/1953
f 1367/1954/1954 1366/1952/1952 535/1955/1955
f 1368/1956/1956 1367/1954/1954 529/1957/1957
f 1369/1958/1958 1368/1956/1956 528/1959/1959
f 1370/1960/1960 1369/1958/1958 539/1961/1961
f 1371/1962/1962 1370/1960/1960 538/1963/1963
f 1372/1964/1964 1371/1962/1962 542/1965/1965
f 1373/1966/1966 1372/1964/1964 541/1967/1967
f 1303/1826/1826 1373/1966/1966 547/1968/1968
f 547/1968/1968 544/1827/1827 1303/1826/1826
f 541/1967/1967 547/1968/1968 1373/1966/1966
f 542/1965/1965 541/1967/1967 1372/1964/1964
f 538/1963/1963 542/1965/1965 1371/1962/1962
f 539/1961/1961 538/1963/1963 1370/1960/1960
f 528/1959/1959 539/1961/1961 1369/1958/1958
f 529/1957/1957 528/1959/1959 1368/1956/1956
f 535/1955/1955 529/1957/1957 1367/1954/1954
f 523/1953/1953 535/1955/1955 1366/1952/1952
f 524/1951/1951 523/1953/1953 1365/1950/1950
f 519/1949/1949 524/1951/1951 1364/1948/1948
f 520/1947/1947 519/1949/1949 1363/1946/1946
f 518/1945/1945 520/1947/1947 1362/1944/1944
f 511/1943/1943 518/1945/1945 1361/1942/1942
f 505/1941/1941 511/1943/1943 1360/1940/1940
f 527/1939/1939 505/1941/1941 1359/1938/1938
f 517/1937/1937 527/1939/1939 1358/1936/1936
f 509/1935/1935 517/1937/1937 1357/1934/1934
f 510/1933/1933 509/1935/1935 1356/1932/1932
f 515/1931/1931 510/1933/1933 1355/1930/1930
f 516/1929/1929 515/1931/1931 1354/1928/1928
f 497/1927/1927 516/1929/1929 1353/1926/1926
f 504/1925/1925 497/1927/1927 1352/1924/1924
f 494/1923/1923 504/1925/1925 1351/1922/1922
f 495/1921/1921 494/1923/1923 1350/1920/1920
f 492/1919/1919 495/1921/1921 1349/1918/1918
f 493/1917/1917 492/1919/1919 1348/1916/1916
f 502/1915/1915 493/1917/1917 1347/1914/1914
f 503/1913/1913 502/1915/1915 1346/1912/1912
f 500/1911/1911 503/1913/1913 1345/1910/1910
f 501/1909/1909 500/1911/1911 1344/1908/1908
f 490/1907/1907 501/1909/1909 1343/1906/1906
f 491/1905/1905 490/1907/1907 1342/1904/1904
f 488/1903/1903 491/1905/1905 1341/1902/1902
f 489/1901/1901 488/1903/1903 1340/1900/1900
f 482/1899/1899 489/1901/1901 1339/1898/1898
f 487/1897/1897 482/1899/1899 1338/1896/1896
f 485/1895/1895 487/1897/1897 1337/1894/1894
f 486/1893/1893 485/1895/1895 1336/1892/1892
f 498/1891/1891 486/1893/1893 1335/1890/1890
f 499/1889/1889 498/1891/1891 1334/1888/1888
f 483/1887/1887 499/1889/1889 1333/1886/1886
f 484/1885/1885 483/1887/1887 1332/1884/1884
f 478/1883/1883 484/1885/1885 1331/1882/1882
f 479/1881/1881 478/1883/1883 1330/1880/1880
f 477/1879/1879 479/1881/1881 1329/1878/1878
f 475/1877/1877 477/1879/1879 1328/1876/1876
f 476/1875/1875 475/1877/1877 1327/1874/1874
f 480/1873/1873 476/1875/1875 1326/1872/1872
f 481/1871/1871 480/1873/1873 1325/1870/1870
f 522/1869/1869 481/1871/1871 1324/1868/1868
f 507/1867/1867 522/1869/1869 1323/1866/1866
f 508/1865/1865 507/1867/1867 1322/1864/1864
f 514/1863/1863 508/1865/1865 1321/1862/1862
f 521/1861/1861 514/1863/1863 1320/1860/1860
f 512/1859/1859 521/1861/1861 1319/1858/1858
f 513/1857/1857 512/1859/1859 1318/1856/1856
f 533/1855/1855 513/1857/1857 1317/1854/1854
f 534/1853/1853 533/1855/1855 1316/1852/1852
f 531/1851/1851 534/1853/1853 1315/1850/1850
f 532/1849/1849 531/1851/1851 1314/1848/1848
f 530/1847/1847 532/1849/1849 1313/1846/1846
f 525/1845/1845 530/1847/1847 1312/1844/1844
f 526/1843/1843 525/1845/1845 1311/1842/1842
f 536/1841/1841 526/1843/1843 1310/1840/1840
f 537/1839/1839 536/1841/1841 1309/1838/1838
f 540/1837/1837 537/1839/1839 1308/1836/1836
f 545/1835/1835 540/1837/1837 1307/1834/1834
f 546/1833/1833 545/1835/1835 1306/1832/1832
f 548/1831/1831 546/1833/1833 1305/1830/1830
f 543/1829/1829 548/1831/1831 1304/1828/1828
f 544/1827/1827 543/1829/1829 1302/1825/1825
f 1001/1969/1969 1000/1970/1970 1374/1971/1971
f 1191/1972/1972 1002/1973/1973 1001/1969/1969
f 1001/1969/1969 1375/1974/1974 1191/1972/1972
f 1374/1971/1971 1375/1974/1974 1001/1969/1969
f 1376/1975/1975 997/1976/1976 996/1977/1977
f 1376/1975/1975 998/1978/1978 997/1976/1976
f 1376/1975/1975 999/1979/1979 998/1978/1978
f 1376/1975/1975 1000/1980/1980 999/1979/1979
f 1377/1981/1981 1374/1982/1982 1000/1980/1980
f 1000/1980/1980 1376/1975/1975 1377/1981/1981
f 996/1977/1977 995/1983/1983 1376/1975/1975
f 1378/1984/1984 1379/1985/1985 1380/1986/1986
f 1380/1986/1986 1376/1987/1987 1378/1984/1984
f 1380/1986/1986 1377/1988/1988 1376/1987/1987
f 1379/1989/1989 991/1990/1990 990/1991/1991
f 1379/1989/1989 992/1992/1992 991/1990/1990
f 1378/1993/1993 993/1994/1994 992/1992/1992
f 992/1992/1992 1379/1989/1989 1378/1993/1993
f 1378/1993/1993 994/1995/1995 993/1994/1994
f 990/1991/1991 989/1996/1996 1379/1989/1989
f 1376/1997/1997 995/1998/1998 994/1999/1999
f 994/1999/1999 1378/2000/2000 1376/1997/1997
f 585/2001/2001 1381/2002/2002 1382/2003/2003
f 586/2004/2004 1382/2003/2003 1383/2005/2005
f 1035/2006/2006 1383/2005/2005 1384/2007/2007
f 1036/2008/2008 1384/2007/2007 1385/2009/2009
f 1037/2010/2010 1385/2009/2009 1386/2011/2011
f 1038/2012/2012 1386/2011/2011 1387/2013/2013
f 1029/2014/2014 1387/2013/2013 1388/2015/2015
f 1030/2016/2016 1388/2015/2015 1389/2017/2017
f 1034/2018/2018 1389/2017/2017 1390/2019/2019
f 1019/2020/2020 1390/2019/2019 1391/2021/2021
f 1020/2022/2022 1391/2021/2021 1392/2023/2023
f 1025/2024/2024 1392/2023/2023 1393/2025/2025
f 1017/2026/2026 1393/2025/2025 1394/2027/2027
f 1018/2028/2028 1394/2027/2027 1395/2029/2029
f 1014/2030/2030 1395/2029/2029 1396/2031/2031
f 1015/2032/2032 1396/2031/2031 1397/2033/2033
f 1023/2034/2034 1397/2033/2033 1398/2035/2035
f 1024/2036/2036 1398/2035/2035 1399/2037/2037
f 1007/2038/2038 1399/2037/2037 1400/2039/2039
f 1008/2040/2040 1400/2039/2039 1401/2041/2041
f 1012/2042/2042 1401/2041/2041 1402/2043/2043
f 1011/2044/2044 1402/2043/2043 1403/2045/2045
f 1004/2046/2046 1403/2045/2045 1404/2047/2047
f 1005/2048/2048 1404/2047/2047 1405/2049/2049
f 1016/2050/2050 1405/2049/2049 1406/2051/2051
f 1009/2052/2052 1406/2051/2051 1407/2053/2053
f 1010/2054/2054 1407/2053/2053 1408/2055/2055
f 1028/2056/2056 1408/2055/2055 1409/2057/2057
f 1026/2058/2058 1409/2057/2057 1410/2059/2059
f 1021/2060/2060 1410/2059/2059 1411/2061/2061
f 1032/2062/2062 1411/2061/2061 1412/2063/2063
f 1033/2064/2064 1412/2063/2063 1413/2065/2065
f 1031/2066/2066 1413/2065/2065 1414/2067/2067
f 1027/2068/2068 1414/2067/2067 1415/2069/2069
f 589/2070/2070 1415/2069/2069 1416/2071/2071
f 590/2072/2072 1416/2071/2071 1417/2073/2073
f 587/2074/2074 1417/2073/2073 1418/2075/2075
f 588/2076/2076 1418/2075/2075 1419/2077/2077
f 581/2078/2078 1419/2077/2077 1420/2079/2079
f 582/2080/2080 1420/2079/2079 1421/2081/2081
f 583/2082/2082 1421/2081/2081 1422/2083/2083
f 584/2084/2084 1422/2083/2083 1423/2085/2085
f 572/2086/2086 1423/2085/2085 1424/2087/2087
f 573/2088/2088 1424/2087/2087 1425/2089/2089
f 575/2090/2090 1425/2089/2089 1426/2091/2091
f 567/2092/2092 1426/2091/2091 1427/2093/2093
f 553/2094/2094 1427/2093/2093 1428/2095/2095
f 554/2096/2096 1428/2095/2095 1429/2097/2097
f 562/2098/2098 1429/2097/2097 1430/2099/2099
f 560/2100/2100 1430/2099/2099 1431/2101/2101
f 561/2102/2102 1431/2101/2101 1432/2103/2103
f 559/2104/2104 1432/2103/2103 1433/2105/2105
f 552/2106/2106 1433/2105/2105 1434/2107/2107
f 550/2108/2108 1434/2107/2107 1435/2109/2109
f 551/2110/2110 1435/2109/2109 1436/2111/2111
f 569/2112/2112 1436/2111/2111 1437/2113/2113
f 557/2114/2114 1437/2113/2113 1438/2115/2115
f 558/2116/2116 1438/2115/2115 1439/2117/2117
f 555/2118/2118 1439/2117/2117 1440/2119/2119
f 556/2120/2120 1440/2119/2119 1441/2121/2121
f 568/2122/2122 1441/2121/2121 1442/2123/2123
f 565/2124/2124 1442/2123/2123 1443/2125/2125
f 566/2126/2126 1443/2125/2125 1444/2127/2127
f 563/2128/2128 1444/2127/2127 1445/2129/2129
f 564/2130/2130 1445/2129/2129 1446/2131/2131
f 579/2132/2132 1446/2131/2131 1447/2133/2133
f 580/2134/2134 1447/2133/2133 1448/2135/2135
f 577/2136/2136 1448/2135/2135 1449/2137/2137
f 578/2138/2138 1449/2137/2137 1450/2139/2139
f 574/2140/2140 1450/2139/2139 1451/2141/2141
f 571/2142/2142 1451/2141/2141 1452/2143/2143
f 576/2144/2144 1452/2143/2143 1381/2002/2002
f 1381/2002/2002 585/2001/2001 576/2144/2144
f 1452/2143/2143 576/2144/2144 571/2142/2142
f 1451/2141/2141 571/2142/2142 574/2140/2140
f 1450/2139/2139 574/2140/2140 578/2138/2138
f 1449/2137/2137 578/2138/2138 577/2136/2136
f 1448/2135/2135 577/2136/2136 580/2134/2134
f 1447/2133/2133 580/2134/2134 579/2132/2132
f 1446/2131/2131 579/2132/2132 564/2130/2130
f 1445/2129/2129 564/2130/2130 563/2128/2128
f 1444/2127/2127 563/2128/2128 566/2126/2126
f 1443/2125/2125 566/2126/2126 565/2124/2124
f 1442/2123/2123 565/2124/2124 568/2122/2122
f 1441/2121/2121 568/2122/2122 556/2120/2120
f 1440/2119/2119 556/2120/2120 555/2118/2118
f 1439/2117/2117 555/2118/2118 558/2116/2116
f 1438/2115/2115 558/2116/2116 557/2114/2114
f 1437/2113/2113 557/2114/2114 569/2112/2112
f 1436/2111/2111 569/2112/2112 551/2110/2110
f 1435/2109/2109 551/2110/2110 550/2108/2108
f 1434/2107/2107 550/2108/2108 552/2106/2106
f 1433/2105/2105 552/2106/2106 559/2104/2104
f 1432/2103/2103 559/2104/2104 561/2102/2102
f 1431/2101/2101 561/2102/2102 560/2100/2100
f 1430/2099/2099 560/2100/2100 562/2098/2098
f 1429/2097/2097 562/2098/2098 554/2096/2096
f 1428/2095/2095 554/2096/2096 553/2094/2094
f 1427/2093/2093 553/2094/2094 567/2092/2092
f 1426/2091/2091 567/2092/2092 575/2090/2090
f 1425/2089/2089 575/2090/2090 573/2088/2088
f 1424/2087/2087 573/2088/2088 572/2086/2086
f 1423/2085/2085 572/2086/2086 584/2084/2084
f 1422/2083/2083 584/2084/2084 583/2082/2082
f 1421/2081/2081 583/2082/2082 582/2080/2080
f 1420/2079/2079 582/2080/2080 581/2078/2078
f 1419/2077/2077 581/2078/2078 588/2076/2076
f 1418/2075/2075 588/2076/2076 587/2074/2074
f 1417/2073/2073 587/2074/2074 590/2072/2072
f 1416/2071/2071 590/2072/2072 589/2070/2070
f 1415/2069/2069 589/2070/2070 1027/2068/2068
f 1414/2067/2067 1027/2068/2068 1031/2066/2066
f 1413/2065/2065 1031/2066/2066 1033/2064/2064
f 1412/2063/2063 1033/2064/2064 1032/2062/2062
f 1411/2061/2061 1032/2062/2062 1021/2060/2060
f 1410/2059/2059 1021/2060/2060 1026/2058/2058
f 1409/2057/2057 1026/2058/2058 1028/2056/2056
f 1408/2055/2055 1028/2056/2056 1010/2054/2054
f 1407/2053/2053 1010/2054/2054 1009/2052/2052
f 1406/2051/2051 1009/2052/2052 1016/2050/2050
f 1405/2049/2049 1016/2050/2050 1005/2048/2048
f 1404/2047/2047 1005/2048/2048 1004/2046/2046
f 1403/2045/2045 1004/2046/2046 1011/2044/2044
f 1402/2043/2043 1011/2044/2044 1012/2042/2042
f 1401/2041/2041 1012/2042/2042 1008/2040/2040
f 1400/2039/2039 1008/2040/2040 1007/2038/2038
f 1399/2037/2037 1007/2038/2038 1024/2036/2036
f 1398/2035/2035 1024/2036/2036 1023/2034/2034
f 1397/2033/2033 1023/2034/2034 1015/2032/2032
f 1396/2031/2031 1015/2032/2032 1014/2030/2030
f 1395/2029/2029 1014/2030/2030 1018/2028/2028
f 1394/2027/2027 1018/2028/2028 1017/2026/2026
f 1393/2025/2025 1017/2026/2026 1025/2024/2024
f 1392/2023/2023 1025/2024/2024 1020/2022/2022
f 1391/2021/2021 1020/2022/2022 1019/2020/2020
f 1390/2019/2019 1019/2020/2020 1034/2018/2018
f 1389/2017/2017 1034/2018/2018 1030/2016/2016
f 1388/2015/2015 1030/2016/2016 1029/2014/2014
f 1387/2013/2013 1029/2014/2014 1038/2012/2012
f 1386/2011/2011 1038/2012/2012 1037/2010/2010
f 1385/2009/2009 1037/2010/2010 1036/2008/2008
f 1384/2007/2007 1036/2008/2008 1035/2006/2006
f 1383/2005/2005 1035/2006/2006 586/2004/2004
f 1382/2003/2003 586/2004/2004 585/2001/2001
f 1446/2145/2145 1453/2146/2146 1454/2147/2147
f 1445/2148/2148 1455/2149/2149 1453/2146/2146
f 1453/2146/2146 1446/2145/2145 1445/2148/2148
f 1445/2148/2148 1444/2150/2150 1456/2151/2151
f 1442/2152/2152 1457/2153/2153 1458/2154/2154
f 1442/2152/2152 1441/2155/2155 1459/2156/2156
f 1441/2155/2155 1440/2157/2157 1460/2158/2158
f 1440/2157/2157 1439/2159/2159 1461/2160/2160
f 1438/2161/2161 1462/2162/2162 1461/2160/2160
f 1438/2161/2161 1437/2163/2163 1463/2164/2164
f 1436/2165/2165 1464/2166/2166 1463/2164/2164
f 1436/2165/2165 1435/2167/2167 1465/2168/2168
f 1434/2169/2169 1466/2170/2170 1465/2168/2168
f 1434/2169/2169 1433/2171/2171 1467/2172/2172
f 1432/2173/2173 1468/2174/2174 1467/2172/2172
f 1432/2173/2173 1431/2175/2175 1469/2176/2176
f 1456/2151/2151 1455/2149/2149 1445/2148/2148
f 1444/2150/2150 1443/2177/2177 1458/2154/2154
f 1459/2156/2156 1457/2153/2153 1442/2152/2152
f 1461/2160/2160 1460/2158/2158 1440/2157/2157
f 1463/2164/2164 1462/2162/2162 1438/2161/2161
f 1465/2168/2168 1464/2166/2166 1436/2165/2165
f 1467/2172/2172 1466/2170/2170 1434/2169/2169
f 1469/2176/2176 1468/2174/2174 1432/2173/2173
f 1427/2178/2178 1470/2179/2179 1471/2180/2180
f 1427/2178/2178 1426/2181/2181 1472/2182/2182
f 1458/2154/2154 1456/2151/2151 1444/2150/2150
f 1460/2158/2158 1459/2156/2156 1441/2155/2155
f 1463/2164/2164 1437/2163/2163 1436/2165/2165
f 1467/2172/2172 1433/2171/2171 1432/2173/2173
f 1430/2183/2183 1473/2184/2184 1469/2176/2176
f 1429/2185/2185 1474/2186/2186 1473/2184/2184
f 1428/2187/2187 1471/2180/2180 1474/2186/2186
f 1472/2182/2182 1470/2179/2179 1427/2178/2178
f 1395/2188/2188 1475/2189/2189 1476/2190/2190
f 1395/2188/2188 1394/2191/2191 1477/2192/2192
f 1458/2154/2154 1443/2177/2177 1442/2152/2152
f 1465/2168/2168 1435/2167/2167 1434/2169/2169
f 1473/2184/2184 1430/2183/2183 1429/2185/2185
f 1471/2180/2180 1428/2187/2187 1427/2178/2178
f 1425/2193/2193 1478/2194/2194 1472/2182/2182
f 1425/2193/2193 1424/2195/2195 1479/2196/2196
f 1398/2197/2197 1480/2198/2198 1481/2199/2199
f 1398/2197/2197 1397/2200/2200 1482/2201/2201
f 1396/2202/2202 1476/2190/2190 1482/2201/2201
f 1477/2192/2192 1475/2189/2189 1395/2188/2188
f 1392/2203/2203 1483/2204/2204 1484/2205/2205
f 1392/2203/2203 1391/2206/2206 1485/2207/2207
f 1461/2160/2160 1439/2159/2159 1438/2161/2161
f 1474/2186/2186 1429/2185/2185 1428/2187/2187
f 1479/2196/2196 1478/2194/2194 1425/2193/2193
f 1424/2195/2195 1423/2208/2208 1486/2209/2209
f 1402/2210/2210 1487/2211/2211 1488/2212/2212
f 1402/2210/2210 1401/2213/2213 1489/2214/2214
f 1400/2215/2215 1490/2216/2216 1489/2214/2214
f 1400/2215/2215 1399/2217/2217 1481/2199/2199
f 1482/2201/2201 1480/2198/2198 1398/2197/2197
f 1476/2190/2190 1396/2202/2202 1395/2188/2188
f 1393/2218/2218 1484/2205/2205 1477/2192/2192
f 1485/2207/2207 1483/2204/2204 1392/2203/2203
f 1383/2219/2219 1491/2220/2220 1492/2221/2221
f 1383/2219/2219 1382/2222/2222 1493/2223/2223
f 1381/2224/2224 1494/2225/2225 1493/2223/2223
f 1381/2224/2224 1452/2226/2226 1495/2227/2227
f 1449/2228/2228 1496/2229/2229 1497/2230/2230
f 1449/2228/2228 1448/2231/2231 1498/2232/2232
f 1448/2231/2231 1447/2233/2233 1454/2147/2147
f 1469/2176/2176 1431/2175/2175 1430/2183/2183
f 1486/2209/2209 1479/2196/2196 1424/2195/2195
f 1422/2234/2234 1499/2235/2235 1486/2209/2209
f 1421/2236/2236 1500/2237/2237 1499/2235/2235
f 1421/2236/2236 1420/2238/2238 1501/2239/2239
f 1409/2240/2240 1502/2241/2241 1503/2242/2242
f 1409/2240/2240 1408/2243/2243 1504/2244/2244
f 1489/2214/2214 1487/2211/2211 1402/2210/2210
f 1481/2199/2199 1490/2216/2216 1400/2215/2215
f 1482/2201/2201 1397/2200/2200 1396/2202/2202
f 1484/2205/2205 1393/2218/2218 1392/2203/2203
f 1389/2245/2245 1505/2246/2246 1506/2247/2247
f 1389/2245/2245 1388/2248/2248 1507/2249/2249
f 1493/2223/2223 1491/2220/2220 1383/2219/2219
f 1495/2227/2227 1494/2225/2225 1381/2224/2224
f 1451/2250/2250 1508/2251/2251 1495/2227/2227
f 1451/2250/2250 1450/2252/2252 1497/2230/2230
f 1498/2232/2232 1496/2229/2229 1449/2228/2228
f 1454/2147/2147 1447/2233/2233 1446/2145/2145
f 1486/2209/2209 1423/2208/2208 1422/2234/2234
f 1501/2239/2239 1500/2237/2237 1421/2236/2236
f 1411/2253/2253 1509/2254/2254 1510/2255/2255
f 1411/2253/2253 1410/2256/2256 1503/2242/2242
f 1504/2244/2244 1502/2241/2241 1409/2240/2240
f 1408/2243/2243 1407/2257/2257 1511/2258/2258
f 1406/2259/2259 1512/2260/2260 1511/2258/2258
f 1406/2259/2259 1405/2261/2261 1513/2262/2262
f 1405/2261/2261 1404/2263/2263 1514/2264/2264
f 1404/2263/2263 1403/2265/2265 1488/2212/2212
f 1489/2214/2214 1401/2213/2213 1400/2215/2215
f 1477/2192/2192 1394/2191/2191 1393/2218/2218
f 1390/2266/2266 1506/2247/2247 1485/2207/2207
f 1507/2249/2249 1505/2246/2246 1389/2245/2245
f 1493/2223/2223 1382/2222/2222 1381/2224/2224
f 1497/2230/2230 1508/2251/2251 1451/2250/2250
f 1454/2147/2147 1498/2232/2232 1448/2231/2231
f 1499/2235/2235 1422/2234/2234 1421/2236/2236
f 1503/2242/2242 1509/2254/2254 1411/2253/2253
f 1511/2258/2258 1504/2244/2244 1408/2243/2243
f 1513/2262/2262 1512/2260/2260 1406/2259/2259
f 1488/2212/2212 1514/2264/2264 1404/2263/2263
f 1481/2199/2199 1399/2217/2217 1398/2197/2197
f 1506/2247/2247 1390/2266/2266 1389/2245/2245
f 1387/2267/2267 1515/2268/2268 1507/2249/2249
f 1387/2267/2267 1386/2269/2269 1516/2270/2270
f 1385/2271/2271 1517/2272/2272 1516/2270/2270
f 1385/2271/2271 1384/2273/2273 1492/2221/2221
f 1495/2227/2227 1452/2226/2226 1451/2250/2250
f 1472/2182/2182 1426/2181/2181 1425/2193/2193
f 1419/2274/2274 1518/2275/2275 1501/2239/2239
f 1419/2274/2274 1418/2276/2276 1519/2277/2277
f 1415/2278/2278 1520/2279/2279 1521/2280/2280
f 1415/2278/2278 1414/2281/2281 1522/2282/2282
f 1503/2242/2242 1410/2256/2256 1409/2240/2240
f 1514/2264/2264 1513/2262/2262 1405/2261/2261
f 1485/2207/2207 1391/2206/2206 1390/2266/2266
f 1516/2270/2270 1515/2268/2268 1387/2267/2267
f 1492/2221/2221 1517/2272/2272 1385/2271/2271
f 1497/2230/2230 1450/2252/2252 1449/2228/2228
f 1519/2277/2277 1518/2275/2275 1419/2274/2274
f 1417/2283/2283 1523/2284/2284 1519/2277/2277
f 1417/2283/2283 1416/2285/2285 1521/2280/2280
f 1522/2282/2282 1520/2279/2279 1415/2278/2278
f 1413/2286/2286 1524/2287/2287 1522/2282/2282
f 1413/2286/2286 1412/2288/2288 1510/2255/2255
f 1511/2258/2258 1407/2257/2257 1406/2259/2259
f 1507/2249/2249 1388/2248/2248 1387/2267/2267
f 1492/2221/2221 1384/2273/2273 1383/2219/2219
f 1519/2277/2277 1418/2276/2276 1417/2283/2283
f 1521/2280/2280 1416/2285/2285 1415/2278/2278
f 1510/2255/2255 1524/2287/2287 1413/2286/2286
f 1488/2212/2212 1403/2265/2265 1402/2210/2210
f 1501/2239/2239 1420/2238/2238 1419/2274/2274
f 1522/2282/2282 1414/2281/2281 1413/2286/2286
f 1516/2270/2270 1386/2269/2269 1385/2271/2271
f 1510/2255/2255 1412/2288/2288 1411/2253/2253
f 1521/2280/2280 1523/2284/2284 1417/2283/2283
f 1525/2289/2289 1526/2290/2290 1494/2291/2291
f 1527/2292/2292 1525/2289/2289 1495/2293/2293
f 1528/2294/2294 1527/2292/2292 1508/2295/2295
f 1529/2296/2296 1528/2294/2294 1497/2297/2297
f 1530/2298/2298 1529/2296/2296 1496/2299/2299
f 1531/2300/2300 1530/2298/2298 1498/2301/2301
f 1532/2302/2302 1531/2300/2300 1454/2303/2303
f 1533/2304/2304 1532/2302/2302 1453/2305/2305
f 1534/2306/2306 1533/2304/2304 1455/2307/2307
f 1535/2308/2308 1534/2306/2306 1456/2309/2309
f 1536/2310/2310 1535/2308/2308 1458/2311/2311
f 1537/2312/2312 1536/2310/2310 1457/2313/2313
f 1538/2314/2314 1537/2312/2312 1459/2315/2315
f 1539/2316/2316 1538/2314/2314 1460/2317/2317
f 1540/2318/2318 1539/2316/2316 1461/2319/2319
f 1541/2320/2320 1540/2318/2318 1462/2321/2321
f 1542/2322/2322 1541/2320/2320 1463/2323/2323
f 1543/2324/2324 1542/2322/2322 1464/2325/2325
f 1544/2326/2326 1543/2324/2324 1465/2327/2327
f 1545/2328/2328 1544/2326/2326 1466/2329/2329
f 1546/2330/2330 1545/2328/2328 1467/2331/2331
f 1547/2332/2332 1546/2330/2330 1468/2333/2333
f 1548/2334/2334 1547/2332/2332 1469/2335/2335
f 1549/2336/2336 1548/2334/2334 1473/2337/2337
f 1550/2338/2338 1549/2336/2336 1474/2339/2339
f 1551/2340/2340 1550/2338/2338 1471/2341/2341
f 1552/2342/2342 1551/2340/2340 1470/2343/2343
f 1553/2344/2344 1552/2342/2342 1472/2345/2345
f 1554/2346/2346 1553/2344/2344 1478/2347/2347
f 1555/2348/2348 1554/2346/2346 1479/2349/2349
f 1556/2350/2350 1555/2348/2348 1486/2351/2351
f 1557/2352/2352 1556/2350/2350 1499/2353/2353
f 1558/2354/2354 1557/2352/2352 1500/2355/2355
f 1559/2356/2356 1558/2354/2354 1501/2357/2357
f 1560/2358/2358 1559/2356/2356 1518/2359/2359
f 1561/2360/2360 1560/2358/2358 1519/2361/2361
f 1562/2362/2362 1561/2360/2360 1523/2363/2363
f 1563/2364/2364 1562/2362/2362 1521/2365/2365
f 1564/2366/2366 1563/2364/2364 1520/2367/2367
f 1565/2368/2368 1564/2366/2366 1522/2369/2369
f 1566/2370/2370 1565/2368/2368 1524/2371/2371
f 1567/2372/2372 1566/2370/2370 1510/2373/2373
f 1568/2374/2374 1567/2372/2372 1509/2375/2375
f 1569/2376/2376 1568/2374/2374 1503/2377/2377
f 1570/2378/2378 1569/2376/2376 1502/2379/2379
f 1571/2380/2380 1570/2378/2378 1504/2381/2381
f 1572/2382/2382 1571/2380/2380 1511/2383/2383
f 1573/2384/2384 1572/2382/2382 1512/2385/2385
f 1574/2386/2386 1573/2384/2384 1513/2387/2387
f 1575/2388/2388 1574/2386/2386 1514/2389/2389
f 1576/2390/2390 1575/2388/2388 1488/2391/2391
f 1577/2392/2392 1576/2390/2390 1487/2393/2393
f 1578/2394/2394 1577/2392/2392 1489/2395/2395
f 1579/2396/2396 1578/2394/2394 1490/2397/2397
f 1580/2398/2398 1579/2396/2396 1481/2399/2399
f 1581/2400/2400 1580/2398/2398 1480/2401/2401
f 1582/2402/2402 1581/2400/2400 1482/2403/2403
f 1583/2404/2404 1582/2402/2402 1476/2405/2405
f 1584/2406/2406 1583/2404/2404 1475/2407/2407
f 1585/2408/2408 1584/2406/2406 1477/2409/2409
f 1586/2410/2410 1585/2408/2408 1484/2411/2411
f 1587/2412/2412 1586/2410/2410 1483/2413/2413
f 1588/2414/2414 1587/2412/2412 1485/2415/2415
f 1589/2416/2416 1588/2414/2414 1506/2417/2417
f 1590/2418/2418 1589/2416/2416 1505/2419/2419
f 1591/2420/2420 1590/2418/2418 1507/2421/2421
f 1592/2422/2422 1591/2420/2420 1515/2423/2423
f 1593/2424/2424 1592/2422/2422 1516/2425/2425
f 1594/2426/2426 1593/2424/2424 1517/2427/2427
f 1595/2428/2428 1594/2426/2426 1492/2429/2429
f 1596/2430/2430 1595/2428/2428 1491/2431/2431
f 1526/2290/2290 1596/2430/2430 1493/2432/2432
f 1493/2432/2432 1494/2291/2291 1526/2290/2290
f 1491/2431/2431 1493/2432/2432 1596/2430/2430
f 1492/2429/2429 1491/2431/2431 1595/2428/2428
f 1517/2427/2427 1492/2429/2429 1594/2426/2426
f 1516/2425/2425 1517/2427/2427 1593/2424/2424
f 1515/2423/2423 1516/2425/2425 1592/2422/2422
f 1507/2421/2421 1515/2423/2423 1591/2420/2420
f 1505/2419/2419 1507/2421/2421 1590/2418/2418
f 1506/2417/2417 1505/2419/2419 1589/2416/2416
f 1485/2415/2415 1506/2417/2417 1588/2414/2414
f 1483/2413/2413 1485/2415/2415 1587/2412/2412
f 1484/2411/2411 1483/2413/2413 1586/2410/2410
f 1477/2409/2409 1484/2411/2411 1585/2408/2408
f 1475/2407/2407 1477/2409/2409 1584/2406/2406
f 1476/2405/2405 1475/2407/2407 1583/2404/2404
f 1482/2403/2403 1476/2405/2405 1582/2402/2402
f 1480/2401/2401 1482/2403/2403 1581/2400/2400
f 1481/2399/2399 1480/2401/2401 1580/2398/2398
f 1490/2397/2397 1481/2399/2399 1579/2396/2396
f 1489/2395/2395 1490/2397/2397 1578/2394/2394
f 1487/2393/2393 1489/2395/2395 1577/2392/2392
f 1488/2391/2391 1487/2393/2393 1576/2390/2390
f 1514/2389/2389 1488/2391/2391 1575/2388/2388
f 1513/2387/2387 1514/2389/2389 1574/2386/2386
f 1512/2385/2385 1513/2387/2387 1573/2384/2384
f 1511/2383/2383 1512/2385/2385 1572/2382/2382
f 1504/2381/2381 1511/2383/2383 1571/2380/2380
f 1502/2379/2379 1504/2381/2381 1570/2378/2378
f 1503/2377/2377 1502/2379/2379 1569/2376/2376
f 1509/2375/2375 1503/2377/2377 1568/2374/2374
f 1510/2373/2373 1509/2375/2375 1567/2372/2372
f 1524/2371/2371 1510/2373/2373 1566/2370/2370
f 1522/2369/2369 1524/2371/2371 1565/2368/2368
f 1520/2367/2367 1522/2369/2369 1564/2366/2366
f 1521/2365/2365 1520/2367/2367 1563/2364/2364
f 1523/2363/2363 1521/2365/2365 1562/2362/2362
f 1519/2361/2361 1523/2363/2363 1561/2360/2360
f 1518/2359/2359 1519/2361/2361 1560/2358/2358
f 1501/2357/2357 1518/2359/2359 1559/2356/2356
f 1500/2355/2355 1501/2357/2357 1558/2354/2354
f 1499/2353/2353 1500/2355/2355 1557/2352/2352
f 1486/2351/2351 1499/2353/2353 1556/2350/2350
f 1479/2349/2349 1486/2351/2351 1555/2348/2348
f 1478/2347/2347 1479/2349/2349 1554/2346/2346
f 1472/2345/2345 1478/2347/2347 1553/2344/2344
f 1470/2343/2343 1472/2345/2345 1552/2342/2342
f 1471/2341/2341 1470/2343/2343 1551/2340/2340
f 1474/2339/2339 1471/2341/2341 1550/2338/2338
f 1473/2337/2337 1474/2339/2339 1549/2336/2336
f 1469/2335/2335 1473/2337/2337 1548/2334/2334
f 1468/2333/2333 1469/2335/2335 1547/2332/2332
f 1467/2331/2331 1468/2333/2333 1546/2330/2330
f 1466/2329/2329 1467/2331/2331 1545/2328/2328
f 1465/2327/2327 1466/2329/2329 1544/2326/2326
f 1464/2325/2325 1465/2327/2327 1543/2324/2324
f 1463/2323/2323 1464/2325/2325 1542/2322/2322
f 1462/2321/2321 1463/2323/2323 1541/2320/2320
f 1461/2319/2319 1462/2321/2321 1540/2318/2318
f 1460/2317/2317 1461/2319/2319 1539/2316/2316
f 1459/2315/2315 1460/2317/2317 1538/2314/2314
f 1457/2313/2313 1459/2315/2315 1537/2312/2312
f 1458/2311/2311 1457/2313/2313 1536/2310/2310
f 1456/2309/2309 1458/2311/2311 1535/2308/2308
f 1455/2307/2307 1456/2309/2309 1534/2306/2306
f 1453/2305/2305 1455/2307/2307 1533/2304/2304
f 1454/2303/2303 1453/2305/2305 1532/2302/2302
f 1498/2301/2301 1454/2303/2303 1531/2300/2300
f 1496/2299/2299 1498/2301/2301 1530/2298/2298
f 1497/2297/2297 1496/2299/2299 1529/2296/2296
f 1508/2295/2295 1497/2297/2297 1528/2294/2294
f 1495/2293/2293 1508/2295/2295 1527/2292/2292
f 1494/2291/2291 1495/2293/2293 1525/2289/2289
f 1537/2433/2433 1597/2434/2434 1598/2435/2435
f 1538/2436/2436 1599/2437/2437 1597/2434/2434
f 1538/2436/2436 1539/2438/2438 1600/2439/2439
f 1539/2438/2438 1540/2440/2440 1601/2441/2441
f 1573/2442/2442 1602/2443/2443 1603/2444/2444
f 1574/2445/2445 1604/2446/2446 1602/2443/2443
f 1576/2447/2447 1605/2448/2448 1606/2449/2449
f 1576/2447/2447 1577/2450/2450 1607/2451/2451
f 1597/2434/2434 1537/2433/2433 1538/2436/2436
f 1601/2441/2441 1600/2439/2439 1539/2438/2438
f 1546/2452/2452 1608/2453/2453 1609/2454/2454
f 1546/2452/2452 1547/2455/2455 1610/2456/2456
f 1548/2457/2457 1549/2458/2458 1611/2459/2459
f 1549/2458/2458 1550/2460/2460 1612/2461/2461
f 1551/2462/2462 1613/2463/2463 1612/2461/2461
f 1551/2462/2462 1552/2464/2464 1614/2465/2465
f 1554/2466/2466 1615/2467/2467 1616/2468/2468
f 1554/2466/2466 1555/2469/2469 1617/2470/2470
f 1571/2471/2471 1618/2472/2472 1619/2473/2473
f 1571/2471/2471 1572/2474/2474 1603/2444/2444
f 1602/2443/2443 1573/2442/2442 1574/2445/2445
f 1574/2445/2445 1575/2475/2475 1606/2449/2449
f 1607/2451/2451 1605/2448/2448 1576/2447/2447
f 1577/2450/2450 1578/2476/2476 1620/2477/2477
f 1582/2478/2478 1621/2479/2479 1622/2480/2480
f 1582/2478/2478 1583/2481/2481 1623/2482/2482
f 1584/2483/2483 1585/2484/2484 1624/2485/2485
f 1585/2484/2484 1586/2486/2486 1625/2487/2487
f 1600/2439/2439 1599/2437/2437 1538/2436/2436
f 1540/2440/2440 1541/2488/2488 1626/2489/2489
f 1545/2490/2490 1609/2454/2454 1627/2491/2491
f 1610/2456/2456 1608/2453/2453 1546/2452/2452
f 1548/2457/2457 1628/2492/2492 1610/2456/2456
f 1612/2461/2461 1611/2459/2459 1549/2458/2458
f 1614/2465/2465 1613/2463/2463 1551/2462/2462
f 1553/2493/2493 1616/2468/2468 1614/2465/2465
f 1617/2470/2470 1615/2467/2467 1554/2466/2466
f 1555/2469/2469 1556/2494/2494 1629/2495/2495
f 1565/2496/2496 1630/2497/2497 1631/2498/2498
f 1565/2496/2496 1566/2499/2499 1632/2500/2500
f 1568/2501/2501 1633/2502/2502 1634/2503/2503
f 1568/2501/2501 1569/2504/2504 1635/2505/2505
f 1569/2504/2504 1570/2506/2506 1619/2473/2473
f 1603/2444/2444 1618/2472/2472 1571/2471/2471
f 1606/2449/2449 1604/2446/2446 1574/2445/2445
f 1620/2477/2477 1607/2451/2451 1577/2450/2450
f 1579/2507/2507 1636/2508/2508 1620/2477/2477
f 1579/2507/2507 1580/2509/2509 1637/2510/2510
f 1581/2511/2511 1622/2480/2480 1637/2510/2510
f 1623/2482/2482 1621/2479/2479 1582/2478/2478
f 1584/2483/2483 1638/2512/2512 1623/2482/2482
f 1625/2487/2487 1624/2485/2485 1585/2484/2484
f 1587/2513/2513 1639/2514/2514 1625/2487/2487
f 1587/2513/2513 1588/2515/2515 1640/2516/2516
f 1590/2517/2517 1641/2518/2518 1642/2519/2519
f 1590/2517/2517 1591/2520/2520 1643/2521/2521
f 1535/2522/2522 1644/2523/2523 1645/2524/2524
f 1535/2522/2522 1536/2525/2525 1598/2435/2435
f 1626/2489/2489 1601/2441/2441 1540/2440/2440
f 1541/2488/2488 1542/2526/2526 1646/2527/2527
f 1543/2528/2528 1647/2529/2529 1646/2527/2527
f 1543/2528/2528 1544/2530/2530 1627/2491/2491
f 1609/2454/2454 1545/2490/2490 1546/2452/2452
f 1611/2459/2459 1628/2492/2492 1548/2457/2457
f 1614/2465/2465 1552/2464/2464 1553/2493/2493
f 1629/2495/2495 1617/2470/2470 1555/2469/2469
f 1632/2500/2500 1630/2497/2497 1565/2496/2496
f 1566/2499/2499 1567/2531/2531 1634/2503/2503
f 1635/2505/2505 1633/2502/2502 1568/2501/2501
f 1619/2473/2473 1570/2506/2506 1571/2471/2471
f 1606/2449/2449 1575/2475/2475 1576/2447/2447
f 1637/2510/2510 1636/2508/2508 1579/2507/2507
f 1622/2480/2480 1581/2511/2511 1582/2478/2478
f 1624/2485/2485 1638/2512/2512 1584/2483/2483
f 1640/2516/2516 1639/2514/2514 1587/2513/2513
f 1589/2532/2532 1642/2519/2519 1640/2516/2516
f 1643/2521/2521 1641/2518/2518 1590/2517/2517
f 1591/2520/2520 1592/2533/2533 1648/2534/2534
f 1529/2535/2535 1649/2536/2536 1650/2537/2537
f 1529/2535/2535 1530/2538/2538 1651/2539/2539
f 1532/2540/2540 1652/2541/2541 1653/2542/2542
f 1532/2540/2540 1533/2543/2543 1654/2544/2544
f 1533/2543/2543 1534/2545/2545 1645/2524/2524
f 1598/2435/2435 1644/2523/2523 1535/2522/2522
f 1646/2527/2527 1626/2489/2489 1541/2488/2488
f 1627/2491/2491 1647/2529/2529 1543/2528/2528
f 1610/2456/2456 1547/2455/2455 1548/2457/2457
f 1616/2468/2468 1553/2493/2493 1554/2466/2466
f 1634/2503/2503 1632/2500/2500 1566/2499/2499
f 1619/2473/2473 1635/2505/2505 1569/2504/2504
f 1620/2477/2477 1578/2476/2476 1579/2507/2507
f 1623/2482/2482 1583/2481/2481 1584/2483/2483
f 1640/2516/2516 1588/2515/2515 1589/2532/2532
f 1648/2534/2534 1643/2521/2521 1591/2520/2520
f 1593/2546/2546 1655/2547/2547 1648/2534/2534
f 1593/2546/2546 1594/2548/2548 1656/2549/2549
f 1595/2550/2550 1657/2551/2551 1656/2549/2549
f 1595/2550/2550 1596/2552/2552 1658/2553/2553
f 1527/2554/2554 1659/2555/2555 1660/2556/2556
f 1527/2554/2554 1528/2557/2557 1650/2537/2537
f 1651/2539/2539 1649/2536/2536 1529/2535/2535
f 1530/2538/2538 1531/2558/2558 1653/2542/2542
f 1654/2544/2544 1652/2541/2541 1532/2540/2540
f 1645/2524/2524 1534/2545/2545 1535/2522/2522
f 1646/2527/2527 1542/2526/2526 1543/2528/2528
f 1612/2461/2461 1550/2460/2460 1551/2462/2462
f 1557/2559/2559 1661/2560/2560 1629/2495/2495
f 1557/2559/2559 1558/2561/2561 1662/2562/2562
f 1563/2563/2563 1663/2564/2564 1664/2565/2565
f 1563/2563/2563 1564/2566/2566 1631/2498/2498
f 1634/2503/2503 1567/2531/2531 1568/2501/2501
f 1637/2510/2510 1580/2509/2509 1581/2511/2511
f 1642/2519/2519 1589/2532/2532 1590/2517/2517
f 1656/2549/2549 1655/2547/2547 1593/2546/2546
f 1658/2553/2553 1657/2551/2551 1595/2550/2550
f 1596/2552/2552 1526/2567/2567 1665/2568/2568
f 1525/2569/2569 1660/2556/2556 1665/2568/2568
f 1650/2537/2537 1659/2555/2555 1527/2554/2554
f 1653/2542/2542 1651/2539/2539 1530/2538/2538
f 1645/2524/2524 1654/2544/2544 1533/2543/2543
f 1627/2491/2491 1544/2530/2530 1545/2490/2490
f 1662/2562/2562 1661/2560/2560 1557/2559/2559
f 1562/2570/2570 1664/2565/2565 1666/2571/2571
f 1631/2498/2498 1663/2564/2564 1563/2563/2563
f 1603/2444/2444 1572/2474/2474 1573/2442/2442
f 1648/2534/2534 1592/2533/2533 1593/2546/2546
f 1665/2568/2568 1658/2553/2553 1596/2552/2552
f 1660/2556/2556 1525/2569/2569 1527/2554/2554
f 1653/2542/2542 1531/2558/2558 1532/2540/2540
f 1629/2495/2495 1556/2494/2494 1557/2559/2559
f 1664/2565/2565 1562/2570/2570 1563/2563/2563
f 1625/2487/2487 1586/2486/2486 1587/2513/2513
f 1665/2568/2568 1526/2567/2567 1525/2569/2569
f 1598/2435/2435 1536/2525/2525 1537/2433/2433
f 1559/2572/2572 1667/2573/2573 1662/2562/2562
f 1559/2572/2572 1560/2574/2574 1668/2575/2575
f 1631/2498/2498 1564/2566/2566 1565/2496/2496
f 1650/2537/2537 1528/2557/2557 1529/2535/2535
f 1668/2575/2575 1667/2573/2573 1559/2572/2572
f 1560/2574/2574 1561/2576/2576 1666/2571/2571
f 1656/2549/2549 1594/2548/2548 1595/2550/2550
f 1666/2571/2571 1668/2575/2575 1560/2574/2574
f 1662/2562/2562 1558/2561/2561 1559/2572/2572
f 1666/2571/2571 1561/2576/2576 1562/2570/2570
f 1668/2577/2577 1666/2578/2578 1669/2579/2579
f 1667/2580/2580 1668/2577/2577 1670/2581/2581
f 1662/2582/2582 1667/2580/2580 1671/2583/2583
f 1661/2584/2584 1662/2582/2582 1672/2585/2585
f 1629/2586/2586 1661/2584/2584 1673/2587/2587
f 1617/2588/2588 1629/2586/2586 1674/2589/2589
f 1615/2590/2590 1617/2588/2588 1675/2591/2591
f 1616/2592/2592 1615/2590/2590 1676/2593/2593
f 1614/2594/2594 1616/2592/2592 1677/2595/2595
f 1613/2596/2596 1614/2594/2594 1678/2597/2597
f 1612/2598/2598 1613/2596/2596 1679/2599/2599
f 1611/2600/2600 1612/2598/2598 1680/2601/2601
f 1628/2602/2602 1611/2600/2600 1681/2603/2603
f 1610/2604/2604 1628/2602/2602 1682/2605/2605
f 1608/2606/2606 1610/2604/2604 1683/2607/2607
f 1609/2608/2608 1608/2606/2606 1684/2609/2609
f 1627/2610/2610 1609/2608/2608 1685/2611/2611
f 1647/2612/2612 1627/2610/2610 1686/2613/2613
f 1646/2614/2614 1647/2612/2612 1687/2615/2615
f 1626/2616/2616 1646/2614/2614 1688/2617/2617
f 1601/2618/2618 1626/2616/2616 1689/2619/2619
f 1600/2620/2620 1601/2618/2618 1690/2621/2621
f 1599/2622/2622 1600/2620/2620 1691/2623/2623
f 1597/2624/2624 1599/2622/2622 1692/2625/2625
f 1598/2626/2626 1597/2624/2624 1693/2627/2627
f 1644/2628/2628 1598/2626/2626 1694/2629/2629
f 1645/2630/2630 1644/2628/2628 1695/2631/2631
f 1654/2632/2632 1645/2630/2630 1696/2633/2633
f 1652/2634/2634 1654/2632/2632 1697/2635/2635
f 1653/2636/2636 1652/2634/2634 1698/2637/2637
f 1651/2638/2638 1653/2636/2636 1699/2639/2639
f 1649/2640/2640 1651/2638/2638 1700/2641/2641
f 1650/2642/2642 1649/2640/2640 1701/2643/2643
f 1659/2644/2644 1650/2642/2642 1702/2645/2645
f 1660/2646/2646 1659/2644/2644 1703/2647/2647
f 1665/2648/2648 1660/2646/2646 1704/2649/2649
f 1658/2650/2650 1665/2648/2648 1705/2651/2651
f 1657/2652/2652 1658/2650/2650 1706/2653/2653
f 1656/2654/2654 1657/2652/2652 1707/2655/2655
f 1655/2656/2656 1656/2654/2654 1708/2657/2657
f 1648/2658/2658 1655/2656/2656 1709/2659/2659
f 1643/2660/2660 1648/2658/2658 1710/2661/2661
f 1641/2662/2662 1643/2660/2660 1711/2663/2663
f 1642/2664/2664 1641/2662/2662 1712/2665/2665
f 1640/2666/2666 1642/2664/2664 1713/2667/2667
f 1639/2668/2668 1640/2666/2666 1714/2669/2669
f 1625/2670/2670 1639/2668/2668 1715/2671/2671
f 1624/2672/2672 1625/2670/2670 1716/2673/2673
f 1638/2674/2674 1624/2672/2672 1717/2675/2675
f 1623/2676/2676 1638/2674/2674 1718/2677/2677
f 1621/2678/2678 1623/2676/2676 1719/2679/2679
f 1622/2680/2680 1621/2678/2678 1720/2681/2681
f 1637/2682/2682 1622/2680/2680 1721/2683/2683
f 1636/2684/2684 1637/2682/2682 1722/2685/2685
f 1620/2686/2686 1636/2684/2684 1723/2687/2687
f 1607/2688/2688 1620/2686/2686 1724/2689/2689
f 1605/2690/2690 1607/2688/2688 1725/2691/2691
f 1606/2692/2692 1605/2690/2690 1726/2693/2693
f 1604/2694/2694 1606/2692/2692 1727/2695/2695
f 1602/2696/2696 1604/2694/2694 1728/2697/2697
f 1603/2698/2698 1602/2696/2696 1729/2699/2699
f 1618/2700/2700 1603/2698/2698 1730/2701/2701
f 1619/2702/2702 1618/2700/2700 1731/2703/2703
f 1635/2704/2704 1619/2702/2702 1732/2705/2705
f 1633/2706/2706 1635/2704/2704 1733/2707/2707
f 1634/2708/2708 1633/2706/2706 1734/2709/2709
f 1632/2710/2710 1634/2708/2708 1735/2711/2711
f 1630/2712/2712 1632/2710/2710 1736/2713/2713
f 1631/2714/2714 1630/2712/2712 1737/2715/2715
f 1663/2716/2716 1631/2714/2714 1738/2717/2717
f 1664/2718/2718 1663/2716/2716 1739/2719/2719
f 1666/2578/2578 1664/2718/2718 1740/2720/2720
f 1740/2720/2720 1669/2579/2579 1666/2578/2578
f 1739/2719/2719 1740/2720/2720 1664/2718/2718
f 1738/2717/2717 1739/2719/2719 1663/2716/2716
f 1737/2715/2715 1738/2717/2717 1631/2714/2714
f 1736/2713/2713 1737/2715/2715 1630/2712/2712
f 1735/2711/2711 1736/2713/2713 1632/2710/2710
f 1734/2709/2709 1735/2711/2711 1634/2708/2708
f 1733/2707/2707 1734/2709/2709 1633/2706/2706
f 1732/2705/2705 1733/2707/2707 1635/2704/2704
f 1731/2703/2703 1732/2705/2705 1619/2702/2702
f 1730/2701/2701 1731/2703/2703 1618/2700/2700
f 1729/2699/2699 1730/2701/2701 1603/2698/2698
f 1728/2697/2697 1729/2699/2699 1602/2696/2696
f 1727/2695/2695 1728/2697/2697 1604/2694/2694
f 1726/2693/2693 1727/2695/2695 1606/2692/2692
f 1725/2691/2691 1726/2693/2693 1605/2690/2690
f 1724/2689/2689 1725/2691/2691 1607/2688/2688
f 1723/2687/2687 1724/2689/2689 1620/2686/2686
f 1722/2685/2685 1723/2687/2687 1636/2684/2684
f 1721/2683/2683 1722/2685/2685 1637/2682/2682
f 1720/2681/2681 1721/2683/2683 1622/2680/2680
f 1719/2679/2679 1720/2681/2681 1621/2678/2678
f 1718/2677/2677 1719/2679/2679 1623/2676/2676
f 1717/2675/2675 1718/2677/2677 1638/2674/2674
f 1716/2673/2673 1717/2675/2675 1624/2672/2672
f 1715/2671/2671 1716/2673/2673 1625/2670/2670
f 1714/2669/2669 1715/2671/2671 1639/2668/2668
f 1713/2667/2667 1714/2669/2669 1640/2666/2666
f 1712/2665/2665 1713/2667/2667 1642/2664/2664
f 1711/2663/2663 1712/2665/2665 1641/2662/2662
f 1710/2661/2661 1711/2663/2663 1643/2660/2660
f 1709/2659/2659 1710/2661/2661 1648/2658/2658
f 1708/2657/2657 1709/2659/2659 1655/2656/2656
f 1707/2655/2655 1708/2657/2657 1656/2654/2654
f 1706/2653/2653 1707/2655/2655 1657/2652/2652
f 1705/2651/2651 1706/2653/2653 1658/2650/2650
f 1704/2649/2649 1705/2651/2651 1665/2648/2648
f 1703/2647/2647 1704/2649/2649 1660/2646/2646
f 1702/2645/2645 1703/2647/2647 1659/2644/2644
f 1701/2643/2643 1702/2645/2645 1650/2642/2642
f 1700/2641/2641 1701/2643/2643 1649/2640/2640
f 1699/2639/2639 1700/2641/2641 1651/2638/2638
f 1698/2637/2637 1699/2639/2639 1653/2636/2636
f 1697/2635/2635 1698/2637/2637 1652/2634/2634
f 1696/2633/2633 1697/2635/2635 1654/2632/2632
f 1695/2631/2631 1696/2633/2633 1645/2630/2630
f 1694/2629/2629 1695/2631/2631 1644/2628/2628
f 1693/2627/2627 1694/2629/2629 1598/2626/2626
f 1692/2625/2625 1693/2627/2627 1597/2624/2624
f 1691/2623/2623 1692/2625/2625 1599/2622/2622
f 1690/2621/2621 1691/2623/2623 1600/2620/2620
f 1689/2619/2619 1690/2621/2621 1601/2618/2618
f 1688/2617/2617 1689/2619/2619 1626/2616/2616
f 1687/2615/2615 1688/2617/2617 1646/2614/2614
f 1686/2613/2613 1687/2615/2615 1647/2612/2612
f 1685/2611/2611 1686/2613/2613 1627/2610/2610
f 1684/2609/2609 1685/2611/2611 1609/2608/2608
f 1683/2607/2607 1684/2609/2609 1608/2606/2606
f 1682/2605/2605 1683/2607/2607 1610/2604/2604
f 1681/2603/2603 1682/2605/2605 1628/2602/2602
f 1680/2601/2601 1681/2603/2603 1611/2600/2600
f 1679/2599/2599 1680/2601/2601 1612/2598/2598
f 1678/2597/2597 1679/2599/2599 1613/2596/2596
f 1677/2595/2595 1678/2597/2597 1614/2594/2594
f 1676/2593/2593 1677/2595/2595 1616/2592/2592
f 1675/2591/2591 1676/2593/2593 1615/2590/2590
f 1674/2589/2589 1675/2591/2591 1617/2588/2588
f 1673/2587/2587 1674/2589/2589 1629/2586/2586
f 1672/2585/2585 1673/2587/2587 1661/2584/2584
f 1671/2583/2583 1672/2585/2585 1662/2582/2582
f 1670/2581/2581 1671/2583/2583 1667/2580/2580
f 1669/2579/2579 1670/2581/2581 1668/2577/2577
f 604/2721/2721 1741/2722/2722 1742/2723/2723
f 605/2724/2724 1742/2723/2723 1743/2725/2725
f 607/2726/2726 1743/2725/2725 1744/2727/2727
f 986/2728/2728 1744/2727/2727 1745/2729/2729
f 984/2730/2730 1745/2729/2729 1746/2731/2731
f 983/2732/2732 1746/2731/2731 1747/2733/2733
f 976/2734/2734 1747/2733/2733 1748/2735/2735
f 977/2736/2736 1748/2735/2735 1749/2737/2737
f 980/2738/2738 1749/2737/2737 1750/2739/2739
f 970/2740/2740 1750/2739/2739 1751/2741/2741
f 971/2742/2742 1751/2741/2741 1752/2743/2743
f 974/2744/2744 1752/2743/2743 1753/2745/2745
f 969/2746/2746 1753/2745/2745 1754/2747/2747
f 965/2748/2748 1754/2747/2747 1755/2749/2749
f 967/2750/2750 1755/2749/2749 1756/2751/2751
f 968/2752/2752 1756/2751/2751 1757/2753/2753
f 972/2754/2754 1757/2753/2753 1758/2755/2755
f 973/2756/2756 1758/2755/2755 1759/2757/2757
f 960/2758/2758 1759/2757/2757 1760/2759/2759
f 961/2760/2760 1760/2759/2759 1761/2761/2761
f 963/2762/2762 1761/2761/2761 1762/2763/2763
f 959/2764/2764 1762/2763/2763 1763/2765/2765
f 956/2766/2766 1763/2765/2765 1764/2767/2767
f 957/2768/2768 1764/2767/2767 1765/2769/2769
f 966/2770/2770 1765/2769/2769 1766/2771/2771
f 962/2772/2772 1766/2771/2771 1767/2773/2773
f 936/2774/2774 1767/2773/2773 1768/2775/2775
f 953/2776/2776 1768/2775/2775 1769/2777/2777
f 979/2778/2778 1769/2777/2777 1770/2779/2779
f 982/2780/2780 1770/2779/2779 1771/2781/2781
f 978/2782/2782 1771/2781/2781 1772/2783/2783
f 975/2784/2784 1772/2783/2783 1773/2785/2785
f 981/2786/2786 1773/2785/2785 1774/2787/2787
f 935/2788/2788 1774/2787/2787 1775/2789/2789
f 933/2790/2790 1775/2789/2789 1776/2791/2791
f 934/2792/2792 1776/2791/2791 1777/2793/2793
f 931/2794/2794 1777/2793/2793 1778/2795/2795
f 932/2796/2796 1778/2795/2795 1779/2797/2797
f 925/2798/2798 1779/2797/2797 1780/2799/2799
f 926/2800/2800 1780/2799/2799 1781/2801/2801
f 928/2802/2802 1781/2801/2801 1782/2803/2803
f 929/2804/2804 1782/2803/2803 1783/2805/2805
f 923/2806/2806 1783/2805/2805 1784/2807/2807
f 924/2808/2808 1784/2807/2807 1785/2809/2809
f 927/2810/2810 1785/2809/2809 1786/2811/2811
f 920/2812/2812 1786/2811/2811 1787/2813/2813
f 921/2814/2814 1787/2813/2813 1788/2815/2815
f 918/2816/2816 1788/2815/2815 1789/2817/2817
f 919/2818/2818 1789/2817/2817 1790/2819/2819
f 922/2820/2820 1790/2819/2819 1791/2821/2821
f 916/2822/2822 1791/2821/2821 1792/2823/2823
f 917/2824/2824 1792/2823/2823 1793/2825/2825
f 912/2826/2826 1793/2825/2825 1794/2827/2827
f 915/2828/2828 1794/2827/2827 1795/2829/2829
f 914/2830/2830 1795/2829/2829 1796/2831/2831
f 913/2832/2832 1796/2831/2831 1797/2833/2833
f 594/2834/2834 1797/2833/2833 1798/2835/2835
f 595/2836/2836 1798/2835/2835 1799/2837/2837
f 592/2838/2838 1799/2837/2837 1800/2839/2839
f 593/2840/2840 1800/2839/2839 1801/2841/2841
f 600/2842/2842 1801/2841/2841 1802/2843/2843
f 598/2844/2844 1802/2843/2843 1803/2845/2845
f 599/2846/2846 1803/2845/2845 1804/2847/2847
f 596/2848/2848 1804/2847/2847 1805/2849/2849
f 597/2850/2850 1805/2849/2849 1806/2851/2851
f 601/2852/2852 1806/2851/2851 1807/2853/2853
f 602/2854/2854 1807/2853/2853 1808/2855/2855
f 611/2856/2856 1808/2855/2855 1809/2857/2857
f 609/2858/2858 1809/2857/2857 1810/2859/2859
f 610/2860/2860 1810/2859/2859 1811/2861/2861
f 608/2862/2862 1811/2861/2861 1812/2863/2863
f 606/2864/2864 1812/2863/2863 1741/2722/2722
f 1741/2722/2722 604/2721/2721 606/2864/2864
f 1812/2863/2863 606/2864/2864 608/2862/2862
f 1811/2861/2861 608/2862/2862 610/2860/2860
f 1810/2859/2859 610/2860/2860 609/2858/2858
f 1809/2857/2857 609/2858/2858 611/2856/2856
f 1808/2855/2855 611/2856/2856 602/2854/2854
f 1807/2853/2853 602/2854/2854 601/2852/2852
f 1806/2851/2851 601/2852/2852 597/2850/2850
f 1805/2849/2849 597/2850/2850 596/2848/2848
f 1804/2847/2847 596/2848/2848 599/2846/2846
f 1803/2845/2845 599/2846/2846 598/2844/2844
f 1802/2843/2843 598/2844/2844 600/2842/2842
f 1801/2841/2841 600/2842/2842 593/2840/2840
f 1800/2839/2839 593/2840/2840 592/2838/2838
f 1799/2837/2837 592/2838/2838 595/2836/2836
f 1798/2835/2835 595/2836/2836 594/2834/2834
f 1797/2833/2833 594/2834/2834 913/2832/2832
f 1796/2831/2831 913/2832/2832 914/2830/2830
f 1795/2829/2829 914/2830/2830 915/2828/2828
f 1794/2827/2827 915/2828/2828 912/2826/2826
f 1793/2825/2825 912/2826/2826 917/2824/2824
f 1792/2823/2823 917/2824/2824 916/2822/2822
f 1791/2821/2821 916/2822/2822 922/2820/2820
f 1790/2819/2819 922/2820/2820 919/2818/2818
f 1789/2817/2817 919/2818/2818 918/2816/2816
f 1788/2815/2815 918/2816/2816 921/2814/2814
f 1787/2813/2813 921/2814/2814 920/2812/2812
f 1786/2811/2811 920/2812/2812 927/2810/2810
f 1785/2809/2809 927/2810/2810 924/2808/2808
f 1784/2807/2807 924/2808/2808 923/2806/2806
f 1783/2805/2805 923/2806/2806 929/2804/2804
f 1782/2803/2803 929/2804/2804 928/2802/2802
f 1781/2801/2801 928/2802/2802 926/2800/2800
f 1780/2799/2799 926/2800/2800 925/2798/2798
f 1779/2797/2797 925/2798/2798 932/2796/2796
f 1778/2795/2795 932/2796/2796 931/2794/2794
f 1777/2793/2793 931/2794/2794 934/2792/2792
f 1776/2791/2791 934/2792/2792 933/2790/2790
f 1775/2789/2789 933/2790/2790 935/2788/2788
f 1774/2787/2787 935/2788/2788 981/2786/2786
f 1773/2785/2785 981/2786/2786 975/2784/2784
f 1772/2783/2783 975/2784/2784 978/2782/2782
f 1771/2781/2781 978/2782/2782 982/2780/2780
f 1770/2779/2779 982/2780/2780 979/2778/2778
f 1769/2777/2777 979/2778/2778 953/2776/2776
f 1768/2775/2775 953/2776/2776 936/2774/2774
f 1767/2773/2773 936/2774/2774 962/2772/2772
f 1766/2771/2771 962/2772/2772 966/2770/2770
f 1765/2769/2769 966/2770/2770 957/2768/2768
f 1764/2767/2767 957/2768/2768 956/2766/2766
f 1763/2765/2765 956/2766/2766 959/2764/2764
f 1762/2763/2763 959/2764/2764 963/2762/2762
f 1761/2761/2761 963/2762/2762 961/2760/2760
f 1760/2759/2759 961/2760/2760 960/2758/2758
f 1759/2757/2757 960/2758/2758 973/2756/2756
f 1758/2755/2755 973/2756/2756 972/2754/2754
f 1757/2753/2753 972/2754/2754 968/2752/2752
f 1756/2751/2751 968/2752/2752 967/2750/2750
f 1755/2749/2749 967/2750/2750 965/2748/2748
f 1754/2747/2747 965/2748/2748 969/2746/2746
f 1753/2745/2745 969/2746/2746 974/2744/2744
f 1752/2743/2743 974/2744/2744 971/2742/2742
f 1751/2741/2741 971/2742/2742 970/2740/2740
f 1750/2739/2739 970/2740/2740 980/2738/2738
f 1749/2737/2737 980/2738/2738 977/2736/2736
f 1748/2735/2735 977/2736/2736 976/2734/2734
f 1747/2733/2733 976/2734/2734 983/2732/2732
f 1746/2731/2731 983/2732/2732 984/2730/2730
f 1745/2729/2729 984/2730/2730 986/2728/2728
f 1744/2727/2727 986/2728/2728 607/2726/2726
f 1743/2725/2725 607/2726/2726 605/2724/2724
f 1742/2723/2723 605/2724/2724 604/2721/2721
f 1755/2865/2865 1813/2866/2866 1814/2867/2867
f 1755/2865/2865 1754/2868/2868 1815/2869/2869
f 1758/2870/2870 1816/2871/2871 1817/2872/2872
f 1758/2870/2870 1757/2873/2873 1818/2874/2874
f 1756/2875/2875 1814/2867/2867 1818/2874/2874
f 1815/2869/2869 1813/2866/2866 1755/2865/2865
f 1752/2876/2876 1819/2877/2877 1820/2878/2878
f 1752/2876/2876 1751/2879/2879 1821/2880/2880
f 1806/2881/2881 1822/2882/2882 1823/2883/2883
f 1805/2884/2884 1824/2885/2885 1822/2882/2882
f 1770/2886/2886 1825/2887/2887 1826/2888/2888
f 1769/2889/2889 1827/2890/2890 1825/2887/2887
f 1762/2891/2891 1828/2892/2892 1829/2893/2893
f 1762/2891/2891 1761/2894/2894 1830/2895/2895
f 1760/2896/2896 1831/2897/2897 1830/2895/2895
f 1760/2896/2896 1759/2898/2898 1817/2872/2872
f 1818/2874/2874 1816/2871/2871 1758/2870/2870
f 1814/2867/2867 1756/2875/2875 1755/2865/2865
f 1753/2899/2899 1820/2878/2878 1815/2869/2869
f 1821/2880/2880 1819/2877/2877 1752/2876/2876
f 1749/2900/2900 1748/2901/2901 1832/2902/2902
f 1748/2901/2901 1747/2903/2903 1833/2904/2904
f 1822/2882/2882 1806/2881/2881 1805/2884/2884
f 1805/2884/2884 1804/2905/2905 1834/2906/2906
f 1802/2907/2907 1835/2908/2908 1836/2909/2909
f 1802/2907/2907 1801/2910/2910 1837/2911/2911
f 1801/2910/2910 1800/2912/2912 1838/2913/2913
f 1800/2912/2912 1799/2914/2914 1839/2915/2915
f 1798/2916/2916 1840/2917/2917 1839/2915/2915
f 1798/2916/2916 1797/2918/2918 1841/2919/2919
f 1796/2920/2920 1842/2921/2921 1841/2919/2919
f 1796/2920/2920 1795/2922/2922 1843/2923/2923
f 1794/2924/2924 1844/2925/2925 1843/2923/2923
f 1794/2924/2924 1793/2926/2926 1845/2927/2927
f 1792/2928/2928 1846/2929/2929 1845/2927/2927
f 1792/2928/2928 1791/2930/2930 1847/2931/2931
f 1825/2887/2887 1770/2886/2886 1769/2889/2889
f 1769/2889/2889 1768/2932/2932 1848/2933/2933
f 1766/2934/2934 1849/2935/2935 1850/2936/2936
f 1766/2934/2934 1765/2937/2937 1851/2938/2938
f 1765/2937/2937 1764/2939/2939 1852/2940/2940
f 1764/2939/2939 1763/2941/2941 1829/2893/2893
f 1830/2895/2895 1828/2892/2892 1762/2891/2891
f 1817/2872/2872 1831/2897/2897 1760/2896/2896
f 1818/2874/2874 1757/2873/2873 1756/2875/2875
f 1820/2878/2878 1753/2899/2899 1752/2876/2876
f 1749/2900/2900 1853/2942/2942 1854/2943/2943
f 1833/2904/2904 1832/2902/2902 1748/2901/2901
f 1834/2906/2906 1824/2885/2885 1805/2884/2884
f 1804/2905/2905 1803/2944/2944 1836/2909/2909
f 1837/2911/2911 1835/2908/2908 1802/2907/2907
f 1839/2915/2915 1838/2913/2913 1800/2912/2912
f 1841/2919/2919 1840/2917/2917 1798/2916/2916
f 1843/2923/2923 1842/2921/2921 1796/2920/2920
f 1845/2927/2927 1844/2925/2925 1794/2924/2924
f 1847/2931/2931 1846/2929/2929 1792/2928/2928
f 1787/2945/2945 1855/2946/2946 1856/2947/2947
f 1787/2945/2945 1786/2948/2948 1857/2949/2949
f 1848/2933/2933 1827/2890/2890 1769/2889/2889
f 1768/2932/2932 1767/2950/2950 1850/2936/2936
f 1851/2938/2938 1849/2935/2935 1766/2934/2934
f 1829/2893/2893 1852/2940/2940 1764/2939/2939
f 1830/2895/2895 1761/2894/2894 1760/2896/2896
f 1815/2869/2869 1754/2868/2868 1753/2899/2899
f 1750/2951/2951 1854/2943/2943 1821/2880/2880
f 1832/2902/2902 1853/2942/2942 1749/2900/2900
f 1836/2909/2909 1834/2906/2906 1804/2905/2905
f 1838/2913/2913 1837/2911/2911 1801/2910/2910
f 1841/2919/2919 1797/2918/2918 1796/2920/2920
f 1845/2927/2927 1793/2926/2926 1792/2928/2928
f 1790/2952/2952 1858/2953/2953 1847/2931/2931
f 1789/2954/2954 1859/2955/2955 1858/2953/2953
f 1788/2956/2956 1856/2947/2947 1859/2955/2955
f 1857/2949/2949 1855/2946/2946 1787/2945/2945
f 1850/2936/2936 1848/2933/2933 1768/2932/2932
f 1852/2940/2940 1851/2938/2938 1765/2937/2937
f 1817/2872/2872 1759/2898/2898 1758/2870/2870
f 1854/2943/2943 1750/2951/2951 1749/2900/2900
f 1836/2909/2909 1803/2944/2944 1802/2907/2907
f 1843/2923/2923 1795/2922/2922 1794/2924/2924
f 1858/2953/2953 1790/2952/2952 1789/2954/2954
f 1856/2947/2947 1788/2956/2956 1787/2945/2945
f 1785/2957/2957 1860/2958/2958 1857/2949/2949
f 1785/2957/2957 1784/2959/2959 1861/2960/2960
f 1850/2936/2936 1767/2950/2950 1766/2934/2934
f 1821/2880/2880 1751/2879/2879 1750/2951/2951
f 1839/2915/2915 1799/2914/2914 1798/2916/2916
f 1859/2955/2955 1789/2954/2954 1788/2956/2956
f 1861/2960/2960 1860/2958/2958 1785/2957/2957
f 1784/2959/2959 1783/2961/2961 1862/2962/2962
f 1773/2963/2963 1863/2964/2964 1864/2965/2965
f 1773/2963/2963 1772/2966/2966 1865/2967/2967
f 1771/2968/2968 1826/2888/2888 1865/2967/2967
f 1829/2893/2893 1763/2941/2941 1762/2891/2891
f 1745/2969/2969 1866/2970/2970 1867/2971/2971
f 1745/2969/2969 1744/2972/2972 1868/2973/2973
f 1743/2974/2974 1869/2975/2975 1868/2973/2973
f 1743/2974/2974 1742/2976/2976 1870/2977/2977
f 1741/2978/2978 1871/2979/2979 1870/2977/2977
f 1741/2978/2978 1812/2980/2980 1872/2981/2981
f 1809/2982/2982 1873/2983/2983 1874/2984/2984
f 1809/2982/2982 1808/2985/2985 1875/2986/2986
f 1808/2985/2985 1807/2987/2987 1823/2883/2883
f 1847/2931/2931 1791/2930/2930 1790/2952/2952
f 1862/2962/2962 1861/2960/2960 1784/2959/2959
f 1782/2988/2988 1876/2989/2989 1862/2962/2962
f 1781/2990/2990 1877/2991/2991 1876/2989/2989
f 1781/2990/2990 1780/2992/2992 1878/2993/2993
f 1775/2994/2994 1879/2995/2995 1880/2996/2996
f 1775/2994/2994 1774/2997/2997 1864/2965/2965
f 1865/2967/2967 1863/2964/2964 1773/2963/2963
f 1826/2888/2888 1771/2968/2968 1770/2886/2886
f 1746/2998/2998 1867/2971/2971 1833/2904/2904
f 1868/2973/2973 1866/2970/2970 1745/2969/2969
f 1870/2977/2977 1869/2975/2975 1743/2974/2974
f 1872/2981/2981 1871/2979/2979 1741/2978/2978
f 1811/2999/2999 1881/3000/3000 1872/2981/2981
f 1811/2999/2999 1810/3001/3001 1874/2984/2984
f 1875/2986/2986 1873/2983/2983 1809/2982/2982
f 1823/2883/2883 1807/2987/2987 1806/2881/2881
f 1862/2962/2962 1783/2961/2961 1782/2988/2988
f 1878/2993/2993 1877/2991/2991 1781/2990/2990
f 1777/3002/3002 1776/3003/3003 1880/2996/2996
f 1864/2965/2965 1879/2995/2995 1775/2994/2994
f 1865/2967/2967 1772/2966/2966 1771/2968/2968
f 1867/2971/2971 1746/2998/2998 1745/2969/2969
f 1870/2977/2977 1742/2976/2976 1741/2978/2978
f 1874/2984/2984 1881/3000/3000 1811/2999/2999
f 1823/2883/2883 1875/2986/2986 1808/2985/2985
f 1876/2989/2989 1782/2988/2988 1781/2990/2990
f 1880/2996/2996 1776/3003/3003 1775/2994/2994
f 1833/2904/2904 1747/2903/2903 1746/2998/2998
f 1872/2981/2981 1812/2980/2980 1811/2999/2999
f 1857/2949/2949 1786/2948/2948 1785/2957/2957
f 1779/3004/3004 1882/3005/3005 1878/2993/2993
f 1779/3004/3004 1778/3006/3006 1883/3007/3007
f 1864/2965/2965 1774/2997/2997 1773/2963/2963
f 1874/2984/2984 1810/3001/3001 1809/2982/2982
f 1883/3007/3007 1882/3005/3005 1779/3004/3004
f 1777/3002/3002 1884/3008/3008 1883/3007/3007
f 1868/2973/2973 1744/2972/2972 1743/2974/2974
f 1883/3007/3007 1778/3006/3006 1777/3002/3002
f 1878/2993/2993 1780/2992/2992 1779/3004/3004
f 1880/2996/2996 1884/3008/3008 1777/3002/3002
f 1885/3009/3009 1886/3010/3010 1871/3011/3011
f 1887/3012/3012 1885/3009/3009 1872/3013/3013
f 1888/3014/3014 1887/3012/3012 1881/3015/3015
f 1889/3016/3016 1888/3014/3014 1874/3017/3017
f 1890/3018/3018 1889/3016/3016 1873/3019/3019
f 1891/3020/3020 1890/3018/3018 1875/3021/3021
f 1892/3022/3022 1891/3020/3020 1823/3023/3023
f 1893/3024/3024 1892/3022/3022 1822/3025/3025
f 1894/3026/3026 1893/3024/3024 1824/3027/3027
f 1895/3028/3028 1894/3026/3026 1834/3029/3029
f 1896/3030/3030 1895/3028/3028 1836/3031/3031
f 1897/3032/3032 1896/3030/3030 1835/3033/3033
f 1898/3034/3034 1897/3032/3032 1837/3035/3035
f 1899/3036/3036 1898/3034/3034 1838/3037/3037
f 1900/3038/3038 1899/3036/3036 1839/3039/3039
f 1901/3040/3040 1900/3038/3038 1840/3041/3041
f 1902/3042/3042 1901/3040/3040 1841/3043/3043
f 1903/3044/3044 1902/3042/3042 1842/3045/3045
f 1904/3046/3046 1903/3044/3044 1843/3047/3047
f 1905/3048/3048 1904/3046/3046 1844/3049/3049
f 1906/3050/3050 1905/3048/3048 1845/3051/3051
f 1907/3052/3052 1906/3050/3050 1846/3053/3053
f 1908/3054/3054 1907/3052/3052 1847/3055/3055
f 1909/3056/3056 1908/3054/3054 1858/3057/3057
f 1910/3058/3058 1909/3056/3056 1859/3059/3059
f 1911/3060/3060 1910/3058/3058 1856/3061/3061
f 1912/3062/3062 1911/3060/3060 1855/3063/3063
f 1913/3064/3064 1912/3062/3062 1857/3065/3065
f 1914/3066/3066 1913/3064/3064 1860/3067/3067
f 1915/3068/3068 1914/3066/3066 1861/3069/3069
f 1916/3070/3070 1915/3068/3068 1862/3071/3071
f 1917/3072/3072 1916/3070/3070 1876/3073/3073
f 1918/3074/3074 1917/3072/3072 1877/3075/3075
f 1919/3076/3076 1918/3074/3074 1878/3077/3077
f 1920/3078/3078 1919/3076/3076 1882/3079/3079
f 1921/3080/3080 1920/3078/3078 1883/3081/3081
f 1922/3082/3082 1921/3080/3080 1884/3083/3083
f 1923/3084/3084 1922/3082/3082 1880/3085/3085
f 1924/3086/3086 1923/3084/3084 1879/3087/3087
f 1925/3088/3088 1924/3086/3086 1864/3089/3089
f 1926/3090/3090 1925/3088/3088 1863/3091/3091
f 1927/3092/3092 1926/3090/3090 1865/3093/3093
f 1928/3094/3094 1927/3092/3092 1826/3095/3095
f 1929/3096/3096 1928/3094/3094 1825/3097/3097
f 1930/3098/3098 1929/3096/3096 1827/3099/3099
f 1931/3100/3100 1930/3098/3098 1848/3101/3101
f 1932/3102/3102 1931/3100/3100 1850/3103/3103
f 1933/3104/3104 1932/3102/3102 1849/3105/3105
f 1934/3106/3106 1933/3104/3104 1851/3107/3107
f 1935/3108/3108 1934/3106/3106 1852/3109/3109
f 1936/3110/3110 1935/3108/3108 1829/3111/3111
f 1937/3112/3112 1936/3110/3110 1828/3113/3113
f 1938/3114/3114 1937/3112/3112 1830/3115/3115
f 1939/3116/3116 1938/3114/3114 1831/3117/3117
f 1940/3118/3118 1939/3116/3116 1817/3119/3119
f 1941/3120/3120 1940/3118/3118 1816/3121/3121
f 1942/3122/3122 1941/3120/3120 1818/3123/3123
f 1943/3124/3124 1942/3122/3122 1814/3125/3125
f 1944/3126/3126 1943/3124/3124 1813/3127/3127
f 1945/3128/3128 1944/3126/3126 1815/3129/3129
f 1946/3130/3130 1945/3128/3128 1820/3131/3131
f 1947/3132/3132 1946/3130/3130 1819/3133/3133
f 1948/3134/3134 1947/3132/3132 1821/3135/3135
f 1949/3136/3136 1948/3134/3134 1854/3137/3137
f 1950/3138/3138 1949/3136/3136 1853/3139/3139
f 1951/3140/3140 1950/3138/3138 1832/3141/3141
f 1952/3142/3142 1951/3140/3140 1833/3143/3143
f 1953/3144/3144 1952/3142/3142 1867/3145/3145
f 1954/3146/3146 1953/3144/3144 1866/3147/3147
f 1955/3148/3148 1954/3146/3146 1868/3149/3149
f 1956/3150/3150 1955/3148/3148 1869/3151/3151
f 1886/3010/3010 1956/3150/3150 1870/3152/3152
f 1870/3152/3152 1871/3011/3011 1886/3010/3010
f 1869/3151/3151 1870/3152/3152 1956/3150/3150
f 1868/3149/3149 1869/3151/3151 1955/3148/3148
f 1866/3147/3147 1868/3149/3149 1954/3146/3146
f 1867/3145/3145 1866/3147/3147 1953/3144/3144
f 1833/3143/3143 1867/3145/3145 1952/3142/3142
f 1832/3141/3141 1833/3143/3143 1951/3140/3140
f 1853/3139/3139 1832/3141/3141 1950/3138/3138
f 1854/3137/3137 1853/3139/3139 1949/3136/3136
f 1821/3135/3135 1854/3137/3137 1948/3134/3134
f 1819/3133/3133 1821/3135/3135 1947/3132/3132
f 1820/3131/3131 1819/3133/3133 1946/3130/3130
f 1815/3129/3129 1820/3131/3131 1945/3128/3128
f 1813/3127/3127 1815/3129/3129 1944/3126/3126
f 1814/3125/3125 1813/3127/3127 1943/3124/3124
f 1818/3123/3123 1814/3125/3125 1942/3122/3122
f 1816/3121/3121 1818/3123/3123 1941/3120/3120
f 1817/3119/3119 1816/3121/3121 1940/3118/3118
f 1831/3117/3117 1817/3119/3119 1939/3116/3116
f 1830/3115/3115 1831/3117/3117 1938/3114/3114
f 1828/3113/3113 1830/3115/3115 1937/3112/3112
f 1829/3111/3111 1828/3113/3113 1936/3110/3110
f 1852/3109/3109 1829/3111/3111 1935/3108/3108
f 1851/3107/3107 1852/3109/3109 1934/3106/3106
f 1849/3105/3105 1851/3107/3107 1933/3104/3104
f 1850/3103/3103 1849/3105/3105 1932/3102/3102
f 1848/3101/3101 1850/3103/3103 1931/3100/3100
f 1827/3099/3099 1848/3101/3101 1930/3098/3098
f 1825/3097/3097 1827/3099/3099 1929/3096/3096
f 1826/3095/3095 1825/3097/3097 1928/3094/3094
f 1865/3093/3093 1826/3095/3095 1927/3092/3092
f 1863/3091/3091 1865/3093/3093 1926/3090/3090
f 1864/3089/3089 1863/3091/3091 1925/3088/3088
f 1879/3087/3087 1864/3089/3089 1924/3086/3086
f 1880/3085/3085 1879/3087/3087 1923/3084/3084
f 1884/3083/3083 1880/3085/3085 1922/3082/3082
f 1883/3081/3081 1884/3083/3083 1921/3080/3080
f 1882/3079/3079 1883/3081/3081 1920/3078/3078
f 1878/3077/3077 1882/3079/3079 1919/3076/3076
f 1877/3075/3075 1878/3077/3077 1918/3074/3074
f 1876/3073/3073 1877/3075/3075 1917/3072/3072
f 1862/3071/3071 1876/3073/3073 1916/3070/3070
f 1861/3069/3069 1862/3071/3071 1915/3068/3068
f 1860/3067/3067 1861/3069/3069 1914/3066/3066
f 1857/3065/3065 1860/3067/3067 1913/3064/3064
f 1855/3063/3063 1857/3065/3065 1912/3062/3062
f 1856/3061/3061 1855/3063/3063 1911/3060/3060
f 1859/3059/3059 1856/3061/3061 1910/3058/3058
f 1858/3057/3057 1859/3059/3059 1909/3056/3056
f 1847/3055/3055 1858/3057/3057 1908/3054/3054
f 1846/3053/3053 1847/3055/3055 1907/3052/3052
f 1845/3051/3051 1846/3053/3053 1906/3050/3050
f 1844/3049/3049 1845/3051/3051 1905/3048/3048
f 1843/3047/3047 1844/3049/3049 1904/3046/3046
f 1842/3045/3045 1843/3047/3047 1903/3044/3044
f 1841/3043/3043 1842/3045/3045 1902/3042/3042
f 1840/3041/3041 1841/3043/3043 1901/3040/3040
f 1839/3039/3039 1840/3041/3041 1900/3038/3038
f 1838/3037/3037 1839/3039/3039 1899/3036/3036
f 1837/3035/3035 1838/3037/3037 1898/3034/3034
f 1835/3033/3033 1837/3035/3035 1897/3032/3032
f 1836/3031/3031 1835/3033/3033 1896/3030/3030
f 1834/3029/3029 1836/3031/3031 1895/3028/3028
f 1824/3027/3027 1834/3029/3029 1894/3026/3026
f 1822/3025/3025 1824/3027/3027 1893/3024/3024
f 1823/3023/3023 1822/3025/3025 1892/3022/3022
f 1875/3021/3021 1823/3023/3023 1891/3020/3020
f 1873/3019/3019 1875/3021/3021 1890/3018/3018
f 1874/3017/3017 1873/3019/3019 1889/3016/3016
f 1881/3015/3015 1874/3017/3017 1888/3014/3014
f 1872/3013/3013 1881/3015/3015 1887/3012/3012
f 1871/3011/3011 1872/3013/3013 1885/3009/3009
f 1897/3153/3153 1957/3154/3154 1958/3155/3155
f 1898/3156/3156 1959/3157/3157 1957/3154/3154
f 1898/3156/3156 1899/3158/3158 1960/3159/3159
f 1899/3158/3158 1900/3160/3160 1961/3161/3161
f 1957/3154/3154 1897/3153/3153 1898/3156/3156
f 1961/3161/3161 1960/3159/3159 1899/3158/3158
f 1906/3162/3162 1962/3163/3163 1963/3164/3164
f 1906/3162/3162 1907/3165/3165 1964/3166/3166
f 1908/3167/3167 1909/3168/3168 1965/3169/3169
f 1909/3168/3168 1910/3170/3170 1966/3171/3171
f 1911/3172/3172 1967/3173/3173 1966/3171/3171
f 1911/3172/3172 1912/3174/3174 1968/3175/3175
f 1914/3176/3176 1969/3177/3177 1970/3178/3178
f 1914/3176/3176 1915/3179/3179 1971/3180/3180
f 1933/3181/3181 1972/3182/3182 1973/3183/3183
f 1934/3184/3184 1974/3185/3185 1972/3182/3182
f 1936/3186/3186 1975/3187/3187 1976/3188/3188
f 1936/3186/3186 1937/3189/3189 1977/3190/3190
f 1960/3159/3159 1959/3157/3157 1898/3156/3156
f 1900/3160/3160 1901/3191/3191 1978/3192/3192
f 1905/3193/3193 1963/3164/3164 1979/3194/3194
f 1964/3166/3166 1962/3163/3163 1906/3162/3162
f 1908/3167/3167 1980/3195/3195 1964/3166/3166
f 1966/3171/3171 1965/3169/3169 1909/3168/3168
f 1968/3175/3175 1967/3173/3173 1911/3172/3172
f 1913/3196/3196 1970/3178/3178 1968/3175/3175
f 1971/3180/3180 1969/3177/3177 1914/3176/3176
f 1915/3179/3179 1916/3197/3197 1981/3198/3198
f 1931/3199/3199 1982/3200/3200 1983/3201/3201
f 1931/3199/3199 1932/3202/3202 1973/3183/3183
f 1972/3182/3182 1933/3181/3181 1934/3184/3184
f 1934/3184/3184 1935/3203/3203 1976/3188/3188
f 1977/3190/3190 1975/3187/3187 1936/3186/3186
f 1937/3189/3189 1938/3204/3204 1984/3205/3205
f 1942/3206/3206 1985/3207/3207 1986/3208/3208
f 1942/3206/3206 1943/3209/3209 1987/3210/3210
f 1944/3211/3211 1945/3212/3212 1988/3213/3213
f 1945/3212/3212 1946/3214/3214 1989/3215/3215
f 1889/3216/3216 1990/3217/3217 1991/3218/3218
f 1889/3216/3216 1890/3219/3219 1992/3220/3220
f 1895/3221/3221 1993/3222/3222 1994/3223/3223
f 1895/3221/3221 1896/3224/3224 1958/3155/3155
f 1978/3192/3192 1961/3161/3161 1900/3160/3160
f 1901/3191/3191 1902/3225/3225 1995/3226/3226
f 1903/3227/3227 1996/3228/3228 1995/3226/3226
f 1903/3227/3227 1904/3229/3229 1979/3194/3194
f 1963/3164/3164 1905/3193/3193 1906/3162/3162
f 1965/3169/3169 1980/3195/3195 1908/3167/3167
f 1968/3175/3175 1912/3174/3174 1913/3196/3196
f 1981/3198/3198 1971/3180/3180 1915/3179/3179
f 1925/3230/3230 1997/3231/3231 1998/3232/3232
f 1925/3230/3230 1926/3233/3233 1999/3234/3234
f 1928/3235/3235 2000/3236/3236 2001/3237/3237
f 1928/3235/3235 1929/3238/3238 2002/3239/3239
f 1929/3238/3238 1930/3240/3240 1983/3201/3201
f 1973/3183/3183 1982/3200/3200 1931/3199/3199
f 1976/3188/3188 1974/3185/3185 1934/3184/3184
f 1984/3205/3205 1977/3190/3190 1937/3189/3189
f 1939/3241/3241 2003/3242/3242 1984/3205/3205
f 1939/3241/3241 1940/3243/3243 2004/3244/3244
f 1941/3245/3245 1986/3208/3208 2004/3244/3244
f 1987/3210/3210 1985/3207/3207 1942/3206/3206
f 1944/3211/3211 2005/3246/3246 1987/3210/3210
f 1989/3215/3215 1988/3213/3213 1945/3212/3212
f 1947/3247/3247 2006/3248/3248 1989/3215/3215
f 1947/3247/3247 1948/3249/3249 2007/3250/3250
f 1950/3251/3251 2008/3252/3252 2009/3253/3253
f 1950/3251/3251 1951/3254/3254 2010/3255/3255
f 1992/3220/3220 1990/3217/3217 1889/3216/3216
f 1890/3219/3219 1891/3256/3256 2011/3257/3257
f 1892/3258/3258 2012/3259/3259 2011/3257/3257
f 1892/3258/3258 1893/3260/3260 2013/3261/3261
f 1893/3260/3260 1894/3262/3262 1994/3223/3223
f 1958/3155/3155 1993/3222/3222 1895/3221/3221
f 1995/3226/3226 1978/3192/3192 1901/3191/3191
f 1979/3194/3194 1996/3228/3228 1903/3227/3227
f 1964/3166/3166 1907/3165/3165 1908/3167/3167
f 1970/3178/3178 1913/3196/3196 1914/3176/3176
f 1917/3263/3263 2014/3264/3264 1981/3198/3198
f 1917/3263/3263 1918/3265/3265 2015/3266/3266
f 1999/3234/3234 1997/3231/3231 1925/3230/3230
f 1926/3233/3233 1927/3267/3267 2001/3237/3237
f 2002/3239/3239 2000/3236/3236 1928/3235/3235
f 1983/3201/3201 1930/3240/3240 1931/3199/3199
f 1976/3188/3188 1935/3203/3203 1936/3186/3186
f 2004/3244/3244 2003/3242/3242 1939/3241/3241
f 1986/3208/3208 1941/3245/3245 1942/3206/3206
f 1988/3213/3213 2005/3246/3246 1944/3211/3211
f 2007/3250/3250 2006/3248/3248 1947/3247/3247
f 1949/3268/3268 2009/3253/3253 2007/3250/3250
f 2010/3255/3255 2008/3252/3252 1950/3251/3251
f 1951/3254/3254 1952/3269/3269 2016/3270/3270
f 1953/3271/3271 2017/3272/3272 2016/3270/3270
f 1953/3271/3271 1954/3273/3273 2018/3274/3274
f 1888/3275/3275 1991/3218/3218 2019/3276/3276
f 2011/3257/3257 1992/3220/3220 1890/3219/3219
f 2013/3261/3261 2012/3259/3259 1892/3258/3258
f 1994/3223/3223 1894/3262/3262 1895/3221/3221
f 1995/3226/3226 1902/3225/3225 1903/3227/3227
f 1966/3171/3171 1910/3170/3170 1911/3172/3172
f 2015/3266/3266 2014/3264/3264 1917/3263/3263
f 1918/3265/3265 1919/3277/3277 2020/3278/3278
f 2001/3237/3237 1999/3234/3234 1926/3233/3233
f 1983/3201/3201 2002/3239/3239 1929/3238/3238
f 1984/3205/3205 1938/3204/3204 1939/3241/3241
f 1987/3210/3210 1943/3209/3209 1944/3211/3211
f 2007/3250/3250 1948/3249/3249 1949/3268/3268
f 2016/3270/3270 2010/3255/3255 1951/3254/3254
f 2018/3274/3274 2017/3272/3272 1953/3271/3271
f 1954/3273/3273 1955/3279/3279 2021/3280/3280
f 1991/3218/3218 1888/3275/3275 1889/3216/3216
f 1994/3223/3223 2013/3261/3261 1893/3260/3260
f 1979/3194/3194 1904/3229/3229 1905/3193/3193
f 2020/3278/3278 2015/3266/3266 1918/3265/3265
f 2001/3237/3237 1927/3267/3267 1928/3235/3235
f 2004/3244/3244 1940/3243/3243 1941/3245/3245
f 2009/3253/3253 1949/3268/3268 1950/3251/3251
f 2021/3280/3280 2018/3274/3274 1954/3273/3273
f 2011/3257/3257 1891/3256/3256 1892/3258/3258
f 1981/3198/3198 1916/3197/3197 1917/3263/3263
f 1920/3281/3281 2022/3282/3282 2020/3278/3278
f 1920/3281/3281 1921/3283/3283 2023/3284/3284
f 1973/3183/3183 1932/3202/3202 1933/3181/3181
f 2016/3270/3270 1952/3269/3269 1953/3271/3271
f 1956/3285/3285 2024/3286/3286 2021/3280/3280
f 1956/3285/3285 1886/3287/3287 2025/3288/3288
f 1885/3289/3289 2026/3290/3290 2025/3288/3288
f 1885/3289/3289 1887/3291/3291 2019/3276/3276
f 1958/3155/3155 1896/3224/3224 1897/3153/3153
f 2023/3284/3284 2022/3282/3282 1920/3281/3281
f 1923/3292/3292 2027/3293/3293 2028/3294/3294
f 1923/3292/3292 1924/3295/3295 1998/3232/3232
f 1989/3215/3215 1946/3214/3214 1947/3247/3247
f 2025/3288/3288 2024/3286/3286 1956/3285/3285
f 2019/3276/3276 2026/3290/3290 1885/3289/3289
f 2020/3278/3278 1919/3277/3277 1920/3281/3281
f 1922/3296/3296 2028/3294/3294 2023/3284/3284
f 1998/3232/3232 2027/3293/3293 1923/3292/3292
f 2021/3280/3280 1955/3279/3279 1956/3285/3285
f 2019/3276/3276 1887/3291/3291 1888/3275/3275
f 2028/3294/3294 1922/3296/3296 1923/3292/3292
f 2025/3288/3288 1886/3287/3287 1885/3289/3289
f 1998/3232/3232 1924/3295/3295 1925/3230/3230
f 2023/3284/3284 1921/3283/3283 1922/3296/3296
f 2022/3297/3297 2023/3298/3298 2029/3299/3299
f 2020/3300/3300 2022/3297/3297 2030/3301/3301
f 2015/3302/3302 2020/3300/3300 2031/3303/3303
f 2014/3304/3304 2015/3302/3302 2032/3305/3305
f 1981/3306/3306 2014/3304/3304 2033/3307/3307
f 1971/3308/3308 1981/3306/3306 2034/3309/3309
f 1969/3310/3310 1971/3308/3308 2035/3311/3311
f 1970/3312/3312 1969/3310/3310 2036/3313/3313
f 1968/3314/3314 1970/3312/3312 2037/3315/3315
f 1967/3316/3316 1968/3314/3314 2038/3317/3317
f 1966/3318/3318 1967/3316/3316 2039/3319/3319
f 1965/3320/3320 1966/3318/3318 2040/3321/3321
f 1980/3322/3322 1965/3320/3320 2041/3323/3323
f 1964/3324/3324 1980/3322/3322 2042/3325/3325
f 1962/3326/3326 1964/3324/3324 2043/3327/3327
f 1963/3328/3328 1962/3326/3326 2044/3329/3329
f 1979/3330/3330 1963/3328/3328 2045/3331/3331
f 1996/3332/3332 1979/3330/3330 2046/3333/3333
f 1995/3334/3334 1996/3332/3332 2047/3335/3335
f 1978/3336/3336 1995/3334/3334 2048/3337/3337
f 1961/3338/3338 1978/3336/3336 2049/3339/3339
f 1960/3340/3340 1961/3338/3338 2050/3341/3341
f 1959/3342/3342 1960/3340/3340 2051/3343/3343
f 1957/3344/3344 1959/3342/3342 2052/3345/3345
f 1958/3346/3346 1957/3344/3344 2053/3347/3347
f 1993/3348/3348 1958/3346/3346 2054/3349/3349
f 1994/3350/3350 1993/3348/3348 2055/3351/3351
f 2013/3352/3352 1994/3350/3350 2056/3353/3353
f 2012/3354/3354 2013/3352/3352 2057/3355/3355
f 2011/3356/3356 2012/3354/3354 2058/3357/3357
f 1992/3358/3358 2011/3356/3356 2059/3359/3359
f 1990/3360/3360 1992/3358/3358 2060/3361/3361
f 1991/3362/3362 1990/3360/3360 2061/3363/3363
f 2019/3364/3364 1991/3362/3362 2062/3365/3365
f 2026/3366/3366 2019/3364/3364 2063/3367/3367
f 2025/3368/3368 2026/3366/3366 2064/3369/3369
f 2024/3370/3370 2025/3368/3368 2065/3371/3371
f 2021/3372/3372 2024/3370/3370 2066/3373/3373
f 2018/3374/3374 2021/3372/3372 2067/3375/3375
f 2017/3376/3376 2018/3374/3374 2068/3377/3377
f 2016/3378/3378 2017/3376/3376 2069/3379/3379
f 2010/3380/3380 2016/3378/3378 2070/3381/3381
f 2008/3382/3382 2010/3380/3380 2071/3383/3383
f 2009/3384/3384 2008/3382/3382 2072/3385/3385
f 2007/3386/3386 2009/3384/3384 2073/3387/3387
f 2006/3388/3388 2007/3386/3386 2074/3389/3389
f 1989/3390/3390 2006/3388/3388 2075/3391/3391
f 1988/3392/3392 1989/3390/3390 2076/3393/3393
f 2005/3394/3394 1988/3392/3392 2077/3395/3395
f 1987/3396/3396 2005/3394/3394 2078/3397/3397
f 1985/3398/3398 1987/3396/3396 2079/3399/3399
f 1986/3400/3400 1985/3398/3398 2080/3401/3401
f 2004/3402/3402 1986/3400/3400 2081/3403/3403
f 2003/3404/3404 2004/3402/3402 2082/3405/3405
f 1984/3406/3406 2003/3404/3404 2083/3407/3407
f 1977/3408/3408 1984/3406/3406 2084/3409/3409
f 1975/3410/3410 1977/3408/3408 2085/3411/3411
f 1976/3412/3412 1975/3410/3410 2086/3413/3413
f 1974/3414/3414 1976/3412/3412 2087/3415/3415
f 1972/3416/3416 1974/3414/3414 2088/3417/3417
f 1973/3418/3418 1972/3416/3416 2089/3419/3419
f 1982/3420/3420 1973/3418/3418 2090/3421/3421
f 1983/3422/3422 1982/3420/3420 2091/3423/3423
f 2002/3424/3424 1983/3422/3422 2092/3425/3425
f 2000/3426/3426 2002/3424/3424 2093/3427/3427
f 2001/3428/3428 2000/3426/3426 2094/3429/3429
f 1999/3430/3430 2001/3428/3428 2095/3431/3431
f 1997/3432/3432 1999/3430/3430 2096/3433/3433
f 1998/3434/3434 1997/3432/3432 2097/3435/3435
f 2027/3436/3436 1998/3434/3434 2098/3437/3437
f 2028/3438/3438 2027/3436/3436 2099/3439/3439
f 2023/3298/3298 2028/3438/3438 2100/3440/3440
f 2100/3440/3440 2029/3299/3299 2023/3298/3298
f 2099/3439/3439 2100/3440/3440 2028/3438/3438
f 2098/3437/3437 2099/3439/3439 2027/3436/3436
f 2097/3435/3435 2098/3437/3437 1998/3434/3434
f 2096/3433/3433 2097/3435/3435 1997/3432/3432
f 2095/3431/3431 2096/3433/3433 1999/3430/3430
f 2094/3429/3429 2095/3431/3431 2001/3428/3428
f 2093/3427/3427 2094/3429/3429 2000/3426/3426
f 2092/3425/3425 2093/3427/3427 2002/3424/3424
f 2091/3423/3423 2092/3425/3425 1983/3422/3422
f 2090/3421/3421 2091/3423/3423 1982/3420/3420
f 2089/3419/3419 2090/3421/3421 1973/3418/3418
f 2088/3417/3417 2089/3419/3419 1972/3416/3416
f 2087/3415/3415 2088/3417/3417 1974/3414/3414
f 2086/3413/3413 2087/3415/3415 1976/3412/3412
f 2085/3411/3411 2086/3413/3413 1975/3410/3410
f 2084/3409/3409 2085/3411/3411 1977/3408/3408
f 2083/3407/3407 2084/3409/3409 1984/3406/3406
f 2082/3405/3405 2083/3407/3407 2003/3404/3404
f 2081/3403/3403 2082/3405/3405 2004/3402/3402
f 2080/3401/3401 2081/3403/3403 1986/3400/3400
f 2079/3399/3399 2080/3401/3401 1985/3398/3398
f 2078/3397/3397 2079/3399/3399 1987/3396/3396
f 2077/3395/3395 2078/3397/3397 2005/3394/3394
f 2076/3393/3393 2077/3395/3395 1988/3392/3392
f 2075/3391/3391 2076/3393/3393 1989/3390/3390
f 2074/3389/3389 2075/3391/3391 2006/3388/3388
f 2073/3387/3387 2074/3389/3389 2007/3386/3386
f 2072/3385/3385 2073/3387/3387 2009/3384/3384
f 2071/3383/3383 2072/3385/3385 2008/3382/3382
f 2070/3381/3381 2071/3383/3383 2010/3380/3380
f 2069/3379/3379 2070/3381/3381 2016/3378/3378
f 2068/3377/3377 2069/3379/3379 2017/3376/3376
f 2067/3375/3375 2068/3377/3377 2018/3374/3374
f 2066/3373/3373 2067/3375/3375 2021/3372/3372
f 2065/3371/3371 2066/3373/3373 2024/3370/3370
f 2064/3369/3369 2065/3371/3371 2025/3368/3368
f 2063/3367/3367 2064/3369/3369 2026/3366/3366
f 2062/3365/3365 2063/3367/3367 2019/3364/3364
f 2061/3363/3363 2062/3365/3365 1991/3362/3362
f 2060/3361/3361 2061/3363/3363 1990/3360/3360
f 2059/3359/3359 2060/3361/3361 1992/3358/3358
f 2058/3357/3357 2059/3359/3359 2011/3356/3356
f 2057/3355/3355 2058/3357/3357 2012/3354/3354
f 2056/3353/3353 2057/3355/3355 2013/3352/3352
f 2055/3351/3351 2056/3353/3353 1994/3350/3350
f 2054/3349/3349 2055/3351/3351 1993/3348/3348
f 2053/3347/3347 2054/3349/3349 1958/3346/3346
f 2052/3345/3345 2053/3347/3347 1957/3344/3344
f 2051/3343/3343 2052/3345/3345 1959/3342/3342
f 2050/3341/3341 2051/3343/3343 1960/3340/3340
f 2049/3339/3339 2050/3341/3341 1961/3338/3338
f 2048/3337/3337 2049/3339/3339 1978/3336/3336
f 2047/3335/3335 2048/3337/3337 1995/3334/3334
f 2046/3333/3333 2047/3335/3335 1996/3332/3332
f 2045/3331/3331 2046/3333/3333 1979/3330/3330
f 2044/3329/3329 2045/3331/3331 1963/3328/3328
f 2043/3327/3327 2044/3329/3329 1962/3326/3326
f 2042/3325/3325 2043/3327/3327 1964/3324/3324
f 2041/3323/3323 2042/3325/3325 1980/3322/3322
f 2040/3321/3321 2041/3323/3323 1965/3320/3320
f 2039/3319/3319 2040/3321/3321 1966/3318/3318
f 2038/3317/3317 2039/3319/3319 1967/3316/3316
f 2037/3315/3315 2038/3317/3317 1968/3314/3314
f 2036/3313/3313 2037/3315/3315 1970/3312/3312
f 2035/3311/3311 2036/3313/3313 1969/3310/3310
f 2034/3309/3309 2035/3311/3311 1971/3308/3308
f 2033/3307/3307 2034/3309/3309 1981/3306/3306
f 2032/3305/3305 2033/3307/3307 2014/3304/3304
f 2031/3303/3303 2032/3305/3305 2015/3302/3302
f 2030/3301/3301 2031/3303/3303 2020/3300/3300
f 2029/3299/3299 2030/3301/3301 2022/3297/3297
f 1139/3441/3441 2101/3442/3442 2102/3443/3443
f 1140/3444/3444 2102/3443/3443 2103/3445/3445
f 1133/3446/3446 2103/3445/3445 2104/3447/3447
f 1134/3448/3448 2104/3447/3447 2105/3449/3449
f 1138/3450/3450 2105/3449/3449 2106/3451/3451
f 1181/3452/3452 2106/3451/3451 2107/3453/3453
f 1167/3454/3454 2107/3453/3453 2108/3455/3455
f 1175/3456/3456 2108/3455/3455 2109/3457/3457
f 1180/3458/3458 2109/3457/3457 2110/3459/3459
f 1173/3460/3460 2110/3459/3459 2111/3461/3461
f 1174/3462/3462 2111/3461/3461 2112/3463/3463
f 1178/3464/3464 2112/3463/3463 2113/3465/3465
f 1179/3466/3466 2113/3465/3465 2114/3467/3467
f 1151/3468/3468 2114/3467/3467 2115/3469/3469
f 1152/3470/3470 2115/3469/3469 2116/3471/3471
f 1159/3472/3472 2116/3471/3471 2117/3473/3473
f 1157/3474/3474 2117/3473/3473 2118/3475/3475
f 1158/3476/3476 2118/3475/3475 2119/3477/3477
f 1165/3478/3478 2119/3477/3477 2120/3479/3479
f 1166/3480/3480 2120/3479/3479 2121/3481/3481
f 1149/3482/3482 2121/3481/3481 2122/3483/3483
f 1150/3484/3484 2122/3483/3483 2123/3485/3485
f 1147/3486/3486 2123/3485/3485 2124/3487/3487
f 1148/3488/3488 2124/3487/3487 2125/3489/3489
f 1156/3490/3490 2125/3489/3489 2126/3491/3491
f 1163/3492/3492 2126/3491/3491 2127/3493/3493
f 1164/3494/3494 2127/3493/3493 2128/3495/3495
f 1185/3496/3496 2128/3495/3495 2129/3497/3497
f 1186/3498/3498 2129/3497/3497 2130/3499/3499
f 1184/3500/3500 2130/3499/3499 2131/3501/3501
f 1183/3502/3502 2131/3501/3501 2132/3503/3503
f 1146/3504/3504 2132/3503/3503 2133/3505/3505
f 1142/3506/3506 2133/3505/3505 2134/3507/3507
f 1143/3508/3508 2134/3507/3507 2135/3509/3509
f 1145/3510/3510 1144/3511/3511 2136/3512/3512
f 1144/3511/3511 2135/3509/3509 2136/3512/3512
f 1145/3510/3510 2137/3513/3513 2138/3514/3514
f 1136/3515/3515 2138/3514/3514 2139/3516/3516
f 1137/3517/3517 2139/3516/3516 2140/3518/3518
f 1130/3519/3519 2140/3518/3518 2141/3520/3520
f 1131/3521/3521 2141/3520/3520 2142/3522/3522
f 1129/3523/3523 2142/3522/3522 2143/3524/3524
f 1120/3525/3525 2143/3524/3524 2144/3526/3526
f 1127/3527/3527 2144/3526/3526 2145/3528/3528
f 1128/3529/3529 2145/3528/3528 2146/3530/3530
f 1114/3531/3531 2146/3530/3530 2147/3532/3532
f 1112/3533/3533 2147/3532/3532 2148/3534/3534
f 1102/3535/3535 2148/3534/3534 2149/3536/3536
f 1103/3537/3537 2149/3536/3536 2150/3538/3538
f 1107/3539/3539 2150/3538/3538 2151/3540/3540
f 1113/3541/3541 2151/3540/3540 2152/3542/3542
f 1105/3543/3543 2152/3542/3542 2153/3544/3544
f 1106/3545/3545 2153/3544/3544 2154/3546/3546
f 1104/3547/3547 2154/3546/3546 2155/3548/3548
f 1100/3549/3549 2155/3548/3548 2156/3550/3550
f 1101/3551/3551 2156/3550/3550 2157/3552/3552
f 1118/3553/3553 2157/3552/3552 2158/3554/3554
f 1110/3555/3555 2158/3554/3554 2159/3556/3556
f 1111/3557/3557 2159/3556/3556 2160/3558/3558
f 1108/3559/3559 2160/3558/3558 2161/3560/3560
f 1109/3561/3561 2161/3560/3560 2162/3562/3562
f 1117/3563/3563 2162/3562/3562 2163/3564/3564
f 1115/3565/3565 2163/3564/3564 2164/3566/3566
f 1116/3567/3567 2164/3566/3566 2165/3568/3568
f 1125/3569/3569 2165/3568/3568 2166/3570/3570
f 1126/3571/3571 2166/3570/3570 2167/3572/3572
f 1132/3573/3573 2167/3572/3572 2168/3574/3574
f 1123/3575/3575 2168/3574/3574 2169/3576/3576
f 1124/3577/3577 2169/3576/3576 2170/3578/3578
f 1121/3579/3579 2170/3578/3578 2171/3580/3580
f 1122/3581/3581 2171/3580/3580 2172/3582/3582
f 1141/3583/3583 2172/3582/3582 2173/3584/3584
f 1135/3585/3585 2173/3584/3584 2101/3442/3442
f 2101/3442/3442 1139/3441/3441 1135/3585/3585
f 2173/3584/3584 1135/3585/3585 1141/3583/3583
f 2172/3582/3582 1141/3583/3583 1122/3581/3581
f 2171/3580/3580 1122/3581/3581 1121/3579/3579
f 2170/3578/3578 1121/3579/3579 1124/3577/3577
f 2169/3576/3576 1124/3577/3577 1123/3575/3575
f 2168/3574/3574 1123/3575/3575 1132/3573/3573
f 2167/3572/3572 1132/3573/3573 1126/3571/3571
f 2166/3570/3570 1126/3571/3571 1125/3569/3569
f 2165/3568/3568 1125/3569/3569 1116/3567/3567
f 2164/3566/3566 1116/3567/3567 1115/3565/3565
f 2163/3564/3564 1115/3565/3565 1117/3563/3563
f 2162/3562/3562 1117/3563/3563 1109/3561/3561
f 2161/3560/3560 1109/3561/3561 1108/3559/3559
f 2160/3558/3558 1108/3559/3559 1111/3557/3557
f 2159/3556/3556 1111/3557/3557 1110/3555/3555
f 2158/3554/3554 1110/3555/3555 1118/3553/3553
f 2157/3552/3552 1118/3553/3553 1101/3551/3551
f 2156/3550/3550 1101/3551/3551 1100/3549/3549
f 2155/3548/3548 1100/3549/3549 1104/3547/3547
f 2154/3546/3546 1104/3547/3547 1106/3545/3545
f 2153/3544/3544 1106/3545/3545 1105/3543/3543
f 2152/3542/3542 1105/3543/3543 1113/3541/3541
f 2151/3540/3540 1113/3541/3541 1107/3539/3539
f 2150/3538/3538 1107/3539/3539 1103/3537/3537
f 2149/3536/3536 1103/3537/3537 1102/3535/3535
f 2148/3534/3534 1102/3535/3535 1112/3533/3533
f 2147/3532/3532 1112/3533/3533 1114/3531/3531
f 2146/3530/3530 1114/3531/3531 1128/3529/3529
f 2145/3528/3528 1128/3529/3529 1127/3527/3527
f 2144/3526/3526 1127/3527/3527 1120/3525/3525
f 2143/3524/3524 1120/3525/3525 1129/3523/3523
f 2142/3522/3522 1129/3523/3523 1131/3521/3521
f 2141/3520/3520 1131/3521/3521 1130/3519/3519
f 2140/3518/3518 1130/3519/3519 1137/3517/3517
f 2139/3516/3516 1137/3517/3517 1136/3515/3515
f 2138/3514/3514 1136/3515/3515 1145/3510/3510
f 2136/3512/3512 2137/3513/3513 1145/3510/3510
f 2135/3509/3509 1144/3511/3511 1143/3508/3508
f 2134/3507/3507 1143/3508/3508 1142/3506/3506
f 2133/3505/3505 1142/3506/3506 1146/3504/3504
f 2132/3503/3503 1146/3504/3504 1183/3502/3502
f 2131/3501/3501 1183/3502/3502 1184/3500/3500
f 2130/3499/3499 1184/3500/3500 1186/3498/3498
f 2129/3497/3497 1186/3498/3498 1185/3496/3496
f 2128/3495/3495 1185/3496/3496 1164/3494/3494
f 2127/3493/3493 1164/3494/3494 1163/3492/3492
f 2126/3491/3491 1163/3492/3492 1156/3490/3490
f 2125/3489/3489 1156/3490/3490 1148/3488/3488
f 2124/3487/3487 1148/3488/3488 1147/3486/3486
f 2123/3485/3485 1147/3486/3486 1150/3484/3484
f 2122/3483/3483 1150/3484/3484 1149/3482/3482
f 2121/3481/3481 1149/3482/3482 1166/3480/3480
f 2120/3479/3479 1166/3480/3480 1165/3478/3478
f 2119/3477/3477 1165/3478/3478 1158/3476/3476
f 2118/3475/3475 1158/3476/3476 1157/3474/3474
f 2117/3473/3473 1157/3474/3474 1159/3472/3472
f 2116/3471/3471 1159/3472/3472 1152/3470/3470
f 2115/3469/3469 1152/3470/3470 1151/3468/3468
f 2114/3467/3467 1151/3468/3468 1179/3466/3466
f 2113/3465/3465 1179/3466/3466 1178/3464/3464
f 2112/3463/3463 1178/3464/3464 1174/3462/3462
f 2111/3461/3461 1174/3462/3462 1173/3460/3460
f 2110/3459/3459 1173/3460/3460 1180/3458/3458
f 2109/3457/3457 1180/3458/3458 1175/3456/3456
f 2108/3455/3455 1175/3456/3456 1167/3454/3454
f 2107/3453/3453 1167/3454/3454 1181/3452/3452
f 2106/3451/3451 1181/3452/3452 1138/3450/3450
f 2105/3449/3449 1138/3450/3450 1134/3448/3448
f 2104/3447/3447 1134/3448/3448 1133/3446/3446
f 2103/3445/3445 1133/3446/3446 1140/3444/3444
f 2102/3443/3443 1140/3444/3444 1139/3441/3441
f 2116/3586/3586 2174/3587/3587 2175/3588/3588
f 2116/3586/3586 2115/3589/3589 2176/3590/3590
f 2130/3591/3591 2177/3592/3592 2178/3593/3593
f 2129/3594/3594 2179/3595/3595 2177/3592/3592
f 2126/3596/3596 2180/3597/3597 2181/3598/3598
f 2126/3596/3596 2125/3599/3599 2182/3600/3600
f 2122/3601/3601 2183/3602/3602 2184/3603/3603
f 2122/3601/3601 2121/3604/3604 2185/3605/3605
f 2176/3590/3590 2174/3587/3587 2116/3586/3586
f 2115/3589/3589 2114/3606/3606 2186/3607/3607
f 2109/3608/3608 2108/3609/3609 2187/3610/3610
f 2108/3609/3609 2107/3611/3611 2188/3612/3612
f 2153/3613/3613 2189/3614/3614 2190/3615/3615
f 2153/3613/3613 2152/3616/3616 2191/3617/3617
f 2136/3618/3618 2192/3619/3619 2193/3620/3620
f 2134/3621/3621 2194/3622/3622 2195/3623/3623
f 2177/3592/3592 2130/3591/3591 2129/3594/3594
f 2129/3594/3594 2128/3624/3624 2196/3625/3625
f 2182/3600/3600 2180/3597/3597 2126/3596/3596
f 2125/3599/3599 2124/3626/3626 2197/3627/3627
f 2123/3628/3628 2184/3603/3603 2197/3627/3627
f 2185/3605/3605 2183/3602/3602 2122/3601/3601
f 2186/3607/3607 2176/3590/3590 2115/3589/3589
f 2113/3629/3629 2198/3630/3630 2186/3607/3607
f 2112/3631/3631 2199/3632/3632 2198/3630/3630
f 2112/3631/3631 2111/3633/3633 2200/3634/3634
f 2109/3608/3608 2201/3635/3635 2202/3636/3636
f 2188/3612/3612 2187/3610/3610 2108/3609/3609
f 2167/3637/3637 2203/3638/3638 2204/3639/3639
f 2166/3640/3640 2205/3641/3641 2203/3638/3638
f 2159/3642/3642 2206/3643/3643 2207/3644/3644
f 2159/3642/3642 2158/3645/3645 2208/3646/3646
f 2191/3617/3617 2189/3614/3614 2153/3613/3613
f 2152/3616/3616 2151/3647/3647 2209/3648/3648
f 2146/3649/3649 2145/3650/3650 2210/3651/3651
f 2145/3650/3650 2144/3652/3652 2211/3653/3653
f 2193/3620/3620 2137/3654/3654 2136/3618/3618
f 2195/3623/3623 2135/3655/3655 2134/3621/3621
f 2196/3625/3625 2179/3595/3595 2129/3594/3594
f 2128/3624/3624 2127/3656/3656 2181/3598/3598
f 2197/3627/3627 2182/3600/3600 2125/3599/3599
f 2184/3603/3603 2123/3628/3628 2122/3601/3601
f 2186/3607/3607 2114/3606/3606 2113/3629/3629
f 2200/3634/3634 2199/3632/3632 2112/3631/3631
f 2110/3657/3657 2202/3636/3636 2200/3634/3634
f 2187/3610/3610 2201/3635/3635 2109/3608/3608
f 2203/3638/3638 2167/3637/3637 2166/3640/3640
f 2166/3640/3640 2165/3658/3658 2212/3659/3659
f 2165/3658/3658 2164/3660/3660 2213/3661/3661
f 2164/3660/3660 2163/3662/3662 2214/3663/3663
f 2162/3664/3664 2215/3665/3665 2214/3663/3663
f 2162/3664/3664 2161/3666/3666 2216/3667/3667
f 2160/3668/3668 2207/3644/3644 2216/3667/3667
f 2208/3646/3646 2206/3643/3643 2159/3642/3642
f 2209/3648/3648 2191/3617/3617 2152/3616/3616
f 2150/3669/3669 2217/3670/3670 2209/3648/3648
f 2149/3671/3671 2218/3672/3672 2217/3670/3670
f 2149/3671/3671 2148/3673/3673 2219/3674/3674
f 2146/3649/3649 2220/3675/3675 2221/3676/3676
f 2211/3653/3653 2210/3651/3651 2145/3650/3650
f 2195/3623/3623 2192/3619/3619 2135/3655/3655
f 2133/3677/3677 2222/3678/3678 2194/3622/3622
f 2181/3598/3598 2196/3625/3625 2128/3624/3624
f 2197/3627/3627 2124/3626/3626 2123/3628/3628
f 2120/3679/3679 2223/3680/3680 2185/3605/3605
f 2120/3679/3679 2119/3681/3681 2224/3682/3682
f 2118/3683/3683 2225/3684/3684 2224/3682/3682
f 2118/3683/3683 2117/3685/3685 2175/3588/3588
f 2198/3630/3630 2113/3629/3629 2112/3631/3631
f 2202/3636/3636 2110/3657/3657 2109/3608/3608
f 2212/3659/3659 2205/3641/3641 2166/3640/3640
f 2214/3663/3663 2213/3661/3661 2164/3660/3660
f 2216/3667/3667 2215/3665/3665 2162/3664/3664
f 2207/3644/3644 2160/3668/3668 2159/3642/3642
f 2209/3648/3648 2151/3647/3647 2150/3669/3669
f 2219/3674/3674 2218/3672/3672 2149/3671/3671
f 2147/3686/3686 2221/3676/3676 2219/3674/3674
f 2210/3651/3651 2220/3675/3675 2146/3649/3649
f 2194/3622/3622 2134/3621/3621 2133/3677/3677
f 2133/3677/3677 2132/3687/3687 2226/3688/3688
f 2181/3598/3598 2127/3656/3656 2126/3596/3596
f 2224/3682/3682 2223/3680/3680 2120/3679/3679
f 2175/3588/3588 2225/3684/3684 2118/3683/3683
f 2200/3634/3634 2111/3633/3633 2110/3657/3657
f 2213/3661/3661 2212/3659/3659 2165/3658/3658
f 2216/3667/3667 2161/3666/3666 2160/3668/3668
f 2157/3689/3689 2227/3690/3690 2208/3646/3646
f 2157/3689/3689 2156/3691/3691 2228/3692/3692
f 2155/3693/3693 2229/3694/3694 2228/3692/3692
f 2155/3693/3693 2154/3695/3695 2190/3615/3615
f 2217/3670/3670 2150/3669/3669 2149/3671/3671
f 2221/3676/3676 2147/3686/3686 2146/3649/3649
f 2226/3688/3688 2222/3678/3678 2133/3677/3677
f 2132/3687/3687 2131/3696/3696 2178/3593/3593
f 2185/3605/3605 2121/3604/3604 2120/3679/3679
f 2175/3588/3588 2117/3685/3685 2116/3586/3586
f 2105/3697/3697 2230/3698/3698 2231/3699/3699
f 2105/3697/3697 2104/3700/3700 2232/3701/3701
f 2214/3663/3663 2163/3662/3662 2162/3664/3664
f 2228/3692/3692 2227/3690/3690 2157/3689/3689
f 2190/3615/3615 2229/3694/3694 2155/3693/3693
f 2219/3674/3674 2148/3673/3673 2147/3686/3686
f 2178/3593/3593 2226/3688/3688 2132/3687/3687
f 2224/3682/3682 2119/3681/3681 2118/3683/3683
f 2106/3702/3702 2231/3699/3699 2188/3612/3612
f 2232/3701/3701 2230/3698/3698 2105/3697/3697
f 2103/3703/3703 2233/3704/3704 2232/3701/3701
f 2103/3703/3703 2102/3705/3705 2234/3706/3706
f 2101/3707/3707 2235/3708/3708 2234/3706/3706
f 2101/3707/3707 2173/3709/3709 2236/3710/3710
f 2208/3646/3646 2158/3645/3645 2157/3689/3689
f 2190/3615/3615 2154/3695/3695 2153/3613/3613
f 2178/3593/3593 2131/3696/3696 2130/3591/3591
f 2231/3699/3699 2106/3702/3702 2105/3697/3697
f 2234/3706/3706 2233/3704/3704 2103/3703/3703
f 2236/3710/3710 2235/3708/3708 2101/3707/3707
f 2172/3711/3711 2237/3712/3712 2236/3710/3710
f 2172/3711/3711 2171/3713/3713 2238/3714/3714
f 2170/3715/3715 2239/3716/3716 2238/3714/3714
f 2170/3715/3715 2169/3717/3717 2240/3718/3718
f 2168/3719/3719 2204/3639/3639 2240/3718/3718
f 2228/3692/3692 2156/3691/3691 2155/3693/3693
f 2142/3720/3720 2241/3721/3721 2242/3722/3722
f 2142/3720/3720 2141/3723/3723 2243/3724/3724
f 2138/3725/3725 2137/3654/3654 2193/3620/3620
f 2188/3612/3612 2107/3611/3611 2106/3702/3702
f 2234/3706/3706 2102/3705/3705 2101/3707/3707
f 2238/3714/3714 2237/3712/3712 2172/3711/3711
f 2240/3718/3718 2239/3716/3716 2170/3715/3715
f 2204/3639/3639 2168/3719/3719 2167/3637/3637
f 2143/3726/3726 2242/3722/3722 2211/3653/3653
f 2243/3724/3724 2241/3721/3721 2142/3720/3720
f 2136/3618/3618 2135/3655/3655 2192/3619/3619
f 2236/3710/3710 2173/3709/3709 2172/3711/3711
f 2240/3718/3718 2169/3717/3717 2168/3719/3719
f 2242/3722/3722 2143/3726/3726 2142/3720/3720
f 2140/3727/3727 2244/3728/3728 2243/3724/3724
f 2140/3727/3727 2139/3729/3729 2245/3730/3730
f 2232/3701/3701 2104/3700/3700 2103/3703/3703
f 2211/3653/3653 2144/3652/3652 2143/3726/3726
f 2245/3730/3730 2244/3728/3728 2140/3727/3727
f 2138/3725/3725 2246/3731/3731 2245/3730/3730
f 2238/3714/3714 2171/3713/3713 2170/3715/3715
f 2245/3730/3730 2139/3729/3729 2138/3725/3725
f 2243/3724/3724 2141/3723/3723 2140/3727/3727
f 2193/3620/3620 2246/3731/3731 2138/3725/3725
f 2247/3732/3732 2248/3733/3733 2235/3734/3734
f 2249/3735/3735 2247/3732/3732 2236/3736/3736
f 2250/3737/3737 2249/3735/3735 2237/3738/3738
f 2251/3739/3739 2250/3737/3737 2238/3740/3740
f 2252/3741/3741 2251/3739/3739 2239/3742/3742
f 2253/3743/3743 2252/3741/3741 2240/3744/3744
f 2254/3745/3745 2253/3743/3743 2204/3746/3746
f 2255/3747/3747 2254/3745/3745 2203/3748/3748
f 2256/3749/3749 2255/3747/3747 2205/3750/3750
f 2257/3751/3751 2256/3749/3749 2212/3752/3752
f 2258/3753/3753 2257/3751/3751 2213/3754/3754
f 2259/3755/3755 2258/3753/3753 2214/3756/3756
f 2260/3757/3757 2259/3755/3755 2215/3758/3758
f 2261/3759/3759 2260/3757/3757 2216/3760/3760
f 2262/3761/3761 2261/3759/3759 2207/3762/3762
f 2263/3763/3763 2262/3761/3761 2206/3764/3764
f 2264/3765/3765 2263/3763/3763 2208/3766/3766
f 2265/3767/3767 2264/3765/3765 2227/3768/3768
f 2266/3769/3769 2265/3767/3767 2228/3770/3770
f 2267/3771/3771 2266/3769/3769 2229/3772/3772
f 2268/3773/3773 2267/3771/3771 2190/3774/3774
f 2269/3775/3775 2268/3773/3773 2189/3776/3776
f 2270/3777/3777 2269/3775/3775 2191/3778/3778
f 2271/3779/3779 2270/3777/3777 2209/3780/3780
f 2272/3781/3781 2271/3779/3779 2217/3782/3782
f 2273/3783/3783 2272/3781/3781 2218/3784/3784
f 2274/3785/3785 2273/3783/3783 2219/3786/3786
f 2275/3787/3787 2274/3785/3785 2221/3788/3788
f 2276/3789/3789 2275/3787/3787 2220/3790/3790
f 2277/3791/3791 2276/3789/3789 2210/3792/3792
f 2278/3793/3793 2277/3791/3791 2211/3794/3794
f 2279/3795/3795 2278/3793/3793 2242/3796/3796
f 2280/3797/3797 2279/3795/3795 2241/3798/3798
f 2281/3799/3799 2280/3797/3797 2243/3800/3800
f 2282/3801/3801 2281/3799/3799 2244/3802/3802
f 2283/3803/3803 2282/3801/3801 2245/3804/3804
f 2284/3805/3805 2283/3803/3803 2246/3806/3806
f 2285/3807/3807 2284/3805/3805 2193/3808/3808
f 2286/3809/3809 2287/3810/3810 2195/3811/3811
f 2192/3812/3812 2195/3811/3811 2287/3810/3810
f 2287/3810/3810 2285/3807/3807 2192/3812/3812
f 2288/3813/3813 2286/3809/3809 2194/3814/3814
f 2289/3815/3815 2288/3813/3813 2222/3816/3816
f 2290/3817/3817 2289/3815/3815 2226/3818/3818
f 2291/3819/3819 2290/3817/3817 2178/3820/3820
f 2292/3821/3821 2291/3819/3819 2177/3822/3822
f 2293/3823/3823 2292/3821/3821 2179/3824/3824
f 2294/3825/3825 2293/3823/3823 2196/3826/3826
f 2295/3827/3827 2294/3825/3825 2181/3828/3828
f 2296/3829/3829 2295/3827/3827 2180/3830/3830
f 2297/3831/3831 2296/3829/3829 2182/3832/3832
f 2298/3833/3833 2297/3831/3831 2197/3834/3834
f 2299/3835/3835 2298/3833/3833 2184/3836/3836
f 2300/3837/3837 2299/3835/3835 2183/3838/3838
f 2301/3839/3839 2300/3837/3837 2185/3840/3840
f 2302/3841/3841 2301/3839/3839 2223/3842/3842
f 2303/3843/3843 2302/3841/3841 2224/3844/3844
f 2304/3845/3845 2303/3843/3843 2225/3846/3846
f 2305/3847/3847 2304/3845/3845 2175/3848/3848
f 2306/3849/3849 2305/3847/3847 2174/3850/3850
f 2307/3851/3851 2306/3849/3849 2176/3852/3852
f 2308/3853/3853 2307/3851/3851 2186/3854/3854
f 2309/3855/3855 2308/3853/3853 2198/3856/3856
f 2310/3857/3857 2309/3855/3855 2199/3858/3858
f 2311/3859/3859 2310/3857/3857 2200/3860/3860
f 2312/3861/3861 2311/3859/3859 2202/3862/3862
f 2313/3863/3863 2312/3861/3861 2201/3864/3864
f 2314/3865/3865 2313/3863/3863 2187/3866/3866
f 2315/3867/3867 2314/3865/3865 2188/3868/3868
f 2316/3869/3869 2315/3867/3867 2231/3870/3870
f 2317/3871/3871 2316/3869/3869 2230/3872/3872
f 2318/3873/3873 2317/3871/3871 2232/3874/3874
f 2319/3875/3875 2318/3873/3873 2233/3876/3876
f 2248/3733/3733 2319/3875/3875 2234/3877/3877
f 2234/3877/3877 2235/3734/3734 2248/3733/3733
f 2233/3876/3876 2234/3877/3877 2319/3875/3875
f 2232/3874/3874 2233/3876/3876 2318/3873/3873
f 2230/3872/3872 2232/3874/3874 2317/3871/3871
f 2231/3870/3870 2230/3872/3872 2316/3869/3869
f 2188/3868/3868 2231/3870/3870 2315/3867/3867
f 2187/3866/3866 2188/3868/3868 2314/3865/3865
f 2201/3864/3864 2187/3866/3866 2313/3863/3863
f 2202/3862/3862 2201/3864/3864 2312/3861/3861
f 2200/3860/3860 2202/3862/3862 2311/3859/3859
f 2199/3858/3858 2200/3860/3860 2310/3857/3857
f 2198/3856/3856 2199/3858/3858 2309/3855/3855
f 2186/3854/3854 2198/3856/3856 2308/3853/3853
f 2176/3852/3852 2186/3854/3854 2307/3851/3851
f 2174/3850/3850 2176/3852/3852 2306/3849/3849
f 2175/3848/3848 2174/3850/3850 2305/3847/3847
f 2225/3846/3846 2175/3848/3848 2304/3845/3845
f 2224/3844/3844 2225/3846/3846 2303/3843/3843
f 2223/3842/3842 2224/3844/3844 2302/3841/3841
f 2185/3840/3840 2223/3842/3842 2301/3839/3839
f 2183/3838/3838 2185/3840/3840 2300/3837/3837
f 2184/3836/3836 2183/3838/3838 2299/3835/3835
f 2197/3834/3834 2184/3836/3836 2298/3833/3833
f 2182/3832/3832 2197/3834/3834 2297/3831/3831
f 2180/3830/3830 2182/3832/3832 2296/3829/3829
f 2181/3828/3828 2180/3830/3830 2295/3827/3827
f 2196/3826/3826 2181/3828/3828 2294/3825/3825
f 2179/3824/3824 2196/3826/3826 2293/3823/3823
f 2177/3822/3822 2179/3824/3824 2292/3821/3821
f 2178/3820/3820 2177/3822/3822 2291/3819/3819
f 2226/3818/3818 2178/3820/3820 2290/3817/3817
f 2222/3816/3816 2226/3818/3818 2289/3815/3815
f 2194/3814/3814 2222/3816/3816 2288/3813/3813
f 2195/3811/3811 2194/3814/3814 2286/3809/3809
f 2193/3808/3808 2192/3812/3812 2285/3807/3807
f 2246/3806/3806 2193/3808/3808 2284/3805/3805
f 2245/3804/3804 2246/3806/3806 2283/3803/3803
f 2244/3802/3802 2245/3804/3804 2282/3801/3801
f 2243/3800/3800 2244/3802/3802 2281/3799/3799
f 2241/3798/3798 2243/3800/3800 2280/3797/3797
f 2242/3796/3796 2241/3798/3798 2279/3795/3795
f 2211/3794/3794 2242/3796/3796 2278/3793/3793
f 2210/3792/3792 2211/3794/3794 2277/3791/3791
f 2220/3790/3790 2210/3792/3792 2276/3789/3789
f 2221/3788/3788 2220/3790/3790 2275/3787/3787
f 2219/3786/3786 2221/3788/3788 2274/3785/3785
f 2218/3784/3784 2219/3786/3786 2273/3783/3783
f 2217/3782/3782 2218/3784/3784 2272/3781/3781
f 2209/3780/3780 2217/3782/3782 2271/3779/3779
f 2191/3778/3778 2209/3780/3780 2270/3777/3777
f 2189/3776/3776 2191/3778/3778 2269/3775/3775
f 2190/3774/3774 2189/3776/3776 2268/3773/3773
f 2229/3772/3772 2190/3774/3774 2267/3771/3771
f 2228/3770/3770 2229/3772/3772 2266/3769/3769
f 2227/3768/3768 2228/3770/3770 2265/3767/3767
f 2208/3766/3766 2227/3768/3768 2264/3765/3765
f 2206/3764/3764 2208/3766/3766 2263/3763/3763
f 2207/3762/3762 2206/3764/3764 2262/3761/3761
f 2216/3760/3760 2207/3762/3762 2261/3759/3759
f 2215/3758/3758 2216/3760/3760 2260/3757/3757
f 2214/3756/3756 2215/3758/3758 2259/3755/3755
f 2213/3754/3754 2214/3756/3756 2258/3753/3753
f 2212/3752/3752 2213/3754/3754 2257/3751/3751
f 2205/3750/3750 2212/3752/3752 2256/3749/3749
f 2203/3748/3748 2205/3750/3750 2255/3747/3747
f 2204/3746/3746 2203/3748/3748 2254/3745/3745
f 2240/3744/3744 2204/3746/3746 2253/3743/3743
f 2239/3742/3742 2240/3744/3744 2252/3741/3741
f 2238/3740/3740 2239/3742/3742 2251/3739/3739
f 2237/3738/3738 2238/3740/3740 2250/3737/3737
f 2236/3736/3736 2237/3738/3738 2249/3735/3735
f 2235/3734/3734 2236/3736/3736 2247/3732/3732
f 2273/3878/3878 2320/3879/3879 2321/3880/3880
f 2273/3878/3878 2274/3881/3881 2322/3882/3882
f 2322/3882/3882 2320/3879/3879 2273/3878/3878
f 2275/3883/3883 2323/3884/3884 2322/3882/3882
f 2276/3885/3885 2324/3886/3886 2323/3884/3884
f 2276/3885/3885 2277/3887/3887 2325/3888/3888
f 2271/3889/3889 2326/3890/3890 2327/3891/3891
f 2271/3889/3889 2272/3892/3892 2321/3880/3880
f 2322/3882/3882 2274/3881/3881 2275/3883/3883
f 2325/3888/3888 2324/3886/3886 2276/3885/3885
f 2257/3893/3893 2328/3894/3894 2329/3895/3895
f 2257/3893/3893 2258/3896/3896 2330/3897/3897
f 2261/3898/3898 2331/3899/3899 2332/3900/3900
f 2261/3898/3898 2262/3901/3901 2333/3902/3902
f 2264/3903/3903 2334/3904/3904 2335/3905/3905
f 2264/3903/3903 2265/3906/3906 2336/3907/3907
f 2266/3908/3908 2337/3909/3909 2336/3907/3907
f 2266/3908/3908 2267/3910/3910 2338/3911/3911
f 2268/3912/3912 2339/3913/3913 2338/3911/3911
f 2268/3912/3912 2269/3914/3914 2340/3915/3915
f 2321/3880/3880 2326/3890/3890 2271/3889/3889
f 2323/3884/3884 2275/3883/3883 2276/3885/3885
f 2294/3916/3916 2341/3917/3917 2342/3918/3918
f 2294/3916/3916 2295/3919/3919 2343/3920/3920
f 2310/3921/3921 2344/3922/3922 2345/3923/3923
f 2310/3921/3921 2311/3924/3924 2346/3925/3925
f 2254/3926/3926 2347/3927/3927 2348/3928/3928
f 2254/3926/3926 2255/3929/3929 2349/3930/3930
f 2255/3929/3929 2256/3931/3931 2329/3895/3895
f 2330/3897/3897 2328/3894/3894 2257/3893/3893
f 2259/3932/3932 2350/3933/3933 2330/3897/3897
f 2259/3932/3932 2260/3934/3934 2332/3900/3900
f 2333/3902/3902 2331/3899/3899 2261/3898/3898
f 2262/3901/3901 2263/3935/3935 2335/3905/3905
f 2336/3907/3907 2334/3904/3904 2264/3903/3903
f 2338/3911/3911 2337/3909/3909 2266/3908/3908
f 2340/3915/3915 2339/3913/3913 2268/3912/3912
f 2269/3914/3914 2270/3936/3936 2327/3891/3891
f 2321/3880/3880 2272/3892/3892 2273/3878/3878
f 2277/3887/3887 2278/3937/3937 2351/3938/3938
f 2291/3939/3939 2352/3940/3940 2353/3941/3941
f 2291/3939/3939 2292/3942/3942 2354/3943/3943
f 2292/3942/3942 2293/3944/3944 2342/3918/3918
f 2343/3920/3920 2341/3917/3917 2294/3916/3916
f 2296/3945/3945 2355/3946/3946 2343/3920/3920
f 2296/3945/3945 2297/3947/3947 2356/3948/3948
f 2346/3925/3925 2344/3922/3922 2310/3921/3921
f 2312/3949/3949 2357/3950/3950 2346/3925/3925
f 2313/3951/3951 2358/3952/3952 2357/3950/3950
f 2313/3951/3951 2314/3953/3953 2359/3954/3954
f 2253/3955/3955 2348/3928/3928 2360/3956/3956
f 2349/3930/3930 2347/3927/3927 2254/3926/3926
f 2329/3895/3895 2256/3931/3931 2257/3893/3893
f 2332/3900/3900 2350/3933/3933 2259/3932/3932
f 2335/3905/3905 2333/3902/3902 2262/3901/3901
f 2336/3907/3907 2265/3906/3906 2266/3908/3908
f 2327/3891/3891 2340/3915/3915 2269/3914/3914
f 2351/3938/3938 2325/3888/3888 2277/3887/3887
f 2290/3957/3957 2353/3941/3941 2361/3958/3958
f 2354/3943/3943 2352/3940/3940 2291/3939/3939
f 2342/3918/3918 2293/3944/3944 2294/3916/3916
f 2356/3948/3948 2355/3946/3946 2296/3945/3945
f 2299/3959/3959 2362/3960/3960 2363/3961/3961
f 2299/3959/3959 2300/3962/3962 2364/3963/3963
f 2308/3964/3964 2365/3965/3965 2366/3966/3966
f 2308/3964/3964 2309/3967/3967 2345/3923/3923
f 2346/3925/3925 2311/3924/3924 2312/3949/3949
f 2359/3954/3954 2358/3952/3952 2313/3951/3951
f 2348/3928/3928 2253/3955/3955 2254/3926/3926
f 2330/3897/3897 2258/3896/3896 2259/3932/3932
f 2335/3905/3905 2263/3935/3935 2264/3903/3903
f 2327/3891/3891 2270/3936/3936 2271/3889/3889
f 2353/3941/3941 2290/3957/3957 2291/3939/3939
f 2343/3920/3920 2295/3919/3919 2296/3945/3945
f 2298/3968/3968 2363/3961/3961 2356/3948/3948
f 2364/3963/3963 2362/3960/3960 2299/3959/3959
f 2301/3969/3969 2367/3970/3970 2364/3963/3963
f 2301/3969/3969 2302/3971/3971 2368/3972/3972
f 2303/3973/3973 2369/3974/3974 2368/3972/3972
f 2303/3973/3973 2304/3975/3975 2370/3976/3976
f 2305/3977/3977 2371/3978/3978 2370/3976/3976
f 2305/3977/3977 2306/3979/3979 2372/3980/3980
f 2345/3923/3923 2365/3965/3965 2308/3964/3964
f 2357/3950/3950 2312/3949/3949 2313/3951/3951
f 2251/3981/3981 2373/3982/3982 2374/3983/3983
f 2251/3981/3981 2252/3984/3984 2360/3956/3956
f 2329/3895/3895 2349/3930/3930 2255/3929/3929
f 2338/3911/3911 2267/3910/3910 2268/3912/3912
f 2342/3918/3918 2354/3943/3943 2292/3942/3942
f 2363/3961/3961 2298/3968/3968 2299/3959/3959
f 2368/3972/3972 2367/3970/3970 2301/3969/3969
f 2370/3976/3976 2369/3974/3974 2303/3973/3973
f 2372/3980/3980 2371/3978/3978 2305/3977/3977
f 2306/3979/3979 2307/3985/3985 2366/3966/3966
f 2345/3923/3923 2309/3967/3967 2310/3921/3921
f 2314/3953/3953 2315/3986/3986 2375/3987/3987
f 2360/3956/3956 2373/3982/3982 2251/3981/3981
f 2332/3900/3900 2260/3934/3934 2261/3898/3898
f 2279/3988/3988 2376/3989/3989 2351/3938/3938
f 2279/3988/3988 2280/3990/3990 2377/3991/3991
f 2356/3948/3948 2297/3947/3947 2298/3968/3968
f 2368/3972/3972 2302/3971/3971 2303/3973/3973
f 2366/3966/3966 2372/3980/3980 2306/3979/3979
f 2375/3987/3987 2359/3954/3954 2314/3953/3953
f 2360/3956/3956 2252/3984/3984 2253/3955/3955
f 2377/3991/3991 2376/3989/3989 2279/3988/3988
f 2364/3963/3963 2300/3962/3962 2301/3969/3969
f 2366/3966/3966 2307/3985/3985 2308/3964/3964
f 2316/3992/3992 2378/3993/3993 2375/3987/3987
f 2316/3992/3992 2317/3994/3994 2379/3995/3995
f 2318/3996/3996 2380/3997/3997 2379/3995/3995
f 2318/3996/3996 2319/3998/3998 2381/3999/3999
f 2247/4000/4000 2382/4001/4001 2383/4002/4002
f 2247/4000/4000 2249/4003/4003 2384/4004/4004
f 2250/4005/4005 2374/3983/3983 2384/4004/4004
f 2351/3938/3938 2278/3937/3937 2279/3988/3988
f 2288/4006/4006 2385/4007/4007 2386/4008/4008
f 2288/4006/4006 2289/4009/4009 2361/3958/3958
f 2370/3976/3976 2304/3975/3975 2305/3977/3977
f 2379/3995/3995 2378/3993/3993 2316/3992/3992
f 2381/3999/3999 2380/3997/3997 2318/3996/3996
f 2319/3998/3998 2248/4010/4010 2383/4002/4002
f 2384/4004/4004 2382/4001/4001 2247/4000/4000
f 2374/3983/3983 2250/4005/4005 2251/3981/3981
f 2287/4011/4011 2286/4012/4012 2386/4008/4008
f 2361/3958/3958 2385/4007/4007 2288/4006/4006
f 2375/3987/3987 2315/3986/3986 2316/3992/3992
f 2383/4002/4002 2381/3999/3999 2319/3998/3998
f 2384/4004/4004 2249/4003/4003 2250/4005/4005
f 2281/4013/4013 2387/4014/4014 2377/3991/3991
f 2281/4013/4013 2282/4015/4015 2388/4016/4016
f 2285/4017/4017 2389/4018/4018 2390/4019/4019
f 2389/4018/4018 2285/4017/4017 2287/4011/4011
f 2361/3958/3958 2289/4009/4009 2290/3957/3957
f 2383/4002/4002 2248/4010/4010 2247/4000/4000
f 2388/4016/4016 2387/4014/4014 2281/4013/4013
f 2282/4015/4015 2283/4020/4020 2391/4021/4021
f 2284/4022/4022 2390/4019/4019 2391/4021/4021
f 2386/4008/4008 2389/4018/4018 2287/4011/4011
f 2379/3995/3995 2317/3994/3994 2318/3996/3996
f 2391/4021/4021 2388/4016/4016 2282/4015/4015
f 2390/4019/4019 2284/4022/4022 2285/4017/4017
f 2377/3991/3991 2280/3990/3990 2281/4013/4013
f 2386/4008/4008 2286/4012/4012 2288/4006/4006
f 2391/4021/4021 2283/4020/4020 2284/4022/4022
f 2388/4023/4023 2391/4024/4024 2392/4025/4025
f 2387/4026/4026 2388/4023/4023 2393/4027/4027
f 2377/4028/4028 2387/4026/4026 2394/4029/4029
f 2376/4030/4030 2377/4028/4028 2395/4031/4031
f 2351/4032/4032 2376/4030/4030 2396/4033/4033
f 2325/4034/4034 2351/4032/4032 2397/4035/4035
f 2324/4036/4036 2325/4034/4034 2398/4037/4037
f 2323/4038/4038 2324/4036/4036 2399/4039/4039
f 2322/4040/4040 2323/4038/4038 2400/4041/4041
f 2320/4042/4042 2322/4040/4040 2401/4043/4043
f 2321/4044/4044 2320/4042/4042 2402/4045/4045
f 2326/4046/4046 2321/4044/4044 2403/4047/4047
f 2327/4048/4048 2326/4046/4046 2404/4049/4049
f 2340/4050/4050 2327/4048/4048 2405/4051/4051
f 2339/4052/4052 2340/4050/4050 2406/4053/4053
f 2338/4054/4054 2339/4052/4052 2407/4055/4055
f 2337/4056/4056 2338/4054/4054 2408/4057/4057
f 2336/4058/4058 2337/4056/4056 2409/4059/4059
f 2334/4060/4060 2336/4058/4058 2410/4061/4061
f 2335/4062/4062 2334/4060/4060 2411/4063/4063
f 2333/4064/4064 2335/4062/4062 2412/4065/4065
f 2331/4066/4066 2333/4064/4064 2413/4067/4067
f 2332/4068/4068 2331/4066/4066 2414/4069/4069
f 2350/4070/4070 2332/4068/4068 2415/4071/4071
f 2330/4072/4072 2350/4070/4070 2416/4073/4073
f 2328/4074/4074 2330/4072/4072 2417/4075/4075
f 2329/4076/4076 2328/4074/4074 2418/4077/4077
f 2349/4078/4078 2329/4076/4076 2419/4079/4079
f 2347/4080/4080 2349/4078/4078 2420/4081/4081
f 2348/4082/4082 2347/4080/4080 2421/4083/4083
f 2360/4084/4084 2348/4082/4082 2422/4085/4085
f 2373/4086/4086 2360/4084/4084 2423/4087/4087
f 2374/4088/4088 2373/4086/4086 2424/4089/4089
f 2384/4090/4090 2374/4088/4088 2425/4091/4091
f 2382/4092/4092 2384/4090/4090 2426/4093/4093
f 2383/4094/4094 2382/4092/4092 2427/4095/4095
f 2381/4096/4096 2383/4094/4094 2428/4097/4097
f 2380/4098/4098 2381/4096/4096 2429/4099/4099
f 2379/4100/4100 2380/4098/4098 2430/4101/4101
f 2378/4102/4102 2379/4100/4100 2431/4103/4103
f 2375/4104/4104 2378/4102/4102 2432/4105/4105
f 2359/4106/4106 2375/4104/4104 2433/4107/4107
f 2358/4108/4108 2359/4106/4106 2434/4109/4109
f 2357/4110/4110 2358/4108/4108 2435/4111/4111
f 2346/4112/4112 2357/4110/4110 2436/4113/4113
f 2344/4114/4114 2346/4112/4112 2437/4115/4115
f 2345/4116/4116 2344/4114/4114 2438/4117/4117
f 2365/4118/4118 2345/4116/4116 2439/4119/4119
f 2366/4120/4120 2365/4118/4118 2440/4121/4121
f 2372/4122/4122 2366/4120/4120 2441/4123/4123
f 2371/4124/4124 2372/4122/4122 2442/4125/4125
f 2370/4126/4126 2371/4124/4124 2443/4127/4127
f 2369/4128/4128 2370/4126/4126 2444/4129/4129
f 2368/4130/4130 2369/4128/4128 2445/4131/4131
f 2367/4132/4132 2368/4130/4130 2446/4133/4133
f 2364/4134/4134 2367/4132/4132 2447/4135/4135
f 2362/4136/4136 2364/4134/4134 2448/4137/4137
f 2363/4138/4138 2362/4136/4136 2449/4139/4139
f 2356/4140/4140 2363/4138/4138 2450/4141/4141
f 2355/4142/4142 2356/4140/4140 2451/4143/4143
f 2343/4144/4144 2355/4142/4142 2452/4145/4145
f 2341/4146/4146 2343/4144/4144 2453/4147/4147
f 2342/4148/4148 2341/4146/4146 2454/4149/4149
f 2354/4150/4150 2342/4148/4148 2455/4151/4151
f 2352/4152/4152 2354/4150/4150 2456/4153/4153
f 2353/4154/4154 2352/4152/4152 2457/4155/4155
f 2361/4156/4156 2353/4154/4154 2458/4157/4157
f 2385/4158/4158 2361/4156/4156 2459/4159/4159
f 2386/4160/4160 2385/4158/4158 2460/4161/4161
f 2389/4162/4162 2386/4160/4160 2461/4163/4163
f 2390/4164/4164 2389/4162/4162 2462/4165/4165
f 2391/4024/4024 2390/4164/4164 2463/4166/4166
f 2463/4166/4166 2392/4025/4025 2391/4024/4024
f 2462/4165/4165 2463/4166/4166 2390/4164/4164
f 2461/4163/4163 2462/4165/4165 2389/4162/4162
f 2460/4161/4161 2461/4163/4163 2386/4160/4160
f 2459/4159/4159 2460/4161/4161 2385/4158/4158
f 2458/4157/4157 2459/4159/4159 2361/4156/4156
f 2457/4155/4155 2458/4157/4157 2353/4154/4154
f 2456/4153/4153 2457/4155/4155 2352/4152/4152
f 2455/4151/4151 2456/4153/4153 2354/4150/4150
f 2454/4149/4149 2455/4151/4151 2342/4148/4148
f 2453/4147/4147 2454/4149/4149 2341/4146/4146
f 2452/4145/4145 2453/4147/4147 2343/4144/4144
f 2451/4143/4143 2452/4145/4145 2355/4142/4142
f 2450/4141/4141 2451/4143/4143 2356/4140/4140
f 2449/4139/4139 2450/4141/4141 2363/4138/4138
f 2448/4137/4137 2449/4139/4139 2362/4136/4136
f 2447/4135/4135 2448/4137/4137 2364/4134/4134
f 2446/4133/4133 2447/4135/4135 2367/4132/4132
f 2445/4131/4131 2446/4133/4133 2368/4130/4130
f 2444/4129/4129 2445/4131/4131 2369/4128/4128
f 2443/4127/4127 2444/4129/4129 2370/4126/4126
f 2442/4125/4125 2443/4127/4127 2371/4124/4124
f 2441/4123/4123 2442/4125/4125 2372/4122/4122
f 2440/4121/4121 2441/4123/4123 2366/4120/4120
f 2439/4119/4119 2440/4121/4121 2365/4118/4118
f 2438/4117/4117 2439/4119/4119 2345/4116/4116
f 2437/4115/4115 2438/4117/4117 2344/4114/4114
f 2436/4113/4113 2437/4115/4115 2346/4112/4112
f 2435/4111/4111 2436/4113/4113 2357/4110/4110
f 2434/4109/4109 2435/4111/4111 2358/4108/4108
f 2433/4107/4107 2434/4109/4109 2359/4106/4106
f 2432/4105/4105 2433/4107/4107 2375/4104/4104
f 2431/4103/4103 2432/4105/4105 2378/4102/4102
f 2430/4101/4101 2431/4103/4103 2379/4100/4100
f 2429/4099/4099 2430/4101/4101 2380/4098/4098
f 2428/4097/4097 2429/4099/4099 2381/4096/4096
f 2427/4095/4095 2428/4097/4097 2383/4094/4094
f 2426/4093/4093 2427/4095/4095 2382/4092/4092
f 2425/4091/4091 2426/4093/4093 2384/4090/4090
f 2424/4089/4089 2425/4091/4091 2374/4088/4088
f 2423/4087/4087 2424/4089/4089 2373/4086/4086
f 2422/4085/4085 2423/4087/4087 2360/4084/4084
f 2421/4083/4083 2422/4085/4085 2348/4082/4082
f 2420/4081/4081 2421/4083/4083 2347/4080/4080
f 2419/4079/4079 2420/4081/4081 2349/4078/4078
f 2418/4077/4077 2419/4079/4079 2329/4076/4076
f 2417/4075/4075 2418/4077/4077 2328/4074/4074
f 2416/4073/4073 2417/4075/4075 2330/4072/4072
f 2415/4071/4071 2416/4073/4073 2350/4070/4070
f 2414/4069/4069 2415/4071/4071 2332/4068/4068
f 2413/4067/4067 2414/4069/4069 2331/4066/4066
f 2412/4065/4065 2413/4067/4067 2333/4064/4064
f 2411/4063/4063 2412/4065/4065 2335/4062/4062
f 2410/4061/4061 2411/4063/4063 2334/4060/4060
f 2409/4059/4059 2410/4061/4061 2336/4058/4058
f 2408/4057/4057 2409/4059/4059 2337/4056/4056
f 2407/4055/4055 2408/4057/4057 2338/4054/4054
f 2406/4053/4053 2407/4055/4055 2339/4052/4052
f 2405/4051/4051 2406/4053/4053 2340/4050/4050
f 2404/4049/4049 2405/4051/4051 2327/4048/4048
f 2403/4047/4047 2404/4049/4049 2326/4046/4046
f 2402/4045/4045 2403/4047/4047 2321/4044/4044
f 2401/4043/4043 2402/4045/4045 2320/4042/4042
f 2400/4041/4041 2401/4043/4043 2322/4040/4040
f 2399/4039/4039 2400/4041/4041 2323/4038/4038
f 2398/4037/4037 2399/4039/4039 2324/4036/4036
f 2397/4035/4035 2398/4037/4037 2325/4034/4034
f 2396/4033/4033 2397/4035/4035 2351/4032/4032
f 2395/4031/4031 2396/4033/4033 2376/4030/4030
f 2394/4029/4029 2395/4031/4031 2377/4028/4028
f 2393/4027/4027 2394/4029/4029 2387/4026/4026
f 2392/4025/4025 2393/4027/4027 2388/4023/4023
f 652/4167/4167 2464/4168/4168 2465/4169/4169
f 653/4170/4170 2465/4169/4169 2466/4171/4171
f 650/4172/4172 2466/4171/4171 2467/4173/4173
f 651/4174/4174 2467/4173/4173 2468/4175/4175
f 654/4176/4176 2468/4175/4175 2469/4177/4177
f 655/4178/4178 2469/4177/4177 2470/4179/4179
f 656/4180/4180 2470/4179/4179 2471/4181/4181
f 683/4182/4182 2471/4181/4181 2472/4183/4183
f 684/4184/4184 2472/4183/4183 2473/4185/4185
f 681/4186/4186 2473/4185/4185 2474/4187/4187
f 682/4188/4188 2474/4187/4187 2475/4189/4189
f 672/4190/4190 2475/4189/4189 2476/4191/4191
f 673/4192/4192 2476/4191/4191 2477/4193/4193
f 671/4194/4194 2477/4193/4193 2478/4195/4195
f 669/4196/4196 2478/4195/4195 2479/4197/4197
f 660/4198/4198 2479/4197/4197 2480/4199/4199
f 661/4200/4200 2480/4199/4199 2481/4201/4201
f 665/4202/4202 2481/4201/4201 2482/4203/4203
f 664/4204/4204 2482/4203/4203 2483/4205/4205
f 659/4206/4206 2483/4205/4205 2484/4207/4207
f 657/4208/4208 2484/4207/4207 2485/4209/4209
f 658/4210/4210 2485/4209/4209 2486/4211/4211
f 667/4212/4212 2486/4211/4211 2487/4213/4213
f 668/4214/4214 2487/4213/4213 2488/4215/4215
f 662/4216/4216 2488/4215/4215 2489/4217/4217
f 663/4218/4218 2489/4217/4217 2490/4219/4219
f 666/4220/4220 2490/4219/4219 2491/4221/4221
f 670/4222/4222 2491/4221/4221 2492/4223/4223
f 676/4224/4224 2492/4223/4223 2493/4225/4225
f 677/4226/4226 2493/4225/4225 2494/4227/4227
f 680/4228/4228 2494/4227/4227 2495/4229/4229
f 678/4230/4230 2495/4229/4229 2496/4231/4231
f 679/4232/4232 2496/4231/4231 2497/4233/4233
f 685/4234/4234 2497/4233/4233 2498/4235/4235
f 674/4236/4236 2498/4235/4235 2499/4237/4237
f 675/4238/4238 2499/4237/4237 2500/4239/4239
f 619/4240/4240 2500/4239/4239 2501/4241/4241
f 616/4242/4242 2501/4241/4241 2502/4243/4243
f 617/4244/4244 2502/4243/4243 2503/4245/4245
f 614/4246/4246 2503/4245/4245 2504/4247/4247
f 615/4248/4248 2504/4247/4247 2505/4249/4249
f 612/4250/4250 2505/4249/4249 2506/4251/4251
f 613/4252/4252 2506/4251/4251 2507/4253/4253
f 618/4254/4254 2507/4253/4253 2508/4255/4255
f 629/4256/4256 2508/4255/4255 2509/4257/4257
f 628/4258/4258 2509/4257/4257 2510/4259/4259
f 624/4260/4260 2510/4259/4259 2511/4261/4261
f 625/4262/4262 2511/4261/4261 2512/4263/4263
f 627/4264/4264 2512/4263/4263 2513/4265/4265
f 623/4266/4266 2513/4265/4265 2514/4267/4267
f 626/4268/4268 2514/4267/4267 2515/4269/4269
f 620/4270/4270 2515/4269/4269 2516/4271/4271
f 621/4272/4272 2516/4271/4271 2517/4273/4273
f 636/4274/4274 2517/4273/4273 2518/4275/4275
f 637/4276/4276 2518/4275/4275 2519/4277/4277
f 632/4278/4278 2519/4277/4277 2520/4279/4279
f 633/4280/4280 2520/4279/4279 2521/4281/4281
f 635/4282/4282 2521/4281/4281 2522/4283/4283
f 634/4284/4284 2522/4283/4283 2523/4285/4285
f 630/4286/4286 2523/4285/4285 2524/4287/4287
f 631/4288/4288 2524/4287/4287 2525/4289/4289
f 640/4290/4290 2525/4289/4289 2526/4291/4291
f 641/4292/4292 2526/4291/4291 2527/4293/4293
f 638/4294/4294 2527/4293/4293 2528/4295/4295
f 639/4296/4296 2528/4295/4295 2529/4297/4297
f 643/4298/4298 2529/4297/4297 2530/4299/4299
f 647/4300/4300 2530/4299/4299 2531/4301/4301
f 649/4302/4302 2531/4301/4301 2532/4303/4303
f 648/4304/4304 2532/4303/4303 2533/4305/4305
f 646/4306/4306 2533/4305/4305 2534/4307/4307
f 644/4308/4308 2534/4307/4307 2535/4309/4309
f 645/4310/4310 2535/4309/4309 2464/4168/4168
f 2464/4168/4168 652/4167/4167 645/4310/4310
f 2535/4309/4309 645/4310/4310 644/4308/4308
f 2534/4307/4307 644/4308/4308 646/4306/4306
f 2533/4305/4305 646/4306/4306 648/4304/4304
f 2532/4303/4303 648/4304/4304 649/4302/4302
f 2531/4301/4301 649/4302/4302 647/4300/4300
f 2530/4299/4299 647/4300/4300 643/4298/4298
f 2529/4297/4297 643/4298/4298 639/4296/4296
f 2528/4295/4295 639/4296/4296 638/4294/4294
f 2527/4293/4293 638/4294/4294 641/4292/4292
f 2526/4291/4291 641/4292/4292 640/4290/4290
f 2525/4289/4289 640/4290/4290 631/4288/4288
f 2524/4287/4287 631/4288/4288 630/4286/4286
f 2523/4285/4285 630/4286/4286 634/4284/4284
f 2522/4283/4283 634/4284/4284 635/4282/4282
f 2521/4281/4281 635/4282/4282 633/4280/4280
f 2520/4279/4279 633/4280/4280 632/4278/4278
f 2519/4277/4277 632/4278/4278 637/4276/4276
f 2518/4275/4275 637/4276/4276 636/4274/4274
f 2517/4273/4273 636/4274/4274 621/4272/4272
f 2516/4271/4271 621/4272/4272 620/4270/4270
f 2515/4269/4269 620/4270/4270 626/4268/4268
f 2514/4267/4267 626/4268/4268 623/4266/4266
f 2513/4265/4265 623/4266/4266 627/4264/4264
f 2512/4263/4263 627/4264/4264 625/4262/4262
f 2511/4261/4261 625/4262/4262 624/4260/4260
f 2510/4259/4259 624/4260/4260 628/4258/4258
f 2509/4257/4257 628/4258/4258 629/4256/4256
f 2508/4255/4255 629/4256/4256 618/4254/4254
f 2507/4253/4253 618/4254/4254 613/4252/4252
f 2506/4251/4251 613/4252/4252 612/4250/4250
f 2505/4249/4249 612/4250/4250 615/4248/4248
f 2504/4247/4247 615/4248/4248 614/4246/4246
f 2503/4245/4245 614/4246/4246 617/4244/4244
f 2502/4243/4243 617/4244/4244 616/4242/4242
f 2501/4241/4241 616/4242/4242 619/4240/4240
f 2500/4239/4239 619/4240/4240 675/4238/4238
f 2499/4237/4237 675/4238/4238 674/4236/4236
f 2498/4235/4235 674/4236/4236 685/4234/4234
f 2497/4233/4233 685/4234/4234 679/4232/4232
f 2496/4231/4231 679/4232/4232 678/4230/4230
f 2495/4229/4229 678/4230/4230 680/4228/4228
f 2494/4227/4227 680/4228/4228 677/4226/4226
f 2493/4225/4225 677/4226/4226 676/4224/4224
f 2492/4223/4223 676/4224/4224 670/4222/4222
f 2491/4221/4221 670/4222/4222 666/4220/4220
f 2490/4219/4219 666/4220/4220 663/4218/4218
f 2489/4217/4217 663/4218/4218 662/4216/4216
f 2488/4215/4215 662/4216/4216 668/4214/4214
f 2487/4213/4213 668/4214/4214 667/4212/4212
f 2486/4211/4211 667/4212/4212 658/4210/4210
f 2485/4209/4209 658/4210/4210 657/4208/4208
f 2484/4207/4207 657/4208/4208 659/4206/4206
f 2483/4205/4205 659/4206/4206 664/4204/4204
f 2482/4203/4203 664/4204/4204 665/4202/4202
f 2481/4201/4201 665/4202/4202 661/4200/4200
f 2480/4199/4199 661/4200/4200 660/4198/4198
f 2479/4197/4197 660/4198/4198 669/4196/4196
f 2478/4195/4195 669/4196/4196 671/4194/4194
f 2477/4193/4193 671/4194/4194 673/4192/4192
f 2476/4191/4191 673/4192/4192 672/4190/4190
f 2475/4189/4189 672/4190/4190 682/4188/4188
f 2474/4187/4187 682/4188/4188 681/4186/4186
f 2473/4185/4185 681/4186/4186 684/4184/4184
f 2472/4183/4183 684/4184/4184 683/4182/4182
f 2471/4181/4181 683/4182/4182 656/4180/4180
f 2470/4179/4179 656/4180/4180 655/4178/4178
f 2469/4177/4177 655/4178/4178 654/4176/4176
f 2468/4175/4175 654/4176/4176 651/4174/4174
f 2467/4173/4173 651/4174/4174 650/4172/4172
f 2466/4171/4171 650/4172/4172 653/4170/4170
f 2465/4169/4169 653/4170/4170 652/4167/4167
f 2496/4311/4311 2536/4312/4312 2537/4313/4313
f 2496/4311/4311 2495/4314/4314 2538/4315/4315
f 2492/4316/4316 2539/4317/4317 2540/4318/4318
f 2492/4316/4316 2491/4319/4319 2541/4320/4320
f 2487/4321/4321 2542/4322/4322 2543/4323/4323
f 2487/4321/4321 2486/4324/4324 2544/4325/4325
f 2483/4326/4326 2545/4327/4327 2546/4328/4328
f 2483/4326/4326 2482/4329/4329 2547/4330/4330
f 2481/4331/4331 2548/4332/4332 2547/4330/4330
f 2481/4331/4331 2480/4333/4333 2549/4334/4334
f 2477/4335/4335 2550/4336/4336 2551/4337/4337
f 2477/4335/4335 2476/4338/4338 2552/4339/4339
f 2473/4340/4340 2472/4341/4341 2553/4342/4342
f 2472/4341/4341 2471/4343/4343 2554/4344/4344
f 2467/4345/4345 2555/4346/4346 2556/4347/4347
f 2467/4345/4345 2466/4348/4348 2557/4349/4349
f 2510/4350/4350 2558/4351/4351 2559/4352/4352
f 2510/4350/4350 2509/4353/4353 2560/4354/4354
f 2503/4355/4355 2561/4356/4356 2562/4357/4357
f 2503/4355/4355 2502/4358/4358 2563/4359/4359
f 2497/4360/4360 2537/4313/4313 2564/4361/4361
f 2538/4315/4315 2536/4312/4312 2496/4311/4311
f 2495/4314/4314 2494/4362/4362 2565/4363/4363
f 2494/4362/4362 2493/4364/4364 2540/4318/4318
f 2541/4320/4320 2539/4317/4317 2492/4316/4316
f 2491/4319/4319 2490/4365/4365 2566/4366/4366
f 2489/4367/4367 2567/4368/4368 2566/4366/4366
f 2489/4367/4367 2488/4369/4369 2543/4323/4323
f 2544/4325/4325 2542/4322/4322 2487/4321/4321
f 2486/4324/4324 2485/4370/4370 2568/4371/4371
f 2484/4372/4372 2546/4328/4328 2568/4371/4371
f 2547/4330/4330 2545/4327/4327 2483/4326/4326
f 2549/4334/4334 2548/4332/4332 2481/4331/4331
f 2480/4333/4333 2479/4373/4373 2569/4374/4374
f 2478/4375/4375 2551/4337/4337 2569/4374/4374
f 2552/4339/4339 2550/4336/4336 2477/4335/4335
f 2475/4376/4376 2570/4377/4377 2552/4339/4339
f 2474/4378/4378 2571/4379/4379 2570/4377/4377
f 2473/4340/4340 2572/4380/4380 2571/4379/4379
f 2554/4344/4344 2553/4342/4342 2472/4341/4341
f 2470/4381/4381 2573/4382/4382 2554/4344/4344
f 2470/4381/4381 2469/4383/4383 2574/4384/4384
f 2468/4385/4385 2556/4347/4347 2574/4384/4384
f 2557/4349/4349 2555/4346/4346 2467/4345/4345
f 2532/4386/4386 2575/4387/4387 2576/4388/4388
f 2532/4386/4386 2531/4389/4389 2577/4390/4390
f 2529/4391/4391 2578/4392/4392 2579/4393/4393
f 2529/4391/4391 2528/4394/4394 2580/4395/4395
f 2514/4396/4396 2581/4397/4397 2582/4398/4398
f 2514/4396/4396 2513/4399/4399 2583/4400/4400
f 2511/4401/4401 2559/4352/4352 2584/4402/4402
f 2560/4354/4354 2558/4351/4351 2510/4350/4350
f 2509/4353/4353 2508/4403/4403 2585/4404/4404
f 2508/4403/4403 2507/4405/4405 2586/4406/4406
f 2506/4407/4407 2587/4408/4408 2586/4406/4406
f 2506/4407/4407 2505/4409/4409 2588/4410/4410
f 2504/4411/4411 2562/4357/4357 2588/4410/4410
f 2563/4359/4359 2561/4356/4356 2503/4355/4355
f 2499/4412/4412 2589/4413/4413 2590/4414/4414
f 2499/4412/4412 2498/4415/4415 2564/4361/4361
f 2537/4313/4313 2497/4360/4360 2496/4311/4311
f 2540/4318/4318 2565/4363/4363 2494/4362/4362
f 2566/4366/4366 2541/4320/4320 2491/4319/4319
f 2543/4323/4323 2567/4368/4368 2489/4367/4367
f 2568/4371/4371 2544/4325/4325 2486/4324/4324
f 2546/4328/4328 2484/4372/4372 2483/4326/4326
f 2569/4374/4374 2549/4334/4334 2480/4333/4333
f 2551/4337/4337 2478/4375/4375 2477/4335/4335
f 2570/4377/4377 2475/4376/4376 2474/4378/4378
f 2553/4342/4342 2572/4380/4380 2473/4340/4340
f 2574/4384/4384 2573/4382/4382 2470/4381/4381
f 2556/4347/4347 2468/4385/4385 2467/4345/4345
f 2465/4416/4416 2591/4417/4417 2557/4349/4349
f 2465/4416/4416 2464/4418/4418 2592/4419/4419
f 2533/4420/4420 2576/4388/4388 2593/4421/4421
f 2577/4390/4390 2575/4387/4387 2532/4386/4386
f 2531/4389/4389 2530/4422/4422 2579/4393/4393
f 2580/4395/4395 2578/4392/4392 2529/4391/4391
f 2515/4423/4423 2582/4398/4398 2594/4424/4424
f 2583/4400/4400 2581/4397/4397 2514/4396/4396
f 2559/4352/4352 2511/4401/4401 2510/4350/4350
f 2586/4406/4406 2585/4404/4404 2508/4403/4403
f 2588/4410/4410 2587/4408/4408 2506/4407/4407
f 2562/4357/4357 2504/4411/4411 2503/4355/4355
f 2564/4361/4361 2589/4413/4413 2499/4412/4412
f 2565/4363/4363 2538/4315/4315 2495/4314/4314
f 2566/4366/4366 2490/4365/4365 2489/4367/4367
f 2568/4371/4371 2485/4370/4370 2484/4372/4372
f 2569/4374/4374 2479/4373/4373 2478/4375/4375
f 2571/4379/4379 2474/4378/4378 2473/4340/4340
f 2574/4384/4384 2469/4383/4383 2468/4385/4385
f 2592/4419/4419 2591/4417/4417 2465/4416/4416
f 2576/4388/4388 2533/4420/4420 2532/4386/4386
f 2579/4393/4393 2530/4422/4422 2529/4391/4391
f 2527/4425/4425 2595/4426/4426 2580/4395/4395
f 2527/4425/4425 2526/4427/4427 2596/4428/4428
f 2522/4429/4429 2597/4430/4430 2598/4431/4431
f 2522/4429/4429 2521/4432/4432 2599/4433/4433
f 2582/4398/4398 2515/4423/4423 2514/4396/4396
f 2513/4399/4399 2512/4434/4434 2584/4402/4402
f 2585/4404/4404 2560/4354/4354 2509/4353/4353
f 2588/4410/4410 2505/4409/4409 2504/4411/4411
f 2564/4361/4361 2498/4415/4415 2497/4360/4360
f 2543/4323/4323 2488/4369/4369 2487/4321/4321
f 2552/4339/4339 2476/4338/4338 2475/4376/4376
f 2557/4349/4349 2466/4348/4348 2465/4416/4416
f 2535/4435/4435 2600/4436/4436 2592/4419/4419
f 2535/4435/4435 2534/4437/4437 2593/4421/4421
f 2579/4393/4393 2577/4390/4390 2531/4389/4389
f 2596/4428/4428 2595/4426/4426 2527/4425/4425
f 2523/4438/4438 2598/4431/4431 2601/4439/4439
f 2599/4433/4433 2597/4430/4430 2522/4429/4429
f 2517/4440/4440 2602/4441/4441 2603/4442/4442
f 2517/4440/4440 2516/4443/4443 2594/4424/4424
f 2584/4402/4402 2583/4400/4400 2513/4399/4399
f 2586/4406/4406 2507/4405/4405 2506/4407/4407
f 2540/4318/4318 2493/4364/4364 2492/4316/4316
f 2554/4344/4344 2471/4343/4343 2470/4381/4381
f 2593/4421/4421 2600/4436/4436 2535/4435/4435
f 2580/4395/4395 2528/4394/4394 2527/4425/4425
f 2598/4431/4431 2523/4438/4438 2522/4429/4429
f 2521/4432/4432 2520/4444/4444 2604/4445/4445
f 2519/4446/4446 2605/4447/4447 2604/4445/4445
f 2519/4446/4446 2518/4448/4448 2603/4442/4442
f 2594/4424/4424 2602/4441/4441 2517/4440/4440
f 2584/4402/4402 2512/4434/4434 2511/4401/4401
f 2501/4449/4449 2606/4450/4450 2563/4359/4359
f 2501/4449/4449 2500/4451/4451 2590/4414/4414
f 2547/4330/4330 2482/4329/4329 2481/4331/4331
f 2593/4421/4421 2534/4437/4437 2533/4420/4420
f 2525/4452/4452 2607/4453/4453 2596/4428/4428
f 2525/4452/4452 2524/4454/4454 2601/4439/4439
f 2604/4445/4445 2599/4433/4433 2521/4432/4432
f 2603/4442/4442 2605/4447/4447 2519/4446/4446
f 2594/4424/4424 2516/4443/4443 2515/4423/4423
f 2590/4414/4414 2606/4450/4450 2501/4449/4449
f 2592/4419/4419 2464/4418/4418 2535/4435/4435
f 2601/4439/4439 2607/4453/4453 2525/4452/4452
f 2604/4445/4445 2520/4444/4444 2519/4446/4446
f 2563/4359/4359 2502/4358/4358 2501/4449/4449
f 2596/4428/4428 2526/4427/4427 2525/4452/4452
f 2603/4442/4442 2518/4448/4448 2517/4440/4440
f 2601/4439/4439 2524/4454/4454 2523/4438/4438
f 2590/4414/4414 2500/4451/4451 2499/4412/4412
f 2608/4455/4455 2609/4456/4456 2592/4457/4457
f 2610/4458/4458 2608/4455/4455 2600/4459/4459
f 2611/4460/4460 2610/4458/4458 2593/4461/4461
f 2612/4462/4462 2611/4460/4460 2576/4463/4463
f 2613/4464/4464 2612/4462/4462 2575/4465/4465
f 2614/4466/4466 2613/4464/4464 2577/4467/4467
f 2615/4468/4468 2614/4466/4466 2579/4469/4469
f 2616/4470/4470 2615/4468/4468 2578/4471/4471
f 2617/4472/4472 2616/4470/4470 2580/4473/4473
f 2618/4474/4474 2617/4472/4472 2595/4475/4475
f 2619/4476/4476 2618/4474/4474 2596/4477/4477
f 2620/4478/4478 2619/4476/4476 2607/4479/4479
f 2621/4480/4480 2620/4478/4478 2601/4481/4481
f 2622/4482/4482 2621/4480/4480 2598/4483/4483
f 2623/4484/4484 2622/4482/4482 2597/4485/4485
f 2624/4486/4486 2623/4484/4484 2599/4487/4487
f 2625/4488/4488 2624/4486/4486 2604/4489/4489
f 2626/4490/4490 2625/4488/4488 2605/4491/4491
f 2627/4492/4492 2626/4490/4490 2603/4493/4493
f 2628/4494/4494 2627/4492/4492 2602/4495/4495
f 2629/4496/4496 2628/4494/4494 2594/4497/4497
f 2630/4498/4498 2629/4496/4496 2582/4499/4499
f 2631/4500/4500 2630/4498/4498 2581/4501/4501
f 2632/4502/4502 2631/4500/4500 2583/4503/4503
f 2633/4504/4504 2632/4502/4502 2584/4505/4505
f 2634/4506/4506 2633/4504/4504 2559/4507/4507
f 2635/4508/4508 2634/4506/4506 2558/4509/4509
f 2636/4510/4510 2635/4508/4508 2560/4511/4511
f 2637/4512/4512 2636/4510/4510 2585/4513/4513
f 2638/4514/4514 2637/4512/4512 2586/4515/4515
f 2639/4516/4516 2638/4514/4514 2587/4517/4517
f 2640/4518/4518 2639/4516/4516 2588/4519/4519
f 2641/4520/4520 2640/4518/4518 2562/4521/4521
f 2642/4522/4522 2641/4520/4520 2561/4523/4523
f 2643/4524/4524 2642/4522/4522 2563/4525/4525
f 2644/4526/4526 2643/4524/4524 2606/4527/4527
f 2645/4528/4528 2644/4526/4526 2590/4529/4529
f 2646/4530/4530 2645/4528/4528 2589/4531/4531
f 2647/4532/4532 2646/4530/4530 2564/4533/4533
f 2648/4534/4534 2647/4532/4532 2537/4535/4535
f 2649/4536/4536 2648/4534/4534 2536/4537/4537
f 2650/4538/4538 2649/4536/4536 2538/4539/4539
f 2651/4540/4540 2650/4538/4538 2565/4541/4541
f 2652/4542/4542 2651/4540/4540 2540/4543/4543
f 2653/4544/4544 2652/4542/4542 2539/4545/4545
f 2654/4546/4546 2653/4544/4544 2541/4547/4547
f 2655/4548/4548 2654/4546/4546 2566/4549/4549
f 2656/4550/4550 2655/4548/4548 2567/4551/4551
f 2657/4552/4552 2656/4550/4550 2543/4553/4553
f 2658/4554/4554 2657/4552/4552 2542/4555/4555
f 2659/4556/4556 2658/4554/4554 2544/4557/4557
f 2660/4558/4558 2659/4556/4556 2568/4559/4559
f 2661/4560/4560 2660/4558/4558 2546/4561/4561
f 2662/4562/4562 2661/4560/4560 2545/4563/4563
f 2663/4564/4564 2662/4562/4562 2547/4565/4565
f 2664/4566/4566 2663/4564/4564 2548/4567/4567
f 2665/4568/4568 2664/4566/4566 2549/4569/4569
f 2666/4570/4570 2665/4568/4568 2569/4571/4571
f 2667/4572/4572 2666/4570/4570 2551/4573/4573
f 2668/4574/4574 2667/4572/4572 2550/4575/4575
f 2669/4576/4576 2668/4574/4574 2552/4577/4577
f 2670/4578/4578 2669/4576/4576 2570/4579/4579
f 2671/4580/4580 2670/4578/4578 2571/4581/4581
f 2672/4582/4582 2671/4580/4580 2572/4583/4583
f 2673/4584/4584 2672/4582/4582 2553/4585/4585
f 2674/4586/4586 2673/4584/4584 2554/4587/4587
f 2675/4588/4588 2674/4586/4586 2573/4589/4589
f 2676/4590/4590 2675/4588/4588 2574/4591/4591
f 2677/4592/4592 2676/4590/4590 2556/4593/4593
f 2678/4594/4594 2677/4592/4592 2555/4595/4595
f 2679/4596/4596 2678/4594/4594 2557/4597/4597
f 2609/4456/4456 2679/4596/4596 2591/4598/4598
f 2591/4598/4598 2592/4457/4457 2609/4456/4456
f 2557/4597/4597 2591/4598/4598 2679/4596/4596
f 2555/4595/4595 2557/4597/4597 2678/4594/4594
f 2556/4593/4593 2555/4595/4595 2677/4592/4592
f 2574/4591/4591 2556/4593/4593 2676/4590/4590
f 2573/4589/4589 2574/4591/4591 2675/4588/4588
f 2554/4587/4587 2573/4589/4589 2674/4586/4586
f 2553/4585/4585 2554/4587/4587 2673/4584/4584
f 2572/4583/4583 2553/4585/4585 2672/4582/4582
f 2571/4581/4581 2572/4583/4583 2671/4580/4580
f 2570/4579/4579 2571/4581/4581 2670/4578/4578
f 2552/4577/4577 2570/4579/4579 2669/4576/4576
f 2550/4575/4575 2552/4577/4577 2668/4574/4574
f 2551/4573/4573 2550/4575/4575 2667/4572/4572
f 2569/4571/4571 2551/4573/4573 2666/4570/4570
f 2549/4569/4569 2569/4571/4571 2665/4568/4568
f 2548/4567/4567 2549/4569/4569 2664/4566/4566
f 2547/4565/4565 2548/4567/4567 2663/4564/4564
f 2545/4563/4563 2547/4565/4565 2662/4562/4562
f 2546/4561/4561 2545/4563/4563 2661/4560/4560
f 2568/4559/4559 2546/4561/4561 2660/4558/4558
f 2544/4557/4557 2568/4559/4559 2659/4556/4556
f 2542/4555/4555 2544/4557/4557 2658/4554/4554
f 2543/4553/4553 2542/4555/4555 2657/4552/4552
f 2567/4551/4551 2543/4553/4553 2656/4550/4550
f 2566/4549/4549 2567/4551/4551 2655/4548/4548
f 2541/4547/4547 2566/4549/4549 2654/4546/4546
f 2539/4545/4545 2541/4547/4547 2653/4544/4544
f 2540/4543/4543 2539/4545/4545 2652/4542/4542
f 2565/4541/4541 2540/4543/4543 2651/4540/4540
f 2538/4539/4539 2565/4541/4541 2650/4538/4538
f 2536/4537/4537 2538/4539/4539 2649/4536/4536
f 2537/4535/4535 2536/4537/4537 2648/4534/4534
f 2564/4533/4533 2537/4535/4535 2647/4532/4532
f 2589/4531/4531 2564/4533/4533 2646/4530/4530
f 2590/4529/4529 2589/4531/4531 2645/4528/4528
f 2606/4527/4527 2590/4529/4529 2644/4526/4526
f 2563/4525/4525 2606/4527/4527 2643/4524/4524
f 2561/4523/4523 2563/4525/4525 2642/4522/4522
f 2562/4521/4521 2561/4523/4523 2641/4520/4520
f 2588/4519/4519 2562/4521/4521 2640/4518/4518
f 2587/4517/4517 2588/4519/4519 2639/4516/4516
f 2586/4515/4515 2587/4517/4517 2638/4514/4514
f 2585/4513/4513 2586/4515/4515 2637/4512/4512
f 2560/4511/4511 2585/4513/4513 2636/4510/4510
f 2558/4509/4509 2560/4511/4511 2635/4508/4508
f 2559/4507/4507 2558/4509/4509 2634/4506/4506
f 2584/4505/4505 2559/4507/4507 2633/4504/4504
f 2583/4503/4503 2584/4505/4505 2632/4502/4502
f 2581/4501/4501 2583/4503/4503 2631/4500/4500
f 2582/4499/4499 2581/4501/4501 2630/4498/4498
f 2594/4497/4497 2582/4499/4499 2629/4496/4496
f 2602/4495/4495 2594/4497/4497 2628/4494/4494
f 2603/4493/4493 2602/4495/4495 2627/4492/4492
f 2605/4491/4491 2603/4493/4493 2626/4490/4490
f 2604/4489/4489 2605/4491/4491 2625/4488/4488
f 2599/4487/4487 2604/4489/4489 2624/4486/4486
f 2597/4485/4485 2599/4487/4487 2623/4484/4484
f 2598/4483/4483 2597/4485/4485 2622/4482/4482
f 2601/4481/4481 2598/4483/4483 2621/4480/4480
f 2607/4479/4479 2601/4481/4481 2620/4478/4478
f 2596/4477/4477 2607/4479/4479 2619/4476/4476
f 2595/4475/4475 2596/4477/4477 2618/4474/4474
f 2580/4473/4473 2595/4475/4475 2617/4472/4472
f 2578/4471/4471 2580/4473/4473 2616/4470/4470
f 2579/4469/4469 2578/4471/4471 2615/4468/4468
f 2577/4467/4467 2579/4469/4469 2614/4466/4466
f 2575/4465/4465 2577/4467/4467 2613/4464/4464
f 2576/4463/4463 2575/4465/4465 2612/4462/4462
f 2593/4461/4461 2576/4463/4463 2611/4460/4460
f 2600/4459/4459 2593/4461/4461 2610/4458/4458
f 2592/4457/4457 2600/4459/4459 2608/4455/4455
f 2665/4599/4599 2680/4600/4600 2681/4601/4601
f 2665/4599/4599 2666/4602/4602 2682/4603/4603
f 2682/4603/4603 2680/4600/4600 2665/4599/4599
f 2666/4602/4602 2667/4604/4604 2683/4605/4605
f 2649/4606/4606 2684/4607/4607 2685/4608/4608
f 2649/4606/4606 2650/4609/4609 2686/4610/4610
f 2650/4609/4609 2651/4611/4611 2687/4612/4612
f 2651/4611/4611 2652/4613/4613 2688/4614/4614
f 2659/4615/4615 2689/4616/4616 2690/4617/4617
f 2659/4615/4615 2660/4618/4618 2691/4619/4619
f 2683/4605/4605 2682/4603/4603 2666/4602/4602
f 2667/4604/4604 2668/4620/4620 2692/4621/4621
f 2648/4622/4622 2685/4608/4608 2693/4623/4623
f 2686/4610/4610 2684/4607/4607 2649/4606/4606
f 2688/4614/4614 2687/4612/4612 2651/4611/4611
f 2652/4613/4613 2653/4624/4624 2694/4625/4625
f 2656/4626/4626 2695/4627/4627 2696/4628/4628
f 2656/4626/4626 2657/4629/4629 2697/4630/4630
f 2658/4631/4631 2690/4617/4617 2697/4630/4630
f 2691/4619/4619 2689/4616/4616 2659/4615/4615
f 2661/4632/4632 2698/4633/4633 2691/4619/4619
f 2661/4632/4632 2662/4634/4634 2699/4635/4635
f 2663/4636/4636 2700/4637/4637 2699/4635/4635
f 2663/4636/4636 2664/4638/4638 2681/4601/4601
f 2692/4621/4621 2683/4605/4605 2667/4604/4604
f 2669/4639/4639 2701/4640/4640 2692/4621/4621
f 2670/4641/4641 2702/4642/4642 2701/4640/4640
f 2670/4641/4641 2671/4643/4643 2703/4644/4644
f 2676/4645/4645 2704/4646/4646 2705/4647/4647
f 2676/4645/4645 2677/4648/4648 2706/4649/4649
f 2614/4650/4650 2615/4651/4651 2707/4652/4652
f 2615/4651/4651 2616/4653/4653 2708/4654/4654
f 2633/4655/4655 2709/4656/4656 2710/4657/4657
f 2633/4655/4655 2634/4658/4658 2711/4659/4659
f 2638/4660/4660 2712/4661/4661 2713/4662/4662
f 2638/4660/4660 2639/4663/4663 2714/4664/4664
f 2685/4608/4608 2648/4622/4622 2649/4606/4606
f 2694/4625/4625 2688/4614/4614 2652/4613/4613
f 2654/4665/4665 2715/4666/4666 2694/4625/4625
f 2654/4665/4665 2655/4667/4667 2696/4628/4628
f 2697/4630/4630 2695/4627/4627 2656/4626/4626
f 2690/4617/4617 2658/4631/4631 2659/4615/4615
f 2699/4635/4635 2698/4633/4633 2661/4632/4632
f 2681/4601/4601 2700/4637/4637 2663/4636/4636
f 2692/4621/4621 2668/4620/4620 2669/4639/4639
f 2703/4644/4644 2702/4642/4642 2670/4641/4641
f 2706/4649/4649 2704/4646/4646 2676/4645/4645
f 2677/4648/4648 2678/4668/4668 2716/4669/4669
f 2679/4670/4670 2717/4671/4671 2716/4669/4669
f 2679/4670/4670 2609/4672/4672 2718/4673/4673
f 2612/4674/4674 2613/4675/4675 2719/4676/4676
f 2613/4675/4675 2614/4650/4650 2720/4677/4677
f 2708/4654/4654 2707/4652/4652 2615/4651/4651
f 2616/4653/4653 2617/4678/4678 2721/4679/4679
f 2619/4680/4680 2620/4681/4681 2722/4682/4682
f 2620/4681/4681 2621/4683/4683 2723/4684/4684
f 2623/4685/4685 2724/4686/4686 2725/4687/4687
f 2623/4685/4685 2624/4688/4688 2726/4689/4689
f 2629/4690/4690 2727/4691/4691 2728/4692/4692
f 2629/4690/4690 2630/4693/4693 2729/4694/4694
f 2632/4695/4695 2710/4657/4657 2730/4696/4696
f 2711/4659/4659 2709/4656/4656 2633/4655/4655
f 2637/4697/4697 2713/4662/4662 2731/4698/4698
f 2714/4664/4664 2712/4661/4661 2638/4660/4660
f 2645/4699/4699 2732/4700/4700 2733/4701/4701
f 2645/4699/4699 2646/4702/4702 2734/4703/4703
f 2647/4704/4704 2693/4623/4623 2734/4703/4703
f 2687/4612/4612 2686/4610/4610 2650/4609/4609
f 2696/4628/4628 2715/4666/4666 2654/4665/4665
f 2697/4630/4630 2657/4629/4629 2658/4631/4631
f 2699/4635/4635 2662/4634/4634 2663/4636/4636
f 2701/4640/4640 2669/4639/4639 2670/4641/4641
f 2674/4705/4705 2735/4706/4706 2736/4707/4707
f 2674/4705/4705 2675/4708/4708 2705/4647/4647
f 2716/4669/4669 2706/4649/4649 2677/4648/4648
f 2718/4673/4673 2717/4671/4671 2679/4670/4670
f 2608/4709/4709 2737/4710/4710 2718/4673/4673
f 2608/4709/4709 2610/4711/4711 2738/4712/4712
f 2611/4713/4713 2739/4714/4714 2738/4712/4712
f 2611/4713/4713 2612/4674/4674 2740/4715/4715
f 2720/4677/4677 2719/4676/4676 2613/4675/4675
f 2721/4679/4679 2708/4654/4654 2616/4653/4653
f 2723/4684/4684 2722/4682/4682 2620/4681/4681
f 2622/4716/4716 2725/4687/4687 2723/4684/4684
f 2726/4689/4689 2724/4686/4686 2623/4685/4685
f 2624/4688/4688 2625/4717/4717 2741/4718/4718
f 2628/4719/4719 2728/4692/4692 2742/4720/4720
f 2729/4694/4694 2727/4691/4691 2629/4690/4690
f 2710/4657/4657 2632/4695/4695 2633/4655/4655
f 2634/4658/4658 2635/4721/4721 2743/4722/4722
f 2636/4723/4723 2731/4698/4698 2743/4722/4722
f 2713/4662/4662 2637/4697/4697 2638/4660/4660
f 2640/4724/4724 2744/4725/4725 2714/4664/4664
f 2640/4724/4724 2641/4726/4726 2745/4727/4727
f 2734/4703/4703 2732/4700/4700 2645/4699/4699
f 2693/4623/4623 2647/4704/4704 2648/4622/4622
f 2696/4628/4628 2655/4667/4667 2656/4626/4626
f 2681/4601/4601 2664/4638/4638 2665/4599/4599
f 2673/4728/4728 2736/4707/4707 2746/4729/4729
f 2705/4647/4647 2735/4706/4706 2674/4705/4705
f 2716/4669/4669 2678/4668/4668 2679/4670/4670
f 2738/4712/4712 2737/4710/4710 2608/4709/4709
f 2740/4715/4715 2739/4714/4714 2611/4713/4713
f 2707/4652/4652 2720/4677/4677 2614/4650/4650
f 2618/4730/4730 2747/4731/4731 2721/4679/4679
f 2618/4730/4730 2619/4680/4680 2748/4732/4732
f 2723/4684/4684 2621/4683/4683 2622/4716/4716
f 2741/4718/4718 2726/4689/4689 2624/4688/4688
f 2728/4692/4692 2628/4719/4719 2629/4690/4690
f 2630/4693/4693 2631/4733/4733 2730/4696/4696
f 2743/4722/4722 2711/4659/4659 2634/4658/4658
f 2731/4698/4698 2636/4723/4723 2637/4697/4697
f 2745/4727/4727 2744/4725/4725 2640/4724/4724
f 2641/4726/4726 2642/4734/4734 2749/4735/4735
f 2643/4736/4736 2750/4737/4737 2749/4735/4735
f 2643/4736/4736 2644/4738/4738 2733/4701/4701
f 2734/4703/4703 2646/4702/4702 2647/4704/4704
f 2691/4619/4619 2660/4618/4618 2661/4632/4632
f 2672/4739/4739 2746/4729/4729 2703/4644/4644
f 2736/4707/4707 2673/4728/4728 2674/4705/4705
f 2718/4673/4673 2609/4672/4672 2608/4709/4709
f 2719/4676/4676 2740/4715/4715 2612/4674/4674
f 2748/4732/4732 2747/4731/4731 2618/4730/4730
f 2725/4687/4687 2622/4716/4716 2623/4685/4685
f 2730/4696/4696 2729/4694/4694 2630/4693/4693
f 2743/4722/4722 2635/4721/4721 2636/4723/4723
f 2749/4735/4735 2745/4727/4727 2641/4726/4726
f 2733/4701/4701 2750/4737/4737 2643/4736/4736
f 2694/4625/4625 2653/4624/4624 2654/4665/4665
f 2746/4729/4729 2672/4739/4739 2673/4728/4728
f 2738/4712/4712 2610/4711/4711 2611/4713/4713
f 2722/4682/4682 2748/4732/4732 2619/4680/4680
f 2626/4740/4740 2751/4741/4741 2741/4718/4718
f 2626/4740/4740 2627/4742/4742 2742/4720/4720
f 2730/4696/4696 2631/4733/4733 2632/4695/4695
f 2749/4735/4735 2642/4734/4734 2643/4736/4736
f 2703/4644/4644 2671/4643/4643 2672/4739/4739
f 2721/4679/4679 2617/4678/4678 2618/4730/4730
f 2742/4720/4720 2751/4741/4741 2626/4740/4740
f 2714/4664/4664 2639/4663/4663 2640/4724/4724
f 2705/4647/4647 2675/4708/4708 2676/4645/4645
f 2742/4720/4720 2627/4742/4742 2628/4719/4719
f 2741/4718/4718 2625/4717/4717 2626/4740/4740
f 2733/4701/4701 2644/4738/4738 2645/4699/4699
f 2750/4743/4743 2733/4744/4744 2752/4745/4745
f 2749/4746/4746 2750/4743/4743 2753/4747/4747
f 2745/4748/4748 2749/4746/4746 2754/4749/4749
f 2744/4750/4750 2745/4748/4748 2755/4751/4751
f 2714/4752/4752 2744/4750/4750 2756/4753/4753
f 2712/4754/4754 2714/4752/4752 2757/4755/4755
f 2713/4756/4756 2712/4754/4754 2758/4757/4757
f 2731/4758/4758 2713/4756/4756 2759/4759/4759
f 2743/4760/4760 2731/4758/4758 2760/4761/4761
f 2711/4762/4762 2743/4760/4760 2761/4763/4763
f 2709/4764/4764 2711/4762/4762 2762/4765/4765
f 2710/4766/4766 2709/4764/4764 2763/4767/4767
f 2730/4768/4768 2710/4766/4766 2764/4769/4769
f 2729/4770/4770 2730/4768/4768 2765/4771/4771
f 2727/4772/4772 2729/4770/4770 2766/4773/4773
f 2728/4774/4774 2727/4772/4772 2767/4775/4775
f 2742/4776/4776 2728/4774/4774 2768/4777/4777
f 2751/4778/4778 2742/4776/4776 2769/4779/4779
f 2741/4780/4780 2751/4778/4778 2770/4781/4781
f 2726/4782/4782 2741/4780/4780 2771/4783/4783
f 2724/4784/4784 2726/4782/4782 2772/4785/4785
f 2725/4786/4786 2724/4784/4784 2773/4787/4787
f 2723/4788/4788 2725/4786/4786 2774/4789/4789
f 2722/4790/4790 2723/4788/4788 2775/4791/4791
f 2748/4792/4792 2722/4790/4790 2776/4793/4793
f 2747/4794/4794 2748/4792/4792 2777/4795/4795
f 2721/4796/4796 2747/4794/4794 2778/4797/4797
f 2708/4798/4798 2721/4796/4796 2779/4799/4799
f 2707/4800/4800 2708/4798/4798 2780/4801/4801
f 2720/4802/4802 2707/4800/4800 2781/4803/4803
f 2719/4804/4804 2720/4802/4802 2782/4805/4805
f 2740/4806/4806 2719/4804/4804 2783/4807/4807
f 2739/4808/4808 2740/4806/4806 2784/4809/4809
f 2738/4810/4810 2739/4808/4808 2785/4811/4811
f 2737/4812/4812 2738/4810/4810 2786/4813/4813
f 2718/4814/4814 2737/4812/4812 2787/4815/4815
f 2717/4816/4816 2718/4814/4814 2788/4817/4817
f 2716/4818/4818 2717/4816/4816 2789/4819/4819
f 2706/4820/4820 2716/4818/4818 2790/4821/4821
f 2704/4822/4822 2706/4820/4820 2791/4823/4823
f 2705/4824/4824 2704/4822/4822 2792/4825/4825
f 2735/4826/4826 2705/4824/4824 2793/4827/4827
f 2736/4828/4828 2735/4826/4826 2794/4829/4829
f 2746/4830/4830 2736/4828/4828 2795/4831/4831
f 2703/4832/4832 2746/4830/4830 2796/4833/4833
f 2702/4834/4834 2703/4832/4832 2797/4835/4835
f 2701/4836/4836 2702/4834/4834 2798/4837/4837
f 2692/4838/4838 2701/4836/4836 2799/4839/4839
f 2683/4840/4840 2692/4838/4838 2800/4841/4841
f 2682/4842/4842 2683/4840/4840 2801/4843/4843
f 2680/4844/4844 2682/4842/4842 2802/4845/4845
f 2681/4846/4846 2680/4844/4844 2803/4847/4847
f 2700/4848/4848 2681/4846/4846 2804/4849/4849
f 2699/4850/4850 2700/4848/4848 2805/4851/4851
f 2698/4852/4852 2699/4850/4850 2806/4853/4853
f 2691/4854/4854 2698/4852/4852 2807/4855/4855
f 2689/4856/4856 2691/4854/4854 2808/4857/4857
f 2690/4858/4858 2689/4856/4856 2809/4859/4859
f 2697/4860/4860 2690/4858/4858 2810/4861/4861
f 2695/4862/4862 2697/4860/4860 2811/4863/4863
f 2696/4864/4864 2695/4862/4862 2812/4865/4865
f 2715/4866/4866 2696/4864/4864 2813/4867/4867
f 2694/4868/4868 2715/4866/4866 2814/4869/4869
f 2688/4870/4870 2694/4868/4868 2815/4871/4871
f 2687/4872/4872 2688/4870/4870 2816/4873/4873
f 2686/4874/4874 2687/4872/4872 2817/4875/4875
f 2684/4876/4876 2686/4874/4874 2818/4877/4877
f 2685/4878/4878 2684/4876/4876 2819/4879/4879
f 2693/4880/4880 2685/4878/4878 2820/4881/4881
f 2734/4882/4882 2693/4880/4880 2821/4883/4883
f 2732/4884/4884 2734/4882/4882 2822/4885/4885
f 2733/4744/4744 2732/4884/4884 2823/4886/4886
f 2823/4886/4886 2752/4745/4745 2733/4744/4744
f 2822/4885/4885 2823/4886/4886 2732/4884/4884
f 2821/4883/4883 2822/4885/4885 2734/4882/4882
f 2820/4881/4881 2821/4883/4883 2693/4880/4880
f 2819/4879/4879 2820/4881/4881 2685/4878/4878
f 2818/4877/4877 2819/4879/4879 2684/4876/4876
f 2817/4875/4875 2818/4877/4877 2686/4874/4874
f 2816/4873/4873 2817/4875/4875 2687/4872/4872
f 2815/4871/4871 2816/4873/4873 2688/4870/4870
f 2814/4869/4869 2815/4871/4871 2694/4868/4868
f 2813/4867/4867 2814/4869/4869 2715/4866/4866
f 2812/4865/4865 2813/4867/4867 2696/4864/4864
f 2811/4863/4863 2812/4865/4865 2695/4862/4862
f 2810/4861/4861 2811/4863/4863 2697/4860/4860
f 2809/4859/4859 2810/4861/4861 2690/4858/4858
f 2808/4857/4857 2809/4859/4859 2689/4856/4856
f 2807/4855/4855 2808/4857/4857 2691/4854/4854
f 2806/4853/4853 2807/4855/4855 2698/4852/4852
f 2805/4851/4851 2806/4853/4853 2699/4850/4850
f 2804/4849/4849 2805/4851/4851 2700/4848/4848
f 2803/4847/4847 2804/4849/4849 2681/4846/4846
f 2802/4845/4845 2803/4847/4847 2680/4844/4844
f 2801/4843/4843 2802/4845/4845 2682/4842/4842
f 2800/4841/4841 2801/4843/4843 2683/4840/4840
f 2799/4839/4839 2800/4841/4841 2692/4838/4838
f 2798/4837/4837 2799/4839/4839 2701/4836/4836
f 2797/4835/4835 2798/4837/4837 2702/4834/4834
f 2796/4833/4833 2797/4835/4835 2703/4832/4832
f 2795/4831/4831 2796/4833/4833 2746/4830/4830
f 2794/4829/4829 2795/4831/4831 2736/4828/4828
f 2793/4827/4827 2794/4829/4829 2735/4826/4826
f 2792/4825/4825 2793/4827/4827 2705/4824/4824
f 2791/4823/4823 2792/4825/4825 2704/4822/4822
f 2790/4821/4821 2791/4823/4823 2706/4820/4820
f 2789/4819/4819 2790/4821/4821 2716/4818/4818
f 2788/4817/4817 2789/4819/4819 2717/4816/4816
f 2787/4815/4815 2788/4817/4817 2718/4814/4814
f 2786/4813/4813 2787/4815/4815 2737/4812/4812
f 2785/4811/4811 2786/4813/4813 2738/4810/4810
f 2784/4809/4809 2785/4811/4811 2739/4808/4808
f 2783/4807/4807 2784/4809/4809 2740/4806/4806
f 2782/4805/4805 2783/4807/4807 2719/4804/4804
f 2781/4803/4803 2782/4805/4805 2720/4802/4802
f 2780/4801/4801 2781/4803/4803 2707/4800/4800
f 2779/4799/4799 2780/4801/4801 2708/4798/4798
f 2778/4797/4797 2779/4799/4799 2721/4796/4796
f 2777/4795/4795 2778/4797/4797 2747/4794/4794
f 2776/4793/4793 2777/4795/4795 2748/4792/4792
f 2775/4791/4791 2776/4793/4793 2722/4790/4790
f 2774/4789/4789 2775/4791/4791 2723/4788/4788
f 2773/4787/4787 2774/4789/4789 2725/4786/4786
f 2772/4785/4785 2773/4787/4787 2724/4784/4784
f 2771/4783/4783 2772/4785/4785 2726/4782/4782
f 2770/4781/4781 2771/4783/4783 2741/4780/4780
f 2769/4779/4779 2770/4781/4781 2751/4778/4778
f 2768/4777/4777 2769/4779/4779 2742/4776/4776
f 2767/4775/4775 2768/4777/4777 2728/4774/4774
f 2766/4773/4773 2767/4775/4775 2727/4772/4772
f 2765/4771/4771 2766/4773/4773 2729/4770/4770
f 2764/4769/4769 2765/4771/4771 2730/4768/4768
f 2763/4767/4767 2764/4769/4769 2710/4766/4766
f 2762/4765/4765 2763/4767/4767 2709/4764/4764
f 2761/4763/4763 2762/4765/4765 2711/4762/4762
f 2760/4761/4761 2761/4763/4763 2743/4760/4760
f 2759/4759/4759 2760/4761/4761 2731/4758/4758
f 2758/4757/4757 2759/4759/4759 2713/4756/4756
f 2757/4755/4755 2758/4757/4757 2712/4754/4754
f 2756/4753/4753 2757/4755/4755 2714/4752/4752
f 2755/4751/4751 2756/4753/4753 2744/4750/4750
f 2754/4749/4749 2755/4751/4751 2745/4748/4748
f 2753/4747/4747 2754/4749/4749 2749/4746/4746
f 2752/4745/4745 2753/4747/4747 2750/4743/4743
f 724/4887/4887 2824/4888/4888 2825/4889/4889
f 718/4890/4890 2825/4889/4889 2826/4891/4891
f 719/4892/4892 2826/4891/4891 2827/4893/4893
f 722/4894/4894 2827/4893/4893 2828/4895/4895
f 723/4896/4896 2828/4895/4895 2829/4897/4897
f 725/4898/4898 2829/4897/4897 2830/4899/4899
f 720/4900/4900 2830/4899/4899 2831/4901/4901
f 721/4902/4902 2831/4901/4901 2832/4903/4903
f 749/4904/4904 2832/4903/4903 2833/4905/4905
f 738/4906/4906 2833/4905/4905 2834/4907/4907
f 739/4908/4908 2834/4907/4907 2835/4909/4909
f 748/4910/4910 2835/4909/4909 2836/4911/4911
f 746/4912/4912 2836/4911/4911 2837/4913/4913
f 747/4914/4914 2837/4913/4913 2838/4915/4915
f 744/4916/4916 2838/4915/4915 2839/4917/4917
f 745/4918/4918 2839/4917/4917 2840/4919/4919
f 742/4920/4920 2840/4919/4919 2841/4921/4921
f 743/4922/4922 2841/4921/4921 2842/4923/4923
f 736/4924/4924 2842/4923/4923 2843/4925/4925
f 737/4926/4926 2843/4925/4925 2844/4927/4927
f 734/4928/4928 2844/4927/4927 2845/4929/4929
f 735/4930/4930 2845/4929/4929 2846/4931/4931
f 741/4932/4932 2846/4931/4931 2847/4933/4933
f 740/4934/4934 2847/4933/4933 2848/4935/4935
f 732/4936/4936 2848/4935/4935 2849/4937/4937
f 728/4938/4938 2849/4937/4937 2850/4939/4939
f 729/4940/4940 2850/4939/4939 2851/4941/4941
f 730/4942/4942 2851/4941/4941 2852/4943/4943
f 731/4944/4944 2852/4943/4943 2853/4945/4945
f 756/4946/4946 2853/4945/4945 2854/4947/4947
f 757/4948/4948 2854/4947/4947 2855/4949/4949
f 754/4950/4950 2855/4949/4949 2856/4951/4951
f 755/4952/4952 2856/4951/4951 2857/4953/4953
f 753/4954/4954 2857/4953/4953 2858/4955/4955
f 752/4956/4956 2858/4955/4955 2859/4957/4957
f 750/4958/4958 2859/4957/4957 2860/4959/4959
f 751/4960/4960 2860/4959/4959 2861/4961/4961
f 758/4962/4962 2861/4961/4961 2862/4963/4963
f 703/4964/4964 2862/4963/4963 2863/4965/4965
f 696/4966/4966 2863/4965/4965 2864/4967/4967
f 697/4968/4968 2864/4967/4967 2865/4969/4969
f 702/4970/4970 2865/4969/4969 2866/4971/4971
f 708/4972/4972 2866/4971/4971 2867/4973/4973
f 709/4974/4974 2867/4973/4973 2868/4975/4975
f 716/4976/4976 2868/4975/4975 2869/4977/4977
f 706/4978/4978 2869/4977/4977 2870/4979/4979
f 707/4980/4980 2870/4979/4979 2871/4981/4981
f 714/4982/4982 2871/4981/4981 2872/4983/4983
f 715/4984/4984 2872/4983/4983 2873/4985/4985
f 704/4986/4986 2873/4985/4985 2874/4987/4987
f 705/4988/4988 2874/4987/4987 2875/4989/4989
f 712/4990/4990 2875/4989/4989 2876/4991/4991
f 713/4992/4992 2876/4991/4991 2877/4993/4993
f 717/4994/4994 2877/4993/4993 2878/4995/4995
f 710/4996/4996 2878/4995/4995 2879/4997/4997
f 711/4998/4998 2879/4997/4997 2880/4999/4999
f 701/5000/5000 2880/4999/4999 2881/5001/5001
f 691/5002/5002 2881/5001/5001 2882/5003/5003
f 692/5004/5004 2882/5003/5003 2883/5005/5005
f 686/5006/5006 2883/5005/5005 2884/5007/5007
f 687/5008/5008 2884/5007/5007 2885/5009/5009
f 690/5010/5010 2885/5009/5009 2886/5011/5011
f 688/5012/5012 2886/5011/5011 2887/5013/5013
f 689/5014/5014 2887/5013/5013 2888/5015/5015
f 695/5016/5016 2888/5015/5015 2889/5017/5017
f 700/5018/5018 2889/5017/5017 2890/5019/5019
f 699/5020/5020 2890/5019/5019 2891/5021/5021
f 693/5022/5022 2891/5021/5021 2892/5023/5023
f 694/5024/5024 2892/5023/5023 2893/5025/5025
f 698/5026/5026 2893/5025/5025 2894/5027/5027
f 726/5028/5028 2894/5027/5027 2895/5029/5029
f 727/5030/5030 2895/5029/5029 2824/4888/4888
f 2824/4888/4888 724/4887/4887 727/5030/5030
f 2895/5029/5029 727/5030/5030 726/5028/5028
f 2894/5027/5027 726/5028/5028 698/5026/5026
f 2893/5025/5025 698/5026/5026 694/5024/5024
f 2892/5023/5023 694/5024/5024 693/5022/5022
f 2891/5021/5021 693/5022/5022 699/5020/5020
f 2890/5019/5019 699/5020/5020 700/5018/5018
f 2889/5017/5017 700/5018/5018 695/5016/5016
f 2888/5015/5015 695/5016/5016 689/5014/5014
f 2887/5013/5013 689/5014/5014 688/5012/5012
f 2886/5011/5011 688/5012/5012 690/5010/5010
f 2885/5009/5009 690/5010/5010 687/5008/5008
f 2884/5007/5007 687/5008/5008 686/5006/5006
f 2883/5005/5005 686/5006/5006 692/5004/5004
f 2882/5003/5003 692/5004/5004 691/5002/5002
f 2881/5001/5001 691/5002/5002 701/5000/5000
f 2880/4999/4999 701/5000/5000 711/4998/4998
f 2879/4997/4997 711/4998/4998 710/4996/4996
f 2878/4995/4995 710/4996/4996 717/4994/4994
f 2877/4993/4993 717/4994/4994 713/4992/4992
f 2876/4991/4991 713/4992/4992 712/4990/4990
f 2875/4989/4989 712/4990/4990 705/4988/4988
f 2874/4987/4987 705/4988/4988 704/4986/4986
f 2873/4985/4985 704/4986/4986 715/4984/4984
f 2872/4983/4983 715/4984/4984 714/4982/4982
f 2871/4981/4981 714/4982/4982 707/4980/4980
f 2870/4979/4979 707/4980/4980 706/4978/4978
f 2869/4977/4977 706/4978/4978 716/4976/4976
f 2868/4975/4975 716/4976/4976 709/4974/4974
f 2867/4973/4973 709/4974/4974 708/4972/4972
f 2866/4971/4971 708/4972/4972 702/4970/4970
f 2865/4969/4969 702/4970/4970 697/4968/4968
f 2864/4967/4967 697/4968/4968 696/4966/4966
f 2863/4965/4965 696/4966/4966 703/4964/4964
f 2862/4963/4963 703/4964/4964 758/4962/4962
f 2861/4961/4961 758/4962/4962 751/4960/4960
f 2860/4959/4959 751/4960/4960 750/4958/4958
f 2859/4957/4957 750/4958/4958 752/4956/4956
f 2858/4955/4955 752/4956/4956 753/4954/4954
f 2857/4953/4953 753/4954/4954 755/4952/4952
f 2856/4951/4951 755/4952/4952 754/4950/4950
f 2855/4949/4949 754/4950/4950 757/4948/4948
f 2854/4947/4947 757/4948/4948 756/4946/4946
f 2853/4945/4945 756/4946/4946 731/4944/4944
f 2852/4943/4943 731/4944/4944 730/4942/4942
f 2851/4941/4941 730/4942/4942 729/4940/4940
f 2850/4939/4939 729/4940/4940 728/4938/4938
f 2849/4937/4937 728/4938/4938 732/4936/4936
f 2848/4935/4935 732/4936/4936 740/4934/4934
f 2847/4933/4933 740/4934/4934 741/4932/4932
f 2846/4931/4931 741/4932/4932 735/4930/4930
f 2845/4929/4929 735/4930/4930 734/4928/4928
f 2844/4927/4927 734/4928/4928 737/4926/4926
f 2843/4925/4925 737/4926/4926 736/4924/4924
f 2842/4923/4923 736/4924/4924 743/4922/4922
f 2841/4921/4921 743/4922/4922 742/4920/4920
f 2840/4919/4919 742/4920/4920 745/4918/4918
f 2839/4917/4917 745/4918/4918 744/4916/4916
f 2838/4915/4915 744/4916/4916 747/4914/4914
f 2837/4913/4913 747/4914/4914 746/4912/4912
f 2836/4911/4911 746/4912/4912 748/4910/4910
f 2835/4909/4909 748/4910/4910 739/4908/4908
f 2834/4907/4907 739/4908/4908 738/4906/4906
f 2833/4905/4905 738/4906/4906 749/4904/4904
f 2832/4903/4903 749/4904/4904 721/4902/4902
f 2831/4901/4901 721/4902/4902 720/4900/4900
f 2830/4899/4899 720/4900/4900 725/4898/4898
f 2829/4897/4897 725/4898/4898 723/4896/4896
f 2828/4895/4895 723/4896/4896 722/4894/4894
f 2827/4893/4893 722/4894/4894 719/4892/4892
f 2826/4891/4891 719/4892/4892 718/4890/4890
f 2825/4889/4889 718/4890/4890 724/4887/4887
f 2847/5031/5031 2896/5032/5032 2897/5033/5033
f 2847/5031/5031 2846/5034/5034 2898/5035/5035
f 2837/5036/5036 2899/5037/5037 2900/5038/5038
f 2837/5036/5036 2836/5039/5039 2901/5040/5040
f 2848/5041/5041 2897/5033/5033 2902/5042/5042
f 2898/5035/5035 2896/5032/5032 2847/5031/5031
f 2841/5043/5043 2903/5044/5044 2904/5045/5045
f 2841/5043/5043 2840/5046/5046 2905/5047/5047
f 2901/5040/5040 2899/5037/5037 2837/5036/5036
f 2836/5039/5039 2835/5048/5048 2906/5049/5049
f 2887/5050/5050 2907/5051/5051 2908/5052/5052
f 2887/5050/5050 2886/5053/5053 2909/5054/5054
f 2865/5055/5055 2910/5056/5056 2911/5057/5057
f 2865/5055/5055 2864/5058/5058 2912/5059/5059
f 2855/5060/5060 2913/5061/5061 2914/5062/5062
f 2855/5060/5060 2854/5063/5063 2915/5064/5064
f 2851/5065/5065 2850/5066/5066 2916/5067/5067
f 2850/5066/5066 2849/5068/5068 2902/5042/5042
f 2897/5033/5033 2848/5041/5041 2847/5031/5031
f 2846/5034/5034 2845/5069/5069 2917/5070/5070
f 2905/5047/5047 2903/5044/5044 2841/5043/5043
f 2840/5046/5046 2839/5071/5071 2918/5072/5072
f 2838/5073/5073 2900/5038/5038 2918/5072/5072
f 2906/5049/5049 2901/5040/5040 2836/5039/5039
f 2834/5074/5074 2919/5075/5075 2906/5049/5049
f 2833/5076/5076 2920/5077/5077 2919/5075/5075
f 2833/5076/5076 2832/5078/5078 2921/5079/5079
f 2832/5078/5078 2831/5080/5080 2922/5081/5081
f 2829/5082/5082 2923/5083/5083 2924/5084/5084
f 2829/5082/5082 2828/5085/5085 2925/5086/5086
f 2889/5087/5087 2926/5088/5088 2927/5089/5089
f 2889/5087/5087 2888/5090/5090 2908/5052/5052
f 2909/5054/5054 2907/5051/5051 2887/5050/5050
f 2886/5053/5053 2885/5091/5091 2928/5092/5092
f 2867/5093/5093 2929/5094/5094 2930/5095/5095
f 2867/5093/5093 2866/5096/5096 2911/5057/5057
f 2912/5059/5059 2910/5056/5056 2865/5055/5055
f 2864/5058/5058 2863/5097/5097 2931/5098/5098
f 2861/5099/5099 2932/5100/5100 2933/5101/5101
f 2861/5099/5099 2860/5102/5102 2934/5103/5103
f 2857/5104/5104 2935/5105/5105 2936/5106/5106
f 2857/5104/5104 2856/5107/5107 2914/5062/5062
f 2915/5064/5064 2913/5061/5061 2855/5060/5060
f 2854/5063/5063 2853/5108/5108 2937/5109/5109
f 2852/5110/5110 2938/5111/5111 2937/5109/5109
f 2852/5110/5110 2851/5065/5065 2939/5112/5112
f 2902/5042/5042 2916/5067/5067 2850/5066/5066
f 2917/5070/5070 2898/5035/5035 2846/5034/5034
f 2843/5113/5113 2940/5114/5114 2941/5115/5115
f 2843/5113/5113 2842/5116/5116 2904/5045/5045
f 2918/5072/5072 2905/5047/5047 2840/5046/5046
f 2900/5038/5038 2838/5073/5073 2837/5036/5036
f 2919/5075/5075 2834/5074/5074 2833/5076/5076
f 2922/5081/5081 2921/5079/5079 2832/5078/5078
f 2830/5117/5117 2924/5084/5084 2922/5081/5081
f 2925/5086/5086 2923/5083/5083 2829/5082/5082
f 2827/5118/5118 2942/5119/5119 2925/5086/5086
f 2827/5118/5118 2826/5120/5120 2943/5121/5121
f 2891/5122/5122 2944/5123/5123 2945/5124/5124
f 2891/5122/5122 2890/5125/5125 2927/5089/5089
f 2908/5052/5052 2926/5088/5088 2889/5087/5087
f 2928/5092/5092 2909/5054/5054 2886/5053/5053
f 2884/5126/5126 2946/5127/5127 2928/5092/5092
f 2884/5126/5126 2883/5128/5128 2947/5129/5129
f 2882/5130/5130 2948/5131/5131 2947/5129/5129
f 2882/5130/5130 2881/5132/5132 2949/5133/5133
f 2879/5134/5134 2950/5135/5135 2951/5136/5136
f 2879/5134/5134 2878/5137/5137 2952/5138/5138
f 2871/5139/5139 2953/5140/5140 2954/5141/5141
f 2871/5139/5139 2870/5142/5142 2955/5143/5143
f 2869/5144/5144 2956/5145/5145 2955/5143/5143
f 2869/5144/5144 2868/5146/5146 2930/5095/5095
f 2911/5057/5057 2929/5094/5094 2867/5093/5093
f 2931/5098/5098 2912/5059/5059 2864/5058/5058
f 2862/5147/5147 2933/5101/5101 2931/5098/5098
f 2934/5103/5103 2932/5100/5100 2861/5099/5099
f 2859/5148/5148 2957/5149/5149 2934/5103/5103
f 2859/5148/5148 2858/5150/5150 2936/5106/5106
f 2914/5062/5062 2935/5105/5105 2857/5104/5104
f 2937/5109/5109 2915/5064/5064 2854/5063/5063
f 2939/5112/5112 2938/5111/5111 2852/5110/5110
f 2902/5042/5042 2849/5068/5068 2848/5041/5041
f 2844/5151/5151 2941/5115/5115 2917/5070/5070
f 2904/5045/5045 2940/5114/5114 2843/5113/5113
f 2918/5072/5072 2839/5071/5071 2838/5073/5073
f 2921/5079/5079 2920/5077/5077 2833/5076/5076
f 2924/5084/5084 2830/5117/5117 2829/5082/5082
f 2943/5121/5121 2942/5119/5119 2827/5118/5118
f 2893/5152/5152 2958/5153/5153 2959/5154/5154
f 2893/5152/5152 2892/5155/5155 2945/5124/5124
f 2927/5089/5089 2944/5123/5123 2891/5122/5122
f 2908/5052/5052 2888/5090/5090 2887/5050/5050
f 2947/5129/5129 2946/5127/5127 2884/5126/5126
f 2949/5133/5133 2948/5131/5131 2882/5130/5130
f 2880/5156/5156 2951/5136/5136 2949/5133/5133
f 2952/5138/5138 2950/5135/5135 2879/5134/5134
f 2955/5143/5143 2953/5140/5140 2871/5139/5139
f 2930/5095/5095 2956/5145/5145 2869/5144/5144
f 2911/5057/5057 2866/5096/5096 2865/5055/5055
f 2933/5101/5101 2862/5147/5147 2861/5099/5099
f 2936/5106/5106 2957/5149/5149 2859/5148/5148
f 2914/5062/5062 2856/5107/5107 2855/5060/5060
f 2916/5067/5067 2939/5112/5112 2851/5065/5065
f 2941/5115/5115 2844/5151/5151 2843/5113/5113
f 2906/5049/5049 2835/5048/5048 2834/5074/5074
f 2925/5086/5086 2828/5085/5085 2827/5118/5118
f 2825/5157/5157 2960/5158/5158 2943/5121/5121
f 2825/5157/5157 2824/5159/5159 2961/5160/5160
f 2945/5124/5124 2958/5153/5153 2893/5152/5152
f 2927/5089/5089 2890/5125/5125 2889/5087/5087
f 2947/5129/5129 2883/5128/5128 2882/5130/5130
f 2951/5136/5136 2880/5156/5156 2879/5134/5134
f 2873/5161/5161 2962/5162/5162 2963/5163/5163
f 2873/5161/5161 2872/5164/5164 2954/5141/5141
f 2955/5143/5143 2870/5142/5142 2869/5144/5144
f 2931/5098/5098 2863/5097/5097 2862/5147/5147
f 2936/5106/5106 2858/5150/5150 2857/5104/5104
f 2917/5070/5070 2845/5069/5069 2844/5151/5151
f 2922/5081/5081 2831/5080/5080 2830/5117/5117
f 2961/5160/5160 2960/5158/5158 2825/5157/5157
f 2895/5165/5165 2964/5166/5166 2961/5160/5160
f 2895/5165/5165 2894/5167/5167 2959/5154/5154
f 2945/5124/5124 2892/5155/5155 2891/5122/5122
f 2949/5133/5133 2881/5132/5132 2880/5156/5156
f 2875/5168/5168 2965/5169/5169 2966/5170/5170
f 2875/5168/5168 2874/5171/5171 2963/5163/5163
f 2954/5141/5141 2962/5162/5162 2873/5161/5161
f 2930/5095/5095 2868/5146/5146 2867/5093/5093
f 2937/5109/5109 2853/5108/5108 2852/5110/5110
f 2943/5121/5121 2826/5120/5120 2825/5157/5157
f 2959/5154/5154 2964/5166/5166 2895/5165/5165
f 2928/5092/5092 2885/5091/5091 2884/5126/5126
f 2877/5172/5172 2967/5173/5173 2952/5138/5138
f 2877/5172/5172 2876/5174/5174 2966/5170/5170
f 2963/5163/5163 2965/5169/5169 2875/5168/5168
f 2954/5141/5141 2872/5164/5164 2871/5139/5139
f 2904/5045/5045 2842/5116/5116 2841/5043/5043
f 2959/5154/5154 2894/5167/5167 2893/5152/5152
f 2966/5170/5170 2967/5173/5173 2877/5172/5172
f 2963/5163/5163 2874/5171/5171 2873/5161/5161
f 2961/5160/5160 2824/5159/5159 2895/5165/5165
f 2966/5170/5170 2876/5174/5174 2875/5168/5168
f 2952/5138/5138 2878/5137/5137 2877/5172/5172
f 2934/5103/5103 2860/5102/5102 2859/5148/5148
f 2968/5175/5175 2969/5176/5176 2961/5177/5177
f 2970/5178/5178 2968/5175/5175 2964/5179/5179
f 2971/5180/5180 2970/5178/5178 2959/5181/5181
f 2972/5182/5182 2971/5180/5180 2958/5183/5183
f 2973/5184/5184 2972/5182/5182 2945/5185/5185
f 2974/5186/5186 2973/5184/5184 2944/5187/5187
f 2975/5188/5188 2974/5186/5186 2927/5189/5189
f 2976/5190/5190 2975/5188/5188 2926/5191/5191
f 2977/5192/5192 2976/5190/5190 2908/5193/5193
f 2978/5194/5194 2977/5192/5192 2907/5195/5195
f 2979/5196/5196 2978/5194/5194 2909/5197/5197
f 2980/5198/5198 2979/5196/5196 2928/5199/5199
f 2981/5200/5200 2980/5198/5198 2946/5201/5201
f 2982/5202/5202 2981/5200/5200 2947/5203/5203
f 2983/5204/5204 2982/5202/5202 2948/5205/5205
f 2984/5206/5206 2983/5204/5204 2949/5207/5207
f 2985/5208/5208 2984/5206/5206 2951/5209/5209
f 2986/5210/5210 2985/5208/5208 2950/5211/5211
f 2987/5212/5212 2986/5210/5210 2952/5213/5213
f 2988/5214/5214 2987/5212/5212 2967/5215/5215
f 2989/5216/5216 2988/5214/5214 2966/5217/5217
f 2990/5218/5218 2989/5216/5216 2965/5219/5219
f 2991/5220/5220 2990/5218/5218 2963/5221/5221
f 2992/5222/5222 2991/5220/5220 2962/5223/5223
f 2993/5224/5224 2992/5222/5222 2954/5225/5225
f 2994/5226/5226 2993/5224/5224 2953/5227/5227
f 2995/5228/5228 2994/5226/5226 2955/5229/5229
f 2996/5230/5230 2995/5228/5228 2956/5231/5231
f 2997/5232/5232 2996/5230/5230 2930/5233/5233
f 2998/5234/5234 2997/5232/5232 2929/5235/5235
f 2999/5236/5236 2998/5234/5234 2911/5237/5237
f 3000/5238/5238 2999/5236/5236 2910/5239/5239
f 3001/5240/5240 3000/5238/5238 2912/5241/5241
f 3002/5242/5242 3001/5240/5240 2931/5243/5243
f 3003/5244/5244 3002/5242/5242 2933/5245/5245
f 3004/5246/5246 3003/5244/5244 2932/5247/5247
f 3005/5248/5248 3004/5246/5246 2934/5249/5249
f 3006/5250/5250 3005/5248/5248 2957/5251/5251
f 3007/5252/5252 3006/5250/5250 2936/5253/5253
f 3008/5254/5254 3007/5252/5252 2935/5255/5255
f 3009/5256/5256 3008/5254/5254 2914/5257/5257
f 3010/5258/5258 3009/5256/5256 2913/5259/5259
f 3011/5260/5260 3010/5258/5258 2915/5261/5261
f 3012/5262/5262 3011/5260/5260 2937/5263/5263
f 3013/5264/5264 3012/5262/5262 2938/5265/5265
f 3014/5266/5266 3013/5264/5264 2939/5267/5267
f 3015/5268/5268 3014/5266/5266 2916/5269/5269
f 3016/5270/5270 3015/5268/5268 2902/5271/5271
f 3017/5272/5272 3016/5270/5270 2897/5273/5273
f 3018/5274/5274 3017/5272/5272 2896/5275/5275
f 3019/5276/5276 3018/5274/5274 2898/5277/5277
f 3020/5278/5278 3019/5276/5276 2917/5279/5279
f 3021/5280/5280 3020/5278/5278 2941/5281/5281
f 3022/5282/5282 3021/5280/5280 2940/5283/5283
f 3023/5284/5284 3022/5282/5282 2904/5285/5285
f 3024/5286/5286 3023/5284/5284 2903/5287/5287
f 3025/5288/5288 3024/5286/5286 2905/5289/5289
f 3026/5290/5290 3025/5288/5288 2918/5291/5291
f 3027/5292/5292 3026/5290/5290 2900/5293/5293
f 3028/5294/5294 3027/5292/5292 2899/5295/5295
f 3029/5296/5296 3028/5294/5294 2901/5297/5297
f 3030/5298/5298 3029/5296/5296 2906/5299/5299
f 3031/5300/5300 3030/5298/5298 2919/5301/5301
f 3032/5302/5302 3031/5300/5300 2920/5303/5303
f 3033/5304/5304 3032/5302/5302 2921/5305/5305
f 3034/5306/5306 3033/5304/5304 2922/5307/5307
f 3035/5308/5308 3034/5306/5306 2924/5309/5309
f 3036/5310/5310 3035/5308/5308 2923/5311/5311
f 3037/5312/5312 3036/5310/5310 2925/5313/5313
f 3038/5314/5314 3037/5312/5312 2942/5315/5315
f 3039/5316/5316 3038/5314/5314 2943/5317/5317
f 2969/5176/5176 3039/5316/5316 2960/5318/5318
f 2960/5318/5318 2961/5177/5177 2969/5176/5176
f 2943/5317/5317 2960/5318/5318 3039/5316/5316
f 2942/5315/5315 2943/5317/5317 3038/5314/5314
f 2925/5313/5313 2942/5315/5315 3037/5312/5312
f 2923/5311/5311 2925/5313/5313 3036/5310/5310
f 2924/5309/5309 2923/5311/5311 3035/5308/5308
f 2922/5307/5307 2924/5309/5309 3034/5306/5306
f 2921/5305/5305 2922/5307/5307 3033/5304/5304
f 2920/5303/5303 2921/5305/5305 3032/5302/5302
f 2919/5301/5301 2920/5303/5303 3031/5300/5300
f 2906/5299/5299 2919/5301/5301 3030/5298/5298
f 2901/5297/5297 2906/5299/5299 3029/5296/5296
f 2899/5295/5295 2901/5297/5297 3028/5294/5294
f 2900/5293/5293 2899/5295/5295 3027/5292/5292
f 2918/5291/5291 2900/5293/5293 3026/5290/5290
f 2905/5289/5289 2918/5291/5291 3025/5288/5288
f 2903/5287/5287 2905/5289/5289 3024/5286/5286
f 2904/5285/5285 2903/5287/5287 3023/5284/5284
f 2940/5283/5283 2904/5285/5285 3022/5282/5282
f 2941/5281/5281 2940/5283/5283 3021/5280/5280
f 2917/5279/5279 2941/5281/5281 3020/5278/5278
f 2898/5277/5277 2917/5279/5279 3019/5276/5276
f 2896/5275/5275 2898/5277/5277 3018/5274/5274
f 2897/5273/5273 2896/5275/5275 3017/5272/5272
f 2902/5271/5271 2897/5273/5273 3016/5270/5270
f 2916/5269/5269 2902/5271/5271 3015/5268/5268
f 2939/5267/5267 2916/5269/5269 3014/5266/5266
f 2938/5265/5265 2939/5267/5267 3013/5264/5264
f 2937/5263/5263 2938/5265/5265 3012/5262/5262
f 2915/5261/5261 2937/5263/5263 3011/5260/5260
f 2913/5259/5259 2915/5261/5261 3010/5258/5258
f 2914/5257/5257 2913/5259/5259 3009/5256/5256
f 2935/5255/5255 2914/5257/5257 3008/5254/5254
f 2936/5253/5253 2935/5255/5255 3007/5252/5252
f 2957/5251/5251 2936/5253/5253 3006/5250/5250
f 2934/5249/5249 2957/5251/5251 3005/5248/5248
f 2932/5247/5247 2934/5249/5249 3004/5246/5246
f 2933/5245/5245 2932/5247/5247 3003/5244/5244
f 2931/5243/5243 2933/5245/5245 3002/5242/5242
f 2912/5241/5241 2931/5243/5243 3001/5240/5240
f 2910/5239/5239 2912/5241/5241 3000/5238/5238
f 2911/5237/5237 2910/5239/5239 2999/5236/5236
f 2929/5235/5235 2911/5237/5237 2998/5234/5234
f 2930/5233/5233 2929/5235/5235 2997/5232/5232
f 2956/5231/5231 2930/5233/5233 2996/5230/5230
f 2955/5229/5229 2956/5231/5231 2995/5228/5228
f 2953/5227/5227 2955/5229/5229 2994/5226/5226
f 2954/5225/5225 2953/5227/5227 2993/5224/5224
f 2962/5223/5223 2954/5225/5225 2992/5222/5222
f 2963/5221/5221 2962/5223/5223 2991/5220/5220
f 2965/5219/5219 2963/5221/5221 2990/5218/5218
f 2966/5217/5217 2965/5219/5219 2989/5216/5216
f 2967/5215/5215 2966/5217/5217 2988/5214/5214
f 2952/5213/5213 2967/5215/5215 2987/5212/5212
f 2950/5211/5211 2952/5213/5213 2986/5210/5210
f 2951/5209/5209 2950/5211/5211 2985/5208/5208
f 2949/5207/5207 2951/5209/5209 2984/5206/5206
f 2948/5205/5205 2949/5207/5207 2983/5204/5204
f 2947/5203/5203 2948/5205/5205 2982/5202/5202
f 2946/5201/5201 2947/5203/5203 2981/5200/5200
f 2928/5199/5199 2946/5201/5201 2980/5198/5198
f 2909/5197/5197 2928/5199/5199 2979/5196/5196
f 2907/5195/5195 2909/5197/5197 2978/5194/5194
f 2908/5193/5193 2907/5195/5195 2977/5192/5192
f 2926/5191/5191 2908/5193/5193 2976/5190/5190
f 2927/5189/5189 2926/5191/5191 2975/5188/5188
f 2944/5187/5187 2927/5189/5189 2974/5186/5186
f 2945/5185/5185 2944/5187/5187 2973/5184/5184
f 2958/5183/5183 2945/5185/5185 2972/5182/5182
f 2959/5181/5181 2958/5183/5183 2971/5180/5180
f 2964/5179/5179 2959/5181/5181 2970/5178/5178
f 2961/5177/5177 2964/5179/5179 2968/5175/5175
f 2989/5319/5319 3040/5320/5320 3041/5321/5321
f 2989/5319/5319 2990/5322/5322 3042/5323/5323
f 3007/5324/5324 3043/5325/5325 3044/5326/5326
f 3007/5324/5324 3008/5327/5327 3045/5328/5328
f 2971/5329/5329 3046/5330/5330 3047/5331/5331
f 2971/5329/5329 2972/5332/5332 3048/5333/5333
f 3042/5323/5323 3040/5320/5320 2989/5319/5319
f 2990/5322/5322 2991/5334/5334 3049/5335/5335
f 2993/5336/5336 3050/5337/5337 3051/5338/5338
f 2993/5336/5336 2994/5339/5339 3052/5340/5340
f 3045/5328/5328 3043/5325/5325 3007/5324/5324
f 3008/5327/5327 3009/5341/5341 3053/5342/5342
f 3025/5343/5343 3054/5344/5344 3055/5345/5345
f 3025/5343/5343 3026/5346/5346 3056/5347/5347
f 3048/5333/5333 3046/5330/5330 2971/5329/5329
f 2972/5332/5332 2973/5348/5348 3057/5349/5349
f 3049/5335/5335 3042/5323/5323 2990/5322/5322
f 2991/5334/5334 2992/5350/5350 3051/5338/5338
f 3052/5340/5340 3050/5337/5337 2993/5336/5336
f 2994/5339/5339 2995/5351/5351 3058/5352/5352
f 3053/5342/5342 3045/5328/5328 3008/5327/5327
f 3009/5341/5341 3010/5353/5353 3059/5354/5354
f 3011/5355/5355 3060/5356/5356 3059/5354/5354
f 3011/5355/5355 3012/5357/5357 3061/5358/5358
f 3056/5347/5347 3054/5344/5344 3025/5343/5343
f 3026/5346/5346 3027/5359/5359 3062/5360/5360
f 3039/5361/5361 3063/5362/5362 3064/5363/5363
f 3039/5361/5361 2969/5364/5364 3065/5365/5365
f 2968/5366/5366 3066/5367/5367 3065/5365/5365
f 2968/5366/5366 2970/5368/5368 3047/5331/5331
f 3057/5349/5349 3048/5333/5333 2972/5332/5332
f 2973/5348/5348 2974/5369/5369 3067/5370/5370
f 2975/5371/5371 3068/5372/5372 3067/5370/5370
f 2975/5371/5371 2976/5373/5373 3069/5374/5374
f 2979/5375/5375 3070/5376/5376 3071/5377/5377
f 2979/5375/5375 2980/5378/5378 3072/5379/5379
f 2983/5380/5380 3073/5381/5381 3074/5382/5382
f 2983/5380/5380 2984/5383/5383 3075/5384/5384
f 2985/5385/5385 3076/5386/5386 3075/5384/5384
f 2985/5385/5385 2986/5387/5387 3077/5388/5388
f 2987/5389/5389 3078/5390/5390 3077/5388/5388
f 2987/5389/5389 2988/5391/5391 3041/5321/5321
f 3051/5338/5338 3049/5335/5335 2991/5334/5334
f 3058/5352/5352 3052/5340/5340 2994/5339/5339
f 2996/5392/5392 3079/5393/5393 3058/5352/5352
f 2996/5392/5392 2997/5394/5394 3080/5395/5395
f 3005/5396/5396 3081/5397/5397 3082/5398/5398
f 3005/5396/5396 3006/5399/5399 3044/5326/5326
f 3059/5354/5354 3053/5342/5342 3009/5341/5341
f 3061/5358/5358 3060/5356/5356 3011/5355/5355
f 3016/5400/5400 3083/5401/5401 3084/5402/5402
f 3016/5400/5400 3017/5403/5403 3085/5404/5404
f 3019/5405/5405 3086/5406/5406 3087/5407/5407
f 3019/5405/5405 3020/5408/5408 3088/5409/5409
f 3021/5410/5410 3089/5411/5411 3088/5409/5409
f 3021/5410/5410 3022/5412/5412 3090/5413/5413
f 3023/5414/5414 3091/5415/5415 3090/5413/5413
f 3023/5414/5414 3024/5416/5416 3055/5345/5345
f 3062/5360/5360 3056/5347/5347 3026/5346/5346
f 3027/5359/5359 3028/5417/5417 3092/5418/5418
f 3029/5419/5419 3093/5420/5420 3092/5418/5418
f 3029/5419/5419 3030/5421/5421 3094/5422/5422
f 3065/5365/5365 3063/5362/5362 3039/5361/5361
f 3047/5331/5331 3066/5367/5367 2968/5366/5366
f 3067/5370/5370 3057/5349/5349 2973/5348/5348
f 3069/5374/5374 3068/5372/5372 2975/5371/5371
f 3072/5379/5379 3070/5376/5376 2979/5375/5375
f 2980/5378/5378 2981/5423/5423 3095/5424/5424
f 2982/5425/5425 3074/5382/5382 3095/5424/5424
f 3075/5384/5384 3073/5381/5381 2983/5380/5380
f 3077/5388/5388 3076/5386/5386 2985/5385/5385
f 3041/5321/5321 3078/5390/5390 2987/5389/5389
f 3051/5338/5338 2992/5350/5350 2993/5336/5336
f 3080/5395/5395 3079/5393/5393 2996/5392/5392
f 3044/5326/5326 3081/5397/5397 3005/5396/5396
f 3059/5354/5354 3010/5353/5353 3011/5355/5355
f 3013/5426/5426 3096/5427/5427 3061/5358/5358
f 3013/5426/5426 3014/5428/5428 3097/5429/5429
f 3015/5430/5430 3084/5402/5402 3097/5429/5429
f 3085/5404/5404 3083/5401/5401 3016/5400/5400
f 3018/5431/5431 3087/5407/5407 3085/5404/5404
f 3088/5409/5409 3086/5406/5406 3019/5405/5405
f 3090/5413/5413 3089/5411/5411 3021/5410/5410
f 3055/5345/5345 3091/5415/5415 3023/5414/5414
f 3092/5418/5418 3062/5360/5360 3027/5359/5359
f 3094/5422/5422 3093/5420/5420 3029/5419/5419
f 3031/5432/5432 3098/5433/5433 3094/5422/5422
f 3031/5432/5432 3032/5434/5434 3099/5435/5435
f 3037/5436/5436 3100/5437/5437 3101/5438/5438
f 3037/5436/5436 3038/5439/5439 3064/5363/5363
f 3065/5365/5365 2969/5364/5364 2968/5366/5366
f 3067/5370/5370 2974/5369/5369 2975/5371/5371
f 2977/5440/5440 3102/5441/5441 3069/5374/5374
f 2977/5440/5440 2978/5442/5442 3071/5377/5377
f 3095/5424/5424 3072/5379/5379 2980/5378/5378
f 3074/5382/5382 2982/5425/5425 2983/5380/5380
f 3077/5388/5388 2986/5387/5387 2987/5389/5389
f 3058/5352/5352 2995/5351/5351 2996/5392/5392
f 3044/5326/5326 3006/5399/5399 3007/5324/5324
f 3097/5429/5429 3096/5427/5427 3013/5426/5426
f 3084/5402/5402 3015/5430/5430 3016/5400/5400
f 3087/5407/5407 3018/5431/5431 3019/5405/5405
f 3090/5413/5413 3022/5412/5412 3023/5414/5414
f 3092/5418/5418 3028/5417/5417 3029/5419/5419
f 3099/5435/5435 3098/5433/5433 3031/5432/5432
f 3032/5434/5434 3033/5443/5443 3103/5444/5444
f 3034/5445/5445 3104/5446/5446 3103/5444/5444
f 3034/5445/5445 3035/5447/5447 3105/5448/5448
f 3036/5449/5449 3101/5438/5438 3105/5448/5448
f 3064/5363/5363 3100/5437/5437 3037/5436/5436
f 3047/5331/5331 2970/5368/5368 2971/5329/5329
f 3071/5377/5377 3102/5441/5441 2977/5440/5440
f 3095/5424/5424 2981/5423/5423 2982/5425/5425
f 3041/5321/5321 2988/5391/5391 2989/5319/5319
f 3001/5450/5450 3106/5451/5451 3107/5452/5452
f 3001/5450/5450 3002/5453/5453 3108/5454/5454
f 3061/5358/5358 3012/5357/5357 3013/5426/5426
f 3085/5404/5404 3017/5403/5403 3018/5431/5431
f 3055/5345/5345 3024/5416/5416 3025/5343/5343
f 3103/5444/5444 3099/5435/5435 3032/5434/5434
f 3105/5448/5448 3104/5446/5446 3034/5445/5445
f 3101/5438/5438 3036/5449/5449 3037/5436/5436
f 3069/5374/5374 2976/5373/5373 2977/5440/5440
f 3075/5384/5384 2984/5383/5383 2985/5385/5385
f 2998/5455/5455 3109/5456/5456 3080/5395/5395
f 2998/5455/5455 2999/5457/5457 3110/5458/5458
f 3000/5459/5459 3107/5452/5452 3110/5458/5458
f 3108/5454/5454 3106/5451/5451 3001/5450/5450
f 3097/5429/5429 3014/5428/5428 3015/5430/5430
f 3094/5422/5422 3030/5421/5421 3031/5432/5432
f 3105/5448/5448 3035/5447/5447 3036/5449/5449
f 3071/5377/5377 2978/5442/5442 2979/5375/5375
f 3110/5458/5458 3109/5456/5456 2998/5455/5455
f 3107/5452/5452 3000/5459/5459 3001/5450/5450
f 3003/5460/5460 3111/5461/5461 3108/5454/5454
f 3003/5460/5460 3004/5462/5462 3082/5398/5398
f 3088/5409/5409 3020/5408/5408 3021/5410/5410
f 3064/5363/5363 3038/5439/5439 3039/5361/5361
f 3110/5458/5458 2999/5457/5457 3000/5459/5459
f 3082/5398/5398 3111/5461/5461 3003/5460/5460
f 3103/5444/5444 3033/5443/5443 3034/5445/5445
f 3108/5454/5454 3002/5453/5453 3003/5460/5460
f 3080/5395/5395 2997/5394/5394 2998/5455/5455
f 3082/5398/5398 3004/5462/5462 3005/5396/5396
f 3111/5463/5463 3082/5464/5464 3112/5465/5465
f 3108/5466/5466 3111/5463/5463 3113/5467/5467
f 3106/5468/5468 3108/5466/5466 3114/5469/5469
f 3107/5470/5470 3106/5468/5468 3115/5471/5471
f 3110/5472/5472 3107/5470/5470 3116/5473/5473
f 3109/5474/5474 3110/5472/5472 3117/5475/5475
f 3080/5476/5476 3109/5474/5474 3118/5477/5477
f 3079/5478/5478 3080/5476/5476 3119/5479/5479
f 3058/5480/5480 3079/5478/5478 3120/5481/5481
f 3052/5482/5482 3058/5480/5480 3121/5483/5483
f 3050/5484/5484 3052/5482/5482 3122/5485/5485
f 3051/5486/5486 3050/5484/5484 3123/5487/5487
f 3049/5488/5488 3051/5486/5486 3124/5489/5489
f 3042/5490/5490 3049/5488/5488 3125/5491/5491
f 3040/5492/5492 3042/5490/5490 3126/5493/5493
f 3041/5494/5494 3040/5492/5492 3127/5495/5495
f 3078/5496/5496 3041/5494/5494 3128/5497/5497
f 3077/5498/5498 3078/5496/5496 3129/5499/5499
f 3076/5500/5500 3077/5498/5498 3130/5501/5501
f 3075/5502/5502 3076/5500/5500 3131/5503/5503
f 3073/5504/5504 3075/5502/5502 3132/5505/5505
f 3074/5506/5506 3073/5504/5504 3133/5507/5507
f 3095/5508/5508 3074/5506/5506 3134/5509/5509
f 3072/5510/5510 3095/5508/5508 3135/5511/5511
f 3070/5512/5512 3072/5510/5510 3136/5513/5513
f 3071/5514/5514 3070/5512/5512 3137/5515/5515
f 3102/5516/5516 3071/5514/5514 3138/5517/5517
f 3069/5518/5518 3102/5516/5516 3139/5519/5519
f 3068/5520/5520 3069/5518/5518 3140/5521/5521
f 3067/5522/5522 3068/5520/5520 3141/5523/5523
f 3057/5524/5524 3067/5522/5522 3142/5525/5525
f 3048/5526/5526 3057/5524/5524 3143/5527/5527
f 3046/5528/5528 3048/5526/5526 3144/5529/5529
f 3047/5530/5530 3046/5528/5528 3145/5531/5531
f 3066/5532/5532 3047/5530/5530 3146/5533/5533
f 3065/5534/5534 3066/5532/5532 3147/5535/5535
f 3063/5536/5536 3065/5534/5534 3148/5537/5537
f 3064/5538/5538 3063/5536/5536 3149/5539/5539
f 3100/5540/5540 3064/5538/5538 3150/5541/5541
f 3101/5542/5542 3100/5540/5540 3151/5543/5543
f 3105/5544/5544 3101/5542/5542 3152/5545/5545
f 3104/5546/5546 3105/5544/5544 3153/5547/5547
f 3103/5548/5548 3104/5546/5546 3154/5549/5549
f 3099/5550/5550 3103/5548/5548 3155/5551/5551
f 3098/5552/5552 3099/5550/5550 3156/5553/5553
f 3094/5554/5554 3098/5552/5552 3157/5555/5555
f 3093/5556/5556 3094/5554/5554 3158/5557/5557
f 3092/5558/5558 3093/5556/5556 3159/5559/5559
f 3062/5560/5560 3092/5558/5558 3160/5561/5561
f 3056/5562/5562 3062/5560/5560 3161/5563/5563
f 3054/5564/5564 3056/5562/5562 3162/5565/5565
f 3055/5566/5566 3054/5564/5564 3163/5567/5567
f 3091/5568/5568 3055/5566/5566 3164/5569/5569
f 3090/5570/5570 3091/5568/5568 3165/5571/5571
f 3089/5572/5572 3090/5570/5570 3166/5573/5573
f 3088/5574/5574 3089/5572/5572 3167/5575/5575
f 3086/5576/5576 3088/5574/5574 3168/5577/5577
f 3087/5578/5578 3086/5576/5576 3169/5579/5579
f 3085/5580/5580 3087/5578/5578 3170/5581/5581
f 3083/5582/5582 3085/5580/5580 3171/5583/5583
f 3084/5584/5584 3083/5582/5582 3172/5585/5585
f 3097/5586/5586 3084/5584/5584 3173/5587/5587
f 3096/5588/5588 3097/5586/5586 3174/5589/5589
f 3061/5590/5590 3096/5588/5588 3175/5591/5591
f 3060/5592/5592 3061/5590/5590 3176/5593/5593
f 3059/5594/5594 3060/5592/5592 3177/5595/5595
f 3053/5596/5596 3059/5594/5594 3178/5597/5597
f 3045/5598/5598 3053/5596/5596 3179/5599/5599
f 3043/5600/5600 3045/5598/5598 3180/5601/5601
f 3044/5602/5602 3043/5600/5600 3181/5603/5603
f 3081/5604/5604 3044/5602/5602 3182/5605/5605
f 3082/5464/5464 3081/5604/5604 3183/5606/5606
f 3183/5606/5606 3112/5465/5465 3082/5464/5464
f 3182/5605/5605 3183/5606/5606 3081/5604/5604
f 3181/5603/5603 3182/5605/5605 3044/5602/5602
f 3180/5601/5601 3181/5603/5603 3043/5600/5600
f 3179/5599/5599 3180/5601/5601 3045/5598/5598
f 3178/5597/5597 3179/5599/5599 3053/5596/5596
f 3177/5595/5595 3178/5597/5597 3059/5594/5594
f 3176/5593/5593 3177/5595/5595 3060/5592/5592
f 3175/5591/5591 3176/5593/5593 3061/5590/5590
f 3174/5589/5589 3175/5591/5591 3096/5588/5588
f 3173/5587/5587 3174/5589/5589 3097/5586/5586
f 3172/5585/5585 3173/5587/5587 3084/5584/5584
f 3171/5583/5583 3172/5585/5585 3083/5582/5582
f 3170/5581/5581 3171/5583/5583 3085/5580/5580
f 3169/5579/5579 3170/5581/5581 3087/5578/5578
f 3168/5577/5577 3169/5579/5579 3086/5576/5576
f 3167/5575/5575 3168/5577/5577 3088/5574/5574
f 3166/5573/5573 3167/5575/5575 3089/5572/5572
f 3165/5571/5571 3166/5573/5573 3090/5570/5570
f 3164/5569/5569 3165/5571/5571 3091/5568/5568
f 3163/5567/5567 3164/5569/5569 3055/5566/5566
f 3162/5565/5565 3163/5567/5567 3054/5564/5564
f 3161/5563/5563 3162/5565/5565 3056/5562/5562
f 3160/5561/5561 3161/5563/5563 3062/5560/5560
f 3159/5559/5559 3160/5561/5561 3092/5558/5558
f 3158/5557/5557 3159/5559/5559 3093/5556/5556
f 3157/5555/5555 3158/5557/5557 3094/5554/5554
f 3156/5553/5553 3157/5555/5555 3098/5552/5552
f 3155/5551/5551 3156/5553/5553 3099/5550/5550
f 3154/5549/5549 3155/5551/5551 3103/5548/5548
f 3153/5547/5547 3154/5549/5549 3104/5546/5546
f 3152/5545/5545 3153/5547/5547 3105/5544/5544
f 3151/5543/5543 3152/5545/5545 3101/5542/5542
f 3150/5541/5541 3151/5543/5543 3100/5540/5540
f 3149/5539/5539 3150/5541/5541 3064/5538/5538
f 3148/5537/5537 3149/5539/5539 3063/5536/5536
f 3147/5535/5535 3148/5537/5537 3065/5534/5534
f 3146/5533/5533 3147/5535/5535 3066/5532/5532
f 3145/5531/5531 3146/5533/5533 3047/5530/5530
f 3144/5529/5529 3145/5531/5531 3046/5528/5528
f 3143/5527/5527 3144/5529/5529 3048/5526/5526
f 3142/5525/5525 3143/5527/5527 3057/5524/5524
f 3141/5523/5523 3142/5525/5525 3067/5522/5522
f 3140/5521/5521 3141/5523/5523 3068/5520/5520
f 3139/5519/5519 3140/5521/5521 3069/5518/5518
f 3138/5517/5517 3139/5519/5519 3102/5516/5516
f 3137/5515/5515 3138/5517/5517 3071/5514/5514
f 3136/5513/5513 3137/5515/5515 3070/5512/5512
f 3135/5511/5511 3136/5513/5513 3072/5510/5510
f 3134/5509/5509 3135/5511/5511 3095/5508/5508
f 3133/5507/5507 3134/5509/5509 3074/5506/5506
f 3132/5505/5505 3133/5507/5507 3073/5504/5504
f 3131/5503/5503 3132/5505/5505 3075/5502/5502
f 3130/5501/5501 3131/5503/5503 3076/5500/5500
f 3129/5499/5499 3130/5501/5501 3077/5498/5498
f 3128/5497/5497 3129/5499/5499 3078/5496/5496
f 3127/5495/5495 3128/5497/5497 3041/5494/5494
f 3126/5493/5493 3127/5495/5495 3040/5492/5492
f 3125/5491/5491 3126/5493/5493 3042/5490/5490
f 3124/5489/5489 3125/5491/5491 3049/5488/5488
f 3123/5487/5487 3124/5489/5489 3051/5486/5486
f 3122/5485/5485 3123/5487/5487 3050/5484/5484
f 3121/5483/5483 3122/5485/5485 3052/5482/5482
f 3120/5481/5481 3121/5483/5483 3058/5480/5480
f 3119/5479/5479 3120/5481/5481 3079/5478/5478
f 3118/5477/5477 3119/5479/5479 3080/5476/5476
f 3117/5475/5475 3118/5477/5477 3109/5474/5474
f 3116/5473/5473 3117/5475/5475 3110/5472/5472
f 3115/5471/5471 3116/5473/5473 3107/5470/5470
f 3114/5469/5469 3115/5471/5471 3106/5468/5468
f 3113/5467/5467 3114/5469/5469 3108/5466/5466
f 3112/5465/5465 3113/5467/5467 3111/5463/5463
f 793/5607/5607 3184/5608/5608 3185/5609/5609
f 797/5610/5610 3185/5609/5609 3186/5611/5611
f 798/5612/5612 3186/5611/5611 3187/5613/5613
f 796/5614/5614 3187/5613/5613 3188/5615/5615
f 791/5616/5616 3188/5615/5615 3189/5617/5617
f 792/5618/5618 3189/5617/5617 3190/5619/5619
f 800/5620/5620 3190/5619/5619 3191/5621/5621
f 815/5622/5622 3191/5621/5621 3192/5623/5623
f 816/5624/5624 3192/5623/5623 3193/5625/5625
f 813/5626/5626 3193/5625/5625 3194/5627/5627
f 814/5628/5628 3194/5627/5627 3195/5629/5629
f 825/5630/5630 3195/5629/5629 3196/5631/5631
f 823/5632/5632 3196/5631/5631 3197/5633/5633
f 824/5634/5634 3197/5633/5633 3198/5635/5635
f 821/5636/5636 3198/5635/5635 3199/5637/5637
f 822/5638/5638 3199/5637/5637 3200/5639/5639
f 819/5640/5640 3200/5639/5639 3201/5641/5641
f 820/5642/5642 3201/5641/5641 3202/5643/5643
f 811/5644/5644 3202/5643/5643 3203/5645/5645
f 812/5646/5646 3203/5645/5645 3204/5647/5647
f 810/5648/5648 3204/5647/5647 3205/5649/5649
f 817/5650/5650 3205/5649/5649 3206/5651/5651
f 818/5652/5652 3206/5651/5651 3207/5653/5653
f 808/5654/5654 3207/5653/5653 3208/5655/5655
f 806/5656/5656 3208/5655/5655 3209/5657/5657
f 807/5658/5658 3209/5657/5657 3210/5659/5659
f 804/5660/5660 3210/5659/5659 3211/5661/5661
f 805/5662/5662 3211/5661/5661 3212/5663/5663
f 802/5664/5664 3212/5663/5663 3213/5665/5665
f 803/5666/5666 3213/5665/5665 3214/5667/5667
f 830/5668/5668 3214/5667/5667 3215/5669/5669
f 831/5670/5670 3215/5669/5669 3216/5671/5671
f 834/5672/5672 3216/5671/5671 3217/5673/5673
f 828/5674/5674 3217/5673/5673 3218/5675/5675
f 829/5676/5676 3218/5675/5675 3219/5677/5677
f 827/5678/5678 3219/5677/5677 3220/5679/5679
f 835/5680/5680 3220/5679/5679 3221/5681/5681
f 832/5682/5682 3221/5681/5681 3222/5683/5683
f 833/5684/5684 3222/5683/5683 3223/5685/5685
f 785/5686/5686 3223/5685/5685 3224/5687/5687
f 776/5688/5688 3224/5687/5687 3225/5689/5689
f 768/5690/5690 3225/5689/5689 3226/5691/5691
f 769/5692/5692 3226/5691/5691 3227/5693/5693
f 765/5694/5694 3227/5693/5693 3228/5695/5695
f 766/5696/5696 3228/5695/5695 3229/5697/5697
f 780/5698/5698 3229/5697/5697 3230/5699/5699
f 781/5700/5700 3230/5699/5699 3231/5701/5701
f 774/5702/5702 3231/5701/5701 3232/5703/5703
f 775/5704/5704 3232/5703/5703 3233/5705/5705
f 772/5706/5706 3233/5705/5705 3234/5707/5707
f 773/5708/5708 3234/5707/5707 3235/5709/5709
f 770/5710/5710 3235/5709/5709 3236/5711/5711
f 771/5712/5712 3236/5711/5711 3237/5713/5713
f 784/5714/5714 3237/5713/5713 3238/5715/5715
f 778/5716/5716 3238/5715/5715 3239/5717/5717
f 779/5718/5718 3239/5717/5717 3240/5719/5719
f 777/5720/5720 3240/5719/5719 3241/5721/5721
f 759/5722/5722 3241/5721/5721 3242/5723/5723
f 760/5724/5724 3242/5723/5723 3243/5725/5725
f 763/5726/5726 3243/5725/5725 3244/5727/5727
f 761/5728/5728 3244/5727/5727 3245/5729/5729
f 762/5730/5730 3245/5729/5729 3246/5731/5731
f 788/5732/5732 3246/5731/5731 3247/5733/5733
f 782/5734/5734 3247/5733/5733 3248/5735/5735
f 783/5736/5736 3248/5735/5735 3249/5737/5737
f 786/5738/5738 3249/5737/5737 3250/5739/5739
f 787/5740/5740 3250/5739/5739 3251/5741/5741
f 790/5742/5742 3251/5741/5741 3252/5743/5743
f 789/5744/5744 3252/5743/5743 3253/5745/5745
f 799/5746/5746 3253/5745/5745 3254/5747/5747
f 794/5748/5748 3254/5747/5747 3255/5749/5749
f 795/5750/5750 3255/5749/5749 3184/5608/5608
f 3184/5608/5608 793/5607/5607 795/5750/5750
f 3255/5749/5749 795/5750/5750 794/5748/5748
f 3254/5747/5747 794/5748/5748 799/5746/5746
f 3253/5745/5745 799/5746/5746 789/5744/5744
f 3252/5743/5743 789/5744/5744 790/5742/5742
f 3251/5741/5741 790/5742/5742 787/5740/5740
f 3250/5739/5739 787/5740/5740 786/5738/5738
f 3249/5737/5737 786/5738/5738 783/5736/5736
f 3248/5735/5735 783/5736/5736 782/5734/5734
f 3247/5733/5733 782/5734/5734 788/5732/5732
f 3246/5731/5731 788/5732/5732 762/5730/5730
f 3245/5729/5729 762/5730/5730 761/5728/5728
f 3244/5727/5727 761/5728/5728 763/5726/5726
f 3243/5725/5725 763/5726/5726 760/5724/5724
f 3242/5723/5723 760/5724/5724 759/5722/5722
f 3241/5721/5721 759/5722/5722 777/5720/5720
f 3240/5719/5719 777/5720/5720 779/5718/5718
f 3239/5717/5717 779/5718/5718 778/5716/5716
f 3238/5715/5715 778/5716/5716 784/5714/5714
f 3237/5713/5713 784/5714/5714 771/5712/5712
f 3236/5711/5711 771/5712/5712 770/5710/5710
f 3235/5709/5709 770/5710/5710 773/5708/5708
f 3234/5707/5707 773/5708/5708 772/5706/5706
f 3233/5705/5705 772/5706/5706 775/5704/5704
f 3232/5703/5703 775/5704/5704 774/5702/5702
f 3231/5701/5701 774/5702/5702 781/5700/5700
f 3230/5699/5699 781/5700/5700 780/5698/5698
f 3229/5697/5697 780/5698/5698 766/5696/5696
f 3228/5695/5695 766/5696/5696 765/5694/5694
f 3227/5693/5693 765/5694/5694 769/5692/5692
f 3226/5691/5691 769/5692/5692 768/5690/5690
f 3225/5689/5689 768/5690/5690 776/5688/5688
f 3224/5687/5687 776/5688/5688 785/5686/5686
f 3223/5685/5685 785/5686/5686 833/5684/5684
f 3222/5683/5683 833/5684/5684 832/5682/5682
f 3221/5681/5681 832/5682/5682 835/5680/5680
f 3220/5679/5679 835/5680/5680 827/5678/5678
f 3219/5677/5677 827/5678/5678 829/5676/5676
f 3218/5675/5675 829/5676/5676 828/5674/5674
f 3217/5673/5673 828/5674/5674 834/5672/5672
f 3216/5671/5671 834/5672/5672 831/5670/5670
f 3215/5669/5669 831/5670/5670 830/5668/5668
f 3214/5667/5667 830/5668/5668 803/5666/5666
f 3213/5665/5665 803/5666/5666 802/5664/5664
f 3212/5663/5663 802/5664/5664 805/5662/5662
f 3211/5661/5661 805/5662/5662 804/5660/5660
f 3210/5659/5659 804/5660/5660 807/5658/5658
f 3209/5657/5657 807/5658/5658 806/5656/5656
f 3208/5655/5655 806/5656/5656 808/5654/5654
f 3207/5653/5653 808/5654/5654 818/5652/5652
f 3206/5651/5651 818/5652/5652 817/5650/5650
f 3205/5649/5649 817/5650/5650 810/5648/5648
f 3204/5647/5647 810/5648/5648 812/5646/5646
f 3203/5645/5645 812/5646/5646 811/5644/5644
f 3202/5643/5643 811/5644/5644 820/5642/5642
f 3201/5641/5641 820/5642/5642 819/5640/5640
f 3200/5639/5639 819/5640/5640 822/5638/5638
f 3199/5637/5637 822/5638/5638 821/5636/5636
f 3198/5635/5635 821/5636/5636 824/5634/5634
f 3197/5633/5633 824/5634/5634 823/5632/5632
f 3196/5631/5631 823/5632/5632 825/5630/5630
f 3195/5629/5629 825/5630/5630 814/5628/5628
f 3194/5627/5627 814/5628/5628 813/5626/5626
f 3193/5625/5625 813/5626/5626 816/5624/5624
f 3192/5623/5623 816/5624/5624 815/5622/5622
f 3191/5621/5621 815/5622/5622 800/5620/5620
f 3190/5619/5619 800/5620/5620 792/5618/5618
f 3189/5617/5617 792/5618/5618 791/5616/5616
f 3188/5615/5615 791/5616/5616 796/5614/5614
f 3187/5613/5613 796/5614/5614 798/5612/5612
f 3186/5611/5611 798/5612/5612 797/5610/5610
f 3185/5609/5609 797/5610/5610 793/5607/5607
f 3207/5751/5751 3256/5752/5752 3257/5753/5753
f 3207/5751/5751 3206/5754/5754 3258/5755/5755
f 3197/5756/5756 3259/5757/5757 3260/5758/5758
f 3197/5756/5756 3196/5759/5759 3261/5760/5760
f 3208/5761/5761 3257/5753/5753 3262/5762/5762
f 3258/5755/5755 3256/5752/5752 3207/5751/5751
f 3201/5763/5763 3263/5764/5764 3264/5765/5765
f 3201/5763/5763 3200/5766/5766 3265/5767/5767
f 3261/5760/5760 3259/5757/5757 3197/5756/5756
f 3196/5759/5759 3195/5768/5768 3266/5769/5769
f 3247/5770/5770 3267/5771/5771 3268/5772/5772
f 3247/5770/5770 3246/5773/5773 3269/5774/5774
f 3225/5775/5775 3270/5776/5776 3271/5777/5777
f 3225/5775/5775 3224/5778/5778 3272/5779/5779
f 3221/5780/5780 3273/5781/5781 3274/5782/5782
f 3215/5783/5783 3275/5784/5784 3276/5785/5785
f 3215/5783/5783 3214/5786/5786 3277/5787/5787
f 3211/5788/5788 3210/5789/5789 3278/5790/5790
f 3210/5789/5789 3209/5791/5791 3262/5762/5762
f 3257/5753/5753 3208/5761/5761 3207/5751/5751
f 3206/5754/5754 3205/5792/5792 3279/5793/5793
f 3265/5767/5767 3263/5764/5764 3201/5763/5763
f 3200/5766/5766 3199/5794/5794 3280/5795/5795
f 3198/5796/5796 3260/5758/5758 3280/5795/5795
f 3266/5769/5769 3261/5760/5760 3196/5759/5759
f 3194/5797/5797 3281/5798/5798 3266/5769/5769
f 3193/5799/5799 3282/5800/5800 3281/5798/5798
f 3193/5799/5799 3192/5801/5801 3283/5802/5802
f 3192/5801/5801 3191/5803/5803 3284/5804/5804
f 3189/5805/5805 3285/5806/5806 3286/5807/5807
f 3189/5805/5805 3188/5808/5808 3287/5809/5809
f 3249/5810/5810 3288/5811/5811 3289/5812/5812
f 3249/5810/5810 3248/5813/5813 3268/5772/5772
f 3269/5774/5774 3267/5771/5771 3247/5770/5770
f 3246/5773/5773 3245/5814/5814 3290/5815/5815
f 3227/5816/5816 3291/5817/5817 3292/5818/5818
f 3227/5816/5816 3226/5819/5819 3271/5777/5777
f 3272/5779/5779 3270/5776/5776 3225/5775/5775
f 3224/5778/5778 3223/5820/5820 3293/5821/5821
f 3222/5822/5822 3294/5823/5823 3293/5821/5821
f 3274/5782/5782 3222/5822/5822 3221/5780/5780
f 3217/5824/5824 3295/5825/5825 3296/5826/5826
f 3217/5824/5824 3216/5827/5827 3276/5785/5785
f 3277/5787/5787 3275/5784/5784 3215/5783/5783
f 3214/5786/5786 3213/5828/5828 3297/5829/5829
f 3212/5830/5830 3298/5831/5831 3297/5829/5829
f 3212/5830/5830 3211/5788/5788 3299/5832/5832
f 3262/5762/5762 3278/5790/5790 3210/5789/5789
f 3279/5793/5793 3258/5755/5755 3206/5754/5754
f 3203/5833/5833 3300/5834/5834 3301/5835/5835
f 3203/5833/5833 3202/5836/5836 3264/5765/5765
f 3280/5795/5795 3265/5767/5767 3200/5766/5766
f 3260/5758/5758 3198/5796/5796 3197/5756/5756
f 3281/5798/5798 3194/5797/5797 3193/5799/5799
f 3284/5804/5804 3283/5802/5802 3192/5801/5801
f 3190/5837/5837 3286/5807/5807 3284/5804/5804
f 3287/5809/5809 3285/5806/5806 3189/5805/5805
f 3187/5838/5838 3302/5839/5839 3287/5809/5809
f 3187/5838/5838 3186/5840/5840 3303/5841/5841
f 3251/5842/5842 3304/5843/5843 3305/5844/5844
f 3251/5842/5842 3250/5845/5845 3289/5812/5812
f 3268/5772/5772 3288/5811/5811 3249/5810/5810
f 3290/5815/5815 3269/5774/5774 3246/5773/5773
f 3244/5846/5846 3306/5847/5847 3290/5815/5815
f 3244/5846/5846 3243/5848/5848 3307/5849/5849
f 3242/5850/5850 3308/5851/5851 3307/5849/5849
f 3242/5850/5850 3241/5852/5852 3309/5853/5853
f 3239/5854/5854 3310/5855/5855 3311/5856/5856
f 3239/5854/5854 3238/5857/5857 3312/5858/5858
f 3231/5859/5859 3313/5860/5860 3314/5861/5861
f 3231/5859/5859 3230/5862/5862 3315/5863/5863
f 3229/5864/5864 3316/5865/5865 3315/5863/5863
f 3229/5864/5864 3228/5866/5866 3292/5818/5818
f 3271/5777/5777 3291/5817/5817 3227/5816/5816
f 3293/5821/5821 3272/5779/5779 3224/5778/5778
f 3274/5782/5782 3294/5823/5823 3222/5822/5822
f 3221/5780/5780 3220/5867/5867 3317/5868/5868
f 3219/5869/5869 3318/5870/5870 3317/5868/5868
f 3219/5869/5869 3218/5871/5871 3296/5826/5826
f 3276/5785/5785 3295/5825/5825 3217/5824/5824
f 3297/5829/5829 3277/5787/5787 3214/5786/5786
f 3299/5832/5832 3298/5831/5831 3212/5830/5830
f 3262/5762/5762 3209/5791/5791 3208/5761/5761
f 3204/5872/5872 3301/5835/5835 3279/5793/5793
f 3264/5765/5765 3300/5834/5834 3203/5833/5833
f 3280/5795/5795 3199/5794/5794 3198/5796/5796
f 3283/5802/5802 3282/5800/5800 3193/5799/5799
f 3286/5807/5807 3190/5837/5837 3189/5805/5805
f 3303/5841/5841 3302/5839/5839 3187/5838/5838
f 3253/5873/5873 3319/5874/5874 3320/5875/5875
f 3253/5873/5873 3252/5876/5876 3305/5844/5844
f 3289/5812/5812 3304/5843/5843 3251/5842/5842
f 3268/5772/5772 3248/5813/5813 3247/5770/5770
f 3307/5849/5849 3306/5847/5847 3244/5846/5846
f 3309/5853/5853 3308/5851/5851 3242/5850/5850
f 3240/5877/5877 3311/5856/5856 3309/5853/5853
f 3312/5858/5858 3310/5855/5855 3239/5854/5854
f 3315/5863/5863 3313/5860/5860 3231/5859/5859
f 3292/5818/5818 3316/5865/5865 3229/5864/5864
f 3271/5777/5777 3226/5819/5819 3225/5775/5775
f 3317/5868/5868 3273/5781/5781 3221/5780/5780
f 3296/5826/5826 3318/5870/5870 3219/5869/5869
f 3276/5785/5785 3216/5827/5827 3215/5783/5783
f 3278/5790/5790 3299/5832/5832 3211/5788/5788
f 3301/5835/5835 3204/5872/5872 3203/5833/5833
f 3266/5769/5769 3195/5768/5768 3194/5797/5797
f 3287/5809/5809 3188/5808/5808 3187/5838/5838
f 3185/5878/5878 3321/5879/5879 3303/5841/5841
f 3185/5878/5878 3184/5880/5880 3322/5881/5881
f 3305/5844/5844 3319/5874/5874 3253/5873/5873
f 3289/5812/5812 3250/5845/5845 3249/5810/5810
f 3307/5849/5849 3243/5848/5848 3242/5850/5850
f 3311/5856/5856 3240/5877/5877 3239/5854/5854
f 3233/5882/5882 3323/5883/5883 3324/5884/5884
f 3233/5882/5882 3232/5885/5885 3314/5861/5861
f 3315/5863/5863 3230/5862/5862 3229/5864/5864
f 3293/5821/5821 3223/5820/5820 3222/5822/5822
f 3296/5826/5826 3218/5871/5871 3217/5824/5824
f 3279/5793/5793 3205/5792/5792 3204/5872/5872
f 3284/5804/5804 3191/5803/5803 3190/5837/5837
f 3322/5881/5881 3321/5879/5879 3185/5878/5878
f 3255/5886/5886 3325/5887/5887 3322/5881/5881
f 3255/5886/5886 3254/5888/5888 3320/5875/5875
f 3305/5844/5844 3252/5876/5876 3251/5842/5842
f 3309/5853/5853 3241/5852/5852 3240/5877/5877
f 3235/5889/5889 3326/5890/5890 3327/5891/5891
f 3235/5889/5889 3234/5892/5892 3324/5884/5884
f 3314/5861/5861 3323/5883/5883 3233/5882/5882
f 3292/5818/5818 3228/5866/5866 3227/5816/5816
f 3297/5829/5829 3213/5828/5828 3212/5830/5830
f 3303/5841/5841 3186/5840/5840 3185/5878/5878
f 3320/5875/5875 3325/5887/5887 3255/5886/5886
f 3290/5815/5815 3245/5814/5814 3244/5846/5846
f 3237/5893/5893 3328/5894/5894 3312/5858/5858
f 3237/5893/5893 3236/5895/5895 3327/5891/5891
f 3324/5884/5884 3326/5890/5890 3235/5889/5889
f 3314/5861/5861 3232/5885/5885 3231/5859/5859
f 3264/5765/5765 3202/5836/5836 3201/5763/5763
f 3320/5875/5875 3254/5888/5888 3253/5873/5873
f 3327/5891/5891 3328/5894/5894 3237/5893/5893
f 3324/5884/5884 3234/5892/5892 3233/5882/5882
f 3322/5881/5881 3184/5880/5880 3255/5886/5886
f 3327/5891/5891 3236/5895/5895 3235/5889/5889
f 3312/5858/5858 3238/5857/5857 3237/5893/5893
f 3317/5868/5868 3220/5867/5867 3219/5869/5869
f 3329/5896/5896 3330/5897/5897 3322/5898/5898
f 3331/5899/5899 3329/5896/5896 3325/5900/5900
f 3332/5901/5901 3331/5899/5899 3320/5902/5902
f 3333/5903/5903 3332/5901/5901 3319/5904/5904
f 3334/5905/5905 3333/5903/5903 3305/5906/5906
f 3335/5907/5907 3334/5905/5905 3304/5908/5908
f 3336/5909/5909 3335/5907/5907 3289/5910/5910
f 3337/5911/5911 3336/5909/5909 3288/5912/5912
f 3338/5913/5913 3337/5911/5911 3268/5914/5914
f 3339/5915/5915 3338/5913/5913 3267/5916/5916
f 3340/5917/5917 3339/5915/5915 3269/5918/5918
f 3341/5919/5919 3340/5917/5917 3290/5920/5920
f 3342/5921/5921 3341/5919/5919 3306/5922/5922
f 3343/5923/5923 3342/5921/5921 3307/5924/5924
f 3344/5925/5925 3343/5923/5923 3308/5926/5926
f 3345/5927/5927 3344/5925/5925 3309/5928/5928
f 3346/5929/5929 3345/5927/5927 3311/5930/5930
f 3347/5931/5931 3346/5929/5929 3310/5932/5932
f 3348/5933/5933 3347/5931/5931 3312/5934/5934
f 3349/5935/5935 3348/5933/5933 3328/5936/5936
f 3350/5937/5937 3349/5935/5935 3327/5938/5938
f 3351/5939/5939 3350/5937/5937 3326/5940/5940
f 3352/5941/5941 3351/5939/5939 3324/5942/5942
f 3353/5943/5943 3352/5941/5941 3323/5944/5944
f 3354/5945/5945 3353/5943/5943 3314/5946/5946
f 3355/5947/5947 3354/5945/5945 3313/5948/5948
f 3356/5949/5949 3355/5947/5947 3315/5950/5950
f 3357/5951/5951 3356/5949/5949 3316/5952/5952
f 3358/5953/5953 3357/5951/5951 3292/5954/5954
f 3359/5955/5955 3358/5953/5953 3291/5956/5956
f 3360/5957/5957 3359/5955/5955 3271/5958/5958
f 3361/5959/5959 3360/5957/5957 3270/5960/5960
f 3362/5961/5961 3361/5959/5959 3272/5962/5962
f 3363/5963/5963 3362/5961/5961 3293/5964/5964
f 3364/5965/5965 3365/5966/5966 3274/5967/5967
f 3294/5968/5968 3274/5967/5967 3365/5966/5966
f 3365/5966/5966 3363/5963/5963 3294/5968/5968
f 3366/5969/5969 3364/5965/5965 3273/5970/5970
f 3367/5971/5971 3366/5969/5969 3317/5972/5972
f 3368/5973/5973 3367/5971/5971 3318/5974/5974
f 3369/5975/5975 3368/5973/5973 3296/5976/5976
f 3370/5977/5977 3369/5975/5975 3295/5978/5978
f 3371/5979/5979 3370/5977/5977 3276/5980/5980
f 3372/5981/5981 3371/5979/5979 3275/5982/5982
f 3373/5983/5983 3372/5981/5981 3277/5984/5984
f 3374/5985/5985 3373/5983/5983 3297/5986/5986
f 3375/5987/5987 3374/5985/5985 3298/5988/5988
f 3376/5989/5989 3375/5987/5987 3299/5990/5990
f 3377/5991/5991 3376/5989/5989 3278/5992/5992
f 3378/5993/5993 3377/5991/5991 3262/5994/5994
f 3379/5995/5995 3378/5993/5993 3257/5996/5996
f 3380/5997/5997 3379/5995/5995 3256/5998/5998
f 3381/5999/5999 3380/5997/5997 3258/6000/6000
f 3382/6001/6001 3381/5999/5999 3279/6002/6002
f 3383/6003/6003 3382/6001/6001 3301/6004/6004
f 3384/6005/6005 3383/6003/6003 3300/6006/6006
f 3385/6007/6007 3384/6005/6005 3264/6008/6008
f 3386/6009/6009 3385/6007/6007 3263/6010/6010
f 3387/6011/6011 3386/6009/6009 3265/6012/6012
f 3388/6013/6013 3387/6011/6011 3280/6014/6014
f 3389/6015/6015 3388/6013/6013 3260/6016/6016
f 3390/6017/6017 3389/6015/6015 3259/6018/6018
f 3391/6019/6019 3390/6017/6017 3261/6020/6020
f 3392/6021/6021 3391/6019/6019 3266/6022/6022
f 3393/6023/6023 3392/6021/6021 3281/6024/6024
f 3394/6025/6025 3393/6023/6023 3282/6026/6026
f 3395/6027/6027 3394/6025/6025 3283/6028/6028
f 3396/6029/6029 3395/6027/6027 3284/6030/6030
f 3397/6031/6031 3396/6029/6029 3286/6032/6032
f 3398/6033/6033 3397/6031/6031 3285/6034/6034
f 3399/6035/6035 3398/6033/6033 3287/6036/6036
f 3400/6037/6037 3399/6035/6035 3302/6038/6038
f 3401/6039/6039 3400/6037/6037 3303/6040/6040
f 3330/5897/5897 3401/6039/6039 3321/6041/6041
f 3321/6041/6041 3322/5898/5898 3330/5897/5897
f 3303/6040/6040 3321/6041/6041 3401/6039/6039
f 3302/6038/6038 3303/6040/6040 3400/6037/6037
f 3287/6036/6036 3302/6038/6038 3399/6035/6035
f 3285/6034/6034 3287/6036/6036 3398/6033/6033
f 3286/6032/6032 3285/6034/6034 3397/6031/6031
f 3284/6030/6030 3286/6032/6032 3396/6029/6029
f 3283/6028/6028 3284/6030/6030 3395/6027/6027
f 3282/6026/6026 3283/6028/6028 3394/6025/6025
f 3281/6024/6024 3282/6026/6026 3393/6023/6023
f 3266/6022/6022 3281/6024/6024 3392/6021/6021
f 3261/6020/6020 3266/6022/6022 3391/6019/6019
f 3259/6018/6018 3261/6020/6020 3390/6017/6017
f 3260/6016/6016 3259/6018/6018 3389/6015/6015
f 3280/6014/6014 3260/6016/6016 3388/6013/6013
f 3265/6012/6012 3280/6014/6014 3387/6011/6011
f 3263/6010/6010 3265/6012/6012 3386/6009/6009
f 3264/6008/6008 3263/6010/6010 3385/6007/6007
f 3300/6006/6006 3264/6008/6008 3384/6005/6005
f 3301/6004/6004 3300/6006/6006 3383/6003/6003
f 3279/6002/6002 3301/6004/6004 3382/6001/6001
f 3258/6000/6000 3279/6002/6002 3381/5999/5999
f 3256/5998/5998 3258/6000/6000 3380/5997/5997
f 3257/5996/5996 3256/5998/5998 3379/5995/5995
f 3262/5994/5994 3257/5996/5996 3378/5993/5993
f 3278/5992/5992 3262/5994/5994 3377/5991/5991
f 3299/5990/5990 3278/5992/5992 3376/5989/5989
f 3298/5988/5988 3299/5990/5990 3375/5987/5987
f 3297/5986/5986 3298/5988/5988 3374/5985/5985
f 3277/5984/5984 3297/5986/5986 3373/5983/5983
f 3275/5982/5982 3277/5984/5984 3372/5981/5981
f 3276/5980/5980 3275/5982/5982 3371/5979/5979
f 3295/5978/5978 3276/5980/5980 3370/5977/5977
f 3296/5976/5976 3295/5978/5978 3369/5975/5975
f 3318/5974/5974 3296/5976/5976 3368/5973/5973
f 3317/5972/5972 3318/5974/5974 3367/5971/5971
f 3273/5970/5970 3317/5972/5972 3366/5969/5969
f 3274/5967/5967 3273/5970/5970 3364/5965/5965
f 3293/5964/5964 3294/5968/5968 3363/5963/5963
f 3272/5962/5962 3293/5964/5964 3362/5961/5961
f 3270/5960/5960 3272/5962/5962 3361/5959/5959
f 3271/5958/5958 3270/5960/5960 3360/5957/5957
f 3291/5956/5956 3271/5958/5958 3359/5955/5955
f 3292/5954/5954 3291/5956/5956 3358/5953/5953
f 3316/5952/5952 3292/5954/5954 3357/5951/5951
f 3315/5950/5950 3316/5952/5952 3356/5949/5949
f 3313/5948/5948 3315/5950/5950 3355/5947/5947
f 3314/5946/5946 3313/5948/5948 3354/5945/5945
f 3323/5944/5944 3314/5946/5946 3353/5943/5943
f 3324/5942/5942 3323/5944/5944 3352/5941/5941
f 3326/5940/5940 3324/5942/5942 3351/5939/5939
f 3327/5938/5938 3326/5940/5940 3350/5937/5937
f 3328/5936/5936 3327/5938/5938 3349/5935/5935
f 3312/5934/5934 3328/5936/5936 3348/5933/5933
f 3310/5932/5932 3312/5934/5934 3347/5931/5931
f 3311/5930/5930 3310/5932/5932 3346/5929/5929
f 3309/5928/5928 3311/5930/5930 3345/5927/5927
f 3308/5926/5926 3309/5928/5928 3344/5925/5925
f 3307/5924/5924 3308/5926/5926 3343/5923/5923
f 3306/5922/5922 3307/5924/5924 3342/5921/5921
f 3290/5920/5920 3306/5922/5922 3341/5919/5919
f 3269/5918/5918 3290/5920/5920 3340/5917/5917
f 3267/5916/5916 3269/5918/5918 3339/5915/5915
f 3268/5914/5914 3267/5916/5916 3338/5913/5913
f 3288/5912/5912 3268/5914/5914 3337/5911/5911
f 3289/5910/5910 3288/5912/5912 3336/5909/5909
f 3304/5908/5908 3289/5910/5910 3335/5907/5907
f 3305/5906/5906 3304/5908/5908 3334/5905/5905
f 3319/5904/5904 3305/5906/5906 3333/5903/5903
f 3320/5902/5902 3319/5904/5904 3332/5901/5901
f 3325/5900/5900 3320/5902/5902 3331/5899/5899
f 3322/5898/5898 3325/5900/5900 3329/5896/5896
f 3350/6042/6042 3402/6043/6043 3403/6044/6044
f 3350/6042/6042 3351/6045/6045 3404/6046/6046
f 3369/6047/6047 3405/6048/6048 3406/6049/6049
f 3369/6047/6047 3370/6050/6050 3407/6051/6051
f 3332/6052/6052 3408/6053/6053 3409/6054/6054
f 3332/6052/6052 3333/6055/6055 3410/6056/6056
f 3404/6046/6046 3402/6043/6043 3350/6042/6042
f 3351/6045/6045 3352/6057/6057 3411/6058/6058
f 3354/6059/6059 3412/6060/6060 3413/6061/6061
f 3354/6059/6059 3355/6062/6062 3414/6063/6063
f 3407/6051/6051 3405/6048/6048 3369/6047/6047
f 3370/6050/6050 3371/6064/6064 3415/6065/6065
f 3387/6066/6066 3416/6067/6067 3417/6068/6068
f 3387/6066/6066 3388/6069/6069 3418/6070/6070
f 3410/6056/6056 3408/6053/6053 3332/6052/6052
f 3333/6055/6055 3334/6071/6071 3419/6072/6072
f 3411/6058/6058 3404/6046/6046 3351/6045/6045
f 3352/6057/6057 3353/6073/6073 3413/6061/6061
f 3414/6063/6063 3412/6060/6060 3354/6059/6059
f 3355/6062/6062 3356/6074/6074 3420/6075/6075
f 3415/6065/6065 3407/6051/6051 3370/6050/6050
f 3371/6064/6064 3372/6076/6076 3421/6077/6077
f 3373/6078/6078 3422/6079/6079 3421/6077/6077
f 3373/6078/6078 3374/6080/6080 3423/6081/6081
f 3418/6070/6070 3416/6067/6067 3387/6066/6066
f 3388/6069/6069 3389/6082/6082 3424/6083/6083
f 3401/6084/6084 3425/6085/6085 3426/6086/6086
f 3401/6084/6084 3330/6087/6087 3427/6088/6088
f 3329/6089/6089 3428/6090/6090 3427/6088/6088
f 3329/6089/6089 3331/6091/6091 3409/6054/6054
f 3419/6072/6072 3410/6056/6056 3333/6055/6055
f 3334/6071/6071 3335/6092/6092 3429/6093/6093
f 3336/6094/6094 3430/6095/6095 3429/6093/6093
f 3336/6094/6094 3337/6096/6096 3431/6097/6097
f 3340/6098/6098 3432/6099/6099 3433/6100/6100
f 3340/6098/6098 3341/6101/6101 3434/6102/6102
f 3344/6103/6103 3435/6104/6104 3436/6105/6105
f 3344/6103/6103 3345/6106/6106 3437/6107/6107
f 3346/6108/6108 3438/6109/6109 3437/6107/6107
f 3346/6108/6108 3347/6110/6110 3439/6111/6111
f 3348/6112/6112 3440/6113/6113 3439/6111/6111
f 3348/6112/6112 3349/6114/6114 3403/6044/6044
f 3413/6061/6061 3411/6058/6058 3352/6057/6057
f 3420/6075/6075 3414/6063/6063 3355/6062/6062
f 3357/6115/6115 3441/6116/6116 3420/6075/6075
f 3357/6115/6115 3358/6117/6117 3442/6118/6118
f 3367/6119/6119 3443/6120/6120 3444/6121/6121
f 3367/6119/6119 3368/6122/6122 3406/6049/6049
f 3421/6077/6077 3415/6065/6065 3371/6064/6064
f 3423/6081/6081 3422/6079/6079 3373/6078/6078
f 3378/6123/6123 3445/6124/6124 3446/6125/6125
f 3378/6123/6123 3379/6126/6126 3447/6127/6127
f 3381/6128/6128 3448/6129/6129 3449/6130/6130
f 3381/6128/6128 3382/6131/6131 3450/6132/6132
f 3383/6133/6133 3451/6134/6134 3450/6132/6132
f 3383/6133/6133 3384/6135/6135 3452/6136/6136
f 3385/6137/6137 3453/6138/6138 3452/6136/6136
f 3385/6137/6137 3386/6139/6139 3417/6068/6068
f 3424/6083/6083 3418/6070/6070 3388/6069/6069
f 3389/6082/6082 3390/6140/6140 3454/6141/6141
f 3391/6142/6142 3455/6143/6143 3454/6141/6141
f 3391/6142/6142 3392/6144/6144 3456/6145/6145
f 3427/6088/6088 3425/6085/6085 3401/6084/6084
f 3409/6054/6054 3428/6090/6090 3329/6089/6089
f 3429/6093/6093 3419/6072/6072 3334/6071/6071
f 3431/6097/6097 3430/6095/6095 3336/6094/6094
f 3434/6102/6102 3432/6099/6099 3340/6098/6098
f 3341/6101/6101 3342/6146/6146 3457/6147/6147
f 3343/6148/6148 3436/6105/6105 3457/6147/6147
f 3437/6107/6107 3435/6104/6104 3344/6103/6103
f 3439/6111/6111 3438/6109/6109 3346/6108/6108
f 3403/6044/6044 3440/6113/6113 3348/6112/6112
f 3413/6061/6061 3353/6073/6073 3354/6059/6059
f 3442/6118/6118 3441/6116/6116 3357/6115/6115
f 3406/6049/6049 3443/6120/6120 3367/6119/6119
f 3421/6077/6077 3372/6076/6076 3373/6078/6078
f 3375/6149/6149 3458/6150/6150 3423/6081/6081
f 3375/6149/6149 3376/6151/6151 3459/6152/6152
f 3377/6153/6153 3446/6125/6125 3459/6152/6152
f 3447/6127/6127 3445/6124/6124 3378/6123/6123
f 3380/6154/6154 3449/6130/6130 3447/6127/6127
f 3450/6132/6132 3448/6129/6129 3381/6128/6128
f 3452/6136/6136 3451/6134/6134 3383/6133/6133
f 3417/6068/6068 3453/6138/6138 3385/6137/6137
f 3454/6141/6141 3424/6083/6083 3389/6082/6082
f 3456/6145/6145 3455/6143/6143 3391/6142/6142
f 3393/6155/6155 3460/6156/6156 3456/6145/6145
f 3393/6155/6155 3394/6157/6157 3461/6158/6158
f 3399/6159/6159 3462/6160/6160 3463/6161/6161
f 3399/6159/6159 3400/6162/6162 3426/6086/6086
f 3427/6088/6088 3330/6087/6087 3329/6089/6089
f 3429/6093/6093 3335/6092/6092 3336/6094/6094
f 3338/6163/6163 3464/6164/6164 3431/6097/6097
f 3338/6163/6163 3339/6165/6165 3433/6100/6100
f 3457/6147/6147 3434/6102/6102 3341/6101/6101
f 3436/6105/6105 3343/6148/6148 3344/6103/6103
f 3439/6111/6111 3347/6110/6110 3348/6112/6112
f 3420/6075/6075 3356/6074/6074 3357/6115/6115
f 3406/6049/6049 3368/6122/6122 3369/6047/6047
f 3459/6152/6152 3458/6150/6150 3375/6149/6149
f 3446/6125/6125 3377/6153/6153 3378/6123/6123
f 3449/6130/6130 3380/6154/6154 3381/6128/6128
f 3452/6136/6136 3384/6135/6135 3385/6137/6137
f 3454/6141/6141 3390/6140/6140 3391/6142/6142
f 3461/6158/6158 3460/6156/6156 3393/6155/6155
f 3394/6157/6157 3395/6166/6166 3465/6167/6167
f 3396/6168/6168 3466/6169/6169 3465/6167/6167
f 3396/6168/6168 3397/6170/6170 3467/6171/6171
f 3398/6172/6172 3463/6161/6161 3467/6171/6171
f 3426/6086/6086 3462/6160/6160 3399/6159/6159
f 3409/6054/6054 3331/6091/6091 3332/6052/6052
f 3433/6100/6100 3464/6164/6164 3338/6163/6163
f 3457/6147/6147 3342/6146/6146 3343/6148/6148
f 3403/6044/6044 3349/6114/6114 3350/6042/6042
f 3362/6173/6173 3468/6174/6174 3469/6175/6175
f 3362/6173/6173 3363/6176/6176 3470/6177/6177
f 3423/6081/6081 3374/6080/6080 3375/6149/6149
f 3447/6127/6127 3379/6126/6126 3380/6154/6154
f 3417/6068/6068 3386/6139/6139 3387/6066/6066
f 3465/6167/6167 3461/6158/6158 3394/6157/6157
f 3467/6171/6171 3466/6169/6169 3396/6168/6168
f 3463/6161/6161 3398/6172/6172 3399/6159/6159
f 3431/6097/6097 3337/6096/6096 3338/6163/6163
f 3437/6107/6107 3345/6106/6106 3346/6108/6108
f 3359/6178/6178 3471/6179/6179 3442/6118/6118
f 3359/6178/6178 3360/6180/6180 3472/6181/6181
f 3361/6182/6182 3469/6175/6175 3472/6181/6181
f 3470/6177/6177 3468/6174/6174 3362/6173/6173
f 3365/6183/6183 3364/6184/6184 3473/6185/6185
f 3459/6152/6152 3376/6151/6151 3377/6153/6153
f 3456/6145/6145 3392/6144/6144 3393/6155/6155
f 3467/6171/6171 3397/6170/6170 3398/6172/6172
f 3433/6100/6100 3339/6165/6165 3340/6098/6098
f 3472/6181/6181 3471/6179/6179 3359/6178/6178
f 3469/6175/6175 3361/6182/6182 3362/6173/6173
f 3470/6177/6177 3363/6176/6176 3365/6183/6183
f 3364/6184/6184 3366/6186/6186 3444/6121/6121
f 3450/6132/6132 3382/6131/6131 3383/6133/6133
f 3426/6086/6086 3400/6162/6162 3401/6084/6084
f 3472/6181/6181 3360/6180/6180 3361/6182/6182
f 3444/6121/6121 3473/6185/6185 3364/6184/6184
f 3465/6167/6167 3395/6166/6166 3396/6168/6168
f 3473/6185/6185 3470/6177/6177 3365/6183/6183
f 3442/6118/6118 3358/6117/6117 3359/6178/6178
f 3444/6121/6121 3366/6186/6186 3367/6119/6119
f 3473/6187/6187 3444/6188/6188 3474/6189/6189
f 3470/6190/6190 3473/6187/6187 3475/6191/6191
f 3468/6192/6192 3470/6190/6190 3476/6193/6193
f 3469/6194/6194 3468/6192/6192 3477/6195/6195
f 3472/6196/6196 3469/6194/6194 3478/6197/6197
f 3471/6198/6198 3472/6196/6196 3479/6199/6199
f 3442/6200/6200 3471/6198/6198 3480/6201/6201
f 3441/6202/6202 3442/6200/6200 3481/6203/6203
f 3420/6204/6204 3441/6202/6202 3482/6205/6205
f 3414/6206/6206 3420/6204/6204 3483/6207/6207
f 3412/6208/6208 3414/6206/6206 3484/6209/6209
f 3413/6210/6210 3412/6208/6208 3485/6211/6211
f 3411/6212/6212 3413/6210/6210 3486/6213/6213
f 3404/6214/6214 3411/6212/6212 3487/6215/6215
f 3402/6216/6216 3404/6214/6214 3488/6217/6217
f 3403/6218/6218 3402/6216/6216 3489/6219/6219
f 3440/6220/6220 3403/6218/6218 3490/6221/6221
f 3439/6222/6222 3440/6220/6220 3491/6223/6223
f 3438/6224/6224 3439/6222/6222 3492/6225/6225
f 3437/6226/6226 3438/6224/6224 3493/6227/6227
f 3435/6228/6228 3437/6226/6226 3494/6229/6229
f 3436/6230/6230 3435/6228/6228 3495/6231/6231
f 3457/6232/6232 3436/6230/6230 3496/6233/6233
f 3434/6234/6234 3457/6232/6232 3497/6235/6235
f 3432/6236/6236 3434/6234/6234 3498/6237/6237
f 3433/6238/6238 3432/6236/6236 3499/6239/6239
f 3464/6240/6240 3433/6238/6238 3500/6241/6241
f 3431/6242/6242 3464/6240/6240 3501/6243/6243
f 3430/6244/6244 3431/6242/6242 3502/6245/6245
f 3429/6246/6246 3430/6244/6244 3503/6247/6247
f 3419/6248/6248 3429/6246/6246 3504/6249/6249
f 3410/6250/6250 3419/6248/6248 3505/6251/6251
f 3408/6252/6252 3410/6250/6250 3506/6253/6253
f 3409/6254/6254 3408/6252/6252 3507/6255/6255
f 3428/6256/6256 3409/6254/6254 3508/6257/6257
f 3427/6258/6258 3428/6256/6256 3509/6259/6259
f 3425/6260/6260 3427/6258/6258 3510/6261/6261
f 3426/6262/6262 3425/6260/6260 3511/6263/6263
f 3462/6264/6264 3426/6262/6262 3512/6265/6265
f 3463/6266/6266 3462/6264/6264 3513/6267/6267
f 3467/6268/6268 3463/6266/6266 3514/6269/6269
f 3466/6270/6270 3467/6268/6268 3515/6271/6271
f 3465/6272/6272 3466/6270/6270 3516/6273/6273
f 3461/6274/6274 3465/6272/6272 3517/6275/6275
f 3460/6276/6276 3461/6274/6274 3518/6277/6277
f 3456/6278/6278 3460/6276/6276 3519/6279/6279
f 3455/6280/6280 3456/6278/6278 3520/6281/6281
f 3454/6282/6282 3455/6280/6280 3521/6283/6283
f 3424/6284/6284 3454/6282/6282 3522/6285/6285
f 3418/6286/6286 3424/6284/6284 3523/6287/6287
f 3416/6288/6288 3418/6286/6286 3524/6289/6289
f 3417/6290/6290 3416/6288/6288 3525/6291/6291
f 3453/6292/6292 3417/6290/6290 3526/6293/6293
f 3452/6294/6294 3453/6292/6292 3527/6295/6295
f 3451/6296/6296 3452/6294/6294 3528/6297/6297
f 3450/6298/6298 3451/6296/6296 3529/6299/6299
f 3448/6300/6300 3450/6298/6298 3530/6301/6301
f 3449/6302/6302 3448/6300/6300 3531/6303/6303
f 3447/6304/6304 3449/6302/6302 3532/6305/6305
f 3445/6306/6306 3447/6304/6304 3533/6307/6307
f 3446/6308/6308 3445/6306/6306 3534/6309/6309
f 3459/6310/6310 3446/6308/6308 3535/6311/6311
f 3458/6312/6312 3459/6310/6310 3536/6313/6313
f 3423/6314/6314 3458/6312/6312 3537/6315/6315
f 3422/6316/6316 3423/6314/6314 3538/6317/6317
f 3421/6318/6318 3422/6316/6316 3539/6319/6319
f 3415/6320/6320 3421/6318/6318 3540/6321/6321
f 3407/6322/6322 3415/6320/6320 3541/6323/6323
f 3405/6324/6324 3407/6322/6322 3542/6325/6325
f 3406/6326/6326 3405/6324/6324 3543/6327/6327
f 3443/6328/6328 3406/6326/6326 3544/6329/6329
f 3444/6188/6188 3443/6328/6328 3545/6330/6330
f 3545/6330/6330 3474/6189/6189 3444/6188/6188
f 3544/6329/6329 3545/6330/6330 3443/6328/6328
f 3543/6327/6327 3544/6329/6329 3406/6326/6326
f 3542/6325/6325 3543/6327/6327 3405/6324/6324
f 3541/6323/6323 3542/6325/6325 3407/6322/6322
f 3540/6321/6321 3541/6323/6323 3415/6320/6320
f 3539/6319/6319 3540/6321/6321 3421/6318/6318
f 3538/6317/6317 3539/6319/6319 3422/6316/6316
f 3537/6315/6315 3538/6317/6317 3423/6314/6314
f 3536/6313/6313 3537/6315/6315 3458/6312/6312
f 3535/6311/6311 3536/6313/6313 3459/6310/6310
f 3534/6309/6309 3535/6311/6311 3446/6308/6308
f 3533/6307/6307 3534/6309/6309 3445/6306/6306
f 3532/6305/6305 3533/6307/6307 3447/6304/6304
f 3531/6303/6303 3532/6305/6305 3449/6302/6302
f 3530/6301/6301 3531/6303/6303 3448/6300/6300
f 3529/6299/6299 3530/6301/6301 3450/6298/6298
f 3528/6297/6297 3529/6299/6299 3451/6296/6296
f 3527/6295/6295 3528/6297/6297 3452/6294/6294
f 3526/6293/6293 3527/6295/6295 3453/6292/6292
f 3525/6291/6291 3526/6293/6293 3417/6290/6290
f 3524/6289/6289 3525/6291/6291 3416/6288/6288
f 3523/6287/6287 3524/6289/6289 3418/6286/6286
f 3522/6285/6285 3523/6287/6287 3424/6284/6284
f 3521/6283/6283 3522/6285/6285 3454/6282/6282
f 3520/6281/6281 3521/6283/6283 3455/6280/6280
f 3519/6279/6279 3520/6281/6281 3456/6278/6278
f 3518/6277/6277 3519/6279/6279 3460/6276/6276
f 3517/6275/6275 3518/6277/6277 3461/6274/6274
f 3516/6273/6273 3517/6275/6275 3465/6272/6272
f 3515/6271/6271 3516/6273/6273 3466/6270/6270
f 3514/6269/6269 3515/6271/6271 3467/6268/6268
f 3513/6267/6267 3514/6269/6269 3463/6266/6266
f 3512/6265/6265 3513/6267/6267 3462/6264/6264
f 3511/6263/6263 3512/6265/6265 3426/6262/6262
f 3510/6261/6261 3511/6263/6263 3425/6260/6260
f 3509/6259/6259 3510/6261/6261 3427/6258/6258
f 3508/6257/6257 3509/6259/6259 3428/6256/6256
f 3507/6255/6255 3508/6257/6257 3409/6254/6254
f 3506/6253/6253 3507/6255/6255 3408/6252/6252
f 3505/6251/6251 3506/6253/6253 3410/6250/6250
f 3504/6249/6249 3505/6251/6251 3419/6248/6248
f 3503/6247/6247 3504/6249/6249 3429/6246/6246
f 3502/6245/6245 3503/6247/6247 3430/6244/6244
f 3501/6243/6243 3502/6245/6245 3431/6242/6242
f 3500/6241/6241 3501/6243/6243 3464/6240/6240
f 3499/6239/6239 3500/6241/6241 3433/6238/6238
f 3498/6237/6237 3499/6239/6239 3432/6236/6236
f 3497/6235/6235 3498/6237/6237 3434/6234/6234
f 3496/6233/6233 3497/6235/6235 3457/6232/6232
f 3495/6231/6231 3496/6233/6233 3436/6230/6230
f 3494/6229/6229 3495/6231/6231 3435/6228/6228
f 3493/6227/6227 3494/6229/6229 3437/6226/6226
f 3492/6225/6225 3493/6227/6227 3438/6224/6224
f 3491/6223/6223 3492/6225/6225 3439/6222/6222
f 3490/6221/6221 3491/6223/6223 3440/6220/6220
f 3489/6219/6219 3490/6221/6221 3403/6218/6218
f 3488/6217/6217 3489/6219/6219 3402/6216/6216
f 3487/6215/6215 3488/6217/6217 3404/6214/6214
f 3486/6213/6213 3487/6215/6215 3411/6212/6212
f 3485/6211/6211 3486/6213/6213 3413/6210/6210
f 3484/6209/6209 3485/6211/6211 3412/6208/6208
f 3483/6207/6207 3484/6209/6209 3414/6206/6206
f 3482/6205/6205 3483/6207/6207 3420/6204/6204
f 3481/6203/6203 3482/6205/6205 3441/6202/6202
f 3480/6201/6201 3481/6203/6203 3442/6200/6200
f 3479/6199/6199 3480/6201/6201 3471/6198/6198
f 3478/6197/6197 3479/6199/6199 3472/6196/6196
f 3477/6195/6195 3478/6197/6197 3469/6194/6194
f 3476/6193/6193 3477/6195/6195 3468/6192/6192
f 3475/6191/6191 3476/6193/6193 3470/6190/6190
f 3474/6189/6189 3475/6191/6191 3473/6187/6187
f 908/6331/6331 3546/6332/6332 3547/6333/6333
f 906/6334/6334 3547/6333/6333 3548/6335/6335
f 902/6336/6336 3548/6335/6335 3549/6337/6337
f 904/6338/6338 3549/6337/6337 3550/6339/6339
f 905/6340/6340 3550/6339/6339 3551/6341/6341
f 900/6342/6342 3551/6341/6341 3552/6343/6343
f 901/6344/6344 3552/6343/6343 3553/6345/6345
f 898/6346/6346 3553/6345/6345 3554/6347/6347
f 899/6348/6348 3554/6347/6347 3555/6349/6349
f 896/6350/6350 3555/6349/6349 3556/6351/6351
f 897/6352/6352 3556/6351/6351 3557/6353/6353
f 890/6354/6354 3557/6353/6353 3558/6355/6355
f 891/6356/6356 3558/6355/6355 3559/6357/6357
f 889/6358/6358 3559/6357/6357 3560/6359/6359
f 883/6360/6360 3560/6359/6359 3561/6361/6361
f 873/6362/6362 3561/6361/6361 3562/6363/6363
f 874/6364/6364 3562/6363/6363 3563/6365/6365
f 878/6366/6366 3563/6365/6365 3564/6367/6367
f 877/6368/6368 3564/6367/6367 3565/6369/6369
f 871/6370/6370 3565/6369/6369 3566/6371/6371
f 872/6372/6372 3566/6371/6371 3567/6373/6373
f 882/6374/6374 3567/6373/6373 3568/6375/6375
f 880/6376/6376 3568/6375/6375 3569/6377/6377
f 881/6378/6378 3569/6377/6377 3570/6379/6379
f 879/6380/6380 3570/6379/6379 3571/6381/6381
f 875/6382/6382 3571/6381/6381 3572/6383/6383
f 876/6384/6384 3572/6383/6383 3573/6385/6385
f 888/6386/6386 3573/6385/6385 3574/6387/6387
f 886/6388/6388 3574/6387/6387 3575/6389/6389
f 887/6390/6390 3575/6389/6389 3576/6391/6391
f 894/6392/6392 3576/6391/6391 3577/6393/6393
f 892/6394/6394 3577/6393/6393 3578/6395/6395
f 893/6396/6396 3578/6395/6395 3579/6397/6397
f 884/6398/6398 3579/6397/6397 3580/6399/6399
f 885/6400/6400 3580/6399/6399 3581/6401/6401
f 895/6402/6402 3581/6401/6401 3582/6403/6403
f 903/6404/6404 3582/6403/6403 3583/6405/6405
f 836/6406/6406 3583/6405/6405 3584/6407/6407
f 841/6408/6408 3584/6407/6407 3585/6409/6409
f 839/6410/6410 3585/6409/6409 3586/6411/6411
f 840/6412/6412 3586/6411/6411 3587/6413/6413
f 837/6414/6414 3587/6413/6413 3588/6415/6415
f 838/6416/6416 3588/6415/6415 3589/6417/6417
f 842/6418/6418 3589/6417/6417 3590/6419/6419
f 846/6420/6420 3590/6419/6419 3591/6421/6421
f 852/6422/6422 3591/6421/6421 3592/6423/6423
f 850/6424/6424 3592/6423/6423 3593/6425/6425
f 851/6426/6426 3593/6425/6425 3594/6427/6427
f 848/6428/6428 3594/6427/6427 3595/6429/6429
f 849/6430/6430 3595/6429/6429 3596/6431/6431
f 847/6432/6432 3596/6431/6431 3597/6433/6433
f 844/6434/6434 3597/6433/6433 3598/6435/6435
f 845/6436/6436 3598/6435/6435 3599/6437/6437
f 859/6438/6438 3599/6437/6437 3600/6439/6439
f 860/6440/6440 3600/6439/6439 3601/6441/6441
f 855/6442/6442 3601/6441/6441 3602/6443/6443
f 856/6444/6444 3602/6443/6443 3603/6445/6445
f 858/6446/6446 3603/6445/6445 3604/6447/6447
f 857/6448/6448 3604/6447/6447 3605/6449/6449
f 853/6450/6450 3605/6449/6449 3606/6451/6451
f 854/6452/6452 3606/6451/6451 3607/6453/6453
f 863/6454/6454 3607/6453/6453 3608/6455/6455
f 864/6456/6456 3608/6455/6455 3609/6457/6457
f 861/6458/6458 3609/6457/6457 3610/6459/6459
f 862/6460/6460 3610/6459/6459 3611/6461/6461
f 870/6462/6462 3611/6461/6461 3612/6463/6463
f 868/6464/6464 3612/6463/6463 3613/6465/6465
f 869/6466/6466 3613/6465/6465 3614/6467/6467
f 867/6468/6468 3614/6467/6467 3615/6469/6469
f 865/6470/6470 3615/6469/6469 3616/6471/6471
f 866/6472/6472 3616/6471/6471 3617/6473/6473
f 907/6474/6474 3617/6473/6473 3546/6332/6332
f 3546/6332/6332 908/6331/6331 907/6474/6474
f 3617/6473/6473 907/6474/6474 866/6472/6472
f 3616/6471/6471 866/6472/6472 865/6470/6470
f 3615/6469/6469 865/6470/6470 867/6468/6468
f 3614/6467/6467 867/6468/6468 869/6466/6466
f 3613/6465/6465 869/6466/6466 868/6464/6464
f 3612/6463/6463 868/6464/6464 870/6462/6462
f 3611/6461/6461 870/6462/6462 862/6460/6460
f 3610/6459/6459 862/6460/6460 861/6458/6458
f 3609/6457/6457 861/6458/6458 864/6456/6456
f 3608/6455/6455 864/6456/6456 863/6454/6454
f 3607/6453/6453 863/6454/6454 854/6452/6452
f 3606/6451/6451 854/6452/6452 853/6450/6450
f 3605/6449/6449 853/6450/6450 857/6448/6448
f 3604/6447/6447 857/6448/6448 858/6446/6446
f 3603/6445/6445 858/6446/6446 856/6444/6444
f 3602/6443/6443 856/6444/6444 855/6442/6442
f 3601/6441/6441 855/6442/6442 860/6440/6440
f 3600/6439/6439 860/6440/6440 859/6438/6438
f 3599/6437/6437 859/6438/6438 845/6436/6436
f 3598/6435/6435 845/6436/6436 844/6434/6434
f 3597/6433/6433 844/6434/6434 847/6432/6432
f 3596/6431/6431 847/6432/6432 849/6430/6430
f 3595/6429/6429 849/6430/6430 848/6428/6428
f 3594/6427/6427 848/6428/6428 851/6426/6426
f 3593/6425/6425 851/6426/6426 850/6424/6424
f 3592/6423/6423 850/6424/6424 852/6422/6422
f 3591/6421/6421 852/6422/6422 846/6420/6420
f 3590/6419/6419 846/6420/6420 842/6418/6418
f 3589/6417/6417 842/6418/6418 838/6416/6416
f 3588/6415/6415 838/6416/6416 837/6414/6414
f 3587/6413/6413 837/6414/6414 840/6412/6412
f 3586/6411/6411 840/6412/6412 839/6410/6410
f 3585/6409/6409 839/6410/6410 841/6408/6408
f 3584/6407/6407 841/6408/6408 836/6406/6406
f 3583/6405/6405 836/6406/6406 903/6404/6404
f 3582/6403/6403 903/6404/6404 895/6402/6402
f 3581/6401/6401 895/6402/6402 885/6400/6400
f 3580/6399/6399 885/6400/6400 884/6398/6398
f 3579/6397/6397 884/6398/6398 893/6396/6396
f 3578/6395/6395 893/6396/6396 892/6394/6394
f 3577/6393/6393 892/6394/6394 894/6392/6392
f 3576/6391/6391 894/6392/6392 887/6390/6390
f 3575/6389/6389 887/6390/6390 886/6388/6388
f 3574/6387/6387 886/6388/6388 888/6386/6386
f 3573/6385/6385 888/6386/6386 876/6384/6384
f 3572/6383/6383 876/6384/6384 875/6382/6382
f 3571/6381/6381 875/6382/6382 879/6380/6380
f 3570/6379/6379 879/6380/6380 881/6378/6378
f 3569/6377/6377 881/6378/6378 880/6376/6376
f 3568/6375/6375 880/6376/6376 882/6374/6374
f 3567/6373/6373 882/6374/6374 872/6372/6372
f 3566/6371/6371 872/6372/6372 871/6370/6370
f 3565/6369/6369 871/6370/6370 877/6368/6368
f 3564/6367/6367 877/6368/6368 878/6366/6366
f 3563/6365/6365 878/6366/6366 874/6364/6364
f 3562/6363/6363 874/6364/6364 873/6362/6362
f 3561/6361/6361 873/6362/6362 883/6360/6360
f 3560/6359/6359 883/6360/6360 889/6358/6358
f 3559/6357/6357 889/6358/6358 891/6356/6356
f 3558/6355/6355 891/6356/6356 890/6354/6354
f 3557/6353/6353 890/6354/6354 897/6352/6352
f 3556/6351/6351 897/6352/6352 896/6350/6350
f 3555/6349/6349 896/6350/6350 899/6348/6348
f 3554/6347/6347 899/6348/6348 898/6346/6346
f 3553/6345/6345 898/6346/6346 901/6344/6344
f 3552/6343/6343 901/6344/6344 900/6342/6342
f 3551/6341/6341 900/6342/6342 905/6340/6340
f 3550/6339/6339 905/6340/6340 904/6338/6338
f 3549/6337/6337 904/6338/6338 902/6336/6336
f 3548/6335/6335 902/6336/6336 906/6334/6334
f 3547/6333/6333 906/6334/6334 908/6331/6331
f 3579/6475/6475 3618/6476/6476 3619/6477/6477
f 3578/6478/6478 3620/6479/6479 3618/6476/6476
f 3618/6476/6476 3579/6475/6475 3578/6478/6478
f 3578/6478/6478 3577/6480/6480 3621/6481/6481
f 3574/6482/6482 3622/6483/6483 3623/6484/6484
f 3574/6482/6482 3573/6485/6485 3624/6486/6486
f 3569/6487/6487 3625/6488/6488 3626/6489/6489
f 3569/6487/6487 3568/6490/6490 3627/6491/6491
f 3565/6492/6492 3628/6493/6493 3629/6494/6494
f 3565/6492/6492 3564/6495/6495 3630/6496/6496
f 3563/6497/6497 3631/6498/6498 3630/6496/6496
f 3563/6497/6497 3562/6499/6499 3632/6500/6500
f 3559/6501/6501 3633/6502/6502 3634/6503/6503
f 3559/6501/6501 3558/6504/6504 3635/6505/6505
f 3555/6506/6506 3554/6507/6507 3636/6508/6508
f 3554/6507/6507 3553/6509/6509 3637/6510/6510
f 3551/6511/6511 3638/6512/6512 3639/6513/6513
f 3551/6511/6511 3550/6514/6514 3640/6515/6515
f 3592/6516/6516 3641/6517/6517 3642/6518/6518
f 3592/6516/6516 3591/6519/6519 3643/6520/6520
f 3585/6521/6521 3644/6522/6522 3645/6523/6523
f 3585/6521/6521 3584/6524/6524 3646/6525/6525
f 3621/6481/6481 3620/6479/6479 3578/6478/6478
f 3577/6480/6480 3576/6526/6526 3647/6527/6527
f 3624/6486/6486 3622/6483/6483 3574/6482/6482
f 3573/6485/6485 3572/6528/6528 3648/6529/6529
f 3571/6530/6530 3649/6531/6531 3648/6529/6529
f 3571/6530/6530 3570/6532/6532 3626/6489/6489
f 3627/6491/6491 3625/6488/6488 3569/6487/6487
f 3568/6490/6490 3567/6533/6533 3650/6534/6534
f 3566/6535/6535 3629/6494/6494 3650/6534/6534
f 3630/6496/6496 3628/6493/6493 3565/6492/6492
f 3632/6500/6500 3631/6498/6498 3563/6497/6497
f 3562/6499/6499 3561/6536/6536 3651/6537/6537
f 3560/6538/6538 3634/6503/6503 3651/6537/6537
f 3635/6505/6505 3633/6502/6502 3559/6501/6501
f 3557/6539/6539 3652/6540/6540 3635/6505/6505
f 3556/6541/6541 3653/6542/6542 3652/6540/6540
f 3555/6506/6506 3654/6543/6543 3653/6542/6542
f 3637/6510/6510 3636/6508/6508 3554/6507/6507
f 3552/6544/6544 3639/6513/6513 3637/6510/6510
f 3640/6515/6515 3638/6512/6512 3551/6511/6511
f 3549/6545/6545 3655/6546/6546 3640/6515/6515
f 3549/6545/6545 3548/6547/6547 3656/6548/6548
f 3614/6549/6549 3657/6550/6550 3658/6551/6551
f 3614/6549/6549 3613/6552/6552 3659/6553/6553
f 3611/6554/6554 3660/6555/6555 3661/6556/6556
f 3611/6554/6554 3610/6557/6557 3662/6558/6558
f 3596/6559/6559 3663/6560/6560 3664/6561/6561
f 3596/6559/6559 3595/6562/6562 3665/6563/6563
f 3593/6564/6564 3642/6518/6518 3666/6565/6565
f 3643/6520/6520 3641/6517/6517 3592/6516/6516
f 3591/6519/6519 3590/6566/6566 3667/6567/6567
f 3590/6566/6566 3589/6568/6568 3668/6569/6569
f 3588/6570/6570 3669/6571/6571 3668/6569/6569
f 3588/6570/6570 3587/6572/6572 3670/6573/6573
f 3586/6574/6574 3645/6523/6523 3670/6573/6573
f 3646/6525/6525 3644/6522/6522 3585/6521/6521
f 3581/6575/6575 3671/6576/6576 3672/6577/6577
f 3581/6575/6575 3580/6578/6578 3619/6477/6477
f 3647/6527/6527 3621/6481/6481 3577/6480/6480
f 3576/6526/6526 3575/6579/6579 3623/6484/6484
f 3648/6529/6529 3624/6486/6486 3573/6485/6485
f 3626/6489/6489 3649/6531/6531 3571/6530/6530
f 3650/6534/6534 3627/6491/6491 3568/6490/6490
f 3629/6494/6494 3566/6535/6535 3565/6492/6492
f 3651/6537/6537 3632/6500/6500 3562/6499/6499
f 3634/6503/6503 3560/6538/6538 3559/6501/6501
f 3652/6540/6540 3557/6539/6539 3556/6541/6541
f 3636/6508/6508 3654/6543/6543 3555/6506/6506
f 3639/6513/6513 3552/6544/6544 3551/6511/6511
f 3656/6548/6548 3655/6546/6546 3549/6545/6545
f 3547/6580/6580 3673/6581/6581 3656/6548/6548
f 3547/6580/6580 3546/6582/6582 3674/6583/6583
f 3615/6584/6584 3658/6551/6551 3675/6585/6585
f 3659/6553/6553 3657/6550/6550 3614/6549/6549
f 3613/6552/6552 3612/6586/6586 3661/6556/6556
f 3662/6558/6558 3660/6555/6555 3611/6554/6554
f 3597/6587/6587 3664/6561/6561 3676/6588/6588
f 3665/6563/6563 3663/6560/6560 3596/6559/6559
f 3642/6518/6518 3593/6564/6564 3592/6516/6516
f 3668/6569/6569 3667/6567/6567 3590/6566/6566
f 3670/6573/6573 3669/6571/6571 3588/6570/6570
f 3645/6523/6523 3586/6574/6574 3585/6521/6521
f 3619/6477/6477 3671/6576/6576 3581/6575/6575
f 3623/6484/6484 3647/6527/6527 3576/6526/6526
f 3648/6529/6529 3572/6528/6528 3571/6530/6530
f 3650/6534/6534 3567/6533/6533 3566/6535/6535
f 3651/6537/6537 3561/6536/6536 3560/6538/6538
f 3653/6542/6542 3556/6541/6541 3555/6506/6506
f 3640/6515/6515 3550/6514/6514 3549/6545/6545
f 3674/6583/6583 3673/6581/6581 3547/6580/6580
f 3658/6551/6551 3615/6584/6584 3614/6549/6549
f 3661/6556/6556 3612/6586/6586 3611/6554/6554
f 3609/6589/6589 3677/6590/6590 3662/6558/6558
f 3609/6589/6589 3608/6591/6591 3678/6592/6592
f 3604/6593/6593 3679/6594/6594 3680/6595/6595
f 3604/6593/6593 3603/6596/6596 3681/6597/6597
f 3664/6561/6561 3597/6587/6587 3596/6559/6559
f 3595/6562/6562 3594/6598/6598 3666/6565/6565
f 3667/6567/6567 3643/6520/6520 3591/6519/6519
f 3670/6573/6573 3587/6572/6572 3586/6574/6574
f 3619/6477/6477 3580/6578/6578 3579/6475/6475
f 3626/6489/6489 3570/6532/6532 3569/6487/6487
f 3635/6505/6505 3558/6504/6504 3557/6539/6539
f 3656/6548/6548 3548/6547/6547 3547/6580/6580
f 3617/6599/6599 3682/6600/6600 3674/6583/6583
f 3617/6599/6599 3616/6601/6601 3675/6585/6585
f 3661/6556/6556 3659/6553/6553 3613/6552/6552
f 3678/6592/6592 3677/6590/6590 3609/6589/6589
f 3605/6602/6602 3680/6595/6595 3683/6603/6603
f 3681/6597/6597 3679/6594/6594 3604/6593/6593
f 3599/6604/6604 3684/6605/6605 3685/6606/6606
f 3599/6604/6604 3598/6607/6607 3676/6588/6588
f 3666/6565/6565 3665/6563/6563 3595/6562/6562
f 3668/6569/6569 3589/6568/6568 3588/6570/6570
f 3623/6484/6484 3575/6579/6579 3574/6482/6482
f 3637/6510/6510 3553/6509/6509 3552/6544/6544
f 3675/6585/6585 3682/6600/6600 3617/6599/6599
f 3662/6558/6558 3610/6557/6557 3609/6589/6589
f 3680/6595/6595 3605/6602/6602 3604/6593/6593
f 3603/6596/6596 3602/6608/6608 3686/6609/6609
f 3601/6610/6610 3687/6611/6611 3686/6609/6609
f 3601/6610/6610 3600/6612/6612 3685/6606/6606
f 3676/6588/6588 3684/6605/6605 3599/6604/6604
f 3666/6565/6565 3594/6598/6598 3593/6564/6564
f 3583/6613/6613 3688/6614/6614 3646/6525/6525
f 3583/6613/6613 3582/6615/6615 3672/6577/6577
f 3630/6496/6496 3564/6495/6495 3563/6497/6497
f 3675/6585/6585 3616/6601/6601 3615/6584/6584
f 3607/6616/6616 3689/6617/6617 3678/6592/6592
f 3607/6616/6616 3606/6618/6618 3683/6603/6603
f 3686/6609/6609 3681/6597/6597 3603/6596/6596
f 3685/6606/6606 3687/6611/6611 3601/6610/6610
f 3676/6588/6588 3598/6607/6607 3597/6587/6587
f 3672/6577/6577 3688/6614/6614 3583/6613/6613
f 3674/6583/6583 3546/6582/6582 3617/6599/6599
f 3683/6603/6603 3689/6617/6617 3607/6616/6616
f 3686/6609/6609 3602/6608/6608 3601/6610/6610
f 3646/6525/6525 3584/6524/6524 3583/6613/6613
f 3678/6592/6592 3608/6591/6591 3607/6616/6616
f 3685/6606/6606 3600/6612/6612 3599/6604/6604
f 3683/6603/6603 3606/6618/6618 3605/6602/6602
f 3672/6577/6577 3582/6615/6615 3581/6575/6575
f 3690/6619/6619 3691/6620/6620 3674/6621/6621
f 3692/6622/6622 3690/6619/6619 3682/6623/6623
f 3693/6624/6624 3692/6622/6622 3675/6625/6625
f 3694/6626/6626 3693/6624/6624 3658/6627/6627
f 3695/6628/6628 3694/6626/6626 3657/6629/6629
f 3696/6630/6630 3695/6628/6628 3659/6631/6631
f 3697/6632/6632 3696/6630/6630 3661/6633/6633
f 3698/6634/6634 3697/6632/6632 3660/6635/6635
f 3699/6636/6636 3698/6634/6634 3662/6637/6637
f 3700/6638/6638 3699/6636/6636 3677/6639/6639
f 3701/6640/6640 3700/6638/6638 3678/6641/6641
f 3702/6642/6642 3701/6640/6640 3689/6643/6643
f 3703/6644/6644 3702/6642/6642 3683/6645/6645
f 3704/6646/6646 3703/6644/6644 3680/6647/6647
f 3705/6648/6648 3704/6646/6646 3679/6649/6649
f 3706/6650/6650 3705/6648/6648 3681/6651/6651
f 3707/6652/6652 3706/6650/6650 3686/6653/6653
f 3708/6654/6654 3707/6652/6652 3687/6655/6655
f 3709/6656/6656 3708/6654/6654 3685/6657/6657
f 3710/6658/6658 3709/6656/6656 3684/6659/6659
f 3711/6660/6660 3710/6658/6658 3676/6661/6661
f 3712/6662/6662 3711/6660/6660 3664/6663/6663
f 3713/6664/6664 3712/6662/6662 3663/6665/6665
f 3714/6666/6666 3713/6664/6664 3665/6667/6667
f 3715/6668/6668 3714/6666/6666 3666/6669/6669
f 3716/6670/6670 3715/6668/6668 3642/6671/6671
f 3717/6672/6672 3716/6670/6670 3641/6673/6673
f 3718/6674/6674 3717/6672/6672 3643/6675/6675
f 3719/6676/6676 3718/6674/6674 3667/6677/6677
f 3720/6678/6678 3719/6676/6676 3668/6679/6679
f 3721/6680/6680 3720/6678/6678 3669/6681/6681
f 3722/6682/6682 3721/6680/6680 3670/6683/6683
f 3723/6684/6684 3722/6682/6682 3645/6685/6685
f 3724/6686/6686 3723/6684/6684 3644/6687/6687
f 3725/6688/6688 3724/6686/6686 3646/6689/6689
f 3726/6690/6690 3725/6688/6688 3688/6691/6691
f 3727/6692/6692 3726/6690/6690 3672/6693/6693
f 3728/6694/6694 3727/6692/6692 3671/6695/6695
f 3729/6696/6696 3728/6694/6694 3619/6697/6697
f 3730/6698/6698 3729/6696/6696 3618/6699/6699
f 3731/6700/6700 3730/6698/6698 3620/6701/6701
f 3732/6702/6702 3731/6700/6700 3621/6703/6703
f 3733/6704/6704 3732/6702/6702 3647/6705/6705
f 3734/6706/6706 3733/6704/6704 3623/6707/6707
f 3735/6708/6708 3734/6706/6706 3622/6709/6709
f 3736/6710/6710 3735/6708/6708 3624/6711/6711
f 3737/6712/6712 3736/6710/6710 3648/6713/6713
f 3738/6714/6714 3737/6712/6712 3649/6715/6715
f 3739/6716/6716 3738/6714/6714 3626/6717/6717
f 3740/6718/6718 3739/6716/6716 3625/6719/6719
f 3741/6720/6720 3740/6718/6718 3627/6721/6721
f 3742/6722/6722 3741/6720/6720 3650/6723/6723
f 3743/6724/6724 3742/6722/6722 3629/6725/6725
f 3744/6726/6726 3743/6724/6724 3628/6727/6727
f 3745/6728/6728 3744/6726/6726 3630/6729/6729
f 3746/6730/6730 3745/6728/6728 3631/6731/6731
f 3747/6732/6732 3746/6730/6730 3632/6733/6733
f 3748/6734/6734 3747/6732/6732 3651/6735/6735
f 3749/6736/6736 3748/6734/6734 3634/6737/6737
f 3750/6738/6738 3749/6736/6736 3633/6739/6739
f 3751/6740/6740 3750/6738/6738 3635/6741/6741
f 3752/6742/6742 3751/6740/6740 3652/6743/6743
f 3753/6744/6744 3752/6742/6742 3653/6745/6745
f 3754/6746/6746 3753/6744/6744 3654/6747/6747
f 3755/6748/6748 3754/6746/6746 3636/6749/6749
f 3756/6750/6750 3755/6748/6748 3637/6751/6751
f 3757/6752/6752 3756/6750/6750 3639/6753/6753
f 3758/6754/6754 3757/6752/6752 3638/6755/6755
f 3759/6756/6756 3758/6754/6754 3640/6757/6757
f 3760/6758/6758 3759/6756/6756 3655/6759/6759
f 3761/6760/6760 3760/6758/6758 3656/6761/6761
f 3691/6620/6620 3761/6760/6760 3673/6762/6762
f 3673/6762/6762 3674/6621/6621 3691/6620/6620
f 3656/6761/6761 3673/6762/6762 3761/6760/6760
f 3655/6759/6759 3656/6761/6761 3760/6758/6758
f 3640/6757/6757 3655/6759/6759 3759/6756/6756
f 3638/6755/6755 3640/6757/6757 3758/6754/6754
f 3639/6753/6753 3638/6755/6755 3757/6752/6752
f 3637/6751/6751 3639/6753/6753 3756/6750/6750
f 3636/6749/6749 3637/6751/6751 3755/6748/6748
f 3654/6747/6747 3636/6749/6749 3754/6746/6746
f 3653/6745/6745 3654/6747/6747 3753/6744/6744
f 3652/6743/6743 3653/6745/6745 3752/6742/6742
f 3635/6741/6741 3652/6743/6743 3751/6740/6740
f 3633/6739/6739 3635/6741/6741 3750/6738/6738
f 3634/6737/6737 3633/6739/6739 3749/6736/6736
f 3651/6735/6735 3634/6737/6737 3748/6734/6734
f 3632/6733/6733 3651/6735/6735 3747/6732/6732
f 3631/6731/6731 3632/6733/6733 3746/6730/6730
f 3630/6729/6729 3631/6731/6731 3745/6728/6728
f 3628/6727/6727 3630/6729/6729 3744/6726/6726
f 3629/6725/6725 3628/6727/6727 3743/6724/6724
f 3650/6723/6723 3629/6725/6725 3742/6722/6722
f 3627/6721/6721 3650/6723/6723 3741/6720/6720
f 3625/6719/6719 3627/6721/6721 3740/6718/6718
f 3626/6717/6717 3625/6719/6719 3739/6716/6716
f 3649/6715/6715 3626/6717/6717 3738/6714/6714
f 3648/6713/6713 3649/6715/6715 3737/6712/6712
f 3624/6711/6711 3648/6713/6713 3736/6710/6710
f 3622/6709/6709 3624/6711/6711 3735/6708/6708
f 3623/6707/6707 3622/6709/6709 3734/6706/6706
f 3647/6705/6705 3623/6707/6707 3733/6704/6704
f 3621/6703/6703 3647/6705/6705 3732/6702/6702
f 3620/6701/6701 3621/6703/6703 3731/6700/6700
f 3618/6699/6699 3620/6701/6701 3730/6698/6698
f 3619/6697/6697 3618/6699/6699 3729/6696/6696
f 3671/6695/6695 3619/6697/6697 3728/6694/6694
f 3672/6693/6693 3671/6695/6695 3727/6692/6692
f 3688/6691/6691 3672/6693/6693 3726/6690/6690
f 3646/6689/6689 3688/6691/6691 3725/6688/6688
f 3644/6687/6687 3646/6689/6689 3724/6686/6686
f 3645/6685/6685 3644/6687/6687 3723/6684/6684
f 3670/6683/6683 3645/6685/6685 3722/6682/6682
f 3669/6681/6681 3670/6683/6683 3721/6680/6680
f 3668/6679/6679 3669/6681/6681 3720/6678/6678
f 3667/6677/6677 3668/6679/6679 3719/6676/6676
f 3643/6675/6675 3667/6677/6677 3718/6674/6674
f 3641/6673/6673 3643/6675/6675 3717/6672/6672
f 3642/6671/6671 3641/6673/6673 3716/6670/6670
f 3666/6669/6669 3642/6671/6671 3715/6668/6668
f 3665/6667/6667 3666/6669/6669 3714/6666/6666
f 3663/6665/6665 3665/6667/6667 3713/6664/6664
f 3664/6663/6663 3663/6665/6665 3712/6662/6662
f 3676/6661/6661 3664/6663/6663 3711/6660/6660
f 3684/6659/6659 3676/6661/6661 3710/6658/6658
f 3685/6657/6657 3684/6659/6659 3709/6656/6656
f 3687/6655/6655 3685/6657/6657 3708/6654/6654
f 3686/6653/6653 3687/6655/6655 3707/6652/6652
f 3681/6651/6651 3686/6653/6653 3706/6650/6650
f 3679/6649/6649 3681/6651/6651 3705/6648/6648
f 3680/6647/6647 3679/6649/6649 3704/6646/6646
f 3683/6645/6645 3680/6647/6647 3703/6644/6644
f 3689/6643/6643 3683/6645/6645 3702/6642/6642
f 3678/6641/6641 3689/6643/6643 3701/6640/6640
f 3677/6639/6639 3678/6641/6641 3700/6638/6638
f 3662/6637/6637 3677/6639/6639 3699/6636/6636
f 3660/6635/6635 3662/6637/6637 3698/6634/6634
f 3661/6633/6633 3660/6635/6635 3697/6632/6632
f 3659/6631/6631 3661/6633/6633 3696/6630/6630
f 3657/6629/6629 3659/6631/6631 3695/6628/6628
f 3658/6627/6627 3657/6629/6629 3694/6626/6626
f 3675/6625/6625 3658/6627/6627 3693/6624/6624
f 3682/6623/6623 3675/6625/6625 3692/6622/6622
f 3674/6621/6621 3682/6623/6623 3690/6619/6619
f 3730/6763/6763 3731/6764/6764 3762/6765/6765
f 3731/6764/6764 3732/6766/6766 3763/6767/6767
f 3747/6768/6768 3764/6769/6769 3765/6770/6770
f 3747/6768/6768 3748/6771/6771 3766/6772/6772
f 3730/6763/6763 3767/6773/6773 3768/6774/6774
f 3763/6767/6767 3762/6765/6765 3731/6764/6764
f 3732/6766/6766 3733/6775/6775 3769/6776/6776
f 3733/6775/6775 3734/6777/6777 3770/6778/6778
f 3766/6772/6772 3764/6769/6769 3747/6768/6768
f 3748/6771/6771 3749/6779/6779 3771/6780/6780
f 3762/6765/6765 3767/6773/6773 3730/6763/6763
f 3770/6778/6778 3769/6776/6776 3733/6775/6775
f 3743/6781/6781 3772/6782/6782 3773/6783/6783
f 3743/6781/6781 3744/6784/6784 3774/6785/6785
f 3745/6786/6786 3775/6787/6787 3774/6785/6785
f 3745/6786/6786 3746/6788/6788 3765/6770/6770
f 3771/6780/6780 3766/6772/6772 3748/6771/6771
f 3749/6779/6779 3750/6789/6789 3776/6790/6790
f 3751/6791/6791 3777/6792/6792 3776/6790/6790
f 3751/6791/6791 3752/6793/6793 3778/6794/6794
f 3758/6795/6795 3779/6796/6796 3780/6797/6797
f 3758/6795/6795 3759/6798/6798 3781/6799/6799
f 3696/6800/6800 3697/6801/6801 3782/6802/6802
f 3697/6801/6801 3698/6803/6803 3783/6804/6804
f 3715/6805/6805 3784/6806/6806 3785/6807/6807
f 3715/6805/6805 3716/6808/6808 3786/6809/6809
f 3720/6810/6810 3787/6811/6811 3788/6812/6812
f 3720/6810/6810 3721/6813/6813 3789/6814/6814
f 3727/6815/6815 3790/6816/6816 3791/6817/6817
f 3727/6815/6815 3728/6818/6818 3792/6819/6819
f 3729/6820/6820 3768/6774/6774 3792/6819/6819
f 3769/6776/6776 3763/6767/6767 3732/6766/6766
f 3738/6821/6821 3793/6822/6822 3794/6823/6823
f 3738/6821/6821 3739/6824/6824 3795/6825/6825
f 3741/6826/6826 3796/6827/6827 3797/6828/6828
f 3741/6826/6826 3742/6829/6829 3773/6783/6783
f 3774/6785/6785 3772/6782/6782 3743/6781/6781
f 3765/6770/6770 3775/6787/6787 3745/6786/6786
f 3776/6790/6790 3771/6780/6780 3749/6779/6779
f 3778/6794/6794 3777/6792/6792 3751/6791/6791
f 3781/6799/6799 3779/6796/6796 3758/6795/6795
f 3759/6798/6798 3760/6830/6830 3798/6831/6831
f 3761/6832/6832 3799/6833/6833 3798/6831/6831
f 3761/6832/6832 3691/6834/6834 3800/6835/6835
f 3694/6836/6836 3695/6837/6837 3801/6838/6838
f 3695/6837/6837 3696/6800/6800 3802/6839/6839
f 3783/6804/6804 3782/6802/6802 3697/6801/6801
f 3698/6803/6803 3699/6840/6840 3803/6841/6841
f 3701/6842/6842 3702/6843/6843 3804/6844/6844
f 3702/6843/6843 3703/6845/6845 3805/6846/6846
f 3705/6847/6847 3806/6848/6848 3807/6849/6849
f 3705/6847/6847 3706/6850/6850 3808/6851/6851
f 3711/6852/6852 3809/6853/6853 3810/6854/6854
f 3711/6852/6852 3712/6855/6855 3811/6856/6856
f 3714/6857/6857 3785/6807/6807 3812/6858/6858
f 3786/6809/6809 3784/6806/6806 3715/6805/6805
f 3719/6859/6859 3788/6812/6812 3813/6860/6860
f 3789/6814/6814 3787/6811/6811 3720/6810/6810
f 3792/6819/6819 3790/6816/6816 3727/6815/6815
f 3768/6774/6774 3729/6820/6820 3730/6763/6763
f 3735/6861/6861 3814/6862/6862 3770/6778/6778
f 3735/6861/6861 3736/6863/6863 3815/6864/6864
f 3737/6865/6865 3794/6823/6823 3815/6864/6864
f 3795/6825/6825 3793/6822/6822 3738/6821/6821
f 3740/6866/6866 3797/6828/6828 3795/6825/6825
f 3773/6783/6783 3796/6827/6827 3741/6826/6826
f 3774/6785/6785 3744/6784/6784 3745/6786/6786
f 3776/6790/6790 3750/6789/6789 3751/6791/6791
f 3753/6867/6867 3816/6868/6868 3778/6794/6794
f 3753/6867/6867 3754/6869/6869 3817/6870/6870
f 3756/6871/6871 3818/6872/6872 3819/6873/6873
f 3756/6871/6871 3757/6874/6874 3780/6797/6797
f 3798/6831/6831 3781/6799/6799 3759/6798/6798
f 3800/6835/6835 3799/6833/6833 3761/6832/6832
f 3690/6875/6875 3820/6876/6876 3800/6835/6835
f 3690/6875/6875 3692/6877/6877 3821/6878/6878
f 3693/6879/6879 3822/6880/6880 3821/6878/6878
f 3693/6879/6879 3694/6836/6836 3823/6881/6881
f 3802/6839/6839 3801/6838/6838 3695/6837/6837
f 3803/6841/6841 3783/6804/6804 3698/6803/6803
f 3805/6846/6846 3804/6844/6844 3702/6843/6843
f 3704/6882/6882 3807/6849/6849 3805/6846/6846
f 3808/6851/6851 3806/6848/6848 3705/6847/6847
f 3706/6850/6850 3707/6883/6883 3824/6884/6884
f 3710/6885/6885 3810/6854/6854 3825/6886/6886
f 3811/6856/6856 3809/6853/6853 3711/6852/6852
f 3785/6807/6807 3714/6857/6857 3715/6805/6805
f 3716/6808/6808 3717/6887/6887 3826/6888/6888
f 3718/6889/6889 3813/6860/6860 3826/6888/6888
f 3788/6812/6812 3719/6859/6859 3720/6810/6810
f 3722/6890/6890 3827/6891/6891 3789/6814/6814
f 3722/6890/6890 3723/6892/6892 3828/6893/6893
f 3792/6819/6819 3728/6818/6818 3729/6820/6820
f 3815/6864/6864 3814/6862/6862 3735/6861/6861
f 3794/6823/6823 3737/6865/6865 3738/6821/6821
f 3797/6828/6828 3740/6866/6866 3741/6826/6826
f 3765/6770/6770 3746/6788/6788 3747/6768/6768
f 3817/6870/6870 3816/6868/6868 3753/6867/6867
f 3755/6894/6894 3819/6873/6873 3817/6870/6870
f 3780/6797/6797 3818/6872/6872 3756/6871/6871
f 3798/6831/6831 3760/6830/6830 3761/6832/6832
f 3821/6878/6878 3820/6876/6876 3690/6875/6875
f 3823/6881/6881 3822/6880/6880 3693/6879/6879
f 3782/6802/6802 3802/6839/6839 3696/6800/6800
f 3700/6895/6895 3829/6896/6896 3803/6841/6841
f 3700/6895/6895 3701/6842/6842 3830/6897/6897
f 3805/6846/6846 3703/6845/6845 3704/6882/6882
f 3824/6884/6884 3808/6851/6851 3706/6850/6850
f 3810/6854/6854 3710/6885/6885 3711/6852/6852
f 3712/6855/6855 3713/6898/6898 3812/6858/6858
f 3826/6888/6888 3786/6809/6809 3716/6808/6808
f 3813/6860/6860 3718/6889/6889 3719/6859/6859
f 3828/6893/6893 3827/6891/6891 3722/6890/6890
f 3723/6892/6892 3724/6899/6899 3831/6900/6900
f 3725/6901/6901 3832/6902/6902 3831/6900/6900
f 3725/6901/6901 3726/6903/6903 3791/6817/6817
f 3770/6778/6778 3734/6777/6777 3735/6861/6861
f 3795/6825/6825 3739/6824/6824 3740/6866/6866
f 3778/6794/6794 3752/6793/6793 3753/6867/6867
f 3819/6873/6873 3755/6894/6894 3756/6871/6871
f 3800/6835/6835 3691/6834/6834 3690/6875/6875
f 3801/6838/6838 3823/6881/6881 3694/6836/6836
f 3830/6897/6897 3829/6896/6896 3700/6895/6895
f 3807/6849/6849 3704/6882/6882 3705/6847/6847
f 3812/6858/6858 3811/6856/6856 3712/6855/6855
f 3826/6888/6888 3717/6887/6887 3718/6889/6889
f 3831/6900/6900 3828/6893/6893 3723/6892/6892
f 3791/6817/6817 3832/6902/6902 3725/6901/6901
f 3815/6864/6864 3736/6863/6863 3737/6865/6865
f 3817/6870/6870 3754/6869/6869 3755/6894/6894
f 3821/6878/6878 3692/6877/6877 3693/6879/6879
f 3804/6844/6844 3830/6897/6897 3701/6842/6842
f 3708/6904/6904 3833/6905/6905 3824/6884/6884
f 3708/6904/6904 3709/6906/6906 3825/6886/6886
f 3812/6858/6858 3713/6898/6898 3714/6857/6857
f 3831/6900/6900 3724/6899/6899 3725/6901/6901
f 3773/6783/6783 3742/6829/6829 3743/6781/6781
f 3803/6841/6841 3699/6840/6840 3700/6895/6895
f 3825/6886/6886 3833/6905/6905 3708/6904/6904
f 3789/6814/6814 3721/6813/6813 3722/6890/6890
f 3780/6797/6797 3757/6874/6874 3758/6795/6795
f 3825/6886/6886 3709/6906/6906 3710/6885/6885
f 3824/6884/6884 3707/6883/6883 3708/6904/6904
f 3791/6817/6817 3726/6903/6903 3727/6815/6815
f 3832/6907/6907 3791/6908/6908 3834/6909/6909
f 3831/6910/6910 3832/6907/6907 3835/6911/6911
f 3828/6912/6912 3831/6910/6910 3836/6913/6913
f 3827/6914/6914 3828/6912/6912 3837/6915/6915
f 3789/6916/6916 3827/6914/6914 3838/6917/6917
f 3787/6918/6918 3789/6916/6916 3839/6919/6919
f 3788/6920/6920 3787/6918/6918 3840/6921/6921
f 3813/6922/6922 3788/6920/6920 3841/6923/6923
f 3826/6924/6924 3813/6922/6922 3842/6925/6925
f 3786/6926/6926 3826/6924/6924 3843/6927/6927
f 3784/6928/6928 3786/6926/6926 3844/6929/6929
f 3785/6930/6930 3784/6928/6928 3845/6931/6931
f 3812/6932/6932 3785/6930/6930 3846/6933/6933
f 3811/6934/6934 3812/6932/6932 3847/6935/6935
f 3809/6936/6936 3811/6934/6934 3848/6937/6937
f 3810/6938/6938 3809/6936/6936 3849/6939/6939
f 3825/6940/6940 3810/6938/6938 3850/6941/6941
f 3833/6942/6942 3825/6940/6940 3851/6943/6943
f 3824/6944/6944 3833/6942/6942 3852/6945/6945
f 3808/6946/6946 3824/6944/6944 3853/6947/6947
f 3806/6948/6948 3808/6946/6946 3854/6949/6949
f 3807/6950/6950 3806/6948/6948 3855/6951/6951
f 3805/6952/6952 3807/6950/6950 3856/6953/6953
f 3804/6954/6954 3805/6952/6952 3857/6955/6955
f 3830/6956/6956 3804/6954/6954 3858/6957/6957
f 3829/6958/6958 3830/6956/6956 3859/6959/6959
f 3803/6960/6960 3829/6958/6958 3860/6961/6961
f 3783/6962/6962 3803/6960/6960 3861/6963/6963
f 3782/6964/6964 3783/6962/6962 3862/6965/6965
f 3802/6966/6966 3782/6964/6964 3863/6967/6967
f 3801/6968/6968 3802/6966/6966 3864/6969/6969
f 3823/6970/6970 3801/6968/6968 3865/6971/6971
f 3822/6972/6972 3823/6970/6970 3866/6973/6973
f 3821/6974/6974 3822/6972/6972 3867/6975/6975
f 3820/6976/6976 3821/6974/6974 3868/6977/6977
f 3800/6978/6978 3820/6976/6976 3869/6979/6979
f 3799/6980/6980 3800/6978/6978 3870/6981/6981
f 3798/6982/6982 3799/6980/6980 3871/6983/6983
f 3781/6984/6984 3798/6982/6982 3872/6985/6985
f 3779/6986/6986 3781/6984/6984 3873/6987/6987
f 3780/6988/6988 3779/6986/6986 3874/6989/6989
f 3818/6990/6990 3780/6988/6988 3875/6991/6991
f 3819/6992/6992 3818/6990/6990 3876/6993/6993
f 3817/6994/6994 3819/6992/6992 3877/6995/6995
f 3816/6996/6996 3817/6994/6994 3878/6997/6997
f 3778/6998/6998 3816/6996/6996 3879/6999/6999
f 3777/7000/7000 3778/6998/6998 3880/7001/7001
f 3776/7002/7002 3777/7000/7000 3881/7003/7003
f 3771/7004/7004 3776/7002/7002 3882/7005/7005
f 3766/7006/7006 3771/7004/7004 3883/7007/7007
f 3764/7008/7008 3766/7006/7006 3884/7009/7009
f 3765/7010/7010 3764/7008/7008 3885/7011/7011
f 3775/7012/7012 3765/7010/7010 3886/7013/7013
f 3774/7014/7014 3775/7012/7012 3887/7015/7015
f 3772/7016/7016 3774/7014/7014 3888/7017/7017
f 3773/7018/7018 3772/7016/7016 3889/7019/7019
f 3796/7020/7020 3773/7018/7018 3890/7021/7021
f 3797/7022/7022 3796/7020/7020 3891/7023/7023
f 3795/7024/7024 3797/7022/7022 3892/7025/7025
f 3793/7026/7026 3795/7024/7024 3893/7027/7027
f 3794/7028/7028 3793/7026/7026 3894/7029/7029
f 3815/7030/7030 3794/7028/7028 3895/7031/7031
f 3814/7032/7032 3815/7030/7030 3896/7033/7033
f 3770/7034/7034 3814/7032/7032 3897/7035/7035
f 3769/7036/7036 3770/7034/7034 3898/7037/7037
f 3763/7038/7038 3769/7036/7036 3899/7039/7039
f 3762/7040/7040 3763/7038/7038 3900/7041/7041
f 3767/7042/7042 3762/7040/7040 3901/7043/7043
f 3768/7044/7044 3767/7042/7042 3902/7045/7045
f 3792/7046/7046 3768/7044/7044 3903/7047/7047
f 3790/7048/7048 3792/7046/7046 3904/7049/7049
f 3791/6908/6908 3790/7048/7048 3905/7050/7050
f 3905/7050/7050 3834/6909/6909 3791/6908/6908
f 3904/7049/7049 3905/7050/7050 3790/7048/7048
f 3903/7047/7047 3904/7049/7049 3792/7046/7046
f 3902/7045/7045 3903/7047/7047 3768/7044/7044
f 3901/7043/7043 3902/7045/7045 3767/7042/7042
f 3900/7041/7041 3901/7043/7043 3762/7040/7040
f 3899/7039/7039 3900/7041/7041 3763/7038/7038
f 3898/7037/7037 3899/7039/7039 3769/7036/7036
f 3897/7035/7035 3898/7037/7037 3770/7034/7034
f 3896/7033/7033 3897/7035/7035 3814/7032/7032
f 3895/7031/7031 3896/7033/7033 3815/7030/7030
f 3894/7029/7029 3895/7031/7031 3794/7028/7028
f 3893/7027/7027 3894/7029/7029 3793/7026/7026
f 3892/7025/7025 3893/7027/7027 3795/7024/7024
f 3891/7023/7023 3892/7025/7025 3797/7022/7022
f 3890/7021/7021 3891/7023/7023 3796/7020/7020
f 3889/7019/7019 3890/7021/7021 3773/7018/7018
f 3888/7017/7017 3889/7019/7019 3772/7016/7016
f 3887/7015/7015 3888/7017/7017 3774/7014/7014
f 3886/7013/7013 3887/7015/7015 3775/7012/7012
f 3885/7011/7011 3886/7013/7013 3765/7010/7010
f 3884/7009/7009 3885/7011/7011 3764/7008/7008
f 3883/7007/7007 3884/7009/7009 3766/7006/7006
f 3882/7005/7005 3883/7007/7007 3771/7004/7004
f 3881/7003/7003 3882/7005/7005 3776/7002/7002
f 3880/7001/7001 3881/7003/7003 3777/7000/7000
f 3879/6999/6999 3880/7001/7001 3778/6998/6998
f 3878/6997/6997 3879/6999/6999 3816/6996/6996
f 3877/6995/6995 3878/6997/6997 3817/6994/6994
f 3876/6993/6993 3877/6995/6995 3819/6992/6992
f 3875/6991/6991 3876/6993/6993 3818/6990/6990
f 3874/6989/6989 3875/6991/6991 3780/6988/6988
f 3873/6987/6987 3874/6989/6989 3779/6986/6986
f 3872/6985/6985 3873/6987/6987 3781/6984/6984
f 3871/6983/6983 3872/6985/6985 3798/6982/6982
f 3870/6981/6981 3871/6983/6983 3799/6980/6980
f 3869/6979/6979 3870/6981/6981 3800/6978/6978
f 3868/6977/6977 3869/6979/6979 3820/6976/6976
f 3867/6975/6975 3868/6977/6977 3821/6974/6974
f 3866/6973/6973 3867/6975/6975 3822/6972/6972
f 3865/6971/6971 3866/6973/6973 3823/6970/6970
f 3864/6969/6969 3865/6971/6971 3801/6968/6968
f 3863/6967/6967 3864/6969/6969 3802/6966/6966
f 3862/6965/6965 3863/6967/6967 3782/6964/6964
f 3861/6963/6963 3862/6965/6965 3783/6962/6962
f 3860/6961/6961 3861/6963/6963 3803/6960/6960
f 3859/6959/6959 3860/6961/6961 3829/6958/6958
f 3858/6957/6957 3859/6959/6959 3830/6956/6956
f 3857/6955/6955 3858/6957/6957 3804/6954/6954
f 3856/6953/6953 3857/6955/6955 3805/6952/6952
f 3855/6951/6951 3856/6953/6953 3807/6950/6950
f 3854/6949/6949 3855/6951/6951 3806/6948/6948
f 3853/6947/6947 3854/6949/6949 3808/6946/6946
f 3852/6945/6945 3853/6947/6947 3824/6944/6944
f 3851/6943/6943 3852/6945/6945 3833/6942/6942
f 3850/6941/6941 3851/6943/6943 3825/6940/6940
f 3849/6939/6939 3850/6941/6941 3810/6938/6938
f 3848/6937/6937 3849/6939/6939 3809/6936/6936
f 3847/6935/6935 3848/6937/6937 3811/6934/6934
f 3846/6933/6933 3847/6935/6935 3812/6932/6932
f 3845/6931/6931 3846/6933/6933 3785/6930/6930
f 3844/6929/6929 3845/6931/6931 3784/6928/6928
f 3843/6927/6927 3844/6929/6929 3786/6926/6926
f 3842/6925/6925 3843/6927/6927 3826/6924/6924
f 3841/6923/6923 3842/6925/6925 3813/6922/6922
f 3840/6921/6921 3841/6923/6923 3788/6920/6920
f 3839/6919/6919 3840/6921/6921 3787/6918/6918
f 3838/6917/6917 3839/6919/6919 3789/6916/6916
f 3837/6915/6915 3838/6917/6917 3827/6914/6914
f 3836/6913/6913 3837/6915/6915 3828/6912/6912
f 3835/6911/6911 3836/6913/6913 3831/6910/6910
f 3834/6909/6909 3835/6911/6911 3832/6907/6907
f 1380/7051/7051 3906/7052/7052 3907/7053/7053
f 3908/7054/7054 3907/7053/7053 3906/7052/7052
f 3906/7052/7052 3909/7055/7055 3908/7054/7054
f 1380/7051/7051 3910/7056/7056 3911/7057/7057
f 987/7058/7058 1235/7059/7059 3912/7060/7060
f 3913/7061/7061 989/7062/7062 988/7063/7063
f 1379/7064/7064 3914/7065/7065 3910/7056/7056
f 3914/7065/7065 1379/7064/7064 989/7062/7062
f 3911/7057/7057 3906/7052/7052 1380/7051/7051
f 3915/7066/7066 3911/7057/7057 3910/7056/7056
f 988/7063/7063 3912/7060/7060 3913/7061/7061
f 989/7062/7062 3913/7061/7061 3914/7065/7065
f 3910/7056/7056 3916/7067/7067 3915/7066/7066
f 3910/7056/7056 1380/7051/7051 1379/7064/7064
f 3912/7060/7060 988/7063/7063 987/7058/7058
f 3907/7053/7053 3917/7068/7068 1380/7051/7051
f 3918/7069/7069 3914/7070/7070 3919/7071/7071
f 3914/7070/7070 3920/7072/7072 3919/7071/7071
f 3914/7070/7070 3921/7073/7073 3920/7072/7072
f 3914/7070/7070 3913/7074/7074 3921/7073/7073
f 3919/7071/7071 3922/7075/7075 3918/7069/7069
f 3923/7076/7076 3924/7077/7077 3925/7078/7078
f 3926/7079/7079 3927/7080/7080 3928/7081/7081
f 3926/7079/7079 3929/7082/7082 3930/7083/7083
f 3926/7079/7079 3931/7084/7084 3932/7085/7085
f 3925/7078/7078 3933/7086/7086 3923/7076/7076
f 3928/7081/7081 3934/7087/7087 3926/7079/7079
f 3932/7085/7085 3929/7082/7082 3926/7079/7079
f 3926/7079/7079 3935/7088/7088 3936/7089/7089
f 3926/7079/7079 3937/7090/7090 3938/7091/7091
f 3926/7079/7079 3939/7092/7092 3940/7093/7093
f 3934/7087/7087 3923/7076/7076 3926/7079/7079
f 3926/7079/7079 3941/7094/7094 3942/7095/7095
f 3936/7089/7089 3931/7084/7084 3926/7079/7079
f 3926/7079/7079 3943/7096/7096 3937/7090/7090
f 3926/7079/7079 3944/7097/7097 3939/7092/7092
f 3926/7079/7079 3945/7098/7098 3946/7099/7099
f 3942/7095/7095 3927/7080/7080 3926/7079/7079
f 3938/7091/7091 3935/7088/7088 3926/7079/7079
f 3926/7079/7079 3947/7100/7100 3948/7101/7101
f 3940/7093/7093 3949/7102/7102 3926/7079/7079
f 3926/7079/7079 3950/7103/7103 3945/7098/7098
f 3926/7079/7079 3951/7104/7104 3952/7105/7105
f 3926/7079/7079 3953/7106/7106 3954/7107/7107
f 3930/7083/7083 3941/7094/7094 3926/7079/7079
f 3949/7102/7102 3947/7100/7100 3926/7079/7079
f 3952/7105/7105 3950/7103/7103 3926/7079/7079
f 3926/7079/7079 3918/7108/7108 3953/7106/7106
f 3948/7101/7101 3943/7096/7096 3926/7079/7079
f 3926/7079/7079 3955/7109/7109 3956/7110/7110
f 3926/7079/7079 3957/7111/7111 3958/7112/7112
f 3954/7107/7107 3951/7104/7104 3926/7079/7079
f 3956/7110/7110 3944/7097/7097 3926/7079/7079
f 3946/7099/7099 3957/7111/7111 3926/7079/7079
f 3918/7108/7108 3926/7079/7079 3910/7113/7113
f 3958/7112/7112 3955/7109/7109 3926/7079/7079
f 3933/7086/7086 3926/7079/7079 3923/7076/7076
f 3910/7113/7113 3914/7114/7114 3918/7108/7108
f 3910/7115/7115 3959/7116/7116 3960/7117/7117
f 3910/7115/7115 3961/7118/7118 3959/7116/7116
f 3962/7119/7119 3963/7120/7120 3961/7118/7118
f 3961/7118/7118 3910/7115/7115 3962/7119/7119
f 3910/7115/7115 3926/7121/7121 3962/7119/7119
f 3960/7117/7117 3916/7122/7122 3910/7115/7115
f 3953/7123/7123 3918/7124/7124 3922/7125/7125
f 3954/7126/7126 3953/7123/7123 3964/7127/7127
f 3951/7128/7128 3954/7126/7126 3965/7129/7129
f 3952/7130/7130 3951/7128/7128 3966/7131/7131
f 3950/7132/7132 3952/7130/7130 3967/7133/7133
f 3945/7134/7134 3950/7132/7132 3968/7135/7135
f 3946/7136/7136 3945/7134/7134 3969/7137/7137
f 3957/7138/7138 3946/7136/7136 3970/7139/7139
f 3958/7140/7140 3957/7138/7138 3971/7141/7141
f 3955/7142/7142 3958/7140/7140 3972/7143/7143
f 3956/7144/7144 3955/7142/7142 3973/7145/7145
f 3944/7146/7146 3956/7144/7144 3974/7147/7147
f 3939/7148/7148 3944/7146/7146 3975/7149/7149
f 3940/7150/7150 3939/7148/7148 3976/7151/7151
f 3949/7152/7152 3940/7150/7150 3977/7153/7153
f 3947/7154/7154 3949/7152/7152 3978/7155/7155
f 3948/7156/7156 3947/7154/7154 3979/7157/7157
f 3980/7158/7158 3981/7159/7159 3982/7160/7160
f 3982/7160/7160 3948/7156/7156 3980/7158/7158
f 3982/7160/7160 3943/7161/7161 3948/7156/7156
f 3979/7157/7157 3980/7158/7158 3948/7156/7156
f 3978/7155/7155 3979/7157/7157 3947/7154/7154
f 3977/7153/7153 3978/7155/7155 3949/7152/7152
f 3976/7151/7151 3977/7153/7153 3940/7150/7150
f 3975/7149/7149 3976/7151/7151 3939/7148/7148
f 3974/7147/7147 3975/7149/7149 3944/7146/7146
f 3973/7145/7145 3974/7147/7147 3956/7144/7144
f 3972/7143/7143 3973/7145/7145 3955/7142/7142
f 3971/7141/7141 3972/7143/7143 3958/7140/7140
f 3970/7139/7139 3971/7141/7141 3957/7138/7138
f 3969/7137/7137 3970/7139/7139 3946/7136/7136
f 3968/7135/7135 3969/7137/7137 3945/7134/7134
f 3967/7133/7133 3968/7135/7135 3950/7132/7132
f 3966/7131/7131 3967/7133/7133 3952/7130/7130
f 3965/7129/7129 3966/7131/7131 3951/7128/7128
f 3964/7127/7127 3965/7129/7129 3954/7126/7126
f 3922/7125/7125 3964/7127/7127 3953/7123/7123
f 3983/7162/7162 3962/7163/7163 3926/7164/7164
f 3984/7165/7165 3983/7162/7162 3933/7166/7166
f 3985/7167/7167 3984/7165/7165 3925/7168/7168
f 3986/7169/7169 3985/7167/7167 3924/7170/7170
f 3987/7171/7171 3986/7169/7169 3923/7172/7172
f 3988/7173/7173 3987/7171/7171 3934/7174/7174
f 3989/7175/7175 3988/7173/7173 3928/7176/7176
f 3990/7177/7177 3989/7175/7175 3927/7178/7178
f 3991/7179/7179 3990/7177/7177 3942/7180/7180
f 3992/7181/7181 3991/7179/7179 3941/7182/7182
f 3993/7183/7183 3992/7181/7181 3930/7184/7184
f 3994/7185/7185 3993/7183/7183 3929/7186/7186
f 3995/7187/7187 3994/7185/7185 3932/7188/7188
f 3996/7189/7189 3995/7187/7187 3931/7190/7190
f 3997/7191/7191 3996/7189/7189 3936/7192/7192
f 3998/7193/7193 3997/7191/7191 3935/7194/7194
f 3999/7195/7195 3998/7193/7193 3938/7196/7196
f 3982/7197/7197 3999/7195/7195 3937/7198/7198
f 3937/7198/7198 3943/7199/7199 3982/7197/7197
f 3938/7196/7196 3937/7198/7198 3999/7195/7195
f 3935/7194/7194 3938/7196/7196 3998/7193/7193
f 3936/7192/7192 3935/7194/7194 3997/7191/7191
f 3931/7190/7190 3936/7192/7192 3996/7189/7189
f 3932/7188/7188 3931/7190/7190 3995/7187/7187
f 3929/7186/7186 3932/7188/7188 3994/7185/7185
f 3930/7184/7184 3929/7186/7186 3993/7183/7183
f 3941/7182/7182 3930/7184/7184 3992/7181/7181
f 3942/7180/7180 3941/7182/7182 3991/7179/7179
f 3927/7178/7178 3942/7180/7180 3990/7177/7177
f 3928/7176/7176 3927/7178/7178 3989/7175/7175
f 3934/7174/7174 3928/7176/7176 3988/7173/7173
f 3923/7172/7172 3934/7174/7174 3987/7171/7171
f 3924/7170/7170 3923/7172/7172 3986/7169/7169
f 3925/7168/7168 3924/7170/7170 3985/7167/7167
f 3933/7166/7166 3925/7168/7168 3984/7165/7165
f 3926/7164/7164 3933/7166/7166 3983/7162/7162
f 3999/7200/7200 3982/7197/7197 3981/7201/7201
f 3998/7202/7202 3999/7200/7200 4000/7203/7203
f 3997/7204/7204 3998/7202/7202 4001/7205/7205
f 3996/7206/7206 3997/7204/7204 4002/7207/7207
f 3995/7208/7208 3996/7206/7206 4003/7209/7209
f 3994/7210/7210 3995/7208/7208 4004/7211/7211
f 3993/7212/7212 3994/7210/7210 4005/7213/7213
f 3992/7214/7214 3993/7212/7212 4006/7215/7215
f 3991/7216/7216 3992/7214/7214 4007/7217/7217
f 3990/7218/7218 3991/7216/7216 4008/7219/7219
f 3989/7220/7220 3990/7218/7218 4009/7221/7221
f 3988/7222/7222 3989/7220/7220 4010/7223/7223
f 3987/7224/7224 3988/7222/7222 4011/7225/7225
f 3986/7226/7226 3987/7224/7224 4012/7227/7227
f 3985/7228/7228 3986/7226/7226 4013/7229/7229
f 3984/7230/7230 3985/7228/7228 4014/7231/7231
f 3983/7232/7232 3984/7230/7230 4015/7233/7233
f 3962/7234/7234 3983/7232/7232 4016/7235/7235
f 4016/7235/7235 3963/7236/7236 3962/7234/7234
f 4015/7233/7233 4016/7235/7235 3983/7232/7232
f 4014/7231/7231 4015/7233/7233 3984/7230/7230
f 4013/7229/7229 4014/7231/7231 3985/7228/7228
f 4012/7227/7227 4013/7229/7229 3986/7226/7226
f 4011/7225/7225 4012/7227/7227 3987/7224/7224
f 4010/7223/7223 4011/7225/7225 3988/7222/7222
f 4009/7221/7221 4010/7223/7223 3989/7220/7220
f 4008/7219/7219 4009/7221/7221 3990/7218/7218
f 4007/7217/7217 4008/7219/7219 3991/7216/7216
f 4006/7215/7215 4007/7217/7217 3992/7214/7214
f 4005/7213/7213 4006/7215/7215 3993/7212/7212
f 4004/7211/7211 4005/7213/7213 3994/7210/7210
f 4003/7209/7209 4004/7211/7211 3995/7208/7208
f 4002/7207/7207 4003/7209/7209 3996/7206/7206
f 4001/7205/7205 4002/7207/7207 3997/7204/7204
f 4000/7203/7203 4001/7205/7205 3998/7202/7202
f 3981/7201/7201 4000/7203/7203 3999/7200/7200
f 3906/7237/7237 4017/7238/7238 4018/7239/7239
f 3906/7237/7237 4019/7240/7240 4017/7238/7238
f 4020/7241/7241 4021/7242/7242 4019/7240/7240
f 4019/7240/7240 3906/7237/7237 4020/7241/7241
f 4018/7239/7239 3909/7243/7243 3906/7237/7237
f 4022/7244/7244 4023/7245/7245 4024/7246/7246
f 4024/7246/7246 4025/7247/7247 4022/7244/7244
f 4026/7248/7248 4027/7249/7249 4028/7250/7250
f 4027/7249/7249 4026/7248/7248 4029/7251/7251
f 4025/7247/7247 4030/7252/7252 4022/7244/7244
f 4022/7244/7244 4031/7253/7253 4032/7254/7254
f 4022/7244/7244 4033/7255/7255 4034/7256/7256
f 4029/7251/7251 4035/7257/7257 4027/7249/7249
f 4036/7258/7258 4037/7259/7259 4038/7260/7260
f 4022/7244/7244 4039/7261/7261 4023/7245/7245
f 4022/7244/7244 4040/7262/7262 4041/7263/7263
f 4034/7256/7256 4031/7253/7253 4022/7244/7244
f 4022/7244/7244 4042/7264/7264 4043/7265/7265
f 4022/7244/7244 4044/7266/7266 4045/7267/7267
f 4026/7248/7248 4046/7268/7268 4047/7269/7269
f 4028/7250/7250 4048/7270/7270 4026/7248/7248
f 4036/7258/7258 4049/7271/7271 4037/7259/7259
f 4036/7258/7258 4050/7272/7272 4051/7273/7273
f 4036/7258/7258 4052/7274/7274 4053/7275/7275
f 4041/7263/7263 4039/7261/7261 4022/7244/7244
f 4022/7244/7244 4054/7276/7276 4055/7277/7277
f 4043/7265/7265 4033/7255/7255 4022/7244/7244
f 4022/7244/7244 4036/7258/7258 4044/7266/7266
f 4048/7270/7270 4046/7268/7268 4026/7248/7248
f 4036/7258/7258 4056/7278/7278 4057/7279/7279
f 4051/7273/7273 4049/7271/7271 4036/7258/7258
f 4036/7258/7258 4022/7244/7244 4052/7274/7274
f 4055/7277/7277 4040/7262/7262 4022/7244/7244
f 4045/7267/7267 4042/7264/7264 4022/7244/7244
f 4057/7279/7279 4026/7248/7248 4036/7258/7258
f 4053/7275/7275 4050/7272/7272 4036/7258/7258
f 4032/7254/7254 4054/7276/7276 4022/7244/7244
f 4038/7260/7260 4056/7278/7278 4036/7258/7258
f 4022/7244/7244 4020/7280/7280 3906/7281/7281
f 4047/7269/7269 4036/7258/7258 4026/7248/7248
f 4030/7252/7252 4020/7280/7280 4022/7244/7244
f 3906/7281/7281 3911/7282/7282 4022/7244/7244
f 4022/7283/7283 3911/7284/7284 4058/7285/7285
f 3911/7284/7284 4059/7286/7286 4058/7285/7285
f 3911/7284/7284 4060/7287/7287 4059/7286/7286
f 3911/7284/7284 3915/7288/7288 4060/7287/7287
f 4058/7285/7285 4061/7289/7289 4022/7283/7283
f 4052/7290/7290 4022/7283/7283 4061/7289/7289
f 4053/7291/7291 4052/7290/7290 4062/7292/7292
f 4050/7293/7293 4053/7291/7291 4063/7294/7294
f 4051/7295/7295 4050/7293/7293 4064/7296/7296
f 4049/7297/7297 4051/7295/7295 4065/7298/7298
f 4037/7299/7299 4049/7297/7297 4066/7300/7300
f 4038/7301/7301 4037/7299/7299 4067/7302/7302
f 4056/7303/7303 4038/7301/7301 4068/7304/7304
f 4057/7305/7305 4056/7303/7303 4069/7306/7306
f 4026/7307/7307 4057/7305/7305 4070/7308/7308
f 4029/7309/7309 4026/7307/7307 4071/7310/7310
f 4035/7311/7311 4029/7309/7309 4072/7312/7312
f 4027/7313/7313 4035/7311/7311 4073/7314/7314
f 4028/7315/7315 4027/7313/7313 4074/7316/7316
f 4048/7317/7317 4028/7315/7315 4075/7318/7318
f 4046/7319/7319 4048/7317/7317 4076/7320/7320
f 4047/7321/7321 4046/7319/7319 4077/7322/7322
f 4036/7323/7323 4047/7321/7321 4078/7324/7324
f 4078/7324/7324 4079/7325/7325 4036/7323/7323
f 4077/7322/7322 4078/7324/7324 4047/7321/7321
f 4076/7320/7320 4077/7322/7322 4046/7319/7319
f 4075/7318/7318 4076/7320/7320 4048/7317/7317
f 4074/7316/7316 4075/7318/7318 4028/7315/7315
f 4073/7314/7314 4074/7316/7316 4027/7313/7313
f 4072/7312/7312 4073/7314/7314 4035/7311/7311
f 4071/7310/7310 4072/7312/7312 4029/7309/7309
f 4070/7308/7308 4071/7310/7310 4026/7307/7307
f 4069/7306/7306 4070/7308/7308 4057/7305/7305
f 4068/7304/7304 4069/7306/7306 4056/7303/7303
f 4067/7302/7302 4068/7304/7304 4038/7301/7301
f 4066/7300/7300 4067/7302/7302 4037/7299/7299
f 4065/7298/7298 4066/7300/7300 4049/7297/7297
f 4064/7296/7296 4065/7298/7298 4051/7295/7295
f 4063/7294/7294 4064/7296/7296 4050/7293/7293
f 4062/7292/7292 4063/7294/7294 4053/7291/7291
f 4061/7289/7289 4062/7292/7292 4052/7290/7290
f 4080/7326/7326 4021/7327/7327 4020/7328/7328
f 4081/7329/7329 4080/7326/7326 4030/7330/7330
f 4082/7331/7331 4081/7329/7329 4025/7332/7332
f 4083/7333/7333 4082/7331/7331 4024/7334/7334
f 4084/7335/7335 4083/7333/7333 4023/7336/7336
f 4085/7337/7337 4084/7335/7335 4039/7338/7338
f 4086/7339/7339 4085/7337/7337 4041/7340/7340
f 4087/7341/7341 4086/7339/7339 4040/7342/7342
f 4088/7343/7343 4087/7341/7341 4055/7344/7344
f 4089/7345/7345 4088/7343/7343 4054/7346/7346
f 4090/7347/7347 4089/7345/7345 4032/7348/7348
f 4091/7349/7349 4090/7347/7347 4031/7350/7350
f 4092/7351/7351 4091/7349/7349 4034/7352/7352
f 4093/7353/7353 4092/7351/7351 4033/7354/7354
f 4094/7355/7355 4093/7353/7353 4043/7356/7356
f 4095/7357/7357 4094/7355/7355 4042/7358/7358
f 4096/7359/7359 4095/7357/7357 4045/7360/7360
f 4079/7361/7361 4096/7359/7359 4044/7362/7362
f 4044/7362/7362 4036/7363/7363 4079/7361/7361
f 4045/7360/7360 4044/7362/7362 4096/7359/7359
f 4042/7358/7358 4045/7360/7360 4095/7357/7357
f 4043/7356/7356 4042/7358/7358 4094/7355/7355
f 4033/7354/7354 4043/7356/7356 4093/7353/7353
f 4034/7352/7352 4033/7354/7354 4092/7351/7351
f 4031/7350/7350 4034/7352/7352 4091/7349/7349
f 4032/7348/7348 4031/7350/7350 4090/7347/7347
f 4054/7346/7346 4032/7348/7348 4089/7345/7345
f 4055/7344/7344 4054/7346/7346 4088/7343/7343
f 4040/7342/7342 4055/7344/7344 4087/7341/7341
f 4041/7340/7340 4040/7342/7342 4086/7339/7339
f 4039/7338/7338 4041/7340/7340 4085/7337/7337
f 4023/7336/7336 4039/7338/7338 4084/7335/7335
f 4024/7334/7334 4023/7336/7336 4083/7333/7333
f 4025/7332/7332 4024/7334/7334 4082/7331/7331
f 4030/7330/7330 4025/7332/7332 4081/7329/7329
f 4020/7328/7328 4030/7330/7330 4080/7326/7326
f 4097/7364/7364 3907/7365/7365 4098/7366/7366
f 3907/7365/7365 4099/7367/7367 4098/7366/7366
f 3907/7365/7365 4100/7368/7368 4099/7367/7367
f 3907/7365/7365 3908/7369/7369 4100/7368/7368
f 4098/7366/7366 4101/7370/7370 4097/7364/7364
f 4102/7371/7371 4103/7372/7372 4104/7373/7373
f 4105/7374/7374 4102/7371/7371 4106/7375/7375
f 4107/7376/7376 4105/7374/7374 4108/7377/7377
f 4109/7378/7378 4107/7376/7376 4110/7379/7379
f 4111/7380/7380 4109/7378/7378 4112/7381/7381
f 4113/7382/7382 4111/7380/7380 4114/7383/7383
f 4115/7384/7384 4113/7382/7382 4116/7385/7385
f 4117/7386/7386 4115/7384/7384 4118/7387/7387
f 4119/7388/7388 4117/7386/7386 4120/7389/7389
f 4121/7390/7390 4119/7388/7388 4122/7391/7391
f 4123/7392/7392 4121/7390/7390 4124/7393/7393
f 4125/7394/7394 4123/7392/7392 4126/7395/7395
f 4127/7396/7396 4125/7394/7394 4128/7397/7397
f 4129/7398/7398 4127/7396/7396 4130/7399/7399
f 4131/7400/7400 4129/7398/7398 4132/7401/7401
f 4133/7402/7402 4131/7400/7400 4134/7403/7403
f 4135/7404/7404 4133/7402/7402 4136/7405/7405
f 4101/7406/7406 4135/7404/7404 4137/7407/7407
f 4137/7407/7407 4097/7408/7408 4101/7406/7406
f 4136/7405/7405 4137/7407/7407 4135/7404/7404
f 4134/7403/7403 4136/7405/7405 4133/7402/7402
f 4132/7401/7401 4134/7403/7403 4131/7400/7400
f 4130/7399/7399 4132/7401/7401 4129/7398/7398
f 4128/7397/7397 4130/7399/7399 4127/7396/7396
f 4126/7395/7395 4128/7397/7397 4125/7394/7394
f 4124/7393/7393 4126/7395/7395 4123/7392/7392
f 4122/7391/7391 4124/7393/7393 4121/7390/7390
f 4120/7389/7389 4122/7391/7391 4119/7388/7388
f 4118/7387/7387 4120/7389/7389 4117/7386/7386
f 4116/7385/7385 4118/7387/7387 4115/7384/7384
f 4114/7383/7383 4116/7385/7385 4113/7382/7382
f 4112/7381/7381 4114/7383/7383 4111/7380/7380
f 4110/7379/7379 4112/7381/7381 4109/7378/7378
f 4108/7377/7377 4110/7379/7379 4107/7376/7376
f 4106/7375/7375 4108/7377/7377 4105/7374/7374
f 4104/7373/7373 4106/7375/7375 4102/7371/7371
f 4103/7409/7409 4138/7410/7410 4139/7411/7411
f 4139/7411/7411 4104/7412/7412 4103/7409/7409
f 4139/7413/7413 4140/7414/7414 4141/7415/7415
f 4110/7416/7416 4116/7417/7417 4114/7418/7418
f 4104/7419/7419 4120/7420/7420 4118/7421/7421
f 4104/7419/7419 4128/7422/7422 4126/7423/7423
f 4141/7415/7415 4142/7424/7424 4139/7413/7413
f 4116/7417/7417 4108/7425/7425 4106/7426/7426
f 4114/7418/7418 4112/7427/7427 4110/7416/7416
f 4104/7419/7419 4122/7428/7428 4120/7420/7420
f 4104/7419/7419 4130/7429/7429 4128/7422/7422
f 4104/7419/7419 4134/7430/7430 4132/7431/7431
f 4104/7419/7419 4097/7432/7432 4137/7433/7433
f 4142/7424/7424 4143/7434/7434 4139/7413/7413
f 4144/7435/7435 4145/7436/7436 4146/7437/7437
f 4110/7416/7416 4108/7425/7425 4116/7417/7417
f 4104/7419/7419 4124/7438/7438 4122/7428/7428
f 4132/7431/7431 4130/7429/7429 4104/7419/7419
f 4137/7433/7433 4136/7439/7439 4104/7419/7419
f 4139/7413/7413 4147/7440/7440 4140/7414/7414
f 4139/7413/7413 4148/7441/7441 4149/7442/7442
f 4146/7437/7437 4150/7443/7443 4144/7435/7435
f 4144/7435/7435 4151/7444/7444 4152/7445/7445
f 4144/7435/7435 4153/7446/7446 4154/7447/7447
f 4118/7421/7421 4116/7417/7417 4104/7419/7419
f 4136/7439/7439 4134/7430/7430 4104/7419/7419
f 4149/7442/7442 4147/7440/7440 4139/7413/7413
f 4139/7413/7413 4144/7435/7435 4155/7448/7448
f 4152/7445/7445 4145/7436/7436 4144/7435/7435
f 4144/7435/7435 4139/7413/7413 4153/7446/7446
f 4126/7423/7423 4124/7438/7438 4104/7419/7419
f 3917/7449/7449 3907/7450/7450 4097/7432/7432
f 4155/7448/7448 4148/7441/7441 4139/7413/7413
f 4154/7447/7447 4151/7444/7444 4144/7435/7435
f 4097/7432/7432 4104/7419/7419 3917/7449/7449
f 3917/7449/7449 4139/7413/7413 4156/7451/7451
f 4150/7443/7443 4157/7452/7452 4144/7435/7435
f 4106/7426/7426 4104/7419/7419 4116/7417/7417
f 4143/7434/7434 4156/7451/7451 4139/7413/7413
f 4156/7451/7451 4158/7453/7453 3917/7449/7449
f 4104/7419/7419 4139/7413/7413 3917/7449/7449
f 4158/7454/7454 4159/7455/7455 4160/7456/7456
f 4158/7454/7454 4161/7457/7457 4159/7455/7455
f 4156/7458/7458 4162/7459/7459 4161/7457/7457
f 4161/7457/7457 4158/7454/7454 4156/7458/7458
f 4160/7456/7456 4163/7460/7460 4158/7454/7454
f 4153/7461/7461 4139/7462/7462 4138/7463/7463
f 4154/7464/7464 4153/7461/7461 4164/7465/7465
f 4151/7466/7466 4154/7464/7464 4165/7467/7467
f 4152/7468/7468 4151/7466/7466 4166/7469/7469
f 4145/7470/7470 4152/7468/7468 4167/7471/7471
f 4146/7472/7472 4145/7470/7470 4168/7473/7473
f 4150/7474/7474 4146/7472/7472 4169/7475/7475
f 4157/7476/7476 4150/7474/7474 4170/7477/7477
f 4144/7478/7478 4157/7476/7476 4171/7479/7479
f 4155/7480/7480 4144/7478/7478 4172/7481/7481
f 4148/7482/7482 4155/7480/7480 4173/7483/7483
f 4149/7484/7484 4148/7482/7482 4174/7485/7485
f 4147/7486/7486 4149/7484/7484 4175/7487/7487
f 4140/7488/7488 4147/7486/7486 4176/7489/7489
f 4141/7490/7490 4140/7488/7488 4177/7491/7491
f 4142/7492/7492 4141/7490/7490 4178/7493/7493
f 4143/7494/7494 4142/7492/7492 4179/7495/7495
f 4156/7496/7496 4143/7494/7494 4180/7497/7497
f 4180/7497/7497 4162/7498/7498 4156/7496/7496
f 4179/7495/7495 4180/7497/7497 4143/7494/7494
f 4178/7493/7493 4179/7495/7495 4142/7492/7492
f 4177/7491/7491 4178/7493/7493 4141/7490/7490
f 4176/7489/7489 4177/7491/7491 4140/7488/7488
f 4175/7487/7487 4176/7489/7489 4147/7486/7486
f 4174/7485/7485 4175/7487/7487 4149/7484/7484
f 4173/7483/7483 4174/7485/7485 4148/7482/7482
f 4172/7481/7481 4173/7483/7483 4155/7480/7480
f 4171/7479/7479 4172/7481/7481 4144/7478/7478
f 4170/7477/7477 4171/7479/7479 4157/7476/7476
f 4169/7475/7475 4170/7477/7477 4150/7474/7474
f 4168/7473/7473 4169/7475/7475 4146/7472/7472
f 4167/7471/7471 4168/7473/7473 4145/7470/7470
f 4166/7469/7469 4167/7471/7471 4152/7468/7468
f 4165/7467/7467 4166/7469/7469 4151/7466/7466
f 4164/7465/7465 4165/7467/7467 4154/7464/7464
f 4138/7463/7463 4164/7465/7465 4153/7461/7461
f 1374/7499/7499 1377/7500/7500 4181/7501/7501
f 1377/7500/7500 4182/7502/7502 4183/7503/7503
f 4184/7504/7504 4183/7503/7503 4182/7502/7502
f 1377/7500/7500 4158/7505/7505 4185/7506/7506
f 4158/7505/7505 4163/7507/7507 4186/7508/7508
f 4187/7509/7509 1375/7510/7510 1374/7499/7499
f 4182/7502/7502 4188/7511/7511 4184/7504/7504
f 4186/7508/7508 4185/7506/7506 4158/7505/7505
f 1380/7512/7512 3917/7513/7513 4158/7505/7505
f 4183/7503/7503 4181/7501/7501 1377/7500/7500
f 4158/7505/7505 1377/7500/7500 1380/7512/7512
f 4185/7506/7506 4182/7502/7502 1377/7500/7500
f 4181/7501/7501 4187/7509/7509 1374/7499/7499
f 4182/7514/7514 4189/7515/7515 4190/7516/7516
f 4182/7514/7514 4191/7517/7517 4189/7515/7515
f 4192/7518/7518 4193/7519/7519 4191/7517/7517
f 4191/7517/7517 4182/7514/7514 4192/7518/7518
f 4190/7516/7516 4188/7520/7520 4182/7514/7514
f 4194/7521/7521 4195/7522/7522 4196/7523/7523
f 4196/7523/7523 4197/7524/7524 4194/7521/7521
f 4194/7521/7521 4198/7525/7525 4199/7526/7526
f 4200/7527/7527 4201/7528/7528 4202/7529/7529
f 4201/7528/7528 4200/7527/7527 4203/7530/7530
f 4194/7521/7521 4204/7531/7531 4205/7532/7532
f 4199/7526/7526 4195/7522/7522 4194/7521/7521
f 4203/7530/7530 4206/7533/7533 4201/7528/7528
f 4207/7534/7534 4208/7535/7535 4209/7536/7536
f 4194/7521/7521 4210/7537/7537 4211/7538/7538
f 4194/7521/7521 4212/7539/7539 4213/7540/7540
f 4205/7532/7532 4214/7541/7541 4194/7521/7521
f 4194/7521/7521 4215/7542/7542 4198/7525/7525
f 4194/7521/7521 4207/7534/7534 4216/7543/7543
f 4200/7527/7527 4217/7544/7544 4218/7545/7545
f 4202/7529/7529 4219/7546/7546 4200/7527/7527
f 4207/7534/7534 4220/7547/7547 4208/7535/7535
f 4207/7534/7534 4221/7548/7548 4222/7549/7549
f 4207/7534/7534 4223/7550/7550 4224/7551/7551
f 4211/7538/7538 4225/7552/7552 4194/7521/7521
f 4214/7541/7541 4212/7539/7539 4194/7521/7521
f 4194/7521/7521 4226/7553/7553 4227/7554/7554
f 4216/7543/7543 4215/7542/7542 4194/7521/7521
f 4219/7546/7546 4217/7544/7544 4200/7527/7527
f 4207/7534/7534 4228/7555/7555 4229/7556/7556
f 4222/7549/7549 4220/7547/7547 4207/7534/7534
f 4207/7534/7534 4194/7521/7521 4223/7550/7550
f 4213/7540/7540 4210/7537/7537 4194/7521/7521
f 4197/7524/7524 4226/7553/7553 4194/7521/7521
f 4229/7556/7556 4200/7527/7527 4207/7534/7534
f 4224/7551/7551 4221/7548/7548 4207/7534/7534
f 4227/7554/7554 4204/7531/7531 4194/7521/7521
f 4209/7536/7536 4228/7555/7555 4207/7534/7534
f 4218/7545/7545 4207/7534/7534 4200/7527/7527
f 4192/7557/7557 4182/7558/7558 4185/7559/7559
f 4185/7559/7559 4194/7521/7521 4192/7557/7557
f 4225/7552/7552 4192/7557/7557 4194/7521/7521
f 4194/7560/7560 4185/7561/7561 4230/7562/7562
f 4185/7561/7561 4231/7563/7563 4230/7562/7562
f 4185/7561/7561 4232/7564/7564 4231/7563/7563
f 4185/7561/7561 4186/7565/7565 4232/7564/7564
f 4230/7562/7562 4233/7566/7566 4194/7560/7560
f 4234/7567/7567 4193/7568/7568 4192/7569/7569
f 4235/7570/7570 4234/7567/7567 4225/7571/7571
f 4236/7572/7572 4235/7570/7570 4211/7573/7573
f 4237/7574/7574 4236/7572/7572 4210/7575/7575
f 4238/7576/7576 4237/7574/7574 4213/7577/7577
f 4239/7578/7578 4238/7576/7576 4212/7579/7579
f 4240/7580/7580 4239/7578/7578 4214/7581/7581
f 4241/7582/7582 4240/7580/7580 4205/7583/7583
f 4242/7584/7584 4241/7582/7582 4204/7585/7585
f 4243/7586/7586 4242/7584/7584 4227/7587/7587
f 4244/7588/7588 4243/7586/7586 4226/7589/7589
f 4245/7590/7590 4244/7588/7588 4197/7591/7591
f 4246/7592/7592 4245/7590/7590 4196/7593/7593
f 4247/7594/7594 4246/7592/7592 4195/7595/7595
f 4248/7596/7596 4247/7594/7594 4199/7597/7597
f 4249/7598/7598 4248/7596/7596 4198/7599/7599
f 4250/7600/7600 4249/7598/7598 4215/7601/7601
f 4251/7602/7602 4250/7600/7600 4216/7603/7603
f 4216/7603/7603 4207/7604/7604 4251/7602/7602
f 4215/7601/7601 4216/7603/7603 4250/7600/7600
f 4198/7599/7599 4215/7601/7601 4249/7598/7598
f 4199/7597/7597 4198/7599/7599 4248/7596/7596
f 4195/7595/7595 4199/7597/7597 4247/7594/7594
f 4196/7593/7593 4195/7595/7595 4246/7592/7592
f 4197/7591/7591 4196/7593/7593 4245/7590/7590
f 4226/7589/7589 4197/7591/7591 4244/7588/7588
f 4227/7587/7587 4226/7589/7589 4243/7586/7586
f 4204/7585/7585 4227/7587/7587 4242/7584/7584
f 4205/7583/7583 4204/7585/7585 4241/7582/7582
f 4214/7581/7581 4205/7583/7583 4240/7580/7580
f 4212/7579/7579 4214/7581/7581 4239/7578/7578
f 4213/7577/7577 4212/7579/7579 4238/7576/7576
f 4210/7575/7575 4213/7577/7577 4237/7574/7574
f 4211/7573/7573 4210/7575/7575 4236/7572/7572
f 4225/7571/7571 4211/7573/7573 4235/7570/7570
f 4192/7569/7569 4225/7571/7571 4234/7567/7567
f 4223/7605/7605 4194/7606/7606 4233/7607/7607
f 4224/7608/7608 4223/7605/7605 4252/7609/7609
f 4221/7610/7610 4224/7608/7608 4253/7611/7611
f 4222/7612/7612 4221/7610/7610 4254/7613/7613
f 4220/7614/7614 4222/7612/7612 4255/7615/7615
f 4208/7616/7616 4220/7614/7614 4256/7617/7617
f 4209/7618/7618 4208/7616/7616 4257/7619/7619
f 4228/7620/7620 4209/7618/7618 4258/7621/7621
f 4229/7622/7622 4228/7620/7620 4259/7623/7623
f 4200/7624/7624 4229/7622/7622 4260/7625/7625
f 4203/7626/7626 4200/7624/7624 4261/7627/7627
f 4206/7628/7628 4203/7626/7626 4262/7629/7629
f 4201/7630/7630 4206/7628/7628 4263/7631/7631
f 4202/7632/7632 4201/7630/7630 4264/7633/7633
f 4219/7634/7634 4202/7632/7632 4265/7635/7635
f 4217/7636/7636 4219/7634/7634 4266/7637/7637
f 4218/7638/7638 4217/7636/7636 4267/7639/7639
f 4207/7640/7640 4218/7638/7638 4268/7641/7641
f 4268/7641/7641 4251/7642/7642 4207/7640/7640
f 4267/7639/7639 4268/7641/7641 4218/7638/7638
f 4266/7637/7637 4267/7639/7639 4217/7636/7636
f 4265/7635/7635 4266/7637/7637 4219/7634/7634
f 4264/7633/7633 4265/7635/7635 4202/7632/7632
f 4263/7631/7631 4264/7633/7633 4201/7630/7630
f 4262/7629/7629 4263/7631/7631 4206/7628/7628
f 4261/7627/7627 4262/7629/7629 4203/7626/7626
f 4260/7625/7625 4261/7627/7627 4200/7624/7624
f 4259/7623/7623 4260/7625/7625 4229/7622/7622
f 4258/7621/7621 4259/7623/7623 4228/7620/7620
f 4257/7619/7619 4258/7621/7621 4209/7618/7618
f 4256/7617/7617 4257/7619/7619 4208/7616/7616
f 4255/7615/7615 4256/7617/7617 4220/7614/7614
f 4254/7613/7613 4255/7615/7615 4222/7612/7612
f 4253/7611/7611 4254/7613/7613 4221/7610/7610
f 4252/7609/7609 4253/7611/7611 4224/7608/7608
f 4233/7607/7607 4252/7609/7609 4223/7605/7605
f 4269/7643/7643 4183/7644/7644 4270/7645/7645
f 4183/7644/7644 4271/7646/7646 4270/7645/7645
f 4183/7644/7644 4272/7647/7647 4271/7646/7646
f 4183/7644/7644 4184/7648/7648 4272/7647/7647
f 4270/7645/7645 4273/7649/7649 4269/7643/7643
f 4274/7650/7650 4275/7651/7651 4276/7652/7652
f 4275/7651/7651 4277/7653/7653 4278/7654/7654
f 4277/7653/7653 4279/7655/7655 4280/7656/7656
f 4281/7657/7657 4282/7658/7658 4283/7659/7659
f 4282/7658/7658 4284/7660/7660 4285/7661/7661
f 4284/7660/7660 4286/7662/7662 4287/7663/7663
f 4288/7664/7664 4276/7652/7652 4289/7665/7665
f 4290/7666/7666 4283/7659/7659 4291/7667/7667
f 4285/7661/7661 4287/7663/7663 4292/7668/7668
f 4293/7669/7669 4289/7665/7665 4294/7670/7670
f 4289/7665/7665 4295/7671/7671 4296/7672/7672
f 4295/7671/7671 4297/7673/7673 4298/7674/7674
f 4299/7675/7675 4291/7667/7667 4300/7676/7676
f 4301/7677/7677 4292/7668/7668 4302/7678/7678
f 4294/7670/7670 4296/7672/7672 4303/7679/7679
f 4296/7672/7672 4298/7674/7674 4304/7680/7680
f 4305/7681/7681 4300/7676/7676 4306/7682/7682
f 4300/7676/7676 4307/7683/7683 4308/7684/7684
f 4307/7683/7683 4302/7678/7678 4309/7685/7685
f 4310/7686/7686 4311/7687/7687 4312/7688/7688
f 4311/7687/7687 4303/7679/7679 4313/7689/7689
f 4303/7679/7679 4304/7680/7680 4314/7690/7690
f 4304/7680/7680 4315/7691/7691 4316/7692/7692
f 4315/7691/7691 4306/7682/7682 4317/7693/7693
f 4306/7682/7682 4308/7684/7684 4318/7694/7694
f 4308/7684/7684 4309/7685/7685 4319/7695/7695
f 4320/7696/7696 4312/7688/7688 4321/7697/7697
f 4312/7688/7688 4313/7689/7689 4322/7698/7698
f 4314/7690/7690 3902/7699/7699 3901/7700/7700
f 4313/7689/7689 3886/7701/7701 3885/7702/7702
f 4314/7690/7690 3900/7703/7703 3899/7704/7704
f 4314/7690/7690 3903/7705/7705 3902/7699/7699
f 3885/7702/7702 3884/7706/7706 4313/7689/7689
f 4313/7689/7689 3892/7707/7707 3891/7708/7708
f 4314/7690/7690 3893/7709/7709 3892/7707/7707
f 4314/7690/7690 3895/7710/7710 3894/7711/7711
f 3901/7700/7700 3900/7703/7703 4314/7690/7690
f 4323/7712/7712 3834/7713/7713 3905/7714/7714
f 4323/7712/7712 3839/7715/7715 3838/7716/7716
f 4313/7689/7689 3877/7717/7717 3876/7718/7718
f 4313/7689/7689 3882/7719/7719 3881/7720/7720
f 3884/7706/7706 3883/7721/7721 4313/7689/7689
f 4313/7689/7689 3888/7722/7722 3887/7723/7723
f 4313/7689/7689 3890/7724/7724 3889/7725/7725
f 3892/7707/7707 4313/7689/7689 4314/7690/7690
f 4314/7690/7690 3896/7726/7726 3895/7710/7710
f 4314/7690/7690 3904/7727/7727 3903/7705/7705
f 3905/7714/7714 4314/7690/7690 4323/7712/7712
f 4323/7712/7712 3836/7728/7728 3835/7729/7729
f 3838/7716/7716 3837/7730/7730 4323/7712/7712
f 4313/7689/7689 3878/7731/7731 3877/7717/7717
f 4313/7689/7689 3880/7732/7732 3879/7733/7733
f 3883/7721/7721 3882/7719/7719 4313/7689/7689
f 3889/7725/7725 3888/7722/7722 4313/7689/7689
f 3894/7711/7711 3893/7709/7709 4314/7690/7690
f 4314/7690/7690 3898/7734/7734 3897/7735/7735
f 3905/7714/7714 3904/7727/7727 4314/7690/7690
f 3837/7730/7730 3836/7728/7728 4323/7712/7712
f 4323/7712/7712 3841/7736/7736 3840/7737/7737
f 4323/7712/7712 3847/7738/7738 3846/7739/7739
f 4322/7698/7698 4313/7689/7689 3871/7740/7740
f 4313/7689/7689 3875/7741/7741 3874/7742/7742
f 3879/7733/7733 3878/7731/7731 4313/7689/7689
f 3887/7723/7723 3886/7701/7701 4313/7689/7689
f 3897/7735/7735 3896/7726/7726 4314/7690/7690
f 3835/7729/7729 3834/7713/7713 4323/7712/7712
f 4323/7712/7712 3842/7743/7743 3841/7736/7736
f 3846/7739/7739 3845/7744/7744 4323/7712/7712
f 4323/7712/7712 3850/7745/7745 3849/7746/7746
f 4322/7698/7698 3864/7747/7747 3863/7748/7748
f 4313/7689/7689 3872/7749/7749 3871/7740/7740
f 3874/7742/7742 3873/7750/7750 4313/7689/7689
f 3881/7720/7720 3880/7732/7732 4313/7689/7689
f 3899/7704/7704 3898/7734/7734 4314/7690/7690
f 4323/7712/7712 3843/7751/7751 3842/7743/7743
f 3845/7744/7744 3844/7752/7752 4323/7712/7712
f 4323/7712/7712 3851/7753/7753 3850/7745/7745
f 4322/7698/7698 3856/7754/7754 3855/7755/7755
f 4322/7698/7698 3859/7756/7756 3858/7757/7757
f 3863/7748/7748 3862/7758/7758 4322/7698/7698
f 4322/7698/7698 3866/7759/7759 3865/7760/7760
f 3873/7750/7750 3872/7749/7749 4313/7689/7689
f 3891/7708/7708 3890/7724/7724 4313/7689/7689
f 3844/7752/7752 3843/7751/7751 4323/7712/7712
f 3849/7746/7746 3848/7761/7761 4323/7712/7712
f 3855/7755/7755 3854/7762/7762 4322/7698/7698
f 3858/7757/7757 3857/7763/7763 4322/7698/7698
f 3865/7760/7760 3864/7747/7747 4322/7698/7698
f 4322/7698/7698 3868/7764/7764 3867/7765/7765
f 3876/7718/7718 3875/7741/7741 4313/7689/7689
f 3848/7761/7761 3847/7738/7738 4323/7712/7712
f 4323/7712/7712 4322/7698/7698 3852/7766/7766
f 3857/7763/7763 3856/7754/7754 4322/7698/7698
f 4322/7698/7698 3861/7767/7767 3860/7768/7768
f 3867/7765/7765 3866/7759/7759 4322/7698/7698
f 4322/7698/7698 3870/7769/7769 3869/7770/7770
f 3840/7737/7737 3839/7715/7715 4323/7712/7712
f 4322/7698/7698 3853/7771/7771 3852/7766/7766
f 3860/7768/7768 3859/7756/7756 4322/7698/7698
f 3869/7770/7770 3868/7764/7764 4322/7698/7698
f 3852/7766/7766 3851/7753/7753 4323/7712/7712
f 3862/7758/7758 3861/7767/7767 4322/7698/7698
f 3854/7762/7762 3853/7771/7771 4322/7698/7698
f 4318/7694/7694 4319/7695/7695 4324/7772/7772
f 4325/7773/7773 4321/7697/7697 4326/7774/7774
f 4321/7697/7697 4322/7698/7698 4327/7775/7775
f 4322/7698/7698 4323/7712/7712 4328/7776/7776
f 4329/7777/7777 4330/7778/7778 4331/7779/7779
f 4332/7780/7780 4324/7772/7772 4333/7781/7781
f 4328/7776/7776 4323/7712/7712 1332/7782/7782
f 1332/7782/7782 1333/7783/7783 4328/7776/7776
f 1333/7783/7783 1334/7784/7784 4328/7776/7776
f 4334/7785/7785 1343/7786/7786 1344/7787/7787
f 4334/7785/7785 1341/7788/7788 1342/7789/7789
f 1342/7789/7789 1343/7786/7786 4334/7785/7785
f 4323/7712/7712 1323/7790/7790 1324/7791/7791
f 4329/7777/7777 1350/7792/7792 1351/7793/7793
f 4323/7712/7712 1322/7794/7794 1323/7790/7790
f 4323/7712/7712 1320/7795/7795 1321/7796/7796
f 4329/7777/7777 1356/7797/7797 1357/7798/7798
f 1351/7793/7793 1352/7799/7799 4329/7777/7777
f 4323/7712/7712 1325/7800/7800 1326/7801/7801
f 1321/7796/7796 1322/7794/7794 4323/7712/7712
f 4323/7712/7712 4314/7690/7690 1319/7802/7802
f 4314/7690/7690 1317/7803/7803 1318/7804/7804
f 1357/7798/7798 4316/7692/7692 4329/7777/7777
f 1352/7799/7799 1353/7805/7805 4329/7777/7777
f 4323/7712/7712 1328/7806/7806 1329/7807/7807
f 1326/7801/7801 1327/7808/7808 4323/7712/7712
f 1319/7802/7802 1320/7795/7795 4323/7712/7712
f 4314/7690/7690 1316/7809/7809 1317/7803/7803
f 4316/7692/7692 1358/7810/7810 1359/7811/7811
f 4329/7777/7777 1355/7812/7812 1356/7797/7797
f 1353/7805/7805 1354/7813/7813 4329/7777/7777
f 1327/7808/7808 1328/7806/7806 4323/7712/7712
f 1318/7804/7804 1319/7802/7802 4314/7690/7690
f 4314/7690/7690 1309/7814/7814 1310/7815/7815
f 4316/7692/7692 1361/7816/7816 1362/7817/7817
f 1359/7811/7811 1360/7818/7818 4316/7692/7692
f 1354/7813/7813 1355/7812/7812 4329/7777/7777
f 4329/7777/7777 1348/7819/7819 1349/7820/7820
f 1324/7791/7791 1325/7800/7800 4323/7712/7712
f 4314/7690/7690 1314/7821/7821 1315/7822/7822
f 4314/7690/7690 1312/7823/7823 1313/7824/7824
f 1310/7815/7815 1311/7825/7825 4314/7690/7690
f 4316/7692/7692 1363/7826/7826 1364/7827/7827
f 1360/7818/7818 1361/7816/7816 4316/7692/7692
f 1349/7820/7820 1350/7792/7792 4329/7777/7777
f 4329/7777/7777 1346/7828/7828 1347/7829/7829
f 1315/7822/7822 1316/7809/7809 4314/7690/7690
f 1311/7825/7825 1312/7823/7823 4314/7690/7690
f 4316/7692/7692 1366/7830/7830 1367/7831/7831
f 1362/7817/7817 1363/7826/7826 4316/7692/7692
f 1347/7829/7829 1348/7819/7819 4329/7777/7777
f 4323/7712/7712 1330/7832/7832 1331/7833/7833
f 1313/7824/7824 1314/7821/7821 4314/7690/7690
f 4314/7690/7690 1307/7834/7834 1308/7835/7835
f 4316/7692/7692 1365/7836/7836 1366/7830/7830
f 1357/7798/7798 1358/7810/7810 4316/7692/7692
f 1329/7807/7807 1330/7832/7832 4323/7712/7712
f 4314/7690/7690 1306/7837/7837 1307/7834/7834
f 4316/7692/7692 1370/7838/7838 1371/7839/7839
f 4316/7692/7692 1368/7840/7840 1369/7841/7841
f 1364/7827/7827 1365/7836/7836 4316/7692/7692
f 4329/7777/7777 1344/7787/7787 1345/7842/7842
f 1308/7835/7835 1309/7814/7814 4314/7690/7690
f 4314/7690/7690 1304/7843/7843 1305/7844/7844
f 4314/7690/7690 4316/7692/7692 1303/7845/7845
f 1369/7841/7841 1370/7838/7838 4316/7692/7692
f 1345/7842/7842 1346/7828/7828 4329/7777/7777
f 1305/7844/7844 1306/7837/7837 4314/7690/7690
f 1303/7845/7845 1302/7846/7846 4314/7690/7690
f 4316/7692/7692 1372/7847/7847 1373/7848/7848
f 1367/7831/7831 1368/7840/7840 4316/7692/7692
f 1302/7846/7846 1304/7843/7843 4314/7690/7690
f 1371/7839/7839 1372/7847/7847 4316/7692/7692
f 1373/7848/7848 1303/7845/7845 4316/7692/7692
f 4311/7687/7687 372/7849/7849 371/7850/7850
f 371/7850/7850 370/7851/7851 4311/7687/7687
f 4311/7687/7687 375/7852/7852 374/7853/7853
f 4311/7687/7687 378/7854/7854 377/7855/7855
f 4294/7670/7670 423/7856/7856 422/7857/7857
f 4294/7670/7670 425/7858/7858 424/7859/7859
f 370/7851/7851 369/7860/7860 4311/7687/7687
f 374/7853/7853 373/7861/7861 4311/7687/7687
f 377/7855/7855 376/7862/7862 4311/7687/7687
f 4310/7686/7686 379/7863/7863 378/7854/7854
f 422/7857/7857 4335/7864/7864 4294/7670/7670
f 4294/7670/7670 426/7865/7865 425/7858/7858
f 4294/7670/7670 428/7866/7866 427/7867/7867
f 369/7860/7860 368/7868/7868 4311/7687/7687
f 376/7862/7862 375/7852/7852 4311/7687/7687
f 4310/7686/7686 380/7869/7869 379/7863/7863
f 4310/7686/7686 382/7870/7870 381/7871/7871
f 4335/7864/7864 414/7872/7872 413/7873/7873
f 4335/7864/7864 416/7874/7874 415/7875/7875
f 4335/7864/7864 418/7876/7876 417/7877/7877
f 4335/7864/7864 421/7878/7878 420/7879/7879
f 424/7859/7859 423/7856/7856 4294/7670/7670
f 4294/7670/7670 429/7880/7880 428/7866/7866
f 373/7861/7861 372/7849/7849 4311/7687/7687
f 381/7871/7871 380/7869/7869 4310/7686/7686
f 4310/7686/7686 385/7881/7881 384/7882/7882
f 413/7873/7873 412/7883/7883 4335/7864/7864
f 417/7877/7877 416/7874/7874 4335/7864/7864
f 420/7879/7879 419/7884/7884 4335/7864/7864
f 427/7867/7867 426/7865/7865 4294/7670/7670
f 4311/7687/7687 433/7885/7885 432/7886/7886
f 4311/7687/7687 365/7887/7887 364/7888/7888
f 378/7854/7854 4311/7687/7687 4310/7686/7686
f 384/7882/7882 383/7889/7889 4310/7686/7686
f 415/7875/7875 414/7872/7872 4335/7864/7864
f 422/7857/7857 421/7878/7878 4335/7864/7864
f 4294/7670/7670 4311/7687/7687 431/7890/7890
f 4311/7687/7687 362/7891/7891 433/7885/7885
f 364/7888/7888 363/7892/7892 4311/7687/7687
f 4311/7687/7687 367/7893/7893 366/7894/7894
f 383/7889/7889 382/7870/7870 4310/7686/7686
f 419/7884/7884 418/7876/7876 4335/7864/7864
f 431/7890/7890 430/7895/7895 4294/7670/7670
f 363/7892/7892 362/7891/7891 4311/7687/7687
f 368/7868/7868 367/7893/7893 4311/7687/7687
f 430/7895/7895 429/7880/7880 4294/7670/7670
f 366/7894/7894 365/7887/7887 4311/7687/7687
f 432/7886/7886 431/7890/7890 4311/7687/7687
f 4286/7662/7662 2054/7896/7896 2053/7897/7897
f 4286/7662/7662 2055/7898/7898 2054/7896/7896
f 4307/7683/7683 4300/7676/7676 3125/7899/7899
f 4300/7676/7676 3126/7900/7900 3125/7899/7899
f 4300/7676/7676 3128/7901/7901 3127/7902/7902
f 4300/7676/7676 3130/7903/7903 3129/7904/7904
f 4300/7676/7676 3132/7905/7905 3131/7906/7906
f 3127/7902/7902 3126/7900/7900 4300/7676/7676
f 3131/7906/7906 3130/7903/7903 4300/7676/7676
f 4300/7676/7676 3134/7907/7907 3133/7908/7908
f 4300/7676/7676 4291/7667/7667 3135/7909/7909
f 3129/7904/7904 3128/7901/7901 4300/7676/7676
f 3135/7909/7909 3134/7907/7907 4300/7676/7676
f 3133/7908/7908 3132/7905/7905 4300/7676/7676
f 4285/7661/7661 3182/7910/7910 3181/7911/7911
f 4291/7667/7667 3146/7912/7912 3145/7913/7913
f 4283/7659/7659 3164/7914/7914 3163/7915/7915
f 4283/7659/7659 3170/7916/7916 3169/7917/7917
f 4283/7659/7659 3173/7918/7918 3172/7919/7919
f 3181/7911/7911 3180/7920/7920 4285/7661/7661
f 4285/7661/7661 4301/7677/7677 3112/7921/7921
f 3145/7913/7913 3144/7922/7922 4291/7667/7667
f 4291/7667/7667 4283/7659/7659 3150/7923/7923
f 3163/7915/7915 3162/7924/7924 4283/7659/7659
f 4283/7659/7659 3171/7925/7925 3170/7916/7916
f 4283/7659/7659 3174/7926/7926 3173/7918/7918
f 4285/7661/7661 3176/7927/7927 3175/7928/7928
f 4285/7661/7661 3178/7929/7929 3177/7930/7930
f 3180/7920/7920 3179/7931/7931 4285/7661/7661
f 3112/7921/7921 3183/7932/7932 4285/7661/7661
f 4301/7677/7677 3114/7933/7933 3113/7934/7934
f 4291/7667/7667 3142/7935/7935 3141/7936/7936
f 3144/7922/7922 3143/7937/7937 4291/7667/7667
f 4291/7667/7667 3148/7938/7938 3147/7939/7939
f 3150/7923/7923 3149/7940/7940 4291/7667/7667
f 4283/7659/7659 3160/7941/7941 3159/7942/7942
f 3162/7924/7924 3161/7943/7943 4283/7659/7659
f 4283/7659/7659 3166/7944/7944 3165/7945/7945
f 4283/7659/7659 3168/7946/7946 3167/7947/7947
f 3172/7919/7919 3171/7925/7925 4283/7659/7659
f 3175/7928/7928 4283/7659/7659 4285/7661/7661
f 3179/7931/7931 3178/7929/7929 4285/7661/7661
f 3113/7934/7934 3112/7921/7921 4301/7677/7677
f 4301/7677/7677 3119/7948/7948 3118/7949/7949
f 3143/7937/7937 3142/7935/7935 4291/7667/7667
f 3149/7940/7940 3148/7938/7938 4291/7667/7667
f 4283/7659/7659 3158/7950/7950 3157/7951/7951
f 3161/7943/7943 3160/7941/7941 4283/7659/7659
f 3167/7947/7947 3166/7944/7944 4283/7659/7659
f 3175/7928/7928 3174/7926/7926 4283/7659/7659
f 3183/7932/7932 3182/7910/7910 4285/7661/7661
f 4301/7677/7677 3116/7952/7952 3115/7953/7953
f 3118/7949/7949 3117/7954/7954 4301/7677/7677
f 4301/7677/7677 3124/7955/7955 3123/7956/7956
f 4291/7667/7667 3138/7957/7957 3137/7958/7958
f 4291/7667/7667 3140/7959/7959 3139/7960/7960
f 3147/7939/7939 3146/7912/7912 4291/7667/7667
f 4283/7659/7659 3152/7961/7961 3151/7962/7962
f 3157/7951/7951 3156/7963/7963 4283/7659/7659
f 3165/7945/7945 3164/7914/7914 4283/7659/7659
f 3177/7930/7930 3176/7927/7927 4285/7661/7661
f 3117/7954/7954 3116/7952/7952 4301/7677/7677
f 3123/7956/7956 3122/7964/7964 4301/7677/7677
f 3137/7958/7958 3136/7965/7965 4291/7667/7667
f 3141/7936/7936 3140/7959/7959 4291/7667/7667
f 4283/7659/7659 3153/7966/7966 3152/7961/7961
f 4283/7659/7659 3155/7967/7967 3154/7968/7968
f 3159/7942/7942 3158/7950/7950 4283/7659/7659
f 3115/7953/7953 3114/7933/7933 4301/7677/7677
f 4301/7677/7677 3121/7969/7969 3120/7970/7970
f 4301/7677/7677 3125/7899/7899 3124/7955/7955
f 3139/7960/7960 3138/7957/7957 4291/7667/7667
f 3154/7968/7968 3153/7966/7966 4283/7659/7659
f 3169/7917/7917 3168/7946/7946 4283/7659/7659
f 3122/7964/7964 3121/7969/7969 4301/7677/7677
f 3151/7962/7962 3150/7923/7923 4283/7659/7659
f 3120/7970/7970 3119/7948/7948 4301/7677/7677
f 3156/7963/7963 3155/7967/7967 4283/7659/7659
f 4289/7665/7665 3508/7971/7971 3507/7972/7972
f 3507/7972/7972 3506/7973/7973 4289/7665/7665
f 4276/7652/7652 3512/7974/7974 3511/7975/7975
f 4289/7665/7665 3504/7976/7976 3503/7977/7977
f 3506/7973/7973 3505/7978/7978 4289/7665/7665
f 4289/7665/7665 3510/7979/7979 3509/7980/7980
f 3511/7975/7975 4289/7665/7665 4276/7652/7652
f 4289/7665/7665 3502/7981/7981 3501/7982/7982
f 3505/7978/7978 3504/7976/7976 4289/7665/7665
f 3511/7975/7975 3510/7979/7979 4289/7665/7665
f 4276/7652/7652 3517/7983/7983 3516/7984/7984
f 3501/7982/7982 4295/7671/7671 4289/7665/7665
f 3509/7980/7980 3508/7971/7971 4289/7665/7665
f 4276/7652/7652 3514/7985/7985 3513/7986/7986
f 3516/7984/7984 3515/7987/7987 4276/7652/7652
f 4278/7654/7654 3520/7988/7988 3519/7989/7989
f 3503/7977/7977 3502/7981/7981 4289/7665/7665
f 3515/7987/7987 3514/7985/7985 4276/7652/7652
f 3519/7989/7989 4276/7652/7652 4278/7654/7654
f 3513/7986/7986 3512/7974/7974 4276/7652/7652
f 3519/7989/7989 3518/7990/7990 4276/7652/7652
f 3518/7990/7990 3517/7983/7983 4276/7652/7652
f 4280/7656/7656 3535/7991/7991 3534/7992/7992
f 4280/7656/7656 3544/7993/7993 3543/7994/7994
f 4278/7654/7654 3532/7995/7995 3531/7996/7996
f 3534/7992/7992 4278/7654/7654 4280/7656/7656
f 3543/7994/7994 3542/7997/7997 4280/7656/7656
f 4297/7673/7673 3474/7998/7998 3545/7999/7999
f 4297/7673/7673 3490/8000/8000 3489/8001/8001
f 4278/7654/7654 3526/8002/8002 3525/8003/8003
f 4278/7654/7654 3533/8004/8004 3532/7995/7995
f 4280/7656/7656 3536/8005/8005 3535/7991/7991
f 4280/7656/7656 3540/8006/8006 3539/8007/8007
f 3542/7997/7997 3541/8008/8008 4280/7656/7656
f 3545/7999/7999 4280/7656/7656 4297/7673/7673
f 4297/7673/7673 3476/8009/8009 3475/8010/8010
f 4297/7673/7673 3486/8011/8011 3485/8012/8012
f 3489/8001/8001 3488/8013/8013 4297/7673/7673
f 3525/8003/8003 3524/8014/8014 4278/7654/7654
f 3534/7992/7992 3533/8004/8004 4278/7654/7654
f 4280/7656/7656 3538/8015/8015 3537/8016/8016
f 3541/8008/8008 3540/8006/8006 4280/7656/7656
f 3475/8010/8010 3474/7998/7998 4297/7673/7673
f 4297/7673/7673 3478/8017/8017 3477/8018/8018
f 3485/8012/8012 3484/8019/8019 4297/7673/7673
f 3488/8013/8013 3487/8020/8020 4297/7673/7673
f 4295/7671/7671 3492/8021/8021 3491/8022/8022
f 4278/7654/7654 3522/8023/8023 3521/8024/8024
f 3524/8014/8014 3523/8025/8025 4278/7654/7654
f 4278/7654/7654 3528/8026/8026 3527/8027/8027
f 4278/7654/7654 3530/8028/8028 3529/8029/8029
f 3537/8016/8016 3536/8005/8005 4280/7656/7656
f 3545/7999/7999 3544/7993/7993 4280/7656/7656
f 4297/7673/7673 3479/8030/8030 3478/8017/8017
f 4297/7673/7673 3481/8031/8031 3480/8032/8032
f 4297/7673/7673 3483/8033/8033 3482/8034/8034
f 3487/8020/8020 3486/8011/8011 4297/7673/7673
f 3491/8022/8022 4297/7673/7673 4295/7671/7671
f 4295/7671/7671 3494/8035/8035 3493/8036/8036
f 4295/7671/7671 3496/8037/8037 3495/8038/8038
f 4295/7671/7671 3500/8039/8039 3499/8040/8040
f 3523/8025/8025 3522/8023/8023 4278/7654/7654
f 3529/8029/8029 3528/8026/8026 4278/7654/7654
f 3539/8007/8007 3538/8015/8015 4280/7656/7656
f 3480/8032/8032 3479/8030/8030 4297/7673/7673
f 3484/8019/8019 3483/8033/8033 4297/7673/7673
f 3493/8036/8036 3492/8021/8021 4295/7671/7671
f 4295/7671/7671 3497/8041/8041 3496/8037/8037
f 3499/8040/8040 3498/8042/8042 4295/7671/7671
f 3527/8027/8027 3526/8002/8002 4278/7654/7654
f 3477/8018/8018 3476/8009/8009 4297/7673/7673
f 3491/8022/8022 3490/8000/8000 4297/7673/7673
f 3498/8042/8042 3497/8041/8041 4295/7671/7671
f 3531/7996/7996 3530/8028/8028 4278/7654/7654
f 3495/8038/8038 3494/8035/8035 4295/7671/7671
f 3482/8034/8034 3481/8031/8031 4297/7673/7673
f 4329/7777/7777 2782/8043/8043 2781/8044/8044
f 4329/7777/7777 4316/7692/7692 2789/8045/8045
f 4316/7692/7692 2793/8046/8046 2792/8047/8047
f 2781/8044/8044 2780/8048/8048 4329/7777/7777
f 4329/7777/7777 2784/8049/8049 2783/8050/8050
f 4316/7692/7692 2790/8051/8051 2789/8045/8045
f 2792/8047/8047 2791/8052/8052 4316/7692/7692
f 2783/8050/8050 2782/8043/8043 4329/7777/7777
f 4329/7777/7777 2786/8053/8053 2785/8054/8054
f 4329/7777/7777 2788/8055/8055 2787/8056/8056
f 2791/8052/8052 2790/8051/8051 4316/7692/7692
f 4316/7692/7692 2795/8057/8057 2794/8058/8058
f 4317/7693/7693 2799/8059/8059 2798/8060/8060
f 4330/7778/7778 4329/7777/7777 2777/8061/8061
f 4329/7777/7777 2779/8062/8062 2778/8063/8063
f 2785/8054/8054 2784/8049/8049 4329/7777/7777
f 2789/8045/8045 2788/8055/8055 4329/7777/7777
f 4316/7692/7692 2796/8064/8064 2795/8057/8057
f 2798/8060/8060 4316/7692/7692 4317/7693/7693
f 2778/8063/8063 2777/8061/8061 4329/7777/7777
f 2787/8056/8056 2786/8053/8053 4329/7777/7777
f 4316/7692/7692 2797/8065/8065 2796/8064/8064
f 4317/7693/7693 2800/8066/8066 2799/8059/8059
f 2780/8048/8048 2779/8062/8062 4329/7777/7777
f 2798/8060/8060 2797/8065/8065 4316/7692/7692
f 2794/8058/8058 2793/8046/8046 4316/7692/7692
f 4336/8067/8067 4331/7779/7779 2769/8068/8068
f 4332/7780/7780 2768/8069/8069 2767/8070/8070
f 2769/8068/8068 4332/7780/7780 4336/8067/8067
f 2769/8068/8068 2768/8069/8069 4332/7780/7780
f 4331/7779/7779 2774/8071/8071 2773/8072/8072
f 2767/8070/8070 2766/8073/8073 4332/7780/7780
f 4331/7779/7779 2771/8074/8074 2770/8075/8075
f 2773/8072/8072 2772/8076/8076 4331/7779/7779
f 4331/7779/7779 4330/7778/7778 2775/8077/8077
f 2770/8075/8075 2769/8068/8068 4331/7779/7779
f 2775/8077/8077 2774/8071/8071 4331/7779/7779
f 2772/8076/8076 2771/8074/8074 4331/7779/7779
f 4318/7694/7694 2818/8078/8078 2817/8079/8079
f 4317/7693/7693 2804/8080/8080 2803/8081/8081
f 4317/7693/7693 2810/8082/8082 2809/8083/8083
f 4318/7694/7694 2819/8084/8084 2818/8078/8078
f 4318/7694/7694 2821/8085/8085 2820/8086/8086
f 2803/8081/8081 2802/8087/8087 4317/7693/7693
f 4317/7693/7693 2806/8088/8088 2805/8089/8089
f 4317/7693/7693 2808/8090/8090 2807/8091/8091
f 4317/7693/7693 2811/8092/8092 2810/8082/8082
f 4317/7693/7693 2813/8093/8093 2812/8094/8094
f 4318/7694/7694 2815/8095/8095 2814/8096/8096
f 2817/8079/8079 2816/8097/8097 4318/7694/7694
f 4318/7694/7694 2822/8098/8098 2821/8085/8085
f 4318/7694/7694 4332/7780/7780 2752/8099/8099
f 4332/7780/7780 2757/8100/8100 2756/8101/8101
f 2802/8087/8087 2801/8102/8102 4317/7693/7693
f 2807/8091/8091 2806/8088/8088 4317/7693/7693
f 2812/8094/8094 2811/8092/8092 4317/7693/7693
f 2814/8096/8096 4317/7693/7693 4318/7694/7694
f 2820/8086/8086 2819/8084/8084 4318/7694/7694
f 2752/8099/8099 2823/8103/8103 4318/7694/7694
f 4332/7780/7780 2754/8104/8104 2753/8105/8105
f 2756/8101/8101 2755/8106/8106 4332/7780/7780
f 4332/7780/7780 2760/8107/8107 2759/8108/8108
f 4332/7780/7780 2764/8109/8109 2763/8110/8110
f 2805/8089/8089 2804/8080/8080 4317/7693/7693
f 2814/8096/8096 2813/8093/8093 4317/7693/7693
f 2823/8103/8103 2822/8098/8098 4318/7694/7694
f 2755/8106/8106 2754/8104/8104 4332/7780/7780
f 4332/7780/7780 2761/8111/8111 2760/8107/8107
f 4332/7780/7780 2765/8112/8112 2764/8109/8109
f 2809/8083/8083 2808/8090/8090 4317/7693/7693
f 2753/8105/8105 2752/8099/8099 4332/7780/7780
f 2759/8108/8108 2758/8113/8113 4332/7780/7780
f 2763/8110/8110 2762/8114/8114 4332/7780/7780
f 2816/8097/8097 2815/8095/8095 4318/7694/7694
f 2762/8114/8114 2761/8111/8111 4332/7780/7780
f 2758/8113/8113 2757/8100/8100 4332/7780/7780
f 2092/8115/8115 1299/8116/8116 1298/8117/8117
f 2092/8115/8115 1301/8118/8118 1300/8119/8119
f 2092/8115/8115 1295/8120/8120 1294/8121/8121
f 2092/8115/8115 1297/8122/8122 1296/8123/8123
f 1300/8119/8119 1299/8116/8116 2092/8115/8115
f 2092/8115/8115 1289/8124/8124 1288/8125/8125
f 2092/8115/8115 1292/8126/8126 1291/8127/8127
f 1294/8121/8121 1293/8128/8128 2092/8115/8115
f 1298/8117/8117 1297/8122/8122 2092/8115/8115
f 1288/8125/8125 1287/8129/8129 2092/8115/8115
f 1291/8127/8127 1290/8130/8130 2092/8115/8115
f 1296/8123/8123 1295/8120/8120 2092/8115/8115
f 1231/8131/8131 2079/8132/8132 2078/8133/8133
f 1231/8131/8131 2082/8134/8134 2081/8135/8135
f 1231/8131/8131 1232/8136/8136 2087/8137/8137
f 1290/8130/8130 1289/8124/8124 2092/8115/8115
f 2092/8115/8115 1232/8136/8136 1301/8118/8118
f 1229/8138/8138 2037/8139/8139 2036/8140/8140
f 1229/8138/8138 2040/8141/8141 2039/8142/8142
f 2078/8133/8133 2077/8143/8143 1231/8131/8131
f 2081/8135/8135 2080/8144/8144 1231/8131/8131
f 2087/8137/8137 2086/8145/8145 1231/8131/8131
f 1232/8136/8136 2090/8146/8146 2089/8147/8147
f 2092/8115/8115 1286/8148/8148 1230/8149/8149
f 1293/8128/8128 1292/8126/8126 2092/8115/8115
f 2036/8140/8140 2035/8150/8150 1229/8138/8138
f 2039/8142/8142 2038/8151/8151 1229/8138/8138
f 2080/8144/8144 2079/8132/8132 1231/8131/8131
f 1231/8131/8131 2084/8152/8152 2083/8153/8153
f 2086/8145/8145 2085/8154/8154 1231/8131/8131
f 2089/8147/8147 2088/8155/8155 1232/8136/8136
f 1232/8136/8136 2092/8115/8115 2091/8156/8156
f 1287/8129/8129 1286/8148/8148 2092/8115/8115
f 1229/8138/8138 2098/8157/8157 2097/8158/8158
f 1229/8138/8138 2034/8159/8159 2033/8160/8160
f 2038/8151/8151 2037/8139/8139 1229/8138/8138
f 1229/8138/8138 2042/8161/8161 2041/8162/8162
f 2083/8153/8153 2082/8134/8134 1231/8131/8131
f 2088/8155/8155 2087/8137/8137 1232/8136/8136
f 1230/8149/8149 2093/8163/8163 2092/8115/8115
f 1230/8149/8149 2095/8164/8164 2094/8165/8165
f 2097/8158/8158 1230/8149/8149 1229/8138/8138
f 2033/8160/8160 2032/8166/8166 1229/8138/8138
f 2041/8162/8162 2040/8141/8141 1229/8138/8138
f 2085/8154/8154 2084/8152/8152 1231/8131/8131
f 2094/8165/8165 2093/8163/8163 1230/8149/8149
f 2097/8158/8158 2096/8167/8167 1230/8149/8149
f 1229/8138/8138 2100/8168/8168 2099/8169/8169
f 1229/8138/8138 2031/8170/8170 2030/8171/8171
f 2035/8150/8150 2034/8159/8159 1229/8138/8138
f 2077/8143/8143 2076/8172/8172 1231/8131/8131
f 2096/8167/8167 2095/8164/8164 1230/8149/8149
f 1229/8138/8138 2029/8173/8173 2100/8168/8168
f 2032/8166/8166 2031/8170/8170 1229/8138/8138
f 2091/8156/8156 2090/8146/8146 1232/8136/8136
f 2030/8171/8171 2029/8173/8173 1229/8138/8138
f 2099/8169/8169 2098/8157/8157 1229/8138/8138
f 1228/8174/8174 4287/7663/7663 2042/8161/8161
f 4287/7663/7663 2045/8175/8175 2044/8176/8176
f 4287/7663/7663 4286/7662/7662 2052/8177/8177
f 4287/7663/7663 2043/8178/8178 2042/8161/8161
f 4287/7663/7663 2046/8179/8179 2045/8175/8175
f 2052/8177/8177 2051/8180/8180 4287/7663/7663
f 2044/8176/8176 2043/8178/8178 4287/7663/7663
f 4287/7663/7663 2048/8181/8181 2047/8182/8182
f 2051/8180/8180 2050/8183/8183 4287/7663/7663
f 2047/8182/8182 2046/8179/8179 4287/7663/7663
f 2050/8183/8183 2049/8184/8184 4287/7663/7663
f 2049/8184/8184 2048/8181/8181 4287/7663/7663
f 4292/7668/7668 4287/7663/7663 1228/8174/8174
f 4302/7678/7678 4292/7668/7668 1227/8185/8185
f 4302/7678/7678 2439/8186/8186 2438/8187/8187
f 2462/8188/8188 1239/8189/8189 1238/8190/8190
f 4302/7678/7678 2436/8191/8191 2435/8192/8192
f 2438/8187/8187 2437/8193/8193 4302/7678/7678
f 2462/8188/8188 1240/8194/8194 1239/8189/8189
f 2437/8193/8193 2436/8191/8191 4302/7678/7678
f 4302/7678/7678 2441/8195/8195 2440/8196/8196
f 1226/8197/8197 2456/8198/8198 2455/8199/8199
f 1238/8190/8190 1237/8200/8200 2462/8188/8188
f 2462/8188/8188 1242/8201/8201 1241/8202/8202
f 4309/7685/7685 2419/8203/8203 2418/8204/8204
f 4309/7685/7685 2422/8205/8205 2421/8206/8206
f 2440/8196/8196 2439/8186/8186 4302/7678/7678
f 4302/7678/7678 2444/8207/8207 2443/8208/8208
f 1226/8197/8197 2453/8209/8209 2452/8210/8210
f 2455/8199/8199 2454/8211/8211 1226/8197/8197
f 1226/8197/8197 2458/8212/8212 2457/8213/8213
f 1225/8214/8214 2459/8215/8215 2458/8212/8212
f 2462/8188/8188 1236/8216/8216 1218/8217/8217
f 1241/8202/8202 1240/8194/8194 2462/8188/8188
f 2462/8188/8188 1245/8218/8218 1244/8219/8219
f 2462/8188/8188 1247/8220/8220 1246/8221/8221
f 4309/7685/7685 2420/8222/8222 2419/8203/8203
f 4309/7685/7685 2423/8223/8223 2422/8205/8205
f 2435/8192/8192 2434/8224/8224 4302/7678/7678
f 2443/8208/8208 2442/8225/8225 4302/7678/7678
f 4302/7678/7678 2446/8226/8226 2445/8227/8227
f 4302/7678/7678 2448/8228/8228 2447/8229/8229
f 4302/7678/7678 2450/8230/8230 2449/8231/8231
f 1226/8197/8197 2451/8232/8232 2450/8230/8230
f 2454/8211/8211 2453/8209/8209 1226/8197/8197
f 2458/8212/8212 1226/8197/8197 1225/8214/8214
f 1237/8200/8200 1236/8216/8216 2462/8188/8188
f 1244/8219/8219 1243/8233/8233 2462/8188/8188
f 2462/8188/8188 1248/8234/8234 1247/8220/8220
f 2421/8206/8206 2420/8222/8222 4309/7685/7685
f 4309/7685/7685 2425/8235/8235 2424/8236/8236
f 2442/8225/8225 2441/8195/8195 4302/7678/7678
f 2447/8229/8229 2446/8226/8226 4302/7678/7678
f 2450/8230/8230 4302/7678/7678 1226/8197/8197
f 2457/8213/8213 2456/8198/8198 1226/8197/8197
f 1243/8233/8233 1242/8201/8201 2462/8188/8188
f 2462/8188/8188 1225/8214/8214 1248/8234/8234
f 1220/8237/8237 2403/8238/8238 2402/8239/8239
f 2424/8236/8236 2423/8223/8223 4309/7685/7685
f 4302/7678/7678 2431/8240/8240 2430/8241/8241
f 2445/8227/8227 2444/8207/8207 4302/7678/7678
f 2452/8210/8210 2451/8232/8232 1226/8197/8197
f 1246/8221/8221 1245/8218/8218 2462/8188/8188
f 1220/8237/8237 2400/8242/8242 2399/8243/8243
f 2402/8239/8239 2401/8244/8244 1220/8237/8237
f 4309/7685/7685 2426/8245/8245 2425/8235/8235
f 4309/7685/7685 2428/8246/8246 2427/8247/8247
f 2430/8241/8241 4309/7685/7685 4302/7678/7678
f 4302/7678/7678 2433/8248/8248 2432/8249/8249
f 2449/8231/8231 2448/8228/8228 4302/7678/7678
f 1218/8217/8217 2463/8250/8250 2462/8188/8188
f 2463/8250/8250 1218/8217/8217 1220/8237/8237
f 1220/8237/8237 2395/8251/8251 2394/8252/8252
f 2401/8244/8244 2400/8242/8242 1220/8237/8237
f 2427/8247/8247 2426/8245/8245 4309/7685/7685
f 2430/8241/8241 2429/8253/8253 4309/7685/7685
f 2434/8224/8224 2433/8248/8248 4302/7678/7678
f 1225/8214/8214 2461/8254/8254 2460/8255/8255
f 1220/8237/8237 2392/8256/8256 2463/8250/8250
f 2394/8252/8252 2393/8257/8257 1220/8237/8237
f 1220/8237/8237 2397/8258/8258 2396/8259/8259
f 2399/8243/8243 2398/8260/8260 1220/8237/8237
f 2429/8253/8253 2428/8246/8246 4309/7685/7685
f 2460/8255/8255 2459/8215/8215 1225/8214/8214
f 2393/8257/8257 2392/8256/8256 1220/8237/8237
f 2398/8260/8260 2397/8258/8258 1220/8237/8237
f 2432/8249/8249 2431/8240/8240 4302/7678/7678
f 2396/8259/8259 2395/8251/8251 1220/8237/8237
f 2462/8188/8188 2461/8254/8254 1225/8214/8214
f 4319/7695/7695 2408/8261/8261 2407/8262/8262
f 1219/8263/8263 2405/8264/8264 2404/8265/8265
f 2407/8262/8262 1219/8263/8263 4319/7695/7695
f 2404/8265/8265 1220/8237/8237 1219/8263/8263
f 2407/8262/8262 2406/8266/8266 1219/8263/8263
f 4319/7695/7695 2410/8267/8267 2409/8268/8268
f 4319/7695/7695 2412/8269/8269 2411/8270/8270
f 2406/8266/8266 2405/8264/8264 1219/8263/8263
f 2411/8270/8270 2410/8267/8267 4319/7695/7695
f 4319/7695/7695 2415/8271/8271 2414/8272/8272
f 2409/8268/8268 2408/8261/8261 4319/7695/7695
f 2414/8272/8272 2413/8273/8273 4319/7695/7695
f 4319/7695/7695 4309/7685/7685 2417/8274/8274
f 2413/8273/8273 2412/8269/8269 4319/7695/7695
f 2417/8274/8274 2416/8275/8275 4319/7695/7695
f 2416/8275/8275 2415/8271/8271 4319/7695/7695
f 4319/7695/7695 1219/8263/8263 1221/8276/8276
f 4324/7772/7772 1221/8276/8276 1222/8277/8277
f 4336/8067/8067 1251/8278/8278 1250/8279/8279
f 1250/8279/8279 1249/8280/8280 4336/8067/8067
f 4336/8067/8067 1252/8281/8281 1251/8278/8278
f 4336/8067/8067 1223/8282/8282 1252/8281/8281
f 4333/7781/7781 1224/8283/8283 1223/8282/8282
f 1223/8282/8282 4336/8067/8067 4333/7781/7781
f 1249/8280/8280 1217/8284/8284 4336/8067/8067
f 4331/7779/7779 4336/8067/8067 1216/8285/8285
f 1216/8285/8285 1215/8286/8286 4331/7779/7779
f 1214/8287/8287 1213/8288/8288 4334/7785/7785
f 1212/8289/8289 1337/8290/8290 1338/8291/8291
f 1213/8288/8288 1340/8292/8292 1341/7788/7788
f 1213/8288/8288 1338/8291/8291 1339/8293/8293
f 1212/8289/8289 1336/8294/8294 1337/8290/8290
f 1212/8289/8289 4328/7776/7776 1335/8295/8295
f 1339/8293/8293 1340/8292/8292 1213/8288/8288
f 1335/8295/8295 1336/8294/8294 1212/8289/8289
f 1338/8291/8291 1213/8288/8288 1212/8289/8289
f 1211/8296/8296 4327/7775/7775 4328/7776/7776
f 4327/7775/7775 1210/8297/8297 1208/8298/8298
f 4327/7775/7775 1211/8296/8296 1210/8297/8297
f 4326/7774/7774 1209/8299/8299 1257/8300/8300
f 4326/7774/7774 1255/8301/8301 1254/8302/8302
f 1257/8300/8300 1256/8303/8303 4326/7774/7774
f 1256/8303/8303 1255/8301/8301 4326/7774/7774
f 4337/8304/8304 4326/7774/7774 1201/8305/8305
f 1254/8302/8302 1253/8306/8306 4326/7774/7774
f 1253/8306/8306 1201/8305/8305 4326/7774/7774
f 4326/7774/7774 1208/8298/8298 1209/8299/8299
f 4325/7773/7773 4337/8304/8304 1202/8307/8307
f 4320/7696/7696 4325/7773/7773 1204/8308/8308
f 4310/7686/7686 4320/7696/7696 1205/8309/8309
f 1206/8310/8310 388/8311/8311 387/8312/8312
f 401/8313/8313 1265/8314/8314 1264/8315/8315
f 1206/8310/8310 389/8316/8316 388/8311/8311
f 401/8313/8313 1260/8317/8317 1259/8318/8318
f 401/8313/8313 1263/8319/8319 1262/8320/8320
f 401/8313/8313 1266/8321/8321 1265/8314/8314
f 401/8313/8313 400/8322/8322 1207/8323/8323
f 4310/7686/7686 387/8312/8312 386/8324/8324
f 1206/8310/8310 390/8325/8325 389/8316/8316
f 1206/8310/8310 392/8326/8326 391/8327/8327
f 401/8313/8313 1261/8328/8328 1260/8317/8317
f 1264/8315/8315 1263/8319/8319 401/8313/8313
f 401/8313/8313 1268/8329/8329 1267/8330/8330
f 1207/8323/8323 1269/8331/8331 401/8313/8313
f 387/8312/8312 4310/7686/7686 1206/8310/8310
f 1206/8310/8310 393/8332/8332 392/8326/8326
f 1262/8320/8320 1261/8328/8328 401/8313/8313
f 1269/8331/8331 1268/8329/8329 401/8313/8313
f 1195/8333/8333 406/8334/8334 405/8335/8335
f 1195/8333/8333 409/8336/8336 408/8337/8337
f 391/8327/8327 390/8325/8325 1206/8310/8310
f 1206/8310/8310 395/8338/8338 394/8339/8339
f 1267/8330/8330 1266/8321/8321 401/8313/8313
f 405/8335/8335 1200/8340/8340 1195/8333/8333
f 408/8337/8337 407/8341/8341 1195/8333/8333
f 1195/8333/8333 4335/7864/7864 411/8342/8342
f 394/8339/8339 393/8332/8332 1206/8310/8310
f 1259/8318/8318 1258/8343/8343 401/8313/8313
f 407/8341/8341 406/8334/8334 1195/8333/8333
f 411/8342/8342 410/8344/8344 1195/8333/8333
f 1206/8310/8310 396/8345/8345 395/8338/8338
f 1206/8310/8310 398/8346/8346 397/8347/8347
f 399/8348/8348 398/8346/8346 1206/8310/8310
f 1258/8343/8343 1200/8340/8340 401/8313/8313
f 410/8344/8344 409/8336/8336 1195/8333/8333
f 397/8347/8347 396/8345/8345 1206/8310/8310
f 400/8322/8322 399/8348/8348 1207/8323/8323
f 1200/8340/8340 403/8349/8349 402/8350/8350
f 405/8335/8335 404/8351/8351 1200/8340/8340
f 1206/8310/8310 1207/8323/8323 399/8348/8348
f 404/8351/8351 403/8349/8349 1200/8340/8340
f 402/8350/8350 401/8313/8313 1200/8340/8340
f 4335/7864/7864 1195/8333/8333 1196/8352/8352
f 4293/7669/7669 1196/8352/8352 1197/8353/8353
f 4288/7664/7664 1197/8353/8353 1198/8354/8354
f 4274/7650/7650 1273/8355/8355 1272/8356/8356
f 4274/7650/7650 1275/8357/8357 1274/8358/8358
f 4274/7650/7650 1279/8359/8359 1278/8360/8360
f 4274/7650/7650 1281/8361/8361 1280/8362/8362
f 1274/8358/8358 1273/8355/8355 4274/7650/7650
f 1280/8362/8362 1279/8359/8359 4274/7650/7650
f 4274/7650/7650 1283/8363/8363 1282/8364/8364
f 1272/8356/8356 1271/8365/8365 4274/7650/7650
f 4274/7650/7650 1277/8366/8366 1276/8367/8367
f 1282/8364/8364 1281/8361/8361 4274/7650/7650
f 1271/8365/8365 1270/8368/8368 4274/7650/7650
f 1278/8360/8360 1277/8366/8366 4274/7650/7650
f 1276/8367/8367 1275/8357/8357 4274/7650/7650
f 4274/7650/7650 1285/8369/8369 1284/8370/8370
f 1284/8370/8370 1283/8363/8363 4274/7650/7650
f 4274/7650/7650 1199/8371/8371 1285/8369/8369
f 4274/7650/7650 1198/8354/8354 1199/8371/8371
f 4275/7651/7651 1685/8372/8372 1684/8373/8373
f 4275/7651/7651 4274/7650/7650 1686/8374/8374
f 4275/7651/7651 1677/8375/8375 1676/8376/8376
f 4275/7651/7651 1680/8377/8377 1679/8378/8378
f 1686/8374/8374 1685/8372/8372 4275/7651/7651
f 1676/8376/8376 1675/8379/8379 4275/7651/7651
f 1679/8378/8378 1678/8380/8380 4275/7651/7651
f 4275/7651/7651 1682/8381/8381 1681/8382/8382
f 1684/8373/8373 1683/8383/8383 4275/7651/7651
f 4274/7650/7650 1692/8384/8384 1691/8385/8385
f 4274/7650/7650 1694/8386/8386 1693/8387/8387
f 1194/8388/8388 1719/8389/8389 1718/8390/8390
f 1194/8388/8388 1721/8391/8391 1720/8392/8392
f 1193/8393/8393 1722/8394/8394 1721/8391/8391
f 1192/8395/8395 1730/8396/8396 1729/8397/8397
f 1678/8380/8380 1677/8375/8375 4275/7651/7651
f 1683/8383/8383 1682/8381/8381 4275/7651/7651
f 1693/8387/8387 1692/8384/8384 4274/7650/7650
f 1194/8388/8388 1713/8398/8398 1712/8399/8399
f 1194/8388/8388 1716/8400/8400 1715/8401/8401
f 1718/8390/8390 1717/8402/8402 1194/8388/8388
f 1721/8391/8391 1194/8388/8388 1193/8393/8393
f 1193/8393/8393 1727/8403/8403 1726/8404/8404
f 1729/8397/8397 1193/8393/8393 1192/8395/8395
f 1681/8382/8382 1680/8377/8377 4275/7651/7651
f 4274/7650/7650 1688/8405/8405 1687/8406/8406
f 1691/8385/8385 1690/8407/8407 4274/7650/7650
f 4274/7650/7650 1696/8408/8408 1695/8409/8409
f 1712/8399/8399 1711/8410/8410 1194/8388/8388
f 1715/8401/8401 1714/8411/8411 1194/8388/8388
f 1720/8392/8392 1719/8389/8389 1194/8388/8388
f 1193/8393/8393 1724/8412/8412 1723/8413/8413
f 1726/8404/8404 1725/8414/8414 1193/8393/8393
f 1729/8397/8397 1728/8415/8415 1193/8393/8393
f 1192/8395/8395 1733/8416/8416 1732/8417/8417
f 1735/8418/8418 1734/8419/8419 1192/8395/8395
f 1687/8406/8406 1686/8374/8374 4274/7650/7650
f 1690/8407/8407 1689/8420/8420 4274/7650/7650
f 4274/7650/7650 1697/8421/8421 1696/8408/8408
f 4274/7650/7650 1699/8422/8422 1698/8423/8423
f 4274/7650/7650 1702/8424/8424 1701/8425/8425
f 1194/8388/8388 1710/8426/8426 1709/8427/8427
f 1714/8411/8411 1713/8398/8398 1194/8388/8388
f 1723/8413/8413 1722/8394/8394 1193/8393/8393
f 1728/8415/8415 1727/8403/8403 1193/8393/8393
f 1732/8417/8417 1731/8428/8428 1192/8395/8395
f 1192/8395/8395 1190/8429/8429 1735/8418/8418
f 1190/8429/8429 1738/8430/8430 1737/8431/8431
f 4275/7651/7651 1674/8432/8432 1673/8433/8433
f 1689/8420/8420 1688/8405/8405 4274/7650/7650
f 1698/8423/8423 1697/8421/8421 4274/7650/7650
f 1701/8425/8425 1700/8434/8434 4274/7650/7650
f 1711/8410/8410 1710/8426/8426 1194/8388/8388
f 1725/8414/8414 1724/8412/8412 1193/8393/8393
f 1734/8419/8419 1733/8416/8416 1192/8395/8395
f 1737/8431/8431 1736/8435/8435 1190/8429/8429
f 1190/8429/8429 1740/8436/8436 1739/8437/8437
f 4275/7651/7651 1669/8438/8438 1740/8436/8436
f 4275/7651/7651 1672/8439/8439 1671/8440/8440
f 1675/8379/8379 1674/8432/8432 4275/7651/7651
f 1700/8434/8434 1699/8422/8422 4274/7650/7650
f 4274/7650/7650 1704/8441/8441 1703/8442/8442
f 1194/8388/8388 1705/8443/8443 1704/8441/8441
f 1194/8388/8388 1708/8444/8444 1707/8445/8445
f 1717/8402/8402 1716/8400/8400 1194/8388/8388
f 1736/8435/8435 1735/8418/8418 1190/8429/8429
f 1740/8436/8436 1190/8429/8429 4275/7651/7651
f 1671/8440/8440 1670/8446/8446 4275/7651/7651
f 1695/8409/8409 1694/8386/8386 4274/7650/7650
f 1704/8441/8441 4274/7650/7650 1194/8388/8388
f 1707/8445/8445 1706/8447/8447 1194/8388/8388
f 1731/8428/8428 1730/8396/8396 1192/8395/8395
f 1670/8446/8446 1669/8438/8438 4275/7651/7651
f 1703/8442/8442 1702/8424/8424 4274/7650/7650
f 1709/8427/8427 1708/8444/8444 1194/8388/8388
f 1673/8433/8433 1672/8439/8439 4275/7651/7651
f 1739/8437/8437 1738/8430/8430 1190/8429/8429
f 4275/7651/7651 1190/8429/8429 1191/8448/8448
f 1375/8449/8449 4279/7655/7655 4277/7653/7653
f 4338/8450/8450 4279/7655/7655 1375/8449/8449
f 4279/7655/7655 4338/8450/8450 4339/8451/8451
f 4280/7656/7656 4339/8451/8451 4340/8452/8452
f 4298/7674/7674 4341/8453/8453 4342/8454/8454
f 4298/7674/7674 4343/8455/8455 4341/8453/8453
f 4298/7674/7674 4344/8456/8456 4343/8455/8455
f 4298/7674/7674 4345/8457/8457 4346/8458/8458
f 4346/8458/8458 4344/8456/8456 4298/7674/7674
f 4342/8454/8454 4347/8459/8459 4298/7674/7674
f 4298/7674/7674 4348/8460/8460 4349/8461/8461
f 4298/7674/7674 4350/8462/8462 4351/8463/8463
f 4297/7673/7673 4340/8452/8452 4352/8464/8464
f 4349/8461/8461 4345/8457/8457 4298/7674/7674
f 4351/8463/8463 4353/8465/8465 4298/7674/7674
f 4298/7674/7674 4354/8466/8466 4355/8467/8467
f 4352/8464/8464 4298/7674/7674 4297/7673/7673
f 4353/8465/8465 4348/8460/8460 4298/7674/7674
f 4352/8464/8464 4354/8466/8466 4298/7674/7674
f 4355/8467/8467 4350/8462/8462 4298/7674/7674
f 4272/8468/8468 4184/8469/8469 4188/8470/8470
f 4272/8468/8468 4190/8471/8471 4189/8472/8472
f 4271/8473/8473 4189/8472/8472 4191/8474/8474
f 4270/8475/8475 4191/8474/8474 4193/8476/8476
f 4234/8477/8477 4356/8478/8478 4273/8479/8479
f 4273/8479/8479 4193/8476/8476 4234/8477/8477
f 4234/8477/8477 4357/8480/8480 4356/8478/8478
f 4358/8481/8481 4246/8482/8482 4247/8483/8483
f 4240/8484/8484 4358/8481/8481 4359/8485/8485
f 4193/8476/8476 4273/8479/8479 4270/8475/8475
f 4235/8486/8486 4360/8487/8487 4361/8488/8488
f 4237/8489/8489 4362/8490/8490 4363/8491/8491
f 4237/8489/8489 4364/8492/8492 4365/8493/8493
f 4247/8483/8483 4248/8494/8494 4358/8481/8481
f 4358/8481/8481 4244/8495/8495 4245/8496/8496
f 4238/8497/8497 4359/8485/8485 4366/8498/8498
f 4359/8485/8485 4238/8497/8497 4239/8499/8499
f 4360/8487/8487 4235/8486/8486 4236/8500/8500
f 4361/8488/8488 4357/8480/8480 4235/8486/8486
f 4237/8489/8489 4367/8501/8501 4362/8490/8490
f 4365/8493/8493 4368/8502/8502 4237/8489/8489
f 4245/8496/8496 4246/8482/8482 4358/8481/8481
f 4358/8481/8481 4242/8503/8503 4243/8504/8504
f 4358/8481/8481 4240/8484/8484 4241/8505/8505
f 4359/8485/8485 4239/8499/8499 4240/8484/8484
f 4234/8477/8477 4235/8486/8486 4357/8480/8480
f 4368/8502/8502 4367/8501/8501 4237/8489/8489
f 4237/8489/8489 4369/8506/8506 4370/8507/8507
f 4237/8489/8489 4366/8498/8498 4371/8508/8508
f 4243/8504/8504 4244/8495/8495 4358/8481/8481
f 4366/8498/8498 4237/8489/8489 4238/8497/8497
f 4363/8491/8491 4360/8487/8487 4237/8489/8489
f 4371/8508/8508 4369/8506/8506 4237/8489/8489
f 4241/8505/8505 4242/8503/8503 4358/8481/8481
f 4370/8507/8507 4364/8492/8492 4237/8489/8489
f 4236/8500/8500 4237/8489/8489 4360/8487/8487
f 4232/8509/8509 4186/8510/8510 4163/8511/8511
f 4232/8509/8509 4160/8512/8512 4159/8513/8513
f 4231/8514/8514 4159/8513/8513 4161/8515/8515
f 4255/8516/8516 4174/8517/8517 4173/8518/8518
f 4258/8519/8519 4169/8520/8520 4168/8521/8521
f 4255/8516/8516 4175/8522/8522 4174/8517/8517
f 4254/8523/8523 4253/8524/8524 4177/8525/8525
f 4161/8515/8515 4162/8526/8526 4233/8527/8527
f 4252/8528/8528 4233/8527/8527 4162/8526/8526
f 4258/8519/8519 4170/8529/8529 4169/8520/8520
f 4258/8519/8519 4172/8530/8530 4171/8531/8531
f 4255/8516/8516 4176/8532/8532 4175/8522/8522
f 4176/8532/8532 4255/8516/8516 4254/8523/8523
f 4172/8530/8530 4258/8519/8519 4257/8533/8533
f 4162/8526/8526 4180/8534/8534 4252/8528/8528
f 4258/8519/8519 4167/8535/8535 4166/8536/8536
f 4171/8531/8531 4170/8529/8529 4258/8519/8519
f 4177/8525/8525 4176/8532/8532 4254/8523/8523
f 4257/8533/8533 4256/8537/8537 4172/8530/8530
f 4233/8527/8527 4230/8538/8538 4161/8515/8515
f 4168/8521/8521 4167/8535/8535 4258/8519/8519
f 4256/8537/8537 4255/8516/8516 4172/8530/8530
f 4165/8539/8539 4263/8540/8540 4262/8541/8541
f 4253/8524/8524 4179/8542/8542 4178/8543/8543
f 4179/8542/8542 4253/8524/8524 4252/8528/8528
f 4173/8518/8518 4172/8530/8530 4255/8516/8516
f 4165/8539/8539 4260/8544/8544 4259/8545/8545
f 4165/8539/8539 4264/8546/8546 4263/8540/8540
f 4165/8539/8539 4266/8547/8547 4265/8548/8548
f 4180/8534/8534 4179/8542/8542 4252/8528/8528
f 4259/8545/8545 4258/8519/8519 4165/8539/8539
f 4262/8541/8541 4261/8549/8549 4165/8539/8539
f 4165/8539/8539 4267/8550/8550 4266/8547/8547
f 4166/8536/8536 4165/8539/8539 4258/8519/8519
f 4265/8548/8548 4264/8546/8546 4165/8539/8539
f 4261/8549/8549 4260/8544/8544 4165/8539/8539
f 4018/8551/8551 4100/8552/8552 3908/8553/8553
f 4100/8552/8552 4018/8551/8551 4017/8554/8554
f 4099/8555/8555 4017/8554/8554 4019/8556/8556
f 4081/8557/8557 4123/8558/8558 4125/8559/8559
f 4125/8559/8559 4127/8560/8560 4081/8557/8557
f 4081/8557/8557 4119/8561/8561 4121/8562/8562
f 4081/8557/8557 4115/8563/8563 4117/8564/8564
f 4081/8557/8557 4111/8565/8565 4113/8566/8566
f 4019/8556/8556 4021/8567/8567 4101/8568/8568
f 4135/8569/8569 4101/8568/8568 4021/8567/8567
f 4086/8570/8570 4105/8571/8571 4107/8572/8572
f 4121/8562/8562 4123/8558/8558 4081/8557/8557
f 4113/8566/8566 4115/8563/8563 4081/8557/8557
f 4083/8573/8573 4109/8574/8574 4111/8565/8565
f 4021/8567/8567 4080/8575/8575 4135/8569/8569
f 4105/8571/8571 4092/8576/8576 4093/8577/8577
f 4105/8571/8571 4089/8578/8578 4090/8579/8579
f 4084/8580/8580 4107/8572/8572 4109/8574/8574
f 4107/8572/8572 4084/8580/8580 4085/8581/8581
f 4117/8564/8564 4119/8561/8561 4081/8557/8557
f 4111/8565/8565 4081/8557/8557 4082/8582/8582
f 4101/8568/8568 4098/8583/8583 4019/8556/8556
f 4093/8577/8577 4094/8584/8584 4105/8571/8571
f 4090/8579/8579 4091/8585/8585 4105/8571/8571
f 4105/8571/8571 4086/8570/8570 4087/8586/8586
f 4107/8572/8572 4085/8581/8581 4086/8570/8570
f 4111/8565/8565 4082/8582/8582 4083/8573/8573
f 4081/8557/8557 4133/8587/8587 4135/8569/8569
f 4081/8557/8557 4129/8588/8588 4131/8589/8589
f 4091/8585/8585 4092/8576/8576 4105/8571/8571
f 4087/8586/8586 4088/8590/8590 4105/8571/8571
f 4127/8560/8560 4129/8588/8588 4081/8557/8557
f 4131/8589/8589 4133/8587/8587 4081/8557/8557
f 4088/8590/8590 4089/8578/8578 4105/8571/8571
f 4080/8575/8575 4081/8557/8557 4135/8569/8569
f 4109/8574/8574 4083/8573/8573 4084/8580/8580
f 3960/8591/8591 4060/8592/8592 3915/8593/8593
f 4060/8592/8592 3960/8591/8591 3959/8594/8594
f 4059/8595/8595 3959/8594/8594 3961/8596/8596
f 4062/8597/8597 4061/8598/8598 3963/8599/8599
f 3961/8596/8596 3963/8599/8599 4061/8598/8598
f 4061/8598/8598 4058/8600/8600 3961/8596/8596
f 4065/8601/8601 4009/8602/8602 4008/8603/8603
f 4064/8604/8604 4063/8605/8605 4013/8606/8606
f 4066/8607/8607 4065/8601/8601 4003/8608/8608
f 3963/8599/8599 4016/8609/8609 4062/8597/8597
f 4065/8601/8601 4010/8610/8610 4009/8602/8602
f 4012/8611/8611 4065/8601/8601 4064/8604/8604
f 4002/8612/8612 4067/8613/8613 4066/8607/8607
f 4001/8614/8614 4076/8615/8615 4075/8616/8616
f 4065/8601/8601 4007/8617/8617 4006/8618/8618
f 4063/8605/8605 4015/8619/8619 4014/8620/8620
f 4015/8619/8619 4063/8605/8605 4062/8597/8597
f 4065/8601/8601 4011/8621/8621 4010/8610/8610
f 4013/8606/8606 4012/8611/8611 4064/8604/8604
f 4002/8612/8612 4068/8622/8622 4067/8613/8613
f 4001/8614/8614 4074/8623/8623 4073/8624/8624
f 4001/8614/8614 4077/8625/8625 4076/8615/8615
f 4006/8618/8618 4005/8626/8626 4065/8601/8601
f 4016/8609/8609 4015/8619/8619 4062/8597/8597
f 4012/8611/8611 4011/8621/8621 4065/8601/8601
f 4003/8608/8608 4002/8612/8612 4066/8607/8607
f 4001/8614/8614 4070/8627/8627 4069/8628/8628
f 4001/8614/8614 4072/8629/8629 4071/8630/8630
f 4075/8616/8616 4074/8623/8623 4001/8614/8614
f 4005/8626/8626 4004/8631/8631 4065/8601/8601
f 4008/8603/8603 4007/8617/8617 4065/8601/8601
f 4069/8628/8628 4068/8622/8622 4001/8614/8614
f 4073/8624/8624 4072/8629/8629 4001/8614/8614
f 4014/8620/8620 4013/8606/8606 4063/8605/8605
f 4071/8630/8630 4070/8627/8627 4001/8614/8614
f 4002/8612/8612 4001/8614/8614 4068/8622/8622
f 4304/7680/7680 4268/8632/8632 4165/8539/8539
f 4304/7680/7680 4372/8633/8633 4358/8481/8481
f 4304/7680/7680 4251/8634/8634 4268/8632/8632
f 4358/8481/8481 4249/8635/8635 4304/7680/7680
f 4304/7680/7680 4164/8636/8636 4138/8637/8637
f 4165/8539/8539 4164/8636/8636 4304/7680/7680
f 4249/8635/8635 4250/8638/8638 4304/7680/7680
f 4315/7691/7691 4000/8639/8639 3981/8640/8640
f 4315/7691/7691 4077/8625/8625 4001/8614/8614
f 4315/7691/7691 4102/8641/8641 4105/8571/8571
f 4138/8637/8637 4315/7691/7691 4304/7680/7680
f 4250/8638/8638 4251/8634/8634 4304/7680/7680
f 4304/7680/7680 4373/8642/8642 4374/8643/8643
f 4304/7680/7680 4298/7674/7674 4375/8644/8644
f 4315/7691/7691 3979/8645/8645 3978/8646/8646
f 3981/8640/8640 3980/8647/8647 4315/7691/7691
f 4315/7691/7691 4078/8648/8648 4077/8625/8625
f 4315/7691/7691 4096/8649/8649 4079/8650/8650
f 4105/8571/8571 4095/8651/8651 4315/7691/7691
f 4138/8637/8637 4103/8652/8652 4315/7691/7691
f 4374/8643/8643 4372/8633/8633 4304/7680/7680
f 4375/8644/8644 4376/8653/8653 4304/7680/7680
f 3980/8647/8647 3979/8645/8645 4315/7691/7691
f 4079/8650/8650 4078/8648/8648 4315/7691/7691
f 4103/8652/8652 4102/8641/8641 4315/7691/7691
f 4376/8653/8653 4373/8642/8642 4304/7680/7680
f 4001/8614/8614 4000/8639/8639 4315/7691/7691
f 4268/8632/8632 4267/8550/8550 4165/8539/8539
f 4095/8651/8651 4096/8649/8649 4315/7691/7691
f 4305/7681/7681 3968/8654/8654 3967/8655/8655
f 3967/8655/8655 3966/8656/8656 4305/7681/7681
f 4305/7681/7681 3970/8657/8657 3969/8658/8658
f 4305/7681/7681 3973/8659/8659 3972/8660/8660
f 4305/7681/7681 3976/8661/8661 3975/8662/8662
f 4299/7675/7675 4305/7681/7681 3922/8663/8663
f 3969/8658/8658 3968/8654/8654 4305/7681/7681
f 3972/8660/8660 3971/8664/8664 4305/7681/7681
f 3975/8662/8662 3974/8665/8665 4305/7681/7681
f 4305/7681/7681 3978/8646/8646 3977/8666/8666
f 4305/7681/7681 3964/8667/8667 3922/8663/8663
f 3971/8664/8664 3970/8657/8657 4305/7681/7681
f 3977/8666/8666 3976/8661/8661 4305/7681/7681
f 4305/7681/7681 3965/8668/8668 3964/8667/8667
f 3974/8665/8665 3973/8659/8659 4305/7681/7681
f 3966/8656/8656 3965/8668/8668 4305/7681/7681
f 3920/8669/8669 4290/7666/7666 4299/7675/7675
f 3921/8670/8670 4281/7657/7657 4290/7666/7666
f 4281/7657/7657 3921/8670/8670 3913/8671/8671
f 3912/8672/8672 1235/8673/8673 4282/7658/7658
f 4284/7660/7660 4282/7658/7658 1235/8673/8673
f 2072/8674/8674 1234/8675/8675 1233/8676/8676
f 4284/7660/7660 2059/8677/8677 2058/8678/8678
f 1234/8675/8675 2070/8679/8679 2069/8680/8680
f 1233/8676/8676 2073/8681/8681 2072/8674/8674
f 1233/8676/8676 1231/8131/8131 2075/8682/8682
f 4286/7662/7662 2057/8683/8683 2056/8684/8684
f 2058/8678/8678 4286/7662/7662 4284/7660/7660
f 4284/7660/7660 2061/8685/8685 2060/8686/8686
f 4284/7660/7660 2063/8687/8687 2062/8688/8688
f 2069/8680/8680 4284/7660/7660 1234/8675/8675
f 2072/8674/8674 2071/8689/8689 1234/8675/8675
f 2075/8682/8682 2074/8690/8690 1233/8676/8676
f 2058/8678/8678 2057/8683/8683 4286/7662/7662
f 2062/8688/8688 2061/8685/8685 4284/7660/7660
f 2069/8680/8680 2068/8691/8691 4284/7660/7660
f 2074/8690/8690 2073/8681/8681 1233/8676/8676
f 2060/8686/8686 2059/8677/8677 4284/7660/7660
f 4284/7660/7660 2065/8692/8692 2064/8693/8693
f 4284/7660/7660 2067/8694/8694 2066/8695/8695
f 2071/8689/8689 2070/8679/8679 1234/8675/8675
f 2064/8693/8693 2063/8687/8687 4284/7660/7660
f 2068/8691/8691 2067/8694/8694 4284/7660/7660
f 2066/8695/8695 2065/8692/8692 4284/7660/7660
f 2056/8684/8684 2055/7898/7898 4286/7662/7662
f 1235/8673/8673 1234/8675/8675 4284/7660/7660
f 4282/7658/7658 4281/7657/7657 3912/8672/8672
f 3913/8671/8671 3912/8672/8672 4281/7657/7657
f 4290/7666/7666 3920/8669/8669 3921/8670/8670
f 4299/7675/7675 3919/8696/8696 3920/8669/8669
f 3922/8663/8663 3919/8696/8696 4299/7675/7675
f 3978/8646/8646 4305/7681/7681 4315/7691/7691
f 4004/8631/8631 4003/8608/8608 4065/8601/8601
f 3961/8596/8596 4058/8600/8600 4059/8595/8595
f 3959/8594/8594 4059/8595/8595 4060/8592/8592
f 3915/8593/8593 3916/8697/8697 3960/8591/8591
f 4094/8584/8584 4095/8651/8651 4105/8571/8571
f 4019/8556/8556 4098/8583/8583 4099/8555/8555
f 4017/8554/8554 4099/8555/8555 4100/8552/8552
f 3908/8553/8553 3909/8698/8698 4018/8551/8551
f 4178/8543/8543 4177/8525/8525 4253/8524/8524
f 4161/8515/8515 4230/8538/8538 4231/8514/8514
f 4159/8513/8513 4231/8514/8514 4232/8509/8509
f 4163/8511/8511 4160/8512/8512 4232/8509/8509
f 4248/8494/8494 4249/8635/8635 4358/8481/8481
f 4191/8474/8474 4270/8475/8475 4271/8473/8473
f 4189/8472/8472 4271/8473/8473 4272/8468/8468
f 4188/8470/8470 4190/8471/8471 4272/8468/8468
f 4347/8459/8459 4375/8644/8644 4298/7674/7674
f 4340/8452/8452 4297/7673/7673 4280/7656/7656
f 4339/8451/8451 4280/7656/7656 4279/7655/7655
f 1375/8449/8449 4187/8699/8699 4338/8450/8450
f 4277/7653/7653 1191/8448/8448 1375/8449/8449
f 1191/8448/8448 4277/7653/7653 4275/7651/7651
f 1706/8447/8447 1705/8443/8443 1194/8388/8388
f 1270/8368/8368 1194/8388/8388 4274/7650/7650
f 1198/8354/8354 4274/7650/7650 4288/7664/7664
f 1197/8353/8353 4288/7664/7664 4293/7669/7669
f 1196/8352/8352 4293/7669/7669 4335/7864/7864
f 386/8324/8324 385/7881/7881 4310/7686/7686
f 1205/8309/8309 1206/8310/8310 4310/7686/7686
f 1204/8308/8308 1205/8309/8309 4320/7696/7696
f 1202/8307/8307 1204/8308/8308 4325/7773/7773
f 1202/8307/8307 4337/8304/8304 1203/8700/8700
f 1201/8305/8305 1203/8700/8700 4337/8304/8304
f 1208/8298/8298 4326/7774/7774 4327/7775/7775
f 4328/7776/7776 1212/8289/8289 1211/8296/8296
f 1341/7788/7788 4334/7785/7785 1213/8288/8288
f 4334/7785/7785 4331/7779/7779 1214/8287/8287
f 1215/8286/8286 1214/8287/8287 4331/7779/7779
f 1217/8284/8284 1216/8285/8285 4336/8067/8067
f 1224/8283/8283 4333/7781/7781 1222/8277/8277
f 1222/8277/8277 4333/7781/7781 4324/7772/7772
f 1221/8276/8276 4324/7772/7772 4319/7695/7695
f 2404/8265/8265 2403/8238/8238 1220/8237/8237
f 2418/8204/8204 2417/8274/8274 4309/7685/7685
f 1227/8185/8185 1226/8197/8197 4302/7678/7678
f 1228/8174/8174 1227/8185/8185 4292/7668/7668
f 2042/8161/8161 1229/8138/8138 1228/8174/8174
f 2076/8172/8172 2075/8682/8682 1231/8131/8131
f 2801/8102/8102 2800/8066/8066 4317/7693/7693
f 2766/8073/8073 2765/8112/8112 4332/7780/7780
f 2775/8077/8077 4330/7778/7778 2776/8701/8701
f 2777/8061/8061 2776/8701/8701 4330/7778/7778
f 3521/8024/8024 3520/7988/7988 4278/7654/7654
f 3501/7982/7982 3500/8039/8039 4295/7671/7671
f 3136/7965/7965 3135/7909/7909 4291/7667/7667
f 3125/7899/7899 4301/7677/7677 4307/7683/7683
f 2053/7897/7897 2052/8177/8177 4286/7662/7662
f 412/7883/7883 411/8342/8342 4335/7864/7864
f 1331/7833/7833 1332/7782/7782 4323/7712/7712
f 1344/7787/7787 4329/7777/7777 4334/7785/7785
f 1334/7784/7784 1335/8295/8295 4328/7776/7776
f 4333/7781/7781 4336/8067/8067 4332/7780/7780
f 4331/7779/7779 4334/7785/7785 4329/7777/7777
f 4328/7776/7776 4327/7775/7775 4322/7698/7698
f 4327/7775/7775 4326/7774/7774 4321/7697/7697
f 4326/7774/7774 4337/8304/8304 4325/7773/7773
f 4324/7772/7772 4332/7780/7780 4318/7694/7694
f 3871/7740/7740 3870/7769/7769 4322/7698/7698
f 4322/7698/7698 4321/7697/7697 4312/7688/7688
f 4321/7697/7697 4325/7773/7773 4320/7696/7696
f 4319/7695/7695 4318/7694/7694 4308/7684/7684
f 4318/7694/7694 4317/7693/7693 4306/7682/7682
f 4317/7693/7693 4316/7692/7692 4315/7691/7691
f 4316/7692/7692 4314/7690/7690 4304/7680/7680
f 4314/7690/7690 4313/7689/7689 4303/7679/7679
f 4313/7689/7689 4312/7688/7688 4311/7687/7687
f 4312/7688/7688 4320/7696/7696 4310/7686/7686
f 4309/7685/7685 4308/7684/7684 4307/7683/7683
f 4308/7684/7684 4306/7682/7682 4300/7676/7676
f 4306/7682/7682 4315/7691/7691 4305/7681/7681
f 4304/7680/7680 4303/7679/7679 4296/7672/7672
f 4303/7679/7679 4311/7687/7687 4294/7670/7670
f 4302/7678/7678 4307/7683/7683 4301/7677/7677
f 4300/7676/7676 4305/7681/7681 4299/7675/7675
f 4298/7674/7674 4296/7672/7672 4295/7671/7671
f 4296/7672/7672 4294/7670/7670 4289/7665/7665
f 4294/7670/7670 4335/7864/7864 4293/7669/7669
f 4292/7668/7668 4301/7677/7677 4285/7661/7661
f 4291/7667/7667 4299/7675/7675 4290/7666/7666
f 4289/7665/7665 4293/7669/7669 4288/7664/7664
f 4287/7663/7663 4285/7661/7661 4284/7660/7660
f 4285/7661/7661 4283/7659/7659 4282/7658/7658
f 4283/7659/7659 4290/7666/7666 4281/7657/7657
f 4280/7656/7656 4278/7654/7654 4277/7653/7653
f 4278/7654/7654 4276/7652/7652 4275/7651/7651
f 4276/7652/7652 4288/7664/7664 4274/7650/7650
f 4377/8702/8702 4378/8703/8703 4379/8704/8704
f 4380/8705/8705 4381/8706/8706 4382/8707/8707
f 4380/8705/8705 4383/8708/8708 4384/8709/8709
f 4380/8705/8705 4385/8710/8710 4386/8711/8711
f 4387/8712/8712 4388/8713/8713 4389/8714/8714
f 4379/8704/8704 4390/8715/8715 4377/8702/8702
f 4377/8702/8702 4391/8716/8716 4392/8717/8717
f 4377/8702/8702 4393/8718/8718 4394/8719/8719
f 4384/8709/8709 4381/8706/8706 4380/8705/8705
f 4386/8711/8711 4395/8720/8720 4380/8705/8705
f 4389/8714/8714 4396/8721/8721 4387/8712/8712
f 4387/8712/8712 4397/8722/8722 4398/8723/8723
f 4387/8712/8712 4399/8724/8724 4400/8725/8725
f 4377/8702/8702 4401/8726/8726 4402/8727/8727
f 4377/8702/8702 4403/8728/8728 4378/8703/8703
f 4377/8702/8702 4404/8729/8729 4391/8716/8716
f 4377/8702/8702 4405/8730/8730 4393/8718/8718
f 4377/8702/8702 4406/8731/8731 4407/8732/8732
f 4377/8702/8702 4269/8733/8733 4408/8734/8734
f 4395/8720/8720 4383/8708/8708 4380/8705/8705
f 4380/8705/8705 4387/8712/8712 4409/8735/8735
f 4398/8723/8723 4388/8713/8713 4387/8712/8712
f 4387/8712/8712 4380/8705/8705 4399/8724/8724
f 4390/8715/8715 4401/8726/8726 4377/8702/8702
f 4377/8702/8702 4410/8736/8736 4404/8729/8729
f 4407/8732/8732 4405/8730/8730 4377/8702/8702
f 4408/8734/8734 4411/8737/8737 4377/8702/8702
f 4409/8735/8735 4385/8710/8710 4380/8705/8705
f 4400/8725/8725 4397/8722/8722 4387/8712/8712
f 4392/8717/8717 4403/8728/8728 4377/8702/8702
f 4411/8737/8737 4406/8731/8731 4377/8702/8702
f 4396/8721/8721 4412/8738/8738 4387/8712/8712
f 4394/8719/8719 4410/8736/8736 4377/8702/8702
f 4377/8702/8702 4181/8739/8739 4183/8740/8740
f 4402/8727/8727 4380/8705/8705 4377/8702/8702
f 4382/8707/8707 4377/8702/8702 4380/8705/8705
f 4183/8740/8740 4269/8733/8733 4377/8702/8702
f 4181/8741/8741 4339/8742/8742 4338/8743/8743
f 4181/8741/8741 4340/8744/8744 4339/8742/8742
f 4377/8745/8745 4352/8746/8746 4340/8744/8744
f 4340/8744/8744 4181/8741/8741 4377/8745/8745
f 4338/8743/8743 4187/8747/8747 4181/8741/8741
f 4372/8748/8748 4374/8749/8749 4380/8750/8750
f 4358/8751/8751 4372/8748/8748 4402/8752/8752
f 4359/8753/8753 4358/8751/8751 4401/8754/8754
f 4366/8755/8755 4359/8753/8753 4390/8756/8756
f 4371/8757/8757 4366/8755/8755 4379/8758/8758
f 4369/8759/8759 4371/8757/8757 4378/8760/8760
f 4370/8761/8761 4369/8759/8759 4403/8762/8762
f 4364/8763/8763 4370/8761/8761 4392/8764/8764
f 4365/8765/8765 4364/8763/8763 4391/8766/8766
f 4368/8767/8767 4365/8765/8765 4404/8768/8768
f 4367/8769/8769 4368/8767/8767 4410/8770/8770
f 4362/8771/8771 4367/8769/8769 4394/8772/8772
f 4363/8773/8773 4362/8771/8771 4393/8774/8774
f 4360/8775/8775 4363/8773/8773 4405/8776/8776
f 4361/8777/8777 4360/8775/8775 4407/8778/8778
f 4357/8779/8779 4361/8777/8777 4406/8780/8780
f 4356/8781/8781 4357/8779/8779 4411/8782/8782
f 4273/8783/8783 4356/8781/8781 4408/8784/8784
f 4408/8784/8784 4269/8785/8785 4273/8783/8783
f 4411/8782/8782 4408/8784/8784 4356/8781/8781
f 4406/8780/8780 4411/8782/8782 4357/8779/8779
f 4407/8778/8778 4406/8780/8780 4361/8777/8777
f 4405/8776/8776 4407/8778/8778 4360/8775/8775
f 4393/8774/8774 4405/8776/8776 4363/8773/8773
f 4394/8772/8772 4393/8774/8774 4362/8771/8771
f 4410/8770/8770 4394/8772/8772 4367/8769/8769
f 4404/8768/8768 4410/8770/8770 4368/8767/8767
f 4391/8766/8766 4404/8768/8768 4365/8765/8765
f 4392/8764/8764 4391/8766/8766 4364/8763/8763
f 4403/8762/8762 4392/8764/8764 4370/8761/8761
f 4378/8760/8760 4403/8762/8762 4369/8759/8759
f 4379/8758/8758 4378/8760/8760 4371/8757/8757
f 4390/8756/8756 4379/8758/8758 4366/8755/8755
f 4401/8754/8754 4390/8756/8756 4359/8753/8753
f 4402/8752/8752 4401/8754/8754 4358/8751/8751
f 4380/8750/8750 4402/8752/8752 4372/8748/8748
f 4399/8786/8786 4380/8787/8787 4374/8788/8788
f 4400/8789/8789 4399/8786/8786 4373/8790/8790
f 4397/8791/8791 4400/8789/8789 4376/8792/8792
f 4398/8793/8793 4397/8791/8791 4375/8794/8794
f 4388/8795/8795 4398/8793/8793 4347/8796/8796
f 4389/8797/8797 4388/8795/8795 4342/8798/8798
f 4396/8799/8799 4389/8797/8797 4341/8800/8800
f 4412/8801/8801 4396/8799/8799 4343/8802/8802
f 4387/8803/8803 4412/8801/8801 4344/8804/8804
f 4409/8805/8805 4387/8803/8803 4346/8806/8806
f 4385/8807/8807 4409/8805/8805 4345/8808/8808
f 4386/8809/8809 4385/8807/8807 4349/8810/8810
f 4395/8811/8811 4386/8809/8809 4348/8812/8812
f 4383/8813/8813 4395/8811/8811 4353/8814/8814
f 4384/8815/8815 4383/8813/8813 4351/8816/8816
f 4381/8817/8817 4384/8815/8815 4350/8818/8818
f 4382/8819/8819 4381/8817/8817 4355/8820/8820
f 4377/8821/8821 4382/8819/8819 4354/8822/8822
f 4354/8822/8822 4352/8823/8823 4377/8821/8821
f 4355/8820/8820 4354/8822/8822 4382/8819/8819
f 4350/8818/8818 4355/8820/8820 4381/8817/8817
f 4351/8816/8816 4350/8818/8818 4384/8815/8815
f 4353/8814/8814 4351/8816/8816 4383/8813/8813
f 4348/8812/8812 4353/8814/8814 4395/8811/8811
f 4349/8810/8810 4348/8812/8812 4386/8809/8809
f 4345/8808/8808 4349/8810/8810 4385/8807/8807
f 4346/8806/8806 4345/8808/8808 4409/8805/8805
f 4344/8804/8804 4346/8806/8806 4387/8803/8803
f 4343/8802/8802 4344/8804/8804 4412/8801/8801
f 4341/8800/8800 4343/8802/8802 4396/8799/8799
f 4342/8798/8798 4341/8800/8800 4389/8797/8797
f 4347/8796/8796 4342/8798/8798 4388/8795/8795
f 4375/8794/8794 4347/8796/8796 4398/8793/8793
f 4376/8792/8792 4375/8794/8794 4397/8791/8791
f 4373/8790/8790 4376/8792/8792 4400/8789/8789
f 4374/8788/8788 4373/8790/8790 4399/8786/8786
