ISO-10303-21;
HEADER;

/* File generated by HOOPS Exchange Version 25.8.0 */

FILE_DESCRIPTION(('HOOPS Exchange Step'),'2;1');

FILE_NAME('/home/taki/TrueStrike_bottom_plate.step',
'2026-07-06T17:26:49+02:00',
('taki'),
('Unknown organisation'),
'HOOPS Exchange 2025.8',
'HOOPS Exchange',
'Unknown authorisation');

FILE_SCHEMA( ('AP203_CONFIGURATION_CONTROLLED_3D_DESIGN_OF_MECHANICAL_PARTS_AND_ASSEMBLIES_MIM_LF') );

ENDSEC;

DATA;
#3=(NAMED_UNIT(*)PLANE_ANGLE_UNIT()SI_UNIT($,.RADIAN.));
#4=PLANE_ANGLE_MEASURE_WITH_UNIT(PLANE_ANGLE_MEASURE(0.0174532925),#3);
#5=(CONVERSION_BASED_UNIT('DEGREE',#4)NAMED_UNIT(#6)PLANE_ANGLE_UNIT());
#6=DIMENSIONAL_EXPONENTS(0.,0.,0.,0.,0.,0.,0.);
#7=(NAMED_UNIT(*)SI_UNIT($,.STERADIAN.)SOLID_ANGLE_UNIT());
#8=(LENGTH_UNIT()NAMED_UNIT(*)SI_UNIT(.MILLI.,.METRE.));
#9=UNCERTAINTY_MEASURE_WITH_UNIT(LENGTH_MEASURE(1.000000E-05),#8,'DISTANCE_ACCURACY_VALUE','Maximum Tolerance applied to model');
#10=(GEOMETRIC_REPRESENTATION_CONTEXT(3)GLOBAL_UNCERTAINTY_ASSIGNED_CONTEXT((#9))GLOBAL_UNIT_ASSIGNED_CONTEXT((#8,#5,#7))REPRESENTATION_CONTEXT('','root'));
#12=CARTESIAN_POINT('',(0.,0.,0.));
#13=DIRECTION('',(0.,0.,1.));
#14=DIRECTION('',(1.,0.,0.));
#15=AXIS2_PLACEMENT_3D('',#12,#13,#14);
#27=CARTESIAN_POINT('',(-12.030760165,46.048023798,0.694064408));
#28=DIRECTION('',(0.193857876,0.981029624,0.));
#29=DIRECTION('',(-0.981029624,0.193857876,0.));
#30=AXIS2_PLACEMENT_3D('',#27,#28,#29);
#31=PLANE('',#30);
#32=CARTESIAN_POINT('',(-5.36328468,44.730486996,-1.509087113));
#33=VERTEX_POINT('',#32);
#34=CARTESIAN_POINT('',(-5.36328468,44.730486996,-3.407207682));
#35=VERTEX_POINT('',#34);
#36=CARTESIAN_POINT('',(-5.36328468,44.730486996,-1.509087113));
#37=DIRECTION('',(0.,0.,-1.));
#38=VECTOR('',#37,1.898120568);
#39=LINE('',#36,#38);
#40=EDGE_CURVE('',#33,#35,#39,.T.);
#41=ORIENTED_EDGE('',*,*,#40,.F.);
#42=CARTESIAN_POINT('',(-7.36328468,45.125700089,-1.509087113));
#43=VERTEX_POINT('',#42);
#44=CARTESIAN_POINT('',(-5.36328468,44.730486996,-1.509087113));
#45=DIRECTION('',(-0.981029624,0.193857876,0.));
#46=VECTOR('',#45,2.038674419);
#47=LINE('',#44,#46);
#48=EDGE_CURVE('',#33,#43,#47,.T.);
#49=ORIENTED_EDGE('',*,*,#48,.T.);
#50=CARTESIAN_POINT('',(-7.36328468,45.125700089,-3.407207682));
#51=VERTEX_POINT('',#50);
#52=CARTESIAN_POINT('',(-7.36328468,45.125700089,-1.509087113));
#53=DIRECTION('',(0.,0.,-1.));
#54=VECTOR('',#53,1.898120568);
#55=LINE('',#52,#54);
#56=EDGE_CURVE('',#43,#51,#55,.T.);
#57=ORIENTED_EDGE('',*,*,#56,.T.);
#58=CARTESIAN_POINT('',(-8.363848032,45.323417957,-3.407207682));
#59=VERTEX_POINT('',#58);
#60=CARTESIAN_POINT('',(-8.363848032,45.323417957,-3.407207682));
#61=DIRECTION('',(0.981029624,-0.193857876,0.));
#62=VECTOR('',#61,1.019911455);
#63=LINE('',#60,#62);
#64=EDGE_CURVE('',#59,#51,#63,.T.);
#65=ORIENTED_EDGE('',*,*,#64,.F.);
#66=CARTESIAN_POINT('',(-8.363280347,45.323305778,-3.378637852));
#67=VERTEX_POINT('',#66);
#68=CARTESIAN_POINT('',(-8.363848032,45.323417957,-3.407207682));
#69=CARTESIAN_POINT('',(-8.363280347,45.323305778,-3.378637852));
#70=B_SPLINE_CURVE_WITH_KNOTS('',1,(#68,#69),.UNSPECIFIED.,.F.,.F.,(2,2),(0.,0.019046553),.UNSPECIFIED.);
#71=EDGE_CURVE('',#59,#67,#70,.T.);
#72=ORIENTED_EDGE('',*,*,#71,.T.);
#73=CARTESIAN_POINT('',(-8.363280347,45.323305778,-0.507207682));
#74=VERTEX_POINT('',#73);
#75=CARTESIAN_POINT('',(-8.363280347,45.323305778,-0.507207682));
#76=DIRECTION('',(0.,0.,-1.));
#77=VECTOR('',#76,2.871430171);
#78=LINE('',#75,#77);
#79=EDGE_CURVE('',#74,#67,#78,.T.);
#80=ORIENTED_EDGE('',*,*,#79,.F.);
#81=CARTESIAN_POINT('',(0.13186244,43.644609954,-0.507207682));
#82=VERTEX_POINT('',#81);
#83=CARTESIAN_POINT('',(0.13186244,43.644609954,-0.507207682));
#84=DIRECTION('',(-0.981029624,0.193857876,0.));
#85=VECTOR('',#84,8.659415145);
#86=LINE('',#83,#85);
#87=EDGE_CURVE('',#82,#74,#86,.T.);
#88=ORIENTED_EDGE('',*,*,#87,.F.);
#89=CARTESIAN_POINT('',(0.13186244,43.644609954,-1.509087113));
#90=VERTEX_POINT('',#89);
#91=CARTESIAN_POINT('',(0.13186244,43.644609954,-0.507207682));
#92=DIRECTION('',(0.,0.,-1.));
#93=VECTOR('',#92,1.001879432);
#94=LINE('',#91,#93);
#95=EDGE_CURVE('',#82,#90,#94,.T.);
#96=ORIENTED_EDGE('',*,*,#95,.T.);
#97=CARTESIAN_POINT('',(-1.36328468,43.940060812,-1.509087113));
#98=VERTEX_POINT('',#97);
#99=CARTESIAN_POINT('',(0.13186244,43.644609954,-1.509087113));
#100=DIRECTION('',(-0.981029624,0.193857876,0.));
#101=VECTOR('',#100,1.524059094);
#102=LINE('',#99,#101);
#103=EDGE_CURVE('',#90,#98,#102,.T.);
#104=ORIENTED_EDGE('',*,*,#103,.T.);
#105=CARTESIAN_POINT('',(-1.36328468,43.940060812,-3.407207682));
#106=VERTEX_POINT('',#105);
#107=CARTESIAN_POINT('',(-1.36328468,43.940060812,-1.509087113));
#108=DIRECTION('',(0.,0.,-1.));
#109=VECTOR('',#108,1.898120568);
#110=LINE('',#107,#109);
#111=EDGE_CURVE('',#98,#106,#110,.T.);
#112=ORIENTED_EDGE('',*,*,#111,.T.);
#113=CARTESIAN_POINT('',(-2.36328468,44.137667358,-3.407207682));
#114=VERTEX_POINT('',#113);
#115=CARTESIAN_POINT('',(-2.36328468,44.137667358,-3.407207682));
#116=DIRECTION('',(0.981029624,-0.193857876,0.));
#117=VECTOR('',#116,1.01933721);
#118=LINE('',#115,#117);
#119=EDGE_CURVE('',#114,#106,#118,.T.);
#120=ORIENTED_EDGE('',*,*,#119,.F.);
#121=CARTESIAN_POINT('',(-2.36328468,44.137667358,-1.509087113));
#122=VERTEX_POINT('',#121);
#123=CARTESIAN_POINT('',(-2.36328468,44.137667358,-3.407207682));
#124=DIRECTION('',(0.,0.,1.));
#125=VECTOR('',#124,1.898120568);
#126=LINE('',#123,#125);
#127=EDGE_CURVE('',#114,#122,#126,.T.);
#128=ORIENTED_EDGE('',*,*,#127,.T.);
#129=CARTESIAN_POINT('',(-4.36328468,44.53288045,-1.509087113));
#130=VERTEX_POINT('',#129);
#131=CARTESIAN_POINT('',(-2.36328468,44.137667358,-1.509087113));
#132=DIRECTION('',(-0.981029624,0.193857876,0.));
#133=VECTOR('',#132,2.038674419);
#134=LINE('',#131,#133);
#135=EDGE_CURVE('',#122,#130,#134,.T.);
#136=ORIENTED_EDGE('',*,*,#135,.T.);
#137=CARTESIAN_POINT('',(-4.36328468,44.53288045,-3.407207682));
#138=VERTEX_POINT('',#137);
#139=CARTESIAN_POINT('',(-4.36328468,44.53288045,-1.509087113));
#140=DIRECTION('',(0.,0.,-1.));
#141=VECTOR('',#140,1.898120568);
#142=LINE('',#139,#141);
#143=EDGE_CURVE('',#130,#138,#142,.T.);
#144=ORIENTED_EDGE('',*,*,#143,.T.);
#145=CARTESIAN_POINT('',(-5.36328468,44.730486996,-3.407207682));
#146=DIRECTION('',(0.981029624,-0.193857876,0.));
#147=VECTOR('',#146,1.01933721);
#148=LINE('',#145,#147);
#149=EDGE_CURVE('',#35,#138,#148,.T.);
#150=ORIENTED_EDGE('',*,*,#149,.F.);
#151=EDGE_LOOP('',(#41,#49,#57,#65,#72,#80,#88,#96,#104,#112,#120,#128,#136,#144,#150));
#152=FACE_BOUND('',#151,.T.);
#153=ADVANCED_FACE('',(#152),#31,.T.);
#154=CARTESIAN_POINT('',(0.,0.,-3.407207682));
#155=DIRECTION('',(0.,0.,1.));
#156=DIRECTION('',(1.,0.,0.));
#157=AXIS2_PLACEMENT_3D('',#154,#155,#156);
#158=PLANE('',#157);
#159=CARTESIAN_POINT('',(106.96421244,-26.424837785,-3.407207682));
#160=VERTEX_POINT('',#159);
#161=CARTESIAN_POINT('',(105.86421244,-26.424837785,-3.407207682));
#162=DIRECTION('',(0.,0.,-1.));
#163=DIRECTION('',(1.,0.,0.));
#164=AXIS2_PLACEMENT_3D('',#161,#162,#163);
#165=CIRCLE('',#164,1.1);
#166=EDGE_CURVE('',#160,#160,#165,.T.);
#167=ORIENTED_EDGE('',*,*,#166,.F.);
#168=EDGE_LOOP('',(#167));
#169=FACE_BOUND('',#168,.T.);
#170=CARTESIAN_POINT('',(-103.68578756,34.925162215,-3.407207682));
#171=VERTEX_POINT('',#170);
#172=CARTESIAN_POINT('',(-104.78578756,34.925162215,-3.407207682));
#173=DIRECTION('',(0.,0.,-1.));
#174=DIRECTION('',(1.,0.,0.));
#175=AXIS2_PLACEMENT_3D('',#172,#173,#174);
#176=CIRCLE('',#175,1.1);
#177=EDGE_CURVE('',#171,#171,#176,.T.);
#178=ORIENTED_EDGE('',*,*,#177,.F.);
#179=EDGE_LOOP('',(#178));
#180=FACE_BOUND('',#179,.T.);
#181=CARTESIAN_POINT('',(-104.88578756,-25.974837785,-3.407207682));
#182=VERTEX_POINT('',#181);
#183=CARTESIAN_POINT('',(-105.98578756,-25.974837785,-3.407207682));
#184=DIRECTION('',(0.,0.,-1.));
#185=DIRECTION('',(1.,0.,0.));
#186=AXIS2_PLACEMENT_3D('',#183,#184,#185);
#187=CIRCLE('',#186,1.1);
#188=EDGE_CURVE('',#182,#182,#187,.T.);
#189=ORIENTED_EDGE('',*,*,#188,.F.);
#190=EDGE_LOOP('',(#189));
#191=FACE_BOUND('',#190,.T.);
#192=CARTESIAN_POINT('',(106.16421244,34.725162215,-3.407207682));
#193=VERTEX_POINT('',#192);
#194=CARTESIAN_POINT('',(105.06421244,34.725162215,-3.407207682));
#195=DIRECTION('',(0.,0.,-1.));
#196=DIRECTION('',(1.,0.,0.));
#197=AXIS2_PLACEMENT_3D('',#194,#195,#196);
#198=CIRCLE('',#197,1.1);
#199=EDGE_CURVE('',#193,#193,#198,.T.);
#200=ORIENTED_EDGE('',*,*,#199,.F.);
#201=EDGE_LOOP('',(#200));
#202=FACE_BOUND('',#201,.T.);
#203=CARTESIAN_POINT('',(30.31421244,27.425162215,-3.407207682));
#204=VERTEX_POINT('',#203);
#205=CARTESIAN_POINT('',(29.21421244,27.425162215,-3.407207682));
#206=DIRECTION('',(0.,0.,-1.));
#207=DIRECTION('',(1.,0.,0.));
#208=AXIS2_PLACEMENT_3D('',#205,#206,#207);
#209=CIRCLE('',#208,1.1);
#210=EDGE_CURVE('',#204,#204,#209,.T.);
#211=ORIENTED_EDGE('',*,*,#210,.F.);
#212=EDGE_LOOP('',(#211));
#213=FACE_BOUND('',#212,.T.);
#214=CARTESIAN_POINT('',(-27.08578756,-31.924837785,-3.407207682));
#215=VERTEX_POINT('',#214);
#216=CARTESIAN_POINT('',(-28.18578756,-31.924837785,-3.407207682));
#217=DIRECTION('',(0.,0.,-1.));
#218=DIRECTION('',(1.,0.,0.));
#219=AXIS2_PLACEMENT_3D('',#216,#217,#218);
#220=CIRCLE('',#219,1.1);
#221=EDGE_CURVE('',#215,#215,#220,.T.);
#222=ORIENTED_EDGE('',*,*,#221,.F.);
#223=EDGE_LOOP('',(#222));
#224=FACE_BOUND('',#223,.T.);
#225=CARTESIAN_POINT('',(-27.83578756,27.675162215,-3.407207682));
#226=VERTEX_POINT('',#225);
#227=CARTESIAN_POINT('',(-28.93578756,27.675162215,-3.407207682));
#228=DIRECTION('',(0.,0.,-1.));
#229=DIRECTION('',(1.,0.,0.));
#230=AXIS2_PLACEMENT_3D('',#227,#228,#229);
#231=CIRCLE('',#230,1.1);
#232=EDGE_CURVE('',#226,#226,#231,.T.);
#233=ORIENTED_EDGE('',*,*,#232,.F.);
#234=EDGE_LOOP('',(#233));
#235=FACE_BOUND('',#234,.T.);
#236=CARTESIAN_POINT('',(29.26421244,-32.124837785,-3.407207682));
#237=VERTEX_POINT('',#236);
#238=CARTESIAN_POINT('',(28.16421244,-32.124837785,-3.407207682));
#239=DIRECTION('',(0.,0.,-1.));
#240=DIRECTION('',(1.,0.,0.));
#241=AXIS2_PLACEMENT_3D('',#238,#239,#240);
#242=CIRCLE('',#241,1.1);
#243=EDGE_CURVE('',#237,#237,#242,.T.);
#244=ORIENTED_EDGE('',*,*,#243,.F.);
#245=EDGE_LOOP('',(#244));
#246=FACE_BOUND('',#245,.T.);
#247=CARTESIAN_POINT('',(-7.36328468,1.7,-3.407207682));
#248=VERTEX_POINT('',#247);
#249=CARTESIAN_POINT('',(-6.36328468,0.7,-3.407207682));
#250=VERTEX_POINT('',#249);
#251=CARTESIAN_POINT('',(-6.36328468,1.7,-3.407207682));
#252=DIRECTION('',(0.,0.,1.));
#253=DIRECTION('',(1.,0.,-0.));
#254=AXIS2_PLACEMENT_3D('',#251,#252,#253);
#255=CIRCLE('',#254,1.);
#256=EDGE_CURVE('',#248,#250,#255,.T.);
#257=ORIENTED_EDGE('',*,*,#256,.T.);
#258=CARTESIAN_POINT('',(-5.36328468,1.7,-3.407207682));
#259=VERTEX_POINT('',#258);
#260=CARTESIAN_POINT('',(-6.36328468,1.7,-3.407207682));
#261=DIRECTION('',(0.,0.,1.));
#262=DIRECTION('',(1.,0.,-0.));
#263=AXIS2_PLACEMENT_3D('',#260,#261,#262);
#264=CIRCLE('',#263,1.);
#265=EDGE_CURVE('',#250,#259,#264,.T.);
#266=ORIENTED_EDGE('',*,*,#265,.T.);
#267=CARTESIAN_POINT('',(-5.36328468,1.7,-3.407207682));
#268=DIRECTION('',(0.,1.,0.));
#269=VECTOR('',#268,43.030486996);
#270=LINE('',#267,#269);
#271=EDGE_CURVE('',#259,#35,#270,.T.);
#272=ORIENTED_EDGE('',*,*,#271,.T.);
#273=ORIENTED_EDGE('',*,*,#149,.T.);
#274=CARTESIAN_POINT('',(-4.36328468,1.7,-3.407207682));
#275=VERTEX_POINT('',#274);
#276=CARTESIAN_POINT('',(-4.36328468,1.7,-3.407207682));
#277=DIRECTION('',(0.,1.,0.));
#278=VECTOR('',#277,42.83288045);
#279=LINE('',#276,#278);
#280=EDGE_CURVE('',#275,#138,#279,.T.);
#281=ORIENTED_EDGE('',*,*,#280,.F.);
#282=CARTESIAN_POINT('',(-3.36328468,0.7,-3.407207682));
#283=VERTEX_POINT('',#282);
#284=CARTESIAN_POINT('',(-3.36328468,1.7,-3.407207682));
#285=DIRECTION('',(0.,0.,1.));
#286=DIRECTION('',(1.,0.,-0.));
#287=AXIS2_PLACEMENT_3D('',#284,#285,#286);
#288=CIRCLE('',#287,1.);
#289=EDGE_CURVE('',#275,#283,#288,.T.);
#290=ORIENTED_EDGE('',*,*,#289,.T.);
#291=CARTESIAN_POINT('',(-2.36328468,1.7,-3.407207682));
#292=VERTEX_POINT('',#291);
#293=CARTESIAN_POINT('',(-3.36328468,1.7,-3.407207682));
#294=DIRECTION('',(0.,0.,1.));
#295=DIRECTION('',(1.,0.,-0.));
#296=AXIS2_PLACEMENT_3D('',#293,#294,#295);
#297=CIRCLE('',#296,1.);
#298=EDGE_CURVE('',#283,#292,#297,.T.);
#299=ORIENTED_EDGE('',*,*,#298,.T.);
#300=CARTESIAN_POINT('',(-2.36328468,44.137667358,-3.407207682));
#301=DIRECTION('',(0.,-1.,0.));
#302=VECTOR('',#301,42.437667358);
#303=LINE('',#300,#302);
#304=EDGE_CURVE('',#114,#292,#303,.T.);
#305=ORIENTED_EDGE('',*,*,#304,.F.);
#306=ORIENTED_EDGE('',*,*,#119,.T.);
#307=CARTESIAN_POINT('',(-1.36328468,1.7,-3.407207682));
#308=VERTEX_POINT('',#307);
#309=CARTESIAN_POINT('',(-1.36328468,1.7,-3.407207682));
#310=DIRECTION('',(0.,1.,0.));
#311=VECTOR('',#310,42.240060812);
#312=LINE('',#309,#311);
#313=EDGE_CURVE('',#308,#106,#312,.T.);
#314=ORIENTED_EDGE('',*,*,#313,.F.);
#315=CARTESIAN_POINT('',(-0.36328468,0.7,-3.407207682));
#316=VERTEX_POINT('',#315);
#317=CARTESIAN_POINT('',(-0.36328468,1.7,-3.407207682));
#318=DIRECTION('',(0.,0.,1.));
#319=DIRECTION('',(1.,0.,-0.));
#320=AXIS2_PLACEMENT_3D('',#317,#318,#319);
#321=CIRCLE('',#320,1.);
#322=EDGE_CURVE('',#308,#316,#321,.T.);
#323=ORIENTED_EDGE('',*,*,#322,.T.);
#324=CARTESIAN_POINT('',(0.636719653,0.7,-3.407207682));
#325=VERTEX_POINT('',#324);
#326=CARTESIAN_POINT('',(0.636719653,0.7,-3.407207682));
#327=DIRECTION('',(-1.,0.,0.));
#328=VECTOR('',#327,1.000004333);
#329=LINE('',#326,#328);
#330=EDGE_CURVE('',#325,#316,#329,.T.);
#331=ORIENTED_EDGE('',*,*,#330,.F.);
#332=CARTESIAN_POINT('',(1.636719653,1.7,-3.407207682));
#333=VERTEX_POINT('',#332);
#334=CARTESIAN_POINT('',(0.636719653,1.7,-3.407207682));
#335=DIRECTION('',(0.,0.,1.));
#336=DIRECTION('',(1.,0.,-0.));
#337=AXIS2_PLACEMENT_3D('',#334,#335,#336);
#338=CIRCLE('',#337,1.);
#339=EDGE_CURVE('',#325,#333,#338,.T.);
#340=ORIENTED_EDGE('',*,*,#339,.T.);
#341=CARTESIAN_POINT('',(1.636719653,43.933810527,-3.407207682));
#342=VERTEX_POINT('',#341);
#343=CARTESIAN_POINT('',(1.636719653,1.7,-3.407207682));
#344=DIRECTION('',(0.,1.,0.));
#345=VECTOR('',#344,42.233810527);
#346=LINE('',#343,#345);
#347=EDGE_CURVE('',#333,#342,#346,.T.);
#348=ORIENTED_EDGE('',*,*,#347,.T.);
#349=CARTESIAN_POINT('',(2.636719653,44.125988609,-3.407207682));
#350=VERTEX_POINT('',#349);
#351=CARTESIAN_POINT('',(1.636719653,43.933810527,-3.407207682));
#352=DIRECTION('',(0.982030044,0.18872465,0.));
#353=VECTOR('',#352,1.018298785);
#354=LINE('',#351,#353);
#355=EDGE_CURVE('',#342,#350,#354,.T.);
#356=ORIENTED_EDGE('',*,*,#355,.T.);
#357=CARTESIAN_POINT('',(2.636719653,1.7,-3.407207682));
#358=VERTEX_POINT('',#357);
#359=CARTESIAN_POINT('',(2.636719653,44.125988609,-3.407207682));
#360=DIRECTION('',(0.,-1.,0.));
#361=VECTOR('',#360,42.425988609);
#362=LINE('',#359,#361);
#363=EDGE_CURVE('',#350,#358,#362,.T.);
#364=ORIENTED_EDGE('',*,*,#363,.T.);
#365=CARTESIAN_POINT('',(3.636719653,0.7,-3.407207682));
#366=VERTEX_POINT('',#365);
#367=CARTESIAN_POINT('',(3.636719653,1.7,-3.407207682));
#368=DIRECTION('',(0.,0.,1.));
#369=DIRECTION('',(1.,0.,-0.));
#370=AXIS2_PLACEMENT_3D('',#367,#368,#369);
#371=CIRCLE('',#370,1.);
#372=EDGE_CURVE('',#358,#366,#371,.T.);
#373=ORIENTED_EDGE('',*,*,#372,.T.);
#374=CARTESIAN_POINT('',(4.636719653,1.7,-3.407207682));
#375=VERTEX_POINT('',#374);
#376=CARTESIAN_POINT('',(3.636719653,1.7,-3.407207682));
#377=DIRECTION('',(0.,0.,1.));
#378=DIRECTION('',(1.,0.,-0.));
#379=AXIS2_PLACEMENT_3D('',#376,#377,#378);
#380=CIRCLE('',#379,1.);
#381=EDGE_CURVE('',#366,#375,#380,.T.);
#382=ORIENTED_EDGE('',*,*,#381,.T.);
#383=CARTESIAN_POINT('',(4.636719653,44.510344773,-3.407207682));
#384=VERTEX_POINT('',#383);
#385=CARTESIAN_POINT('',(4.636719653,44.510344773,-3.407207682));
#386=DIRECTION('',(0.,-1.,0.));
#387=VECTOR('',#386,42.810344773);
#388=LINE('',#385,#387);
#389=EDGE_CURVE('',#384,#375,#388,.T.);
#390=ORIENTED_EDGE('',*,*,#389,.F.);
#391=CARTESIAN_POINT('',(5.636719653,44.702522855,-3.407207682));
#392=VERTEX_POINT('',#391);
#393=CARTESIAN_POINT('',(4.636719653,44.510344773,-3.407207682));
#394=DIRECTION('',(0.982030044,0.18872465,0.));
#395=VECTOR('',#394,1.018298785);
#396=LINE('',#393,#395);
#397=EDGE_CURVE('',#384,#392,#396,.T.);
#398=ORIENTED_EDGE('',*,*,#397,.T.);
#399=CARTESIAN_POINT('',(5.636719653,1.7,-3.407207682));
#400=VERTEX_POINT('',#399);
#401=CARTESIAN_POINT('',(5.636719653,1.7,-3.407207682));
#402=DIRECTION('',(0.,1.,0.));
#403=VECTOR('',#402,43.002522855);
#404=LINE('',#401,#403);
#405=EDGE_CURVE('',#400,#392,#404,.T.);
#406=ORIENTED_EDGE('',*,*,#405,.F.);
#407=CARTESIAN_POINT('',(6.636719653,0.7,-3.407207682));
#408=VERTEX_POINT('',#407);
#409=CARTESIAN_POINT('',(6.636719653,1.7,-3.407207682));
#410=DIRECTION('',(0.,0.,1.));
#411=DIRECTION('',(1.,0.,-0.));
#412=AXIS2_PLACEMENT_3D('',#409,#410,#411);
#413=CIRCLE('',#412,1.);
#414=EDGE_CURVE('',#400,#408,#413,.T.);
#415=ORIENTED_EDGE('',*,*,#414,.T.);
#416=CARTESIAN_POINT('',(7.636719653,1.7,-3.407207682));
#417=VERTEX_POINT('',#416);
#418=CARTESIAN_POINT('',(6.636719653,1.7,-3.407207682));
#419=DIRECTION('',(0.,0.,1.));
#420=DIRECTION('',(1.,0.,-0.));
#421=AXIS2_PLACEMENT_3D('',#418,#419,#420);
#422=CIRCLE('',#421,1.);
#423=EDGE_CURVE('',#408,#417,#422,.T.);
#424=ORIENTED_EDGE('',*,*,#423,.T.);
#425=CARTESIAN_POINT('',(7.636719653,45.086879019,-3.407207682));
#426=VERTEX_POINT('',#425);
#427=CARTESIAN_POINT('',(7.636719653,1.7,-3.407207682));
#428=DIRECTION('',(0.,1.,0.));
#429=VECTOR('',#428,43.386879019);
#430=LINE('',#427,#429);
#431=EDGE_CURVE('',#417,#426,#430,.T.);
#432=ORIENTED_EDGE('',*,*,#431,.T.);
#433=CARTESIAN_POINT('',(46.134811852,52.48536854,-3.407207682));
#434=VERTEX_POINT('',#433);
#435=CARTESIAN_POINT('',(7.636719653,45.086879019,-3.407207682));
#436=DIRECTION('',(0.982030044,0.18872465,0.));
#437=VECTOR('',#436,39.202560506);
#438=LINE('',#435,#437);
#439=EDGE_CURVE('',#426,#434,#438,.T.);
#440=ORIENTED_EDGE('',*,*,#439,.T.);
#441=CARTESIAN_POINT('',(65.12121244,54.146562215,-3.407207682));
#442=VERTEX_POINT('',#441);
#443=CARTESIAN_POINT('',(46.134811852,52.48536854,-3.407207682));
#444=DIRECTION('',(0.996194248,0.087160891,0.));
#445=VECTOR('',#444,19.058934171);
#446=LINE('',#443,#445);
#447=EDGE_CURVE('',#434,#442,#446,.T.);
#448=ORIENTED_EDGE('',*,*,#447,.T.);
#449=CARTESIAN_POINT('',(84.17551244,54.552362215,-3.407207682));
#450=VERTEX_POINT('',#449);
#451=CARTESIAN_POINT('',(65.12121244,54.146562215,-3.407207682));
#452=DIRECTION('',(0.999773295,0.021292202,0.));
#453=VECTOR('',#452,19.058620678);
#454=LINE('',#451,#453);
#455=EDGE_CURVE('',#442,#450,#454,.T.);
#456=ORIENTED_EDGE('',*,*,#455,.T.);
#457=CARTESIAN_POINT('',(103.27991244,54.949362215,-3.407207682));
#458=VERTEX_POINT('',#457);
#459=CARTESIAN_POINT('',(84.17551244,54.552362215,-3.407207682));
#460=DIRECTION('',(0.999784154,0.020776068,0.));
#461=VECTOR('',#460,19.108524495);
#462=LINE('',#459,#461);
#463=EDGE_CURVE('',#450,#458,#462,.T.);
#464=ORIENTED_EDGE('',*,*,#463,.T.);
#465=CARTESIAN_POINT('',(122.52271244,54.083962215,-3.407207682));
#466=VERTEX_POINT('',#465);
#467=CARTESIAN_POINT('',(103.27991244,54.949362215,-3.407207682));
#468=DIRECTION('',(0.998990261,-0.044927254,0.));
#469=VECTOR('',#468,19.262249843);
#470=LINE('',#467,#469);
#471=EDGE_CURVE('',#458,#466,#470,.T.);
#472=ORIENTED_EDGE('',*,*,#471,.T.);
#473=CARTESIAN_POINT('',(129.14281244,-21.879637785,-3.407207682));
#474=VERTEX_POINT('',#473);
#475=CARTESIAN_POINT('',(122.52271244,54.083962215,-3.407207682));
#476=DIRECTION('',(0.086819253,-0.99622408,0.));
#477=VECTOR('',#476,76.25151965);
#478=LINE('',#475,#477);
#479=EDGE_CURVE('',#466,#474,#478,.T.);
#480=ORIENTED_EDGE('',*,*,#479,.T.);
#481=CARTESIAN_POINT('',(90.29771244,-44.221637785,-3.407207682));
#482=VERTEX_POINT('',#481);
#483=CARTESIAN_POINT('',(129.14281244,-21.879637785,-3.407207682));
#484=DIRECTION('',(-0.866847787,-0.498572877,0.));
#485=VECTOR('',#484,44.8119042);
#486=LINE('',#483,#485);
#487=EDGE_CURVE('',#474,#482,#486,.T.);
#488=ORIENTED_EDGE('',*,*,#487,.T.);
#489=CARTESIAN_POINT('',(52.14811244,-47.605237785,-3.407207682));
#490=VERTEX_POINT('',#489);
#491=CARTESIAN_POINT('',(90.29771244,-44.221637785,-3.407207682));
#492=DIRECTION('',(-0.996089836,-0.088346131,0.));
#493=VECTOR('',#492,38.299356772);
#494=LINE('',#491,#493);
#495=EDGE_CURVE('',#482,#490,#494,.T.);
#496=ORIENTED_EDGE('',*,*,#495,.T.);
#497=CARTESIAN_POINT('',(33.35931244,-52.648837785,-3.407207682));
#498=VERTEX_POINT('',#497);
#499=CARTESIAN_POINT('',(52.14811244,-47.605237785,-3.407207682));
#500=DIRECTION('',(-0.965808061,-0.259258151,0.));
#501=VECTOR('',#500,19.453968911);
#502=LINE('',#499,#501);
#503=EDGE_CURVE('',#490,#498,#502,.T.);
#504=ORIENTED_EDGE('',*,*,#503,.T.);
#505=CARTESIAN_POINT('',(30.30201244,-53.237337785,-3.407207682));
#506=VERTEX_POINT('',#505);
#507=CARTESIAN_POINT('',(33.35931244,-52.648837785,-3.407207682));
#508=DIRECTION('',(-0.981973213,-0.189020128,0.));
#509=VECTOR('',#508,3.11342505);
#510=LINE('',#507,#509);
#511=EDGE_CURVE('',#498,#506,#510,.T.);
#512=ORIENTED_EDGE('',*,*,#511,.T.);
#513=CARTESIAN_POINT('',(1.63381244,-55.749837785,-3.407207682));
#514=VERTEX_POINT('',#513);
#515=CARTESIAN_POINT('',(30.30201244,-53.237337785,-3.407207682));
#516=DIRECTION('',(-0.99618154,-0.087306009,0.));
#517=VECTOR('',#516,28.778087975);
#518=LINE('',#515,#517);
#519=EDGE_CURVE('',#506,#514,#518,.T.);
#520=ORIENTED_EDGE('',*,*,#519,.T.);
#521=CARTESIAN_POINT('',(-1.72748756,-55.725437785,-3.407207682));
#522=VERTEX_POINT('',#521);
#523=CARTESIAN_POINT('',(-1.72748756,-55.725437785,-3.407207682));
#524=DIRECTION('',(0.999973654,-0.007258905,0.));
#525=VECTOR('',#524,3.36138856);
#526=LINE('',#523,#525);
#527=EDGE_CURVE('',#522,#514,#526,.T.);
#528=ORIENTED_EDGE('',*,*,#527,.F.);
#529=CARTESIAN_POINT('',(-30.39578756,-53.212937785,-3.407207682));
#530=VERTEX_POINT('',#529);
#531=CARTESIAN_POINT('',(-1.72748756,-55.725437785,-3.407207682));
#532=DIRECTION('',(-0.996181567,0.087305707,0.));
#533=VECTOR('',#532,28.778187593);
#534=LINE('',#531,#533);
#535=EDGE_CURVE('',#522,#530,#534,.T.);
#536=ORIENTED_EDGE('',*,*,#535,.T.);
#537=CARTESIAN_POINT('',(-33.45078756,-52.512737785,-3.407207682));
#538=VERTEX_POINT('',#537);
#539=CARTESIAN_POINT('',(-33.45078756,-52.512737785,-3.407207682));
#540=DIRECTION('',(0.974725661,-0.223405207,0.));
#541=VECTOR('',#540,3.134215219);
#542=LINE('',#539,#541);
#543=EDGE_CURVE('',#538,#530,#542,.T.);
#544=ORIENTED_EDGE('',*,*,#543,.F.);
#545=CARTESIAN_POINT('',(-52.23968756,-47.469237785,-3.407207682));
#546=VERTEX_POINT('',#545);
#547=CARTESIAN_POINT('',(-33.45078756,-52.512737785,-3.407207682));
#548=DIRECTION('',(-0.965809694,0.259252069,0.));
#549=VECTOR('',#548,19.454039567);
#550=LINE('',#547,#549);
#551=EDGE_CURVE('',#538,#546,#550,.T.);
#552=ORIENTED_EDGE('',*,*,#551,.T.);
#553=CARTESIAN_POINT('',(-90.43928756,-44.094437785,-3.407207682));
#554=VERTEX_POINT('',#553);
#555=CARTESIAN_POINT('',(-52.23968756,-47.469237785,-3.407207682));
#556=DIRECTION('',(-0.996120147,0.088003704,0.));
#557=VECTOR('',#556,38.348386083);
#558=LINE('',#555,#557);
#559=EDGE_CURVE('',#546,#554,#558,.T.);
#560=ORIENTED_EDGE('',*,*,#559,.T.);
#561=CARTESIAN_POINT('',(-128.87908756,-21.581737785,-3.407207682));
#562=VERTEX_POINT('',#561);
#563=CARTESIAN_POINT('',(-90.43928756,-44.094437785,-3.407207682));
#564=DIRECTION('',(-0.862903331,0.505369014,0.));
#565=VECTOR('',#564,44.547052488);
#566=LINE('',#563,#565);
#567=EDGE_CURVE('',#554,#562,#566,.T.);
#568=ORIENTED_EDGE('',*,*,#567,.T.);
#569=CARTESIAN_POINT('',(-122.25028756,54.331862215,-3.407207682));
#570=VERTEX_POINT('',#569);
#571=CARTESIAN_POINT('',(-128.87908756,-21.581737785,-3.407207682));
#572=DIRECTION('',(0.086989312,0.996209245,0.));
#573=VECTOR('',#572,76.202464884);
#574=LINE('',#571,#573);
#575=EDGE_CURVE('',#562,#570,#574,.T.);
#576=ORIENTED_EDGE('',*,*,#575,.T.);
#577=CARTESIAN_POINT('',(-103.00738756,55.197262215,-3.407207682));
#578=VERTEX_POINT('',#577);
#579=CARTESIAN_POINT('',(-122.25028756,54.331862215,-3.407207682));
#580=DIRECTION('',(0.998990272,0.044927021,0.));
#581=VECTOR('',#580,19.262349742);
#582=LINE('',#579,#581);
#583=EDGE_CURVE('',#570,#578,#582,.T.);
#584=ORIENTED_EDGE('',*,*,#583,.T.);
#585=CARTESIAN_POINT('',(-83.95298756,54.791462215,-3.407207682));
#586=VERTEX_POINT('',#585);
#587=CARTESIAN_POINT('',(-103.00738756,55.197262215,-3.407207682));
#588=DIRECTION('',(0.999773298,-0.02129209,0.));
#589=VECTOR('',#588,19.058720655);
#590=LINE('',#587,#589);
#591=EDGE_CURVE('',#578,#586,#590,.T.);
#592=ORIENTED_EDGE('',*,*,#591,.T.);
#593=CARTESIAN_POINT('',(-64.84868756,54.394462215,-3.407207682));
#594=VERTEX_POINT('',#593);
#595=CARTESIAN_POINT('',(-83.95298756,54.791462215,-3.407207682));
#596=DIRECTION('',(0.999784152,-0.020776176,0.));
#597=VECTOR('',#596,19.108424516);
#598=LINE('',#595,#597);
#599=EDGE_CURVE('',#586,#594,#598,.T.);
#600=ORIENTED_EDGE('',*,*,#599,.T.);
#601=CARTESIAN_POINT('',(-45.88278756,52.735062215,-3.407207682));
#602=VERTEX_POINT('',#601);
#603=CARTESIAN_POINT('',(-64.84868756,54.394462215,-3.407207682));
#604=DIRECTION('',(0.996194248,-0.087160891,0.));
#605=VECTOR('',#604,19.038355264);
#606=LINE('',#603,#605);
#607=EDGE_CURVE('',#594,#602,#606,.T.);
#608=ORIENTED_EDGE('',*,*,#607,.T.);
#609=CARTESIAN_POINT('',(-45.88278756,52.735062215,-3.407207682));
#610=DIRECTION('',(0.981029624,-0.193857876,0.));
#611=VECTOR('',#610,38.243996766);
#612=LINE('',#609,#611);
#613=EDGE_CURVE('',#602,#59,#612,.T.);
#614=ORIENTED_EDGE('',*,*,#613,.T.);
#615=ORIENTED_EDGE('',*,*,#64,.T.);
#616=CARTESIAN_POINT('',(-7.36328468,1.7,-3.407207682));
#617=DIRECTION('',(0.,1.,0.));
#618=VECTOR('',#617,43.425700089);
#619=LINE('',#616,#618);
#620=EDGE_CURVE('',#248,#51,#619,.T.);
#621=ORIENTED_EDGE('',*,*,#620,.F.);
#622=EDGE_LOOP('',(#257,#266,#272,#273,#281,#290,#299,#305,#306,#314,#323,#331,#340,#348,#356,#364,#373,#382,#390,#398,#406,#415,#424,#432,#440,#448,
#456,#464,#472,#480,#488,#496,#504,#512,#520,#528,#536,#544,#552,#560,#568,#576,#584,#592,#600,#608,#614,#615,#621));
#623=FACE_BOUND('',#622,.T.);
#624=ADVANCED_FACE('',(#169,#180,#191,#202,#213,#224,#235,#246,#623),#158,.F.);
#625=CARTESIAN_POINT('',(-105.98578756,-25.974837785,-1.407207682));
#626=DIRECTION('',(0.,0.,-1.));
#627=DIRECTION('',(-1.,0.,0.));
#628=AXIS2_PLACEMENT_3D('',#625,#626,#627);
#629=CYLINDRICAL_SURFACE('',#628,1.75);
#630=CARTESIAN_POINT('',(-107.73578756,-25.974837785,-1.907207682));
#631=VERTEX_POINT('',#630);
#632=CARTESIAN_POINT('',(-107.73578756,-25.974837785,-1.407207682));
#633=VERTEX_POINT('',#632);
#634=CARTESIAN_POINT('',(-107.73578756,-25.974837785,-1.907207682));
#635=DIRECTION('',(-0.,-0.,1.));
#636=VECTOR('',#635,0.5);
#637=LINE('',#634,#636);
#638=EDGE_CURVE('',#631,#633,#637,.T.);
#639=ORIENTED_EDGE('',*,*,#638,.F.);
#640=CARTESIAN_POINT('',(-104.23578756,-25.974837785,-1.907207682));
#641=VERTEX_POINT('',#640);
#642=CARTESIAN_POINT('',(-105.98578756,-25.974837785,-1.907207682));
#643=DIRECTION('',(0.,0.,1.));
#644=DIRECTION('',(1.,0.,-0.));
#645=AXIS2_PLACEMENT_3D('',#642,#643,#644);
#646=CIRCLE('',#645,1.75);
#647=EDGE_CURVE('',#641,#631,#646,.T.);
#648=ORIENTED_EDGE('',*,*,#647,.F.);
#649=CARTESIAN_POINT('',(-105.98578756,-25.974837785,-1.907207682));
#650=DIRECTION('',(0.,0.,1.));
#651=DIRECTION('',(1.,0.,-0.));
#652=AXIS2_PLACEMENT_3D('',#649,#650,#651);
#653=CIRCLE('',#652,1.75);
#654=EDGE_CURVE('',#631,#641,#653,.T.);
#655=ORIENTED_EDGE('',*,*,#654,.F.);
#656=ORIENTED_EDGE('',*,*,#638,.T.);
#657=CARTESIAN_POINT('',(-104.23578756,-25.974837785,-1.407207682));
#658=VERTEX_POINT('',#657);
#659=CARTESIAN_POINT('',(-105.98578756,-25.974837785,-1.407207682));
#660=DIRECTION('',(0.,0.,1.));
#661=DIRECTION('',(1.,0.,-0.));
#662=AXIS2_PLACEMENT_3D('',#659,#660,#661);
#663=CIRCLE('',#662,1.75);
#664=EDGE_CURVE('',#633,#658,#663,.T.);
#665=ORIENTED_EDGE('',*,*,#664,.T.);
#666=CARTESIAN_POINT('',(-105.98578756,-25.974837785,-1.407207682));
#667=DIRECTION('',(0.,0.,1.));
#668=DIRECTION('',(1.,0.,-0.));
#669=AXIS2_PLACEMENT_3D('',#666,#667,#668);
#670=CIRCLE('',#669,1.75);
#671=EDGE_CURVE('',#658,#633,#670,.T.);
#672=ORIENTED_EDGE('',*,*,#671,.T.);
#673=EDGE_LOOP('',(#639,#648,#655,#656,#665,#672));
#674=FACE_BOUND('',#673,.T.);
#675=ADVANCED_FACE('',(#674),#629,.F.);
#676=CARTESIAN_POINT('',(-105.98578756,-25.974837785,-1.407207682));
#677=DIRECTION('',(0.,0.,-1.));
#678=DIRECTION('',(-1.,0.,0.));
#679=AXIS2_PLACEMENT_3D('',#676,#677,#678);
#680=CYLINDRICAL_SURFACE('',#679,4.5);
#681=CARTESIAN_POINT('',(-110.48578756,-25.974837785,-1.907207682));
#682=VERTEX_POINT('',#681);
#683=CARTESIAN_POINT('',(-110.48578756,-25.974837785,-1.407207682));
#684=VERTEX_POINT('',#683);
#685=CARTESIAN_POINT('',(-110.48578756,-25.974837785,-1.907207682));
#686=DIRECTION('',(-0.,-0.,1.));
#687=VECTOR('',#686,0.5);
#688=LINE('',#685,#687);
#689=EDGE_CURVE('',#682,#684,#688,.T.);
#690=ORIENTED_EDGE('',*,*,#689,.T.);
#691=CARTESIAN_POINT('',(-101.576468419,-25.076002585,-1.407207682));
#692=VERTEX_POINT('',#691);
#693=CARTESIAN_POINT('',(-105.98578756,-25.974837785,-1.407207682));
#694=DIRECTION('',(0.,-0.,1.));
#695=DIRECTION('',(0.979848698,0.199741155,0.));
#696=AXIS2_PLACEMENT_3D('',#693,#694,#695);
#697=CIRCLE('',#696,4.5);
#698=EDGE_CURVE('',#692,#684,#697,.T.);
#699=ORIENTED_EDGE('',*,*,#698,.F.);
#700=CARTESIAN_POINT('',(-105.98578756,-25.974837785,-1.407207682));
#701=DIRECTION('',(0.,-0.,1.));
#702=DIRECTION('',(0.979848698,0.199741155,0.));
#703=AXIS2_PLACEMENT_3D('',#700,#701,#702);
#704=CIRCLE('',#703,4.5);
#705=EDGE_CURVE('',#684,#692,#704,.T.);
#706=ORIENTED_EDGE('',*,*,#705,.F.);
#707=ORIENTED_EDGE('',*,*,#689,.F.);
#708=CARTESIAN_POINT('',(-101.48578756,-25.974837785,-1.907207682));
#709=VERTEX_POINT('',#708);
#710=CARTESIAN_POINT('',(-105.98578756,-25.974837785,-1.907207682));
#711=DIRECTION('',(0.,0.,1.));
#712=DIRECTION('',(1.,0.,-0.));
#713=AXIS2_PLACEMENT_3D('',#710,#711,#712);
#714=CIRCLE('',#713,4.5);
#715=EDGE_CURVE('',#682,#709,#714,.T.);
#716=ORIENTED_EDGE('',*,*,#715,.T.);
#717=CARTESIAN_POINT('',(-105.98578756,-25.974837785,-1.907207682));
#718=DIRECTION('',(0.,0.,1.));
#719=DIRECTION('',(1.,0.,-0.));
#720=AXIS2_PLACEMENT_3D('',#717,#718,#719);
#721=CIRCLE('',#720,4.5);
#722=EDGE_CURVE('',#709,#682,#721,.T.);
#723=ORIENTED_EDGE('',*,*,#722,.T.);
#724=EDGE_LOOP('',(#690,#699,#706,#707,#716,#723));
#725=FACE_BOUND('',#724,.T.);
#726=ADVANCED_FACE('',(#725),#680,.T.);
#727=CARTESIAN_POINT('',(0.13186244,-0.276287785,-1.407207682));
#728=DIRECTION('',(0.,0.,1.));
#729=DIRECTION('',(1.,0.,0.));
#730=AXIS2_PLACEMENT_3D('',#727,#728,#729);
#731=PLANE('',#730);
#732=ORIENTED_EDGE('',*,*,#664,.F.);
#733=ORIENTED_EDGE('',*,*,#671,.F.);
#734=EDGE_LOOP('',(#732,#733));
#735=FACE_BOUND('',#734,.T.);
#736=ORIENTED_EDGE('',*,*,#698,.T.);
#737=ORIENTED_EDGE('',*,*,#705,.T.);
#738=EDGE_LOOP('',(#736,#737));
#739=FACE_BOUND('',#738,.T.);
#740=ADVANCED_FACE('',(#735,#739),#731,.T.);
#741=CARTESIAN_POINT('',(0.,0.,-1.907207682));
#742=DIRECTION('',(0.,0.,1.));
#743=DIRECTION('',(1.,0.,0.));
#744=AXIS2_PLACEMENT_3D('',#741,#742,#743);
#745=PLANE('',#744);
#746=CARTESIAN_POINT('',(-104.88578756,-25.974837785,-1.907207682));
#747=VERTEX_POINT('',#746);
#748=CARTESIAN_POINT('',(-105.98578756,-25.974837785,-1.907207682));
#749=DIRECTION('',(0.,0.,-1.));
#750=DIRECTION('',(1.,0.,0.));
#751=AXIS2_PLACEMENT_3D('',#748,#749,#750);
#752=CIRCLE('',#751,1.1);
#753=EDGE_CURVE('',#747,#747,#752,.T.);
#754=ORIENTED_EDGE('',*,*,#753,.T.);
#755=EDGE_LOOP('',(#754));
#756=FACE_BOUND('',#755,.T.);
#757=ORIENTED_EDGE('',*,*,#647,.T.);
#758=ORIENTED_EDGE('',*,*,#654,.T.);
#759=EDGE_LOOP('',(#757,#758));
#760=FACE_BOUND('',#759,.T.);
#761=ADVANCED_FACE('',(#756,#760),#745,.T.);
#762=CARTESIAN_POINT('',(-104.78578756,34.925162215,-1.407207682));
#763=DIRECTION('',(0.,0.,-1.));
#764=DIRECTION('',(-1.,0.,0.));
#765=AXIS2_PLACEMENT_3D('',#762,#763,#764);
#766=CYLINDRICAL_SURFACE('',#765,1.75);
#767=CARTESIAN_POINT('',(-106.53578756,34.925162215,-1.907207682));
#768=VERTEX_POINT('',#767);
#769=CARTESIAN_POINT('',(-106.53578756,34.925162215,-1.407207682));
#770=VERTEX_POINT('',#769);
#771=CARTESIAN_POINT('',(-106.53578756,34.925162215,-1.907207682));
#772=DIRECTION('',(-0.,-0.,1.));
#773=VECTOR('',#772,0.5);
#774=LINE('',#771,#773);
#775=EDGE_CURVE('',#768,#770,#774,.T.);
#776=ORIENTED_EDGE('',*,*,#775,.F.);
#777=CARTESIAN_POINT('',(-103.03578756,34.925162215,-1.907207682));
#778=VERTEX_POINT('',#777);
#779=CARTESIAN_POINT('',(-104.78578756,34.925162215,-1.907207682));
#780=DIRECTION('',(0.,0.,1.));
#781=DIRECTION('',(1.,0.,-0.));
#782=AXIS2_PLACEMENT_3D('',#779,#780,#781);
#783=CIRCLE('',#782,1.75);
#784=EDGE_CURVE('',#778,#768,#783,.T.);
#785=ORIENTED_EDGE('',*,*,#784,.F.);
#786=CARTESIAN_POINT('',(-104.78578756,34.925162215,-1.907207682));
#787=DIRECTION('',(0.,0.,1.));
#788=DIRECTION('',(1.,0.,-0.));
#789=AXIS2_PLACEMENT_3D('',#786,#787,#788);
#790=CIRCLE('',#789,1.75);
#791=EDGE_CURVE('',#768,#778,#790,.T.);
#792=ORIENTED_EDGE('',*,*,#791,.F.);
#793=ORIENTED_EDGE('',*,*,#775,.T.);
#794=CARTESIAN_POINT('',(-103.03578756,34.925162215,-1.407207682));
#795=VERTEX_POINT('',#794);
#796=CARTESIAN_POINT('',(-104.78578756,34.925162215,-1.407207682));
#797=DIRECTION('',(0.,0.,1.));
#798=DIRECTION('',(1.,0.,-0.));
#799=AXIS2_PLACEMENT_3D('',#796,#797,#798);
#800=CIRCLE('',#799,1.75);
#801=EDGE_CURVE('',#770,#795,#800,.T.);
#802=ORIENTED_EDGE('',*,*,#801,.T.);
#803=CARTESIAN_POINT('',(-104.78578756,34.925162215,-1.407207682));
#804=DIRECTION('',(0.,0.,1.));
#805=DIRECTION('',(1.,0.,-0.));
#806=AXIS2_PLACEMENT_3D('',#803,#804,#805);
#807=CIRCLE('',#806,1.75);
#808=EDGE_CURVE('',#795,#770,#807,.T.);
#809=ORIENTED_EDGE('',*,*,#808,.T.);
#810=EDGE_LOOP('',(#776,#785,#792,#793,#802,#809));
#811=FACE_BOUND('',#810,.T.);
#812=ADVANCED_FACE('',(#811),#766,.F.);
#813=CARTESIAN_POINT('',(-104.78578756,34.925162215,-1.407207682));
#814=DIRECTION('',(0.,0.,-1.));
#815=DIRECTION('',(-1.,0.,0.));
#816=AXIS2_PLACEMENT_3D('',#813,#814,#815);
#817=CYLINDRICAL_SURFACE('',#816,4.5);
#818=CARTESIAN_POINT('',(-109.28578756,34.925162215,-1.907207682));
#819=VERTEX_POINT('',#818);
#820=CARTESIAN_POINT('',(-109.28578756,34.925162215,-1.407207682));
#821=VERTEX_POINT('',#820);
#822=CARTESIAN_POINT('',(-109.28578756,34.925162215,-1.907207682));
#823=DIRECTION('',(-0.,-0.,1.));
#824=VECTOR('',#823,0.5);
#825=LINE('',#822,#824);
#826=EDGE_CURVE('',#819,#821,#825,.T.);
#827=ORIENTED_EDGE('',*,*,#826,.T.);
#828=CARTESIAN_POINT('',(-100.28578756,34.925162215,-1.407207682));
#829=VERTEX_POINT('',#828);
#830=CARTESIAN_POINT('',(-104.78578756,34.925162215,-1.407207682));
#831=DIRECTION('',(0.,0.,1.));
#832=DIRECTION('',(1.,0.,-0.));
#833=AXIS2_PLACEMENT_3D('',#830,#831,#832);
#834=CIRCLE('',#833,4.5);
#835=EDGE_CURVE('',#829,#821,#834,.T.);
#836=ORIENTED_EDGE('',*,*,#835,.F.);
#837=CARTESIAN_POINT('',(-104.78578756,34.925162215,-1.407207682));
#838=DIRECTION('',(0.,0.,1.));
#839=DIRECTION('',(1.,0.,-0.));
#840=AXIS2_PLACEMENT_3D('',#837,#838,#839);
#841=CIRCLE('',#840,4.5);
#842=EDGE_CURVE('',#821,#829,#841,.T.);
#843=ORIENTED_EDGE('',*,*,#842,.F.);
#844=ORIENTED_EDGE('',*,*,#826,.F.);
#845=CARTESIAN_POINT('',(-100.28578756,34.925162215,-1.907207682));
#846=VERTEX_POINT('',#845);
#847=CARTESIAN_POINT('',(-104.78578756,34.925162215,-1.907207682));
#848=DIRECTION('',(0.,0.,1.));
#849=DIRECTION('',(1.,0.,-0.));
#850=AXIS2_PLACEMENT_3D('',#847,#848,#849);
#851=CIRCLE('',#850,4.5);
#852=EDGE_CURVE('',#819,#846,#851,.T.);
#853=ORIENTED_EDGE('',*,*,#852,.T.);
#854=CARTESIAN_POINT('',(-104.78578756,34.925162215,-1.907207682));
#855=DIRECTION('',(0.,0.,1.));
#856=DIRECTION('',(1.,0.,-0.));
#857=AXIS2_PLACEMENT_3D('',#854,#855,#856);
#858=CIRCLE('',#857,4.5);
#859=EDGE_CURVE('',#846,#819,#858,.T.);
#860=ORIENTED_EDGE('',*,*,#859,.T.);
#861=EDGE_LOOP('',(#827,#836,#843,#844,#853,#860));
#862=FACE_BOUND('',#861,.T.);
#863=ADVANCED_FACE('',(#862),#817,.T.);
#864=CARTESIAN_POINT('',(0.13186244,-0.276287785,-1.407207682));
#865=DIRECTION('',(0.,0.,1.));
#866=DIRECTION('',(1.,0.,0.));
#867=AXIS2_PLACEMENT_3D('',#864,#865,#866);
#868=PLANE('',#867);
#869=ORIENTED_EDGE('',*,*,#801,.F.);
#870=ORIENTED_EDGE('',*,*,#808,.F.);
#871=EDGE_LOOP('',(#869,#870));
#872=FACE_BOUND('',#871,.T.);
#873=ORIENTED_EDGE('',*,*,#835,.T.);
#874=ORIENTED_EDGE('',*,*,#842,.T.);
#875=EDGE_LOOP('',(#873,#874));
#876=FACE_BOUND('',#875,.T.);
#877=ADVANCED_FACE('',(#872,#876),#868,.T.);
#878=CARTESIAN_POINT('',(0.,0.,-1.907207682));
#879=DIRECTION('',(0.,0.,1.));
#880=DIRECTION('',(1.,0.,0.));
#881=AXIS2_PLACEMENT_3D('',#878,#879,#880);
#882=PLANE('',#881);
#883=CARTESIAN_POINT('',(-103.68578756,34.925162215,-1.907207682));
#884=VERTEX_POINT('',#883);
#885=CARTESIAN_POINT('',(-104.78578756,34.925162215,-1.907207682));
#886=DIRECTION('',(0.,0.,-1.));
#887=DIRECTION('',(1.,0.,0.));
#888=AXIS2_PLACEMENT_3D('',#885,#886,#887);
#889=CIRCLE('',#888,1.1);
#890=EDGE_CURVE('',#884,#884,#889,.T.);
#891=ORIENTED_EDGE('',*,*,#890,.T.);
#892=EDGE_LOOP('',(#891));
#893=FACE_BOUND('',#892,.T.);
#894=ORIENTED_EDGE('',*,*,#784,.T.);
#895=ORIENTED_EDGE('',*,*,#791,.T.);
#896=EDGE_LOOP('',(#894,#895));
#897=FACE_BOUND('',#896,.T.);
#898=ADVANCED_FACE('',(#893,#897),#882,.T.);
#899=CARTESIAN_POINT('',(105.06421244,34.725162215,-1.407207682));
#900=DIRECTION('',(0.,0.,-1.));
#901=DIRECTION('',(-1.,0.,0.));
#902=AXIS2_PLACEMENT_3D('',#899,#900,#901);
#903=CYLINDRICAL_SURFACE('',#902,1.75);
#904=CARTESIAN_POINT('',(103.31421244,34.725162215,-1.907207682));
#905=VERTEX_POINT('',#904);
#906=CARTESIAN_POINT('',(103.31421244,34.725162215,-1.407207682));
#907=VERTEX_POINT('',#906);
#908=CARTESIAN_POINT('',(103.31421244,34.725162215,-1.907207682));
#909=DIRECTION('',(-0.,-0.,1.));
#910=VECTOR('',#909,0.5);
#911=LINE('',#908,#910);
#912=EDGE_CURVE('',#905,#907,#911,.T.);
#913=ORIENTED_EDGE('',*,*,#912,.F.);
#914=CARTESIAN_POINT('',(106.81421244,34.725162215,-1.907207682));
#915=VERTEX_POINT('',#914);
#916=CARTESIAN_POINT('',(105.06421244,34.725162215,-1.907207682));
#917=DIRECTION('',(0.,0.,1.));
#918=DIRECTION('',(1.,0.,-0.));
#919=AXIS2_PLACEMENT_3D('',#916,#917,#918);
#920=CIRCLE('',#919,1.75);
#921=EDGE_CURVE('',#915,#905,#920,.T.);
#922=ORIENTED_EDGE('',*,*,#921,.F.);
#923=CARTESIAN_POINT('',(105.06421244,34.725162215,-1.907207682));
#924=DIRECTION('',(0.,0.,1.));
#925=DIRECTION('',(1.,0.,-0.));
#926=AXIS2_PLACEMENT_3D('',#923,#924,#925);
#927=CIRCLE('',#926,1.75);
#928=EDGE_CURVE('',#905,#915,#927,.T.);
#929=ORIENTED_EDGE('',*,*,#928,.F.);
#930=ORIENTED_EDGE('',*,*,#912,.T.);
#931=CARTESIAN_POINT('',(106.81421244,34.725162215,-1.407207682));
#932=VERTEX_POINT('',#931);
#933=CARTESIAN_POINT('',(105.06421244,34.725162215,-1.407207682));
#934=DIRECTION('',(0.,0.,1.));
#935=DIRECTION('',(1.,0.,-0.));
#936=AXIS2_PLACEMENT_3D('',#933,#934,#935);
#937=CIRCLE('',#936,1.75);
#938=EDGE_CURVE('',#907,#932,#937,.T.);
#939=ORIENTED_EDGE('',*,*,#938,.T.);
#940=CARTESIAN_POINT('',(105.06421244,34.725162215,-1.407207682));
#941=DIRECTION('',(0.,0.,1.));
#942=DIRECTION('',(1.,0.,-0.));
#943=AXIS2_PLACEMENT_3D('',#940,#941,#942);
#944=CIRCLE('',#943,1.75);
#945=EDGE_CURVE('',#932,#907,#944,.T.);
#946=ORIENTED_EDGE('',*,*,#945,.T.);
#947=EDGE_LOOP('',(#913,#922,#929,#930,#939,#946));
#948=FACE_BOUND('',#947,.T.);
#949=ADVANCED_FACE('',(#948),#903,.F.);
#950=CARTESIAN_POINT('',(105.06421244,34.725162215,-1.407207682));
#951=DIRECTION('',(0.,0.,-1.));
#952=DIRECTION('',(-1.,0.,0.));
#953=AXIS2_PLACEMENT_3D('',#950,#951,#952);
#954=CYLINDRICAL_SURFACE('',#953,4.5);
#955=CARTESIAN_POINT('',(100.56421244,34.725162215,-1.907207682));
#956=VERTEX_POINT('',#955);
#957=CARTESIAN_POINT('',(100.56421244,34.725162215,-1.407207682));
#958=VERTEX_POINT('',#957);
#959=CARTESIAN_POINT('',(100.56421244,34.725162215,-1.907207682));
#960=DIRECTION('',(-0.,-0.,1.));
#961=VECTOR('',#960,0.5);
#962=LINE('',#959,#961);
#963=EDGE_CURVE('',#956,#958,#962,.T.);
#964=ORIENTED_EDGE('',*,*,#963,.T.);
#965=CARTESIAN_POINT('',(109.56421244,34.725162215,-1.407207682));
#966=VERTEX_POINT('',#965);
#967=CARTESIAN_POINT('',(105.06421244,34.725162215,-1.407207682));
#968=DIRECTION('',(0.,0.,1.));
#969=DIRECTION('',(1.,0.,-0.));
#970=AXIS2_PLACEMENT_3D('',#967,#968,#969);
#971=CIRCLE('',#970,4.5);
#972=EDGE_CURVE('',#966,#958,#971,.T.);
#973=ORIENTED_EDGE('',*,*,#972,.F.);
#974=CARTESIAN_POINT('',(105.06421244,34.725162215,-1.407207682));
#975=DIRECTION('',(0.,0.,1.));
#976=DIRECTION('',(1.,0.,-0.));
#977=AXIS2_PLACEMENT_3D('',#974,#975,#976);
#978=CIRCLE('',#977,4.5);
#979=EDGE_CURVE('',#958,#966,#978,.T.);
#980=ORIENTED_EDGE('',*,*,#979,.F.);
#981=ORIENTED_EDGE('',*,*,#963,.F.);
#982=CARTESIAN_POINT('',(109.56421244,34.725162215,-1.907207682));
#983=VERTEX_POINT('',#982);
#984=CARTESIAN_POINT('',(105.06421244,34.725162215,-1.907207682));
#985=DIRECTION('',(0.,0.,1.));
#986=DIRECTION('',(1.,0.,-0.));
#987=AXIS2_PLACEMENT_3D('',#984,#985,#986);
#988=CIRCLE('',#987,4.5);
#989=EDGE_CURVE('',#956,#983,#988,.T.);
#990=ORIENTED_EDGE('',*,*,#989,.T.);
#991=CARTESIAN_POINT('',(105.06421244,34.725162215,-1.907207682));
#992=DIRECTION('',(0.,0.,1.));
#993=DIRECTION('',(1.,0.,-0.));
#994=AXIS2_PLACEMENT_3D('',#991,#992,#993);
#995=CIRCLE('',#994,4.5);
#996=EDGE_CURVE('',#983,#956,#995,.T.);
#997=ORIENTED_EDGE('',*,*,#996,.T.);
#998=EDGE_LOOP('',(#964,#973,#980,#981,#990,#997));
#999=FACE_BOUND('',#998,.T.);
#1000=ADVANCED_FACE('',(#999),#954,.T.);
#1001=CARTESIAN_POINT('',(0.13186244,-0.276287785,-1.407207682));
#1002=DIRECTION('',(0.,0.,1.));
#1003=DIRECTION('',(1.,0.,0.));
#1004=AXIS2_PLACEMENT_3D('',#1001,#1002,#1003);
#1005=PLANE('',#1004);
#1006=ORIENTED_EDGE('',*,*,#938,.F.);
#1007=ORIENTED_EDGE('',*,*,#945,.F.);
#1008=EDGE_LOOP('',(#1006,#1007));
#1009=FACE_BOUND('',#1008,.T.);
#1010=ORIENTED_EDGE('',*,*,#972,.T.);
#1011=ORIENTED_EDGE('',*,*,#979,.T.);
#1012=EDGE_LOOP('',(#1010,#1011));
#1013=FACE_BOUND('',#1012,.T.);
#1014=ADVANCED_FACE('',(#1009,#1013),#1005,.T.);
#1015=CARTESIAN_POINT('',(0.,0.,-1.907207682));
#1016=DIRECTION('',(0.,0.,1.));
#1017=DIRECTION('',(1.,0.,0.));
#1018=AXIS2_PLACEMENT_3D('',#1015,#1016,#1017);
#1019=PLANE('',#1018);
#1020=CARTESIAN_POINT('',(106.16421244,34.725162215,-1.907207682));
#1021=VERTEX_POINT('',#1020);
#1022=CARTESIAN_POINT('',(105.06421244,34.725162215,-1.907207682));
#1023=DIRECTION('',(0.,0.,-1.));
#1024=DIRECTION('',(1.,0.,0.));
#1025=AXIS2_PLACEMENT_3D('',#1022,#1023,#1024);
#1026=CIRCLE('',#1025,1.1);
#1027=EDGE_CURVE('',#1021,#1021,#1026,.T.);
#1028=ORIENTED_EDGE('',*,*,#1027,.T.);
#1029=EDGE_LOOP('',(#1028));
#1030=FACE_BOUND('',#1029,.T.);
#1031=ORIENTED_EDGE('',*,*,#921,.T.);
#1032=ORIENTED_EDGE('',*,*,#928,.T.);
#1033=EDGE_LOOP('',(#1031,#1032));
#1034=FACE_BOUND('',#1033,.T.);
#1035=ADVANCED_FACE('',(#1030,#1034),#1019,.T.);
#1036=CARTESIAN_POINT('',(105.86421244,-26.424837785,-1.407207682));
#1037=DIRECTION('',(0.,0.,-1.));
#1038=DIRECTION('',(-1.,0.,0.));
#1039=AXIS2_PLACEMENT_3D('',#1036,#1037,#1038);
#1040=CYLINDRICAL_SURFACE('',#1039,1.75);
#1041=CARTESIAN_POINT('',(104.11421244,-26.424837785,-1.907207682));
#1042=VERTEX_POINT('',#1041);
#1043=CARTESIAN_POINT('',(104.11421244,-26.424837785,-1.407207682));
#1044=VERTEX_POINT('',#1043);
#1045=CARTESIAN_POINT('',(104.11421244,-26.424837785,-1.907207682));
#1046=DIRECTION('',(-0.,-0.,1.));
#1047=VECTOR('',#1046,0.5);
#1048=LINE('',#1045,#1047);
#1049=EDGE_CURVE('',#1042,#1044,#1048,.T.);
#1050=ORIENTED_EDGE('',*,*,#1049,.F.);
#1051=CARTESIAN_POINT('',(107.575758302,-26.059994308,-1.907207682));
#1052=VERTEX_POINT('',#1051);
#1053=CARTESIAN_POINT('',(105.86421244,-26.424837785,-1.907207682));
#1054=DIRECTION('',(0.,-0.,1.));
#1055=DIRECTION('',(0.978026207,0.208481987,0.));
#1056=AXIS2_PLACEMENT_3D('',#1053,#1054,#1055);
#1057=CIRCLE('',#1056,1.75);
#1058=EDGE_CURVE('',#1052,#1042,#1057,.T.);
#1059=ORIENTED_EDGE('',*,*,#1058,.F.);
#1060=CARTESIAN_POINT('',(105.86421244,-26.424837785,-1.907207682));
#1061=DIRECTION('',(0.,-0.,1.));
#1062=DIRECTION('',(0.978026207,0.208481987,0.));
#1063=AXIS2_PLACEMENT_3D('',#1060,#1061,#1062);
#1064=CIRCLE('',#1063,1.75);
#1065=EDGE_CURVE('',#1042,#1052,#1064,.T.);
#1066=ORIENTED_EDGE('',*,*,#1065,.F.);
#1067=ORIENTED_EDGE('',*,*,#1049,.T.);
#1068=CARTESIAN_POINT('',(107.575758302,-26.059994308,-1.407207682));
#1069=VERTEX_POINT('',#1068);
#1070=CARTESIAN_POINT('',(105.86421244,-26.424837785,-1.407207682));
#1071=DIRECTION('',(0.,-0.,1.));
#1072=DIRECTION('',(0.978026207,0.208481987,0.));
#1073=AXIS2_PLACEMENT_3D('',#1070,#1071,#1072);
#1074=CIRCLE('',#1073,1.75);
#1075=EDGE_CURVE('',#1044,#1069,#1074,.T.);
#1076=ORIENTED_EDGE('',*,*,#1075,.T.);
#1077=CARTESIAN_POINT('',(105.86421244,-26.424837785,-1.407207682));
#1078=DIRECTION('',(0.,-0.,1.));
#1079=DIRECTION('',(0.978026207,0.208481987,0.));
#1080=AXIS2_PLACEMENT_3D('',#1077,#1078,#1079);
#1081=CIRCLE('',#1080,1.75);
#1082=EDGE_CURVE('',#1069,#1044,#1081,.T.);
#1083=ORIENTED_EDGE('',*,*,#1082,.T.);
#1084=EDGE_LOOP('',(#1050,#1059,#1066,#1067,#1076,#1083));
#1085=FACE_BOUND('',#1084,.T.);
#1086=ADVANCED_FACE('',(#1085),#1040,.F.);
#1087=CARTESIAN_POINT('',(105.86421244,-26.424837785,-1.407207682));
#1088=DIRECTION('',(0.,0.,-1.));
#1089=DIRECTION('',(-1.,0.,0.));
#1090=AXIS2_PLACEMENT_3D('',#1087,#1088,#1089);
#1091=CYLINDRICAL_SURFACE('',#1090,4.5);
#1092=CARTESIAN_POINT('',(101.36421244,-26.424837785,-1.907207682));
#1093=VERTEX_POINT('',#1092);
#1094=CARTESIAN_POINT('',(101.36421244,-26.424837785,-1.407207682));
#1095=VERTEX_POINT('',#1094);
#1096=CARTESIAN_POINT('',(101.36421244,-26.424837785,-1.907207682));
#1097=DIRECTION('',(-0.,-0.,1.));
#1098=VECTOR('',#1097,0.5);
#1099=LINE('',#1096,#1098);
#1100=EDGE_CURVE('',#1093,#1095,#1099,.T.);
#1101=ORIENTED_EDGE('',*,*,#1100,.T.);
#1102=CARTESIAN_POINT('',(110.317775887,-25.780033454,-1.407207682));
#1103=VERTEX_POINT('',#1102);
#1104=CARTESIAN_POINT('',(105.86421244,-26.424837785,-1.407207682));
#1105=DIRECTION('',(0.,-0.,1.));
#1106=DIRECTION('',(0.989680766,0.143289851,0.));
#1107=AXIS2_PLACEMENT_3D('',#1104,#1105,#1106);
#1108=CIRCLE('',#1107,4.5);
#1109=EDGE_CURVE('',#1103,#1095,#1108,.T.);
#1110=ORIENTED_EDGE('',*,*,#1109,.F.);
#1111=CARTESIAN_POINT('',(105.86421244,-26.424837785,-1.407207682));
#1112=DIRECTION('',(0.,-0.,1.));
#1113=DIRECTION('',(0.989680766,0.143289851,0.));
#1114=AXIS2_PLACEMENT_3D('',#1111,#1112,#1113);
#1115=CIRCLE('',#1114,4.5);
#1116=EDGE_CURVE('',#1095,#1103,#1115,.T.);
#1117=ORIENTED_EDGE('',*,*,#1116,.F.);
#1118=ORIENTED_EDGE('',*,*,#1100,.F.);
#1119=CARTESIAN_POINT('',(110.36421244,-26.424837785,-1.907207682));
#1120=VERTEX_POINT('',#1119);
#1121=CARTESIAN_POINT('',(105.86421244,-26.424837785,-1.907207682));
#1122=DIRECTION('',(0.,0.,1.));
#1123=DIRECTION('',(1.,0.,-0.));
#1124=AXIS2_PLACEMENT_3D('',#1121,#1122,#1123);
#1125=CIRCLE('',#1124,4.5);
#1126=EDGE_CURVE('',#1093,#1120,#1125,.T.);
#1127=ORIENTED_EDGE('',*,*,#1126,.T.);
#1128=CARTESIAN_POINT('',(105.86421244,-26.424837785,-1.907207682));
#1129=DIRECTION('',(0.,0.,1.));
#1130=DIRECTION('',(1.,0.,-0.));
#1131=AXIS2_PLACEMENT_3D('',#1128,#1129,#1130);
#1132=CIRCLE('',#1131,4.5);
#1133=EDGE_CURVE('',#1120,#1093,#1132,.T.);
#1134=ORIENTED_EDGE('',*,*,#1133,.T.);
#1135=EDGE_LOOP('',(#1101,#1110,#1117,#1118,#1127,#1134));
#1136=FACE_BOUND('',#1135,.T.);
#1137=ADVANCED_FACE('',(#1136),#1091,.T.);
#1138=CARTESIAN_POINT('',(0.13186244,-0.276287785,-1.407207682));
#1139=DIRECTION('',(0.,0.,1.));
#1140=DIRECTION('',(1.,0.,0.));
#1141=AXIS2_PLACEMENT_3D('',#1138,#1139,#1140);
#1142=PLANE('',#1141);
#1143=ORIENTED_EDGE('',*,*,#1075,.F.);
#1144=ORIENTED_EDGE('',*,*,#1082,.F.);
#1145=EDGE_LOOP('',(#1143,#1144));
#1146=FACE_BOUND('',#1145,.T.);
#1147=ORIENTED_EDGE('',*,*,#1109,.T.);
#1148=ORIENTED_EDGE('',*,*,#1116,.T.);
#1149=EDGE_LOOP('',(#1147,#1148));
#1150=FACE_BOUND('',#1149,.T.);
#1151=ADVANCED_FACE('',(#1146,#1150),#1142,.T.);
#1152=CARTESIAN_POINT('',(0.,0.,-1.907207682));
#1153=DIRECTION('',(0.,0.,1.));
#1154=DIRECTION('',(1.,0.,0.));
#1155=AXIS2_PLACEMENT_3D('',#1152,#1153,#1154);
#1156=PLANE('',#1155);
#1157=CARTESIAN_POINT('',(106.96421244,-26.424837785,-1.907207682));
#1158=VERTEX_POINT('',#1157);
#1159=CARTESIAN_POINT('',(105.86421244,-26.424837785,-1.907207682));
#1160=DIRECTION('',(0.,0.,-1.));
#1161=DIRECTION('',(1.,0.,0.));
#1162=AXIS2_PLACEMENT_3D('',#1159,#1160,#1161);
#1163=CIRCLE('',#1162,1.1);
#1164=EDGE_CURVE('',#1158,#1158,#1163,.T.);
#1165=ORIENTED_EDGE('',*,*,#1164,.T.);
#1166=EDGE_LOOP('',(#1165));
#1167=FACE_BOUND('',#1166,.T.);
#1168=ORIENTED_EDGE('',*,*,#1058,.T.);
#1169=ORIENTED_EDGE('',*,*,#1065,.T.);
#1170=EDGE_LOOP('',(#1168,#1169));
#1171=FACE_BOUND('',#1170,.T.);
#1172=ADVANCED_FACE('',(#1167,#1171),#1156,.T.);
#1173=CARTESIAN_POINT('',(28.16421244,-32.124837785,-1.407207682));
#1174=DIRECTION('',(0.,0.,-1.));
#1175=DIRECTION('',(-1.,0.,0.));
#1176=AXIS2_PLACEMENT_3D('',#1173,#1174,#1175);
#1177=CYLINDRICAL_SURFACE('',#1176,1.75);
#1178=CARTESIAN_POINT('',(26.41421244,-32.124837785,-1.907207682));
#1179=VERTEX_POINT('',#1178);
#1180=CARTESIAN_POINT('',(26.41421244,-32.124837785,-1.407207682));
#1181=VERTEX_POINT('',#1180);
#1182=CARTESIAN_POINT('',(26.41421244,-32.124837785,-1.907207682));
#1183=DIRECTION('',(-0.,-0.,1.));
#1184=VECTOR('',#1183,0.5);
#1185=LINE('',#1182,#1184);
#1186=EDGE_CURVE('',#1179,#1181,#1185,.T.);
#1187=ORIENTED_EDGE('',*,*,#1186,.F.);
#1188=CARTESIAN_POINT('',(29.91421244,-32.124837785,-1.907207682));
#1189=VERTEX_POINT('',#1188);
#1190=CARTESIAN_POINT('',(28.16421244,-32.124837785,-1.907207682));
#1191=DIRECTION('',(0.,0.,1.));
#1192=DIRECTION('',(1.,0.,-0.));
#1193=AXIS2_PLACEMENT_3D('',#1190,#1191,#1192);
#1194=CIRCLE('',#1193,1.75);
#1195=EDGE_CURVE('',#1189,#1179,#1194,.T.);
#1196=ORIENTED_EDGE('',*,*,#1195,.F.);
#1197=CARTESIAN_POINT('',(28.16421244,-32.124837785,-1.907207682));
#1198=DIRECTION('',(0.,0.,1.));
#1199=DIRECTION('',(1.,0.,-0.));
#1200=AXIS2_PLACEMENT_3D('',#1197,#1198,#1199);
#1201=CIRCLE('',#1200,1.75);
#1202=EDGE_CURVE('',#1179,#1189,#1201,.T.);
#1203=ORIENTED_EDGE('',*,*,#1202,.F.);
#1204=ORIENTED_EDGE('',*,*,#1186,.T.);
#1205=CARTESIAN_POINT('',(29.91421244,-32.124837785,-1.407207682));
#1206=VERTEX_POINT('',#1205);
#1207=CARTESIAN_POINT('',(28.16421244,-32.124837785,-1.407207682));
#1208=DIRECTION('',(0.,0.,1.));
#1209=DIRECTION('',(1.,0.,-0.));
#1210=AXIS2_PLACEMENT_3D('',#1207,#1208,#1209);
#1211=CIRCLE('',#1210,1.75);
#1212=EDGE_CURVE('',#1181,#1206,#1211,.T.);
#1213=ORIENTED_EDGE('',*,*,#1212,.T.);
#1214=CARTESIAN_POINT('',(28.16421244,-32.124837785,-1.407207682));
#1215=DIRECTION('',(0.,0.,1.));
#1216=DIRECTION('',(1.,0.,-0.));
#1217=AXIS2_PLACEMENT_3D('',#1214,#1215,#1216);
#1218=CIRCLE('',#1217,1.75);
#1219=EDGE_CURVE('',#1206,#1181,#1218,.T.);
#1220=ORIENTED_EDGE('',*,*,#1219,.T.);
#1221=EDGE_LOOP('',(#1187,#1196,#1203,#1204,#1213,#1220));
#1222=FACE_BOUND('',#1221,.T.);
#1223=ADVANCED_FACE('',(#1222),#1177,.F.);
#1224=CARTESIAN_POINT('',(28.16421244,-32.124837785,-1.407207682));
#1225=DIRECTION('',(0.,0.,-1.));
#1226=DIRECTION('',(-1.,0.,0.));
#1227=AXIS2_PLACEMENT_3D('',#1224,#1225,#1226);
#1228=CYLINDRICAL_SURFACE('',#1227,4.5);
#1229=CARTESIAN_POINT('',(23.66421244,-32.124837785,-1.907207682));
#1230=VERTEX_POINT('',#1229);
#1231=CARTESIAN_POINT('',(23.66421244,-32.124837785,-1.407207682));
#1232=VERTEX_POINT('',#1231);
#1233=CARTESIAN_POINT('',(23.66421244,-32.124837785,-1.907207682));
#1234=DIRECTION('',(-0.,-0.,1.));
#1235=VECTOR('',#1234,0.5);
#1236=LINE('',#1233,#1235);
#1237=EDGE_CURVE('',#1230,#1232,#1236,.T.);
#1238=ORIENTED_EDGE('',*,*,#1237,.T.);
#1239=CARTESIAN_POINT('',(32.66421244,-32.124837785,-1.407207682));
#1240=VERTEX_POINT('',#1239);
#1241=CARTESIAN_POINT('',(28.16421244,-32.124837785,-1.407207682));
#1242=DIRECTION('',(0.,0.,1.));
#1243=DIRECTION('',(1.,0.,-0.));
#1244=AXIS2_PLACEMENT_3D('',#1241,#1242,#1243);
#1245=CIRCLE('',#1244,4.5);
#1246=EDGE_CURVE('',#1240,#1232,#1245,.T.);
#1247=ORIENTED_EDGE('',*,*,#1246,.F.);
#1248=CARTESIAN_POINT('',(28.16421244,-32.124837785,-1.407207682));
#1249=DIRECTION('',(0.,0.,1.));
#1250=DIRECTION('',(1.,0.,-0.));
#1251=AXIS2_PLACEMENT_3D('',#1248,#1249,#1250);
#1252=CIRCLE('',#1251,4.5);
#1253=EDGE_CURVE('',#1232,#1240,#1252,.T.);
#1254=ORIENTED_EDGE('',*,*,#1253,.F.);
#1255=ORIENTED_EDGE('',*,*,#1237,.F.);
#1256=CARTESIAN_POINT('',(32.66421244,-32.124837785,-1.907207682));
#1257=VERTEX_POINT('',#1256);
#1258=CARTESIAN_POINT('',(28.16421244,-32.124837785,-1.907207682));
#1259=DIRECTION('',(0.,0.,1.));
#1260=DIRECTION('',(1.,0.,-0.));
#1261=AXIS2_PLACEMENT_3D('',#1258,#1259,#1260);
#1262=CIRCLE('',#1261,4.5);
#1263=EDGE_CURVE('',#1230,#1257,#1262,.T.);
#1264=ORIENTED_EDGE('',*,*,#1263,.T.);
#1265=CARTESIAN_POINT('',(28.16421244,-32.124837785,-1.907207682));
#1266=DIRECTION('',(0.,0.,1.));
#1267=DIRECTION('',(1.,0.,-0.));
#1268=AXIS2_PLACEMENT_3D('',#1265,#1266,#1267);
#1269=CIRCLE('',#1268,4.5);
#1270=EDGE_CURVE('',#1257,#1230,#1269,.T.);
#1271=ORIENTED_EDGE('',*,*,#1270,.T.);
#1272=EDGE_LOOP('',(#1238,#1247,#1254,#1255,#1264,#1271));
#1273=FACE_BOUND('',#1272,.T.);
#1274=ADVANCED_FACE('',(#1273),#1228,.T.);
#1275=CARTESIAN_POINT('',(0.13186244,-0.276287785,-1.407207682));
#1276=DIRECTION('',(0.,0.,1.));
#1277=DIRECTION('',(1.,0.,0.));
#1278=AXIS2_PLACEMENT_3D('',#1275,#1276,#1277);
#1279=PLANE('',#1278);
#1280=ORIENTED_EDGE('',*,*,#1212,.F.);
#1281=ORIENTED_EDGE('',*,*,#1219,.F.);
#1282=EDGE_LOOP('',(#1280,#1281));
#1283=FACE_BOUND('',#1282,.T.);
#1284=ORIENTED_EDGE('',*,*,#1246,.T.);
#1285=ORIENTED_EDGE('',*,*,#1253,.T.);
#1286=EDGE_LOOP('',(#1284,#1285));
#1287=FACE_BOUND('',#1286,.T.);
#1288=ADVANCED_FACE('',(#1283,#1287),#1279,.T.);
#1289=CARTESIAN_POINT('',(0.,0.,-1.907207682));
#1290=DIRECTION('',(0.,0.,1.));
#1291=DIRECTION('',(1.,0.,0.));
#1292=AXIS2_PLACEMENT_3D('',#1289,#1290,#1291);
#1293=PLANE('',#1292);
#1294=CARTESIAN_POINT('',(29.26421244,-32.124837785,-1.907207682));
#1295=VERTEX_POINT('',#1294);
#1296=CARTESIAN_POINT('',(28.16421244,-32.124837785,-1.907207682));
#1297=DIRECTION('',(0.,0.,-1.));
#1298=DIRECTION('',(1.,0.,0.));
#1299=AXIS2_PLACEMENT_3D('',#1296,#1297,#1298);
#1300=CIRCLE('',#1299,1.1);
#1301=EDGE_CURVE('',#1295,#1295,#1300,.T.);
#1302=ORIENTED_EDGE('',*,*,#1301,.T.);
#1303=EDGE_LOOP('',(#1302));
#1304=FACE_BOUND('',#1303,.T.);
#1305=ORIENTED_EDGE('',*,*,#1195,.T.);
#1306=ORIENTED_EDGE('',*,*,#1202,.T.);
#1307=EDGE_LOOP('',(#1305,#1306));
#1308=FACE_BOUND('',#1307,.T.);
#1309=ADVANCED_FACE('',(#1304,#1308),#1293,.T.);
#1310=CARTESIAN_POINT('',(29.21421244,27.425162215,-1.407207682));
#1311=DIRECTION('',(0.,0.,-1.));
#1312=DIRECTION('',(-1.,0.,0.));
#1313=AXIS2_PLACEMENT_3D('',#1310,#1311,#1312);
#1314=CYLINDRICAL_SURFACE('',#1313,1.75);
#1315=CARTESIAN_POINT('',(27.46421244,27.425162215,-1.907207682));
#1316=VERTEX_POINT('',#1315);
#1317=CARTESIAN_POINT('',(27.46421244,27.425162215,-1.407207682));
#1318=VERTEX_POINT('',#1317);
#1319=CARTESIAN_POINT('',(27.46421244,27.425162215,-1.907207682));
#1320=DIRECTION('',(-0.,-0.,1.));
#1321=VECTOR('',#1320,0.5);
#1322=LINE('',#1319,#1321);
#1323=EDGE_CURVE('',#1316,#1318,#1322,.T.);
#1324=ORIENTED_EDGE('',*,*,#1323,.F.);
#1325=CARTESIAN_POINT('',(30.96421244,27.425162215,-1.907207682));
#1326=VERTEX_POINT('',#1325);
#1327=CARTESIAN_POINT('',(29.21421244,27.425162215,-1.907207682));
#1328=DIRECTION('',(0.,0.,1.));
#1329=DIRECTION('',(1.,0.,-0.));
#1330=AXIS2_PLACEMENT_3D('',#1327,#1328,#1329);
#1331=CIRCLE('',#1330,1.75);
#1332=EDGE_CURVE('',#1326,#1316,#1331,.T.);
#1333=ORIENTED_EDGE('',*,*,#1332,.F.);
#1334=CARTESIAN_POINT('',(29.21421244,27.425162215,-1.907207682));
#1335=DIRECTION('',(0.,0.,1.));
#1336=DIRECTION('',(1.,0.,-0.));
#1337=AXIS2_PLACEMENT_3D('',#1334,#1335,#1336);
#1338=CIRCLE('',#1337,1.75);
#1339=EDGE_CURVE('',#1316,#1326,#1338,.T.);
#1340=ORIENTED_EDGE('',*,*,#1339,.F.);
#1341=ORIENTED_EDGE('',*,*,#1323,.T.);
#1342=CARTESIAN_POINT('',(30.96421244,27.425162215,-1.407207682));
#1343=VERTEX_POINT('',#1342);
#1344=CARTESIAN_POINT('',(29.21421244,27.425162215,-1.407207682));
#1345=DIRECTION('',(0.,0.,1.));
#1346=DIRECTION('',(1.,0.,-0.));
#1347=AXIS2_PLACEMENT_3D('',#1344,#1345,#1346);
#1348=CIRCLE('',#1347,1.75);
#1349=EDGE_CURVE('',#1318,#1343,#1348,.T.);
#1350=ORIENTED_EDGE('',*,*,#1349,.T.);
#1351=CARTESIAN_POINT('',(29.21421244,27.425162215,-1.407207682));
#1352=DIRECTION('',(0.,0.,1.));
#1353=DIRECTION('',(1.,0.,-0.));
#1354=AXIS2_PLACEMENT_3D('',#1351,#1352,#1353);
#1355=CIRCLE('',#1354,1.75);
#1356=EDGE_CURVE('',#1343,#1318,#1355,.T.);
#1357=ORIENTED_EDGE('',*,*,#1356,.T.);
#1358=EDGE_LOOP('',(#1324,#1333,#1340,#1341,#1350,#1357));
#1359=FACE_BOUND('',#1358,.T.);
#1360=ADVANCED_FACE('',(#1359),#1314,.F.);
#1361=CARTESIAN_POINT('',(29.21421244,27.425162215,-1.407207682));
#1362=DIRECTION('',(0.,0.,-1.));
#1363=DIRECTION('',(-1.,0.,0.));
#1364=AXIS2_PLACEMENT_3D('',#1361,#1362,#1363);
#1365=CYLINDRICAL_SURFACE('',#1364,4.5);
#1366=CARTESIAN_POINT('',(24.71421244,27.425162215,-1.907207682));
#1367=VERTEX_POINT('',#1366);
#1368=CARTESIAN_POINT('',(24.71421244,27.425162215,-1.407207682));
#1369=VERTEX_POINT('',#1368);
#1370=CARTESIAN_POINT('',(24.71421244,27.425162215,-1.907207682));
#1371=DIRECTION('',(-0.,-0.,1.));
#1372=VECTOR('',#1371,0.5);
#1373=LINE('',#1370,#1372);
#1374=EDGE_CURVE('',#1367,#1369,#1373,.T.);
#1375=ORIENTED_EDGE('',*,*,#1374,.T.);
#1376=CARTESIAN_POINT('',(33.71421244,27.425162215,-1.407207682));
#1377=VERTEX_POINT('',#1376);
#1378=CARTESIAN_POINT('',(29.21421244,27.425162215,-1.407207682));
#1379=DIRECTION('',(0.,0.,1.));
#1380=DIRECTION('',(1.,0.,-0.));
#1381=AXIS2_PLACEMENT_3D('',#1378,#1379,#1380);
#1382=CIRCLE('',#1381,4.5);
#1383=EDGE_CURVE('',#1377,#1369,#1382,.T.);
#1384=ORIENTED_EDGE('',*,*,#1383,.F.);
#1385=CARTESIAN_POINT('',(29.21421244,27.425162215,-1.407207682));
#1386=DIRECTION('',(0.,0.,1.));
#1387=DIRECTION('',(1.,0.,-0.));
#1388=AXIS2_PLACEMENT_3D('',#1385,#1386,#1387);
#1389=CIRCLE('',#1388,4.5);
#1390=EDGE_CURVE('',#1369,#1377,#1389,.T.);
#1391=ORIENTED_EDGE('',*,*,#1390,.F.);
#1392=ORIENTED_EDGE('',*,*,#1374,.F.);
#1393=CARTESIAN_POINT('',(33.71421244,27.425162215,-1.907207682));
#1394=VERTEX_POINT('',#1393);
#1395=CARTESIAN_POINT('',(29.21421244,27.425162215,-1.907207682));
#1396=DIRECTION('',(0.,0.,1.));
#1397=DIRECTION('',(1.,0.,-0.));
#1398=AXIS2_PLACEMENT_3D('',#1395,#1396,#1397);
#1399=CIRCLE('',#1398,4.5);
#1400=EDGE_CURVE('',#1367,#1394,#1399,.T.);
#1401=ORIENTED_EDGE('',*,*,#1400,.T.);
#1402=CARTESIAN_POINT('',(29.21421244,27.425162215,-1.907207682));
#1403=DIRECTION('',(0.,0.,1.));
#1404=DIRECTION('',(1.,0.,-0.));
#1405=AXIS2_PLACEMENT_3D('',#1402,#1403,#1404);
#1406=CIRCLE('',#1405,4.5);
#1407=EDGE_CURVE('',#1394,#1367,#1406,.T.);
#1408=ORIENTED_EDGE('',*,*,#1407,.T.);
#1409=EDGE_LOOP('',(#1375,#1384,#1391,#1392,#1401,#1408));
#1410=FACE_BOUND('',#1409,.T.);
#1411=ADVANCED_FACE('',(#1410),#1365,.T.);
#1412=CARTESIAN_POINT('',(0.13186244,-0.276287785,-1.407207682));
#1413=DIRECTION('',(0.,0.,1.));
#1414=DIRECTION('',(1.,0.,0.));
#1415=AXIS2_PLACEMENT_3D('',#1412,#1413,#1414);
#1416=PLANE('',#1415);
#1417=ORIENTED_EDGE('',*,*,#1349,.F.);
#1418=ORIENTED_EDGE('',*,*,#1356,.F.);
#1419=EDGE_LOOP('',(#1417,#1418));
#1420=FACE_BOUND('',#1419,.T.);
#1421=ORIENTED_EDGE('',*,*,#1383,.T.);
#1422=ORIENTED_EDGE('',*,*,#1390,.T.);
#1423=EDGE_LOOP('',(#1421,#1422));
#1424=FACE_BOUND('',#1423,.T.);
#1425=ADVANCED_FACE('',(#1420,#1424),#1416,.T.);
#1426=CARTESIAN_POINT('',(0.,0.,-1.907207682));
#1427=DIRECTION('',(0.,0.,1.));
#1428=DIRECTION('',(1.,0.,0.));
#1429=AXIS2_PLACEMENT_3D('',#1426,#1427,#1428);
#1430=PLANE('',#1429);
#1431=CARTESIAN_POINT('',(30.31421244,27.425162215,-1.907207682));
#1432=VERTEX_POINT('',#1431);
#1433=CARTESIAN_POINT('',(29.21421244,27.425162215,-1.907207682));
#1434=DIRECTION('',(0.,0.,-1.));
#1435=DIRECTION('',(1.,0.,0.));
#1436=AXIS2_PLACEMENT_3D('',#1433,#1434,#1435);
#1437=CIRCLE('',#1436,1.1);
#1438=EDGE_CURVE('',#1432,#1432,#1437,.T.);
#1439=ORIENTED_EDGE('',*,*,#1438,.T.);
#1440=EDGE_LOOP('',(#1439));
#1441=FACE_BOUND('',#1440,.T.);
#1442=ORIENTED_EDGE('',*,*,#1332,.T.);
#1443=ORIENTED_EDGE('',*,*,#1339,.T.);
#1444=EDGE_LOOP('',(#1442,#1443));
#1445=FACE_BOUND('',#1444,.T.);
#1446=ADVANCED_FACE('',(#1441,#1445),#1430,.T.);
#1447=CARTESIAN_POINT('',(-28.93578756,27.675162215,-1.407207682));
#1448=DIRECTION('',(0.,0.,-1.));
#1449=DIRECTION('',(-1.,0.,0.));
#1450=AXIS2_PLACEMENT_3D('',#1447,#1448,#1449);
#1451=CYLINDRICAL_SURFACE('',#1450,1.75);
#1452=CARTESIAN_POINT('',(-30.68578756,27.675162215,-1.907207682));
#1453=VERTEX_POINT('',#1452);
#1454=CARTESIAN_POINT('',(-30.68578756,27.675162215,-1.407207682));
#1455=VERTEX_POINT('',#1454);
#1456=CARTESIAN_POINT('',(-30.68578756,27.675162215,-1.907207682));
#1457=DIRECTION('',(-0.,-0.,1.));
#1458=VECTOR('',#1457,0.5);
#1459=LINE('',#1456,#1458);
#1460=EDGE_CURVE('',#1453,#1455,#1459,.T.);
#1461=ORIENTED_EDGE('',*,*,#1460,.F.);
#1462=CARTESIAN_POINT('',(-27.208563051,27.393745273,-1.907207682));
#1463=VERTEX_POINT('',#1462);
#1464=CARTESIAN_POINT('',(-28.93578756,27.675162215,-1.907207682));
#1465=DIRECTION('',(0.,0.,1.));
#1466=DIRECTION('',(0.986985434,-0.160809681,0.));
#1467=AXIS2_PLACEMENT_3D('',#1464,#1465,#1466);
#1468=CIRCLE('',#1467,1.75);
#1469=EDGE_CURVE('',#1463,#1453,#1468,.T.);
#1470=ORIENTED_EDGE('',*,*,#1469,.F.);
#1471=CARTESIAN_POINT('',(-28.93578756,27.675162215,-1.907207682));
#1472=DIRECTION('',(0.,0.,1.));
#1473=DIRECTION('',(0.986985434,-0.160809681,0.));
#1474=AXIS2_PLACEMENT_3D('',#1471,#1472,#1473);
#1475=CIRCLE('',#1474,1.75);
#1476=EDGE_CURVE('',#1453,#1463,#1475,.T.);
#1477=ORIENTED_EDGE('',*,*,#1476,.F.);
#1478=ORIENTED_EDGE('',*,*,#1460,.T.);
#1479=CARTESIAN_POINT('',(-27.208563051,27.393745273,-1.407207682));
#1480=VERTEX_POINT('',#1479);
#1481=CARTESIAN_POINT('',(-28.93578756,27.675162215,-1.407207682));
#1482=DIRECTION('',(0.,0.,1.));
#1483=DIRECTION('',(0.986985434,-0.160809681,0.));
#1484=AXIS2_PLACEMENT_3D('',#1481,#1482,#1483);
#1485=CIRCLE('',#1484,1.75);
#1486=EDGE_CURVE('',#1455,#1480,#1485,.T.);
#1487=ORIENTED_EDGE('',*,*,#1486,.T.);
#1488=CARTESIAN_POINT('',(-28.93578756,27.675162215,-1.407207682));
#1489=DIRECTION('',(0.,0.,1.));
#1490=DIRECTION('',(0.986985434,-0.160809681,0.));
#1491=AXIS2_PLACEMENT_3D('',#1488,#1489,#1490);
#1492=CIRCLE('',#1491,1.75);
#1493=EDGE_CURVE('',#1480,#1455,#1492,.T.);
#1494=ORIENTED_EDGE('',*,*,#1493,.T.);
#1495=EDGE_LOOP('',(#1461,#1470,#1477,#1478,#1487,#1494));
#1496=FACE_BOUND('',#1495,.T.);
#1497=ADVANCED_FACE('',(#1496),#1451,.F.);
#1498=CARTESIAN_POINT('',(-28.93578756,27.675162215,-1.407207682));
#1499=DIRECTION('',(0.,0.,-1.));
#1500=DIRECTION('',(-1.,0.,0.));
#1501=AXIS2_PLACEMENT_3D('',#1498,#1499,#1500);
#1502=CYLINDRICAL_SURFACE('',#1501,4.5);
#1503=CARTESIAN_POINT('',(-33.43578756,27.675162215,-1.907207682));
#1504=VERTEX_POINT('',#1503);
#1505=CARTESIAN_POINT('',(-33.43578756,27.675162215,-1.407207682));
#1506=VERTEX_POINT('',#1505);
#1507=CARTESIAN_POINT('',(-33.43578756,27.675162215,-1.907207682));
#1508=DIRECTION('',(-0.,-0.,1.));
#1509=VECTOR('',#1508,0.5);
#1510=LINE('',#1507,#1509);
#1511=EDGE_CURVE('',#1504,#1506,#1510,.T.);
#1512=ORIENTED_EDGE('',*,*,#1511,.T.);
#1513=CARTESIAN_POINT('',(-24.43578756,27.675162215,-1.407207682));
#1514=VERTEX_POINT('',#1513);
#1515=CARTESIAN_POINT('',(-28.93578756,27.675162215,-1.407207682));
#1516=DIRECTION('',(0.,0.,1.));
#1517=DIRECTION('',(1.,0.,-0.));
#1518=AXIS2_PLACEMENT_3D('',#1515,#1516,#1517);
#1519=CIRCLE('',#1518,4.5);
#1520=EDGE_CURVE('',#1514,#1506,#1519,.T.);
#1521=ORIENTED_EDGE('',*,*,#1520,.F.);
#1522=CARTESIAN_POINT('',(-28.93578756,27.675162215,-1.407207682));
#1523=DIRECTION('',(0.,0.,1.));
#1524=DIRECTION('',(1.,0.,-0.));
#1525=AXIS2_PLACEMENT_3D('',#1522,#1523,#1524);
#1526=CIRCLE('',#1525,4.5);
#1527=EDGE_CURVE('',#1506,#1514,#1526,.T.);
#1528=ORIENTED_EDGE('',*,*,#1527,.F.);
#1529=ORIENTED_EDGE('',*,*,#1511,.F.);
#1530=CARTESIAN_POINT('',(-24.43578756,27.675162215,-1.907207682));
#1531=VERTEX_POINT('',#1530);
#1532=CARTESIAN_POINT('',(-28.93578756,27.675162215,-1.907207682));
#1533=DIRECTION('',(0.,0.,1.));
#1534=DIRECTION('',(1.,0.,-0.));
#1535=AXIS2_PLACEMENT_3D('',#1532,#1533,#1534);
#1536=CIRCLE('',#1535,4.5);
#1537=EDGE_CURVE('',#1504,#1531,#1536,.T.);
#1538=ORIENTED_EDGE('',*,*,#1537,.T.);
#1539=CARTESIAN_POINT('',(-28.93578756,27.675162215,-1.907207682));
#1540=DIRECTION('',(0.,0.,1.));
#1541=DIRECTION('',(1.,0.,-0.));
#1542=AXIS2_PLACEMENT_3D('',#1539,#1540,#1541);
#1543=CIRCLE('',#1542,4.5);
#1544=EDGE_CURVE('',#1531,#1504,#1543,.T.);
#1545=ORIENTED_EDGE('',*,*,#1544,.T.);
#1546=EDGE_LOOP('',(#1512,#1521,#1528,#1529,#1538,#1545));
#1547=FACE_BOUND('',#1546,.T.);
#1548=ADVANCED_FACE('',(#1547),#1502,.T.);
#1549=CARTESIAN_POINT('',(0.13186244,-0.276287785,-1.407207682));
#1550=DIRECTION('',(0.,0.,1.));
#1551=DIRECTION('',(1.,0.,0.));
#1552=AXIS2_PLACEMENT_3D('',#1549,#1550,#1551);
#1553=PLANE('',#1552);
#1554=ORIENTED_EDGE('',*,*,#1486,.F.);
#1555=ORIENTED_EDGE('',*,*,#1493,.F.);
#1556=EDGE_LOOP('',(#1554,#1555));
#1557=FACE_BOUND('',#1556,.T.);
#1558=ORIENTED_EDGE('',*,*,#1520,.T.);
#1559=ORIENTED_EDGE('',*,*,#1527,.T.);
#1560=EDGE_LOOP('',(#1558,#1559));
#1561=FACE_BOUND('',#1560,.T.);
#1562=ADVANCED_FACE('',(#1557,#1561),#1553,.T.);
#1563=CARTESIAN_POINT('',(0.,0.,-1.907207682));
#1564=DIRECTION('',(0.,0.,1.));
#1565=DIRECTION('',(1.,0.,0.));
#1566=AXIS2_PLACEMENT_3D('',#1563,#1564,#1565);
#1567=PLANE('',#1566);
#1568=CARTESIAN_POINT('',(-27.83578756,27.675162215,-1.907207682));
#1569=VERTEX_POINT('',#1568);
#1570=CARTESIAN_POINT('',(-28.93578756,27.675162215,-1.907207682));
#1571=DIRECTION('',(0.,0.,-1.));
#1572=DIRECTION('',(1.,0.,0.));
#1573=AXIS2_PLACEMENT_3D('',#1570,#1571,#1572);
#1574=CIRCLE('',#1573,1.1);
#1575=EDGE_CURVE('',#1569,#1569,#1574,.T.);
#1576=ORIENTED_EDGE('',*,*,#1575,.T.);
#1577=EDGE_LOOP('',(#1576));
#1578=FACE_BOUND('',#1577,.T.);
#1579=ORIENTED_EDGE('',*,*,#1469,.T.);
#1580=ORIENTED_EDGE('',*,*,#1476,.T.);
#1581=EDGE_LOOP('',(#1579,#1580));
#1582=FACE_BOUND('',#1581,.T.);
#1583=ADVANCED_FACE('',(#1578,#1582),#1567,.T.);
#1584=CARTESIAN_POINT('',(-28.18578756,-31.924837785,-1.407207682));
#1585=DIRECTION('',(0.,0.,-1.));
#1586=DIRECTION('',(-1.,0.,0.));
#1587=AXIS2_PLACEMENT_3D('',#1584,#1585,#1586);
#1588=CYLINDRICAL_SURFACE('',#1587,1.75);
#1589=CARTESIAN_POINT('',(-29.93578756,-31.924837785,-1.907207682));
#1590=VERTEX_POINT('',#1589);
#1591=CARTESIAN_POINT('',(-29.93578756,-31.924837785,-1.407207682));
#1592=VERTEX_POINT('',#1591);
#1593=CARTESIAN_POINT('',(-29.93578756,-31.924837785,-1.907207682));
#1594=DIRECTION('',(-0.,-0.,1.));
#1595=VECTOR('',#1594,0.5);
#1596=LINE('',#1593,#1595);
#1597=EDGE_CURVE('',#1590,#1592,#1596,.T.);
#1598=ORIENTED_EDGE('',*,*,#1597,.F.);
#1599=CARTESIAN_POINT('',(-26.43578756,-31.924837785,-1.907207682));
#1600=VERTEX_POINT('',#1599);
#1601=CARTESIAN_POINT('',(-28.18578756,-31.924837785,-1.907207682));
#1602=DIRECTION('',(0.,0.,1.));
#1603=DIRECTION('',(1.,0.,-0.));
#1604=AXIS2_PLACEMENT_3D('',#1601,#1602,#1603);
#1605=CIRCLE('',#1604,1.75);
#1606=EDGE_CURVE('',#1600,#1590,#1605,.T.);
#1607=ORIENTED_EDGE('',*,*,#1606,.F.);
#1608=CARTESIAN_POINT('',(-28.18578756,-31.924837785,-1.907207682));
#1609=DIRECTION('',(0.,0.,1.));
#1610=DIRECTION('',(1.,0.,-0.));
#1611=AXIS2_PLACEMENT_3D('',#1608,#1609,#1610);
#1612=CIRCLE('',#1611,1.75);
#1613=EDGE_CURVE('',#1590,#1600,#1612,.T.);
#1614=ORIENTED_EDGE('',*,*,#1613,.F.);
#1615=ORIENTED_EDGE('',*,*,#1597,.T.);
#1616=CARTESIAN_POINT('',(-26.43578756,-31.924837785,-1.407207682));
#1617=VERTEX_POINT('',#1616);
#1618=CARTESIAN_POINT('',(-28.18578756,-31.924837785,-1.407207682));
#1619=DIRECTION('',(0.,0.,1.));
#1620=DIRECTION('',(1.,0.,-0.));
#1621=AXIS2_PLACEMENT_3D('',#1618,#1619,#1620);
#1622=CIRCLE('',#1621,1.75);
#1623=EDGE_CURVE('',#1592,#1617,#1622,.T.);
#1624=ORIENTED_EDGE('',*,*,#1623,.T.);
#1625=CARTESIAN_POINT('',(-28.18578756,-31.924837785,-1.407207682));
#1626=DIRECTION('',(0.,0.,1.));
#1627=DIRECTION('',(1.,0.,-0.));
#1628=AXIS2_PLACEMENT_3D('',#1625,#1626,#1627);
#1629=CIRCLE('',#1628,1.75);
#1630=EDGE_CURVE('',#1617,#1592,#1629,.T.);
#1631=ORIENTED_EDGE('',*,*,#1630,.T.);
#1632=EDGE_LOOP('',(#1598,#1607,#1614,#1615,#1624,#1631));
#1633=FACE_BOUND('',#1632,.T.);
#1634=ADVANCED_FACE('',(#1633),#1588,.F.);
#1635=CARTESIAN_POINT('',(-28.18578756,-31.924837785,-1.407207682));
#1636=DIRECTION('',(0.,0.,-1.));
#1637=DIRECTION('',(-1.,0.,0.));
#1638=AXIS2_PLACEMENT_3D('',#1635,#1636,#1637);
#1639=CYLINDRICAL_SURFACE('',#1638,4.5);
#1640=CARTESIAN_POINT('',(-32.68578756,-31.924837785,-1.907207682));
#1641=VERTEX_POINT('',#1640);
#1642=CARTESIAN_POINT('',(-32.68578756,-31.924837785,-1.407207682));
#1643=VERTEX_POINT('',#1642);
#1644=CARTESIAN_POINT('',(-32.68578756,-31.924837785,-1.907207682));
#1645=DIRECTION('',(-0.,-0.,1.));
#1646=VECTOR('',#1645,0.5);
#1647=LINE('',#1644,#1646);
#1648=EDGE_CURVE('',#1641,#1643,#1647,.T.);
#1649=ORIENTED_EDGE('',*,*,#1648,.T.);
#1650=CARTESIAN_POINT('',(-23.68578756,-31.924837785,-1.407207682));
#1651=VERTEX_POINT('',#1650);
#1652=CARTESIAN_POINT('',(-28.18578756,-31.924837785,-1.407207682));
#1653=DIRECTION('',(0.,0.,1.));
#1654=DIRECTION('',(1.,0.,-0.));
#1655=AXIS2_PLACEMENT_3D('',#1652,#1653,#1654);
#1656=CIRCLE('',#1655,4.5);
#1657=EDGE_CURVE('',#1651,#1643,#1656,.T.);
#1658=ORIENTED_EDGE('',*,*,#1657,.F.);
#1659=CARTESIAN_POINT('',(-28.18578756,-31.924837785,-1.407207682));
#1660=DIRECTION('',(0.,0.,1.));
#1661=DIRECTION('',(1.,0.,-0.));
#1662=AXIS2_PLACEMENT_3D('',#1659,#1660,#1661);
#1663=CIRCLE('',#1662,4.5);
#1664=EDGE_CURVE('',#1643,#1651,#1663,.T.);
#1665=ORIENTED_EDGE('',*,*,#1664,.F.);
#1666=ORIENTED_EDGE('',*,*,#1648,.F.);
#1667=CARTESIAN_POINT('',(-23.68578756,-31.924837785,-1.907207682));
#1668=VERTEX_POINT('',#1667);
#1669=CARTESIAN_POINT('',(-28.18578756,-31.924837785,-1.907207682));
#1670=DIRECTION('',(0.,0.,1.));
#1671=DIRECTION('',(1.,0.,-0.));
#1672=AXIS2_PLACEMENT_3D('',#1669,#1670,#1671);
#1673=CIRCLE('',#1672,4.5);
#1674=EDGE_CURVE('',#1641,#1668,#1673,.T.);
#1675=ORIENTED_EDGE('',*,*,#1674,.T.);
#1676=CARTESIAN_POINT('',(-28.18578756,-31.924837785,-1.907207682));
#1677=DIRECTION('',(0.,0.,1.));
#1678=DIRECTION('',(1.,0.,-0.));
#1679=AXIS2_PLACEMENT_3D('',#1676,#1677,#1678);
#1680=CIRCLE('',#1679,4.5);
#1681=EDGE_CURVE('',#1668,#1641,#1680,.T.);
#1682=ORIENTED_EDGE('',*,*,#1681,.T.);
#1683=EDGE_LOOP('',(#1649,#1658,#1665,#1666,#1675,#1682));
#1684=FACE_BOUND('',#1683,.T.);
#1685=ADVANCED_FACE('',(#1684),#1639,.T.);
#1686=CARTESIAN_POINT('',(0.13186244,-0.276287785,-1.407207682));
#1687=DIRECTION('',(0.,0.,1.));
#1688=DIRECTION('',(1.,0.,0.));
#1689=AXIS2_PLACEMENT_3D('',#1686,#1687,#1688);
#1690=PLANE('',#1689);
#1691=ORIENTED_EDGE('',*,*,#1623,.F.);
#1692=ORIENTED_EDGE('',*,*,#1630,.F.);
#1693=EDGE_LOOP('',(#1691,#1692));
#1694=FACE_BOUND('',#1693,.T.);
#1695=ORIENTED_EDGE('',*,*,#1657,.T.);
#1696=ORIENTED_EDGE('',*,*,#1664,.T.);
#1697=EDGE_LOOP('',(#1695,#1696));
#1698=FACE_BOUND('',#1697,.T.);
#1699=ADVANCED_FACE('',(#1694,#1698),#1690,.T.);
#1700=CARTESIAN_POINT('',(0.,0.,-1.907207682));
#1701=DIRECTION('',(0.,0.,1.));
#1702=DIRECTION('',(1.,0.,0.));
#1703=AXIS2_PLACEMENT_3D('',#1700,#1701,#1702);
#1704=PLANE('',#1703);
#1705=CARTESIAN_POINT('',(-27.08578756,-31.924837785,-1.907207682));
#1706=VERTEX_POINT('',#1705);
#1707=CARTESIAN_POINT('',(-28.18578756,-31.924837785,-1.907207682));
#1708=DIRECTION('',(0.,0.,-1.));
#1709=DIRECTION('',(1.,0.,0.));
#1710=AXIS2_PLACEMENT_3D('',#1707,#1708,#1709);
#1711=CIRCLE('',#1710,1.1);
#1712=EDGE_CURVE('',#1706,#1706,#1711,.T.);
#1713=ORIENTED_EDGE('',*,*,#1712,.T.);
#1714=EDGE_LOOP('',(#1713));
#1715=FACE_BOUND('',#1714,.T.);
#1716=ORIENTED_EDGE('',*,*,#1606,.T.);
#1717=ORIENTED_EDGE('',*,*,#1613,.T.);
#1718=EDGE_LOOP('',(#1716,#1717));
#1719=FACE_BOUND('',#1718,.T.);
#1720=ADVANCED_FACE('',(#1715,#1719),#1704,.T.);
#1721=CARTESIAN_POINT('',(0.13186244,43.644609954,0.694064408));
#1722=DIRECTION('',(-0.18872465,0.982030044,0.));
#1723=DIRECTION('',(-0.982030044,-0.18872465,0.));
#1724=AXIS2_PLACEMENT_3D('',#1721,#1722,#1723);
#1725=PLANE('',#1724);
#1726=CARTESIAN_POINT('',(1.636719653,43.933810527,-1.509087113));
#1727=VERTEX_POINT('',#1726);
#1728=CARTESIAN_POINT('',(1.636719653,43.933810527,-1.509087113));
#1729=DIRECTION('',(0.,0.,-1.));
#1730=VECTOR('',#1729,1.898120568);
#1731=LINE('',#1728,#1730);
#1732=EDGE_CURVE('',#1727,#342,#1731,.T.);
#1733=ORIENTED_EDGE('',*,*,#1732,.F.);
#1734=CARTESIAN_POINT('',(1.636719653,43.933810527,-1.509087113));
#1735=DIRECTION('',(-0.982030044,-0.18872465,0.));
#1736=VECTOR('',#1735,1.532394271);
#1737=LINE('',#1734,#1736);
#1738=EDGE_CURVE('',#1727,#90,#1737,.T.);
#1739=ORIENTED_EDGE('',*,*,#1738,.T.);
#1740=ORIENTED_EDGE('',*,*,#95,.F.);
#1741=CARTESIAN_POINT('',(8.636719653,45.279057101,-0.507207682));
#1742=VERTEX_POINT('',#1741);
#1743=CARTESIAN_POINT('',(8.636719653,45.279057101,-0.507207682));
#1744=DIRECTION('',(-0.982030044,-0.18872465,0.));
#1745=VECTOR('',#1744,8.660485765);
#1746=LINE('',#1743,#1745);
#1747=EDGE_CURVE('',#1742,#82,#1746,.T.);
#1748=ORIENTED_EDGE('',*,*,#1747,.F.);
#1749=CARTESIAN_POINT('',(8.636719653,45.279057101,-1.907207682));
#1750=VERTEX_POINT('',#1749);
#1751=CARTESIAN_POINT('',(8.636719653,45.279057101,-0.507207682));
#1752=DIRECTION('',(0.,0.,-1.));
#1753=VECTOR('',#1752,1.4);
#1754=LINE('',#1751,#1753);
#1755=EDGE_CURVE('',#1742,#1750,#1754,.T.);
#1756=ORIENTED_EDGE('',*,*,#1755,.T.);
#1757=CARTESIAN_POINT('',(46.134811852,52.48536854,-1.907207682));
#1758=VERTEX_POINT('',#1757);
#1759=CARTESIAN_POINT('',(8.636719653,45.279057101,-1.907207682));
#1760=DIRECTION('',(0.982030044,0.18872465,0.));
#1761=VECTOR('',#1760,38.184261721);
#1762=LINE('',#1759,#1761);
#1763=EDGE_CURVE('',#1750,#1758,#1762,.T.);
#1764=ORIENTED_EDGE('',*,*,#1763,.T.);
#1765=CARTESIAN_POINT('',(46.134811852,52.48536854,-3.407207682));
#1766=DIRECTION('',(0.,0.,1.));
#1767=VECTOR('',#1766,1.5);
#1768=LINE('',#1765,#1767);
#1769=EDGE_CURVE('',#434,#1758,#1768,.T.);
#1770=ORIENTED_EDGE('',*,*,#1769,.F.);
#1771=ORIENTED_EDGE('',*,*,#439,.F.);
#1772=CARTESIAN_POINT('',(7.636719653,45.086879019,-1.509087113));
#1773=VERTEX_POINT('',#1772);
#1774=CARTESIAN_POINT('',(7.636719653,45.086879019,-1.509087113));
#1775=DIRECTION('',(0.,0.,-1.));
#1776=VECTOR('',#1775,1.898120568);
#1777=LINE('',#1774,#1776);
#1778=EDGE_CURVE('',#1773,#426,#1777,.T.);
#1779=ORIENTED_EDGE('',*,*,#1778,.F.);
#1780=CARTESIAN_POINT('',(5.636719653,44.702522855,-1.509087113));
#1781=VERTEX_POINT('',#1780);
#1782=CARTESIAN_POINT('',(5.636719653,44.702522855,-1.509087113));
#1783=DIRECTION('',(0.982030044,0.18872465,0.));
#1784=VECTOR('',#1783,2.03659757);
#1785=LINE('',#1782,#1784);
#1786=EDGE_CURVE('',#1781,#1773,#1785,.T.);
#1787=ORIENTED_EDGE('',*,*,#1786,.F.);
#1788=CARTESIAN_POINT('',(5.636719653,44.702522855,-1.509087113));
#1789=DIRECTION('',(0.,0.,-1.));
#1790=VECTOR('',#1789,1.898120568);
#1791=LINE('',#1788,#1790);
#1792=EDGE_CURVE('',#1781,#392,#1791,.T.);
#1793=ORIENTED_EDGE('',*,*,#1792,.T.);
#1794=ORIENTED_EDGE('',*,*,#397,.F.);
#1795=CARTESIAN_POINT('',(4.636719653,44.510344773,-1.509087113));
#1796=VERTEX_POINT('',#1795);
#1797=CARTESIAN_POINT('',(4.636719653,44.510344773,-3.407207682));
#1798=DIRECTION('',(0.,0.,1.));
#1799=VECTOR('',#1798,1.898120568);
#1800=LINE('',#1797,#1799);
#1801=EDGE_CURVE('',#384,#1796,#1800,.T.);
#1802=ORIENTED_EDGE('',*,*,#1801,.T.);
#1803=CARTESIAN_POINT('',(2.636719653,44.125988609,-1.509087113));
#1804=VERTEX_POINT('',#1803);
#1805=CARTESIAN_POINT('',(2.636719653,44.125988609,-1.509087113));
#1806=DIRECTION('',(0.982030044,0.18872465,0.));
#1807=VECTOR('',#1806,2.03659757);
#1808=LINE('',#1805,#1807);
#1809=EDGE_CURVE('',#1804,#1796,#1808,.T.);
#1810=ORIENTED_EDGE('',*,*,#1809,.F.);
#1811=CARTESIAN_POINT('',(2.636719653,44.125988609,-3.407207682));
#1812=DIRECTION('',(0.,0.,1.));
#1813=VECTOR('',#1812,1.898120568);
#1814=LINE('',#1811,#1813);
#1815=EDGE_CURVE('',#350,#1804,#1814,.T.);
#1816=ORIENTED_EDGE('',*,*,#1815,.F.);
#1817=ORIENTED_EDGE('',*,*,#355,.F.);
#1818=EDGE_LOOP('',(#1733,#1739,#1740,#1748,#1756,#1764,#1770,#1771,#1779,#1787,#1793,#1794,#1802,#1810,#1816,#1817));
#1819=FACE_BOUND('',#1818,.T.);
#1820=ADVANCED_FACE('',(#1819),#1725,.T.);
#1821=CARTESIAN_POINT('',(0.13186244,-0.276287785,-0.507207682));
#1822=DIRECTION('',(0.,0.,1.));
#1823=DIRECTION('',(1.,0.,0.));
#1824=AXIS2_PLACEMENT_3D('',#1821,#1822,#1823);
#1825=PLANE('',#1824);
#1826=CARTESIAN_POINT('',(8.636719653,-0.276287785,-0.507207682));
#1827=VERTEX_POINT('',#1826);
#1828=CARTESIAN_POINT('',(8.636719653,45.279057101,-0.507207682));
#1829=DIRECTION('',(0.,-1.,0.));
#1830=VECTOR('',#1829,45.555344886);
#1831=LINE('',#1828,#1830);
#1832=EDGE_CURVE('',#1742,#1827,#1831,.T.);
#1833=ORIENTED_EDGE('',*,*,#1832,.F.);
#1834=ORIENTED_EDGE('',*,*,#1747,.T.);
#1835=ORIENTED_EDGE('',*,*,#87,.T.);
#1836=CARTESIAN_POINT('',(-8.447611172,-0.276287785,-0.507207682));
#1837=VERTEX_POINT('',#1836);
#1838=CARTESIAN_POINT('',(-8.363280347,45.323305778,-0.507207682));
#1839=DIRECTION('',(-0.001849374,-0.99999829,0.));
#1840=VECTOR('',#1839,45.599671543);
#1841=LINE('',#1838,#1840);
#1842=EDGE_CURVE('',#74,#1837,#1841,.T.);
#1843=ORIENTED_EDGE('',*,*,#1842,.T.);
#1844=CARTESIAN_POINT('',(-8.447611172,-0.276287785,-0.507207682));
#1845=DIRECTION('',(1.,0.,-0.));
#1846=VECTOR('',#1845,17.084330825);
#1847=LINE('',#1844,#1846);
#1848=EDGE_CURVE('',#1837,#1827,#1847,.T.);
#1849=ORIENTED_EDGE('',*,*,#1848,.T.);
#1850=EDGE_LOOP('',(#1833,#1834,#1835,#1843,#1849));
#1851=FACE_BOUND('',#1850,.T.);
#1852=ADVANCED_FACE('',(#1851),#1825,.T.);
#1853=CARTESIAN_POINT('',(8.636719653,45.075405778,-0.507207682));
#1854=DIRECTION('',(1.,0.,0.));
#1855=DIRECTION('',(0.,0.,-1.));
#1856=AXIS2_PLACEMENT_3D('',#1853,#1854,#1855);
#1857=PLANE('',#1856);
#1858=CARTESIAN_POINT('',(8.636719653,-0.276287785,-1.907207682));
#1859=VERTEX_POINT('',#1858);
#1860=CARTESIAN_POINT('',(8.636719653,45.279057101,-1.907207682));
#1861=DIRECTION('',(0.,-1.,0.));
#1862=VECTOR('',#1861,45.555344886);
#1863=LINE('',#1860,#1862);
#1864=EDGE_CURVE('',#1750,#1859,#1863,.T.);
#1865=ORIENTED_EDGE('',*,*,#1864,.F.);
#1866=ORIENTED_EDGE('',*,*,#1755,.F.);
#1867=ORIENTED_EDGE('',*,*,#1832,.T.);
#1868=CARTESIAN_POINT('',(8.636719653,-0.276287785,-0.507207682));
#1869=DIRECTION('',(0.,0.,-1.));
#1870=VECTOR('',#1869,1.4);
#1871=LINE('',#1868,#1870);
#1872=EDGE_CURVE('',#1827,#1859,#1871,.T.);
#1873=ORIENTED_EDGE('',*,*,#1872,.T.);
#1874=EDGE_LOOP('',(#1865,#1866,#1867,#1873));
#1875=FACE_BOUND('',#1874,.T.);
#1876=ADVANCED_FACE('',(#1875),#1857,.T.);
#1877=CARTESIAN_POINT('',(-8.363280347,45.323305778,-0.507207682));
#1878=DIRECTION('',(0.99999829,-0.001849374,0.));
#1879=DIRECTION('',(0.001849374,0.99999829,0.));
#1880=AXIS2_PLACEMENT_3D('',#1877,#1878,#1879);
#1881=PLANE('',#1880);
#1882=CARTESIAN_POINT('',(-8.36328468,45.320962843,-1.907207682));
#1883=VERTEX_POINT('',#1882);
#1884=CARTESIAN_POINT('',(-8.447611172,-0.276287785,-1.907207682));
#1885=VERTEX_POINT('',#1884);
#1886=CARTESIAN_POINT('',(-8.36328468,45.320962843,-1.907207682));
#1887=DIRECTION('',(-0.001849374,-0.99999829,0.));
#1888=VECTOR('',#1887,45.597328603);
#1889=LINE('',#1886,#1888);
#1890=EDGE_CURVE('',#1883,#1885,#1889,.T.);
#1891=ORIENTED_EDGE('',*,*,#1890,.T.);
#1892=CARTESIAN_POINT('',(-8.447611172,-0.276287785,-0.507207682));
#1893=DIRECTION('',(0.,0.,-1.));
#1894=VECTOR('',#1893,1.4);
#1895=LINE('',#1892,#1894);
#1896=EDGE_CURVE('',#1837,#1885,#1895,.T.);
#1897=ORIENTED_EDGE('',*,*,#1896,.F.);
#1898=ORIENTED_EDGE('',*,*,#1842,.F.);
#1899=ORIENTED_EDGE('',*,*,#79,.T.);
#1900=CARTESIAN_POINT('',(-8.36328468,45.320962843,-1.907207682));
#1901=DIRECTION('',(0.,0.,-1.));
#1902=VECTOR('',#1901,1.471430171);
#1903=LINE('',#1900,#1902);
#1904=EDGE_CURVE('',#1883,#67,#1903,.T.);
#1905=ORIENTED_EDGE('',*,*,#1904,.F.);
#1906=EDGE_LOOP('',(#1891,#1897,#1898,#1899,#1905));
#1907=FACE_BOUND('',#1906,.T.);
#1908=ADVANCED_FACE('',(#1907),#1881,.F.);
#1909=CARTESIAN_POINT('',(-8.447611172,-0.276287785,-0.507207682));
#1910=DIRECTION('',(0.,1.,0.));
#1911=DIRECTION('',(0.,0.,1.));
#1912=AXIS2_PLACEMENT_3D('',#1909,#1910,#1911);
#1913=PLANE('',#1912);
#1914=CARTESIAN_POINT('',(-8.447611172,-0.276287785,-1.907207682));
#1915=DIRECTION('',(1.,0.,-0.));
#1916=VECTOR('',#1915,17.084330825);
#1917=LINE('',#1914,#1916);
#1918=EDGE_CURVE('',#1885,#1859,#1917,.T.);
#1919=ORIENTED_EDGE('',*,*,#1918,.T.);
#1920=ORIENTED_EDGE('',*,*,#1872,.F.);
#1921=ORIENTED_EDGE('',*,*,#1848,.F.);
#1922=ORIENTED_EDGE('',*,*,#1896,.T.);
#1923=EDGE_LOOP('',(#1919,#1920,#1921,#1922));
#1924=FACE_BOUND('',#1923,.T.);
#1925=ADVANCED_FACE('',(#1924),#1913,.F.);
#1926=CARTESIAN_POINT('',(-45.88278756,52.735062215,-3.407207682));
#1927=DIRECTION('',(-0.193857876,-0.981029624,0.));
#1928=DIRECTION('',(0.981029624,-0.193857876,0.));
#1929=AXIS2_PLACEMENT_3D('',#1926,#1927,#1928);
#1930=PLANE('',#1929);
#1931=CARTESIAN_POINT('',(-45.88278756,52.735062215,-1.907207682));
#1932=VERTEX_POINT('',#1931);
#1933=CARTESIAN_POINT('',(-45.88278756,52.735062215,-1.907207682));
#1934=DIRECTION('',(0.981029624,-0.193857876,0.));
#1935=VECTOR('',#1934,38.245025373);
#1936=LINE('',#1933,#1935);
#1937=EDGE_CURVE('',#1932,#1883,#1936,.T.);
#1938=ORIENTED_EDGE('',*,*,#1937,.T.);
#1939=ORIENTED_EDGE('',*,*,#1904,.T.);
#1940=ORIENTED_EDGE('',*,*,#71,.F.);
#1941=ORIENTED_EDGE('',*,*,#613,.F.);
#1942=CARTESIAN_POINT('',(-45.88278756,52.735062215,-3.407207682));
#1943=DIRECTION('',(0.,0.,1.));
#1944=VECTOR('',#1943,1.5);
#1945=LINE('',#1942,#1944);
#1946=EDGE_CURVE('',#602,#1932,#1945,.T.);
#1947=ORIENTED_EDGE('',*,*,#1946,.T.);
#1948=EDGE_LOOP('',(#1938,#1939,#1940,#1941,#1947));
#1949=FACE_BOUND('',#1948,.T.);
#1950=ADVANCED_FACE('',(#1949),#1930,.F.);
#1951=CARTESIAN_POINT('',(-64.84868756,54.394462215,-3.407207682));
#1952=DIRECTION('',(-0.087160891,-0.996194248,0.));
#1953=DIRECTION('',(0.996194248,-0.087160891,0.));
#1954=AXIS2_PLACEMENT_3D('',#1951,#1952,#1953);
#1955=PLANE('',#1954);
#1956=CARTESIAN_POINT('',(-64.84868756,54.394462215,-1.907207682));
#1957=VERTEX_POINT('',#1956);
#1958=CARTESIAN_POINT('',(-64.84868756,54.394462215,-1.907207682));
#1959=DIRECTION('',(0.996194248,-0.087160891,0.));
#1960=VECTOR('',#1959,19.038355264);
#1961=LINE('',#1958,#1960);
#1962=EDGE_CURVE('',#1957,#1932,#1961,.T.);
#1963=ORIENTED_EDGE('',*,*,#1962,.T.);
#1964=ORIENTED_EDGE('',*,*,#1946,.F.);
#1965=ORIENTED_EDGE('',*,*,#607,.F.);
#1966=CARTESIAN_POINT('',(-64.84868756,54.394462215,-3.407207682));
#1967=DIRECTION('',(0.,0.,1.));
#1968=VECTOR('',#1967,1.5);
#1969=LINE('',#1966,#1968);
#1970=EDGE_CURVE('',#594,#1957,#1969,.T.);
#1971=ORIENTED_EDGE('',*,*,#1970,.T.);
#1972=EDGE_LOOP('',(#1963,#1964,#1965,#1971));
#1973=FACE_BOUND('',#1972,.T.);
#1974=ADVANCED_FACE('',(#1973),#1955,.F.);
#1975=CARTESIAN_POINT('',(-83.95298756,54.791462215,-3.407207682));
#1976=DIRECTION('',(-0.020776176,-0.999784152,0.));
#1977=DIRECTION('',(0.999784152,-0.020776176,0.));
#1978=AXIS2_PLACEMENT_3D('',#1975,#1976,#1977);
#1979=PLANE('',#1978);
#1980=CARTESIAN_POINT('',(-83.95298756,54.791462215,-1.907207682));
#1981=VERTEX_POINT('',#1980);
#1982=CARTESIAN_POINT('',(-83.95298756,54.791462215,-1.907207682));
#1983=DIRECTION('',(0.999784152,-0.020776176,0.));
#1984=VECTOR('',#1983,19.108424516);
#1985=LINE('',#1982,#1984);
#1986=EDGE_CURVE('',#1981,#1957,#1985,.T.);
#1987=ORIENTED_EDGE('',*,*,#1986,.T.);
#1988=ORIENTED_EDGE('',*,*,#1970,.F.);
#1989=ORIENTED_EDGE('',*,*,#599,.F.);
#1990=CARTESIAN_POINT('',(-83.95298756,54.791462215,-3.407207682));
#1991=DIRECTION('',(0.,0.,1.));
#1992=VECTOR('',#1991,1.5);
#1993=LINE('',#1990,#1992);
#1994=EDGE_CURVE('',#586,#1981,#1993,.T.);
#1995=ORIENTED_EDGE('',*,*,#1994,.T.);
#1996=EDGE_LOOP('',(#1987,#1988,#1989,#1995));
#1997=FACE_BOUND('',#1996,.T.);
#1998=ADVANCED_FACE('',(#1997),#1979,.F.);
#1999=CARTESIAN_POINT('',(-103.00738756,55.197262215,-3.407207682));
#2000=DIRECTION('',(-0.02129209,-0.999773298,0.));
#2001=DIRECTION('',(0.999773298,-0.02129209,0.));
#2002=AXIS2_PLACEMENT_3D('',#1999,#2000,#2001);
#2003=PLANE('',#2002);
#2004=CARTESIAN_POINT('',(-103.00738756,55.197262215,-1.907207682));
#2005=VERTEX_POINT('',#2004);
#2006=CARTESIAN_POINT('',(-103.00738756,55.197262215,-1.907207682));
#2007=DIRECTION('',(0.999773298,-0.02129209,0.));
#2008=VECTOR('',#2007,19.058720655);
#2009=LINE('',#2006,#2008);
#2010=EDGE_CURVE('',#2005,#1981,#2009,.T.);
#2011=ORIENTED_EDGE('',*,*,#2010,.T.);
#2012=ORIENTED_EDGE('',*,*,#1994,.F.);
#2013=ORIENTED_EDGE('',*,*,#591,.F.);
#2014=CARTESIAN_POINT('',(-103.00738756,55.197262215,-3.407207682));
#2015=DIRECTION('',(0.,0.,1.));
#2016=VECTOR('',#2015,1.5);
#2017=LINE('',#2014,#2016);
#2018=EDGE_CURVE('',#578,#2005,#2017,.T.);
#2019=ORIENTED_EDGE('',*,*,#2018,.T.);
#2020=EDGE_LOOP('',(#2011,#2012,#2013,#2019));
#2021=FACE_BOUND('',#2020,.T.);
#2022=ADVANCED_FACE('',(#2021),#2003,.F.);
#2023=CARTESIAN_POINT('',(-122.25028756,54.331862215,-3.407207682));
#2024=DIRECTION('',(0.044927021,-0.998990272,0.));
#2025=DIRECTION('',(0.998990272,0.044927021,0.));
#2026=AXIS2_PLACEMENT_3D('',#2023,#2024,#2025);
#2027=PLANE('',#2026);
#2028=CARTESIAN_POINT('',(-122.25028756,54.331862215,-1.907207682));
#2029=VERTEX_POINT('',#2028);
#2030=CARTESIAN_POINT('',(-122.25028756,54.331862215,-1.907207682));
#2031=DIRECTION('',(0.998990272,0.044927021,0.));
#2032=VECTOR('',#2031,19.262349742);
#2033=LINE('',#2030,#2032);
#2034=EDGE_CURVE('',#2029,#2005,#2033,.T.);
#2035=ORIENTED_EDGE('',*,*,#2034,.T.);
#2036=ORIENTED_EDGE('',*,*,#2018,.F.);
#2037=ORIENTED_EDGE('',*,*,#583,.F.);
#2038=CARTESIAN_POINT('',(-122.25028756,54.331862215,-3.407207682));
#2039=DIRECTION('',(0.,0.,1.));
#2040=VECTOR('',#2039,1.5);
#2041=LINE('',#2038,#2040);
#2042=EDGE_CURVE('',#570,#2029,#2041,.T.);
#2043=ORIENTED_EDGE('',*,*,#2042,.T.);
#2044=EDGE_LOOP('',(#2035,#2036,#2037,#2043));
#2045=FACE_BOUND('',#2044,.T.);
#2046=ADVANCED_FACE('',(#2045),#2027,.F.);
#2047=CARTESIAN_POINT('',(-128.87908756,-21.581737785,-3.407207682));
#2048=DIRECTION('',(0.996209245,-0.086989312,0.));
#2049=DIRECTION('',(0.086989312,0.996209245,0.));
#2050=AXIS2_PLACEMENT_3D('',#2047,#2048,#2049);
#2051=PLANE('',#2050);
#2052=CARTESIAN_POINT('',(-128.87908756,-21.581737785,-1.907207682));
#2053=VERTEX_POINT('',#2052);
#2054=CARTESIAN_POINT('',(-128.87908756,-21.581737785,-1.907207682));
#2055=DIRECTION('',(0.086989312,0.996209245,0.));
#2056=VECTOR('',#2055,76.202464884);
#2057=LINE('',#2054,#2056);
#2058=EDGE_CURVE('',#2053,#2029,#2057,.T.);
#2059=ORIENTED_EDGE('',*,*,#2058,.T.);
#2060=ORIENTED_EDGE('',*,*,#2042,.F.);
#2061=ORIENTED_EDGE('',*,*,#575,.F.);
#2062=CARTESIAN_POINT('',(-128.87908756,-21.581737785,-3.407207682));
#2063=DIRECTION('',(0.,0.,1.));
#2064=VECTOR('',#2063,1.5);
#2065=LINE('',#2062,#2064);
#2066=EDGE_CURVE('',#562,#2053,#2065,.T.);
#2067=ORIENTED_EDGE('',*,*,#2066,.T.);
#2068=EDGE_LOOP('',(#2059,#2060,#2061,#2067));
#2069=FACE_BOUND('',#2068,.T.);
#2070=ADVANCED_FACE('',(#2069),#2051,.F.);
#2071=CARTESIAN_POINT('',(-90.43928756,-44.094437785,-3.407207682));
#2072=DIRECTION('',(0.505369014,0.862903331,0.));
#2073=DIRECTION('',(-0.862903331,0.505369014,0.));
#2074=AXIS2_PLACEMENT_3D('',#2071,#2072,#2073);
#2075=PLANE('',#2074);
#2076=CARTESIAN_POINT('',(-90.43928756,-44.094437785,-1.907207682));
#2077=VERTEX_POINT('',#2076);
#2078=CARTESIAN_POINT('',(-90.43928756,-44.094437785,-1.907207682));
#2079=DIRECTION('',(-0.862903331,0.505369014,0.));
#2080=VECTOR('',#2079,44.547052488);
#2081=LINE('',#2078,#2080);
#2082=EDGE_CURVE('',#2077,#2053,#2081,.T.);
#2083=ORIENTED_EDGE('',*,*,#2082,.T.);
#2084=ORIENTED_EDGE('',*,*,#2066,.F.);
#2085=ORIENTED_EDGE('',*,*,#567,.F.);
#2086=CARTESIAN_POINT('',(-90.43928756,-44.094437785,-3.407207682));
#2087=DIRECTION('',(0.,0.,1.));
#2088=VECTOR('',#2087,1.5);
#2089=LINE('',#2086,#2088);
#2090=EDGE_CURVE('',#554,#2077,#2089,.T.);
#2091=ORIENTED_EDGE('',*,*,#2090,.T.);
#2092=EDGE_LOOP('',(#2083,#2084,#2085,#2091));
#2093=FACE_BOUND('',#2092,.T.);
#2094=ADVANCED_FACE('',(#2093),#2075,.F.);
#2095=CARTESIAN_POINT('',(-52.23968756,-47.469237785,-3.407207682));
#2096=DIRECTION('',(0.088003704,0.996120147,0.));
#2097=DIRECTION('',(-0.996120147,0.088003704,0.));
#2098=AXIS2_PLACEMENT_3D('',#2095,#2096,#2097);
#2099=PLANE('',#2098);
#2100=CARTESIAN_POINT('',(-52.23968756,-47.469237785,-1.907207682));
#2101=VERTEX_POINT('',#2100);
#2102=CARTESIAN_POINT('',(-52.23968756,-47.469237785,-1.907207682));
#2103=DIRECTION('',(-0.996120147,0.088003704,0.));
#2104=VECTOR('',#2103,38.348386083);
#2105=LINE('',#2102,#2104);
#2106=EDGE_CURVE('',#2101,#2077,#2105,.T.);
#2107=ORIENTED_EDGE('',*,*,#2106,.T.);
#2108=ORIENTED_EDGE('',*,*,#2090,.F.);
#2109=ORIENTED_EDGE('',*,*,#559,.F.);
#2110=CARTESIAN_POINT('',(-52.23968756,-47.469237785,-3.407207682));
#2111=DIRECTION('',(0.,0.,1.));
#2112=VECTOR('',#2111,1.5);
#2113=LINE('',#2110,#2112);
#2114=EDGE_CURVE('',#546,#2101,#2113,.T.);
#2115=ORIENTED_EDGE('',*,*,#2114,.T.);
#2116=EDGE_LOOP('',(#2107,#2108,#2109,#2115));
#2117=FACE_BOUND('',#2116,.T.);
#2118=ADVANCED_FACE('',(#2117),#2099,.F.);
#2119=CARTESIAN_POINT('',(-33.45078756,-52.512737785,-3.407207682));
#2120=DIRECTION('',(0.259252069,0.965809694,0.));
#2121=DIRECTION('',(-0.965809694,0.259252069,0.));
#2122=AXIS2_PLACEMENT_3D('',#2119,#2120,#2121);
#2123=PLANE('',#2122);
#2124=CARTESIAN_POINT('',(-33.45078756,-52.512737785,-1.907207682));
#2125=VERTEX_POINT('',#2124);
#2126=CARTESIAN_POINT('',(-33.45078756,-52.512737785,-1.907207682));
#2127=DIRECTION('',(-0.965809694,0.259252069,0.));
#2128=VECTOR('',#2127,19.454039567);
#2129=LINE('',#2126,#2128);
#2130=EDGE_CURVE('',#2125,#2101,#2129,.T.);
#2131=ORIENTED_EDGE('',*,*,#2130,.T.);
#2132=ORIENTED_EDGE('',*,*,#2114,.F.);
#2133=ORIENTED_EDGE('',*,*,#551,.F.);
#2134=CARTESIAN_POINT('',(-33.45078756,-52.512737785,-3.407207682));
#2135=DIRECTION('',(0.,0.,1.));
#2136=VECTOR('',#2135,1.5);
#2137=LINE('',#2134,#2136);
#2138=EDGE_CURVE('',#538,#2125,#2137,.T.);
#2139=ORIENTED_EDGE('',*,*,#2138,.T.);
#2140=EDGE_LOOP('',(#2131,#2132,#2133,#2139));
#2141=FACE_BOUND('',#2140,.T.);
#2142=ADVANCED_FACE('',(#2141),#2123,.F.);
#2143=CARTESIAN_POINT('',(-33.45078756,-52.512737785,-3.407207682));
#2144=DIRECTION('',(-0.223405207,-0.974725661,0.));
#2145=DIRECTION('',(0.974725661,-0.223405207,0.));
#2146=AXIS2_PLACEMENT_3D('',#2143,#2144,#2145);
#2147=PLANE('',#2146);
#2148=CARTESIAN_POINT('',(-30.39578756,-53.212937785,-1.907207682));
#2149=VERTEX_POINT('',#2148);
#2150=CARTESIAN_POINT('',(-33.45078756,-52.512737785,-1.907207682));
#2151=DIRECTION('',(0.974725661,-0.223405207,0.));
#2152=VECTOR('',#2151,3.134215219);
#2153=LINE('',#2150,#2152);
#2154=EDGE_CURVE('',#2125,#2149,#2153,.T.);
#2155=ORIENTED_EDGE('',*,*,#2154,.F.);
#2156=ORIENTED_EDGE('',*,*,#2138,.F.);
#2157=ORIENTED_EDGE('',*,*,#543,.T.);
#2158=CARTESIAN_POINT('',(-30.39578756,-53.212937785,-3.407207682));
#2159=DIRECTION('',(0.,0.,1.));
#2160=VECTOR('',#2159,1.5);
#2161=LINE('',#2158,#2160);
#2162=EDGE_CURVE('',#530,#2149,#2161,.T.);
#2163=ORIENTED_EDGE('',*,*,#2162,.T.);
#2164=EDGE_LOOP('',(#2155,#2156,#2157,#2163));
#2165=FACE_BOUND('',#2164,.T.);
#2166=ADVANCED_FACE('',(#2165),#2147,.T.);
#2167=CARTESIAN_POINT('',(-1.72748756,-55.725437785,-3.407207682));
#2168=DIRECTION('',(0.087305707,0.996181567,0.));
#2169=DIRECTION('',(-0.996181567,0.087305707,0.));
#2170=AXIS2_PLACEMENT_3D('',#2167,#2168,#2169);
#2171=PLANE('',#2170);
#2172=CARTESIAN_POINT('',(-1.72748756,-55.725437785,-1.907207682));
#2173=VERTEX_POINT('',#2172);
#2174=CARTESIAN_POINT('',(-1.72748756,-55.725437785,-1.907207682));
#2175=DIRECTION('',(-0.996181567,0.087305707,0.));
#2176=VECTOR('',#2175,28.778187593);
#2177=LINE('',#2174,#2176);
#2178=EDGE_CURVE('',#2173,#2149,#2177,.T.);
#2179=ORIENTED_EDGE('',*,*,#2178,.T.);
#2180=ORIENTED_EDGE('',*,*,#2162,.F.);
#2181=ORIENTED_EDGE('',*,*,#535,.F.);
#2182=CARTESIAN_POINT('',(-1.72748756,-55.725437785,-3.407207682));
#2183=DIRECTION('',(0.,0.,1.));
#2184=VECTOR('',#2183,1.5);
#2185=LINE('',#2182,#2184);
#2186=EDGE_CURVE('',#522,#2173,#2185,.T.);
#2187=ORIENTED_EDGE('',*,*,#2186,.T.);
#2188=EDGE_LOOP('',(#2179,#2180,#2181,#2187));
#2189=FACE_BOUND('',#2188,.T.);
#2190=ADVANCED_FACE('',(#2189),#2171,.F.);
#2191=CARTESIAN_POINT('',(-1.72748756,-55.725437785,-3.407207682));
#2192=DIRECTION('',(-0.007258905,-0.999973654,0.));
#2193=DIRECTION('',(0.999973654,-0.007258905,0.));
#2194=AXIS2_PLACEMENT_3D('',#2191,#2192,#2193);
#2195=PLANE('',#2194);
#2196=CARTESIAN_POINT('',(1.63381244,-55.749837785,-1.907207682));
#2197=VERTEX_POINT('',#2196);
#2198=CARTESIAN_POINT('',(-1.72748756,-55.725437785,-1.907207682));
#2199=DIRECTION('',(0.999973654,-0.007258905,0.));
#2200=VECTOR('',#2199,3.36138856);
#2201=LINE('',#2198,#2200);
#2202=EDGE_CURVE('',#2173,#2197,#2201,.T.);
#2203=ORIENTED_EDGE('',*,*,#2202,.F.);
#2204=ORIENTED_EDGE('',*,*,#2186,.F.);
#2205=ORIENTED_EDGE('',*,*,#527,.T.);
#2206=CARTESIAN_POINT('',(1.63381244,-55.749837785,-3.407207682));
#2207=DIRECTION('',(0.,0.,1.));
#2208=VECTOR('',#2207,1.5);
#2209=LINE('',#2206,#2208);
#2210=EDGE_CURVE('',#514,#2197,#2209,.T.);
#2211=ORIENTED_EDGE('',*,*,#2210,.T.);
#2212=EDGE_LOOP('',(#2203,#2204,#2205,#2211));
#2213=FACE_BOUND('',#2212,.T.);
#2214=ADVANCED_FACE('',(#2213),#2195,.T.);
#2215=CARTESIAN_POINT('',(30.30201244,-53.237337785,-3.407207682));
#2216=DIRECTION('',(-0.087306009,0.99618154,0.));
#2217=DIRECTION('',(-0.99618154,-0.087306009,0.));
#2218=AXIS2_PLACEMENT_3D('',#2215,#2216,#2217);
#2219=PLANE('',#2218);
#2220=CARTESIAN_POINT('',(30.30201244,-53.237337785,-1.907207682));
#2221=VERTEX_POINT('',#2220);
#2222=CARTESIAN_POINT('',(30.30201244,-53.237337785,-1.907207682));
#2223=DIRECTION('',(-0.99618154,-0.087306009,0.));
#2224=VECTOR('',#2223,28.778087975);
#2225=LINE('',#2222,#2224);
#2226=EDGE_CURVE('',#2221,#2197,#2225,.T.);
#2227=ORIENTED_EDGE('',*,*,#2226,.T.);
#2228=ORIENTED_EDGE('',*,*,#2210,.F.);
#2229=ORIENTED_EDGE('',*,*,#519,.F.);
#2230=CARTESIAN_POINT('',(30.30201244,-53.237337785,-3.407207682));
#2231=DIRECTION('',(0.,0.,1.));
#2232=VECTOR('',#2231,1.5);
#2233=LINE('',#2230,#2232);
#2234=EDGE_CURVE('',#506,#2221,#2233,.T.);
#2235=ORIENTED_EDGE('',*,*,#2234,.T.);
#2236=EDGE_LOOP('',(#2227,#2228,#2229,#2235));
#2237=FACE_BOUND('',#2236,.T.);
#2238=ADVANCED_FACE('',(#2237),#2219,.F.);
#2239=CARTESIAN_POINT('',(33.35931244,-52.648837785,-3.407207682));
#2240=DIRECTION('',(-0.189020128,0.981973213,0.));
#2241=DIRECTION('',(-0.981973213,-0.189020128,0.));
#2242=AXIS2_PLACEMENT_3D('',#2239,#2240,#2241);
#2243=PLANE('',#2242);
#2244=CARTESIAN_POINT('',(33.35931244,-52.648837785,-1.907207682));
#2245=VERTEX_POINT('',#2244);
#2246=CARTESIAN_POINT('',(33.35931244,-52.648837785,-1.907207682));
#2247=DIRECTION('',(-0.981973213,-0.189020128,0.));
#2248=VECTOR('',#2247,3.11342505);
#2249=LINE('',#2246,#2248);
#2250=EDGE_CURVE('',#2245,#2221,#2249,.T.);
#2251=ORIENTED_EDGE('',*,*,#2250,.T.);
#2252=ORIENTED_EDGE('',*,*,#2234,.F.);
#2253=ORIENTED_EDGE('',*,*,#511,.F.);
#2254=CARTESIAN_POINT('',(33.35931244,-52.648837785,-3.407207682));
#2255=DIRECTION('',(0.,0.,1.));
#2256=VECTOR('',#2255,1.5);
#2257=LINE('',#2254,#2256);
#2258=EDGE_CURVE('',#498,#2245,#2257,.T.);
#2259=ORIENTED_EDGE('',*,*,#2258,.T.);
#2260=EDGE_LOOP('',(#2251,#2252,#2253,#2259));
#2261=FACE_BOUND('',#2260,.T.);
#2262=ADVANCED_FACE('',(#2261),#2243,.F.);
#2263=CARTESIAN_POINT('',(52.14811244,-47.605237785,-3.407207682));
#2264=DIRECTION('',(-0.259258151,0.965808061,0.));
#2265=DIRECTION('',(-0.965808061,-0.259258151,0.));
#2266=AXIS2_PLACEMENT_3D('',#2263,#2264,#2265);
#2267=PLANE('',#2266);
#2268=CARTESIAN_POINT('',(52.14811244,-47.605237785,-1.907207682));
#2269=VERTEX_POINT('',#2268);
#2270=CARTESIAN_POINT('',(52.14811244,-47.605237785,-1.907207682));
#2271=DIRECTION('',(-0.965808061,-0.259258151,0.));
#2272=VECTOR('',#2271,19.453968911);
#2273=LINE('',#2270,#2272);
#2274=EDGE_CURVE('',#2269,#2245,#2273,.T.);
#2275=ORIENTED_EDGE('',*,*,#2274,.T.);
#2276=ORIENTED_EDGE('',*,*,#2258,.F.);
#2277=ORIENTED_EDGE('',*,*,#503,.F.);
#2278=CARTESIAN_POINT('',(52.14811244,-47.605237785,-3.407207682));
#2279=DIRECTION('',(0.,0.,1.));
#2280=VECTOR('',#2279,1.5);
#2281=LINE('',#2278,#2280);
#2282=EDGE_CURVE('',#490,#2269,#2281,.T.);
#2283=ORIENTED_EDGE('',*,*,#2282,.T.);
#2284=EDGE_LOOP('',(#2275,#2276,#2277,#2283));
#2285=FACE_BOUND('',#2284,.T.);
#2286=ADVANCED_FACE('',(#2285),#2267,.F.);
#2287=CARTESIAN_POINT('',(90.29771244,-44.221637785,-3.407207682));
#2288=DIRECTION('',(-0.088346131,0.996089836,0.));
#2289=DIRECTION('',(-0.996089836,-0.088346131,0.));
#2290=AXIS2_PLACEMENT_3D('',#2287,#2288,#2289);
#2291=PLANE('',#2290);
#2292=CARTESIAN_POINT('',(90.29771244,-44.221637785,-1.907207682));
#2293=VERTEX_POINT('',#2292);
#2294=CARTESIAN_POINT('',(90.29771244,-44.221637785,-1.907207682));
#2295=DIRECTION('',(-0.996089836,-0.088346131,0.));
#2296=VECTOR('',#2295,38.299356772);
#2297=LINE('',#2294,#2296);
#2298=EDGE_CURVE('',#2293,#2269,#2297,.T.);
#2299=ORIENTED_EDGE('',*,*,#2298,.T.);
#2300=ORIENTED_EDGE('',*,*,#2282,.F.);
#2301=ORIENTED_EDGE('',*,*,#495,.F.);
#2302=CARTESIAN_POINT('',(90.29771244,-44.221637785,-3.407207682));
#2303=DIRECTION('',(0.,0.,1.));
#2304=VECTOR('',#2303,1.5);
#2305=LINE('',#2302,#2304);
#2306=EDGE_CURVE('',#482,#2293,#2305,.T.);
#2307=ORIENTED_EDGE('',*,*,#2306,.T.);
#2308=EDGE_LOOP('',(#2299,#2300,#2301,#2307));
#2309=FACE_BOUND('',#2308,.T.);
#2310=ADVANCED_FACE('',(#2309),#2291,.F.);
#2311=CARTESIAN_POINT('',(129.14281244,-21.879637785,-3.407207682));
#2312=DIRECTION('',(-0.498572877,0.866847787,0.));
#2313=DIRECTION('',(-0.866847787,-0.498572877,0.));
#2314=AXIS2_PLACEMENT_3D('',#2311,#2312,#2313);
#2315=PLANE('',#2314);
#2316=CARTESIAN_POINT('',(129.14281244,-21.879637785,-1.907207682));
#2317=VERTEX_POINT('',#2316);
#2318=CARTESIAN_POINT('',(129.14281244,-21.879637785,-1.907207682));
#2319=DIRECTION('',(-0.866847787,-0.498572877,0.));
#2320=VECTOR('',#2319,44.8119042);
#2321=LINE('',#2318,#2320);
#2322=EDGE_CURVE('',#2317,#2293,#2321,.T.);
#2323=ORIENTED_EDGE('',*,*,#2322,.T.);
#2324=ORIENTED_EDGE('',*,*,#2306,.F.);
#2325=ORIENTED_EDGE('',*,*,#487,.F.);
#2326=CARTESIAN_POINT('',(129.14281244,-21.879637785,-3.407207682));
#2327=DIRECTION('',(0.,0.,1.));
#2328=VECTOR('',#2327,1.5);
#2329=LINE('',#2326,#2328);
#2330=EDGE_CURVE('',#474,#2317,#2329,.T.);
#2331=ORIENTED_EDGE('',*,*,#2330,.T.);
#2332=EDGE_LOOP('',(#2323,#2324,#2325,#2331));
#2333=FACE_BOUND('',#2332,.T.);
#2334=ADVANCED_FACE('',(#2333),#2315,.F.);
#2335=CARTESIAN_POINT('',(122.52271244,54.083962215,-3.407207682));
#2336=DIRECTION('',(-0.99622408,-0.086819253,0.));
#2337=DIRECTION('',(0.086819253,-0.99622408,0.));
#2338=AXIS2_PLACEMENT_3D('',#2335,#2336,#2337);
#2339=PLANE('',#2338);
#2340=CARTESIAN_POINT('',(122.52271244,54.083962215,-1.907207682));
#2341=VERTEX_POINT('',#2340);
#2342=CARTESIAN_POINT('',(122.52271244,54.083962215,-1.907207682));
#2343=DIRECTION('',(0.086819253,-0.99622408,0.));
#2344=VECTOR('',#2343,76.25151965);
#2345=LINE('',#2342,#2344);
#2346=EDGE_CURVE('',#2341,#2317,#2345,.T.);
#2347=ORIENTED_EDGE('',*,*,#2346,.T.);
#2348=ORIENTED_EDGE('',*,*,#2330,.F.);
#2349=ORIENTED_EDGE('',*,*,#479,.F.);
#2350=CARTESIAN_POINT('',(122.52271244,54.083962215,-3.407207682));
#2351=DIRECTION('',(0.,0.,1.));
#2352=VECTOR('',#2351,1.5);
#2353=LINE('',#2350,#2352);
#2354=EDGE_CURVE('',#466,#2341,#2353,.T.);
#2355=ORIENTED_EDGE('',*,*,#2354,.T.);
#2356=EDGE_LOOP('',(#2347,#2348,#2349,#2355));
#2357=FACE_BOUND('',#2356,.T.);
#2358=ADVANCED_FACE('',(#2357),#2339,.F.);
#2359=CARTESIAN_POINT('',(103.27991244,54.949362215,-3.407207682));
#2360=DIRECTION('',(-0.044927254,-0.998990261,0.));
#2361=DIRECTION('',(0.998990261,-0.044927254,0.));
#2362=AXIS2_PLACEMENT_3D('',#2359,#2360,#2361);
#2363=PLANE('',#2362);
#2364=CARTESIAN_POINT('',(103.27991244,54.949362215,-1.907207682));
#2365=VERTEX_POINT('',#2364);
#2366=CARTESIAN_POINT('',(103.27991244,54.949362215,-1.907207682));
#2367=DIRECTION('',(0.998990261,-0.044927254,0.));
#2368=VECTOR('',#2367,19.262249843);
#2369=LINE('',#2366,#2368);
#2370=EDGE_CURVE('',#2365,#2341,#2369,.T.);
#2371=ORIENTED_EDGE('',*,*,#2370,.T.);
#2372=ORIENTED_EDGE('',*,*,#2354,.F.);
#2373=ORIENTED_EDGE('',*,*,#471,.F.);
#2374=CARTESIAN_POINT('',(103.27991244,54.949362215,-3.407207682));
#2375=DIRECTION('',(0.,0.,1.));
#2376=VECTOR('',#2375,1.5);
#2377=LINE('',#2374,#2376);
#2378=EDGE_CURVE('',#458,#2365,#2377,.T.);
#2379=ORIENTED_EDGE('',*,*,#2378,.T.);
#2380=EDGE_LOOP('',(#2371,#2372,#2373,#2379));
#2381=FACE_BOUND('',#2380,.T.);
#2382=ADVANCED_FACE('',(#2381),#2363,.F.);
#2383=CARTESIAN_POINT('',(84.17551244,54.552362215,-3.407207682));
#2384=DIRECTION('',(0.020776068,-0.999784154,0.));
#2385=DIRECTION('',(0.999784154,0.020776068,0.));
#2386=AXIS2_PLACEMENT_3D('',#2383,#2384,#2385);
#2387=PLANE('',#2386);
#2388=CARTESIAN_POINT('',(84.17551244,54.552362215,-1.907207682));
#2389=VERTEX_POINT('',#2388);
#2390=CARTESIAN_POINT('',(84.17551244,54.552362215,-1.907207682));
#2391=DIRECTION('',(0.999784154,0.020776068,0.));
#2392=VECTOR('',#2391,19.108524495);
#2393=LINE('',#2390,#2392);
#2394=EDGE_CURVE('',#2389,#2365,#2393,.T.);
#2395=ORIENTED_EDGE('',*,*,#2394,.T.);
#2396=ORIENTED_EDGE('',*,*,#2378,.F.);
#2397=ORIENTED_EDGE('',*,*,#463,.F.);
#2398=CARTESIAN_POINT('',(84.17551244,54.552362215,-3.407207682));
#2399=DIRECTION('',(0.,0.,1.));
#2400=VECTOR('',#2399,1.5);
#2401=LINE('',#2398,#2400);
#2402=EDGE_CURVE('',#450,#2389,#2401,.T.);
#2403=ORIENTED_EDGE('',*,*,#2402,.T.);
#2404=EDGE_LOOP('',(#2395,#2396,#2397,#2403));
#2405=FACE_BOUND('',#2404,.T.);
#2406=ADVANCED_FACE('',(#2405),#2387,.F.);
#2407=CARTESIAN_POINT('',(65.12121244,54.146562215,-3.407207682));
#2408=DIRECTION('',(0.021292202,-0.999773295,0.));
#2409=DIRECTION('',(0.999773295,0.021292202,0.));
#2410=AXIS2_PLACEMENT_3D('',#2407,#2408,#2409);
#2411=PLANE('',#2410);
#2412=CARTESIAN_POINT('',(65.12121244,54.146562215,-1.907207682));
#2413=VERTEX_POINT('',#2412);
#2414=CARTESIAN_POINT('',(65.12121244,54.146562215,-1.907207682));
#2415=DIRECTION('',(0.999773295,0.021292202,0.));
#2416=VECTOR('',#2415,19.058620678);
#2417=LINE('',#2414,#2416);
#2418=EDGE_CURVE('',#2413,#2389,#2417,.T.);
#2419=ORIENTED_EDGE('',*,*,#2418,.T.);
#2420=ORIENTED_EDGE('',*,*,#2402,.F.);
#2421=ORIENTED_EDGE('',*,*,#455,.F.);
#2422=CARTESIAN_POINT('',(65.12121244,54.146562215,-3.407207682));
#2423=DIRECTION('',(0.,0.,1.));
#2424=VECTOR('',#2423,1.5);
#2425=LINE('',#2422,#2424);
#2426=EDGE_CURVE('',#442,#2413,#2425,.T.);
#2427=ORIENTED_EDGE('',*,*,#2426,.T.);
#2428=EDGE_LOOP('',(#2419,#2420,#2421,#2427));
#2429=FACE_BOUND('',#2428,.T.);
#2430=ADVANCED_FACE('',(#2429),#2411,.F.);
#2431=CARTESIAN_POINT('',(46.15531244,52.487162215,-3.407207682));
#2432=DIRECTION('',(0.087160891,-0.996194248,0.));
#2433=DIRECTION('',(0.996194248,0.087160891,0.));
#2434=AXIS2_PLACEMENT_3D('',#2431,#2432,#2433);
#2435=PLANE('',#2434);
#2436=CARTESIAN_POINT('',(46.134811852,52.48536854,-1.907207682));
#2437=DIRECTION('',(0.996194248,0.087160891,0.));
#2438=VECTOR('',#2437,19.058934171);
#2439=LINE('',#2436,#2438);
#2440=EDGE_CURVE('',#1758,#2413,#2439,.T.);
#2441=ORIENTED_EDGE('',*,*,#2440,.T.);
#2442=ORIENTED_EDGE('',*,*,#2426,.F.);
#2443=ORIENTED_EDGE('',*,*,#447,.F.);
#2444=ORIENTED_EDGE('',*,*,#1769,.T.);
#2445=EDGE_LOOP('',(#2441,#2442,#2443,#2444));
#2446=FACE_BOUND('',#2445,.T.);
#2447=ADVANCED_FACE('',(#2446),#2435,.F.);
#2448=CARTESIAN_POINT('',(-28.93578756,27.675162215,-3.407207682));
#2449=DIRECTION('',(0.,0.,1.));
#2450=DIRECTION('',(1.,0.,-0.));
#2451=AXIS2_PLACEMENT_3D('',#2448,#2449,#2450);
#2452=CYLINDRICAL_SURFACE('',#2451,1.1);
#2453=CARTESIAN_POINT('',(-27.83578756,27.675162215,-1.907207682));
#2454=DIRECTION('',(-0.,-0.,-1.));
#2455=VECTOR('',#2454,1.5);
#2456=LINE('',#2453,#2455);
#2457=EDGE_CURVE('',#1569,#226,#2456,.T.);
#2458=ORIENTED_EDGE('',*,*,#2457,.F.);
#2459=ORIENTED_EDGE('',*,*,#1575,.F.);
#2460=ORIENTED_EDGE('',*,*,#2457,.T.);
#2461=ORIENTED_EDGE('',*,*,#232,.T.);
#2462=EDGE_LOOP('',(#2458,#2459,#2460,#2461));
#2463=FACE_BOUND('',#2462,.T.);
#2464=ADVANCED_FACE('',(#2463),#2452,.F.);
#2465=CARTESIAN_POINT('',(-28.18578756,-31.924837785,-3.407207682));
#2466=DIRECTION('',(0.,0.,1.));
#2467=DIRECTION('',(1.,0.,-0.));
#2468=AXIS2_PLACEMENT_3D('',#2465,#2466,#2467);
#2469=CYLINDRICAL_SURFACE('',#2468,1.1);
#2470=CARTESIAN_POINT('',(-27.08578756,-31.924837785,-1.907207682));
#2471=DIRECTION('',(-0.,-0.,-1.));
#2472=VECTOR('',#2471,1.5);
#2473=LINE('',#2470,#2472);
#2474=EDGE_CURVE('',#1706,#215,#2473,.T.);
#2475=ORIENTED_EDGE('',*,*,#2474,.F.);
#2476=ORIENTED_EDGE('',*,*,#1712,.F.);
#2477=ORIENTED_EDGE('',*,*,#2474,.T.);
#2478=ORIENTED_EDGE('',*,*,#221,.T.);
#2479=EDGE_LOOP('',(#2475,#2476,#2477,#2478));
#2480=FACE_BOUND('',#2479,.T.);
#2481=ADVANCED_FACE('',(#2480),#2469,.F.);
#2482=CARTESIAN_POINT('',(29.21421244,27.425162215,-3.407207682));
#2483=DIRECTION('',(0.,0.,1.));
#2484=DIRECTION('',(1.,0.,-0.));
#2485=AXIS2_PLACEMENT_3D('',#2482,#2483,#2484);
#2486=CYLINDRICAL_SURFACE('',#2485,1.1);
#2487=CARTESIAN_POINT('',(30.31421244,27.425162215,-1.907207682));
#2488=DIRECTION('',(-0.,-0.,-1.));
#2489=VECTOR('',#2488,1.5);
#2490=LINE('',#2487,#2489);
#2491=EDGE_CURVE('',#1432,#204,#2490,.T.);
#2492=ORIENTED_EDGE('',*,*,#2491,.F.);
#2493=ORIENTED_EDGE('',*,*,#1438,.F.);
#2494=ORIENTED_EDGE('',*,*,#2491,.T.);
#2495=ORIENTED_EDGE('',*,*,#210,.T.);
#2496=EDGE_LOOP('',(#2492,#2493,#2494,#2495));
#2497=FACE_BOUND('',#2496,.T.);
#2498=ADVANCED_FACE('',(#2497),#2486,.F.);
#2499=CARTESIAN_POINT('',(105.06421244,34.725162215,-3.407207682));
#2500=DIRECTION('',(0.,0.,1.));
#2501=DIRECTION('',(1.,0.,-0.));
#2502=AXIS2_PLACEMENT_3D('',#2499,#2500,#2501);
#2503=CYLINDRICAL_SURFACE('',#2502,1.1);
#2504=CARTESIAN_POINT('',(106.16421244,34.725162215,-1.907207682));
#2505=DIRECTION('',(-0.,-0.,-1.));
#2506=VECTOR('',#2505,1.5);
#2507=LINE('',#2504,#2506);
#2508=EDGE_CURVE('',#1021,#193,#2507,.T.);
#2509=ORIENTED_EDGE('',*,*,#2508,.F.);
#2510=ORIENTED_EDGE('',*,*,#1027,.F.);
#2511=ORIENTED_EDGE('',*,*,#2508,.T.);
#2512=ORIENTED_EDGE('',*,*,#199,.T.);
#2513=EDGE_LOOP('',(#2509,#2510,#2511,#2512));
#2514=FACE_BOUND('',#2513,.T.);
#2515=ADVANCED_FACE('',(#2514),#2503,.F.);
#2516=CARTESIAN_POINT('',(-105.98578756,-25.974837785,-3.407207682));
#2517=DIRECTION('',(0.,0.,1.));
#2518=DIRECTION('',(1.,0.,-0.));
#2519=AXIS2_PLACEMENT_3D('',#2516,#2517,#2518);
#2520=CYLINDRICAL_SURFACE('',#2519,1.1);
#2521=CARTESIAN_POINT('',(-104.88578756,-25.974837785,-1.907207682));
#2522=DIRECTION('',(-0.,-0.,-1.));
#2523=VECTOR('',#2522,1.5);
#2524=LINE('',#2521,#2523);
#2525=EDGE_CURVE('',#747,#182,#2524,.T.);
#2526=ORIENTED_EDGE('',*,*,#2525,.F.);
#2527=ORIENTED_EDGE('',*,*,#753,.F.);
#2528=ORIENTED_EDGE('',*,*,#2525,.T.);
#2529=ORIENTED_EDGE('',*,*,#188,.T.);
#2530=EDGE_LOOP('',(#2526,#2527,#2528,#2529));
#2531=FACE_BOUND('',#2530,.T.);
#2532=ADVANCED_FACE('',(#2531),#2520,.F.);
#2533=CARTESIAN_POINT('',(-104.78578756,34.925162215,-3.407207682));
#2534=DIRECTION('',(0.,0.,1.));
#2535=DIRECTION('',(1.,0.,-0.));
#2536=AXIS2_PLACEMENT_3D('',#2533,#2534,#2535);
#2537=CYLINDRICAL_SURFACE('',#2536,1.1);
#2538=CARTESIAN_POINT('',(-103.68578756,34.925162215,-1.907207682));
#2539=DIRECTION('',(-0.,-0.,-1.));
#2540=VECTOR('',#2539,1.5);
#2541=LINE('',#2538,#2540);
#2542=EDGE_CURVE('',#884,#171,#2541,.T.);
#2543=ORIENTED_EDGE('',*,*,#2542,.F.);
#2544=ORIENTED_EDGE('',*,*,#890,.F.);
#2545=ORIENTED_EDGE('',*,*,#2542,.T.);
#2546=ORIENTED_EDGE('',*,*,#177,.T.);
#2547=EDGE_LOOP('',(#2543,#2544,#2545,#2546));
#2548=FACE_BOUND('',#2547,.T.);
#2549=ADVANCED_FACE('',(#2548),#2537,.F.);
#2550=CARTESIAN_POINT('',(105.86421244,-26.424837785,-3.407207682));
#2551=DIRECTION('',(0.,0.,1.));
#2552=DIRECTION('',(1.,0.,-0.));
#2553=AXIS2_PLACEMENT_3D('',#2550,#2551,#2552);
#2554=CYLINDRICAL_SURFACE('',#2553,1.1);
#2555=CARTESIAN_POINT('',(106.96421244,-26.424837785,-1.907207682));
#2556=DIRECTION('',(-0.,-0.,-1.));
#2557=VECTOR('',#2556,1.5);
#2558=LINE('',#2555,#2557);
#2559=EDGE_CURVE('',#1158,#160,#2558,.T.);
#2560=ORIENTED_EDGE('',*,*,#2559,.F.);
#2561=ORIENTED_EDGE('',*,*,#1164,.F.);
#2562=ORIENTED_EDGE('',*,*,#2559,.T.);
#2563=ORIENTED_EDGE('',*,*,#166,.T.);
#2564=EDGE_LOOP('',(#2560,#2561,#2562,#2563));
#2565=FACE_BOUND('',#2564,.T.);
#2566=ADVANCED_FACE('',(#2565),#2554,.F.);
#2567=CARTESIAN_POINT('',(28.16421244,-32.124837785,-3.407207682));
#2568=DIRECTION('',(0.,0.,1.));
#2569=DIRECTION('',(1.,0.,-0.));
#2570=AXIS2_PLACEMENT_3D('',#2567,#2568,#2569);
#2571=CYLINDRICAL_SURFACE('',#2570,1.1);
#2572=CARTESIAN_POINT('',(29.26421244,-32.124837785,-1.907207682));
#2573=DIRECTION('',(-0.,-0.,-1.));
#2574=VECTOR('',#2573,1.5);
#2575=LINE('',#2572,#2574);
#2576=EDGE_CURVE('',#1295,#237,#2575,.T.);
#2577=ORIENTED_EDGE('',*,*,#2576,.F.);
#2578=ORIENTED_EDGE('',*,*,#1301,.F.);
#2579=ORIENTED_EDGE('',*,*,#2576,.T.);
#2580=ORIENTED_EDGE('',*,*,#243,.T.);
#2581=EDGE_LOOP('',(#2577,#2578,#2579,#2580));
#2582=FACE_BOUND('',#2581,.T.);
#2583=ADVANCED_FACE('',(#2582),#2571,.F.);
#2584=CARTESIAN_POINT('',(0.,0.,-1.907207682));
#2585=DIRECTION('',(0.,0.,1.));
#2586=DIRECTION('',(1.,0.,0.));
#2587=AXIS2_PLACEMENT_3D('',#2584,#2585,#2586);
#2588=PLANE('',#2587);
#2589=ORIENTED_EDGE('',*,*,#715,.F.);
#2590=ORIENTED_EDGE('',*,*,#722,.F.);
#2591=EDGE_LOOP('',(#2589,#2590));
#2592=FACE_BOUND('',#2591,.T.);
#2593=ORIENTED_EDGE('',*,*,#852,.F.);
#2594=ORIENTED_EDGE('',*,*,#859,.F.);
#2595=EDGE_LOOP('',(#2593,#2594));
#2596=FACE_BOUND('',#2595,.T.);
#2597=ORIENTED_EDGE('',*,*,#989,.F.);
#2598=ORIENTED_EDGE('',*,*,#996,.F.);
#2599=EDGE_LOOP('',(#2597,#2598));
#2600=FACE_BOUND('',#2599,.T.);
#2601=ORIENTED_EDGE('',*,*,#1126,.F.);
#2602=ORIENTED_EDGE('',*,*,#1133,.F.);
#2603=EDGE_LOOP('',(#2601,#2602));
#2604=FACE_BOUND('',#2603,.T.);
#2605=ORIENTED_EDGE('',*,*,#1263,.F.);
#2606=ORIENTED_EDGE('',*,*,#1270,.F.);
#2607=EDGE_LOOP('',(#2605,#2606));
#2608=FACE_BOUND('',#2607,.T.);
#2609=ORIENTED_EDGE('',*,*,#1400,.F.);
#2610=ORIENTED_EDGE('',*,*,#1407,.F.);
#2611=EDGE_LOOP('',(#2609,#2610));
#2612=FACE_BOUND('',#2611,.T.);
#2613=ORIENTED_EDGE('',*,*,#1537,.F.);
#2614=ORIENTED_EDGE('',*,*,#1544,.F.);
#2615=EDGE_LOOP('',(#2613,#2614));
#2616=FACE_BOUND('',#2615,.T.);
#2617=ORIENTED_EDGE('',*,*,#1674,.F.);
#2618=ORIENTED_EDGE('',*,*,#1681,.F.);
#2619=EDGE_LOOP('',(#2617,#2618));
#2620=FACE_BOUND('',#2619,.T.);
#2621=ORIENTED_EDGE('',*,*,#1763,.F.);
#2622=ORIENTED_EDGE('',*,*,#1864,.T.);
#2623=ORIENTED_EDGE('',*,*,#1918,.F.);
#2624=ORIENTED_EDGE('',*,*,#1890,.F.);
#2625=ORIENTED_EDGE('',*,*,#1937,.F.);
#2626=ORIENTED_EDGE('',*,*,#1962,.F.);
#2627=ORIENTED_EDGE('',*,*,#1986,.F.);
#2628=ORIENTED_EDGE('',*,*,#2010,.F.);
#2629=ORIENTED_EDGE('',*,*,#2034,.F.);
#2630=ORIENTED_EDGE('',*,*,#2058,.F.);
#2631=ORIENTED_EDGE('',*,*,#2082,.F.);
#2632=ORIENTED_EDGE('',*,*,#2106,.F.);
#2633=ORIENTED_EDGE('',*,*,#2130,.F.);
#2634=ORIENTED_EDGE('',*,*,#2154,.T.);
#2635=ORIENTED_EDGE('',*,*,#2178,.F.);
#2636=ORIENTED_EDGE('',*,*,#2202,.T.);
#2637=ORIENTED_EDGE('',*,*,#2226,.F.);
#2638=ORIENTED_EDGE('',*,*,#2250,.F.);
#2639=ORIENTED_EDGE('',*,*,#2274,.F.);
#2640=ORIENTED_EDGE('',*,*,#2298,.F.);
#2641=ORIENTED_EDGE('',*,*,#2322,.F.);
#2642=ORIENTED_EDGE('',*,*,#2346,.F.);
#2643=ORIENTED_EDGE('',*,*,#2370,.F.);
#2644=ORIENTED_EDGE('',*,*,#2394,.F.);
#2645=ORIENTED_EDGE('',*,*,#2418,.F.);
#2646=ORIENTED_EDGE('',*,*,#2440,.F.);
#2647=EDGE_LOOP('',(#2621,#2622,#2623,#2624,#2625,#2626,#2627,#2628,#2629,#2630,#2631,#2632,#2633,#2634,#2635,#2636,#2637,#2638,#2639,#2640,#2641,#2642,#2643,#2644,#2645,#2646));
#2648=FACE_BOUND('',#2647,.T.);
#2649=ADVANCED_FACE('',(#2592,#2596,#2600,#2604,#2608,#2612,#2616,#2620,#2648),#2588,.T.);
#2650=CARTESIAN_POINT('',(7.636719653,113.961663057,-1.509087113));
#2651=DIRECTION('',(1.,0.,0.));
#2652=DIRECTION('',(0.,0.,-1.));
#2653=AXIS2_PLACEMENT_3D('',#2650,#2651,#2652);
#2654=PLANE('',#2653);
#2655=ORIENTED_EDGE('',*,*,#431,.F.);
#2656=CARTESIAN_POINT('',(7.636719653,1.7,-1.509087113));
#2657=VERTEX_POINT('',#2656);
#2658=CARTESIAN_POINT('',(7.636719653,1.7,-3.407207682));
#2659=DIRECTION('',(-0.,-0.,1.));
#2660=VECTOR('',#2659,1.898120568);
#2661=LINE('',#2658,#2660);
#2662=EDGE_CURVE('',#417,#2657,#2661,.T.);
#2663=ORIENTED_EDGE('',*,*,#2662,.T.);
#2664=CARTESIAN_POINT('',(7.636719653,45.086879019,-1.509087113));
#2665=DIRECTION('',(0.,-1.,0.));
#2666=VECTOR('',#2665,43.386879019);
#2667=LINE('',#2664,#2666);
#2668=EDGE_CURVE('',#1773,#2657,#2667,.T.);
#2669=ORIENTED_EDGE('',*,*,#2668,.F.);
#2670=ORIENTED_EDGE('',*,*,#1778,.T.);
#2671=EDGE_LOOP('',(#2655,#2663,#2669,#2670));
#2672=FACE_BOUND('',#2671,.T.);
#2673=ADVANCED_FACE('',(#2672),#2654,.F.);
#2674=CARTESIAN_POINT('',(5.636719653,113.961663057,-1.509087113));
#2675=DIRECTION('',(1.,0.,0.));
#2676=DIRECTION('',(0.,0.,-1.));
#2677=AXIS2_PLACEMENT_3D('',#2674,#2675,#2676);
#2678=PLANE('',#2677);
#2679=CARTESIAN_POINT('',(5.636719653,1.7,-1.509087113));
#2680=VERTEX_POINT('',#2679);
#2681=CARTESIAN_POINT('',(5.636719653,1.7,-1.907207682));
#2682=VERTEX_POINT('',#2681);
#2683=CARTESIAN_POINT('',(5.636719653,1.7,-1.509087113));
#2684=DIRECTION('',(0.,0.,-1.));
#2685=VECTOR('',#2684,0.398120568);
#2686=LINE('',#2683,#2685);
#2687=EDGE_CURVE('',#2680,#2682,#2686,.T.);
#2688=ORIENTED_EDGE('',*,*,#2687,.T.);
#2689=CARTESIAN_POINT('',(5.636719653,1.7,-1.907207682));
#2690=DIRECTION('',(-0.,-0.,-1.));
#2691=VECTOR('',#2690,1.5);
#2692=LINE('',#2689,#2691);
#2693=EDGE_CURVE('',#2682,#400,#2692,.T.);
#2694=ORIENTED_EDGE('',*,*,#2693,.T.);
#2695=ORIENTED_EDGE('',*,*,#405,.T.);
#2696=ORIENTED_EDGE('',*,*,#1792,.F.);
#2697=CARTESIAN_POINT('',(5.636719653,44.702522855,-1.509087113));
#2698=DIRECTION('',(0.,-1.,-0.));
#2699=VECTOR('',#2698,43.002522855);
#2700=LINE('',#2697,#2699);
#2701=EDGE_CURVE('',#1781,#2680,#2700,.T.);
#2702=ORIENTED_EDGE('',*,*,#2701,.T.);
#2703=EDGE_LOOP('',(#2688,#2694,#2695,#2696,#2702));
#2704=FACE_BOUND('',#2703,.T.);
#2705=ADVANCED_FACE('',(#2704),#2678,.T.);
#2706=CARTESIAN_POINT('',(7.636719653,113.961663057,-1.509087113));
#2707=DIRECTION('',(0.,0.,1.));
#2708=DIRECTION('',(1.,0.,0.));
#2709=AXIS2_PLACEMENT_3D('',#2706,#2707,#2708);
#2710=PLANE('',#2709);
#2711=CARTESIAN_POINT('',(6.636719653,0.7,-1.509087113));
#2712=VERTEX_POINT('',#2711);
#2713=CARTESIAN_POINT('',(6.636719653,1.7,-1.509087113));
#2714=DIRECTION('',(-0.,-0.,-1.));
#2715=DIRECTION('',(1.,0.,-0.));
#2716=AXIS2_PLACEMENT_3D('',#2713,#2714,#2715);
#2717=CIRCLE('',#2716,1.);
#2718=EDGE_CURVE('',#2657,#2712,#2717,.T.);
#2719=ORIENTED_EDGE('',*,*,#2718,.T.);
#2720=CARTESIAN_POINT('',(6.636719653,1.7,-1.509087113));
#2721=DIRECTION('',(-0.,-0.,-1.));
#2722=DIRECTION('',(1.,0.,-0.));
#2723=AXIS2_PLACEMENT_3D('',#2720,#2721,#2722);
#2724=CIRCLE('',#2723,1.);
#2725=EDGE_CURVE('',#2712,#2680,#2724,.T.);
#2726=ORIENTED_EDGE('',*,*,#2725,.T.);
#2727=ORIENTED_EDGE('',*,*,#2701,.F.);
#2728=ORIENTED_EDGE('',*,*,#1786,.T.);
#2729=ORIENTED_EDGE('',*,*,#2668,.T.);
#2730=EDGE_LOOP('',(#2719,#2726,#2727,#2728,#2729));
#2731=FACE_BOUND('',#2730,.T.);
#2732=ADVANCED_FACE('',(#2731),#2710,.F.);
#2733=CARTESIAN_POINT('',(2.636719653,113.961663057,-1.907207682));
#2734=DIRECTION('',(-1.,0.,0.));
#2735=DIRECTION('',(0.,0.,1.));
#2736=AXIS2_PLACEMENT_3D('',#2733,#2734,#2735);
#2737=PLANE('',#2736);
#2738=CARTESIAN_POINT('',(2.636719653,1.7,-1.509087113));
#2739=VERTEX_POINT('',#2738);
#2740=CARTESIAN_POINT('',(2.636719653,44.125988609,-1.509087113));
#2741=DIRECTION('',(0.,-1.,0.));
#2742=VECTOR('',#2741,42.425988609);
#2743=LINE('',#2740,#2742);
#2744=EDGE_CURVE('',#1804,#2739,#2743,.T.);
#2745=ORIENTED_EDGE('',*,*,#2744,.T.);
#2746=CARTESIAN_POINT('',(2.636719653,1.7,-1.509087113));
#2747=DIRECTION('',(0.,0.,-1.));
#2748=VECTOR('',#2747,1.898120568);
#2749=LINE('',#2746,#2748);
#2750=EDGE_CURVE('',#2739,#358,#2749,.T.);
#2751=ORIENTED_EDGE('',*,*,#2750,.T.);
#2752=ORIENTED_EDGE('',*,*,#363,.F.);
#2753=ORIENTED_EDGE('',*,*,#1815,.T.);
#2754=EDGE_LOOP('',(#2745,#2751,#2752,#2753));
#2755=FACE_BOUND('',#2754,.T.);
#2756=ADVANCED_FACE('',(#2755),#2737,.F.);
#2757=CARTESIAN_POINT('',(4.636719653,113.961663057,-1.907207682));
#2758=DIRECTION('',(-1.,0.,0.));
#2759=DIRECTION('',(0.,0.,1.));
#2760=AXIS2_PLACEMENT_3D('',#2757,#2758,#2759);
#2761=PLANE('',#2760);
#2762=ORIENTED_EDGE('',*,*,#389,.T.);
#2763=CARTESIAN_POINT('',(4.636719653,1.7,-1.509087113));
#2764=VERTEX_POINT('',#2763);
#2765=CARTESIAN_POINT('',(4.636719653,1.7,-3.407207682));
#2766=DIRECTION('',(-0.,-0.,1.));
#2767=VECTOR('',#2766,1.898120568);
#2768=LINE('',#2765,#2767);
#2769=EDGE_CURVE('',#375,#2764,#2768,.T.);
#2770=ORIENTED_EDGE('',*,*,#2769,.T.);
#2771=CARTESIAN_POINT('',(4.636719653,44.510344773,-1.509087113));
#2772=DIRECTION('',(0.,-1.,0.));
#2773=VECTOR('',#2772,42.810344773);
#2774=LINE('',#2771,#2773);
#2775=EDGE_CURVE('',#1796,#2764,#2774,.T.);
#2776=ORIENTED_EDGE('',*,*,#2775,.F.);
#2777=ORIENTED_EDGE('',*,*,#1801,.F.);
#2778=EDGE_LOOP('',(#2762,#2770,#2776,#2777));
#2779=FACE_BOUND('',#2778,.T.);
#2780=ADVANCED_FACE('',(#2779),#2761,.T.);
#2781=CARTESIAN_POINT('',(4.636719653,113.961663057,-1.509087113));
#2782=DIRECTION('',(0.,0.,1.));
#2783=DIRECTION('',(1.,0.,0.));
#2784=AXIS2_PLACEMENT_3D('',#2781,#2782,#2783);
#2785=PLANE('',#2784);
#2786=CARTESIAN_POINT('',(3.636719653,0.7,-1.509087113));
#2787=VERTEX_POINT('',#2786);
#2788=CARTESIAN_POINT('',(3.636719653,1.7,-1.509087113));
#2789=DIRECTION('',(-0.,-0.,-1.));
#2790=DIRECTION('',(1.,0.,-0.));
#2791=AXIS2_PLACEMENT_3D('',#2788,#2789,#2790);
#2792=CIRCLE('',#2791,1.);
#2793=EDGE_CURVE('',#2764,#2787,#2792,.T.);
#2794=ORIENTED_EDGE('',*,*,#2793,.T.);
#2795=CARTESIAN_POINT('',(3.636719653,1.7,-1.509087113));
#2796=DIRECTION('',(-0.,-0.,-1.));
#2797=DIRECTION('',(1.,0.,-0.));
#2798=AXIS2_PLACEMENT_3D('',#2795,#2796,#2797);
#2799=CIRCLE('',#2798,1.);
#2800=EDGE_CURVE('',#2787,#2739,#2799,.T.);
#2801=ORIENTED_EDGE('',*,*,#2800,.T.);
#2802=ORIENTED_EDGE('',*,*,#2744,.F.);
#2803=ORIENTED_EDGE('',*,*,#1809,.T.);
#2804=ORIENTED_EDGE('',*,*,#2775,.T.);
#2805=EDGE_LOOP('',(#2794,#2801,#2802,#2803,#2804));
#2806=FACE_BOUND('',#2805,.T.);
#2807=ADVANCED_FACE('',(#2806),#2785,.F.);
#2808=CARTESIAN_POINT('',(-1.36328468,0.7,-1.509087113));
#2809=DIRECTION('',(0.,1.,0.));
#2810=DIRECTION('',(-1.,0.,0.));
#2811=AXIS2_PLACEMENT_3D('',#2808,#2809,#2810);
#2812=PLANE('',#2811);
#2813=ORIENTED_EDGE('',*,*,#330,.T.);
#2814=CARTESIAN_POINT('',(-0.36328468,0.7,-1.509087113));
#2815=VERTEX_POINT('',#2814);
#2816=CARTESIAN_POINT('',(-0.36328468,0.7,-3.407207682));
#2817=DIRECTION('',(-0.,-0.,1.));
#2818=VECTOR('',#2817,1.898120568);
#2819=LINE('',#2816,#2818);
#2820=EDGE_CURVE('',#316,#2815,#2819,.T.);
#2821=ORIENTED_EDGE('',*,*,#2820,.T.);
#2822=CARTESIAN_POINT('',(0.636719653,0.7,-1.509087113));
#2823=VERTEX_POINT('',#2822);
#2824=CARTESIAN_POINT('',(-0.36328468,0.7,-1.509087113));
#2825=DIRECTION('',(1.,-0.,0.));
#2826=VECTOR('',#2825,1.000004333);
#2827=LINE('',#2824,#2826);
#2828=EDGE_CURVE('',#2815,#2823,#2827,.T.);
#2829=ORIENTED_EDGE('',*,*,#2828,.T.);
#2830=CARTESIAN_POINT('',(0.636719653,0.7,-1.509087113));
#2831=DIRECTION('',(0.,0.,-1.));
#2832=VECTOR('',#2831,1.898120568);
#2833=LINE('',#2830,#2832);
#2834=EDGE_CURVE('',#2823,#325,#2833,.T.);
#2835=ORIENTED_EDGE('',*,*,#2834,.T.);
#2836=EDGE_LOOP('',(#2813,#2821,#2829,#2835));
#2837=FACE_BOUND('',#2836,.T.);
#2838=ADVANCED_FACE('',(#2837),#2812,.T.);
#2839=CARTESIAN_POINT('',(1.636719653,113.961663057,-1.509087113));
#2840=DIRECTION('',(1.,0.,0.));
#2841=DIRECTION('',(0.,0.,-1.));
#2842=AXIS2_PLACEMENT_3D('',#2839,#2840,#2841);
#2843=PLANE('',#2842);
#2844=ORIENTED_EDGE('',*,*,#347,.F.);
#2845=CARTESIAN_POINT('',(1.636719653,1.7,-1.509087113));
#2846=VERTEX_POINT('',#2845);
#2847=CARTESIAN_POINT('',(1.636719653,1.7,-3.407207682));
#2848=DIRECTION('',(-0.,-0.,1.));
#2849=VECTOR('',#2848,1.898120568);
#2850=LINE('',#2847,#2849);
#2851=EDGE_CURVE('',#333,#2846,#2850,.T.);
#2852=ORIENTED_EDGE('',*,*,#2851,.T.);
#2853=CARTESIAN_POINT('',(1.636719653,43.933810527,-1.509087113));
#2854=DIRECTION('',(0.,-1.,0.));
#2855=VECTOR('',#2854,42.233810527);
#2856=LINE('',#2853,#2855);
#2857=EDGE_CURVE('',#1727,#2846,#2856,.T.);
#2858=ORIENTED_EDGE('',*,*,#2857,.F.);
#2859=ORIENTED_EDGE('',*,*,#1732,.T.);
#2860=EDGE_LOOP('',(#2844,#2852,#2858,#2859));
#2861=FACE_BOUND('',#2860,.T.);
#2862=ADVANCED_FACE('',(#2861),#2843,.F.);
#2863=CARTESIAN_POINT('',(-1.36328468,113.961663057,-1.509087113));
#2864=DIRECTION('',(1.,0.,0.));
#2865=DIRECTION('',(0.,0.,-1.));
#2866=AXIS2_PLACEMENT_3D('',#2863,#2864,#2865);
#2867=PLANE('',#2866);
#2868=CARTESIAN_POINT('',(-1.36328468,1.7,-1.509087113));
#2869=VERTEX_POINT('',#2868);
#2870=CARTESIAN_POINT('',(-1.36328468,43.940060812,-1.509087113));
#2871=DIRECTION('',(0.,-1.,0.));
#2872=VECTOR('',#2871,42.240060812);
#2873=LINE('',#2870,#2872);
#2874=EDGE_CURVE('',#98,#2869,#2873,.T.);
#2875=ORIENTED_EDGE('',*,*,#2874,.T.);
#2876=CARTESIAN_POINT('',(-1.36328468,1.7,-1.509087113));
#2877=DIRECTION('',(0.,0.,-1.));
#2878=VECTOR('',#2877,1.898120568);
#2879=LINE('',#2876,#2878);
#2880=EDGE_CURVE('',#2869,#308,#2879,.T.);
#2881=ORIENTED_EDGE('',*,*,#2880,.T.);
#2882=ORIENTED_EDGE('',*,*,#313,.T.);
#2883=ORIENTED_EDGE('',*,*,#111,.F.);
#2884=EDGE_LOOP('',(#2875,#2881,#2882,#2883));
#2885=FACE_BOUND('',#2884,.T.);
#2886=ADVANCED_FACE('',(#2885),#2867,.T.);
#2887=CARTESIAN_POINT('',(-1.36328468,113.961663057,-1.509087113));
#2888=DIRECTION('',(0.,0.,-1.));
#2889=DIRECTION('',(-1.,0.,0.));
#2890=AXIS2_PLACEMENT_3D('',#2887,#2888,#2889);
#2891=PLANE('',#2890);
#2892=ORIENTED_EDGE('',*,*,#2828,.F.);
#2893=CARTESIAN_POINT('',(-0.36328468,1.7,-1.509087113));
#2894=DIRECTION('',(0.,0.,-1.));
#2895=DIRECTION('',(-1.,0.,0.));
#2896=AXIS2_PLACEMENT_3D('',#2893,#2894,#2895);
#2897=CIRCLE('',#2896,1.);
#2898=EDGE_CURVE('',#2815,#2869,#2897,.T.);
#2899=ORIENTED_EDGE('',*,*,#2898,.T.);
#2900=ORIENTED_EDGE('',*,*,#2874,.F.);
#2901=ORIENTED_EDGE('',*,*,#103,.F.);
#2902=ORIENTED_EDGE('',*,*,#1738,.F.);
#2903=ORIENTED_EDGE('',*,*,#2857,.T.);
#2904=CARTESIAN_POINT('',(0.636719653,1.7,-1.509087113));
#2905=DIRECTION('',(0.,0.,-1.));
#2906=DIRECTION('',(-1.,0.,0.));
#2907=AXIS2_PLACEMENT_3D('',#2904,#2905,#2906);
#2908=CIRCLE('',#2907,1.);
#2909=EDGE_CURVE('',#2846,#2823,#2908,.T.);
#2910=ORIENTED_EDGE('',*,*,#2909,.T.);
#2911=EDGE_LOOP('',(#2892,#2899,#2900,#2901,#2902,#2903,#2910));
#2912=FACE_BOUND('',#2911,.T.);
#2913=ADVANCED_FACE('',(#2912),#2891,.T.);
#2914=CARTESIAN_POINT('',(-4.36328468,113.961663057,-3.407207682));
#2915=DIRECTION('',(1.,0.,0.));
#2916=DIRECTION('',(0.,0.,-1.));
#2917=AXIS2_PLACEMENT_3D('',#2914,#2915,#2916);
#2918=PLANE('',#2917);
#2919=CARTESIAN_POINT('',(-4.36328468,1.7,-1.509087113));
#2920=VERTEX_POINT('',#2919);
#2921=CARTESIAN_POINT('',(-4.36328468,44.53288045,-1.509087113));
#2922=DIRECTION('',(0.,-1.,0.));
#2923=VECTOR('',#2922,42.83288045);
#2924=LINE('',#2921,#2923);
#2925=EDGE_CURVE('',#130,#2920,#2924,.T.);
#2926=ORIENTED_EDGE('',*,*,#2925,.T.);
#2927=CARTESIAN_POINT('',(-4.36328468,1.7,-1.509087113));
#2928=DIRECTION('',(-0.,-0.,-1.));
#2929=VECTOR('',#2928,1.898120568);
#2930=LINE('',#2927,#2929);
#2931=EDGE_CURVE('',#2920,#275,#2930,.T.);
#2932=ORIENTED_EDGE('',*,*,#2931,.T.);
#2933=ORIENTED_EDGE('',*,*,#280,.T.);
#2934=ORIENTED_EDGE('',*,*,#143,.F.);
#2935=EDGE_LOOP('',(#2926,#2932,#2933,#2934));
#2936=FACE_BOUND('',#2935,.T.);
#2937=ADVANCED_FACE('',(#2936),#2918,.T.);
#2938=CARTESIAN_POINT('',(-2.36328468,113.961663057,-1.907207682));
#2939=DIRECTION('',(-1.,0.,0.));
#2940=DIRECTION('',(0.,0.,1.));
#2941=AXIS2_PLACEMENT_3D('',#2938,#2939,#2940);
#2942=PLANE('',#2941);
#2943=ORIENTED_EDGE('',*,*,#304,.T.);
#2944=CARTESIAN_POINT('',(-2.36328468,1.7,-1.509087113));
#2945=VERTEX_POINT('',#2944);
#2946=CARTESIAN_POINT('',(-2.36328468,1.7,-3.407207682));
#2947=DIRECTION('',(-0.,-0.,1.));
#2948=VECTOR('',#2947,1.898120568);
#2949=LINE('',#2946,#2948);
#2950=EDGE_CURVE('',#292,#2945,#2949,.T.);
#2951=ORIENTED_EDGE('',*,*,#2950,.T.);
#2952=CARTESIAN_POINT('',(-2.36328468,44.137667358,-1.509087113));
#2953=DIRECTION('',(0.,-1.,0.));
#2954=VECTOR('',#2953,42.437667358);
#2955=LINE('',#2952,#2954);
#2956=EDGE_CURVE('',#122,#2945,#2955,.T.);
#2957=ORIENTED_EDGE('',*,*,#2956,.F.);
#2958=ORIENTED_EDGE('',*,*,#127,.F.);
#2959=EDGE_LOOP('',(#2943,#2951,#2957,#2958));
#2960=FACE_BOUND('',#2959,.T.);
#2961=ADVANCED_FACE('',(#2960),#2942,.T.);
#2962=CARTESIAN_POINT('',(-4.36328468,113.961663057,-1.509087113));
#2963=DIRECTION('',(0.,0.,-1.));
#2964=DIRECTION('',(-1.,0.,0.));
#2965=AXIS2_PLACEMENT_3D('',#2962,#2963,#2964);
#2966=PLANE('',#2965);
#2967=ORIENTED_EDGE('',*,*,#2956,.T.);
#2968=CARTESIAN_POINT('',(-3.36328468,0.7,-1.509087113));
#2969=VERTEX_POINT('',#2968);
#2970=CARTESIAN_POINT('',(-3.36328468,1.7,-1.509087113));
#2971=DIRECTION('',(0.,0.,-1.));
#2972=DIRECTION('',(-1.,0.,0.));
#2973=AXIS2_PLACEMENT_3D('',#2970,#2971,#2972);
#2974=CIRCLE('',#2973,1.);
#2975=EDGE_CURVE('',#2945,#2969,#2974,.T.);
#2976=ORIENTED_EDGE('',*,*,#2975,.T.);
#2977=CARTESIAN_POINT('',(-3.36328468,1.7,-1.509087113));
#2978=DIRECTION('',(0.,0.,-1.));
#2979=DIRECTION('',(-1.,0.,0.));
#2980=AXIS2_PLACEMENT_3D('',#2977,#2978,#2979);
#2981=CIRCLE('',#2980,1.);
#2982=EDGE_CURVE('',#2969,#2920,#2981,.T.);
#2983=ORIENTED_EDGE('',*,*,#2982,.T.);
#2984=ORIENTED_EDGE('',*,*,#2925,.F.);
#2985=ORIENTED_EDGE('',*,*,#135,.F.);
#2986=EDGE_LOOP('',(#2967,#2976,#2983,#2984,#2985));
#2987=FACE_BOUND('',#2986,.T.);
#2988=ADVANCED_FACE('',(#2987),#2966,.T.);
#2989=CARTESIAN_POINT('',(-5.36328468,113.961663057,-1.509087113));
#2990=DIRECTION('',(1.,0.,0.));
#2991=DIRECTION('',(0.,0.,-1.));
#2992=AXIS2_PLACEMENT_3D('',#2989,#2990,#2991);
#2993=PLANE('',#2992);
#2994=ORIENTED_EDGE('',*,*,#271,.F.);
#2995=CARTESIAN_POINT('',(-5.36328468,1.7,-1.509087113));
#2996=VERTEX_POINT('',#2995);
#2997=CARTESIAN_POINT('',(-5.36328468,1.7,-3.407207682));
#2998=DIRECTION('',(-0.,-0.,1.));
#2999=VECTOR('',#2998,1.898120568);
#3000=LINE('',#2997,#2999);
#3001=EDGE_CURVE('',#259,#2996,#3000,.T.);
#3002=ORIENTED_EDGE('',*,*,#3001,.T.);
#3003=CARTESIAN_POINT('',(-5.36328468,44.730486996,-1.509087113));
#3004=DIRECTION('',(0.,-1.,0.));
#3005=VECTOR('',#3004,43.030486996);
#3006=LINE('',#3003,#3005);
#3007=EDGE_CURVE('',#33,#2996,#3006,.T.);
#3008=ORIENTED_EDGE('',*,*,#3007,.F.);
#3009=ORIENTED_EDGE('',*,*,#40,.T.);
#3010=EDGE_LOOP('',(#2994,#3002,#3008,#3009));
#3011=FACE_BOUND('',#3010,.T.);
#3012=ADVANCED_FACE('',(#3011),#2993,.F.);
#3013=CARTESIAN_POINT('',(-7.36328468,113.961663057,-1.509087113));
#3014=DIRECTION('',(1.,0.,0.));
#3015=DIRECTION('',(0.,0.,-1.));
#3016=AXIS2_PLACEMENT_3D('',#3013,#3014,#3015);
#3017=PLANE('',#3016);
#3018=CARTESIAN_POINT('',(-7.36328468,1.7,-1.509087113));
#3019=VERTEX_POINT('',#3018);
#3020=CARTESIAN_POINT('',(-7.36328468,45.125700089,-1.509087113));
#3021=DIRECTION('',(0.,-1.,0.));
#3022=VECTOR('',#3021,43.425700089);
#3023=LINE('',#3020,#3022);
#3024=EDGE_CURVE('',#43,#3019,#3023,.T.);
#3025=ORIENTED_EDGE('',*,*,#3024,.T.);
#3026=CARTESIAN_POINT('',(-7.36328468,1.7,-1.509087113));
#3027=DIRECTION('',(0.,0.,-1.));
#3028=VECTOR('',#3027,1.898120568);
#3029=LINE('',#3026,#3028);
#3030=EDGE_CURVE('',#3019,#248,#3029,.T.);
#3031=ORIENTED_EDGE('',*,*,#3030,.T.);
#3032=ORIENTED_EDGE('',*,*,#620,.T.);
#3033=ORIENTED_EDGE('',*,*,#56,.F.);
#3034=EDGE_LOOP('',(#3025,#3031,#3032,#3033));
#3035=FACE_BOUND('',#3034,.T.);
#3036=ADVANCED_FACE('',(#3035),#3017,.T.);
#3037=CARTESIAN_POINT('',(-7.36328468,113.961663057,-1.509087113));
#3038=DIRECTION('',(0.,0.,-1.));
#3039=DIRECTION('',(-1.,0.,0.));
#3040=AXIS2_PLACEMENT_3D('',#3037,#3038,#3039);
#3041=PLANE('',#3040);
#3042=CARTESIAN_POINT('',(-6.36328468,0.7,-1.509087113));
#3043=VERTEX_POINT('',#3042);
#3044=CARTESIAN_POINT('',(-6.36328468,1.7,-1.509087113));
#3045=DIRECTION('',(0.,0.,-1.));
#3046=DIRECTION('',(-1.,0.,0.));
#3047=AXIS2_PLACEMENT_3D('',#3044,#3045,#3046);
#3048=CIRCLE('',#3047,1.);
#3049=EDGE_CURVE('',#2996,#3043,#3048,.T.);
#3050=ORIENTED_EDGE('',*,*,#3049,.T.);
#3051=CARTESIAN_POINT('',(-6.36328468,1.7,-1.509087113));
#3052=DIRECTION('',(0.,0.,-1.));
#3053=DIRECTION('',(-1.,0.,0.));
#3054=AXIS2_PLACEMENT_3D('',#3051,#3052,#3053);
#3055=CIRCLE('',#3054,1.);
#3056=EDGE_CURVE('',#3043,#3019,#3055,.T.);
#3057=ORIENTED_EDGE('',*,*,#3056,.T.);
#3058=ORIENTED_EDGE('',*,*,#3024,.F.);
#3059=ORIENTED_EDGE('',*,*,#48,.F.);
#3060=ORIENTED_EDGE('',*,*,#3007,.T.);
#3061=EDGE_LOOP('',(#3050,#3057,#3058,#3059,#3060));
#3062=FACE_BOUND('',#3061,.T.);
#3063=ADVANCED_FACE('',(#3062),#3041,.T.);
#3064=CARTESIAN_POINT('',(-6.36328468,1.7,-1.509087113));
#3065=DIRECTION('',(0.,0.,-1.));
#3066=DIRECTION('',(-1.,0.,0.));
#3067=AXIS2_PLACEMENT_3D('',#3064,#3065,#3066);
#3068=CYLINDRICAL_SURFACE('',#3067,1.);
#3069=CARTESIAN_POINT('',(-6.36328468,0.7,-1.509087113));
#3070=DIRECTION('',(0.,0.,-1.));
#3071=VECTOR('',#3070,1.898120568);
#3072=LINE('',#3069,#3071);
#3073=EDGE_CURVE('',#3043,#250,#3072,.T.);
#3074=ORIENTED_EDGE('',*,*,#3073,.F.);
#3075=ORIENTED_EDGE('',*,*,#3049,.F.);
#3076=ORIENTED_EDGE('',*,*,#3001,.F.);
#3077=ORIENTED_EDGE('',*,*,#265,.F.);
#3078=EDGE_LOOP('',(#3074,#3075,#3076,#3077));
#3079=FACE_BOUND('',#3078,.T.);
#3080=ADVANCED_FACE('',(#3079),#3068,.F.);
#3081=CARTESIAN_POINT('',(-6.36328468,1.7,-1.509087113));
#3082=DIRECTION('',(0.,0.,1.));
#3083=DIRECTION('',(1.,0.,-0.));
#3084=AXIS2_PLACEMENT_3D('',#3081,#3082,#3083);
#3085=CYLINDRICAL_SURFACE('',#3084,1.);
#3086=ORIENTED_EDGE('',*,*,#3056,.F.);
#3087=ORIENTED_EDGE('',*,*,#3073,.T.);
#3088=ORIENTED_EDGE('',*,*,#256,.F.);
#3089=ORIENTED_EDGE('',*,*,#3030,.F.);
#3090=EDGE_LOOP('',(#3086,#3087,#3088,#3089));
#3091=FACE_BOUND('',#3090,.T.);
#3092=ADVANCED_FACE('',(#3091),#3085,.F.);
#3093=CARTESIAN_POINT('',(6.636719653,1.7,-1.509087113));
#3094=DIRECTION('',(0.,0.,1.));
#3095=DIRECTION('',(1.,0.,-0.));
#3096=AXIS2_PLACEMENT_3D('',#3093,#3094,#3095);
#3097=CYLINDRICAL_SURFACE('',#3096,1.);
#3098=CARTESIAN_POINT('',(6.636719653,0.7,-1.907207682));
#3099=VERTEX_POINT('',#3098);
#3100=CARTESIAN_POINT('',(6.636719653,0.7,-1.509087113));
#3101=DIRECTION('',(0.,0.,-1.));
#3102=VECTOR('',#3101,0.398120568);
#3103=LINE('',#3100,#3102);
#3104=EDGE_CURVE('',#2712,#3099,#3103,.T.);
#3105=ORIENTED_EDGE('',*,*,#3104,.F.);
#3106=ORIENTED_EDGE('',*,*,#2718,.F.);
#3107=ORIENTED_EDGE('',*,*,#2662,.F.);
#3108=ORIENTED_EDGE('',*,*,#423,.F.);
#3109=CARTESIAN_POINT('',(6.636719653,0.7,-1.907207682));
#3110=DIRECTION('',(0.,0.,-1.));
#3111=VECTOR('',#3110,1.5);
#3112=LINE('',#3109,#3111);
#3113=EDGE_CURVE('',#3099,#408,#3112,.T.);
#3114=ORIENTED_EDGE('',*,*,#3113,.F.);
#3115=EDGE_LOOP('',(#3105,#3106,#3107,#3108,#3114));
#3116=FACE_BOUND('',#3115,.T.);
#3117=ADVANCED_FACE('',(#3116),#3097,.F.);
#3118=CARTESIAN_POINT('',(6.636719653,1.7,-1.509087113));
#3119=DIRECTION('',(0.,0.,-1.));
#3120=DIRECTION('',(-1.,0.,0.));
#3121=AXIS2_PLACEMENT_3D('',#3118,#3119,#3120);
#3122=CYLINDRICAL_SURFACE('',#3121,1.);
#3123=ORIENTED_EDGE('',*,*,#2725,.F.);
#3124=ORIENTED_EDGE('',*,*,#3104,.T.);
#3125=CARTESIAN_POINT('',(6.636719653,1.7,-1.907207682));
#3126=DIRECTION('',(0.,0.,1.));
#3127=DIRECTION('',(1.,0.,-0.));
#3128=AXIS2_PLACEMENT_3D('',#3125,#3126,#3127);
#3129=CIRCLE('',#3128,1.);
#3130=EDGE_CURVE('',#2682,#3099,#3129,.T.);
#3131=ORIENTED_EDGE('',*,*,#3130,.F.);
#3132=ORIENTED_EDGE('',*,*,#2687,.F.);
#3133=EDGE_LOOP('',(#3123,#3124,#3131,#3132));
#3134=FACE_BOUND('',#3133,.T.);
#3135=ADVANCED_FACE('',(#3134),#3122,.F.);
#3136=CARTESIAN_POINT('',(6.636719653,1.7,-1.509087113));
#3137=DIRECTION('',(0.,0.,1.));
#3138=DIRECTION('',(1.,0.,-0.));
#3139=AXIS2_PLACEMENT_3D('',#3136,#3137,#3138);
#3140=CYLINDRICAL_SURFACE('',#3139,1.);
#3141=ORIENTED_EDGE('',*,*,#414,.F.);
#3142=ORIENTED_EDGE('',*,*,#2693,.F.);
#3143=ORIENTED_EDGE('',*,*,#3130,.T.);
#3144=ORIENTED_EDGE('',*,*,#3113,.T.);
#3145=EDGE_LOOP('',(#3141,#3142,#3143,#3144));
#3146=FACE_BOUND('',#3145,.T.);
#3147=ADVANCED_FACE('',(#3146),#3140,.F.);
#3148=CARTESIAN_POINT('',(-3.36328468,1.7,0.));
#3149=DIRECTION('',(0.,0.,-1.));
#3150=DIRECTION('',(-1.,0.,0.));
#3151=AXIS2_PLACEMENT_3D('',#3148,#3149,#3150);
#3152=CYLINDRICAL_SURFACE('',#3151,1.);
#3153=ORIENTED_EDGE('',*,*,#2931,.F.);
#3154=ORIENTED_EDGE('',*,*,#2982,.F.);
#3155=CARTESIAN_POINT('',(-3.36328468,0.7,-3.407207682));
#3156=DIRECTION('',(0.,0.,1.));
#3157=VECTOR('',#3156,1.898120568);
#3158=LINE('',#3155,#3157);
#3159=EDGE_CURVE('',#283,#2969,#3158,.T.);
#3160=ORIENTED_EDGE('',*,*,#3159,.F.);
#3161=ORIENTED_EDGE('',*,*,#289,.F.);
#3162=EDGE_LOOP('',(#3153,#3154,#3160,#3161));
#3163=FACE_BOUND('',#3162,.T.);
#3164=ADVANCED_FACE('',(#3163),#3152,.F.);
#3165=CARTESIAN_POINT('',(-3.36328468,1.7,0.));
#3166=DIRECTION('',(0.,0.,1.));
#3167=DIRECTION('',(1.,0.,-0.));
#3168=AXIS2_PLACEMENT_3D('',#3165,#3166,#3167);
#3169=CYLINDRICAL_SURFACE('',#3168,1.);
#3170=ORIENTED_EDGE('',*,*,#2975,.F.);
#3171=ORIENTED_EDGE('',*,*,#2950,.F.);
#3172=ORIENTED_EDGE('',*,*,#298,.F.);
#3173=ORIENTED_EDGE('',*,*,#3159,.T.);
#3174=EDGE_LOOP('',(#3170,#3171,#3172,#3173));
#3175=FACE_BOUND('',#3174,.T.);
#3176=ADVANCED_FACE('',(#3175),#3169,.F.);
#3177=CARTESIAN_POINT('',(-0.36328468,1.7,-1.509087113));
#3178=DIRECTION('',(0.,0.,1.));
#3179=DIRECTION('',(1.,0.,-0.));
#3180=AXIS2_PLACEMENT_3D('',#3177,#3178,#3179);
#3181=CYLINDRICAL_SURFACE('',#3180,1.);
#3182=ORIENTED_EDGE('',*,*,#2898,.F.);
#3183=ORIENTED_EDGE('',*,*,#2820,.F.);
#3184=ORIENTED_EDGE('',*,*,#322,.F.);
#3185=ORIENTED_EDGE('',*,*,#2880,.F.);
#3186=EDGE_LOOP('',(#3182,#3183,#3184,#3185));
#3187=FACE_BOUND('',#3186,.T.);
#3188=ADVANCED_FACE('',(#3187),#3181,.F.);
#3189=CARTESIAN_POINT('',(3.636719653,1.7,0.));
#3190=DIRECTION('',(0.,0.,1.));
#3191=DIRECTION('',(1.,0.,-0.));
#3192=AXIS2_PLACEMENT_3D('',#3189,#3190,#3191);
#3193=CYLINDRICAL_SURFACE('',#3192,1.);
#3194=CARTESIAN_POINT('',(3.636719653,0.7,-1.509087113));
#3195=DIRECTION('',(0.,0.,-1.));
#3196=VECTOR('',#3195,1.898120568);
#3197=LINE('',#3194,#3196);
#3198=EDGE_CURVE('',#2787,#366,#3197,.T.);
#3199=ORIENTED_EDGE('',*,*,#3198,.F.);
#3200=ORIENTED_EDGE('',*,*,#2793,.F.);
#3201=ORIENTED_EDGE('',*,*,#2769,.F.);
#3202=ORIENTED_EDGE('',*,*,#381,.F.);
#3203=EDGE_LOOP('',(#3199,#3200,#3201,#3202));
#3204=FACE_BOUND('',#3203,.T.);
#3205=ADVANCED_FACE('',(#3204),#3193,.F.);
#3206=CARTESIAN_POINT('',(3.636719653,1.7,-1.907207682));
#3207=DIRECTION('',(0.,0.,-1.));
#3208=DIRECTION('',(-1.,0.,0.));
#3209=AXIS2_PLACEMENT_3D('',#3206,#3207,#3208);
#3210=CYLINDRICAL_SURFACE('',#3209,1.);
#3211=ORIENTED_EDGE('',*,*,#2800,.F.);
#3212=ORIENTED_EDGE('',*,*,#3198,.T.);
#3213=ORIENTED_EDGE('',*,*,#372,.F.);
#3214=ORIENTED_EDGE('',*,*,#2750,.F.);
#3215=EDGE_LOOP('',(#3211,#3212,#3213,#3214));
#3216=FACE_BOUND('',#3215,.T.);
#3217=ADVANCED_FACE('',(#3216),#3210,.F.);
#3218=CARTESIAN_POINT('',(0.636719653,1.7,-1.509087113));
#3219=DIRECTION('',(0.,0.,-1.));
#3220=DIRECTION('',(-1.,0.,0.));
#3221=AXIS2_PLACEMENT_3D('',#3218,#3219,#3220);
#3222=CYLINDRICAL_SURFACE('',#3221,1.);
#3223=ORIENTED_EDGE('',*,*,#2909,.F.);
#3224=ORIENTED_EDGE('',*,*,#2851,.F.);
#3225=ORIENTED_EDGE('',*,*,#339,.F.);
#3226=ORIENTED_EDGE('',*,*,#2834,.F.);
#3227=EDGE_LOOP('',(#3223,#3224,#3225,#3226));
#3228=FACE_BOUND('',#3227,.T.);
#3229=ADVANCED_FACE('',(#3228),#3222,.F.);
#3230=CLOSED_SHELL('',(#153,#624,#675,#726,#740,#761,#812,#863,#877,#898,#949,#1000,#1014,#1035,#1086,#1137,#1151,#1172,#1223,#1274,#1288,#1309,#1360,#1411,#1425,#1446,
#1497,#1548,#1562,#1583,#1634,#1685,#1699,#1720,#1820,#1852,#1876,#1908,#1925,#1950,#1974,#1998,#2022,#2046,#2070,#2094,#2118,#2142,#2166,#2190,#2214,
#2238,#2262,#2286,#2310,#2334,#2358,#2382,#2406,#2430,#2447,#2464,#2481,#2498,#2515,#2532,#2549,#2566,#2583,#2649,#2673,#2705,#2732,#2756,#2780,#2807,
#2838,#2862,#2886,#2913,#2937,#2961,#2988,#3012,#3036,#3063,#3080,#3092,#3117,#3135,#3147,#3164,#3176,#3188,#3205,#3217,#3229));
#3231=MANIFOLD_SOLID_BREP('bottom',#3230);
#26=STYLED_ITEM('',(),#3231);
#16=SHAPE_REPRESENTATION('root',(#15),#10);
#17=ADVANCED_BREP_SHAPE_REPRESENTATION('root',(#3231),#10);
#3239=SHAPE_REPRESENTATION_RELATIONSHIP('','',#16,#17);
#3240=APPLICATION_CONTEXT('configuration controlled 3D design of mechanical parts and assemblies');
#3241=APPLICATION_PROTOCOL_DEFINITION('international standard','configuration_control_3d_design_ed2_mim',2004,#3240);
#3242=PRODUCT_CONTEXT('',#3240,'mechanical');
#3243=PRODUCT_DEFINITION_CONTEXT('part definition',#3240,'design');
#24=PRODUCT('root','root','',(#3242));
#3244=PRODUCT_RELATED_PRODUCT_CATEGORY('part','',(#24));
#3245=PRODUCT_DEFINITION_FORMATION_WITH_SPECIFIED_SOURCE('','',#24,.NOT_KNOWN.);
#25=PRODUCT_DEFINITION('design','',#3245,#3243);
#23=PRODUCT_DEFINITION_SHAPE('','',#25);
#3246=SHAPE_DEFINITION_REPRESENTATION(#23,#16);
#11=DRAUGHTING_MODEL('',(),#10);
#1=MECHANICAL_DESIGN_GEOMETRIC_PRESENTATION_REPRESENTATION('',(#26),#10);
ENDSEC;
END-ISO-10303-21;
