o Extruded.002
v -107.72912598 -26.12736130 -1.90720761
v -107.73579407 -25.97483826 -1.90720761
v -107.73579407 -25.97483826 -1.40720773
v -107.70919800 -26.27872086 -1.90720761
v -107.72912598 -26.12736130 -1.40720773
v -107.67615509 -26.42777252 -1.90720761
v -107.70919800 -26.27872086 -1.40720773
v -107.63024902 -26.57337379 -1.90720761
v -107.67615509 -26.42777252 -1.40720773
v -107.57182312 -26.71442032 -1.90720761
v -107.63024902 -26.57337379 -1.40720773
v -107.50133514 -26.84983826 -1.90720761
v -107.57182312 -26.71442032 -1.40720773
v -107.41930389 -26.97859764 -1.90720761
v -107.50133514 -26.84983826 -1.40720773
v -107.32636261 -27.09971619 -1.90720761
v -107.41930389 -26.97859764 -1.40720773
v -107.22322845 -27.21227455 -1.90720761
v -107.32636261 -27.09971619 -1.40720773
v -107.11066437 -27.31541634 -1.90720761
v -107.22322845 -27.21227455 -1.40720773
v -106.98954773 -27.40835381 -1.90720761
v -107.11066437 -27.31541634 -1.40720773
v -106.86078644 -27.49038315 -1.90720761
v -106.98954773 -27.40835381 -1.40720773
v -106.72537231 -27.56087685 -1.90720761
v -106.86078644 -27.49038315 -1.40720773
v -106.58432770 -27.61930084 -1.90720761
v -106.72537231 -27.56087685 -1.40720773
v -106.43872070 -27.66520691 -1.90720761
v -106.58432770 -27.61930084 -1.40720773
v -106.28967285 -27.69824982 -1.90720761
v -106.43872070 -27.66520691 -1.40720773
v -106.13831329 -27.71817970 -1.90720761
v -106.28967285 -27.69824982 -1.40720773
v -105.98579407 -27.72483826 -1.90720761
v -106.13831329 -27.71817970 -1.40720773
v -105.83325958 -27.71817970 -1.90720761
v -105.98579407 -27.72483826 -1.40720773
v -105.68190002 -27.69824982 -1.90720761
v -105.83325958 -27.71817970 -1.40720773
v -105.53285217 -27.66520691 -1.90720761
v -105.68190002 -27.69824982 -1.40720773
v -105.38725281 -27.61930084 -1.90720761
v -105.53285217 -27.66520691 -1.40720773
v -105.24620819 -27.56087685 -1.90720761
v -105.38725281 -27.61930084 -1.40720773
v -105.11078644 -27.49038315 -1.90720761
v -105.24620819 -27.56087685 -1.40720773
v -104.98202515 -27.40835381 -1.90720761
v -105.11078644 -27.49038315 -1.40720773
v -104.86090851 -27.31541634 -1.90720761
v -104.98202515 -27.40835381 -1.40720773
v -104.74835205 -27.21227455 -1.90720761
v -104.86090851 -27.31541634 -1.40720773
v -104.64521027 -27.09971619 -1.90720761
v -104.74835205 -27.21227455 -1.40720773
v -104.55226898 -26.97859764 -1.90720761
v -104.64521027 -27.09971619 -1.40720773
v -104.47024536 -26.84983826 -1.90720761
v -104.55226898 -26.97859764 -1.40720773
v -104.39974976 -26.71442032 -1.90720761
v -104.47024536 -26.84983826 -1.40720773
v -104.34133148 -26.57337379 -1.90720761
v -104.39974976 -26.71442032 -1.40720773
v -104.29541779 -26.42777252 -1.90720761
v -104.34133148 -26.57337379 -1.40720773
v -104.26237488 -26.27872086 -1.90720761
v -104.29541779 -26.42777252 -1.40720773
v -104.24244690 -26.12736130 -1.90720761
v -104.26237488 -26.27872086 -1.40720773
v -104.23579407 -25.97483826 -1.90720761
v -104.24244690 -26.12736130 -1.40720773
v -104.24244690 -25.82231522 -1.90720761
v -104.23579407 -25.97483826 -1.40720773
v -104.26237488 -25.67095375 -1.90720761
v -104.24244690 -25.82231522 -1.40720773
v -104.29541779 -25.52190399 -1.90720761
v -104.26237488 -25.67095375 -1.40720773
v -104.34133148 -25.37630272 -1.90720761
v -104.29541779 -25.52190399 -1.40720773
v -104.39974976 -25.23525620 -1.90720761
v -104.34133148 -25.37630272 -1.40720773
v -104.47024536 -25.09983826 -1.90720761
v -104.39974976 -25.23525620 -1.40720773
v -104.55226898 -24.97107887 -1.90720761
v -104.47024536 -25.09983826 -1.40720773
v -104.64521027 -24.84995842 -1.90720761
v -104.55226898 -24.97107887 -1.40720773
v -104.74835205 -24.73740005 -1.90720761
v -104.64521027 -24.84995842 -1.40720773
v -104.86090851 -24.63426018 -1.90720761
v -104.74835205 -24.73740005 -1.40720773
v -104.98202515 -24.54132271 -1.90720761
v -104.86090851 -24.63426018 -1.40720773
v -105.11078644 -24.45929337 -1.90720761
v -104.98202515 -24.54132271 -1.40720773
v -105.24620819 -24.38879967 -1.90720761
v -105.11078644 -24.45929337 -1.40720773
v -105.38725281 -24.33037567 -1.90720761
v -105.24620819 -24.38879967 -1.40720773
v -105.53285217 -24.28446770 -1.90720761
v -105.38725281 -24.33037567 -1.40720773
v -105.68190002 -24.25142288 -1.90720761
v -105.53285217 -24.28446770 -1.40720773
v -105.83325958 -24.23149681 -1.90720761
v -105.68190002 -24.25142288 -1.40720773
v -105.98579407 -24.22483826 -1.90720761
v -105.83325958 -24.23149681 -1.40720773
v -106.13831329 -24.23149681 -1.90720761
v -105.98579407 -24.22483826 -1.40720773
v -106.28967285 -24.25142288 -1.90720761
v -106.13831329 -24.23149681 -1.40720773
v -106.43872070 -24.28446770 -1.90720761
v -106.28967285 -24.25142288 -1.40720773
v -106.58432770 -24.33037567 -1.90720761
v -106.43872070 -24.28446770 -1.40720773
v -106.72537231 -24.38879967 -1.90720761
v -106.58432770 -24.33037567 -1.40720773
v -106.86078644 -24.45929337 -1.90720761
v -106.72537231 -24.38879967 -1.40720773
v -106.98954773 -24.54132271 -1.90720761
v -106.86078644 -24.45929337 -1.40720773
v -107.11066437 -24.63426018 -1.90720761
v -106.98954773 -24.54132271 -1.40720773
v -107.22322845 -24.73740005 -1.90720761
v -107.11066437 -24.63426018 -1.40720773
v -107.32636261 -24.84995842 -1.90720761
v -107.22322845 -24.73740005 -1.40720773
v -107.41930389 -24.97107887 -1.90720761
v -107.32636261 -24.84995842 -1.40720773
v -107.50133514 -25.09983826 -1.90720761
v -107.41930389 -24.97107887 -1.40720773
v -107.57182312 -25.23525620 -1.90720761
v -107.50133514 -25.09983826 -1.40720773
v -107.63024902 -25.37630272 -1.90720761
v -107.57182312 -25.23525620 -1.40720773
v -107.67615509 -25.52190399 -1.90720761
v -107.63024902 -25.37630272 -1.40720773
v -107.70919800 -25.67095375 -1.90720761
v -107.67615509 -25.52190399 -1.40720773
v -107.72912598 -25.82231522 -1.90720761
v -107.70919800 -25.67095375 -1.40720773
v -107.72912598 -25.82231522 -1.40720773
v -107.15047455 -21.62817192 -1.40720773
v -107.52487946 -21.74621964 -1.40720773
v -104.82109833 -30.32150459 -1.40720773
v -104.44669342 -30.20345497 -1.40720773
v -102.29959869 -23.39374542 -1.40720773
v -102.53858948 -23.08229446 -1.40720773
v -103.40469360 -22.28865433 -1.40720773
v -103.73578644 -22.07772446 -1.40720773
v -104.82109833 -21.62817192 -1.40720773
v -105.20437622 -21.54320335 -1.40720773
v -107.88756561 -21.89645386 -1.40720773
v -109.43299103 -23.08229446 -1.40720773
v -109.67197418 -23.39374542 -1.40720773
v -109.88289642 -23.72483635 -1.40720773
v -109.67197418 -28.55593109 -1.40720773
v -109.43299103 -28.86738205 -1.40720773
v -107.15047455 -30.32150459 -1.40720773
v -106.76720428 -30.40647316 -1.40720773
v -104.08400726 -30.05322266 -1.40720773
v -102.53858948 -28.86738205 -1.40720773
v -102.29959869 -28.55593109 -1.40720773
v -102.08867645 -28.22483635 -1.40720773
v -102.80380249 -22.79285622 -1.40720773
v -104.08400726 -21.89645386 -1.40720773
v -104.44669342 -21.74621964 -1.40720773
v -108.23578644 -22.07772446 -1.40720773
v -108.56687927 -22.28865433 -1.40720773
v -108.87832642 -22.52763748 -1.40720773
v -109.16777039 -29.15681839 -1.40720773
v -108.87832642 -29.42203712 -1.40720773
v -108.56687927 -29.66102219 -1.40720773
v -108.23578644 -29.87195206 -1.40720773
v -107.88756561 -30.05322266 -1.40720773
v -107.52487946 -30.20345497 -1.40720773
v -103.73578644 -29.87195206 -1.40720773
v -103.40469360 -29.66102219 -1.40720773
v -103.09324646 -29.42203712 -1.40720773
v -103.09324646 -22.52763748 -1.40720773
v -109.16777039 -22.79285622 -1.40720773
v -102.80380249 -29.15681839 -1.40720773
v -105.59358215 -21.49196243 -1.40720773
v -105.98579407 -21.47483826 -1.40720773
v -106.37799072 -21.49196243 -1.40720773
v -106.76720428 -21.54320335 -1.40720773
v -106.37799072 -30.45771408 -1.40720773
v -105.98579407 -30.47483826 -1.40720773
v -105.59358215 -30.45771408 -1.40720773
v -105.20437622 -30.40647316 -1.40720773
v -101.75717163 -24.43574715 -1.40720773
v -101.90740204 -24.07305527 -1.40720773
v -102.08867645 -23.72483635 -1.40720773
v -110.21440125 -24.43574715 -1.40720773
v -110.33245087 -24.81015205 -1.40720773
v -110.41742706 -25.19342041 -1.40720773
v -110.46866608 -25.58263779 -1.40720773
v -110.48578644 -25.97483826 -1.40720773
v -110.46866608 -26.36703873 -1.40720773
v -110.06417084 -24.07305527 -1.40720773
v -110.41742706 -26.75625420 -1.40720773
v -110.33245087 -27.13952446 -1.40720773
v -110.21440125 -27.51392937 -1.40720773
v -110.06417084 -27.87661934 -1.40720773
v -109.88289642 -28.22483635 -1.40720773
v -101.75717163 -27.51392937 -1.40720773
v -101.63912201 -27.13952446 -1.40720773
v -101.90740204 -27.87661934 -1.40720773
v -101.57646942 -25.07600212 -1.40720773
v -101.63912201 -24.81015205 -1.40720773
v -101.55415344 -26.75625420 -1.40720773
v -101.50290680 -26.36703873 -1.40720773
v -101.55415344 -25.19342041 -1.40720773
v -101.48578644 -25.97483826 -1.40720773
v -101.50290680 -25.58263779 -1.40720773
v -110.48578644 -25.97483826 -1.90720761
v -110.46866608 -25.58263779 -1.90720761
v -110.41742706 -25.19342041 -1.90720761
v -110.33245087 -24.81015205 -1.90720761
v -110.21440125 -24.43574715 -1.90720761
v -110.06417084 -24.07305527 -1.90720761
v -109.88289642 -23.72483635 -1.90720761
v -109.67197418 -23.39374542 -1.90720761
v -109.43299103 -23.08229446 -1.90720761
v -109.16777039 -22.79285622 -1.90720761
v -108.87832642 -22.52763748 -1.90720761
v -108.56687927 -22.28865433 -1.90720761
v -108.23578644 -22.07772446 -1.90720761
v -107.88756561 -21.89645386 -1.90720761
v -107.52487946 -21.74621964 -1.90720761
v -107.15047455 -21.62817192 -1.90720761
v -106.76720428 -21.54320335 -1.90720761
v -106.37799072 -21.49196243 -1.90720761
v -105.98579407 -21.47483826 -1.90720761
v -105.59358215 -21.49196243 -1.90720761
v -105.20437622 -21.54320335 -1.90720761
v -104.82109833 -21.62817192 -1.90720761
v -104.44669342 -21.74621964 -1.90720761
v -104.08400726 -21.89645386 -1.90720761
v -103.73578644 -22.07772446 -1.90720761
v -103.40469360 -22.28865433 -1.90720761
v -103.09324646 -22.52763748 -1.90720761
v -102.80380249 -22.79285622 -1.90720761
v -102.53858948 -23.08229446 -1.90720761
v -102.29959869 -23.39374542 -1.90720761
v -102.08867645 -23.72483635 -1.90720761
v -101.90740204 -24.07305527 -1.90720761
v -101.75717163 -24.43574715 -1.90720761
v -101.63912201 -24.81015205 -1.90720761
v -101.55415344 -25.19342041 -1.90720761
v -101.50290680 -25.58263779 -1.90720761
v -101.48578644 -25.97483826 -1.90720761
v -101.50290680 -26.36703873 -1.90720761
v -101.55415344 -26.75625420 -1.90720761
v -101.63912201 -27.13952446 -1.90720761
v -101.75717163 -27.51392937 -1.90720761
v -101.90740204 -27.87661934 -1.90720761
v -102.08867645 -28.22483635 -1.90720761
v -102.29959869 -28.55593109 -1.90720761
v -102.53858948 -28.86738205 -1.90720761
v -102.80380249 -29.15681839 -1.90720761
v -103.09324646 -29.42203712 -1.90720761
v -103.40469360 -29.66102219 -1.90720761
v -103.73578644 -29.87195206 -1.90720761
v -104.08400726 -30.05322266 -1.90720761
v -104.44669342 -30.20345497 -1.90720761
v -104.82109833 -30.32150459 -1.90720761
v -105.20437622 -30.40647316 -1.90720761
v -105.59358215 -30.45771408 -1.90720761
v -105.98579407 -30.47483826 -1.90720761
v -106.37799072 -30.45771408 -1.90720761
v -106.76720428 -30.40647316 -1.90720761
v -107.15047455 -30.32150459 -1.90720761
v -107.52487946 -30.20345497 -1.90720761
v -107.88756561 -30.05322266 -1.90720761
v -108.23578644 -29.87195206 -1.90720761
v -108.56687927 -29.66102219 -1.90720761
v -108.87832642 -29.42203712 -1.90720761
v -109.16777039 -29.15681839 -1.90720761
v -109.43299103 -28.86738205 -1.90720761
v -109.67197418 -28.55593109 -1.90720761
v -109.88289642 -28.22483635 -1.90720761
v -110.06417084 -27.87661934 -1.90720761
v -110.21440125 -27.51392937 -1.90720761
v -110.33245087 -27.13952446 -1.90720761
v -110.41742706 -26.75625420 -1.90720761
v -110.46866608 -26.36703873 -1.90720761
v -105.27872467 -26.81748772 -1.90720761
v -105.35485077 -26.87590599 -1.90720761
v -105.20796967 -26.75265503 -1.90720761
v -105.14313507 -26.68190384 -1.90720761
v -105.08471680 -26.60577202 -1.90720761
v -105.03315735 -26.52483749 -1.90720761
v -105.43579102 -26.92746544 -1.90720761
v -105.52090454 -26.97177696 -1.90720761
v -106.69284821 -26.81748772 -1.90720761
v -106.76360321 -26.75265503 -1.90720761
v -106.61672211 -26.87590599 -1.90720761
v -106.36200714 -27.00849915 -1.90720761
v -106.45066833 -26.97177696 -1.90720761
v -106.27049255 -27.03735542 -1.90720761
v -106.08165741 -27.07065201 -1.90720761
v -106.17680359 -27.05812645 -1.90720761
v -105.98579407 -27.07483864 -1.90720761
v -105.88991547 -27.07065201 -1.90720761
v -105.79476929 -27.05812645 -1.90720761
v -105.70108795 -27.03735542 -1.90720761
v -105.60956573 -27.00849915 -1.90720761
v -105.27872467 -25.13218880 -1.90720761
v -105.20796967 -25.19701958 -1.90720761
v -105.35485077 -25.07377052 -1.90720761
v -106.69284821 -25.13218880 -1.90720761
v -106.61672211 -25.07377052 -1.90720761
v -106.76360321 -25.19701958 -1.90720761
v -106.88685608 -26.60577202 -1.90720761
v -106.93841553 -26.52483749 -1.90720761
v -106.82843781 -26.68190384 -1.90720761
v -106.53578186 -26.92746544 -1.90720761
v -104.98885345 -26.43971634 -1.90720761
v -105.08471680 -25.34390450 -1.90720761
v -105.03315735 -25.42483902 -1.90720761
v -105.14313507 -25.26777077 -1.90720761
v -105.43579102 -25.02221107 -1.90720761
v -105.52090454 -24.97789955 -1.90720761
v -106.82843781 -25.26777077 -1.90720761
v -106.88685608 -25.34390450 -1.90720761
v -106.93841553 -25.42483902 -1.90720761
v -106.98271942 -26.43971634 -1.90720761
v -104.98885345 -25.50995636 -1.90720761
v -105.70108795 -24.91231918 -1.90720761
v -105.60956573 -24.94117546 -1.90720761
v -105.79476929 -24.89155006 -1.90720761
v -106.53578186 -25.02221107 -1.90720761
v -106.45066833 -24.97789955 -1.90720761
v -105.88991547 -24.87902260 -1.90720761
v -105.98579407 -24.87483788 -1.90720761
v -106.08165741 -24.87902260 -1.90720761
v -106.17680359 -24.89155006 -1.90720761
v -106.27049255 -24.91231918 -1.90720761
v -106.36200714 -24.94117546 -1.90720761
v -107.01944733 -26.35106087 -1.90720761
v -107.04830170 -26.25954056 -1.90720761
v -106.98271942 -25.50995636 -1.90720761
v -104.95212555 -26.35106087 -1.90720761
v -104.92327118 -26.25954056 -1.90720761
v -107.01944733 -25.59861565 -1.90720761
v -107.04830170 -25.69013596 -1.90720761
v -107.06907654 -25.78382492 -1.90720761
v -107.08159637 -25.87896538 -1.90720761
v -107.08159637 -26.07070923 -1.90720761
v -107.08578491 -25.97483826 -1.90720761
v -107.06907654 -26.16584969 -1.90720761
v -104.95212555 -25.59861565 -1.90720761
v -104.92327118 -25.69013596 -1.90720761
v -104.90249634 -26.16584969 -1.90720761
v -104.88997650 -26.07070923 -1.90720761
v -104.90249634 -25.78382492 -1.90720761
v -104.88997650 -25.87896538 -1.90720761
v -104.88578796 -25.97483826 -1.90720761
v -104.88578796 -25.97483826 -3.40720773
v -104.88997650 -26.07070923 -3.40720773
v -104.90249634 -26.16584969 -3.40720773
v -104.92327118 -26.25954056 -3.40720773
v -104.95212555 -26.35106087 -3.40720773
v -104.98885345 -26.43971634 -3.40720773
v -105.03315735 -26.52483749 -3.40720773
v -105.08471680 -26.60577202 -3.40720773
v -105.14313507 -26.68190384 -3.40720773
v -105.20796967 -26.75265503 -3.40720773
v -105.27872467 -26.81748772 -3.40720773
v -105.35485077 -26.87590599 -3.40720773
v -105.43579102 -26.92746544 -3.40720773
v -105.52090454 -26.97177696 -3.40720773
v -105.60956573 -27.00849915 -3.40720773
v -105.70108795 -27.03735542 -3.40720773
v -105.79476929 -27.05812645 -3.40720773
v -105.88991547 -27.07065201 -3.40720773
v -105.98579407 -27.07483864 -3.40720773
v -106.08165741 -27.07065201 -3.40720773
v -106.17680359 -27.05812645 -3.40720773
v -106.27049255 -27.03735542 -3.40720773
v -106.36200714 -27.00849915 -3.40720773
v -106.45066833 -26.97177696 -3.40720773
v -106.53578186 -26.92746544 -3.40720773
v -106.61672211 -26.87590599 -3.40720773
v -106.69284821 -26.81748772 -3.40720773
v -106.76360321 -26.75265503 -3.40720773
v -106.82843781 -26.68190384 -3.40720773
v -106.88685608 -26.60577202 -3.40720773
v -106.93841553 -26.52483749 -3.40720773
v -106.98271942 -26.43971634 -3.40720773
v -107.01944733 -26.35106087 -3.40720773
v -107.04830170 -26.25954056 -3.40720773
v -107.06907654 -26.16584969 -3.40720773
v -107.08159637 -26.07070923 -3.40720773
v -107.08578491 -25.97483826 -3.40720773
v -107.08159637 -25.87896538 -3.40720773
v -107.06907654 -25.78382492 -3.40720773
v -107.04830170 -25.69013596 -3.40720773
v -107.01944733 -25.59861565 -3.40720773
v -106.98271942 -25.50995636 -3.40720773
v -106.93841553 -25.42483902 -3.40720773
v -106.88685608 -25.34390450 -3.40720773
v -106.82843781 -25.26777077 -3.40720773
v -106.76360321 -25.19701958 -3.40720773
v -106.69284821 -25.13218880 -3.40720773
v -106.61672211 -25.07377052 -3.40720773
v -106.53578186 -25.02221107 -3.40720773
v -106.45066833 -24.97789955 -3.40720773
v -106.36200714 -24.94117546 -3.40720773
v -106.27049255 -24.91231918 -3.40720773
v -106.17680359 -24.89155006 -3.40720773
v -106.08165741 -24.87902260 -3.40720773
v -105.98579407 -24.87483788 -3.40720773
v -105.88991547 -24.87902260 -3.40720773
v -105.79476929 -24.89155006 -3.40720773
v -105.70108795 -24.91231918 -3.40720773
v -105.60956573 -24.94117546 -3.40720773
v -105.52090454 -24.97789955 -3.40720773
v -105.43579102 -25.02221107 -3.40720773
v -105.35485077 -25.07377052 -3.40720773
v -105.27872467 -25.13218880 -3.40720773
v -105.20796967 -25.19701958 -3.40720773
v -105.14313507 -25.26777077 -3.40720773
v -105.08471680 -25.34390450 -3.40720773
v -105.03315735 -25.42483902 -3.40720773
v -104.98885345 -25.50995636 -3.40720773
v -104.95212555 -25.59861565 -3.40720773
v -104.92327118 -25.69013596 -3.40720773
v -104.90249634 -25.78382492 -3.40720773
v -104.88997650 -25.87896538 -3.40720773
v -66.86078644 -30.69983864 -1.90720761
v -66.86078644 -33.67483521 -1.90720761
v -33.06079102 -33.67483521 -1.90720761
v 67.13921356 -30.69983864 -1.90720761
v 67.13921356 -33.67483521 -1.90720761
v 100.96421051 -33.67483521 -1.90720761
v -66.86078644 -24.67483902 -1.90720761
v -33.06079102 -30.69983864 -1.90720761
v 67.13921356 -24.67483902 -1.90720761
v 100.96421051 -30.69983864 -1.90720761
v -66.86078644 0.72516221 -1.90720761
v -33.06079102 -24.67483902 -1.90720761
v 24.18921280 0.72516221 -1.90720761
v 24.18921280 -24.67483902 -1.90720761
v 67.13921356 0.72516221 -1.90720761
v 100.96421051 -24.67483902 -1.90720761
v -109.88578796 26.70016098 -1.90720761
v -109.88578796 0.72516221 -1.90720761
v 67.13921356 26.70016098 -1.90720761
v 100.96421051 0.72516221 -1.90720761
v -109.88578796 30.32516098 -1.90720761
v -66.86078644 26.70016098 -1.90720761
v 67.13921356 30.32516098 -1.90720761
v 100.96421051 26.70016098 -1.90720761
v -66.86078644 35.70016098 -1.90720761
v -66.86078644 30.32516098 -1.90720761
v -33.06079102 30.32516098 -1.90720761
v -109.88578796 -30.69983864 -1.90720761
v -104.39358521 30.44228554 -1.90720761
v -104.78578186 30.42516327 -1.90720761
v -104.00437164 30.49352837 -1.90720761
v -101.89324951 31.47796249 -1.90720761
v -102.20469666 31.23897934 -1.90720761
v -106.32488251 30.69654465 -1.90720761
v -106.68756866 30.84677696 -1.90720761
v -105.56719971 30.49352837 -1.90720761
v -105.95047760 30.57849503 -1.90720761
v -103.62110138 30.57849503 -1.90720761
v -102.88400269 30.84677696 -1.90720761
v -103.24669647 30.69654465 -1.90720761
v -102.53578186 31.02804756 -1.90720761
v -107.96777344 31.74317932 -1.90720761
v -108.23298645 32.03261566 -1.90720761
v -107.36688232 31.23897934 -1.90720761
v -107.67832947 31.47796249 -1.90720761
v -101.60380554 31.74317932 -1.90720761
v -107.03578949 31.02804756 -1.90720761
v -105.17799377 30.44228554 -1.90720761
v -109.88578796 35.70016098 -1.90720761
v -109.21742249 34.14374542 -1.90720761
v -100.88867950 32.67516327 -1.90720761
v -101.09960175 32.34407043 -1.90720761
v -109.13245392 33.76047516 -1.90720761
v -101.33858490 32.03261566 -1.90720761
v -109.26866150 34.53295898 -1.90720761
v -108.86417389 33.02338028 -1.90720761
v -109.01440430 33.38607025 -1.90720761
v -108.47197723 32.34407043 -1.90720761
v -108.68289948 32.67516327 -1.90720761
v -100.35414886 34.14374542 -1.90720761
v -100.43912506 33.76047516 -1.90720761
v -100.55716705 33.38607025 -1.90720761
v -100.70740509 33.02338028 -1.90720761
v -109.28578949 34.92516327 -1.90720761
v -109.26866150 35.31735992 -1.90720761
v -100.28578949 34.92516327 -1.90720761
v -100.30290985 34.53295898 -1.90720761
v -100.35414886 35.70658112 -1.90720761
v -100.30290985 35.31735992 -1.90720761
v 100.96421051 30.32516098 -1.90720761
v 103.52512360 30.49654579 -1.90720761
v 103.16242981 30.64677620 -1.90720761
v 104.28279877 30.29352760 -1.90720761
v 103.89952087 30.37849617 -1.90720761
v 101.88223267 31.54318047 -1.90720761
v 101.61701965 31.83261681 -1.90720761
v 102.48311615 31.03897667 -1.90720761
v 102.17166901 31.27796173 -1.90720761
v 102.81420898 30.82804680 -1.90720761
v 101.37802887 32.14406967 -1.90720761
v 101.16709900 32.47516251 -1.90720761
v 67.13921356 35.70016098 -1.90720761
v 100.56420898 34.72516251 -1.90720761
v 100.58132935 35.11736298 -1.90720761
v 100.58132935 34.33296204 -1.90720761
v 100.63257599 35.50658035 -1.90720761
v 100.63257599 33.94374466 -1.90720761
v 100.83560181 33.18606949 -1.90720761
v 100.71754456 33.56047821 -1.90720761
v 100.98582458 32.82337952 -1.90720761
v 101.63559723 -27.96392822 -1.90720761
v 101.51753998 -27.58952332 -1.90720761
v 101.96709442 -28.67483711 -1.90720761
v 101.78582001 -28.32662010 -1.90720761
v 102.68223572 -29.60681915 -1.90720761
v 102.41701508 -29.31738281 -1.90720761
v 104.32512665 -30.65345383 -1.90720761
v 103.96242523 -30.50322342 -1.90720761
v 102.17803192 -29.00593185 -1.90720761
v 103.28311920 -30.11102295 -1.90720761
v 102.97166443 -29.87203789 -1.90720761
v 103.61421204 -30.32195282 -1.90720761
v 101.43257904 -25.64342117 -1.90720761
v 101.51753998 -25.26015282 -1.90720761
v 101.38134003 -26.81703949 -1.90720761
v 101.63559723 -24.88574791 -1.90720761
v 101.36421204 -26.42483902 -1.90720761
v 101.38134003 -26.03263855 -1.90720761
v 101.43257904 -27.20625496 -1.90720761
v 67.13921356 -46.18733597 -1.90720761
v 32.24259567 -34.02661896 -1.90720761
v 32.06132889 -34.37483597 -1.90720761
v 24.18921280 -46.18733597 -1.90720761
v 29.32889748 -36.47150421 -1.90720761
v 28.94562912 -36.55647278 -1.90720761
v 30.06599426 -36.20322418 -1.90720761
v 31.05675697 -35.57203674 -1.90720761
v 30.74530792 -35.81102371 -1.90720761
v 31.85039711 -34.70593262 -1.90720761
v 29.70330238 -36.35345459 -1.90720761
v 30.41421318 -36.02194977 -1.90720761
v 31.34619522 -35.30681992 -1.90720761
v 31.61141205 -35.01738358 -1.90720761
v 26.26243019 -36.20322418 -1.90720761
v 25.91421318 -36.02194977 -1.90720761
v 27.77201080 -36.60771179 -1.90720761
v 27.38279533 -36.55647278 -1.90720761
v 32.39282990 -33.66392899 -1.90720761
v 24.98223305 -35.30681992 -1.90720761
v 24.71701241 -35.01738358 -1.90720761
v 26.62512016 -36.35345459 -1.90720761
v 26.99952698 -36.47150421 -1.90720761
v 28.55641365 -36.60771179 -1.90720761
v 28.16421127 -36.62483597 -1.90720761
v 24.47802734 -34.70593262 -1.90720761
v 25.58311844 -35.81102371 -1.90720761
v 25.27166939 -35.57203674 -1.90720761
v -0.01078756 -46.18733597 -1.90720761
v 24.08582687 -34.02661896 -1.90720761
v 23.93559647 -33.66392899 -1.90720761
v 24.26709747 -34.37483597 -1.90720761
v -0.01078756 -33.67483521 -1.90720761
v 23.68133736 -32.51703644 -1.90720761
v 23.66421127 -32.12483597 -1.90720761
v -0.01078756 -30.69983864 -1.90720761
v 23.68133736 -31.73263741 -1.90720761
v 23.73257828 -32.90625381 -1.90720761
v 23.73257828 -31.34342194 -1.90720761
v 23.81754684 -33.28952026 -1.90720761
v 23.81754684 -30.96015167 -1.90720761
v -0.01078756 -24.67483902 -1.90720761
v 24.08582687 -30.22305489 -1.90720761
v 24.26709747 -29.87483788 -1.90720761
v 23.93559647 -30.58574677 -1.90720761
v 28.94562912 -27.69320297 -1.90720761
v 29.32889748 -27.77817154 -1.90720761
v 28.55641365 -27.64196205 -1.90720761
v 26.99952698 -27.77817154 -1.90720761
v 27.38279533 -27.69320297 -1.90720761
v 30.41421318 -28.22772408 -1.90720761
v 30.74530792 -28.43865395 -1.90720761
v 28.16421127 -27.62483788 -1.90720761
v 27.77201080 -27.64196205 -1.90720761
v 31.05675697 -28.67763901 -1.90720761
v 29.70330238 -27.89622116 -1.90720761
v 30.06599426 -28.04645348 -1.90720761
v 26.62512016 -27.89622116 -1.90720761
v 31.34619522 -28.94285774 -1.90720761
v 26.26243019 -28.04645348 -1.90720761
v 25.58311844 -28.43865395 -1.90720761
v 25.91421318 -28.22772408 -1.90720761
v 31.61141205 -29.23229408 -1.90720761
v 31.85039711 -29.54374504 -1.90720761
v 24.98223305 -28.94285774 -1.90720761
v 25.27166939 -28.67763901 -1.90720761
v 24.47802734 -29.54374504 -1.90720761
v 24.71701241 -29.23229408 -1.90720761
v 32.24259567 -30.22305489 -1.90720761
v 32.39282990 -30.58574677 -1.90720761
v 32.06132889 -29.87483788 -1.90720761
v 32.66421509 -32.12483597 -1.90720761
v 32.59584808 -31.34342194 -1.90720761
v 32.64708710 -31.73263741 -1.90720761
v 32.64708710 -32.51703644 -1.90720761
v 32.59584808 -32.90625381 -1.90720761
v 32.51087952 -30.96015167 -1.90720761
v 32.51087952 -33.28952026 -1.90720761
v 27.31242943 23.34677887 -1.90720761
v 26.96421242 23.52804947 -1.90720761
v 26.32166862 23.97796059 -1.90720761
v 26.03223228 24.24318123 -1.90720761
v 26.63311958 23.73897934 -1.90720761
v 28.04952621 23.07849503 -1.90720761
v 27.67512131 23.19654465 -1.90720761
v 25.13582802 25.52338028 -1.90720761
v 24.98559570 25.88607216 -1.90720761
v 25.76701164 24.53261757 -1.90720761
v 33.56087875 26.26047707 -1.90720761
v 33.44282913 25.88607216 -1.90720761
v 24.18921280 26.70016098 -1.90720761
v 24.86754608 26.26047707 -1.90720761
v 25.31709862 25.17516136 -1.90720761
v 25.52802849 24.84406853 -1.90720761
v 28.43279648 22.99352646 -1.90720761
v 33.29259872 25.52338028 -1.90720761
v 33.64584732 26.64374542 -1.90720761
v 31.11599350 23.34677887 -1.90720761
v 30.75330353 23.19654465 -1.90720761
v 32.39619446 24.24318123 -1.90720761
v 32.10675812 23.97796059 -1.90720761
v 33.11132813 25.17516136 -1.90720761
v 32.90039825 24.84406853 -1.90720761
v 29.21421242 22.92516327 -1.90720761
v 28.82201195 22.94228554 -1.90720761
v 30.37889862 23.07849503 -1.90720761
v 29.99563026 22.99352646 -1.90720761
v 31.79530716 23.73897934 -1.90720761
v 31.46421242 23.52804947 -1.90720761
v 32.66141129 24.53261757 -1.90720761
v 29.60641289 22.94228554 -1.90720761
v 24.18921280 30.32516098 -1.90720761
v 24.73133659 27.81736374 -1.90720761
v 24.78257751 28.20657921 -1.90720761
v 25.31709862 29.67516136 -1.90720761
v 25.52802849 30.00625610 -1.90720761
v 24.86754608 28.58984756 -1.90720761
v 24.98559570 28.96425247 -1.90720761
v 24.71421242 27.42516327 -1.90720761
v 25.13582802 29.32694435 -1.90720761
v 24.78257751 26.64374542 -1.90720761
v 24.73133659 27.03296280 -1.90720761
v 31.79530716 31.11134720 -1.90720761
v 32.10675812 30.87236214 -1.90720761
v 32.39619446 30.60714340 -1.90720761
v 32.66141129 30.31770706 -1.90720761
v 31.46421242 31.32227898 -1.90720761
v 24.18921280 35.70016098 -1.90720761
v 29.99563026 31.85679817 -1.90720761
v 30.37889862 31.77182770 -1.90720761
v 29.21421242 31.92516136 -1.90720761
v 29.60641289 31.90803909 -1.90720761
v 26.03223228 30.60714340 -1.90720761
v 26.32166862 30.87236214 -1.90720761
v 31.11599350 31.50354767 -1.90720761
v 30.75330353 31.65377998 -1.90720761
v 28.43279648 31.85679817 -1.90720761
v 28.82201195 31.90803909 -1.90720761
v 27.67512131 31.65377998 -1.90720761
v 28.04952621 31.77182770 -1.90720761
v 26.96421242 31.32227898 -1.90720761
v 27.31242943 31.50354767 -1.90720761
v 26.63311958 31.11134720 -1.90720761
v 25.76701164 30.31770706 -1.90720761
v 33.69708633 27.81736374 -1.90720761
v 33.71421432 27.42516327 -1.90720761
v 33.64584732 28.20657921 -1.90720761
v 33.56087875 28.58984756 -1.90720761
v 33.29259872 29.32694435 -1.90720761
v 33.44282913 28.96425247 -1.90720761
v 32.90039825 30.00625610 -1.90720761
v 33.11132813 29.67516136 -1.90720761
v 33.69708633 27.03296280 -1.90720761
v -33.16440582 26.13607216 -1.90720761
v -33.06079102 0.72516221 -1.90720761
v -33.01417160 25.77338028 -1.90720761
v -33.16440582 29.21425438 -1.90720761
v -33.01417160 29.57694435 -1.90720761
v -33.43578720 27.67516327 -1.90720761
v -33.36742020 26.89374542 -1.90720761
v -33.41866302 27.28296089 -1.90720761
v -33.28245544 28.83984756 -1.90720761
v -33.41866302 28.06736374 -1.90720761
v -33.36742020 28.45657921 -1.90720761
v -33.28245544 26.51047707 -1.90720761
v -32.83290100 29.92516136 -1.90720761
v -24.49960327 -34.50593185 -1.90720761
v -24.73858833 -34.81738281 -1.90720761
v -33.06079102 -46.18733597 -1.90720761
v -27.02110291 -36.27150345 -1.90720761
v -27.40437126 -36.35647202 -1.90720761
v -26.64669609 -36.15345383 -1.90720761
v -25.29324341 -35.37203598 -1.90720761
v -25.60469246 -35.61102295 -1.90720761
v -25.00380707 -35.10681915 -1.90720761
v -24.10740280 -33.82661819 -1.90720761
v -25.93578720 -35.82195282 -1.90720761
v -26.28400612 -36.00322342 -1.90720761
v -24.28867340 -34.17483902 -1.90720761
v -30.08757019 -36.00322342 -1.90720761
v -30.43578720 -35.82195282 -1.90720761
v -28.57798958 -36.40771103 -1.90720761
v -28.96720314 -36.35647202 -1.90720761
v -32.08290100 -34.17483902 -1.90720761
v -31.36776733 -35.10681915 -1.90720761
v -31.63298607 -34.81738281 -1.90720761
v -30.76688194 -35.61102295 -1.90720761
v -31.07833099 -35.37203598 -1.90720761
v -29.72487640 -36.15345383 -1.90720761
v -29.35047340 -36.27150345 -1.90720761
v -27.79358673 -36.40771103 -1.90720761
v -28.18578720 -36.42483902 -1.90720761
v -31.87197113 -34.50593185 -1.90720761
v -32.66866684 -32.31703949 -1.90720761
v -32.68578720 -31.92483711 -1.90720761
v -32.61742401 -32.70625305 -1.90720761
v -32.41440201 -33.46392822 -1.90720761
v -32.53245544 -33.08952332 -1.90720761
v -32.66866684 -31.53263855 -1.90720761
v -32.61742401 -31.14342117 -1.90720761
v -32.26417160 -33.82661819 -1.90720761
v -27.40437126 -27.49320221 -1.90720761
v -27.79358673 -27.44196129 -1.90720761
v -29.35047340 -27.57817078 -1.90720761
v -28.96720314 -27.49320221 -1.90720761
v -25.60469246 -28.23865509 -1.90720761
v -25.29324341 -28.47763634 -1.90720761
v -28.18578720 -27.42483902 -1.90720761
v -28.57798958 -27.44196129 -1.90720761
v -25.93578720 -28.02772331 -1.90720761
v -26.64669609 -27.69622040 -1.90720761
v -26.28400612 -27.84645271 -1.90720761
v -27.02110291 -27.57817078 -1.90720761
v -29.72487640 -27.69622040 -1.90720761
v -25.00380707 -28.74285698 -1.90720761
v -30.08757019 -27.84645271 -1.90720761
v -30.76688194 -28.23865509 -1.90720761
v -30.43578720 -28.02772331 -1.90720761
v -23.95717049 -30.38574791 -1.90720761
v -23.83912086 -30.76015282 -1.90720761
v -24.73858833 -29.03229332 -1.90720761
v -24.49960327 -29.34374428 -1.90720761
v -31.36776733 -28.74285698 -1.90720761
v -31.07833099 -28.47763634 -1.90720761
v -31.87197113 -29.34374428 -1.90720761
v -31.63298607 -29.03229332 -1.90720761
v -32.26417160 -30.02305603 -1.90720761
v -32.08290100 -29.67483711 -1.90720761
v -24.10740280 -30.02305603 -1.90720761
v -24.28867340 -29.67483711 -1.90720761
v -32.41440201 -30.38574791 -1.90720761
v -32.53245544 -30.76015282 -1.90720761
v -23.68578720 -31.92483711 -1.90720761
v -23.70291138 -32.31703949 -1.90720761
v -23.83912086 -33.08952332 -1.90720761
v -23.95717049 -33.46392822 -1.90720761
v -23.75415421 -32.70625305 -1.90720761
v -23.75415421 -31.14342117 -1.90720761
v -23.70291138 -31.53263855 -1.90720761
v 8.63671970 45.27905655 -1.90720761
v 8.63671970 35.70016098 -1.90720761
v 8.63671970 30.32516098 -1.90720761
v 8.63671970 26.70016098 -1.90720761
v 8.63671970 0.72516221 -1.90720761
v 8.63671970 -0.27628779 -1.90720761
v -8.44761086 -0.27628779 -1.90720761
v -0.01078756 -0.27628779 -1.90720761
v -30.10047340 23.32849693 -1.90720761
v -30.47487831 23.44654465 -1.90720761
v -31.18578720 23.77804756 -1.90720761
v -31.51688004 23.98897934 -1.90720761
v -30.83757019 23.59677696 -1.90720761
v -8.44575977 0.72516221 -1.90720761
v -25.24960327 25.09406853 -1.90720761
v -25.48858643 24.78261757 -1.90720761
v -8.39772129 26.70016098 -1.90720761
v -24.85740280 25.77338028 -1.90720761
v -27.77110291 23.32849693 -1.90720761
v -27.03400421 23.59677696 -1.90720761
v -27.39669800 23.44654465 -1.90720761
v -26.35469246 23.98897934 -1.90720761
v -26.68578720 23.77804756 -1.90720761
v -25.03867340 25.42516136 -1.90720761
v -24.70717049 26.13607216 -1.90720761
v -29.71720505 23.24352837 -1.90720761
v -28.93578911 23.17516136 -1.90720761
v -29.32798767 23.19228745 -1.90720761
v -28.15437126 23.24352837 -1.90720761
v -25.75380707 24.49318123 -1.90720761
v -26.04324341 24.22796249 -1.90720761
v -32.11776733 24.49318123 -1.90720761
v -32.38298798 24.78261757 -1.90720761
v -28.54358673 23.19228745 -1.90720761
v -24.58912086 26.51047707 -1.90720761
v -32.62197113 25.09406853 -1.90720761
v -32.83290100 25.42516136 -1.90720761
v -31.82833290 24.22796249 -1.90720761
v -8.39101791 30.32516098 -1.90720761
v -24.45291138 28.06736374 -1.90720761
v -24.43578911 27.67516327 -1.90720761
v -24.58912086 28.83984756 -1.90720761
v -24.50415230 28.45657921 -1.90720761
v -25.03867340 29.92516136 -1.90720761
v -24.85740280 29.57694435 -1.90720761
v -24.45291138 27.28296089 -1.90720761
v -24.50415230 26.89374542 -1.90720761
v -24.70717049 29.21425438 -1.90720761
v -25.24960327 30.25625610 -1.90720761
v -8.38107681 35.70016098 -1.90720761
v -25.48858643 30.56770515 -1.90720761
v -26.04324341 31.12236214 -1.90720761
v -25.75380707 30.85714149 -1.90720761
v -26.68578720 31.57227516 -1.90720761
v -26.35469246 31.36134529 -1.90720761
v -27.03400421 31.75354767 -1.90720761
v -33.06079102 35.70016098 -1.90720761
v -28.15437126 32.10679626 -1.90720761
v -27.77110291 32.02182770 -1.90720761
v -28.93578911 32.17515945 -1.90720761
v -28.54358673 32.15803909 -1.90720761
v -32.11776733 30.85714149 -1.90720761
v -31.82833290 31.12236214 -1.90720761
v -32.62197113 30.25625610 -1.90720761
v -32.38298798 30.56770515 -1.90720761
v -27.39669800 31.90377808 -1.90720761
v -29.71720505 32.10679626 -1.90720761
v -29.32798767 32.15803909 -1.90720761
v -30.47487831 31.90377808 -1.90720761
v -30.10047340 32.02182770 -1.90720761
v -31.18578720 31.57227516 -1.90720761
v -30.83757019 31.75354767 -1.90720761
v -31.51688004 31.36134529 -1.90720761
v -8.36328506 45.32096100 -1.90720761
v -45.88278580 52.73506165 -1.90720761
v -103.00739288 55.19726181 -1.90720761
v -103.24669647 39.15378189 -1.90720761
v -102.88400269 39.00354767 -1.90720761
v -83.95298767 54.79146194 -1.90720761
v -104.78578186 39.42515945 -1.90720761
v -104.39358521 39.40803909 -1.90720761
v -102.20469666 38.61134338 -1.90720761
v -101.89324951 38.37236404 -1.90720761
v -103.62110138 39.27182770 -1.90720761
v -104.00437164 39.35679626 -1.90720761
v -122.25028992 54.33185959 -1.90720761
v -106.32488251 39.15378189 -1.90720761
v -102.53578186 38.82227707 -1.90720761
v -105.95047760 39.27182770 -1.90720761
v -107.03578949 38.82227707 -1.90720761
v -106.68756866 39.00354767 -1.90720761
v -107.96777344 38.10714340 -1.90720761
v -107.67832947 38.37236404 -1.90720761
v -101.09960175 37.50625610 -1.90720761
v -64.84869385 54.39446259 -1.90720761
v -105.56719971 39.35679626 -1.90720761
v -105.17799377 39.40803909 -1.90720761
v -107.36688232 38.61134338 -1.90720761
v -101.33858490 37.81770706 -1.90720761
v -100.43912506 36.08984756 -1.90720761
v -101.60380554 38.10714340 -1.90720761
v -108.68289948 37.17516327 -1.90720761
v -108.47197723 37.50625610 -1.90720761
v -100.55716705 36.46425247 -1.90720761
v -100.88867950 37.17516327 -1.90720761
v -100.70740509 36.82694626 -1.90720761
v -108.23298645 37.81770706 -1.90720761
v -109.21742249 35.70658112 -1.90720761
v -109.13245392 36.08984756 -1.90720761
v -109.01440430 36.46425247 -1.90720761
v -108.86417389 36.82694626 -1.90720761
v -123.87721252 35.70016098 -1.90720761
v -124.34656525 30.32516098 -1.90720761
v -124.66310120 26.70016098 -1.90720761
v -126.93123627 0.72516221 -1.90720761
v -128.87908936 -21.58173752 -1.90720761
v -123.59770203 -24.67483902 -1.90720761
v -113.31018829 -30.69983864 -1.90720761
v -108.23046112 -33.67483521 -1.90720761
v -109.88578796 -32.70537949 -1.90720761
v -90.43929291 -44.09444046 -1.90720761
v -52.23968506 -47.46923447 -1.90720761
v -30.39578629 -53.21293640 -1.90720761
v -33.45078659 -52.51273727 -1.90720761
v -1.72748756 -55.72543716 -1.90720761
v 1.63381243 -55.74983597 -1.90720761
v 30.30201149 -53.23733902 -1.90720761
v 33.35931015 -52.64883804 -1.90720761
v 52.14810944 -47.60523987 -1.90720761
v 90.29771423 -44.22164154 -1.90720761
v 108.63499451 -33.67483521 -1.90720761
v 113.80750275 -30.69983864 -1.90720761
v 107.40329742 -30.65345383 -1.90720761
v 105.86421204 -30.92483711 -1.90720761
v 105.47201538 -30.90771484 -1.90720761
v 106.64562988 -30.85647392 -1.90720761
v 106.25640869 -30.90771484 -1.90720761
v 107.02890015 -30.77150345 -1.90720761
v 104.69953156 -30.77150345 -1.90720761
v 105.08279419 -30.85647392 -1.90720761
v 108.75675964 -29.87203789 -1.90720761
v 108.44531250 -30.11102295 -1.90720761
v 108.11421204 -30.32195282 -1.90720761
v 109.04618835 -29.60681915 -1.90720761
v 109.31140900 -29.31738281 -1.90720761
v 124.28292084 -24.67483902 -1.90720761
v 110.29584503 -27.20625496 -1.90720761
v 110.21088409 -27.58952332 -1.90720761
v 107.76599121 -30.50322342 -1.90720761
v 109.76132965 -28.67483711 -1.90720761
v 109.55039215 -29.00593185 -1.90720761
v 110.09282684 -27.96392822 -1.90720761
v 109.94259644 -28.32662010 -1.90720761
v 110.09282684 -24.88574791 -1.90720761
v 110.21088409 -25.26015282 -1.90720761
v 110.36421204 -26.42483902 -1.90720761
v 110.34709167 -26.81703949 -1.90720761
v 110.29584503 -25.64342117 -1.90720761
v 110.34709167 -26.03263855 -1.90720761
v 109.94259644 -24.52305603 -1.90720761
v 127.17284393 0.72516221 -1.90720761
v 107.40329742 -22.19622040 -1.90720761
v 107.76599121 -22.34645271 -1.90720761
v 106.64562988 -21.99320221 -1.90720761
v 107.02890015 -22.07817078 -1.90720761
v 103.96242523 -22.34645271 -1.90720761
v 104.32512665 -22.19622040 -1.90720761
v 108.11421204 -22.52772331 -1.90720761
v 105.08279419 -21.99320221 -1.90720761
v 105.47201538 -21.94196129 -1.90720761
v 104.69953156 -22.07817078 -1.90720761
v 108.44531250 -22.73865509 -1.90720761
v 108.75675964 -22.97763634 -1.90720761
v 105.86421204 -21.92483902 -1.90720761
v 106.25640869 -21.94196129 -1.90720761
v 101.96709442 -24.17483711 -1.90720761
v 102.68223572 -23.24285698 -1.90720761
v 102.97166443 -22.97763634 -1.90720761
v 102.17803192 -23.84374237 -1.90720761
v 103.28311920 -22.73865509 -1.90720761
v 103.61421204 -22.52772331 -1.90720761
v 102.41701508 -23.53229332 -1.90720761
v 101.78582001 -24.52305603 -1.90720761
v 109.55039215 -23.84374237 -1.90720761
v 109.76132965 -24.17483711 -1.90720761
v 109.04618835 -23.24285698 -1.90720761
v 109.31140900 -23.53229332 -1.90720761
v 129.14280701 -21.87963676 -1.90720761
v 124.90916443 26.70016098 -1.90720761
v 124.59325409 30.32516098 -1.90720761
v 105.84562683 30.29352760 -1.90720761
v 104.67201233 30.24228668 -1.90720761
v 105.06421661 30.22516060 -1.90720761
v 105.45641327 30.24228668 -1.90720761
v 106.60330200 30.49654579 -1.90720761
v 106.22889709 30.37849617 -1.90720761
v 107.64530182 31.03897667 -1.90720761
v 107.31421661 30.82804680 -1.90720761
v 108.24619293 31.54318047 -1.90720761
v 107.95675659 31.27796173 -1.90720761
v 106.96599579 30.64677620 -1.90720761
v 108.96132660 32.47516251 -1.90720761
v 108.75039673 32.14406967 -1.90720761
v 109.49584961 33.94374466 -1.90720761
v 109.41088104 33.56047821 -1.90720761
v 108.51141357 31.83261681 -1.90720761
v 109.29282379 33.18606949 -1.90720761
v 109.14259338 32.82337952 -1.90720761
v 124.12483215 35.70016098 -1.90720761
v 109.56421661 34.72516251 -1.90720761
v 109.54708862 34.33296204 -1.90720761
v 109.49584961 35.50658035 -1.90720761
v 109.54708862 35.11736298 -1.90720761
v 109.41088104 35.88985062 -1.90720761
v 122.52271271 54.08396149 -1.90720761
v 106.60330200 38.95377731 -1.90720761
v 106.96599579 38.80354691 -1.90720761
v 103.27990723 54.94936371 -1.90720761
v 106.22889709 39.07182693 -1.90720761
v 105.06421661 39.22516251 -1.90720761
v 105.45641327 39.20803833 -1.90720761
v 107.64530182 38.41134644 -1.90720761
v 107.95675659 38.17235947 -1.90720761
v 105.84562683 39.15679932 -1.90720761
v 84.17551422 54.55236053 -1.90720761
v 103.16242981 38.80354691 -1.90720761
v 107.31421661 38.62227631 -1.90720761
v 103.52512360 38.95377731 -1.90720761
v 103.89952087 39.07182693 -1.90720761
v 102.81420898 38.62227631 -1.90720761
v 101.88223267 37.90714264 -1.90720761
v 102.17166901 38.17235947 -1.90720761
v 104.28279877 39.15679932 -1.90720761
v 104.67201233 39.20803833 -1.90720761
v 102.48311615 38.41134644 -1.90720761
v 109.14259338 36.62694550 -1.90720761
v 101.16709900 36.97516251 -1.90720761
v 101.37802887 37.30625534 -1.90720761
v 108.96132660 36.97516251 -1.90720761
v 108.24619293 37.90714264 -1.90720761
v 108.51141357 37.61770630 -1.90720761
v 101.61701965 37.61770630 -1.90720761
v 109.29282379 36.26425171 -1.90720761
v 108.75039673 37.30625534 -1.90720761
v 100.98582458 36.62694550 -1.90720761
v 100.83560181 36.26425171 -1.90720761
v 65.12120819 54.14656067 -1.90720761
v 100.71754456 35.88985062 -1.90720761
v 46.13481140 52.48537064 -1.90720761
v 100.96421051 -38.08673477 -1.90720761
v -64.84869385 54.39446259 -3.40720773
v -45.88278580 52.73506165 -3.40720773
v -83.95298767 54.79146194 -3.40720773
v -103.00739288 55.19726181 -3.40720773
v -122.25028992 54.33185959 -3.40720773
v -126.93123627 0.72516221 -3.40720773
v -124.68492889 26.45016289 -3.40720773
v -124.27015686 31.20016289 -3.40720773
v -124.04966736 33.72516251 -3.40720773
v -128.87908936 -21.58173752 -3.40720773
v -106.48578644 -34.69662476 -3.40720773
v -109.16957092 -33.12483978 -3.40720773
v -115.91408539 -29.17483902 -3.40720773
v -119.11559296 -27.29983902 -3.40720773
v -90.43929291 -44.09444046 -3.40720773
v -52.23968506 -47.46923447 -3.40720773
v -33.45078659 -52.51273727 -3.40720773
v -30.39578629 -53.21293640 -3.40720773
v -1.72748756 -55.72543716 -3.40720773
v 1.63381243 -55.74983597 -3.40720773
v 30.30201149 -53.23733902 -3.40720773
v 33.35931015 -52.64883804 -3.40720773
v 52.14810944 -47.60523987 -3.40720773
v 90.29771423 -44.22164154 -3.40720773
v 129.14280701 -21.87963676 -3.40720773
v 116.45895386 -29.17483902 -3.40720773
v 119.71894073 -27.29983902 -3.40720773
v 109.59125519 -33.12483978 -3.40720773
v 104.36421204 -36.13120270 -3.40720773
v 122.52271271 54.08396149 -3.40720773
v 124.51699066 31.20016289 -3.40720773
v 124.29695129 33.72516251 -3.40720773
v 124.93094635 26.45016289 -3.40720773
v 127.17284393 0.72516221 -3.40720773
v 103.27990723 54.94936371 -3.40720773
v 84.17551422 54.55236053 -3.40720773
v 65.12120819 54.14656067 -3.40720773
v 46.13481140 52.48537064 -3.40720773
v -8.36328030 45.32330322 -3.37863779
v -8.36384773 45.32341766 -3.40720773
v -8.44761086 -0.27628779 -0.50720769
v -8.36328030 45.32330322 -0.50720769
v 8.63671970 -0.27628779 -0.50720769
v 8.63671970 45.27905655 -0.50720769
v 0.13186245 43.64461136 -0.50720769
v -109.28578949 34.92516327 -1.40720773
v -109.26866150 35.31735992 -1.40720773
v -109.21742249 35.70658112 -1.40720773
v -109.13245392 36.08984756 -1.40720773
v -109.01440430 36.46425247 -1.40720773
v -108.86417389 36.82694626 -1.40720773
v -108.68289948 37.17516327 -1.40720773
v -108.47197723 37.50625610 -1.40720773
v -108.23298645 37.81770706 -1.40720773
v -107.96777344 38.10714340 -1.40720773
v -107.67832947 38.37236404 -1.40720773
v -107.36688232 38.61134338 -1.40720773
v -107.03578949 38.82227707 -1.40720773
v -106.68756866 39.00354767 -1.40720773
v -106.32488251 39.15378189 -1.40720773
v -105.95047760 39.27182770 -1.40720773
v -105.56719971 39.35679626 -1.40720773
v -105.17799377 39.40803909 -1.40720773
v -104.78578186 39.42515945 -1.40720773
v -104.39358521 39.40803909 -1.40720773
v -104.00437164 39.35679626 -1.40720773
v -103.62110138 39.27182770 -1.40720773
v -103.24669647 39.15378189 -1.40720773
v -102.88400269 39.00354767 -1.40720773
v -102.53578186 38.82227707 -1.40720773
v -102.20469666 38.61134338 -1.40720773
v -101.89324951 38.37236404 -1.40720773
v -101.60380554 38.10714340 -1.40720773
v -101.33858490 37.81770706 -1.40720773
v -101.09960175 37.50625610 -1.40720773
v -100.88867950 37.17516327 -1.40720773
v -100.70740509 36.82694626 -1.40720773
v -100.55716705 36.46425247 -1.40720773
v -100.43912506 36.08984756 -1.40720773
v -100.35414886 35.70658112 -1.40720773
v -100.30290985 35.31735992 -1.40720773
v -100.28578949 34.92516327 -1.40720773
v -100.30290985 34.53295898 -1.40720773
v -100.35414886 34.14374542 -1.40720773
v -100.43912506 33.76047516 -1.40720773
v -100.55716705 33.38607025 -1.40720773
v -100.70740509 33.02338028 -1.40720773
v -100.88867950 32.67516327 -1.40720773
v -101.09960175 32.34407043 -1.40720773
v -101.33858490 32.03261566 -1.40720773
v -101.60380554 31.74317932 -1.40720773
v -101.89324951 31.47796249 -1.40720773
v -102.20469666 31.23897934 -1.40720773
v -102.53578186 31.02804756 -1.40720773
v -102.88400269 30.84677696 -1.40720773
v -103.24669647 30.69654465 -1.40720773
v -103.62110138 30.57849503 -1.40720773
v -104.00437164 30.49352837 -1.40720773
v -104.39358521 30.44228554 -1.40720773
v -104.78578186 30.42516327 -1.40720773
v -105.17799377 30.44228554 -1.40720773
v -105.56719971 30.49352837 -1.40720773
v -105.95047760 30.57849503 -1.40720773
v -106.32488251 30.69654465 -1.40720773
v -106.68756866 30.84677696 -1.40720773
v -107.03578949 31.02804756 -1.40720773
v -107.36688232 31.23897934 -1.40720773
v -107.67832947 31.47796249 -1.40720773
v -107.96777344 31.74317932 -1.40720773
v -108.23298645 32.03261566 -1.40720773
v -108.47197723 32.34407043 -1.40720773
v -108.68289948 32.67516327 -1.40720773
v -108.86417389 33.02338028 -1.40720773
v -109.01440430 33.38607025 -1.40720773
v -109.13245392 33.76047516 -1.40720773
v -109.21742249 34.14374542 -1.40720773
v -109.26866150 34.53295898 -1.40720773
v -106.21930695 33.92140198 -1.40720773
v -106.30133057 34.05016327 -1.40720773
v -106.12636566 33.80028534 -1.40720773
v -106.02322388 33.68772507 -1.40720773
v -105.78955078 33.49164581 -1.40720773
v -105.91066742 33.58458328 -1.40720773
v -105.66078949 33.40961838 -1.40720773
v -105.52536774 33.33912277 -1.40720773
v -105.38432312 33.28070068 -1.40720773
v -105.23872375 33.23479462 -1.40720773
v -105.08966827 33.20175171 -1.40720773
v -104.93831635 33.18181992 -1.40720773
v -104.78578186 33.17516327 -1.40720773
v -104.63326263 33.18181992 -1.40720773
v -104.48190308 33.20175171 -1.40720773
v -104.33285522 33.23479462 -1.40720773
v -104.18724823 33.28070068 -1.40720773
v -103.66091156 33.58458328 -1.40720773
v -103.78202820 33.49164581 -1.40720773
v -103.54834747 33.68772507 -1.40720773
v -104.04620361 33.33912277 -1.40720773
v -103.91078949 33.40961838 -1.40720773
v -105.38432312 36.56962585 -1.40720773
v -105.23872375 36.61553192 -1.40720773
v -105.52536774 36.51119995 -1.40720773
v -103.44521332 33.80028534 -1.40720773
v -103.35227203 33.92140198 -1.40720773
v -104.93831635 36.66850281 -1.40720773
v -104.78578186 36.67516327 -1.40720773
v -105.08966827 36.64857483 -1.40720773
v -105.78955078 36.35867691 -1.40720773
v -105.66078949 36.44070816 -1.40720773
v -105.91066742 36.26573944 -1.40720773
v -103.27024078 34.05016327 -1.40720773
v -104.33285522 36.61553192 -1.40720773
v -104.18724823 36.56962585 -1.40720773
v -104.48190308 36.64857483 -1.40720773
v -104.63326263 36.66850281 -1.40720773
v -106.50920105 35.22904587 -1.40720773
v -106.47615814 35.37809372 -1.40720773
v -106.52912903 35.07768250 -1.40720773
v -106.53578186 34.92516327 -1.40720773
v -106.52912903 34.77263641 -1.40720773
v -106.43024445 34.32662964 -1.40720773
v -106.47615814 34.47222900 -1.40720773
v -106.37182617 34.18558121 -1.40720773
v -103.19975281 34.18558121 -1.40720773
v -103.14131927 34.32662964 -1.40720773
v -103.09542084 34.47222900 -1.40720773
v -103.44521332 36.05004120 -1.40720773
v -103.35227203 35.92892075 -1.40720773
v -103.54834747 36.16260147 -1.40720773
v -106.12636566 36.05004120 -1.40720773
v -106.02322388 36.16260147 -1.40720773
v -106.21930695 35.92892075 -1.40720773
v -106.50920105 34.62128067 -1.40720773
v -103.27024078 35.80016327 -1.40720773
v -103.19975281 35.66474533 -1.40720773
v -103.66091156 36.26573944 -1.40720773
v -103.78202820 36.35867691 -1.40720773
v -103.91078949 36.44070816 -1.40720773
v -104.04620361 36.51119995 -1.40720773
v -106.30133057 35.80016327 -1.40720773
v -106.37182617 35.66474533 -1.40720773
v -106.43024445 35.52369690 -1.40720773
v -103.06237793 34.62128067 -1.40720773
v -103.04244232 34.77263641 -1.40720773
v -103.06237793 35.22904587 -1.40720773
v -103.04244232 35.07768250 -1.40720773
v -103.09542084 35.37809372 -1.40720773
v -103.03578186 34.92516327 -1.40720773
v -103.14131927 35.52369690 -1.40720773
v -106.52912903 34.77263641 -1.90720761
v -106.53578186 34.92516327 -1.90720761
v -106.50920105 34.62128067 -1.90720761
v -106.47615814 34.47222900 -1.90720761
v -106.43024445 34.32662964 -1.90720761
v -106.37182617 34.18558121 -1.90720761
v -106.30133057 34.05016327 -1.90720761
v -106.21930695 33.92140198 -1.90720761
v -106.12636566 33.80028534 -1.90720761
v -106.02322388 33.68772507 -1.90720761
v -105.91066742 33.58458328 -1.90720761
v -105.78955078 33.49164581 -1.90720761
v -105.66078949 33.40961838 -1.90720761
v -105.52536774 33.33912277 -1.90720761
v -105.38432312 33.28070068 -1.90720761
v -105.23872375 33.23479462 -1.90720761
v -105.08966827 33.20175171 -1.90720761
v -104.93831635 33.18181992 -1.90720761
v -104.78578186 33.17516327 -1.90720761
v -104.63326263 33.18181992 -1.90720761
v -104.48190308 33.20175171 -1.90720761
v -104.33285522 33.23479462 -1.90720761
v -104.18724823 33.28070068 -1.90720761
v -104.04620361 33.33912277 -1.90720761
v -103.91078949 33.40961838 -1.90720761
v -103.78202820 33.49164581 -1.90720761
v -103.66091156 33.58458328 -1.90720761
v -103.54834747 33.68772507 -1.90720761
v -103.44521332 33.80028534 -1.90720761
v -103.35227203 33.92140198 -1.90720761
v -103.27024078 34.05016327 -1.90720761
v -103.19975281 34.18558121 -1.90720761
v -103.14131927 34.32662964 -1.90720761
v -103.09542084 34.47222900 -1.90720761
v -103.06237793 34.62128067 -1.90720761
v -103.04244232 34.77263641 -1.90720761
v -103.03578186 34.92516327 -1.90720761
v -103.04244232 35.07768250 -1.90720761
v -103.06237793 35.22904587 -1.90720761
v -103.09542084 35.37809372 -1.90720761
v -103.14131927 35.52369690 -1.90720761
v -103.19975281 35.66474533 -1.90720761
v -103.27024078 35.80016327 -1.90720761
v -103.35227203 35.92892075 -1.90720761
v -103.44521332 36.05004120 -1.90720761
v -103.54834747 36.16260147 -1.90720761
v -103.66091156 36.26573944 -1.90720761
v -103.78202820 36.35867691 -1.90720761
v -103.91078949 36.44070816 -1.90720761
v -104.04620361 36.51119995 -1.90720761
v -104.18724823 36.56962585 -1.90720761
v -104.33285522 36.61553192 -1.90720761
v -104.48190308 36.64857483 -1.90720761
v -104.63326263 36.66850281 -1.90720761
v -104.78578186 36.67516327 -1.90720761
v -104.93831635 36.66850281 -1.90720761
v -105.08966827 36.64857483 -1.90720761
v -105.23872375 36.61553192 -1.90720761
v -105.38432312 36.56962585 -1.90720761
v -105.52536774 36.51119995 -1.90720761
v -105.66078949 36.44070816 -1.90720761
v -105.78955078 36.35867691 -1.90720761
v -105.91066742 36.26573944 -1.90720761
v -106.02322388 36.16260147 -1.90720761
v -106.12636566 36.05004120 -1.90720761
v -106.21930695 35.92892075 -1.90720761
v -106.30133057 35.80016327 -1.90720761
v -106.37182617 35.66474533 -1.90720761
v -106.43024445 35.52369690 -1.90720761
v -106.47615814 35.37809372 -1.90720761
v -106.50920105 35.22904587 -1.90720761
v -106.52912903 35.07768250 -1.90720761
v -105.33578491 33.97253418 -1.90720761
v -105.41672516 34.02409363 -1.90720761
v -105.25066376 33.92822266 -1.90720761
v -105.16201019 33.89149857 -1.90720761
v -105.07048798 33.86264420 -1.90720761
v -104.23579407 35.87778854 -1.90720761
v -104.15485382 35.82622910 -1.90720761
v -104.32090759 35.92210388 -1.90720761
v -104.50108337 35.98767853 -1.90720761
v -104.40956879 35.95882416 -1.90720761
v -104.59477234 36.00844955 -1.90720761
v -104.50108337 33.86264420 -1.90720761
v -104.59477234 33.84187317 -1.90720761
v -104.40956879 33.89149857 -1.90720761
v -104.23579407 33.97253418 -1.90720761
v -104.15485382 34.02409363 -1.90720761
v -104.07872009 34.08251190 -1.90720761
v -104.00796509 34.14734268 -1.90720761
v -103.88471985 34.29422760 -1.90720761
v -103.94313812 34.21809387 -1.90720761
v -103.83316040 34.37516022 -1.90720761
v -104.07872009 35.76781082 -1.90720761
v -104.00796509 35.70298004 -1.90720761
v -104.68991852 36.02097702 -1.90720761
v -105.07048798 35.98767853 -1.90720761
v -104.97680664 36.00844955 -1.90720761
v -105.16201019 35.95882416 -1.90720761
v -105.33578491 35.87778854 -1.90720761
v -105.41672516 35.82622910 -1.90720761
v -104.97680664 33.84187317 -1.90720761
v -104.68991852 33.82934570 -1.90720761
v -104.32090759 33.92822266 -1.90720761
v -103.78884888 34.46028519 -1.90720761
v -103.75212860 35.30138397 -1.90720761
v -103.72327423 35.20986557 -1.90720761
v -103.78884888 35.39004135 -1.90720761
v -103.88471985 35.55609512 -1.90720761
v -103.83316040 35.47516251 -1.90720761
v -103.94313812 35.63222885 -1.90720761
v -104.78578186 36.02516174 -1.90720761
v -104.88166046 36.02097702 -1.90720761
v -105.25066376 35.92210388 -1.90720761
v -105.49285126 35.76781082 -1.90720761
v -105.56360626 35.70298004 -1.90720761
v -105.68685913 35.55609512 -1.90720761
v -105.62844086 35.63222885 -1.90720761
v -105.73841858 35.47516251 -1.90720761
v -105.49285126 34.08251190 -1.90720761
v -105.56360626 34.14734268 -1.90720761
v -104.88166046 33.82934570 -1.90720761
v -104.78578186 33.82516098 -1.90720761
v -105.78272247 35.39004135 -1.90720761
v -105.81945038 34.54893875 -1.90720761
v -105.84830475 34.64046097 -1.90720761
v -105.78272247 34.46028519 -1.90720761
v -105.68685913 34.29422760 -1.90720761
v -105.73841858 34.37516022 -1.90720761
v -105.62844086 34.21809387 -1.90720761
v -105.81945038 35.30138397 -1.90720761
v -105.84830475 35.20986557 -1.90720761
v -105.86907959 35.11617661 -1.90720761
v -105.88159943 35.02103424 -1.90720761
v -105.86907959 34.73414993 -1.90720761
v -105.88159943 34.82929230 -1.90720761
v -103.75212860 34.54893875 -1.90720761
v -103.72327423 34.64046097 -1.90720761
v -103.70249939 35.11617661 -1.90720761
v -103.68997955 35.02103424 -1.90720761
v -105.88578796 34.92516327 -1.90720761
v -103.68579102 34.92516327 -1.90720761
v -103.70249939 34.73414993 -1.90720761
v -103.68997955 34.82929230 -1.90720761
v -103.68579102 34.92516327 -3.40720773
v -103.68997955 34.82929230 -3.40720773
v -103.70249939 34.73414993 -3.40720773
v -103.72327423 34.64046097 -3.40720773
v -103.75212860 34.54893875 -3.40720773
v -103.78884888 34.46028519 -3.40720773
v -103.83316040 34.37516022 -3.40720773
v -103.88471985 34.29422760 -3.40720773
v -103.94313812 34.21809387 -3.40720773
v -104.00796509 34.14734268 -3.40720773
v -104.07872009 34.08251190 -3.40720773
v -104.15485382 34.02409363 -3.40720773
v -104.23579407 33.97253418 -3.40720773
v -104.32090759 33.92822266 -3.40720773
v -104.40956879 33.89149857 -3.40720773
v -104.50108337 33.86264420 -3.40720773
v -104.59477234 33.84187317 -3.40720773
v -104.68991852 33.82934570 -3.40720773
v -104.78578186 33.82516098 -3.40720773
v -104.88166046 33.82934570 -3.40720773
v -104.97680664 33.84187317 -3.40720773
v -105.07048798 33.86264420 -3.40720773
v -105.16201019 33.89149857 -3.40720773
v -105.25066376 33.92822266 -3.40720773
v -105.33578491 33.97253418 -3.40720773
v -105.41672516 34.02409363 -3.40720773
v -105.49285126 34.08251190 -3.40720773
v -105.56360626 34.14734268 -3.40720773
v -105.62844086 34.21809387 -3.40720773
v -105.68685913 34.29422760 -3.40720773
v -105.73841858 34.37516022 -3.40720773
v -105.78272247 34.46028519 -3.40720773
v -105.81945038 34.54893875 -3.40720773
v -105.84830475 34.64046097 -3.40720773
v -105.86907959 34.73414993 -3.40720773
v -105.88159943 34.82929230 -3.40720773
v -105.88578796 34.92516327 -3.40720773
v -105.88159943 35.02103424 -3.40720773
v -105.86907959 35.11617661 -3.40720773
v -105.84830475 35.20986557 -3.40720773
v -105.81945038 35.30138397 -3.40720773
v -105.78272247 35.39004135 -3.40720773
v -105.73841858 35.47516251 -3.40720773
v -105.68685913 35.55609512 -3.40720773
v -105.62844086 35.63222885 -3.40720773
v -105.56360626 35.70298004 -3.40720773
v -105.49285126 35.76781082 -3.40720773
v -105.41672516 35.82622910 -3.40720773
v -105.33578491 35.87778854 -3.40720773
v -105.25066376 35.92210388 -3.40720773
v -105.16201019 35.95882416 -3.40720773
v -105.07048798 35.98767853 -3.40720773
v -104.97680664 36.00844955 -3.40720773
v -104.88166046 36.02097702 -3.40720773
v -104.78578186 36.02516174 -3.40720773
v -104.68991852 36.02097702 -3.40720773
v -104.59477234 36.00844955 -3.40720773
v -104.50108337 35.98767853 -3.40720773
v -104.40956879 35.95882416 -3.40720773
v -104.32090759 35.92210388 -3.40720773
v -104.23579407 35.87778854 -3.40720773
v -104.15485382 35.82622910 -3.40720773
v -104.07872009 35.76781082 -3.40720773
v -104.00796509 35.70298004 -3.40720773
v -103.94313812 35.63222885 -3.40720773
v -103.88471985 35.55609512 -3.40720773
v -103.83316040 35.47516251 -3.40720773
v -103.78884888 35.39004135 -3.40720773
v -103.75212860 35.30138397 -3.40720773
v -103.72327423 35.20986557 -3.40720773
v -103.70249939 35.11617661 -3.40720773
v -103.68997955 35.02103424 -3.40720773
v 100.56420898 34.72516251 -1.40720773
v 100.58132935 35.11736298 -1.40720773
v 100.63257599 35.50658035 -1.40720773
v 100.71754456 35.88985062 -1.40720773
v 100.83560181 36.26425171 -1.40720773
v 100.98582458 36.62694550 -1.40720773
v 101.16709900 36.97516251 -1.40720773
v 101.37802887 37.30625534 -1.40720773
v 101.61701965 37.61770630 -1.40720773
v 101.88223267 37.90714264 -1.40720773
v 102.17166901 38.17235947 -1.40720773
v 102.48311615 38.41134644 -1.40720773
v 102.81420898 38.62227631 -1.40720773
v 103.16242981 38.80354691 -1.40720773
v 103.52512360 38.95377731 -1.40720773
v 103.89952087 39.07182693 -1.40720773
v 104.28279877 39.15679932 -1.40720773
v 104.67201233 39.20803833 -1.40720773
v 105.06421661 39.22516251 -1.40720773
v 105.45641327 39.20803833 -1.40720773
v 105.84562683 39.15679932 -1.40720773
v 106.22889709 39.07182693 -1.40720773
v 106.60330200 38.95377731 -1.40720773
v 106.96599579 38.80354691 -1.40720773
v 107.31421661 38.62227631 -1.40720773
v 107.64530182 38.41134644 -1.40720773
v 107.95675659 38.17235947 -1.40720773
v 108.24619293 37.90714264 -1.40720773
v 108.51141357 37.61770630 -1.40720773
v 108.75039673 37.30625534 -1.40720773
v 108.96132660 36.97516251 -1.40720773
v 109.14259338 36.62694550 -1.40720773
v 109.29282379 36.26425171 -1.40720773
v 109.41088104 35.88985062 -1.40720773
v 109.49584961 35.50658035 -1.40720773
v 109.54708862 35.11736298 -1.40720773
v 109.56421661 34.72516251 -1.40720773
v 109.54708862 34.33296204 -1.40720773
v 109.49584961 33.94374466 -1.40720773
v 109.41088104 33.56047821 -1.40720773
v 109.29282379 33.18606949 -1.40720773
v 109.14259338 32.82337952 -1.40720773
v 108.96132660 32.47516251 -1.40720773
v 108.75039673 32.14406967 -1.40720773
v 108.51141357 31.83261681 -1.40720773
v 108.24619293 31.54318047 -1.40720773
v 107.95675659 31.27796173 -1.40720773
v 107.64530182 31.03897667 -1.40720773
v 107.31421661 30.82804680 -1.40720773
v 106.96599579 30.64677620 -1.40720773
v 106.60330200 30.49654579 -1.40720773
v 106.22889709 30.37849617 -1.40720773
v 105.84562683 30.29352760 -1.40720773
v 105.45641327 30.24228668 -1.40720773
v 105.06421661 30.22516060 -1.40720773
v 104.67201233 30.24228668 -1.40720773
v 104.28279877 30.29352760 -1.40720773
v 103.89952087 30.37849617 -1.40720773
v 103.52512360 30.49654579 -1.40720773
v 103.16242981 30.64677620 -1.40720773
v 102.81420898 30.82804680 -1.40720773
v 102.48311615 31.03897667 -1.40720773
v 102.17166901 31.27796173 -1.40720773
v 101.88223267 31.54318047 -1.40720773
v 101.61701965 31.83261681 -1.40720773
v 101.37802887 32.14406967 -1.40720773
v 101.16709900 32.47516251 -1.40720773
v 100.98582458 32.82337952 -1.40720773
v 100.83560181 33.18606949 -1.40720773
v 100.71754456 33.56047821 -1.40720773
v 100.63257599 33.94374466 -1.40720773
v 100.58132935 34.33296204 -1.40720773
v 104.46567535 36.36962509 -1.40720773
v 104.61127472 36.41553116 -1.40720773
v 104.32463074 36.31120300 -1.40720773
v 104.91168976 36.46850204 -1.40720773
v 105.06421661 36.47516251 -1.40720773
v 104.76033020 36.44857407 -1.40720773
v 104.06045532 36.15867615 -1.40720773
v 104.18920898 36.24070740 -1.40720773
v 103.93933105 36.06573868 -1.40720773
v 103.63069916 33.72140121 -1.40720773
v 103.54866791 33.85016251 -1.40720773
v 103.72364044 33.60028458 -1.40720773
v 106.49772644 35.72891998 -1.40720773
v 106.57975769 35.60016251 -1.40720773
v 106.40478516 35.85004044 -1.40720773
v 105.51715088 36.41553116 -1.40720773
v 105.66275024 36.36962509 -1.40720773
v 105.36810303 36.44857407 -1.40720773
v 105.21673584 36.46850204 -1.40720773
v 103.63069916 35.72891998 -1.40720773
v 103.54866791 35.60016251 -1.40720773
v 103.82677460 33.48772430 -1.40720773
v 104.06045532 33.29164505 -1.40720773
v 103.93933105 33.38458252 -1.40720773
v 104.18920898 33.20961761 -1.40720773
v 104.32463074 33.13912582 -1.40720773
v 104.46567535 33.08069992 -1.40720773
v 104.61127472 33.03479004 -1.40720773
v 104.76033020 33.00174713 -1.40720773
v 104.91168976 32.98181915 -1.40720773
v 105.06421661 32.97516251 -1.40720773
v 105.21673584 32.98181915 -1.40720773
v 105.36810303 33.00174713 -1.40720773
v 105.51715088 33.03479004 -1.40720773
v 105.66275024 33.08069992 -1.40720773
v 106.30165100 35.96260071 -1.40720773
v 106.06797028 36.15867615 -1.40720773
v 106.18908691 36.06573868 -1.40720773
v 105.93920898 36.24070740 -1.40720773
v 105.80379486 36.31120300 -1.40720773
v 103.72364044 35.85004044 -1.40720773
v 103.82677460 35.96260071 -1.40720773
v 106.18908691 33.38458252 -1.40720773
v 106.06797028 33.29164505 -1.40720773
v 106.30165100 33.48772430 -1.40720773
v 105.80379486 33.13912582 -1.40720773
v 105.93920898 33.20961761 -1.40720773
v 106.40478516 33.60028458 -1.40720773
v 106.49772644 33.72140121 -1.40720773
v 106.57975769 33.85016251 -1.40720773
v 106.70867920 35.32369995 -1.40720773
v 106.75458527 35.17809677 -1.40720773
v 106.65024567 35.46474457 -1.40720773
v 103.41975403 35.32369995 -1.40720773
v 103.47817230 35.46474457 -1.40720773
v 103.37384033 35.17809677 -1.40720773
v 103.34079742 35.02904510 -1.40720773
v 103.32087708 34.87768555 -1.40720773
v 103.31421661 34.72516251 -1.40720773
v 103.32087708 34.57263947 -1.40720773
v 103.41975403 34.12662888 -1.40720773
v 103.37384033 34.27222824 -1.40720773
v 103.47817230 33.98558044 -1.40720773
v 106.65024567 33.98558044 -1.40720773
v 106.70867920 34.12662888 -1.40720773
v 106.75458527 34.27222824 -1.40720773
v 106.78762817 35.02904510 -1.40720773
v 106.80754852 34.87768555 -1.40720773
v 103.34079742 34.42127609 -1.40720773
v 106.78762817 34.42127609 -1.40720773
v 106.80754852 34.57263947 -1.40720773
v 106.81421661 34.72516251 -1.40720773
v 103.32087708 34.57263947 -1.90720761
v 103.31421661 34.72516251 -1.90720761
v 103.34079742 34.42127609 -1.90720761
v 103.37384033 34.27222824 -1.90720761
v 103.41975403 34.12662888 -1.90720761
v 103.47817230 33.98558044 -1.90720761
v 103.54866791 33.85016251 -1.90720761
v 103.63069916 33.72140121 -1.90720761
v 103.72364044 33.60028458 -1.90720761
v 103.82677460 33.48772430 -1.90720761
v 103.93933105 33.38458252 -1.90720761
v 104.06045532 33.29164505 -1.90720761
v 104.18920898 33.20961761 -1.90720761
v 104.32463074 33.13912582 -1.90720761
v 104.46567535 33.08069992 -1.90720761
v 104.61127472 33.03479004 -1.90720761
v 104.76033020 33.00174713 -1.90720761
v 104.91168976 32.98181915 -1.90720761
v 105.06421661 32.97516251 -1.90720761
v 105.21673584 32.98181915 -1.90720761
v 105.36810303 33.00174713 -1.90720761
v 105.51715088 33.03479004 -1.90720761
v 105.66275024 33.08069992 -1.90720761
v 105.80379486 33.13912582 -1.90720761
v 105.93920898 33.20961761 -1.90720761
v 106.06797028 33.29164505 -1.90720761
v 106.18908691 33.38458252 -1.90720761
v 106.30165100 33.48772430 -1.90720761
v 106.40478516 33.60028458 -1.90720761
v 106.49772644 33.72140121 -1.90720761
v 106.57975769 33.85016251 -1.90720761
v 106.65024567 33.98558044 -1.90720761
v 106.70867920 34.12662888 -1.90720761
v 106.75458527 34.27222824 -1.90720761
v 106.78762817 34.42127609 -1.90720761
v 106.80754852 34.57263947 -1.90720761
v 106.81421661 34.72516251 -1.90720761
v 106.80754852 34.87768555 -1.90720761
v 106.78762817 35.02904510 -1.90720761
v 106.75458527 35.17809677 -1.90720761
v 106.70867920 35.32369995 -1.90720761
v 106.65024567 35.46474457 -1.90720761
v 106.57975769 35.60016251 -1.90720761
v 106.49772644 35.72891998 -1.90720761
v 106.40478516 35.85004044 -1.90720761
v 106.30165100 35.96260071 -1.90720761
v 106.18908691 36.06573868 -1.90720761
v 106.06797028 36.15867615 -1.90720761
v 105.93920898 36.24070740 -1.90720761
v 105.80379486 36.31120300 -1.90720761
v 105.66275024 36.36962509 -1.90720761
v 105.51715088 36.41553116 -1.90720761
v 105.36810303 36.44857407 -1.90720761
v 105.21673584 36.46850204 -1.90720761
v 105.06421661 36.47516251 -1.90720761
v 104.91168976 36.46850204 -1.90720761
v 104.76033020 36.44857407 -1.90720761
v 104.61127472 36.41553116 -1.90720761
v 104.46567535 36.36962509 -1.90720761
v 104.32463074 36.31120300 -1.90720761
v 104.18920898 36.24070740 -1.90720761
v 104.06045532 36.15867615 -1.90720761
v 103.93933105 36.06573868 -1.90720761
v 103.82677460 35.96260071 -1.90720761
v 103.72364044 35.85004044 -1.90720761
v 103.63069916 35.72891998 -1.90720761
v 103.54866791 35.60016251 -1.90720761
v 103.47817230 35.46474457 -1.90720761
v 103.41975403 35.32369995 -1.90720761
v 103.37384033 35.17809677 -1.90720761
v 103.34079742 35.02904510 -1.90720761
v 103.32087708 34.87768555 -1.90720761
v 104.51421356 33.77253723 -1.90720761
v 104.43327332 33.82409286 -1.90720761
v 104.59933472 33.72822189 -1.90720761
v 104.68798828 33.69149780 -1.90720761
v 104.77951050 33.66264343 -1.90720761
v 105.34891510 33.66264343 -1.90720761
v 105.25522614 33.64187622 -1.90720761
v 105.44043732 33.69149780 -1.90720761
v 105.61421204 33.77253723 -1.90720761
v 105.69514465 33.82409286 -1.90720761
v 105.77127838 33.88251495 -1.90720761
v 105.84203339 33.94734573 -1.90720761
v 105.96527863 34.09423065 -1.90720761
v 105.90686035 34.01809692 -1.90720761
v 106.01683807 34.17515945 -1.90720761
v 105.61421204 35.67779160 -1.90720761
v 105.69514465 35.62622833 -1.90720761
v 105.52909088 35.72209930 -1.90720761
v 105.34891510 35.78767776 -1.90720761
v 105.44043732 35.75882339 -1.90720761
v 105.25522614 35.80845261 -1.90720761
v 104.87319946 33.64187622 -1.90720761
v 105.16008759 33.62934494 -1.90720761
v 105.52909088 33.72822189 -1.90720761
v 106.06114960 34.26028061 -1.90720761
v 105.77127838 35.56781387 -1.90720761
v 105.84203339 35.50298309 -1.90720761
v 105.16008759 35.82097626 -1.90720761
v 104.77951050 35.78767776 -1.90720761
v 104.87319946 35.80845261 -1.90720761
v 104.68798828 35.75882339 -1.90720761
v 104.51421356 35.67779160 -1.90720761
v 104.43327332 35.62622833 -1.90720761
v 104.03054810 34.34893799 -1.90720761
v 104.00169373 34.44046021 -1.90720761
v 104.06727600 34.26028061 -1.90720761
v 104.35714722 33.88251495 -1.90720761
v 104.28639221 33.94734573 -1.90720761
v 104.96833801 33.62934494 -1.90720761
v 105.06421661 33.62516403 -1.90720761
v 106.09787750 35.10138321 -1.90720761
v 106.12673187 35.00986481 -1.90720761
v 106.06114960 35.19004059 -1.90720761
v 105.96527863 35.35609818 -1.90720761
v 106.01683807 35.27516174 -1.90720761
v 105.90686035 35.43222809 -1.90720761
v 105.06421661 35.82516479 -1.90720761
v 104.96833801 35.82097626 -1.90720761
v 104.59933472 35.72209930 -1.90720761
v 104.35714722 35.56781387 -1.90720761
v 104.28639221 35.50298309 -1.90720761
v 104.16314697 35.35609818 -1.90720761
v 104.22155762 35.43222809 -1.90720761
v 104.11157990 35.27516174 -1.90720761
v 104.11157990 34.17515945 -1.90720761
v 104.16314697 34.09423065 -1.90720761
v 104.22155762 34.01809692 -1.90720761
v 106.09787750 34.34893799 -1.90720761
v 106.12673187 34.44046021 -1.90720761
v 104.06727600 35.19004059 -1.90720761
v 104.03054810 35.10138321 -1.90720761
v 104.00169373 35.00986481 -1.90720761
v 103.98091888 34.53414917 -1.90720761
v 106.14749908 34.53414917 -1.90720761
v 103.98091888 34.91617203 -1.90720761
v 106.16002655 34.62928772 -1.90720761
v 106.16420746 34.72516251 -1.90720761
v 103.96839905 34.82103348 -1.90720761
v 103.96421051 34.72516251 -1.90720761
v 103.96839905 34.62928772 -1.90720761
v 106.14749908 34.91617203 -1.90720761
v 106.16002655 34.82103348 -1.90720761
v 106.16420746 34.72516251 -3.40720773
v 106.16002655 34.62928772 -3.40720773
v 106.14749908 34.53414917 -3.40720773
v 106.12673187 34.44046021 -3.40720773
v 106.09787750 34.34893799 -3.40720773
v 106.06114960 34.26028061 -3.40720773
v 106.01683807 34.17515945 -3.40720773
v 105.96527863 34.09423065 -3.40720773
v 105.90686035 34.01809692 -3.40720773
v 105.84203339 33.94734573 -3.40720773
v 105.77127838 33.88251495 -3.40720773
v 105.69514465 33.82409286 -3.40720773
v 105.61421204 33.77253723 -3.40720773
v 105.52909088 33.72822189 -3.40720773
v 105.44043732 33.69149780 -3.40720773
v 105.34891510 33.66264343 -3.40720773
v 105.25522614 33.64187622 -3.40720773
v 105.16008759 33.62934494 -3.40720773
v 105.06421661 33.62516403 -3.40720773
v 104.96833801 33.62934494 -3.40720773
v 104.87319946 33.64187622 -3.40720773
v 104.77951050 33.66264343 -3.40720773
v 104.68798828 33.69149780 -3.40720773
v 104.59933472 33.72822189 -3.40720773
v 104.51421356 33.77253723 -3.40720773
v 104.43327332 33.82409286 -3.40720773
v 104.35714722 33.88251495 -3.40720773
v 104.28639221 33.94734573 -3.40720773
v 104.22155762 34.01809692 -3.40720773
v 104.16314697 34.09423065 -3.40720773
v 104.11157990 34.17515945 -3.40720773
v 104.06727600 34.26028061 -3.40720773
v 104.03054810 34.34893799 -3.40720773
v 104.00169373 34.44046021 -3.40720773
v 103.98091888 34.53414917 -3.40720773
v 103.96839905 34.62928772 -3.40720773
v 103.96421051 34.72516251 -3.40720773
v 103.96839905 34.82103348 -3.40720773
v 103.98091888 34.91617203 -3.40720773
v 104.00169373 35.00986481 -3.40720773
v 104.03054810 35.10138321 -3.40720773
v 104.06727600 35.19004059 -3.40720773
v 104.11157990 35.27516174 -3.40720773
v 104.16314697 35.35609818 -3.40720773
v 104.22155762 35.43222809 -3.40720773
v 104.28639221 35.50298309 -3.40720773
v 104.35714722 35.56781387 -3.40720773
v 104.43327332 35.62622833 -3.40720773
v 104.51421356 35.67779160 -3.40720773
v 104.59933472 35.72209930 -3.40720773
v 104.68798828 35.75882339 -3.40720773
v 104.77951050 35.78767776 -3.40720773
v 104.87319946 35.80845261 -3.40720773
v 104.96833801 35.82097626 -3.40720773
v 105.06421661 35.82516479 -3.40720773
v 105.16008759 35.82097626 -3.40720773
v 105.25522614 35.80845261 -3.40720773
v 105.34891510 35.78767776 -3.40720773
v 105.44043732 35.75882339 -3.40720773
v 105.52909088 35.72209930 -3.40720773
v 105.61421204 35.67779160 -3.40720773
v 105.69514465 35.62622833 -3.40720773
v 105.77127838 35.56781387 -3.40720773
v 105.84203339 35.50298309 -3.40720773
v 105.90686035 35.43222809 -3.40720773
v 105.96527863 35.35609818 -3.40720773
v 106.01683807 35.27516174 -3.40720773
v 106.06114960 35.19004059 -3.40720773
v 106.09787750 35.10138321 -3.40720773
v 106.12673187 35.00986481 -3.40720773
v 106.14749908 34.91617203 -3.40720773
v 106.16002655 34.82103348 -3.40720773
v 101.36421204 -26.42483902 -1.40720773
v 101.38134003 -26.03263855 -1.40720773
v 101.43257904 -25.64342117 -1.40720773
v 101.51753998 -25.26015282 -1.40720773
v 101.63559723 -24.88574791 -1.40720773
v 101.78582001 -24.52305603 -1.40720773
v 101.96709442 -24.17483711 -1.40720773
v 102.17803192 -23.84374237 -1.40720773
v 102.41701508 -23.53229332 -1.40720773
v 102.68223572 -23.24285698 -1.40720773
v 102.97166443 -22.97763634 -1.40720773
v 103.28311920 -22.73865509 -1.40720773
v 103.61421204 -22.52772331 -1.40720773
v 103.96242523 -22.34645271 -1.40720773
v 104.32512665 -22.19622040 -1.40720773
v 104.69953156 -22.07817078 -1.40720773
v 105.08279419 -21.99320221 -1.40720773
v 105.47201538 -21.94196129 -1.40720773
v 105.86421204 -21.92483902 -1.40720773
v 106.25640869 -21.94196129 -1.40720773
v 106.64562988 -21.99320221 -1.40720773
v 107.02890015 -22.07817078 -1.40720773
v 107.40329742 -22.19622040 -1.40720773
v 107.76599121 -22.34645271 -1.40720773
v 108.11421204 -22.52772331 -1.40720773
v 108.44531250 -22.73865509 -1.40720773
v 108.75675964 -22.97763634 -1.40720773
v 109.04618835 -23.24285698 -1.40720773
v 109.31140900 -23.53229332 -1.40720773
v 109.55039215 -23.84374237 -1.40720773
v 109.76132965 -24.17483711 -1.40720773
v 109.94259644 -24.52305603 -1.40720773
v 110.09282684 -24.88574791 -1.40720773
v 110.21088409 -25.26015282 -1.40720773
v 110.29584503 -25.64342117 -1.40720773
v 110.31777191 -25.78003311 -1.40720773
v 110.34709167 -26.03263855 -1.40720773
v 110.36421204 -26.42483902 -1.40720773
v 110.34709167 -26.81703949 -1.40720773
v 110.29584503 -27.20625496 -1.40720773
v 110.21088409 -27.58952332 -1.40720773
v 110.09282684 -27.96392822 -1.40720773
v 109.94259644 -28.32662010 -1.40720773
v 109.76132965 -28.67483711 -1.40720773
v 109.55039215 -29.00593185 -1.40720773
v 109.31140900 -29.31738281 -1.40720773
v 109.04618835 -29.60681915 -1.40720773
v 108.75675964 -29.87203789 -1.40720773
v 108.44531250 -30.11102295 -1.40720773
v 108.11421204 -30.32195282 -1.40720773
v 107.76599121 -30.50322342 -1.40720773
v 107.40329742 -30.65345383 -1.40720773
v 107.02890015 -30.77150345 -1.40720773
v 106.64562988 -30.85647392 -1.40720773
v 106.25640869 -30.90771484 -1.40720773
v 105.86421204 -30.92483711 -1.40720773
v 105.47201538 -30.90771484 -1.40720773
v 105.08279419 -30.85647392 -1.40720773
v 104.69953156 -30.77150345 -1.40720773
v 104.32512665 -30.65345383 -1.40720773
v 103.96242523 -30.50322342 -1.40720773
v 103.61421204 -30.32195282 -1.40720773
v 103.28311920 -30.11102295 -1.40720773
v 102.97166443 -29.87203789 -1.40720773
v 102.68223572 -29.60681915 -1.40720773
v 102.41701508 -29.31738281 -1.40720773
v 102.17803192 -29.00593185 -1.40720773
v 101.96709442 -28.67483711 -1.40720773
v 101.78582001 -28.32662010 -1.40720773
v 101.63559723 -27.96392822 -1.40720773
v 101.51753998 -27.58952332 -1.40720773
v 101.43257904 -27.20625496 -1.40720773
v 101.38134003 -26.81703949 -1.40720773
v 105.41127777 -24.73446655 -1.40720773
v 105.56032562 -24.70142365 -1.40720773
v 105.26567841 -24.78037643 -1.40720773
v 107.29772949 -25.42107964 -1.40720773
v 107.37975311 -25.54983902 -1.40720773
v 107.20478821 -25.29995918 -1.40720773
v 106.86796570 -24.99132156 -1.40720773
v 106.98908997 -25.08426094 -1.40720773
v 106.73921204 -24.90929413 -1.40720773
v 106.31714630 -24.73446655 -1.40720773
v 106.46274567 -24.78037643 -1.40720773
v 106.16809845 -24.70142365 -1.40720773
v 105.12463379 -24.83880043 -1.40720773
v 104.43069458 -25.42107964 -1.40720773
v 104.34866333 -25.54983902 -1.40720773
v 106.31714630 -28.11520767 -1.40720773
v 106.16809845 -28.14825058 -1.40720773
v 106.46274567 -28.06929970 -1.40720773
v 107.58763123 -26.12095261 -1.40720773
v 107.60755157 -26.27231598 -1.40720773
v 107.55458832 -25.97190475 -1.40720773
v 107.57575989 -26.05999374 -1.40720773
v 107.10164642 -25.18740082 -1.40720773
v 106.60379028 -24.83880043 -1.40720773
v 104.98921204 -24.90929413 -1.40720773
v 104.86045837 -24.99132156 -1.40720773
v 104.73933411 -25.08426094 -1.40720773
v 104.52363586 -25.29995918 -1.40720773
v 104.62677765 -25.18740082 -1.40720773
v 104.43069458 -27.42859650 -1.40720773
v 104.34866333 -27.29983902 -1.40720773
v 104.52363586 -27.54971504 -1.40720773
v 105.41127777 -28.11520767 -1.40720773
v 105.26567841 -28.06929970 -1.40720773
v 105.56032562 -28.14825058 -1.40720773
v 106.60379028 -28.01087761 -1.40720773
v 107.29772949 -27.42859650 -1.40720773
v 107.37975311 -27.29983902 -1.40720773
v 104.62677765 -27.66227531 -1.40720773
v 104.73933411 -27.76541519 -1.40720773
v 104.86045837 -27.85835457 -1.40720773
v 104.98921204 -27.94038200 -1.40720773
v 105.12463379 -28.01087761 -1.40720773
v 106.73921204 -27.94038200 -1.40720773
v 106.86796570 -27.85835457 -1.40720773
v 106.98908997 -27.76541519 -1.40720773
v 107.20478821 -27.54971504 -1.40720773
v 107.10164642 -27.66227531 -1.40720773
v 107.50867462 -25.82630348 -1.40720773
v 106.01673126 -24.68149757 -1.40720773
v 105.86421204 -24.67483902 -1.40720773
v 105.71169281 -24.68149757 -1.40720773
v 107.45025635 -25.68525696 -1.40720773
v 105.71169281 -28.16817856 -1.40720773
v 105.86421204 -28.17483711 -1.40720773
v 106.01673126 -28.16817856 -1.40720773
v 104.21974945 -25.82630348 -1.40720773
v 104.27817535 -25.68525696 -1.40720773
v 104.17383575 -25.97190475 -1.40720773
v 104.14079285 -26.12095261 -1.40720773
v 104.12087250 -26.27231598 -1.40720773
v 104.11421204 -26.42483902 -1.40720773
v 104.12087250 -26.57736015 -1.40720773
v 104.14079285 -26.72872162 -1.40720773
v 104.17383575 -26.87776947 -1.40720773
v 104.21974945 -27.02337265 -1.40720773
v 104.27817535 -27.16441917 -1.40720773
v 107.50867462 -27.02337265 -1.40720773
v 107.45025635 -27.16441917 -1.40720773
v 107.55458832 -26.87776947 -1.40720773
v 107.58763123 -26.72872162 -1.40720773
v 107.60755157 -26.57736015 -1.40720773
v 107.61421204 -26.42483902 -1.40720773
v 104.12087250 -26.57736015 -1.90720761
v 104.11421204 -26.42483902 -1.90720761
v 104.14079285 -26.72872162 -1.90720761
v 104.17383575 -26.87776947 -1.90720761
v 104.21974945 -27.02337265 -1.90720761
v 104.27817535 -27.16441917 -1.90720761
v 104.34866333 -27.29983902 -1.90720761
v 104.43069458 -27.42859650 -1.90720761
v 104.52363586 -27.54971504 -1.90720761
v 104.62677765 -27.66227531 -1.90720761
v 104.73933411 -27.76541519 -1.90720761
v 104.86045837 -27.85835457 -1.90720761
v 104.98921204 -27.94038200 -1.90720761
v 105.12463379 -28.01087761 -1.90720761
v 105.26567841 -28.06929970 -1.90720761
v 105.41127777 -28.11520767 -1.90720761
v 105.56032562 -28.14825058 -1.90720761
v 105.71169281 -28.16817856 -1.90720761
v 105.86421204 -28.17483711 -1.90720761
v 106.01673126 -28.16817856 -1.90720761
v 106.16809845 -28.14825058 -1.90720761
v 106.31714630 -28.11520767 -1.90720761
v 106.46274567 -28.06929970 -1.90720761
v 106.60379028 -28.01087761 -1.90720761
v 106.73921204 -27.94038200 -1.90720761
v 106.86796570 -27.85835457 -1.90720761
v 106.98908997 -27.76541519 -1.90720761
v 107.10164642 -27.66227531 -1.90720761
v 107.20478821 -27.54971504 -1.90720761
v 107.29772949 -27.42859650 -1.90720761
v 107.37975311 -27.29983902 -1.90720761
v 107.45025635 -27.16441917 -1.90720761
v 107.50867462 -27.02337265 -1.90720761
v 107.55458832 -26.87776947 -1.90720761
v 107.58763123 -26.72872162 -1.90720761
v 107.60755157 -26.57736015 -1.90720761
v 107.61421204 -26.42483902 -1.90720761
v 107.60755157 -26.27231598 -1.90720761
v 107.58763123 -26.12095261 -1.90720761
v 107.55458832 -25.97190475 -1.90720761
v 107.57575989 -26.05999374 -1.90720761
v 107.50867462 -25.82630348 -1.90720761
v 107.45025635 -25.68525696 -1.90720761
v 107.37975311 -25.54983902 -1.90720761
v 107.29772949 -25.42107964 -1.90720761
v 107.20478821 -25.29995918 -1.90720761
v 107.10164642 -25.18740082 -1.90720761
v 106.98908997 -25.08426094 -1.90720761
v 106.86796570 -24.99132156 -1.90720761
v 106.73921204 -24.90929413 -1.90720761
v 106.60379028 -24.83880043 -1.90720761
v 106.46274567 -24.78037643 -1.90720761
v 106.31714630 -24.73446655 -1.90720761
v 106.16809845 -24.70142365 -1.90720761
v 106.01673126 -24.68149757 -1.90720761
v 105.86421204 -24.67483902 -1.90720761
v 105.71169281 -24.68149757 -1.90720761
v 105.56032562 -24.70142365 -1.90720761
v 105.41127777 -24.73446655 -1.90720761
v 105.26567841 -24.78037643 -1.90720761
v 105.12463379 -24.83880043 -1.90720761
v 104.98921204 -24.90929413 -1.90720761
v 104.86045837 -24.99132156 -1.90720761
v 104.73933411 -25.08426094 -1.90720761
v 104.62677765 -25.18740082 -1.90720761
v 104.52363586 -25.29995918 -1.90720761
v 104.43069458 -25.42107964 -1.90720761
v 104.34866333 -25.54983902 -1.90720761
v 104.27817535 -25.68525696 -1.90720761
v 104.21974945 -25.82630348 -1.90720761
v 104.17383575 -25.97190475 -1.90720761
v 104.14079285 -26.12095261 -1.90720761
v 104.12087250 -26.27231598 -1.90720761
v 106.57128143 -27.26748657 -1.90720761
v 106.49514771 -27.32590675 -1.90720761
v 106.64202881 -27.20265388 -1.90720761
v 106.70685577 -27.13190460 -1.90720761
v 106.76527405 -27.05577278 -1.90720761
v 106.81684113 -26.97483826 -1.90720761
v 106.41421509 -27.37746620 -1.90720761
v 106.32909393 -27.42177582 -1.90720761
v 105.15714264 -27.26748657 -1.90720761
v 105.08639526 -27.20265388 -1.90720761
v 105.23328400 -27.32590675 -1.90720761
v 105.48798370 -27.45849991 -1.90720761
v 105.39933014 -27.42177582 -1.90720761
v 105.57951355 -27.48735619 -1.90720761
v 105.76834106 -27.52065277 -1.90720761
v 105.67320251 -27.50812721 -1.90720761
v 105.86421204 -27.52483749 -1.90720761
v 105.96008301 -27.52065277 -1.90720761
v 106.05522156 -27.50812721 -1.90720761
v 106.14891052 -27.48735619 -1.90720761
v 106.24043274 -27.45849991 -1.90720761
v 106.57128143 -25.58218956 -1.90720761
v 106.64202881 -25.64702034 -1.90720761
v 106.49514771 -25.52377129 -1.90720761
v 105.15714264 -25.58218956 -1.90720761
v 105.23328400 -25.52377129 -1.90720761
v 105.08639526 -25.64702034 -1.90720761
v 104.96314240 -27.05577278 -1.90720761
v 104.91159058 -26.97483826 -1.90720761
v 105.02156830 -27.13190460 -1.90720761
v 105.31420898 -27.37746620 -1.90720761
v 106.86115265 -26.88971710 -1.90720761
v 106.76527405 -25.79390526 -1.90720761
v 106.81684113 -25.87483788 -1.90720761
v 106.70685577 -25.71777153 -1.90720761
v 106.41421509 -25.47220993 -1.90720761
v 106.32909393 -25.42789841 -1.90720761
v 105.02156830 -25.71777153 -1.90720761
v 104.96314240 -25.79390526 -1.90720761
v 104.91159058 -25.87483788 -1.90720761
v 104.86727142 -26.88971710 -1.90720761
v 106.86115265 -25.95995712 -1.90720761
v 106.14891052 -25.36231995 -1.90720761
v 106.24043274 -25.39117622 -1.90720761
v 106.05522156 -25.34155083 -1.90720761
v 105.31420898 -25.47220993 -1.90720761
v 105.39933014 -25.42789841 -1.90720761
v 105.96008301 -25.32902336 -1.90720761
v 105.86421204 -25.32483864 -1.90720761
v 105.76834106 -25.32902336 -1.90720761
v 105.67320251 -25.34155083 -1.90720761
v 105.57951355 -25.36231995 -1.90720761
v 105.48798370 -25.39117622 -1.90720761
v 104.83055115 -26.80105972 -1.90720761
v 104.80168915 -26.70953751 -1.90720761
v 104.86727142 -25.95995712 -1.90720761
v 106.89787292 -26.80105972 -1.90720761
v 106.92673492 -26.70953751 -1.90720761
v 104.83055115 -26.04861641 -1.90720761
v 104.80168915 -26.14013672 -1.90720761
v 104.78092957 -26.23382378 -1.90720761
v 104.76839447 -26.32896614 -1.90720761
v 104.76839447 -26.52070808 -1.90720761
v 104.76421356 -26.42483902 -1.90720761
v 104.78092957 -26.61585045 -1.90720761
v 106.89787292 -26.04861641 -1.90720761
v 106.92673492 -26.14013672 -1.90720761
v 106.94750214 -26.61585045 -1.90720761
v 106.96002960 -26.52070808 -1.90720761
v 106.94750214 -26.23382378 -1.90720761
v 106.96002960 -26.32896614 -1.90720761
v 106.96421814 -26.42483902 -1.90720761
v 106.96421814 -26.42483902 -3.40720773
v 106.96002960 -26.52070808 -3.40720773
v 106.94750214 -26.61585045 -3.40720773
v 106.92673492 -26.70953751 -3.40720773
v 106.89787292 -26.80105972 -3.40720773
v 106.86115265 -26.88971710 -3.40720773
v 106.81684113 -26.97483826 -3.40720773
v 106.76527405 -27.05577278 -3.40720773
v 106.70685577 -27.13190460 -3.40720773
v 106.64202881 -27.20265388 -3.40720773
v 106.57128143 -27.26748657 -3.40720773
v 106.49514771 -27.32590675 -3.40720773
v 106.41421509 -27.37746620 -3.40720773
v 106.32909393 -27.42177582 -3.40720773
v 106.24043274 -27.45849991 -3.40720773
v 106.14891052 -27.48735619 -3.40720773
v 106.05522156 -27.50812721 -3.40720773
v 105.96008301 -27.52065277 -3.40720773
v 105.86421204 -27.52483749 -3.40720773
v 105.76834106 -27.52065277 -3.40720773
v 105.67320251 -27.50812721 -3.40720773
v 105.57951355 -27.48735619 -3.40720773
v 105.48798370 -27.45849991 -3.40720773
v 105.39933014 -27.42177582 -3.40720773
v 105.31420898 -27.37746620 -3.40720773
v 105.23328400 -27.32590675 -3.40720773
v 105.15714264 -27.26748657 -3.40720773
v 105.08639526 -27.20265388 -3.40720773
v 105.02156830 -27.13190460 -3.40720773
v 104.96314240 -27.05577278 -3.40720773
v 104.91159058 -26.97483826 -3.40720773
v 104.86727142 -26.88971710 -3.40720773
v 104.83055115 -26.80105972 -3.40720773
v 104.80168915 -26.70953751 -3.40720773
v 104.78092957 -26.61585045 -3.40720773
v 104.76839447 -26.52070808 -3.40720773
v 104.76421356 -26.42483902 -3.40720773
v 104.76839447 -26.32896614 -3.40720773
v 104.78092957 -26.23382378 -3.40720773
v 104.80168915 -26.14013672 -3.40720773
v 104.83055115 -26.04861641 -3.40720773
v 104.86727142 -25.95995712 -3.40720773
v 104.91159058 -25.87483788 -3.40720773
v 104.96314240 -25.79390526 -3.40720773
v 105.02156830 -25.71777153 -3.40720773
v 105.08639526 -25.64702034 -3.40720773
v 105.15714264 -25.58218956 -3.40720773
v 105.23328400 -25.52377129 -3.40720773
v 105.31420898 -25.47220993 -3.40720773
v 105.39933014 -25.42789841 -3.40720773
v 105.48798370 -25.39117622 -3.40720773
v 105.57951355 -25.36231995 -3.40720773
v 105.67320251 -25.34155083 -3.40720773
v 105.76834106 -25.32902336 -3.40720773
v 105.86421204 -25.32483864 -3.40720773
v 105.96008301 -25.32902336 -3.40720773
v 106.05522156 -25.34155083 -3.40720773
v 106.14891052 -25.36231995 -3.40720773
v 106.24043274 -25.39117622 -3.40720773
v 106.32909393 -25.42789841 -3.40720773
v 106.41421509 -25.47220993 -3.40720773
v 106.49514771 -25.52377129 -3.40720773
v 106.57128143 -25.58218956 -3.40720773
v 106.64202881 -25.64702034 -3.40720773
v 106.70685577 -25.71777153 -3.40720773
v 106.76527405 -25.79390526 -3.40720773
v 106.81684113 -25.87483788 -3.40720773
v 106.86115265 -25.95995712 -3.40720773
v 106.89787292 -26.04861641 -3.40720773
v 106.92673492 -26.14013672 -3.40720773
v 106.94750214 -26.23382378 -3.40720773
v 106.96002960 -26.32896614 -3.40720773
v 23.66421127 -32.12483597 -1.40720773
v 23.68133736 -31.73263741 -1.40720773
v 23.73257828 -31.34342194 -1.40720773
v 23.81754684 -30.96015167 -1.40720773
v 23.93559647 -30.58574677 -1.40720773
v 24.08582687 -30.22305489 -1.40720773
v 24.26709747 -29.87483788 -1.40720773
v 24.47802734 -29.54374504 -1.40720773
v 24.71701241 -29.23229408 -1.40720773
v 24.98223305 -28.94285774 -1.40720773
v 25.27166939 -28.67763901 -1.40720773
v 25.58311844 -28.43865395 -1.40720773
v 25.91421318 -28.22772408 -1.40720773
v 26.26243019 -28.04645348 -1.40720773
v 26.62512016 -27.89622116 -1.40720773
v 26.99952698 -27.77817154 -1.40720773
v 27.38279533 -27.69320297 -1.40720773
v 27.77201080 -27.64196205 -1.40720773
v 28.16421127 -27.62483788 -1.40720773
v 28.55641365 -27.64196205 -1.40720773
v 28.94562912 -27.69320297 -1.40720773
v 29.32889748 -27.77817154 -1.40720773
v 29.70330238 -27.89622116 -1.40720773
v 30.06599426 -28.04645348 -1.40720773
v 30.41421318 -28.22772408 -1.40720773
v 30.74530792 -28.43865395 -1.40720773
v 31.05675697 -28.67763901 -1.40720773
v 31.34619522 -28.94285774 -1.40720773
v 31.61141205 -29.23229408 -1.40720773
v 31.85039711 -29.54374504 -1.40720773
v 32.06132889 -29.87483788 -1.40720773
v 32.24259567 -30.22305489 -1.40720773
v 32.39282990 -30.58574677 -1.40720773
v 32.51087952 -30.96015167 -1.40720773
v 32.59584808 -31.34342194 -1.40720773
v 32.64708710 -31.73263741 -1.40720773
v 32.66421509 -32.12483597 -1.40720773
v 32.64708710 -32.51703644 -1.40720773
v 32.59584808 -32.90625381 -1.40720773
v 32.51087952 -33.28952026 -1.40720773
v 32.39282990 -33.66392899 -1.40720773
v 32.24259567 -34.02661896 -1.40720773
v 32.06132889 -34.37483597 -1.40720773
v 31.85039711 -34.70593262 -1.40720773
v 31.61141205 -35.01738358 -1.40720773
v 31.34619522 -35.30681992 -1.40720773
v 31.05675697 -35.57203674 -1.40720773
v 30.74530792 -35.81102371 -1.40720773
v 30.41421318 -36.02194977 -1.40720773
v 30.06599426 -36.20322418 -1.40720773
v 29.70330238 -36.35345459 -1.40720773
v 29.32889748 -36.47150421 -1.40720773
v 28.94562912 -36.55647278 -1.40720773
v 28.55641365 -36.60771179 -1.40720773
v 28.16421127 -36.62483597 -1.40720773
v 27.77201080 -36.60771179 -1.40720773
v 27.38279533 -36.55647278 -1.40720773
v 26.99952698 -36.47150421 -1.40720773
v 26.62512016 -36.35345459 -1.40720773
v 26.26243019 -36.20322418 -1.40720773
v 25.91421318 -36.02194977 -1.40720773
v 25.58311844 -35.81102371 -1.40720773
v 25.27166939 -35.57203674 -1.40720773
v 24.98223305 -35.30681992 -1.40720773
v 24.71701241 -35.01738358 -1.40720773
v 24.47802734 -34.70593262 -1.40720773
v 24.26709747 -34.37483597 -1.40720773
v 24.08582687 -34.02661896 -1.40720773
v 23.93559647 -33.66392899 -1.40720773
v 23.81754684 -33.28952026 -1.40720773
v 23.73257828 -32.90625381 -1.40720773
v 23.68133736 -32.51703644 -1.40720773
v 29.80867386 -31.52630043 -1.40720773
v 29.85458183 -31.67190361 -1.40720773
v 29.75024986 -31.38525391 -1.40720773
v 29.50479126 -30.99995995 -1.40720773
v 29.59772873 -31.12107849 -1.40720773
v 29.40164948 -30.88740158 -1.40720773
v 28.90379333 -30.53879929 -1.40720773
v 29.03921127 -30.60929298 -1.40720773
v 28.76274872 -30.48037529 -1.40720773
v 28.31673431 -30.38149643 -1.40720773
v 28.46809578 -30.40142441 -1.40720773
v 28.16421127 -30.37483788 -1.40720773
v 28.01168823 -30.38149643 -1.40720773
v 27.86032867 -30.40142441 -1.40720773
v 27.42462921 -30.53879929 -1.40720773
v 27.56567764 -30.48037529 -1.40720773
v 27.28921127 -30.60929298 -1.40720773
v 26.82363510 -30.99995995 -1.40720773
v 26.73069572 -31.12107849 -1.40720773
v 26.47384262 -31.67190361 -1.40720773
v 26.51975060 -31.52630043 -1.40720773
v 26.44079971 -31.82095337 -1.40720773
v 29.28909111 -33.46541595 -1.40720773
v 29.16797066 -33.55835342 -1.40720773
v 29.40164948 -33.36227417 -1.40720773
v 29.85458183 -32.57777023 -1.40720773
v 29.80867386 -32.72337341 -1.40720773
v 29.88762665 -32.42872238 -1.40720773
v 29.88762665 -31.82095337 -1.40720773
v 29.67975616 -31.24983788 -1.40720773
v 29.28909111 -30.78425980 -1.40720773
v 29.16797066 -30.69132233 -1.40720773
v 28.61714554 -30.43446732 -1.40720773
v 27.71127892 -30.43446732 -1.40720773
v 27.16045380 -30.69132233 -1.40720773
v 27.03933334 -30.78425980 -1.40720773
v 26.92677689 -30.88740158 -1.40720773
v 26.64866829 -31.24983788 -1.40720773
v 26.57817268 -31.38525391 -1.40720773
v 26.51975060 -32.72337341 -1.40720773
v 26.47384262 -32.57777023 -1.40720773
v 26.57817268 -32.86441803 -1.40720773
v 26.73069572 -33.12859726 -1.40720773
v 26.64866829 -32.99983978 -1.40720773
v 26.82363510 -33.24971771 -1.40720773
v 28.76274872 -33.76929855 -1.40720773
v 28.61714554 -33.81520844 -1.40720773
v 28.90379333 -33.71087646 -1.40720773
v 29.03921127 -33.64038086 -1.40720773
v 29.50479126 -33.24971771 -1.40720773
v 29.59772873 -33.12859726 -1.40720773
v 29.67975616 -32.99983978 -1.40720773
v 29.75024986 -32.86441803 -1.40720773
v 29.90755272 -31.97231483 -1.40720773
v 29.91421318 -32.12483597 -1.40720773
v 26.42087173 -31.97231483 -1.40720773
v 26.41421127 -32.12483597 -1.40720773
v 26.44079971 -32.42872238 -1.40720773
v 28.46809578 -33.84825134 -1.40720773
v 26.92677689 -33.36227417 -1.40720773
v 27.03933334 -33.46541595 -1.40720773
v 27.56567764 -33.76929855 -1.40720773
v 27.42462921 -33.71087646 -1.40720773
v 27.71127892 -33.81520844 -1.40720773
v 26.42087173 -32.27735901 -1.40720773
v 27.28921127 -33.64038086 -1.40720773
v 28.31673431 -33.86817932 -1.40720773
v 28.16421127 -33.87483978 -1.40720773
v 27.86032867 -33.84825134 -1.40720773
v 28.01168823 -33.86817932 -1.40720773
v 29.90755272 -32.27735901 -1.40720773
v 27.16045380 -33.55835342 -1.40720773
v 26.42087173 -32.27735901 -1.90720761
v 26.41421127 -32.12483597 -1.90720761
v 26.44079971 -32.42872238 -1.90720761
v 26.47384262 -32.57777023 -1.90720761
v 26.51975060 -32.72337341 -1.90720761
v 26.57817268 -32.86441803 -1.90720761
v 26.64866829 -32.99983978 -1.90720761
v 26.73069572 -33.12859726 -1.90720761
v 26.82363510 -33.24971771 -1.90720761
v 26.92677689 -33.36227417 -1.90720761
v 27.03933334 -33.46541595 -1.90720761
v 27.16045380 -33.55835342 -1.90720761
v 27.28921127 -33.64038086 -1.90720761
v 27.42462921 -33.71087646 -1.90720761
v 27.56567764 -33.76929855 -1.90720761
v 27.71127892 -33.81520844 -1.90720761
v 27.86032867 -33.84825134 -1.90720761
v 28.01168823 -33.86817932 -1.90720761
v 28.16421127 -33.87483978 -1.90720761
v 28.31673431 -33.86817932 -1.90720761
v 28.46809578 -33.84825134 -1.90720761
v 28.61714554 -33.81520844 -1.90720761
v 28.76274872 -33.76929855 -1.90720761
v 28.90379333 -33.71087646 -1.90720761
v 29.03921127 -33.64038086 -1.90720761
v 29.16797066 -33.55835342 -1.90720761
v 29.28909111 -33.46541595 -1.90720761
v 29.40164948 -33.36227417 -1.90720761
v 29.50479126 -33.24971771 -1.90720761
v 29.59772873 -33.12859726 -1.90720761
v 29.67975616 -32.99983978 -1.90720761
v 29.75024986 -32.86441803 -1.90720761
v 29.80867386 -32.72337341 -1.90720761
v 29.85458183 -32.57777023 -1.90720761
v 29.88762665 -32.42872238 -1.90720761
v 29.90755272 -32.27735901 -1.90720761
v 29.91421318 -32.12483597 -1.90720761
v 29.90755272 -31.97231483 -1.90720761
v 29.88762665 -31.82095337 -1.90720761
v 29.85458183 -31.67190361 -1.90720761
v 29.80867386 -31.52630043 -1.90720761
v 29.75024986 -31.38525391 -1.90720761
v 29.67975616 -31.24983788 -1.90720761
v 29.59772873 -31.12107849 -1.90720761
v 29.50479126 -30.99995995 -1.90720761
v 29.40164948 -30.88740158 -1.90720761
v 29.28909111 -30.78425980 -1.90720761
v 29.16797066 -30.69132233 -1.90720761
v 29.03921127 -30.60929298 -1.90720761
v 28.90379333 -30.53879929 -1.90720761
v 28.76274872 -30.48037529 -1.90720761
v 28.61714554 -30.43446732 -1.90720761
v 28.46809578 -30.40142441 -1.90720761
v 28.31673431 -30.38149643 -1.90720761
v 28.16421127 -30.37483788 -1.90720761
v 28.01168823 -30.38149643 -1.90720761
v 27.86032867 -30.40142441 -1.90720761
v 27.71127892 -30.43446732 -1.90720761
v 27.56567764 -30.48037529 -1.90720761
v 27.42462921 -30.53879929 -1.90720761
v 27.28921127 -30.60929298 -1.90720761
v 27.16045380 -30.69132233 -1.90720761
v 27.03933334 -30.78425980 -1.90720761
v 26.92677689 -30.88740158 -1.90720761
v 26.82363510 -30.99995995 -1.90720761
v 26.73069572 -31.12107849 -1.90720761
v 26.64866829 -31.24983788 -1.90720761
v 26.57817268 -31.38525391 -1.90720761
v 26.51975060 -31.52630043 -1.90720761
v 26.47384262 -31.67190361 -1.90720761
v 26.44079971 -31.82095337 -1.90720761
v 26.42087173 -31.97231483 -1.90720761
v 27.87951279 -31.06232071 -1.90720761
v 27.97319984 -31.04154968 -1.90720761
v 27.78799057 -31.09117508 -1.90720761
v 27.69933319 -31.12789917 -1.90720761
v 29.16115189 -31.65995789 -1.90720761
v 29.19787407 -31.74861526 -1.90720761
v 29.11684036 -31.57483864 -1.90720761
v 29.06527901 -31.49390221 -1.90720761
v 29.00686073 -31.41777229 -1.90720761
v 28.44891357 -31.06232071 -1.90720761
v 28.54043388 -31.09117508 -1.90720761
v 28.35522652 -31.04154968 -1.90720761
v 27.61421204 -31.17221069 -1.90720761
v 29.22673225 -31.84013748 -1.90720761
v 28.94202995 -31.34702110 -1.90720761
v 28.71421242 -31.17221069 -1.90720761
v 28.79514694 -31.22377014 -1.90720761
v 28.62909317 -31.12789917 -1.90720761
v 28.26008415 -31.02902412 -1.90720761
v 28.16421127 -31.02483749 -1.90720761
v 28.06834221 -31.02902412 -1.90720761
v 27.53327751 -31.22377014 -1.90720761
v 27.45714569 -31.28219032 -1.90720761
v 27.38639450 -31.34702110 -1.90720761
v 27.13055038 -31.74861526 -1.90720761
v 27.16727448 -31.65995789 -1.90720761
v 27.10169411 -31.84013748 -1.90720761
v 27.26314545 -32.75577164 -1.90720761
v 27.32156372 -32.83190536 -1.90720761
v 28.79514694 -33.02590561 -1.90720761
v 28.71421242 -33.07746887 -1.90720761
v 28.87127876 -32.96748734 -1.90720761
v 29.11684036 -32.67483902 -1.90720761
v 29.06527901 -32.75577164 -1.90720761
v 29.16115189 -32.58971786 -1.90720761
v 28.87127876 -31.28219032 -1.90720761
v 27.08092308 -31.93382454 -1.90720761
v 27.06839943 -32.02896500 -1.90720761
v 27.06421089 -32.12483597 -1.90720761
v 27.16727448 -32.58971786 -1.90720761
v 27.21158409 -32.67483902 -1.90720761
v 27.38639450 -32.90265274 -1.90720761
v 27.61421204 -33.07746887 -1.90720761
v 27.69933319 -33.12177658 -1.90720761
v 27.87951279 -33.18735504 -1.90720761
v 27.78799057 -33.15850067 -1.90720761
v 27.97319984 -33.20812988 -1.90720761
v 28.44891357 -33.18735504 -1.90720761
v 28.35522652 -33.20812988 -1.90720761
v 28.54043388 -33.15850067 -1.90720761
v 28.62909317 -33.12177658 -1.90720761
v 29.00686073 -32.83190536 -1.90720761
v 29.26002693 -32.02896500 -1.90720761
v 29.26421165 -32.12483597 -1.90720761
v 29.24750137 -31.93382454 -1.90720761
v 27.21158409 -31.57483864 -1.90720761
v 27.26314545 -31.49390221 -1.90720761
v 27.06839943 -32.22071075 -1.90720761
v 27.08092308 -32.31584930 -1.90720761
v 27.10169411 -32.40953827 -1.90720761
v 27.13055038 -32.50106049 -1.90720761
v 28.06834221 -33.22065353 -1.90720761
v 28.26008415 -33.22065353 -1.90720761
v 28.94202995 -32.90265274 -1.90720761
v 29.19787407 -32.50106049 -1.90720761
v 29.22673225 -32.40953827 -1.90720761
v 27.32156372 -31.41777229 -1.90720761
v 27.45714569 -32.96748734 -1.90720761
v 27.53327751 -33.02590561 -1.90720761
v 29.24750137 -32.31584930 -1.90720761
v 29.26002693 -32.22071075 -1.90720761
v 28.16421127 -33.22483444 -1.90720761
v 29.26421165 -32.12483597 -3.40720773
v 29.26002693 -32.22071075 -3.40720773
v 29.24750137 -32.31584930 -3.40720773
v 29.22673225 -32.40953827 -3.40720773
v 29.19787407 -32.50106049 -3.40720773
v 29.16115189 -32.58971786 -3.40720773
v 29.11684036 -32.67483902 -3.40720773
v 29.06527901 -32.75577164 -3.40720773
v 29.00686073 -32.83190536 -3.40720773
v 28.94202995 -32.90265274 -3.40720773
v 28.87127876 -32.96748734 -3.40720773
v 28.79514694 -33.02590561 -3.40720773
v 28.71421242 -33.07746887 -3.40720773
v 28.62909317 -33.12177658 -3.40720773
v 28.54043388 -33.15850067 -3.40720773
v 28.44891357 -33.18735504 -3.40720773
v 28.35522652 -33.20812988 -3.40720773
v 28.26008415 -33.22065353 -3.40720773
v 28.16421127 -33.22483444 -3.40720773
v 28.06834221 -33.22065353 -3.40720773
v 27.97319984 -33.20812988 -3.40720773
v 27.87951279 -33.18735504 -3.40720773
v 27.78799057 -33.15850067 -3.40720773
v 27.69933319 -33.12177658 -3.40720773
v 27.61421204 -33.07746887 -3.40720773
v 27.53327751 -33.02590561 -3.40720773
v 27.45714569 -32.96748734 -3.40720773
v 27.38639450 -32.90265274 -3.40720773
v 27.32156372 -32.83190536 -3.40720773
v 27.26314545 -32.75577164 -3.40720773
v 27.21158409 -32.67483902 -3.40720773
v 27.16727448 -32.58971786 -3.40720773
v 27.13055038 -32.50106049 -3.40720773
v 27.10169411 -32.40953827 -3.40720773
v 27.08092308 -32.31584930 -3.40720773
v 27.06839943 -32.22071075 -3.40720773
v 27.06421089 -32.12483597 -3.40720773
v 27.06839943 -32.02896500 -3.40720773
v 27.08092308 -31.93382454 -3.40720773
v 27.10169411 -31.84013748 -3.40720773
v 27.13055038 -31.74861526 -3.40720773
v 27.16727448 -31.65995789 -3.40720773
v 27.21158409 -31.57483864 -3.40720773
v 27.26314545 -31.49390221 -3.40720773
v 27.32156372 -31.41777229 -3.40720773
v 27.38639450 -31.34702110 -3.40720773
v 27.45714569 -31.28219032 -3.40720773
v 27.53327751 -31.22377014 -3.40720773
v 27.61421204 -31.17221069 -3.40720773
v 27.69933319 -31.12789917 -3.40720773
v 27.78799057 -31.09117508 -3.40720773
v 27.87951279 -31.06232071 -3.40720773
v 27.97319984 -31.04154968 -3.40720773
v 28.06834221 -31.02902412 -3.40720773
v 28.16421127 -31.02483749 -3.40720773
v 28.26008415 -31.02902412 -3.40720773
v 28.35522652 -31.04154968 -3.40720773
v 28.44891357 -31.06232071 -3.40720773
v 28.54043388 -31.09117508 -3.40720773
v 28.62909317 -31.12789917 -3.40720773
v 28.71421242 -31.17221069 -3.40720773
v 28.79514694 -31.22377014 -3.40720773
v 28.87127876 -31.28219032 -3.40720773
v 28.94202995 -31.34702110 -3.40720773
v 29.00686073 -31.41777229 -3.40720773
v 29.06527901 -31.49390221 -3.40720773
v 29.11684036 -31.57483864 -3.40720773
v 29.16115189 -31.65995789 -3.40720773
v 29.19787407 -31.74861526 -3.40720773
v 29.22673225 -31.84013748 -3.40720773
v 29.24750137 -31.93382454 -3.40720773
v 29.26002693 -32.02896500 -3.40720773
v 24.71421242 27.42516327 -1.40720773
v 24.73133659 27.81736374 -1.40720773
v 24.78257751 28.20657921 -1.40720773
v 24.86754608 28.58984756 -1.40720773
v 24.98559570 28.96425247 -1.40720773
v 25.13582802 29.32694435 -1.40720773
v 25.31709862 29.67516136 -1.40720773
v 25.52802849 30.00625610 -1.40720773
v 25.76701164 30.31770706 -1.40720773
v 26.03223228 30.60714340 -1.40720773
v 26.32166862 30.87236214 -1.40720773
v 26.63311958 31.11134720 -1.40720773
v 26.96421242 31.32227898 -1.40720773
v 27.31242943 31.50354767 -1.40720773
v 27.67512131 31.65377998 -1.40720773
v 28.04952621 31.77182770 -1.40720773
v 28.43279648 31.85679817 -1.40720773
v 28.82201195 31.90803909 -1.40720773
v 29.21421242 31.92516136 -1.40720773
v 29.60641289 31.90803909 -1.40720773
v 29.99563026 31.85679817 -1.40720773
v 30.37889862 31.77182770 -1.40720773
v 30.75330353 31.65377998 -1.40720773
v 31.11599350 31.50354767 -1.40720773
v 31.46421242 31.32227898 -1.40720773
v 31.79530716 31.11134720 -1.40720773
v 32.10675812 30.87236214 -1.40720773
v 32.39619446 30.60714340 -1.40720773
v 32.66141129 30.31770706 -1.40720773
v 32.90039825 30.00625610 -1.40720773
v 33.11132813 29.67516136 -1.40720773
v 33.29259872 29.32694435 -1.40720773
v 33.44282913 28.96425247 -1.40720773
v 33.56087875 28.58984756 -1.40720773
v 33.64584732 28.20657921 -1.40720773
v 33.69708633 27.81736374 -1.40720773
v 33.71421432 27.42516327 -1.40720773
v 33.69708633 27.03296280 -1.40720773
v 33.64584732 26.64374542 -1.40720773
v 33.56087875 26.26047707 -1.40720773
v 33.44282913 25.88607216 -1.40720773
v 33.29259872 25.52338028 -1.40720773
v 33.11132813 25.17516136 -1.40720773
v 32.90039825 24.84406853 -1.40720773
v 32.66141129 24.53261757 -1.40720773
v 32.39619446 24.24318123 -1.40720773
v 32.10675812 23.97796059 -1.40720773
v 31.79530716 23.73897934 -1.40720773
v 31.46421242 23.52804947 -1.40720773
v 31.11599350 23.34677887 -1.40720773
v 30.75330353 23.19654465 -1.40720773
v 30.37889862 23.07849503 -1.40720773
v 29.99563026 22.99352646 -1.40720773
v 29.60641289 22.94228554 -1.40720773
v 29.21421242 22.92516327 -1.40720773
v 28.82201195 22.94228554 -1.40720773
v 28.43279648 22.99352646 -1.40720773
v 28.04952621 23.07849503 -1.40720773
v 27.67512131 23.19654465 -1.40720773
v 27.31242943 23.34677887 -1.40720773
v 26.96421242 23.52804947 -1.40720773
v 26.63311958 23.73897934 -1.40720773
v 26.32166862 23.97796059 -1.40720773
v 26.03223228 24.24318123 -1.40720773
v 25.76701164 24.53261757 -1.40720773
v 25.52802849 24.84406853 -1.40720773
v 25.31709862 25.17516136 -1.40720773
v 25.13582802 25.52338028 -1.40720773
v 24.98559570 25.88607216 -1.40720773
v 24.86754608 26.26047707 -1.40720773
v 24.78257751 26.64374542 -1.40720773
v 24.73133659 27.03296280 -1.40720773
v 29.95379448 29.01120186 -1.40720773
v 30.08921242 28.94070816 -1.40720773
v 29.81274796 29.06962395 -1.40720773
v 28.47463036 29.01120186 -1.40720773
v 28.61567688 29.06962395 -1.40720773
v 28.33921242 28.94070816 -1.40720773
v 30.21797180 28.85867882 -1.40720773
v 29.06168938 29.16850281 -1.40720773
v 29.21421242 29.17516327 -1.40720773
v 28.91032791 29.14857483 -1.40720773
v 28.21045303 28.85867882 -1.40720773
v 27.97677612 26.18772507 -1.40720773
v 27.87363434 26.30028343 -1.40720773
v 28.08933258 26.08458519 -1.40720773
v 30.80025101 26.68558121 -1.40720773
v 30.72975731 26.55016327 -1.40720773
v 30.85867500 26.82662773 -1.40720773
v 30.80025101 28.16474533 -1.40720773
v 30.85867500 28.02369690 -1.40720773
v 30.72975731 28.30016327 -1.40720773
v 30.33909035 28.76573944 -1.40720773
v 29.66714668 29.11553192 -1.40720773
v 28.76127815 29.11553192 -1.40720773
v 28.08933258 28.76573944 -1.40720773
v 27.97677612 28.66259956 -1.40720773
v 27.87363434 28.55003929 -1.40720773
v 27.78069687 28.42892075 -1.40720773
v 27.62817383 28.16474533 -1.40720773
v 27.69866753 28.30016327 -1.40720773
v 27.56974983 28.02369690 -1.40720773
v 27.78069687 26.42140388 -1.40720773
v 27.69866753 26.55016327 -1.40720773
v 28.21045303 25.99164581 -1.40720773
v 30.64772797 26.42140388 -1.40720773
v 30.55479050 26.30028343 -1.40720773
v 30.90458107 26.97222900 -1.40720773
v 30.95755386 27.27264023 -1.40720773
v 30.93762589 27.12127686 -1.40720773
v 30.96421242 27.42516327 -1.40720773
v 30.90458107 27.87809563 -1.40720773
v 30.93762589 27.72904587 -1.40720773
v 30.64772797 28.42892075 -1.40720773
v 30.55479050 28.55003929 -1.40720773
v 30.45165062 28.66259956 -1.40720773
v 29.36673546 29.16850281 -1.40720773
v 29.51809692 29.14857483 -1.40720773
v 27.52384186 27.87809563 -1.40720773
v 27.49079895 27.72904587 -1.40720773
v 27.62817383 26.68558121 -1.40720773
v 27.56974983 26.82662773 -1.40720773
v 28.33921242 25.90961838 -1.40720773
v 28.47463036 25.83912468 -1.40720773
v 28.61567688 25.78070068 -1.40720773
v 28.76127815 25.73479080 -1.40720773
v 29.06168938 25.68182182 -1.40720773
v 28.91032791 25.70174789 -1.40720773
v 29.21421242 25.67516327 -1.40720773
v 30.21797180 25.99164581 -1.40720773
v 30.08921242 25.90961838 -1.40720773
v 30.33909035 26.08458519 -1.40720773
v 30.45165062 26.18772507 -1.40720773
v 30.95755386 27.57768440 -1.40720773
v 27.52384186 26.97222900 -1.40720773
v 27.49079895 27.12127686 -1.40720773
v 27.47087097 27.57768440 -1.40720773
v 27.46421242 27.42516327 -1.40720773
v 29.95379448 25.83912468 -1.40720773
v 29.81274796 25.78070068 -1.40720773
v 27.47087097 27.27264023 -1.40720773
v 29.66714668 25.73479080 -1.40720773
v 29.51809692 25.70174789 -1.40720773
v 29.36673546 25.68182182 -1.40720773
v 27.47087097 27.27264023 -1.90720761
v 27.46421242 27.42516327 -1.90720761
v 27.49079895 27.12127686 -1.90720761
v 27.52384186 26.97222900 -1.90720761
v 27.56974983 26.82662773 -1.90720761
v 27.62817383 26.68558121 -1.90720761
v 27.69866753 26.55016327 -1.90720761
v 27.78069687 26.42140388 -1.90720761
v 27.87363434 26.30028343 -1.90720761
v 27.97677612 26.18772507 -1.90720761
v 28.08933258 26.08458519 -1.90720761
v 28.21045303 25.99164581 -1.90720761
v 28.33921242 25.90961838 -1.90720761
v 28.47463036 25.83912468 -1.90720761
v 28.61567688 25.78070068 -1.90720761
v 28.76127815 25.73479080 -1.90720761
v 28.91032791 25.70174789 -1.90720761
v 29.06168938 25.68182182 -1.90720761
v 29.21421242 25.67516327 -1.90720761
v 29.36673546 25.68182182 -1.90720761
v 29.51809692 25.70174789 -1.90720761
v 29.66714668 25.73479080 -1.90720761
v 29.81274796 25.78070068 -1.90720761
v 29.95379448 25.83912468 -1.90720761
v 30.08921242 25.90961838 -1.90720761
v 30.21797180 25.99164581 -1.90720761
v 30.33909035 26.08458519 -1.90720761
v 30.45165062 26.18772507 -1.90720761
v 30.55479050 26.30028343 -1.90720761
v 30.64772797 26.42140388 -1.90720761
v 30.72975731 26.55016327 -1.90720761
v 30.80025101 26.68558121 -1.90720761
v 30.85867500 26.82662773 -1.90720761
v 30.90458107 26.97222900 -1.90720761
v 30.93762589 27.12127686 -1.90720761
v 30.95755386 27.27264023 -1.90720761
v 30.96421242 27.42516327 -1.90720761
v 30.95755386 27.57768440 -1.90720761
v 30.93762589 27.72904587 -1.90720761
v 30.90458107 27.87809563 -1.90720761
v 30.85867500 28.02369690 -1.90720761
v 30.80025101 28.16474533 -1.90720761
v 30.72975731 28.30016327 -1.90720761
v 30.64772797 28.42892075 -1.90720761
v 30.55479050 28.55003929 -1.90720761
v 30.45165062 28.66259956 -1.90720761
v 30.33909035 28.76573944 -1.90720761
v 30.21797180 28.85867882 -1.90720761
v 30.08921242 28.94070816 -1.90720761
v 29.95379448 29.01120186 -1.90720761
v 29.81274796 29.06962395 -1.90720761
v 29.66714668 29.11553192 -1.90720761
v 29.51809692 29.14857483 -1.90720761
v 29.36673546 29.16850281 -1.90720761
v 29.21421242 29.17516327 -1.90720761
v 29.06168938 29.16850281 -1.90720761
v 28.91032791 29.14857483 -1.90720761
v 28.76127815 29.11553192 -1.90720761
v 28.61567688 29.06962395 -1.90720761
v 28.47463036 29.01120186 -1.90720761
v 28.33921242 28.94070816 -1.90720761
v 28.21045303 28.85867882 -1.90720761
v 28.08933258 28.76573944 -1.90720761
v 27.97677612 28.66259956 -1.90720761
v 27.87363434 28.55003929 -1.90720761
v 27.78069687 28.42892075 -1.90720761
v 27.69866753 28.30016327 -1.90720761
v 27.62817383 28.16474533 -1.90720761
v 27.56974983 28.02369690 -1.90720761
v 27.52384186 27.87809563 -1.90720761
v 27.49079895 27.72904587 -1.90720761
v 27.47087097 27.57768440 -1.90720761
v 29.49891472 26.36264420 -1.90720761
v 29.40522575 26.34187508 -1.90720761
v 29.59043503 26.39150047 -1.90720761
v 30.27673149 27.70986366 -1.90720761
v 30.29750061 27.61617470 -1.90720761
v 30.24787521 27.80138588 -1.90720761
v 28.15169525 27.14046097 -1.90720761
v 28.13092422 27.23414993 -1.90720761
v 28.18055153 27.04894066 -1.90720761
v 29.67909241 26.42822456 -1.90720761
v 29.84514618 26.52409554 -1.90720761
v 29.76421356 26.47253418 -1.90720761
v 29.92127800 26.58251381 -1.90720761
v 30.21115112 27.89004135 -1.90720761
v 28.92951202 28.48768044 -1.90720761
v 29.02320099 28.50845146 -1.90720761
v 28.83798981 28.45882416 -1.90720761
v 28.21727562 26.96028137 -1.90720761
v 29.99202919 26.64734459 -1.90720761
v 30.16683960 27.97516251 -1.90720761
v 30.11528015 28.05609703 -1.90720761
v 30.05686188 28.13222885 -1.90720761
v 28.74933243 28.42210007 -1.90720761
v 28.11839867 27.52103233 -1.90720761
v 28.13092422 27.61617470 -1.90720761
v 28.11421204 27.42516327 -1.90720761
v 28.11839867 27.32929039 -1.90720761
v 28.26158524 26.87516212 -1.90720761
v 28.31314468 26.79422951 -1.90720761
v 28.37156296 26.71809578 -1.90720761
v 28.58327866 26.52409554 -1.90720761
v 28.50714684 26.58251381 -1.90720761
v 28.66421318 26.47253418 -1.90720761
v 28.92951202 26.36264420 -1.90720761
v 28.83798981 26.39150047 -1.90720761
v 29.02320099 26.34187508 -1.90720761
v 29.11833954 26.32934761 -1.90720761
v 29.21421242 26.32516289 -1.90720761
v 29.31008339 26.32934761 -1.90720761
v 30.05686188 26.71809578 -1.90720761
v 30.11528015 26.79422951 -1.90720761
v 30.31002808 27.52103233 -1.90720761
v 30.31421280 27.42516327 -1.90720761
v 29.76421356 28.37779045 -1.90720761
v 29.84514618 28.32623100 -1.90720761
v 29.67909241 28.42210007 -1.90720761
v 29.49891472 28.48768044 -1.90720761
v 29.59043503 28.45882416 -1.90720761
v 29.40522575 28.50845146 -1.90720761
v 29.31008339 28.52097702 -1.90720761
v 29.21421242 28.52516174 -1.90720761
v 29.11833954 28.52097702 -1.90720761
v 28.66421318 28.37779045 -1.90720761
v 28.58327866 28.32623100 -1.90720761
v 28.50714684 28.26781273 -1.90720761
v 28.74933243 26.42822456 -1.90720761
v 29.99202919 28.20297813 -1.90720761
v 29.92127800 28.26781273 -1.90720761
v 28.43639374 28.20297813 -1.90720761
v 28.37156296 28.13222885 -1.90720761
v 28.15169525 27.70986366 -1.90720761
v 28.18055153 27.80138588 -1.90720761
v 28.43639374 26.64734459 -1.90720761
v 28.31314468 28.05609703 -1.90720761
v 28.26158524 27.97516251 -1.90720761
v 28.21727562 27.89004135 -1.90720761
v 30.27673149 27.14046097 -1.90720761
v 30.24787521 27.04894066 -1.90720761
v 30.29750061 27.23414993 -1.90720761
v 30.16683960 26.87516212 -1.90720761
v 30.21115112 26.96028137 -1.90720761
v 30.31002808 27.32929039 -1.90720761
v 30.31421280 27.42516327 -3.40720773
v 30.31002808 27.32929039 -3.40720773
v 30.29750061 27.23414993 -3.40720773
v 30.27673149 27.14046097 -3.40720773
v 30.24787521 27.04894066 -3.40720773
v 30.21115112 26.96028137 -3.40720773
v 30.16683960 26.87516212 -3.40720773
v 30.11528015 26.79422951 -3.40720773
v 30.05686188 26.71809578 -3.40720773
v 29.99202919 26.64734459 -3.40720773
v 29.92127800 26.58251381 -3.40720773
v 29.84514618 26.52409554 -3.40720773
v 29.76421356 26.47253418 -3.40720773
v 29.67909241 26.42822456 -3.40720773
v 29.59043503 26.39150047 -3.40720773
v 29.49891472 26.36264420 -3.40720773
v 29.40522575 26.34187508 -3.40720773
v 29.31008339 26.32934761 -3.40720773
v 29.21421242 26.32516289 -3.40720773
v 29.11833954 26.32934761 -3.40720773
v 29.02320099 26.34187508 -3.40720773
v 28.92951202 26.36264420 -3.40720773
v 28.83798981 26.39150047 -3.40720773
v 28.74933243 26.42822456 -3.40720773
v 28.66421318 26.47253418 -3.40720773
v 28.58327866 26.52409554 -3.40720773
v 28.50714684 26.58251381 -3.40720773
v 28.43639374 26.64734459 -3.40720773
v 28.37156296 26.71809578 -3.40720773
v 28.31314468 26.79422951 -3.40720773
v 28.26158524 26.87516212 -3.40720773
v 28.21727562 26.96028137 -3.40720773
v 28.18055153 27.04894066 -3.40720773
v 28.15169525 27.14046097 -3.40720773
v 28.13092422 27.23414993 -3.40720773
v 28.11839867 27.32929039 -3.40720773
v 28.11421204 27.42516327 -3.40720773
v 28.11839867 27.52103233 -3.40720773
v 28.13092422 27.61617470 -3.40720773
v 28.15169525 27.70986366 -3.40720773
v 28.18055153 27.80138588 -3.40720773
v 28.21727562 27.89004135 -3.40720773
v 28.26158524 27.97516251 -3.40720773
v 28.31314468 28.05609703 -3.40720773
v 28.37156296 28.13222885 -3.40720773
v 28.43639374 28.20297813 -3.40720773
v 28.50714684 28.26781273 -3.40720773
v 28.58327866 28.32623100 -3.40720773
v 28.66421318 28.37779045 -3.40720773
v 28.74933243 28.42210007 -3.40720773
v 28.83798981 28.45882416 -3.40720773
v 28.92951202 28.48768044 -3.40720773
v 29.02320099 28.50845146 -3.40720773
v 29.11833954 28.52097702 -3.40720773
v 29.21421242 28.52516174 -3.40720773
v 29.31008339 28.52097702 -3.40720773
v 29.40522575 28.50845146 -3.40720773
v 29.49891472 28.48768044 -3.40720773
v 29.59043503 28.45882416 -3.40720773
v 29.67909241 28.42210007 -3.40720773
v 29.76421356 28.37779045 -3.40720773
v 29.84514618 28.32623100 -3.40720773
v 29.92127800 28.26781273 -3.40720773
v 29.99202919 28.20297813 -3.40720773
v 30.05686188 28.13222885 -3.40720773
v 30.11528015 28.05609703 -3.40720773
v 30.16683960 27.97516251 -3.40720773
v 30.21115112 27.89004135 -3.40720773
v 30.24787521 27.80138588 -3.40720773
v 30.27673149 27.70986366 -3.40720773
v 30.29750061 27.61617470 -3.40720773
v 30.31002808 27.52103233 -3.40720773
v -33.43578720 27.67516327 -1.40720773
v -33.41866302 28.06736374 -1.40720773
v -33.36742020 28.45657921 -1.40720773
v -33.28245544 28.83984756 -1.40720773
v -33.16440582 29.21425438 -1.40720773
v -33.01417160 29.57694435 -1.40720773
v -32.83290100 29.92516136 -1.40720773
v -32.62197113 30.25625610 -1.40720773
v -32.38298798 30.56770515 -1.40720773
v -32.11776733 30.85714149 -1.40720773
v -31.82833290 31.12236214 -1.40720773
v -31.51688004 31.36134529 -1.40720773
v -31.18578720 31.57227516 -1.40720773
v -30.83757019 31.75354767 -1.40720773
v -30.47487831 31.90377808 -1.40720773
v -30.10047340 32.02182770 -1.40720773
v -29.71720505 32.10679626 -1.40720773
v -29.32798767 32.15803909 -1.40720773
v -28.93578911 32.17515945 -1.40720773
v -28.54358673 32.15803909 -1.40720773
v -28.15437126 32.10679626 -1.40720773
v -27.77110291 32.02182770 -1.40720773
v -27.39669800 31.90377808 -1.40720773
v -27.03400421 31.75354767 -1.40720773
v -26.68578720 31.57227516 -1.40720773
v -26.35469246 31.36134529 -1.40720773
v -26.04324341 31.12236214 -1.40720773
v -25.75380707 30.85714149 -1.40720773
v -25.48858643 30.56770515 -1.40720773
v -25.24960327 30.25625610 -1.40720773
v -25.03867340 29.92516136 -1.40720773
v -24.85740280 29.57694435 -1.40720773
v -24.70717049 29.21425438 -1.40720773
v -24.58912086 28.83984756 -1.40720773
v -24.50415230 28.45657921 -1.40720773
v -24.45291138 28.06736374 -1.40720773
v -24.43578911 27.67516327 -1.40720773
v -24.45291138 27.28296089 -1.40720773
v -24.50415230 26.89374542 -1.40720773
v -24.58912086 26.51047707 -1.40720773
v -24.70717049 26.13607216 -1.40720773
v -24.85740280 25.77338028 -1.40720773
v -25.03867340 25.42516136 -1.40720773
v -25.24960327 25.09406853 -1.40720773
v -25.48858643 24.78261757 -1.40720773
v -25.75380707 24.49318123 -1.40720773
v -26.04324341 24.22796249 -1.40720773
v -26.35469246 23.98897934 -1.40720773
v -26.68578720 23.77804756 -1.40720773
v -27.03400421 23.59677696 -1.40720773
v -27.39669800 23.44654465 -1.40720773
v -27.77110291 23.32849693 -1.40720773
v -28.15437126 23.24352837 -1.40720773
v -28.54358673 23.19228745 -1.40720773
v -28.93578911 23.17516136 -1.40720773
v -29.32798767 23.19228745 -1.40720773
v -29.71720505 23.24352837 -1.40720773
v -30.10047340 23.32849693 -1.40720773
v -30.47487831 23.44654465 -1.40720773
v -30.83757019 23.59677696 -1.40720773
v -31.18578720 23.77804756 -1.40720773
v -31.51688004 23.98897934 -1.40720773
v -31.82833290 24.22796249 -1.40720773
v -32.11776733 24.49318123 -1.40720773
v -32.38298798 24.78261757 -1.40720773
v -32.62197113 25.09406853 -1.40720773
v -32.83290100 25.42516136 -1.40720773
v -33.01417160 25.77338028 -1.40720773
v -33.16440582 26.13607216 -1.40720773
v -33.28245544 26.51047707 -1.40720773
v -33.36742020 26.89374542 -1.40720773
v -33.41866302 27.28296089 -1.40720773
v -28.19620705 29.26120186 -1.40720773
v -28.06078911 29.19070625 -1.40720773
v -28.33725166 29.31962395 -1.40720773
v -29.67536926 29.26120186 -1.40720773
v -29.53432274 29.31962395 -1.40720773
v -29.81078720 29.19070625 -1.40720773
v -27.93202972 29.10867882 -1.40720773
v -29.08831024 29.41850471 -1.40720773
v -28.93578911 29.42516327 -1.40720773
v -29.23967171 29.39857483 -1.40720773
v -29.93954659 29.10867882 -1.40720773
v -30.17322540 26.43772507 -1.40720773
v -30.27636528 26.55028343 -1.40720773
v -30.06066513 26.33458328 -1.40720773
v -27.34975052 26.93558121 -1.40720773
v -27.42024231 26.80016327 -1.40720773
v -27.29132652 27.07662582 -1.40720773
v -27.19244766 27.52264023 -1.40720773
v -27.20856285 27.39374542 -1.40720773
v -27.34975052 28.41474533 -1.40720773
v -27.29132652 28.27369881 -1.40720773
v -27.42024231 28.55016327 -1.40720773
v -27.81090927 29.01573944 -1.40720773
v -28.48285484 29.36553192 -1.40720773
v -29.38871956 29.36553192 -1.40720773
v -30.06066513 29.01573944 -1.40720773
v -30.17322540 28.91259766 -1.40720773
v -30.27636528 28.80004120 -1.40720773
v -30.36930466 28.67892075 -1.40720773
v -30.52182770 28.41474533 -1.40720773
v -30.45133209 28.55016327 -1.40720773
v -30.58024979 28.27369881 -1.40720773
v -30.36930466 26.67140388 -1.40720773
v -30.45133209 26.80016327 -1.40720773
v -29.93954659 26.24164581 -1.40720773
v -27.50227165 26.67140388 -1.40720773
v -27.59520912 26.55028343 -1.40720773
v -27.24541664 27.22222900 -1.40720773
v -27.21237373 27.37127876 -1.40720773
v -27.24541664 28.12809563 -1.40720773
v -27.21237373 27.97904587 -1.40720773
v -27.50227165 28.67892075 -1.40720773
v -27.59520912 28.80004120 -1.40720773
v -27.69835091 28.91259766 -1.40720773
v -28.78326607 29.41850471 -1.40720773
v -28.63190269 29.39857483 -1.40720773
v -30.62615776 28.12809563 -1.40720773
v -30.65920067 27.97904587 -1.40720773
v -30.52182770 26.93558121 -1.40720773
v -30.58024979 27.07662582 -1.40720773
v -29.81078720 26.15961838 -1.40720773
v -29.67536926 26.08912468 -1.40720773
v -29.53432274 26.03070068 -1.40720773
v -29.38871956 25.98479271 -1.40720773
v -29.08831024 25.93182182 -1.40720773
v -29.23967171 25.95174789 -1.40720773
v -28.93578911 25.92516136 -1.40720773
v -27.93202972 26.24164581 -1.40720773
v -28.06078911 26.15961838 -1.40720773
v -27.81090927 26.33458328 -1.40720773
v -27.69835091 26.43772507 -1.40720773
v -27.18578911 27.67516327 -1.40720773
v -27.19244766 27.82768440 -1.40720773
v -30.62615776 27.22222900 -1.40720773
v -30.65920067 27.37127876 -1.40720773
v -30.67912865 27.82768440 -1.40720773
v -30.68578720 27.67516327 -1.40720773
v -28.19620705 26.08912468 -1.40720773
v -28.33725166 26.03070068 -1.40720773
v -30.67912865 27.52264023 -1.40720773
v -28.48285484 25.98479271 -1.40720773
v -28.63190269 25.95174789 -1.40720773
v -28.78326607 25.93182182 -1.40720773
v -30.67912865 27.52264023 -1.90720761
v -30.68578720 27.67516327 -1.90720761
v -30.65920067 27.37127876 -1.90720761
v -30.62615776 27.22222900 -1.90720761
v -30.58024979 27.07662582 -1.90720761
v -30.52182770 26.93558121 -1.90720761
v -30.45133209 26.80016327 -1.90720761
v -30.36930466 26.67140388 -1.90720761
v -30.27636528 26.55028343 -1.90720761
v -30.17322540 26.43772507 -1.90720761
v -30.06066513 26.33458328 -1.90720761
v -29.93954659 26.24164581 -1.90720761
v -29.81078720 26.15961838 -1.90720761
v -29.67536926 26.08912468 -1.90720761
v -29.53432274 26.03070068 -1.90720761
v -29.38871956 25.98479271 -1.90720761
v -29.23967171 25.95174789 -1.90720761
v -29.08831024 25.93182182 -1.90720761
v -28.93578911 25.92516136 -1.90720761
v -28.78326607 25.93182182 -1.90720761
v -28.63190269 25.95174789 -1.90720761
v -28.48285484 25.98479271 -1.90720761
v -28.33725166 26.03070068 -1.90720761
v -28.19620705 26.08912468 -1.90720761
v -28.06078911 26.15961838 -1.90720761
v -27.93202972 26.24164581 -1.90720761
v -27.81090927 26.33458328 -1.90720761
v -27.69835091 26.43772507 -1.90720761
v -27.59520912 26.55028343 -1.90720761
v -27.50227165 26.67140388 -1.90720761
v -27.42024231 26.80016327 -1.90720761
v -27.34975052 26.93558121 -1.90720761
v -27.29132652 27.07662582 -1.90720761
v -27.24541664 27.22222900 -1.90720761
v -27.21237373 27.37127876 -1.90720761
v -27.19244766 27.52264023 -1.90720761
v -27.20856285 27.39374542 -1.90720761
v -27.18578911 27.67516327 -1.90720761
v -27.19244766 27.82768440 -1.90720761
v -27.21237373 27.97904587 -1.90720761
v -27.24541664 28.12809563 -1.90720761
v -27.29132652 28.27369881 -1.90720761
v -27.34975052 28.41474533 -1.90720761
v -27.42024231 28.55016327 -1.90720761
v -27.50227165 28.67892075 -1.90720761
v -27.59520912 28.80004120 -1.90720761
v -27.69835091 28.91259766 -1.90720761
v -27.81090927 29.01573944 -1.90720761
v -27.93202972 29.10867882 -1.90720761
v -28.06078911 29.19070625 -1.90720761
v -28.19620705 29.26120186 -1.90720761
v -28.33725166 29.31962395 -1.90720761
v -28.48285484 29.36553192 -1.90720761
v -28.63190269 29.39857483 -1.90720761
v -28.78326607 29.41850471 -1.90720761
v -28.93578911 29.42516327 -1.90720761
v -29.08831024 29.41850471 -1.90720761
v -29.23967171 29.39857483 -1.90720761
v -29.38871956 29.36553192 -1.90720761
v -29.53432274 29.31962395 -1.90720761
v -29.67536926 29.26120186 -1.90720761
v -29.81078720 29.19070625 -1.90720761
v -29.93954659 29.10867882 -1.90720761
v -30.06066513 29.01573944 -1.90720761
v -30.17322540 28.91259766 -1.90720761
v -30.27636528 28.80004120 -1.90720761
v -30.36930466 28.67892075 -1.90720761
v -30.45133209 28.55016327 -1.90720761
v -30.52182770 28.41474533 -1.90720761
v -30.58024979 28.27369881 -1.90720761
v -30.62615776 28.12809563 -1.90720761
v -30.65920067 27.97904587 -1.90720761
v -30.67912865 27.82768440 -1.90720761
v -28.65108681 26.61264229 -1.90720761
v -28.74477386 26.59187317 -1.90720761
v -28.55956650 26.64150047 -1.90720761
v -27.87326813 27.95986366 -1.90720761
v -27.85249901 27.86617470 -1.90720761
v -27.90212631 28.05138397 -1.90720761
v -29.99830627 27.39046097 -1.90720761
v -30.01907730 27.48414803 -1.90720761
v -29.96945000 27.29894066 -1.90720761
v -28.47090721 26.67822266 -1.90720761
v -28.30485535 26.77409554 -1.90720761
v -28.38578796 26.72253418 -1.90720761
v -28.22871971 26.83251381 -1.90720761
v -27.93884850 28.14004135 -1.90720761
v -29.22048759 28.73768044 -1.90720761
v -29.12680054 28.75845146 -1.90720761
v -29.31200981 28.70882416 -1.90720761
v -29.93272591 27.21028137 -1.90720761
v -28.15797043 26.89734459 -1.90720761
v -27.98315811 28.22516251 -1.90720761
v -28.03472137 28.30609703 -1.90720761
v -28.09313965 28.38222885 -1.90720761
v -29.40066719 28.67210007 -1.90720761
v -30.03160095 27.77103424 -1.90720761
v -30.01907730 27.86617470 -1.90720761
v -30.03578758 27.67516327 -1.90720761
v -30.03160095 27.57929039 -1.90720761
v -29.88841629 27.12516212 -1.90720761
v -29.83685303 27.04422760 -1.90720761
v -29.77843666 26.96809578 -1.90720761
v -29.56672287 26.77409554 -1.90720761
v -29.64285469 26.83251381 -1.90720761
v -29.48578835 26.72253418 -1.90720761
v -29.22048759 26.61264229 -1.90720761
v -29.31200981 26.64150047 -1.90720761
v -29.12680054 26.59187317 -1.90720761
v -29.03165817 26.57934761 -1.90720761
v -28.93578911 26.57516289 -1.90720761
v -28.83991623 26.57934761 -1.90720761
v -28.09313965 26.96809578 -1.90720761
v -28.03472137 27.04422760 -1.90720761
v -27.83997345 27.77103424 -1.90720761
v -27.83578873 27.67516327 -1.90720761
v -28.38578796 28.62779045 -1.90720761
v -28.30485535 28.57622910 -1.90720761
v -28.47090721 28.67210007 -1.90720761
v -28.65108681 28.73768044 -1.90720761
v -28.55956650 28.70882416 -1.90720761
v -28.74477386 28.75845146 -1.90720761
v -28.83991623 28.77097511 -1.90720761
v -28.93578911 28.77516365 -1.90720761
v -29.03165817 28.77097511 -1.90720761
v -29.48578835 28.62779045 -1.90720761
v -29.56672287 28.57622910 -1.90720761
v -29.64285469 28.51781082 -1.90720761
v -29.40066719 26.67822266 -1.90720761
v -28.15797043 28.45298004 -1.90720761
v -28.22871971 28.51781082 -1.90720761
v -29.71360397 28.45298004 -1.90720761
v -29.77843666 28.38222885 -1.90720761
v -29.99830627 27.95986366 -1.90720761
v -29.96945000 28.05138397 -1.90720761
v -29.71360397 26.89734459 -1.90720761
v -29.83685303 28.30609703 -1.90720761
v -29.88841629 28.22516251 -1.90720761
v -29.93272591 28.14004135 -1.90720761
v -27.87326813 27.39046097 -1.90720761
v -27.90212631 27.29894066 -1.90720761
v -27.85249901 27.48414803 -1.90720761
v -27.98315811 27.12516212 -1.90720761
v -27.93884850 27.21028137 -1.90720761
v -27.83997345 27.57929039 -1.90720761
v -27.83578873 27.67516327 -3.40720773
v -27.83997345 27.57929039 -3.40720773
v -27.85249901 27.48414803 -3.40720773
v -27.87326813 27.39046097 -3.40720773
v -27.90212631 27.29894066 -3.40720773
v -27.93884850 27.21028137 -3.40720773
v -27.98315811 27.12516212 -3.40720773
v -28.03472137 27.04422760 -3.40720773
v -28.09313965 26.96809578 -3.40720773
v -28.15797043 26.89734459 -3.40720773
v -28.22871971 26.83251381 -3.40720773
v -28.30485535 26.77409554 -3.40720773
v -28.38578796 26.72253418 -3.40720773
v -28.47090721 26.67822266 -3.40720773
v -28.55956650 26.64150047 -3.40720773
v -28.65108681 26.61264229 -3.40720773
v -28.74477386 26.59187317 -3.40720773
v -28.83991623 26.57934761 -3.40720773
v -28.93578911 26.57516289 -3.40720773
v -29.03165817 26.57934761 -3.40720773
v -29.12680054 26.59187317 -3.40720773
v -29.22048759 26.61264229 -3.40720773
v -29.31200981 26.64150047 -3.40720773
v -29.40066719 26.67822266 -3.40720773
v -29.48578835 26.72253418 -3.40720773
v -29.56672287 26.77409554 -3.40720773
v -29.64285469 26.83251381 -3.40720773
v -29.71360397 26.89734459 -3.40720773
v -29.77843666 26.96809578 -3.40720773
v -29.83685303 27.04422760 -3.40720773
v -29.88841629 27.12516212 -3.40720773
v -29.93272591 27.21028137 -3.40720773
v -29.96945000 27.29894066 -3.40720773
v -29.99830627 27.39046097 -3.40720773
v -30.01907730 27.48414803 -3.40720773
v -30.03160095 27.57929039 -3.40720773
v -30.03578758 27.67516327 -3.40720773
v -30.03160095 27.77103424 -3.40720773
v -30.01907730 27.86617470 -3.40720773
v -29.99830627 27.95986366 -3.40720773
v -29.96945000 28.05138397 -3.40720773
v -29.93272591 28.14004135 -3.40720773
v -29.88841629 28.22516251 -3.40720773
v -29.83685303 28.30609703 -3.40720773
v -29.77843666 28.38222885 -3.40720773
v -29.71360397 28.45298004 -3.40720773
v -29.64285469 28.51781082 -3.40720773
v -29.56672287 28.57622910 -3.40720773
v -29.48578835 28.62779045 -3.40720773
v -29.40066719 28.67210007 -3.40720773
v -29.31200981 28.70882416 -3.40720773
v -29.22048759 28.73768044 -3.40720773
v -29.12680054 28.75845146 -3.40720773
v -29.03165817 28.77097511 -3.40720773
v -28.93578911 28.77516365 -3.40720773
v -28.83991623 28.77097511 -3.40720773
v -28.74477386 28.75845146 -3.40720773
v -28.65108681 28.73768044 -3.40720773
v -28.55956650 28.70882416 -3.40720773
v -28.47090721 28.67210007 -3.40720773
v -28.38578796 28.62779045 -3.40720773
v -28.30485535 28.57622910 -3.40720773
v -28.22871971 28.51781082 -3.40720773
v -28.15797043 28.45298004 -3.40720773
v -28.09313965 28.38222885 -3.40720773
v -28.03472137 28.30609703 -3.40720773
v -27.98315811 28.22516251 -3.40720773
v -27.93884850 28.14004135 -3.40720773
v -27.90212631 28.05138397 -3.40720773
v -27.87326813 27.95986366 -3.40720773
v -27.85249901 27.86617470 -3.40720773
v -27.83997345 27.77103424 -3.40720773
v -32.68578720 -31.92483711 -1.40720773
v -32.66866684 -31.53263855 -1.40720773
v -32.61742401 -31.14342117 -1.40720773
v -32.53245544 -30.76015282 -1.40720773
v -32.41440201 -30.38574791 -1.40720773
v -32.26417160 -30.02305603 -1.40720773
v -32.08290100 -29.67483711 -1.40720773
v -31.87197113 -29.34374428 -1.40720773
v -31.63298607 -29.03229332 -1.40720773
v -31.36776733 -28.74285698 -1.40720773
v -31.07833099 -28.47763634 -1.40720773
v -30.76688194 -28.23865509 -1.40720773
v -30.43578720 -28.02772331 -1.40720773
v -30.08757019 -27.84645271 -1.40720773
v -29.72487640 -27.69622040 -1.40720773
v -29.35047340 -27.57817078 -1.40720773
v -28.96720314 -27.49320221 -1.40720773
v -28.57798958 -27.44196129 -1.40720773
v -28.18578720 -27.42483902 -1.40720773
v -27.79358673 -27.44196129 -1.40720773
v -27.40437126 -27.49320221 -1.40720773
v -27.02110291 -27.57817078 -1.40720773
v -26.64669609 -27.69622040 -1.40720773
v -26.28400612 -27.84645271 -1.40720773
v -25.93578720 -28.02772331 -1.40720773
v -25.60469246 -28.23865509 -1.40720773
v -25.29324341 -28.47763634 -1.40720773
v -25.00380707 -28.74285698 -1.40720773
v -24.73858833 -29.03229332 -1.40720773
v -24.49960327 -29.34374428 -1.40720773
v -24.28867340 -29.67483711 -1.40720773
v -24.10740280 -30.02305603 -1.40720773
v -23.95717049 -30.38574791 -1.40720773
v -23.83912086 -30.76015282 -1.40720773
v -23.75415421 -31.14342117 -1.40720773
v -23.70291138 -31.53263855 -1.40720773
v -23.68578720 -31.92483711 -1.40720773
v -23.70291138 -32.31703949 -1.40720773
v -23.75415421 -32.70625305 -1.40720773
v -23.83912086 -33.08952332 -1.40720773
v -23.95717049 -33.46392822 -1.40720773
v -24.10740280 -33.82661819 -1.40720773
v -24.28867340 -34.17483902 -1.40720773
v -24.49960327 -34.50593185 -1.40720773
v -24.73858833 -34.81738281 -1.40720773
v -25.00380707 -35.10681915 -1.40720773
v -25.29324341 -35.37203598 -1.40720773
v -25.60469246 -35.61102295 -1.40720773
v -25.93578720 -35.82195282 -1.40720773
v -26.28400612 -36.00322342 -1.40720773
v -26.64669609 -36.15345383 -1.40720773
v -27.02110291 -36.27150345 -1.40720773
v -27.40437126 -36.35647202 -1.40720773
v -27.79358673 -36.40771103 -1.40720773
v -28.18578720 -36.42483902 -1.40720773
v -28.57798958 -36.40771103 -1.40720773
v -28.96720314 -36.35647202 -1.40720773
v -29.35047340 -36.27150345 -1.40720773
v -29.72487640 -36.15345383 -1.40720773
v -30.08757019 -36.00322342 -1.40720773
v -30.43578720 -35.82195282 -1.40720773
v -30.76688194 -35.61102295 -1.40720773
v -31.07833099 -35.37203598 -1.40720773
v -31.36776733 -35.10681915 -1.40720773
v -31.63298607 -34.81738281 -1.40720773
v -31.87197113 -34.50593185 -1.40720773
v -32.08290100 -34.17483902 -1.40720773
v -32.26417160 -33.82661819 -1.40720773
v -32.41440201 -33.46392822 -1.40720773
v -32.53245544 -33.08952332 -1.40720773
v -32.61742401 -32.70625305 -1.40720773
v -32.66866684 -32.31703949 -1.40720773
v -26.49541664 -31.47190475 -1.40720773
v -26.46237373 -31.62095261 -1.40720773
v -26.54132652 -31.32630157 -1.40720773
v -26.59974861 -31.18525696 -1.40720773
v -26.84520912 -30.79995918 -1.40720773
v -26.75227165 -30.92107964 -1.40720773
v -26.94835091 -30.68740082 -1.40720773
v -27.44620514 -30.33880043 -1.40720773
v -27.31078720 -30.40929413 -1.40720773
v -27.58725166 -30.28037643 -1.40720773
v -28.03326607 -30.18149757 -1.40720773
v -27.88190269 -30.20142365 -1.40720773
v -28.18578720 -30.17483902 -1.40720773
v -28.33831024 -30.18149757 -1.40720773
v -28.48967171 -30.20142365 -1.40720773
v -28.92537117 -30.33880043 -1.40720773
v -28.78432274 -30.28037643 -1.40720773
v -29.06078911 -30.40929413 -1.40720773
v -29.52636528 -30.79995918 -1.40720773
v -29.61930466 -30.92107964 -1.40720773
v -29.77182579 -31.18525696 -1.40720773
v -29.70133209 -31.04983902 -1.40720773
v -29.83024979 -31.32630157 -1.40720773
v -27.06090927 -33.26541519 -1.40720773
v -27.18202972 -33.35835266 -1.40720773
v -26.94835091 -33.16227341 -1.40720773
v -26.49541664 -32.37777328 -1.40720773
v -26.54132652 -32.52337265 -1.40720773
v -26.46237373 -32.22872162 -1.40720773
v -26.67024422 -31.04983902 -1.40720773
v -27.06090927 -30.58426094 -1.40720773
v -27.18202972 -30.49132156 -1.40720773
v -27.73285484 -30.23446655 -1.40720773
v -28.63872147 -30.23446655 -1.40720773
v -29.18954659 -30.49132156 -1.40720773
v -29.31066513 -30.58426094 -1.40720773
v -29.42322350 -30.68740082 -1.40720773
v -29.87615776 -31.47190475 -1.40720773
v -29.90920067 -31.62095261 -1.40720773
v -29.83024979 -32.52337265 -1.40720773
v -29.87615776 -32.37777328 -1.40720773
v -29.77182579 -32.66441727 -1.40720773
v -29.61930466 -32.92859650 -1.40720773
v -29.70133209 -32.79983521 -1.40720773
v -29.52636528 -33.04971695 -1.40720773
v -27.58725166 -33.56929779 -1.40720773
v -27.73285484 -33.61520767 -1.40720773
v -27.44620514 -33.51087570 -1.40720773
v -27.31078720 -33.44038010 -1.40720773
v -26.84520912 -33.04971695 -1.40720773
v -26.75227165 -32.92859650 -1.40720773
v -26.67024422 -32.79983521 -1.40720773
v -26.59974861 -32.66441727 -1.40720773
v -26.44244766 -31.77231598 -1.40720773
v -26.43578720 -31.92483711 -1.40720773
v -29.92912674 -31.77231598 -1.40720773
v -29.93578911 -31.92483711 -1.40720773
v -29.90920067 -32.22872162 -1.40720773
v -27.88190269 -33.64825439 -1.40720773
v -29.42322350 -33.16227341 -1.40720773
v -29.31066513 -33.26541519 -1.40720773
v -28.78432274 -33.56929779 -1.40720773
v -28.92537117 -33.51087570 -1.40720773
v -28.63872147 -33.61520767 -1.40720773
v -29.92912674 -32.07736206 -1.40720773
v -29.06078911 -33.44038010 -1.40720773
v -28.03326607 -33.66817856 -1.40720773
v -28.18578720 -33.67483521 -1.40720773
v -28.48967171 -33.64825439 -1.40720773
v -28.33831024 -33.66817856 -1.40720773
v -26.44244766 -32.07736206 -1.40720773
v -29.18954659 -33.35835266 -1.40720773
v -29.92912674 -32.07736206 -1.90720761
v -29.93578911 -31.92483711 -1.90720761
v -29.90920067 -32.22872162 -1.90720761
v -29.87615776 -32.37777328 -1.90720761
v -29.83024979 -32.52337265 -1.90720761
v -29.77182579 -32.66441727 -1.90720761
v -29.70133209 -32.79983521 -1.90720761
v -29.61930466 -32.92859650 -1.90720761
v -29.52636528 -33.04971695 -1.90720761
v -29.42322350 -33.16227341 -1.90720761
v -29.31066513 -33.26541519 -1.90720761
v -29.18954659 -33.35835266 -1.90720761
v -29.06078911 -33.44038010 -1.90720761
v -28.92537117 -33.51087570 -1.90720761
v -28.78432274 -33.56929779 -1.90720761
v -28.63872147 -33.61520767 -1.90720761
v -28.48967171 -33.64825439 -1.90720761
v -28.33831024 -33.66817856 -1.90720761
v -28.18578720 -33.67483521 -1.90720761
v -28.03326607 -33.66817856 -1.90720761
v -27.88190269 -33.64825439 -1.90720761
v -27.73285484 -33.61520767 -1.90720761
v -27.58725166 -33.56929779 -1.90720761
v -27.44620514 -33.51087570 -1.90720761
v -27.31078720 -33.44038010 -1.90720761
v -27.18202972 -33.35835266 -1.90720761
v -27.06090927 -33.26541519 -1.90720761
v -26.94835091 -33.16227341 -1.90720761
v -26.84520912 -33.04971695 -1.90720761
v -26.75227165 -32.92859650 -1.90720761
v -26.67024422 -32.79983521 -1.90720761
v -26.59974861 -32.66441727 -1.90720761
v -26.54132652 -32.52337265 -1.90720761
v -26.49541664 -32.37777328 -1.90720761
v -26.46237373 -32.22872162 -1.90720761
v -26.44244766 -32.07736206 -1.90720761
v -26.43578720 -31.92483711 -1.90720761
v -26.44244766 -31.77231598 -1.90720761
v -26.46237373 -31.62095261 -1.90720761
v -26.49541664 -31.47190475 -1.90720761
v -26.54132652 -31.32630157 -1.90720761
v -26.59974861 -31.18525696 -1.90720761
v -26.67024422 -31.04983902 -1.90720761
v -26.75227165 -30.92107964 -1.90720761
v -26.84520912 -30.79995918 -1.90720761
v -26.94835091 -30.68740082 -1.90720761
v -27.06090927 -30.58426094 -1.90720761
v -27.18202972 -30.49132156 -1.90720761
v -27.31078720 -30.40929413 -1.90720761
v -27.44620514 -30.33880043 -1.90720761
v -27.58725166 -30.28037643 -1.90720761
v -27.73285484 -30.23446655 -1.90720761
v -27.88190269 -30.20142365 -1.90720761
v -28.03326607 -30.18149757 -1.90720761
v -28.18578720 -30.17483902 -1.90720761
v -28.33831024 -30.18149757 -1.90720761
v -28.48967171 -30.20142365 -1.90720761
v -28.63872147 -30.23446655 -1.90720761
v -28.78432274 -30.28037643 -1.90720761
v -28.92537117 -30.33880043 -1.90720761
v -29.06078911 -30.40929413 -1.90720761
v -29.18954659 -30.49132156 -1.90720761
v -29.31066513 -30.58426094 -1.90720761
v -29.42322350 -30.68740082 -1.90720761
v -29.52636528 -30.79995918 -1.90720761
v -29.61930466 -30.92107964 -1.90720761
v -29.70133209 -31.04983902 -1.90720761
v -29.77182579 -31.18525696 -1.90720761
v -29.83024979 -31.32630157 -1.90720761
v -29.87615776 -31.47190475 -1.90720761
v -29.90920067 -31.62095261 -1.90720761
v -29.92912674 -31.77231598 -1.90720761
v -27.18884850 -31.45995712 -1.90720761
v -27.23316002 -31.37483788 -1.90720761
v -28.47048759 -30.86231995 -1.90720761
v -28.37680054 -30.84154892 -1.90720761
v -28.56200981 -30.89117622 -1.90720761
v -27.15212440 -31.54861641 -1.90720761
v -27.12326813 -31.64013863 -1.90720761
v -27.28472137 -31.29390335 -1.90720761
v -27.34313965 -31.21777153 -1.90720761
v -28.65066719 -30.92789841 -1.90720761
v -28.08991623 -30.82902336 -1.90720761
v -27.99477386 -30.84154892 -1.90720761
v -28.18578720 -30.82483864 -1.90720761
v -28.28165817 -30.82902336 -1.90720761
v -28.73578644 -30.97220993 -1.90720761
v -28.81672287 -31.02377129 -1.90720761
v -28.89285469 -31.08218956 -1.90720761
v -29.21944809 -31.54861641 -1.90720761
v -29.18272591 -31.45995712 -1.90720761
v -29.24830627 -31.64013863 -1.90720761
v -29.08685493 -32.55577087 -1.90720761
v -29.02843666 -32.63190460 -1.90720761
v -27.55485344 -32.82590485 -1.90720761
v -27.63578606 -32.87746811 -1.90720761
v -27.47872162 -32.76748657 -1.90720761
v -27.23316002 -32.47483826 -1.90720761
v -27.28472137 -32.55577087 -1.90720761
v -27.18884850 -32.38972092 -1.90720761
v -27.08997345 -31.82896614 -1.90720761
v -27.08578682 -31.92483711 -1.90720761
v -27.10249901 -31.73382568 -1.90720761
v -27.63578606 -30.97220993 -1.90720761
v -27.55485344 -31.02377129 -1.90720761
v -27.72090721 -30.92789841 -1.90720761
v -27.90108681 -30.86231995 -1.90720761
v -27.80956650 -30.89117622 -1.90720761
v -29.26907730 -31.73382568 -1.90720761
v -29.28160095 -31.82896614 -1.90720761
v -29.28578758 -31.92483711 -1.90720761
v -29.18272591 -32.38972092 -1.90720761
v -29.13841629 -32.47483826 -1.90720761
v -28.96360588 -32.70265579 -1.90720761
v -28.73578644 -32.87746811 -1.90720761
v -28.65066719 -32.92177582 -1.90720761
v -28.47048759 -32.98735809 -1.90720761
v -28.56200981 -32.95849991 -1.90720761
v -28.37680054 -33.00812531 -1.90720761
v -27.90108681 -32.98735809 -1.90720761
v -27.99477386 -33.00812531 -1.90720761
v -27.80956650 -32.95849991 -1.90720761
v -27.72090721 -32.92177582 -1.90720761
v -27.34313965 -32.63190460 -1.90720761
v -27.40797043 -31.14702034 -1.90720761
v -27.47872162 -31.08218956 -1.90720761
v -28.96360588 -31.14702034 -1.90720761
v -29.02843666 -31.21777153 -1.90720761
v -29.13841629 -31.37483788 -1.90720761
v -29.08685493 -31.29390335 -1.90720761
v -29.28160095 -32.02070999 -1.90720761
v -29.26907730 -32.11585236 -1.90720761
v -29.24830627 -32.20953751 -1.90720761
v -29.21944809 -32.30105972 -1.90720761
v -28.28165817 -33.02065277 -1.90720761
v -28.08991623 -33.02065277 -1.90720761
v -27.40797043 -32.70265579 -1.90720761
v -27.15212440 -32.30105972 -1.90720761
v -27.12326813 -32.20953751 -1.90720761
v -28.89285469 -32.76748657 -1.90720761
v -28.81672287 -32.82590485 -1.90720761
v -27.10249901 -32.11585236 -1.90720761
v -27.08997345 -32.02070999 -1.90720761
v -28.18578720 -33.02483749 -1.90720761
v -27.08578682 -31.92483711 -3.40720773
v -27.08997345 -32.02070999 -3.40720773
v -27.10249901 -32.11585236 -3.40720773
v -27.12326813 -32.20953751 -3.40720773
v -27.15212440 -32.30105972 -3.40720773
v -27.18884850 -32.38972092 -3.40720773
v -27.23316002 -32.47483826 -3.40720773
v -27.28472137 -32.55577087 -3.40720773
v -27.34313965 -32.63190460 -3.40720773
v -27.40797043 -32.70265579 -3.40720773
v -27.47872162 -32.76748657 -3.40720773
v -27.55485344 -32.82590485 -3.40720773
v -27.63578606 -32.87746811 -3.40720773
v -27.72090721 -32.92177582 -3.40720773
v -27.80956650 -32.95849991 -3.40720773
v -27.90108681 -32.98735809 -3.40720773
v -27.99477386 -33.00812531 -3.40720773
v -28.08991623 -33.02065277 -3.40720773
v -28.18578720 -33.02483749 -3.40720773
v -28.28165817 -33.02065277 -3.40720773
v -28.37680054 -33.00812531 -3.40720773
v -28.47048759 -32.98735809 -3.40720773
v -28.56200981 -32.95849991 -3.40720773
v -28.65066719 -32.92177582 -3.40720773
v -28.73578644 -32.87746811 -3.40720773
v -28.81672287 -32.82590485 -3.40720773
v -28.89285469 -32.76748657 -3.40720773
v -28.96360588 -32.70265579 -3.40720773
v -29.02843666 -32.63190460 -3.40720773
v -29.08685493 -32.55577087 -3.40720773
v -29.13841629 -32.47483826 -3.40720773
v -29.18272591 -32.38972092 -3.40720773
v -29.21944809 -32.30105972 -3.40720773
v -29.24830627 -32.20953751 -3.40720773
v -29.26907730 -32.11585236 -3.40720773
v -29.28160095 -32.02070999 -3.40720773
v -29.28578758 -31.92483711 -3.40720773
v -29.28160095 -31.82896614 -3.40720773
v -29.26907730 -31.73382568 -3.40720773
v -29.24830627 -31.64013863 -3.40720773
v -29.21944809 -31.54861641 -3.40720773
v -29.18272591 -31.45995712 -3.40720773
v -29.13841629 -31.37483788 -3.40720773
v -29.08685493 -31.29390335 -3.40720773
v -29.02843666 -31.21777153 -3.40720773
v -28.96360588 -31.14702034 -3.40720773
v -28.89285469 -31.08218956 -3.40720773
v -28.81672287 -31.02377129 -3.40720773
v -28.73578644 -30.97220993 -3.40720773
v -28.65066719 -30.92789841 -3.40720773
v -28.56200981 -30.89117622 -3.40720773
v -28.47048759 -30.86231995 -3.40720773
v -28.37680054 -30.84154892 -3.40720773
v -28.28165817 -30.82902336 -3.40720773
v -28.18578720 -30.82483864 -3.40720773
v -28.08991623 -30.82902336 -3.40720773
v -27.99477386 -30.84154892 -3.40720773
v -27.90108681 -30.86231995 -3.40720773
v -27.80956650 -30.89117622 -3.40720773
v -27.72090721 -30.92789841 -3.40720773
v -27.63578606 -30.97220993 -3.40720773
v -27.55485344 -31.02377129 -3.40720773
v -27.47872162 -31.08218956 -3.40720773
v -27.40797043 -31.14702034 -3.40720773
v -27.34313965 -31.21777153 -3.40720773
v -27.28472137 -31.29390335 -3.40720773
v -27.23316002 -31.37483788 -3.40720773
v -27.18884850 -31.45995712 -3.40720773
v -27.15212440 -31.54861641 -3.40720773
v -27.12326813 -31.64013863 -3.40720773
v -27.10249901 -31.73382568 -3.40720773
v -27.08997345 -31.82896614 -3.40720773
v 1.59455431 43.92570496 -1.37098384
v 2.59455442 44.11788559 -1.37098384
v 2.59455442 44.11788559 -3.40720773
v 3.59455419 44.31006241 -1.37098384
v 4.59455442 44.50223923 -3.40720773
v 3.59455419 44.31006241 -3.40720773
v 5.59455442 44.69441986 -1.37098384
v 4.59455442 44.50223923 -1.37098384
v 6.59455395 44.88659668 -1.37098384
v 6.59455395 44.88659668 -3.40720773
v 7.59455442 45.07877731 -1.37098384
v 7.59455442 45.07877731 -3.40720773
v 0.13186245 43.64461136 -3.40720773
v 0.59455425 43.73352814 -1.37098384
v 1.59455431 43.92570496 -3.40720773
v 5.59455442 44.69441986 -3.40720773
v 0.59455425 43.73352814 -3.40720773
v 0.59455425 31.20016289 -3.40720773
v 0.59455425 33.72516251 -3.40720773
v 0.59455425 26.45016289 -3.40720773
v 0.59455425 0.14126685 -1.37098384
v 0.59455425 0.72516221 -3.40720773
v 0.59455425 0.14126685 -3.40720773
v 1.59455431 0.14126685 -1.37098384
v 1.59455431 0.14126685 -3.40720773
v 1.59455431 26.45016289 -3.40720773
v 1.59455431 0.72516221 -3.40720773
v 1.59455431 31.20016289 -3.40720773
v 1.59455431 33.72516251 -3.40720773
v 3.59455419 0.14126685 -1.37098384
v 3.59455419 26.45016289 -3.40720773
v 3.59455419 0.72516221 -3.40720773
v 3.59455419 31.20016289 -3.40720773
v 3.59455419 33.72516251 -3.40720773
v 3.59455419 0.14126685 -3.40720773
v 2.59455442 0.14126685 -3.40720773
v 2.59455442 0.14126685 -1.37098384
v 2.59455442 31.20016289 -3.40720773
v 2.59455442 33.72516251 -3.40720773
v 2.59455442 26.45016289 -3.40720773
v 2.59455442 0.72516221 -3.40720773
v 5.59455442 0.14126685 -1.37098384
v 5.59455442 26.45016289 -3.40720773
v 5.59455442 0.72516221 -3.40720773
v 5.59455442 31.20016289 -3.40720773
v 5.59455442 33.72516251 -3.40720773
v 5.59455442 0.14126685 -3.40720773
v 4.59455442 0.14126685 -3.40720773
v 4.59455442 0.14126685 -1.37098384
v 4.59455442 31.20016289 -3.40720773
v 4.59455442 33.72516251 -3.40720773
v 4.59455442 26.45016289 -3.40720773
v 4.59455442 0.72516221 -3.40720773
v 7.59455442 0.14126685 -1.37098384
v 7.59455442 26.45016289 -3.40720773
v 7.59455442 0.72516221 -3.40720773
v 7.59455442 31.20016289 -3.40720773
v 7.59455442 33.72516251 -3.40720773
v 7.59455442 0.14126685 -3.40720773
v 6.59455395 0.14126685 -3.40720773
v 6.59455395 0.14126685 -1.37098384
v 6.59455395 31.20016289 -3.40720773
v 6.59455395 33.72516251 -3.40720773
v 6.59455395 26.45016289 -3.40720773
v 6.59455395 0.72516221 -3.40720773
v -106.48578644 33.72516251 -3.40720773
v -66.86078644 33.72516251 -3.40720773
v -66.86078644 31.20016289 -3.40720773
v -29.66078758 33.72516251 -3.40720773
v -29.66078758 31.20016289 -3.40720773
v 27.58921242 33.72516251 -3.40720773
v 67.13921356 33.72516251 -3.40720773
v 67.13921356 31.20016289 -3.40720773
v 104.36421204 33.72516251 -3.40720773
v 104.36421204 31.20016289 -3.40720773
v -106.48578644 31.20016289 -3.40720773
v -66.86078644 26.45016289 -3.40720773
v 104.36421204 26.45016289 -3.40720773
v -106.48578644 26.45016289 -3.40720773
v -66.86078644 0.72516221 -3.40720773
v -29.66078758 26.45016289 -3.40720773
v -29.66078758 0.72516221 -3.40720773
v 67.13921356 26.45016289 -3.40720773
v 104.36421204 0.72516221 -3.40720773
v -29.66078758 -27.29983902 -3.40720773
v 27.58921242 0.72516221 -3.40720773
v 67.13921356 0.72516221 -3.40720773
v 67.13921356 -27.29983902 -3.40720773
v 104.36421204 -27.29983902 -3.40720773
v -106.48578644 -27.29983902 -3.40720773
v -66.86078644 -27.29983902 -3.40720773
v -66.86078644 -29.17483902 -3.40720773
v -29.66078758 -29.17483902 -3.40720773
v -0.01078756 -27.29983902 -3.40720773
v -0.01078756 -29.17483902 -3.40720773
v 27.58921242 -27.29983902 -3.40720773
v 27.58921242 -29.17483902 -3.40720773
v 67.13921356 -29.17483902 -3.40720773
v 104.36421204 -29.17483902 -3.40720773
v -106.48578644 -29.17483902 -3.40720773
v -66.86078644 -33.12483978 -3.40720773
v -29.66078758 -33.12483978 -3.40720773
v -0.01078756 -33.12483978 -3.40720773
v 104.36421204 -33.12483978 -3.40720773
v 27.58921242 -33.12483978 -3.40720773
v 67.13921356 -33.12483978 -3.40720773
v 27.58921242 26.45016289 -3.40720773
v 27.58921242 31.20016289 -3.40720773
v -106.48578644 0.72516221 -3.40720773
v -106.48578644 -33.12483978 -3.40720773
v -7.40544605 33.72516251 -3.40720773
v -7.40544605 31.20016289 -3.40720773
v -7.40544605 26.45016289 -3.40720773
v -7.40544605 0.72516221 -3.40720773
v -6.40544558 33.72516251 -3.40720773
v -6.40544558 44.93642426 -3.40720773
v -5.40544558 44.73881912 -3.40720773
v -5.40544558 33.72516251 -3.40720773
v -5.40544558 31.20016289 -3.40720773
v -6.40544558 31.20016289 -3.40720773
v -5.40544558 26.45016289 -3.40720773
v -6.40544558 26.45016289 -3.40720773
v -5.40544558 0.72516221 -3.40720773
v -4.40544605 33.72516251 -3.40720773
v -4.40544605 44.54121017 -3.40720773
v -3.40544581 44.34360504 -3.40720773
v -3.40544581 33.72516251 -3.40720773
v -3.40544581 31.20016289 -3.40720773
v -4.40544605 31.20016289 -3.40720773
v -3.40544581 26.45016289 -3.40720773
v -4.40544605 26.45016289 -3.40720773
v -3.40544581 0.72516221 -3.40720773
v -2.40544581 33.72516251 -3.40720773
v -2.40544581 44.14599609 -3.40720773
v -1.40544569 43.94839478 -3.40720773
v -1.40544569 33.72516251 -3.40720773
v -1.40544569 31.20016289 -3.40720773
v -2.40544581 31.20016289 -3.40720773
v -1.40544569 26.45016289 -3.40720773
v -2.40544581 26.45016289 -3.40720773
v -1.40544569 0.72516221 -3.40720773
v -0.01078756 0.72516221 -3.40720773
v -0.40544575 0.14126685 -3.40720773
v -2.40544581 0.14126685 -3.40720773
v -1.40544569 0.14126685 -3.40720773
v -2.40544581 0.72516221 -3.40720773
v -4.40544605 0.14126685 -3.40720773
v -3.40544581 0.14126685 -3.40720773
v -4.40544605 0.72516221 -3.40720773
v -6.40544558 0.14126685 -3.40720773
v -5.40544558 0.14126685 -3.40720773
v -6.40544558 0.72516221 -3.40720773
v -7.40544605 0.14126685 -3.40720773
v -0.40544575 26.45016289 -3.40720773
v -0.01078756 26.45016289 -3.40720773
v -0.40544575 31.20016289 -3.40720773
v -0.01078756 31.20016289 -3.40720773
v -0.40544575 33.72516251 -3.40720773
v -0.01078756 33.72516251 -3.40720773
v -0.40544575 43.75078583 -3.40720773
v -0.40544575 0.72516221 -3.40720773
v -7.40544605 45.13402939 -3.40720773
v -6.40544558 0.14126685 -1.37098384
v -7.40544605 0.14126685 -1.37098384
v -6.40544558 44.93642426 -1.37098384
v -7.40544605 45.13402939 -1.37098384
v -4.40544605 0.14126685 -1.37098384
v -5.40544558 0.14126685 -1.37098384
v -4.40544605 44.54121017 -1.37098384
v -5.40544558 44.73881912 -1.37098384
v -2.40544581 0.14126685 -1.37098384
v -3.40544581 0.14126685 -1.37098384
v -2.40544581 44.14599609 -1.37098384
v -3.40544581 44.34360504 -1.37098384
v -1.40544569 43.94839478 -1.37098384
v -0.40544575 43.75078583 -1.37098384
v -1.40544569 0.14126685 -1.37098384
v -0.40544575 0.14126685 -1.37098384
vt 0.98611110 1
vt 1 1
vt 1 0
vt 0.97222221 1
vt 0.98611110 0
vt 0.95833331 1
vt 0.97222221 0
vt 0.94444442 1
vt 0.95833331 0
vt 0.93055558 1
vt 0.94444442 0
vt 0.91666669 1
vt 0.93055558 0
vt 0.90277779 1
vt 0.91666669 0
vt 0.88888890 1
vt 0.90277779 0
vt 0.87500000 1
vt 0.88888890 0
vt 0.86111110 1
vt 0.87500000 0
vt 0.84722221 1
vt 0.86111110 0
vt 0.83333331 1
vt 0.84722221 0
vt 0.81944442 1
vt 0.83333331 0
vt 0.80555558 1
vt 0.81944442 0
vt 0.79166669 1
vt 0.80555558 0
vt 0.77777779 1
vt 0.79166669 0
vt 0.76388890 1
vt 0.77777779 0
vt 0.75000000 1
vt 0.76388890 0
vt 0.73611110 1
vt 0.75000000 0
vt 0.72222221 1
vt 0.73611110 0
vt 0.70833331 1
vt 0.72222221 0
vt 0.69444442 1
vt 0.70833331 0
vt 0.68055558 1
vt 0.69444442 0
vt 0.66666669 1
vt 0.68055558 0
vt 0.65277779 1
vt 0.66666669 0
vt 0.63888890 1
vt 0.65277779 0
vt 0.62500000 1
vt 0.63888890 0
vt 0.61111110 1
vt 0.62500000 0
vt 0.59722221 1
vt 0.61111110 0
vt 0.58333331 1
vt 0.59722221 0
vt 0.56944442 1
vt 0.58333331 0
vt 0.55555558 1
vt 0.56944442 0
vt 0.54166669 1
vt 0.55555558 0
vt 0.52777779 1
vt 0.54166669 0
vt 0.51388890 1
vt 0.52777779 0
vt 0.50000000 1
vt 0.51388890 0
vt 0.48611110 1
vt 0.50000000 0
vt 0.47222221 1
vt 0.48611110 0
vt 0.45833334 1
vt 0.47222221 0
vt 0.44444445 1
vt 0.45833334 0
vt 0.43055555 1
vt 0.44444445 0
vt 0.41666666 1
vt 0.43055555 0
vt 0.40277779 1
vt 0.41666666 0
vt 0.38888890 1
vt 0.40277779 0
vt 0.37500000 1
vt 0.38888890 0
vt 0.36111110 1
vt 0.37500000 0
vt 0.34722221 1
vt 0.36111110 0
vt 0.33333334 1
vt 0.34722221 0
vt 0.31944445 1
vt 0.33333334 0
vt 0.30555555 1
vt 0.31944445 0
vt 0.29166666 1
vt 0.30555555 0
vt 0.27777779 1
vt 0.29166666 0
vt 0.26388890 1
vt 0.27777779 0
vt 0.25000000 1
vt 0.26388890 0
vt 0.23611110 1
vt 0.25000000 0
vt 0.22222222 1
vt 0.23611110 0
vt 0.20833333 1
vt 0.22222222 0
vt 0.19444445 1
vt 0.20833333 0
vt 0.18055555 1
vt 0.19444445 0
vt 0.16666667 1
vt 0.18055555 0
vt 0.15277778 1
vt 0.16666667 0
vt 0.13888890 1
vt 0.15277778 0
vt 0.12500000 1
vt 0.13888890 0
vt 0.11111111 1
vt 0.12500000 0
vt 0.09722222 1
vt 0.11111111 0
vt 0.08333334 1
vt 0.09722222 0
vt 0.06944445 1
vt 0.08333334 0
vt 0.05555556 1
vt 0.06944445 0
vt 0.04166667 1
vt 0.05555556 0
vt 0.02777778 1
vt 0.04166667 0
vt 0.01388889 1
vt 0.02777778 0
vt 0.01388889 0
vt 0.37212497 0.97723609
vt 0.45027083 0.68559182
vt 0.46663547 0.68921977
vt 0.33101770 0.96427500
vt 0.43428466 0.68055141
vt 0.62787503 0.02276392
vt 0.54972917 0.31440818
vt 0.53336453 0.31078023
vt 0.66898227 0.03572499
vt 0.56571531 0.31944862
vt 0.90471941 0.78338754
vt 0.65739089 0.61020631
vt 0.66639704 0.59606940
vt 0.87848043 0.81758279
vt 0.64718682 0.62350440
vt 0.78338754 0.90471941
vt 0.61020631 0.65739089
vt 0.62350440 0.64718682
vt 0.74703556 0.92787814
vt 0.59606940 0.66639704
vt 0.62787503 0.97723609
vt 0.54972917 0.68559182
vt 0.56571531 0.68055141
vt 0.58579457 0.98656511
vt 0.53336453 0.68921977
vt 0.29119653 0.94778055
vt 0.41879866 0.67413688
vt 0.12151954 0.81758279
vt 0.09528061 0.78338754
vt 0.34260914 0.61020631
vt 0.07212184 0.74703556
vt 0.33360294 0.59606940
vt 0.09528061 0.21661243
vt 0.34260914 0.38979372
vt 0.33360294 0.40393060
vt 0.12151954 0.18241718
vt 0.35281315 0.37649557
vt 0.37212497 0.02276392
vt 0.45027083 0.31440818
vt 0.43428466 0.31944862
vt 0.41420543 0.01343490
vt 0.46663547 0.31078023
vt 0.70880347 0.05221947
vt 0.58120137 0.32586312
vt 0.87848043 0.18241718
vt 0.90471941 0.21661243
vt 0.65739089 0.38979372
vt 0.92787814 0.25296444
vt 0.66639704 0.40393060
vt 0.84936106 0.84936106
vt 0.63586265 0.63586265
vt 0.70880347 0.94778055
vt 0.58120137 0.67413688
vt 0.66898227 0.96427500
vt 0.25296444 0.92787814
vt 0.40393060 0.66639704
vt 0.21661243 0.90471941
vt 0.38979372 0.65739089
vt 0.18241718 0.87848043
vt 0.37649557 0.64718682
vt 0.35281315 0.62350440
vt 0.36413735 0.63586265
vt 0.15063894 0.15063894
vt 0.36413735 0.36413735
vt 0.18241718 0.12151954
vt 0.37649557 0.35281315
vt 0.21661243 0.09528061
vt 0.38979372 0.34260914
vt 0.25296444 0.07212184
vt 0.40393060 0.33360294
vt 0.29119653 0.05221947
vt 0.41879866 0.32586312
vt 0.33101770 0.03572499
vt 0.74703556 0.07212184
vt 0.59606940 0.33360294
vt 0.78338754 0.09528061
vt 0.61020631 0.34260914
vt 0.81758279 0.12151954
vt 0.62350440 0.35281315
vt 0.64718682 0.37649557
vt 0.63586265 0.36413735
vt 0.81758279 0.87848043
vt 0.15063894 0.84936106
vt 0.84936106 0.15063894
vt 0.54306114 0.99219108
vt 0.51674598 0.69140762
vt 0.50000000 0.99407113
vt 0.50000000 0.69213879
vt 0.45693886 0.99219108
vt 0.48325402 0.69140762
vt 0.41420543 0.98656511
vt 0.45693886 0.00780894
vt 0.48325402 0.30859238
vt 0.50000000 0.00592885
vt 0.50000000 0.30786121
vt 0.54306114 0.00780894
vt 0.51674598 0.30859238
vt 0.58579457 0.01343490
vt 0.96427500 0.66898227
vt 0.68055141 0.56571531
vt 0.68559182 0.54972917
vt 0.94778055 0.70880347
vt 0.67413688 0.58120137
vt 0.92787814 0.74703556
vt 0.03572499 0.66898227
vt 0.31944862 0.56571531
vt 0.32586312 0.58120137
vt 0.02276392 0.62787503
vt 0.31440818 0.54972917
vt 0.01343490 0.58579457
vt 0.31078023 0.53336453
vt 0.00780894 0.54306114
vt 0.30859238 0.51674598
vt 0.00592885 0.50000000
vt 0.30786121 0.50000000
vt 0.00780894 0.45693886
vt 0.30859238 0.48325402
vt 0.05221947 0.70880347
vt 0.01343490 0.41420543
vt 0.31078023 0.46663547
vt 0.02276392 0.37212497
vt 0.31440818 0.45027083
vt 0.03572499 0.33101770
vt 0.31944862 0.43428466
vt 0.05221947 0.29119653
vt 0.32586312 0.41879866
vt 0.07212184 0.25296444
vt 0.96427500 0.33101770
vt 0.68055141 0.43428466
vt 0.67413688 0.41879866
vt 0.97723609 0.37212497
vt 0.68559182 0.45027083
vt 0.94778055 0.29119653
vt 0.98411494 0.59868634
vt 0.97723609 0.62787503
vt 0.98656511 0.41420543
vt 0.68921977 0.46663547
vt 0.99219108 0.45693886
vt 0.69140762 0.48325402
vt 0.98656511 0.58579457
vt 0.68921977 0.53336453
vt 0.69140762 0.51674598
vt 0.99407113 0.50000000
vt 0.69213879 0.50000000
vt 0.99219108 0.54306114
vt 0 1
vt 0 0
vt 0.01388889 0
vt 0.01388889 1
vt 0.02777778 0
vt 0.02777778 1
vt 0.04166667 0
vt 0.04166667 1
vt 0.05555556 0
vt 0.05555556 1
vt 0.06944445 0
vt 0.06944445 1
vt 0.08333334 0
vt 0.08333334 1
vt 0.09722222 0
vt 0.09722222 1
vt 0.11111111 0
vt 0.11111111 1
vt 0.12500000 0
vt 0.12500000 1
vt 0.13888890 0
vt 0.13888890 1
vt 0.15277778 0
vt 0.15277778 1
vt 0.16666667 0
vt 0.16666667 1
vt 0.18055555 0
vt 0.18055555 1
vt 0.19444445 0
vt 0.19444445 1
vt 0.20833333 0
vt 0.20833333 1
vt 0.22222222 0
vt 0.22222222 1
vt 0.23611110 0
vt 0.23611110 1
vt 0.25000000 0
vt 0.25000000 1
vt 0.26388890 0
vt 0.26388890 1
vt 0.27777779 0
vt 0.27777779 1
vt 0.29166666 0
vt 0.29166666 1
vt 0.30555555 0
vt 0.30555555 1
vt 0.31944445 0
vt 0.31944445 1
vt 0.33333334 0
vt 0.33333334 1
vt 0.34722221 0
vt 0.34722221 1
vt 0.36111110 0
vt 0.36111110 1
vt 0.37500000 0
vt 0.37500000 1
vt 0.38888890 0
vt 0.38888890 1
vt 0.40277779 0
vt 0.40277779 1
vt 0.41666666 0
vt 0.41666666 1
vt 0.43055555 0
vt 0.43055555 1
vt 0.44444445 0
vt 0.44444445 1
vt 0.45833334 0
vt 0.45833334 1
vt 0.46799493 0
vt 0.47222221 1
vt 0.47222221 0
vt 0.48611110 0
vt 0.48611110 1
vt 0.50000000 0
vt 0.50000000 1
vt 0.51388890 0
vt 0.51388890 1
vt 0.52777779 0
vt 0.52777779 1
vt 0.54166669 0
vt 0.54166669 1
vt 0.55555558 0
vt 0.55555558 1
vt 0.56944442 0
vt 0.56944442 1
vt 0.58333331 0
vt 0.58333331 1
vt 0.59722221 0
vt 0.59722221 1
vt 0.61111110 0
vt 0.61111110 1
vt 0.62500000 0
vt 0.62500000 1
vt 0.63888890 0
vt 0.63888890 1
vt 0.65277779 0
vt 0.65277779 1
vt 0.66666669 0
vt 0.66666669 1
vt 0.68055558 0
vt 0.68055558 1
vt 0.69444442 0
vt 0.69444442 1
vt 0.70833331 0
vt 0.70833331 1
vt 0.72222221 0
vt 0.72222221 1
vt 0.73611110 0
vt 0.73611110 1
vt 0.75000000 0
vt 0.75000000 1
vt 0.76388890 0
vt 0.76388890 1
vt 0.77777779 0
vt 0.77777779 1
vt 0.79166669 0
vt 0.79166669 1
vt 0.80555558 0
vt 0.80555558 1
vt 0.81944442 0
vt 0.81944442 1
vt 0.83333331 0
vt 0.83333331 1
vt 0.84722221 0
vt 0.84722221 1
vt 0.86111110 0
vt 0.86111110 1
vt 0.87500000 0
vt 0.87500000 1
vt 0.88888890 0
vt 0.88888890 1
vt 0.90277779 0
vt 0.90277779 1
vt 0.91666669 0
vt 0.91666669 1
vt 0.93055558 0
vt 0.93055558 1
vt 0.94444442 0
vt 0.94444442 1
vt 0.95833331 0
vt 0.95833331 1
vt 0.97222221 0
vt 0.97222221 1
vt 0.98611110 0
vt 0.98611110 1
vt 0.81758279 0.12151954
vt 0.69962347 0.26209798
vt 0.67812932 0.24560496
vt 0.84936106 0.15063894
vt 0.71959835 0.28040162
vt 0.87848043 0.18241718
vt 0.73790199 0.30037650
vt 0.90471941 0.21661243
vt 0.75439507 0.32187068
vt 0.92787814 0.25296444
vt 0.76895201 0.34472048
vt 0.74703556 0.07212184
vt 0.65527952 0.23104802
vt 0.63124788 0.21853796
vt 0.78338754 0.09528061
vt 0.18241718 0.12151954
vt 0.30037650 0.26209798
vt 0.28040162 0.28040162
vt 0.21661243 0.09528061
vt 0.32187068 0.24560496
vt 0.33101770 0.03572499
vt 0.39378256 0.20817000
vt 0.36875209 0.21853796
vt 0.37212497 0.02276392
vt 0.41962141 0.20002304
vt 0.45693886 0.00780894
vt 0.47293299 0.19062276
vt 0.44607198 0.19415908
vt 0.50000000 0.00592885
vt 0.50000000 0.18944100
vt 0.54306114 0.00780894
vt 0.52706701 0.19062276
vt 0.58579457 0.01343490
vt 0.55392802 0.19415908
vt 0.62787503 0.02276392
vt 0.58037859 0.20002304
vt 0.66898227 0.03572499
vt 0.60621744 0.20817000
vt 0.81758279 0.87848043
vt 0.69962347 0.73790199
vt 0.71959835 0.71959835
vt 0.78338754 0.90471941
vt 0.67812932 0.75439507
vt 0.18241718 0.87848043
vt 0.30037650 0.73790199
vt 0.32187068 0.75439507
vt 0.15063894 0.84936106
vt 0.28040162 0.71959835
vt 0.09528061 0.21661243
vt 0.24560496 0.32187068
vt 0.23104802 0.34472048
vt 0.12151954 0.18241718
vt 0.26209798 0.30037650
vt 0.15063894 0.15063894
vt 0.25296444 0.07212184
vt 0.34472048 0.23104802
vt 0.29119653 0.05221947
vt 0.41420543 0.01343490
vt 0.70880347 0.05221947
vt 0.94778055 0.29119653
vt 0.78146207 0.36875209
vt 0.90471941 0.78338754
vt 0.75439507 0.67812932
vt 0.76895201 0.65527952
vt 0.87848043 0.81758279
vt 0.73790199 0.69962347
vt 0.84936106 0.84936106
vt 0.74703556 0.92787814
vt 0.65527952 0.76895201
vt 0.70880347 0.94778055
vt 0.63124788 0.78146207
vt 0.12151954 0.81758279
vt 0.26209798 0.69962347
vt 0.09528061 0.78338754
vt 0.24560496 0.67812932
vt 0.07212184 0.74703556
vt 0.23104802 0.65527952
vt 0.07212184 0.25296444
vt 0.21853796 0.36875209
vt 0.92787814 0.74703556
vt 0.78146207 0.63124788
vt 0.62787503 0.97723609
vt 0.58037859 0.79997694
vt 0.60621744 0.79183000
vt 0.58579457 0.98656511
vt 0.55392802 0.80584091
vt 0.25296444 0.92787814
vt 0.34472048 0.76895201
vt 0.36875209 0.78146207
vt 0.21661243 0.90471941
vt 0.66898227 0.96427500
vt 0.54306114 0.99219108
vt 0.52706701 0.80937725
vt 0.50000000 0.99407113
vt 0.50000000 0.81055903
vt 0.45693886 0.99219108
vt 0.47293299 0.80937725
vt 0.41420543 0.98656511
vt 0.44607198 0.80584091
vt 0.37212497 0.97723609
vt 0.41962141 0.79997694
vt 0.33101770 0.96427500
vt 0.39378256 0.79183000
vt 0.03572499 0.33101770
vt 0.20817000 0.39378256
vt 0.20002304 0.41962141
vt 0.05221947 0.29119653
vt 0.29119653 0.94778055
vt 0.05221947 0.70880347
vt 0.21853796 0.63124788
vt 0.96427500 0.33101770
vt 0.79183000 0.39378256
vt 0.97723609 0.37212497
vt 0.79997694 0.41962141
vt 0.03572499 0.66898227
vt 0.20817000 0.60621744
vt 0.02276392 0.62787503
vt 0.20002304 0.58037859
vt 0.01343490 0.58579457
vt 0.19415908 0.55392802
vt 0.00780894 0.54306114
vt 0.19062276 0.52706701
vt 0.00780894 0.45693886
vt 0.19062276 0.47293299
vt 0.18944100 0.50000000
vt 0.01343490 0.41420543
vt 0.19415908 0.44607198
vt 0.02276392 0.37212497
vt 0.96427500 0.66898227
vt 0.79183000 0.60621744
vt 0.79997694 0.58037859
vt 0.94778055 0.70880347
vt 0.00592885 0.50000000
vt 0.98656511 0.41420543
vt 0.80584091 0.44607198
vt 0.99219108 0.45693886
vt 0.80937725 0.47293299
vt 0.98656511 0.58579457
vt 0.80584091 0.55392802
vt 0.80937725 0.52706701
vt 0.97723609 0.62787503
vt 0.99407113 0.50000000
vt 0.81055903 0.50000000
vt 0.99219108 0.54306114
vt 0.98611110 1
vt 1 1
vt 1 0
vt 0.97222221 1
vt 0.98611110 0
vt 0.95833331 1
vt 0.97222221 0
vt 0.94444442 1
vt 0.95833331 0
vt 0.93055558 1
vt 0.94444442 0
vt 0.91666669 1
vt 0.93055558 0
vt 0.90277779 1
vt 0.91666669 0
vt 0.88888890 1
vt 0.90277779 0
vt 0.87500000 1
vt 0.88888890 0
vt 0.86111110 1
vt 0.87500000 0
vt 0.84722221 1
vt 0.86111110 0
vt 0.83333331 1
vt 0.84722221 0
vt 0.81944442 1
vt 0.83333331 0
vt 0.80555558 1
vt 0.81944442 0
vt 0.79166669 1
vt 0.80555558 0
vt 0.77777779 1
vt 0.79166669 0
vt 0.76388890 1
vt 0.77777779 0
vt 0.75000000 1
vt 0.76388890 0
vt 0.73611110 1
vt 0.75000000 0
vt 0.72222221 1
vt 0.73611110 0
vt 0.70833331 1
vt 0.72222221 0
vt 0.69444442 1
vt 0.70833331 0
vt 0.68055558 1
vt 0.69444442 0
vt 0.66666669 1
vt 0.68055558 0
vt 0.65277779 1
vt 0.66666669 0
vt 0.63888890 1
vt 0.65277779 0
vt 0.62500000 1
vt 0.63888890 0
vt 0.61111110 1
vt 0.62500000 0
vt 0.59722221 1
vt 0.61111110 0
vt 0.58333331 1
vt 0.59722221 0
vt 0.56944442 1
vt 0.58333331 0
vt 0.55555558 1
vt 0.56944442 0
vt 0.54166669 1
vt 0.55555558 0
vt 0.52777779 1
vt 0.54166669 0
vt 0.51388890 1
vt 0.52777779 0
vt 0.50000000 1
vt 0.51388890 0
vt 0.48611110 1
vt 0.50000000 0
vt 0.47222221 1
vt 0.48611110 0
vt 0.45833334 1
vt 0.47222221 0
vt 0.44444445 1
vt 0.45833334 0
vt 0.43055555 1
vt 0.44444445 0
vt 0.41666666 1
vt 0.43055555 0
vt 0.40277779 1
vt 0.41666666 0
vt 0.38888890 1
vt 0.40277779 0
vt 0.37500000 1
vt 0.38888890 0
vt 0.36111110 1
vt 0.37500000 0
vt 0.34722221 1
vt 0.36111110 0
vt 0.33333334 1
vt 0.34722221 0
vt 0.31944445 1
vt 0.33333334 0
vt 0.30555555 1
vt 0.31944445 0
vt 0.29166666 1
vt 0.30555555 0
vt 0.27777779 1
vt 0.29166666 0
vt 0.26388890 1
vt 0.27777779 0
vt 0.25000000 1
vt 0.26388890 0
vt 0.23611110 1
vt 0.25000000 0
vt 0.22222222 1
vt 0.23611110 0
vt 0.20833333 1
vt 0.22222222 0
vt 0.19444445 1
vt 0.20833333 0
vt 0.18055555 1
vt 0.19444445 0
vt 0.16666667 1
vt 0.18055555 0
vt 0.15277778 1
vt 0.16666667 0
vt 0.13888890 1
vt 0.15277778 0
vt 0.12500000 1
vt 0.13888890 0
vt 0.11111111 1
vt 0.12500000 0
vt 0.09722222 1
vt 0.11111111 0
vt 0.08333334 1
vt 0.09722222 0
vt 0.06944445 1
vt 0.08333334 0
vt 0.05555556 1
vt 0.06944445 0
vt 0.04166667 1
vt 0.05555556 0
vt 0.02777778 1
vt 0.04166667 0
vt 0.01388889 1
vt 0.02777778 0
vt 0.01388889 0
vt 0.24343933 0.22903486
vt 0.24343933 0.20253824
vt 0.37288263 0.20253824
vt 0.75661695 0.22903486
vt 0.75661695 0.20253824
vt 0.88615602 0.20253824
vt 0.24343933 0.28269610
vt 0.37288263 0.22903486
vt 0.75661695 0.28269610
vt 0.88615602 0.22903486
vt 0.24343933 0.50891936
vt 0.37288263 0.28269610
vt 0.59213203 0.50891936
vt 0.59213203 0.28269610
vt 0.75661695 0.50891936
vt 0.88615602 0.28269610
vt 0.07866719 0.74026382
vt 0.07866719 0.50891936
vt 0.75661695 0.74026382
vt 0.88615602 0.50891936
vt 0.07866719 0.77254957
vt 0.24343933 0.74026382
vt 0.75661695 0.77254957
vt 0.88615602 0.74026382
vt 0.24343933 0.82042164
vt 0.24343933 0.77254957
vt 0.37288263 0.77254957
vt 0.09949718 0.30877960
vt 0.10088618 0.30744156
vt 0.08631973 0.30744156
vt 0.08770873 0.30877960
vt 0.10221975 0.30582708
vt 0.09659553 0.31058776
vt 0.09806333 0.30983099
vt 0.09061038 0.31058776
vt 0.09210095 0.31104413
vt 0.08914258 0.30983099
vt 0.10348773 0.30394846
vt 0.10468049 0.30181998
vt 0.09360296 0.31119666
vt 0.09510496 0.31104413
vt 0.08141697 0.29945782
vt 0.08252542 0.30181998
vt 0.08371818 0.30394846
vt 0.08498617 0.30582708
vt 0.08040127 0.29687998
vt 0.07867824 0.29115719
vt 0.07948603 0.29410607
vt 0.10578893 0.29945782
vt 0.10680464 0.29687998
vt 0.10979722 0.28482553
vt 0.10852767 0.29115719
vt 0.10922188 0.28805581
vt 0.10771988 0.29410607
vt 0.09659553 0.23164770
vt 0.09510496 0.23119132
vt 0.10468049 0.24041550
vt 0.10348773 0.23828700
vt 0.09806333 0.23240446
vt 0.10221975 0.23640837
vt 0.07866719 0.22903486
vt 0.08770873 0.23345587
vt 0.08631973 0.23479389
vt 0.09061038 0.23164770
vt 0.08914258 0.23240446
vt 0.10088618 0.23479389
vt 0.09949718 0.23345587
vt 0.10578893 0.24277765
vt 0.10680464 0.24535550
vt 0.08371818 0.23828700
vt 0.08252542 0.24041550
vt 0.08498617 0.23640837
vt 0.09360296 0.23103881
vt 0.09210095 0.23119132
vt 0.10852767 0.25107828
vt 0.10771988 0.24812940
vt 0.10979722 0.25740993
vt 0.10922188 0.25417966
vt 0.11057471 0.26415810
vt 0.11024931 0.26074454
vt 0.08141697 0.24277765
vt 0.08040127 0.24535550
vt 0.07948603 0.24812940
vt 0.11083653 0.27111772
vt 0.11077096 0.26762462
vt 0.11057471 0.27807736
vt 0.11077096 0.27461085
vt 0.11024931 0.28149092
vt 0.09970058 0.77359277
vt 0.09819858 0.77344024
vt 0.10119116 0.77404910
vt 0.10927610 0.78281695
vt 0.10808334 0.78068841
vt 0.09230434 0.77585727
vt 0.09091535 0.77719533
vt 0.09520599 0.77404910
vt 0.09373820 0.77480590
vt 0.10265895 0.77480590
vt 0.10548180 0.77719533
vt 0.10409281 0.77585727
vt 0.10681536 0.77880979
vt 0.08601259 0.78517908
vt 0.08499689 0.78775692
vt 0.08831380 0.78068841
vt 0.08712105 0.78281695
vt 0.11038455 0.78517908
vt 0.08958179 0.77880979
vt 0.09669657 0.77359277
vt 0.07866719 0.82042164
vt 0.08122681 0.80655950
vt 0.11312329 0.79347968
vt 0.11231550 0.79053086
vt 0.08155221 0.80314595
vt 0.11140026 0.78775692
vt 0.08103058 0.81002605
vt 0.08257965 0.79658109
vt 0.08200431 0.79981136
vt 0.08408166 0.79053086
vt 0.08327386 0.79347968
vt 0.11517034 0.80655950
vt 0.11484493 0.80314595
vt 0.11439284 0.79981136
vt 0.11381750 0.79658109
vt 0.08096500 0.81351918
vt 0.08103058 0.81701225
vt 0.11543215 0.81351918
vt 0.11536657 0.81002605
vt 0.11517034 0.82047880
vt 0.11536657 0.81701225
vt 0.88615602 0.77254957
vt 0.89596349 0.77407598
vt 0.89457452 0.77541405
vt 0.89886516 0.77226782
vt 0.89739734 0.77302462
vt 0.88967174 0.78339779
vt 0.88865602 0.78597564
vt 0.89197296 0.77890712
vt 0.89078021 0.78103566
vt 0.89324093 0.77702850
vt 0.88774079 0.78874958
vt 0.88693303 0.79169840
vt 0.75661695 0.82042164
vt 0.88462412 0.81173790
vt 0.88468975 0.81523097
vt 0.88468975 0.80824476
vt 0.88488597 0.81869751
vt 0.88488597 0.80477822
vt 0.88566345 0.79803008
vt 0.88521135 0.80136466
vt 0.88623881 0.79479980
vt 0.88872719 0.25340202
vt 0.88827509 0.25673664
vt 0.88999677 0.24707037
vt 0.88930255 0.25017175
vt 0.89273548 0.23876975
vt 0.89171976 0.24134760
vt 0.89902723 0.22944798
vt 0.89763826 0.23078600
vt 0.89080453 0.24412151
vt 0.89503670 0.23427911
vt 0.89384395 0.23640761
vt 0.89630467 0.23240048
vt 0.88794971 0.27406946
vt 0.88827509 0.27748302
vt 0.88775349 0.26361674
vt 0.88872719 0.28081763
vt 0.88768786 0.26710984
vt 0.88775349 0.27060294
vt 0.88794971 0.26015019
vt 0.75661695 0.09109657
vt 0.62297398 0.19940512
vt 0.62227976 0.19630374
vt 0.59213203 0.09109657
vt 0.61181539 0.17762993
vt 0.61034763 0.17687316
vt 0.61463827 0.18001936
vt 0.61843258 0.18564096
vt 0.61723983 0.18351246
vt 0.62147194 0.19335487
vt 0.61324924 0.17868133
vt 0.61597180 0.18163383
vt 0.61954099 0.18800312
vt 0.62055671 0.19058096
vt 0.60007179 0.18001936
vt 0.59873825 0.18163383
vt 0.60585302 0.17641678
vt 0.60436243 0.17687316
vt 0.62354928 0.20263541
vt 0.59516907 0.18800312
vt 0.59415334 0.19058096
vt 0.60146081 0.17868133
vt 0.60289466 0.17762993
vt 0.60885704 0.17641678
vt 0.60735506 0.17626427
vt 0.59323812 0.19335487
vt 0.59747028 0.18351246
vt 0.59627753 0.18564096
vt 0.49945369 0.09109657
vt 0.59173614 0.19940512
vt 0.59116077 0.20263541
vt 0.59243029 0.19630374
vt 0.49945369 0.20253824
vt 0.59018701 0.21285009
vt 0.59012145 0.21634319
vt 0.49945369 0.22903486
vt 0.59018701 0.21983631
vt 0.59038329 0.20938356
vt 0.59038329 0.22330283
vt 0.59070867 0.20597002
vt 0.59070867 0.22671638
vt 0.49945369 0.28269610
vt 0.59173614 0.23328128
vt 0.59243029 0.23638266
vt 0.59116077 0.23005100
vt 0.61034763 0.25581324
vt 0.61181539 0.25505647
vt 0.60885704 0.25626960
vt 0.60289466 0.25505647
vt 0.60436243 0.25581324
vt 0.61597180 0.25105256
vt 0.61723983 0.24917394
vt 0.60735506 0.25642213
vt 0.60585302 0.25626960
vt 0.61843258 0.24704544
vt 0.61324924 0.25400507
vt 0.61463827 0.25266704
vt 0.60146081 0.25400507
vt 0.61954099 0.24468328
vt 0.60007179 0.25266704
vt 0.59747028 0.24917394
vt 0.59873825 0.25105256
vt 0.62055671 0.24210544
vt 0.62147194 0.23933153
vt 0.59516907 0.24468328
vt 0.59627753 0.24704544
vt 0.59323812 0.23933153
vt 0.59415334 0.24210544
vt 0.62297398 0.23328128
vt 0.62354928 0.23005100
vt 0.62227976 0.23638266
vt 0.62458861 0.21634319
vt 0.62432683 0.22330283
vt 0.62452304 0.21983631
vt 0.62452304 0.21285009
vt 0.62432683 0.20938356
vt 0.62400138 0.22671638
vt 0.62400138 0.20597002
vt 0.60409296 0.71039712
vt 0.60275942 0.71201158
vt 0.60029870 0.71601874
vt 0.59919024 0.71838087
vt 0.60149145 0.71389019
vt 0.60691583 0.70800769
vt 0.60548198 0.70905906
vt 0.59575731 0.72978288
vt 0.59518194 0.73301315
vt 0.59817451 0.72095871
vt 0.62802255 0.73634779
vt 0.62757045 0.73301315
vt 0.59213203 0.74026382
vt 0.59472984 0.73634779
vt 0.59645146 0.72668147
vt 0.59725928 0.72373265
vt 0.60838360 0.70725089
vt 0.62699515 0.72978288
vt 0.62834799 0.73976129
vt 0.61865944 0.71039712
vt 0.61727041 0.70905906
vt 0.62356216 0.71838087
vt 0.62245375 0.71601874
vt 0.62630093 0.72668147
vt 0.62549311 0.72373265
vt 0.61137623 0.70664203
vt 0.60987419 0.70679456
vt 0.61583656 0.70800769
vt 0.61436880 0.70725089
vt 0.62126100 0.71389019
vt 0.61999297 0.71201158
vt 0.62457788 0.72095871
vt 0.61287820 0.70679456
vt 0.59213203 0.77254957
vt 0.59420818 0.75021404
vt 0.59440446 0.75368059
vt 0.59645146 0.76676041
vt 0.59725928 0.76970929
vt 0.59472984 0.75709414
vt 0.59518194 0.76042873
vt 0.59414262 0.74672097
vt 0.59575731 0.76365906
vt 0.59440446 0.73976129
vt 0.59420818 0.74322784
vt 0.62126100 0.77955168
vt 0.62245375 0.77742320
vt 0.62356216 0.77506101
vt 0.62457788 0.77248317
vt 0.61999297 0.78143030
vt 0.59213203 0.82042164
vt 0.61436880 0.78619099
vt 0.61583656 0.78543425
vt 0.61137623 0.78679985
vt 0.61287820 0.78664738
vt 0.59919024 0.77506101
vt 0.60029870 0.77742320
vt 0.61865944 0.78304482
vt 0.61727041 0.78438282
vt 0.60838360 0.78619099
vt 0.60987419 0.78664738
vt 0.60548198 0.78438282
vt 0.60691583 0.78543425
vt 0.60275942 0.78143030
vt 0.60409296 0.78304482
vt 0.60149145 0.77955168
vt 0.59817451 0.77248317
vt 0.62854421 0.75021404
vt 0.62860978 0.74672097
vt 0.62834799 0.75368059
vt 0.62802255 0.75709414
vt 0.62699515 0.76365906
vt 0.62757045 0.76042873
vt 0.62549311 0.76970929
vt 0.62630093 0.76676041
vt 0.62854421 0.74322784
vt 0.37248582 0.73523974
vt 0.37288263 0.50891936
vt 0.37306118 0.73200947
vt 0.37248582 0.76265538
vt 0.37306118 0.76588565
vt 0.37144652 0.74894756
vt 0.37170833 0.74198794
vt 0.37151209 0.74545443
vt 0.37203375 0.75932074
vt 0.37151209 0.75244069
vt 0.37170833 0.75590718
vt 0.37203375 0.73857439
vt 0.37375537 0.76898700
vt 0.40566927 0.19513616
vt 0.40475404 0.19236225
vt 0.37288263 0.09109657
vt 0.39601272 0.17941122
vt 0.39454493 0.17865445
vt 0.39744657 0.18046261
vt 0.40262988 0.18742225
vt 0.40143713 0.18529375
vt 0.40373832 0.18978441
vt 0.40717128 0.20118640
vt 0.40016913 0.18341511
vt 0.39883557 0.18180065
vt 0.40647706 0.19808502
vt 0.38426912 0.18180065
vt 0.38293555 0.18341511
vt 0.39005035 0.17819807
vt 0.38855979 0.17865445
vt 0.37662762 0.19808502
vt 0.37936637 0.18978441
vt 0.37835068 0.19236225
vt 0.38166758 0.18529375
vt 0.38047484 0.18742225
vt 0.38565812 0.18046261
vt 0.38709196 0.17941122
vt 0.39305437 0.17819807
vt 0.39155236 0.17804557
vt 0.37743545 0.19513616
vt 0.37438434 0.21463138
vt 0.37431878 0.21812449
vt 0.37458059 0.21116486
vt 0.37535807 0.20441669
vt 0.37490600 0.20775130
vt 0.37438434 0.22161759
vt 0.37458059 0.22508413
vt 0.37593344 0.20118640
vt 0.39454493 0.25759453
vt 0.39305437 0.25805089
vt 0.38709196 0.25683776
vt 0.38855979 0.25759453
vt 0.40143713 0.25095522
vt 0.40262988 0.24882673
vt 0.39155236 0.25820342
vt 0.39005035 0.25805089
vt 0.40016913 0.25283384
vt 0.39744657 0.25578636
vt 0.39883557 0.25444832
vt 0.39601272 0.25683776
vt 0.38565812 0.25578636
vt 0.40373832 0.24646457
vt 0.38426912 0.25444832
vt 0.38166758 0.25095522
vt 0.38293555 0.25283384
vt 0.40774661 0.23183228
vt 0.40819871 0.22849767
vt 0.40475404 0.24388672
vt 0.40566927 0.24111281
vt 0.37936637 0.24646457
vt 0.38047484 0.24882673
vt 0.37743545 0.24111281
vt 0.37835068 0.24388672
vt 0.37593344 0.23506257
vt 0.37662762 0.23816395
vt 0.40717128 0.23506257
vt 0.40647706 0.23816395
vt 0.37535807 0.23183228
vt 0.37490600 0.22849767
vt 0.40878594 0.21812449
vt 0.40872034 0.21463138
vt 0.40819871 0.20775130
vt 0.40774661 0.20441669
vt 0.40852413 0.21116486
vt 0.40852413 0.22508413
vt 0.40872034 0.22161759
vt 0.53257090 0.90573537
vt 0.53257090 0.82042164
vt 0.53257090 0.77254957
vt 0.53257090 0.74026382
vt 0.53257090 0.50891936
vt 0.53257090 0.50000000
vt 0.46714333 0.50000000
vt 0.49945369 0.50000000
vt 0.38421971 0.71023428
vt 0.38278586 0.71128571
vt 0.38006330 0.71423817
vt 0.37879533 0.71611685
vt 0.38139686 0.71262372
vt 0.46715042 0.50891936
vt 0.40279701 0.72595924
vt 0.40188178 0.72318530
vt 0.46733439 0.74026382
vt 0.40429902 0.73200947
vt 0.39314047 0.71023428
vt 0.39596331 0.71262372
vt 0.39457431 0.71128571
vt 0.39856488 0.71611685
vt 0.39729688 0.71423817
vt 0.40360481 0.72890812
vt 0.40487435 0.73523974
vt 0.38568750 0.70947754
vt 0.38868010 0.70886862
vt 0.38717809 0.70902115
vt 0.39167267 0.70947754
vt 0.40086606 0.72060746
vt 0.39975762 0.71824533
vt 0.37649411 0.72060746
vt 0.37547842 0.72318530
vt 0.39018211 0.70902115
vt 0.40532646 0.73857439
vt 0.37456316 0.72595924
vt 0.37375537 0.72890812
vt 0.37760255 0.71824533
vt 0.46736008 0.77254957
vt 0.40584809 0.75244069
vt 0.40591368 0.74894756
vt 0.40532646 0.75932074
vt 0.40565184 0.75590718
vt 0.40360481 0.76898700
vt 0.40429902 0.76588565
vt 0.40584809 0.74545443
vt 0.40565184 0.74198794
vt 0.40487435 0.76265538
vt 0.40279701 0.77193588
vt 0.46739814 0.82042164
vt 0.40188178 0.77470982
vt 0.39975762 0.77964979
vt 0.40086606 0.77728766
vt 0.39729688 0.78365695
vt 0.39856488 0.78177828
vt 0.39596331 0.78527141
vt 0.37288263 0.82042164
vt 0.39167267 0.78841758
vt 0.39314047 0.78766084
vt 0.38868010 0.78902650
vt 0.39018211 0.78887397
vt 0.37649411 0.77728766
vt 0.37760255 0.77964979
vt 0.37456316 0.77193588
vt 0.37547842 0.77470982
vt 0.39457431 0.78660941
vt 0.38568750 0.78841758
vt 0.38717809 0.78887397
vt 0.38278586 0.78660941
vt 0.38421971 0.78766084
vt 0.38006330 0.78365695
vt 0.38139686 0.78527141
vt 0.37879533 0.78177828
vt 0.46746626 0.90610862
vt 0.32377845 0.97214174
vt 0.10500929 0.99407113
vt 0.10409281 0.85118103
vt 0.10548180 0.84984303
vt 0.17798162 0.99045694
vt 0.09819858 0.85359806
vt 0.09970058 0.85344559
vt 0.10808334 0.84634990
vt 0.10927610 0.84422141
vt 0.10265895 0.85223240
vt 0.10119116 0.85298920
vt 0.03131506 0.98636353
vt 0.09230434 0.85118103
vt 0.10681536 0.84822851
vt 0.09373820 0.85223240
vt 0.08958179 0.84822851
vt 0.09091535 0.84984303
vt 0.08601259 0.84185922
vt 0.08712105 0.84422141
vt 0.11231550 0.83650750
vt 0.25114504 0.98692107
vt 0.09520599 0.85298920
vt 0.09669657 0.85344559
vt 0.08831380 0.84634990
vt 0.11140026 0.83928138
vt 0.11484493 0.82389235
vt 0.11038455 0.84185922
vt 0.08327386 0.83355862
vt 0.08408166 0.83650750
vt 0.11439284 0.82722694
vt 0.11312329 0.83355862
vt 0.11381750 0.83045727
vt 0.08499689 0.83928138
vt 0.08122681 0.82047880
vt 0.08155221 0.82389235
vt 0.08200431 0.82722694
vt 0.08257965 0.83045727
vt 0.02508445 0.82042164
vt 0.02328700 0.77254957
vt 0.02207477 0.74026382
vt 0.01338849 0.50891936
vt 0.07740869 0.28482553
vt 0.00592885 0.31024456
vt 0.02615487 0.28269610
vt 0.07798403 0.28805581
vt 0.07695660 0.28149092
vt 0.06555282 0.22903486
vt 0.07740869 0.25740993
vt 0.07867824 0.25107828
vt 0.07695660 0.26074454
vt 0.07798403 0.25417966
vt 0.07636937 0.27111772
vt 0.07643496 0.27461085
vt 0.07663120 0.26415810
vt 0.07643496 0.26762462
vt 0.07663120 0.27807736
vt 0.08500656 0.20253824
vt 0.07866719 0.21117267
vt 0.15314113 0.10973683
vt 0.29943353 0.07967941
vt 0.38308877 0.02852357
vt 0.37138906 0.03475985
vt 0.49287927 0.00614617
vt 0.50575197 0.00592885
vt 0.61554211 0.02830625
vt 0.62725061 0.03354768
vt 0.69920582 0.07846814
vt 0.84530669 0.10860393
vt 0.91553271 0.20253824
vt 0.93534178 0.22903486
vt 0.91081572 0.22944798
vt 0.90492147 0.22703092
vt 0.90341944 0.22718343
vt 0.90791404 0.22763981
vt 0.90642345 0.22718343
vt 0.90938187 0.22839656
vt 0.90046108 0.22839656
vt 0.90192890 0.22763981
vt 0.91599900 0.23640761
vt 0.91480625 0.23427911
vt 0.91353828 0.23240048
vt 0.91710746 0.23876975
vt 0.91812313 0.24134760
vt 0.97545928 0.28269610
vt 0.92189324 0.26015019
vt 0.92156780 0.25673664
vt 0.91220468 0.23078600
vt 0.91984618 0.24707037
vt 0.91903841 0.24412151
vt 0.92111576 0.25340202
vt 0.92054039 0.25017175
vt 0.92111576 0.28081763
vt 0.92156780 0.27748302
vt 0.92215502 0.26710984
vt 0.92208946 0.26361674
vt 0.92189324 0.27406946
vt 0.92208946 0.27060294
vt 0.92054039 0.28404793
vt 0.98652679 0.50891936
vt 0.91081572 0.30477169
vt 0.91220468 0.30343369
vt 0.90791404 0.30657986
vt 0.90938187 0.30582312
vt 0.89763826 0.30343369
vt 0.89902723 0.30477169
vt 0.91353828 0.30181921
vt 0.90192890 0.30657986
vt 0.90341944 0.30703625
vt 0.90046108 0.30582312
vt 0.91480625 0.29994056
vt 0.91599900 0.29781207
vt 0.90492147 0.30718875
vt 0.90642345 0.30703625
vt 0.88999677 0.28714931
vt 0.89273548 0.29544991
vt 0.89384395 0.29781207
vt 0.89080453 0.29009816
vt 0.89503670 0.29994056
vt 0.89630467 0.30181921
vt 0.89171976 0.29287207
vt 0.88930255 0.28404793
vt 0.91903841 0.29009816
vt 0.91984618 0.28714931
vt 0.91710746 0.29544991
vt 0.91812313 0.29287207
vt 0.99407113 0.30759132
vt 0.97785759 0.74026382
vt 0.97664779 0.77254957
vt 0.90485030 0.77226782
vt 0.90035570 0.77181149
vt 0.90185773 0.77165896
vt 0.90335971 0.77181149
vt 0.90775198 0.77407598
vt 0.90631813 0.77302462
vt 0.91174251 0.77890712
vt 0.91047454 0.77702850
vt 0.91404372 0.78339779
vt 0.91293526 0.78103566
vt 0.90914094 0.77541405
vt 0.91678244 0.79169840
vt 0.91597462 0.78874958
vt 0.91882950 0.80477822
vt 0.91850406 0.80136466
vt 0.91505939 0.78597564
vt 0.91805196 0.79803008
vt 0.91747665 0.79479980
vt 0.97485387 0.82042164
vt 0.91909128 0.81173790
vt 0.91902572 0.80824476
vt 0.91882950 0.81869751
vt 0.91902572 0.81523097
vt 0.91850406 0.82211107
vt 0.96871823 0.98415560
vt 0.90775198 0.84939975
vt 0.90914094 0.84806174
vt 0.89502442 0.99186325
vt 0.90631813 0.85045111
vt 0.90185773 0.85181677
vt 0.90335971 0.85166430
vt 0.91174251 0.84456861
vt 0.91293526 0.84244013
vt 0.90485030 0.85120791
vt 0.82186061 0.98832738
vt 0.89457452 0.84806174
vt 0.91047454 0.84644723
vt 0.89596349 0.84939975
vt 0.89739734 0.85045111
vt 0.89324093 0.84644723
vt 0.88967174 0.84007794
vt 0.89078021 0.84244013
vt 0.89886516 0.85120791
vt 0.90035570 0.85166430
vt 0.89197296 0.84456861
vt 0.91747665 0.82867599
vt 0.88693303 0.83177733
vt 0.88774079 0.83472621
vt 0.91678244 0.83177733
vt 0.91404372 0.84007794
vt 0.91505939 0.83750010
vt 0.88865602 0.83750010
vt 0.91805196 0.82544565
vt 0.91597462 0.83472621
vt 0.88623881 0.82867599
vt 0.88566345 0.82544565
vt 0.74888867 0.98471314
vt 0.88521135 0.82211107
vt 0.67617673 0.96991783
vt 0.88615602 0.16324401
vt 0 0
vt 0 1
vt 1 1
vt 1 0
vt 0 0
vt 0 1
vt 1 1
vt 1 0
vt 0 0
vt 0 1
vt 1 1
vt 1 0
vt 0 0
vt 0 1
vt 1 1
vt 1 0
vt 0 1
vt 0.29384589 1
vt 0.29384589 0
vt 0.63601118 1
vt 0.63271797 0
vt 0.68376285 1
vt 0.69528913 0
vt 0.75456703 1
vt 0.72855061 0
vt 1 0
vt 1 1
vt 0 0
vt 0 1
vt 0.46283209 1
vt 0.41744494 0
vt 0.48726276 0
vt 0.50589496 1
vt 0.59497970 1
vt 0.66271925 0
vt 0.86260647 1
vt 0.74600559 0
vt 1 0
vt 1 1
vt 0 0
vt 0 0
vt 0 1
vt 1 1
vt 1 0
vt 0 0
vt 0 1
vt 1 1
vt 1 0
vt 1 0
vt 1 1
vt 0 1
vt 0 0
vt 0 0
vt 0 1
vt 1 1
vt 1 0
vt 1 0
vt 1 1
vt 0 1
vt 0 0
vt 0 0
vt 0 1
vt 1 1
vt 1 0
vt 0 0
vt 0 1
vt 1 1
vt 1 0
vt 0 0
vt 0 1
vt 1 1
vt 1 0
vt 0 0
vt 0 1
vt 1 1
vt 1 0
vt 0 0
vt 0 1
vt 0.12510966 1
vt 0.39478114 1
vt 0.32652405 0
vt 0.24260138 0
vt 0.50332111 0
vt 0.52793843 1
vt 0.72540939 1
vt 0.63788223 0
vt 1 0
vt 1 1
vt 0 0
vt 0 1
vt 0.24200802 1
vt 0.31276560 1
vt 0.30124691 0
vt 0.26800731 0
vt 0.36377686 0
vt 0.36048582 1
vt 0.70242590 1
vt 0.70242590 0
vt 1 0
vt 1 1
vt 0 0
vt 0 1
vt 1 1
vt 1 0
vt 0 0
vt 0 1
vt 1 1
vt 1 0
vt 0 0
vt 0 1
vt 1 1
vt 1 0
vt 0 0
vt 0 1
vt 1 1
vt 1 0
vt 0 1
vt 1 1
vt 0.99998826 0.01904655
vt 0 0
vt 0.99997312 0
vt 0.00000000 1
vt 0.59159410 0.51243806
vt 0.02196182 0.51243806
vt 0.67109042 0.51243806
vt 0.78896427 0.51243806
vt 0.99994862 0.51243806
vt 1 1
vt 1 0
vt 0 0.51243806
vt 1 0.00000000
vt 1 0.99902964
vt 0.50218379 0.96318614
vt 0 0.00000000
vt 0.00493615 1
vt 0 1
vt 1 0.67174226
vt 1 0.78973061
vt 1 0.59216869
vt 0 0
vt 1 0.02198315
vt 1 0
vt 1 1
vt 1 1
vt 1 0
vt 0 0.49383402
vt 0 0
vt 0 1
vt 0 1
vt 0 0
vt 0.01388889 0
vt 0.01388889 1
vt 0.02777778 0
vt 0.02777778 1
vt 0.04166667 0
vt 0.04166667 1
vt 0.05555556 0
vt 0.05555556 1
vt 0.06944445 0
vt 0.06944445 1
vt 0.08333334 0
vt 0.08333334 1
vt 0.09722222 0
vt 0.09722222 1
vt 0.11111111 0
vt 0.11111111 1
vt 0.12500000 0
vt 0.12500000 1
vt 0.13888890 0
vt 0.13888890 1
vt 0.15277778 0
vt 0.15277778 1
vt 0.16666667 0
vt 0.16666667 1
vt 0.18055555 0
vt 0.18055555 1
vt 0.19444445 0
vt 0.19444445 1
vt 0.20833333 0
vt 0.20833333 1
vt 0.22222222 0
vt 0.22222222 1
vt 0.23611110 0
vt 0.23611110 1
vt 0.25000000 0
vt 0.25000000 1
vt 0.26388890 0
vt 0.26388890 1
vt 0.27777779 0
vt 0.27777779 1
vt 0.29166666 0
vt 0.29166666 1
vt 0.30555555 0
vt 0.30555555 1
vt 0.31944445 0
vt 0.31944445 1
vt 0.33333334 0
vt 0.33333334 1
vt 0.34722221 0
vt 0.34722221 1
vt 0.36111110 0
vt 0.36111110 1
vt 0.37500000 0
vt 0.37500000 1
vt 0.38888890 0
vt 0.38888890 1
vt 0.40277779 0
vt 0.40277779 1
vt 0.41666666 0
vt 0.41666666 1
vt 0.43055555 0
vt 0.43055555 1
vt 0.44444445 0
vt 0.44444445 1
vt 0.45833334 0
vt 0.45833334 1
vt 0.47222221 0
vt 0.47222221 1
vt 0.48611110 0
vt 0.48611110 1
vt 0.50000000 0
vt 0.50000000 1
vt 0.51388890 0
vt 0.51388890 1
vt 0.52777779 0
vt 0.52777779 1
vt 0.54166669 0
vt 0.54166669 1
vt 0.55555558 0
vt 0.55555558 1
vt 0.56944442 0
vt 0.56944442 1
vt 0.58333331 0
vt 0.58333331 1
vt 0.59722221 0
vt 0.59722221 1
vt 0.61111110 0
vt 0.61111110 1
vt 0.62500000 0
vt 0.62500000 1
vt 0.63888890 0
vt 0.63888890 1
vt 0.65277779 0
vt 0.65277779 1
vt 0.66666669 0
vt 0.66666669 1
vt 0.68055558 0
vt 0.68055558 1
vt 0.69444442 0
vt 0.69444442 1
vt 0.70833331 0
vt 0.70833331 1
vt 0.72222221 0
vt 0.72222221 1
vt 0.73611110 0
vt 0.73611110 1
vt 0.75000000 0
vt 0.75000000 1
vt 0.76388890 0
vt 0.76388890 1
vt 0.77777779 0
vt 0.77777779 1
vt 0.79166669 0
vt 0.79166669 1
vt 0.80555558 0
vt 0.80555558 1
vt 0.81944442 0
vt 0.81944442 1
vt 0.83333331 0
vt 0.83333331 1
vt 0.84722221 0
vt 0.84722221 1
vt 0.86111110 0
vt 0.86111110 1
vt 0.87500000 0
vt 0.87500000 1
vt 0.88888890 0
vt 0.88888890 1
vt 0.90277779 0
vt 0.90277779 1
vt 0.91666669 0
vt 0.91666669 1
vt 0.93055558 0
vt 0.93055558 1
vt 0.94444442 0
vt 0.94444442 1
vt 0.95833331 0
vt 0.95833331 1
vt 0.97222221 0
vt 0.97222221 1
vt 0.98611110 0
vt 0.98611110 1
vt 0.09528061 0.21661243
vt 0.34260914 0.38979372
vt 0.33360294 0.40393060
vt 0.12151954 0.18241718
vt 0.35281315 0.37649557
vt 0.15063894 0.15063894
vt 0.36413735 0.36413735
vt 0.21661243 0.09528061
vt 0.38979372 0.34260914
vt 0.37649557 0.35281315
vt 0.25296444 0.07212184
vt 0.40393060 0.33360294
vt 0.29119653 0.05221947
vt 0.41879866 0.32586312
vt 0.33101770 0.03572499
vt 0.43428466 0.31944862
vt 0.37212497 0.02276392
vt 0.45027083 0.31440818
vt 0.41420543 0.01343490
vt 0.46663547 0.31078023
vt 0.45693886 0.00780894
vt 0.48325402 0.30859238
vt 0.50000000 0.00592885
vt 0.50000000 0.30786121
vt 0.54306114 0.00780894
vt 0.51674598 0.30859238
vt 0.58579457 0.01343490
vt 0.53336453 0.31078023
vt 0.62787503 0.02276392
vt 0.54972917 0.31440818
vt 0.66898227 0.03572499
vt 0.56571531 0.31944862
vt 0.18241718 0.12151954
vt 0.81758279 0.12151954
vt 0.62350440 0.35281315
vt 0.61020631 0.34260914
vt 0.84936106 0.15063894
vt 0.63586265 0.36413735
vt 0.70880347 0.05221947
vt 0.58120137 0.32586312
vt 0.74703556 0.07212184
vt 0.59606940 0.33360294
vt 0.78338754 0.09528061
vt 0.33101770 0.96427500
vt 0.43428466 0.68055141
vt 0.45027083 0.68559182
vt 0.29119653 0.94778055
vt 0.41879866 0.67413688
vt 0.87848043 0.18241718
vt 0.64718682 0.37649557
vt 0.90471941 0.21661243
vt 0.65739089 0.38979372
vt 0.45693886 0.99219108
vt 0.48325402 0.69140762
vt 0.50000000 0.69213879
vt 0.41420543 0.98656511
vt 0.46663547 0.68921977
vt 0.37212497 0.97723609
vt 0.21661243 0.90471941
vt 0.38979372 0.65739089
vt 0.40393060 0.66639704
vt 0.18241718 0.87848043
vt 0.37649557 0.64718682
vt 0.92787814 0.25296444
vt 0.66639704 0.40393060
vt 0.62787503 0.97723609
vt 0.54972917 0.68559182
vt 0.56571531 0.68055141
vt 0.58579457 0.98656511
vt 0.53336453 0.68921977
vt 0.54306114 0.99219108
vt 0.51674598 0.69140762
vt 0.50000000 0.99407113
vt 0.25296444 0.92787814
vt 0.01343490 0.58579457
vt 0.31078023 0.53336453
vt 0.31440818 0.54972917
vt 0.00780894 0.54306114
vt 0.30859238 0.51674598
vt 0.00592885 0.50000000
vt 0.30786121 0.50000000
vt 0.00780894 0.45693886
vt 0.30859238 0.48325402
vt 0.03572499 0.33101770
vt 0.31944862 0.43428466
vt 0.31440818 0.45027083
vt 0.05221947 0.29119653
vt 0.32586312 0.41879866
vt 0.07212184 0.25296444
vt 0.94778055 0.29119653
vt 0.67413688 0.41879866
vt 0.96427500 0.33101770
vt 0.68055141 0.43428466
vt 0.97723609 0.37212497
vt 0.68559182 0.45027083
vt 0.87848043 0.81758279
vt 0.64718682 0.62350440
vt 0.65739089 0.61020631
vt 0.84936106 0.84936106
vt 0.63586265 0.63586265
vt 0.12151954 0.81758279
vt 0.35281315 0.62350440
vt 0.36413735 0.63586265
vt 0.09528061 0.78338754
vt 0.34260914 0.61020631
vt 0.01343490 0.41420543
vt 0.31078023 0.46663547
vt 0.02276392 0.37212497
vt 0.92787814 0.74703556
vt 0.66639704 0.59606940
vt 0.67413688 0.58120137
vt 0.90471941 0.78338754
vt 0.81758279 0.87848043
vt 0.62350440 0.64718682
vt 0.78338754 0.90471941
vt 0.61020631 0.65739089
vt 0.74703556 0.92787814
vt 0.59606940 0.66639704
vt 0.70880347 0.94778055
vt 0.58120137 0.67413688
vt 0.66898227 0.96427500
vt 0.15063894 0.84936106
vt 0.07212184 0.74703556
vt 0.33360294 0.59606940
vt 0.05221947 0.70880347
vt 0.32586312 0.58120137
vt 0.03572499 0.66898227
vt 0.31944862 0.56571531
vt 0.02276392 0.62787503
vt 0.98656511 0.41420543
vt 0.68921977 0.46663547
vt 0.99219108 0.45693886
vt 0.69140762 0.48325402
vt 0.98656511 0.58579457
vt 0.68921977 0.53336453
vt 0.69140762 0.51674598
vt 0.97723609 0.62787503
vt 0.68559182 0.54972917
vt 0.99407113 0.50000000
vt 0.69213879 0.50000000
vt 0.99219108 0.54306114
vt 0.96427500 0.66898227
vt 0.68055141 0.56571531
vt 0.94778055 0.70880347
vt 0.98611110 1
vt 1 1
vt 1 0
vt 0.97222221 1
vt 0.98611110 0
vt 0.95833331 1
vt 0.97222221 0
vt 0.94444442 1
vt 0.95833331 0
vt 0.93055558 1
vt 0.94444442 0
vt 0.91666669 1
vt 0.93055558 0
vt 0.90277779 1
vt 0.91666669 0
vt 0.88888890 1
vt 0.90277779 0
vt 0.87500000 1
vt 0.88888890 0
vt 0.86111110 1
vt 0.87500000 0
vt 0.84722221 1
vt 0.86111110 0
vt 0.83333331 1
vt 0.84722221 0
vt 0.81944442 1
vt 0.83333331 0
vt 0.80555558 1
vt 0.81944442 0
vt 0.79166669 1
vt 0.80555558 0
vt 0.77777779 1
vt 0.79166669 0
vt 0.76388890 1
vt 0.77777779 0
vt 0.75000000 1
vt 0.76388890 0
vt 0.73611110 1
vt 0.75000000 0
vt 0.72222221 1
vt 0.73611110 0
vt 0.70833331 1
vt 0.72222221 0
vt 0.69444442 1
vt 0.70833331 0
vt 0.68055558 1
vt 0.69444442 0
vt 0.66666669 1
vt 0.68055558 0
vt 0.65277779 1
vt 0.66666669 0
vt 0.63888890 1
vt 0.65277779 0
vt 0.62500000 1
vt 0.63888890 0
vt 0.61111110 1
vt 0.62500000 0
vt 0.59722221 1
vt 0.61111110 0
vt 0.58333331 1
vt 0.59722221 0
vt 0.56944442 1
vt 0.58333331 0
vt 0.55555558 1
vt 0.56944442 0
vt 0.54166669 1
vt 0.55555558 0
vt 0.52777779 1
vt 0.54166669 0
vt 0.51388890 1
vt 0.52777779 0
vt 0.50000000 1
vt 0.51388890 0
vt 0.48611110 1
vt 0.50000000 0
vt 0.47222221 1
vt 0.48611110 0
vt 0.45833334 1
vt 0.47222221 0
vt 0.44444445 1
vt 0.45833334 0
vt 0.43055555 1
vt 0.44444445 0
vt 0.41666666 1
vt 0.43055555 0
vt 0.40277779 1
vt 0.41666666 0
vt 0.38888890 1
vt 0.40277779 0
vt 0.37500000 1
vt 0.38888890 0
vt 0.36111110 1
vt 0.37500000 0
vt 0.34722221 1
vt 0.36111110 0
vt 0.33333334 1
vt 0.34722221 0
vt 0.31944445 1
vt 0.33333334 0
vt 0.30555555 1
vt 0.31944445 0
vt 0.29166666 1
vt 0.30555555 0
vt 0.27777779 1
vt 0.29166666 0
vt 0.26388890 1
vt 0.27777779 0
vt 0.25000000 1
vt 0.26388890 0
vt 0.23611110 1
vt 0.25000000 0
vt 0.22222222 1
vt 0.23611110 0
vt 0.20833333 1
vt 0.22222222 0
vt 0.19444445 1
vt 0.20833333 0
vt 0.18055555 1
vt 0.19444445 0
vt 0.16666667 1
vt 0.18055555 0
vt 0.15277778 1
vt 0.16666667 0
vt 0.13888890 1
vt 0.15277778 0
vt 0.12500000 1
vt 0.13888890 0
vt 0.11111111 1
vt 0.12500000 0
vt 0.09722222 1
vt 0.11111111 0
vt 0.08333334 1
vt 0.09722222 0
vt 0.06944445 1
vt 0.08333334 0
vt 0.05555556 1
vt 0.06944445 0
vt 0.04166667 1
vt 0.05555556 0
vt 0.02777778 1
vt 0.04166667 0
vt 0.01388889 1
vt 0.02777778 0
vt 0.01388889 0
vt 0.25296444 0.07212184
vt 0.34472048 0.23104802
vt 0.32187068 0.24560496
vt 0.29119653 0.05221947
vt 0.36875209 0.21853796
vt 0.33101770 0.03572499
vt 0.39378256 0.20817000
vt 0.37212497 0.02276392
vt 0.41962141 0.20002304
vt 0.74703556 0.92787814
vt 0.65527952 0.76895201
vt 0.67812932 0.75439507
vt 0.70880347 0.94778055
vt 0.63124788 0.78146207
vt 0.62787503 0.97723609
vt 0.58037859 0.79997694
vt 0.60621744 0.79183000
vt 0.58579457 0.98656511
vt 0.55392802 0.80584091
vt 0.62787503 0.02276392
vt 0.58037859 0.20002304
vt 0.55392802 0.19415908
vt 0.66898227 0.03572499
vt 0.60621744 0.20817000
vt 0.70880347 0.05221947
vt 0.74703556 0.07212184
vt 0.65527952 0.23104802
vt 0.78338754 0.09528061
vt 0.67812932 0.24560496
vt 0.81758279 0.12151954
vt 0.69962347 0.26209798
vt 0.84936106 0.15063894
vt 0.71959835 0.28040162
vt 0.90471941 0.21661243
vt 0.75439507 0.32187068
vt 0.73790199 0.30037650
vt 0.92787814 0.25296444
vt 0.76895201 0.34472048
vt 0.81758279 0.87848043
vt 0.69962347 0.73790199
vt 0.71959835 0.71959835
vt 0.78338754 0.90471941
vt 0.66898227 0.96427500
vt 0.54306114 0.99219108
vt 0.52706701 0.80937725
vt 0.37212497 0.97723609
vt 0.41962141 0.79997694
vt 0.44607198 0.80584091
vt 0.33101770 0.96427500
vt 0.39378256 0.79183000
vt 0.29119653 0.94778055
vt 0.25296444 0.92787814
vt 0.34472048 0.76895201
vt 0.21661243 0.90471941
vt 0.32187068 0.75439507
vt 0.41420543 0.01343490
vt 0.44607198 0.19415908
vt 0.58579457 0.01343490
vt 0.52706701 0.19062276
vt 0.63124788 0.21853796
vt 0.87848043 0.18241718
vt 0.94778055 0.29119653
vt 0.78146207 0.36875209
vt 0.96427500 0.66898227
vt 0.79183000 0.60621744
vt 0.79997694 0.58037859
vt 0.94778055 0.70880347
vt 0.78146207 0.63124788
vt 0.90471941 0.78338754
vt 0.75439507 0.67812932
vt 0.76895201 0.65527952
vt 0.87848043 0.81758279
vt 0.73790199 0.69962347
vt 0.84936106 0.84936106
vt 0.50000000 0.99407113
vt 0.50000000 0.81055903
vt 0.45693886 0.99219108
vt 0.47293299 0.80937725
vt 0.41420543 0.98656511
vt 0.36875209 0.78146207
vt 0.18241718 0.87848043
vt 0.30037650 0.73790199
vt 0.15063894 0.84936106
vt 0.28040162 0.71959835
vt 0.09528061 0.78338754
vt 0.24560496 0.67812932
vt 0.26209798 0.69962347
vt 0.07212184 0.74703556
vt 0.23104802 0.65527952
vt 0.18241718 0.12151954
vt 0.30037650 0.26209798
vt 0.28040162 0.28040162
vt 0.21661243 0.09528061
vt 0.45693886 0.00780894
vt 0.47293299 0.19062276
vt 0.50000000 0.00592885
vt 0.50000000 0.18944100
vt 0.54306114 0.00780894
vt 0.92787814 0.74703556
vt 0.12151954 0.81758279
vt 0.05221947 0.70880347
vt 0.21853796 0.63124788
vt 0.03572499 0.33101770
vt 0.20817000 0.39378256
vt 0.20002304 0.41962141
vt 0.05221947 0.29119653
vt 0.21853796 0.36875209
vt 0.09528061 0.21661243
vt 0.24560496 0.32187068
vt 0.23104802 0.34472048
vt 0.12151954 0.18241718
vt 0.26209798 0.30037650
vt 0.15063894 0.15063894
vt 0.03572499 0.66898227
vt 0.20817000 0.60621744
vt 0.02276392 0.62787503
vt 0.20002304 0.58037859
vt 0.01343490 0.58579457
vt 0.19415908 0.55392802
vt 0.00780894 0.54306114
vt 0.19062276 0.52706701
vt 0.01343490 0.41420543
vt 0.19415908 0.44607198
vt 0.19062276 0.47293299
vt 0.02276392 0.37212497
vt 0.07212184 0.25296444
vt 0.96427500 0.33101770
vt 0.79183000 0.39378256
vt 0.97723609 0.37212497
vt 0.79997694 0.41962141
vt 0.98656511 0.58579457
vt 0.80584091 0.55392802
vt 0.80937725 0.52706701
vt 0.97723609 0.62787503
vt 0.00592885 0.50000000
vt 0.18944100 0.50000000
vt 0.00780894 0.45693886
vt 0.99219108 0.54306114
vt 0.81055903 0.50000000
vt 0.98656511 0.41420543
vt 0.80584091 0.44607198
vt 0.99219108 0.45693886
vt 0.80937725 0.47293299
vt 0.99407113 0.50000000
vt 0.98611110 1
vt 1 1
vt 1 0
vt 0.97222221 1
vt 0.98611110 0
vt 0.95833331 1
vt 0.97222221 0
vt 0.94444442 1
vt 0.95833331 0
vt 0.93055558 1
vt 0.94444442 0
vt 0.91666669 1
vt 0.93055558 0
vt 0.90277779 1
vt 0.91666669 0
vt 0.88888890 1
vt 0.90277779 0
vt 0.87500000 1
vt 0.88888890 0
vt 0.86111110 1
vt 0.87500000 0
vt 0.84722221 1
vt 0.86111110 0
vt 0.83333331 1
vt 0.84722221 0
vt 0.81944442 1
vt 0.83333331 0
vt 0.80555558 1
vt 0.81944442 0
vt 0.79166669 1
vt 0.80555558 0
vt 0.77777779 1
vt 0.79166669 0
vt 0.76388890 1
vt 0.77777779 0
vt 0.75000000 1
vt 0.76388890 0
vt 0.73611110 1
vt 0.75000000 0
vt 0.72222221 1
vt 0.73611110 0
vt 0.70833331 1
vt 0.72222221 0
vt 0.69444442 1
vt 0.70833331 0
vt 0.68055558 1
vt 0.69444442 0
vt 0.66666669 1
vt 0.68055558 0
vt 0.65277779 1
vt 0.66666669 0
vt 0.63888890 1
vt 0.65277779 0
vt 0.62500000 1
vt 0.63888890 0
vt 0.61111110 1
vt 0.62500000 0
vt 0.59722221 1
vt 0.61111110 0
vt 0.58333331 1
vt 0.59722221 0
vt 0.56944442 1
vt 0.58333331 0
vt 0.55555558 1
vt 0.56944442 0
vt 0.54166669 1
vt 0.55555558 0
vt 0.52777779 1
vt 0.54166669 0
vt 0.51388890 1
vt 0.52777779 0
vt 0.50000000 1
vt 0.51388890 0
vt 0.48611110 1
vt 0.50000000 0
vt 0.47222221 1
vt 0.48611110 0
vt 0.45833334 1
vt 0.47222221 0
vt 0.44444445 1
vt 0.45833334 0
vt 0.43055555 1
vt 0.44444445 0
vt 0.41666666 1
vt 0.43055555 0
vt 0.40277779 1
vt 0.41666666 0
vt 0.38888890 1
vt 0.40277779 0
vt 0.37500000 1
vt 0.38888890 0
vt 0.36111110 1
vt 0.37500000 0
vt 0.34722221 1
vt 0.36111110 0
vt 0.33333334 1
vt 0.34722221 0
vt 0.31944445 1
vt 0.33333334 0
vt 0.30555555 1
vt 0.31944445 0
vt 0.29166666 1
vt 0.30555555 0
vt 0.27777779 1
vt 0.29166666 0
vt 0.26388890 1
vt 0.27777779 0
vt 0.25000000 1
vt 0.26388890 0
vt 0.23611110 1
vt 0.25000000 0
vt 0.22222222 1
vt 0.23611110 0
vt 0.20833333 1
vt 0.22222222 0
vt 0.19444445 1
vt 0.20833333 0
vt 0.18055555 1
vt 0.19444445 0
vt 0.16666667 1
vt 0.18055555 0
vt 0.15277778 1
vt 0.16666667 0
vt 0.13888890 1
vt 0.15277778 0
vt 0.12500000 1
vt 0.13888890 0
vt 0.11111111 1
vt 0.12500000 0
vt 0.09722222 1
vt 0.11111111 0
vt 0.08333334 1
vt 0.09722222 0
vt 0.06944445 1
vt 0.08333334 0
vt 0.05555556 1
vt 0.06944445 0
vt 0.04166667 1
vt 0.05555556 0
vt 0.02777778 1
vt 0.04166667 0
vt 0.01388889 1
vt 0.02777778 0
vt 0.01388889 0
vt 0 1
vt 0 0
vt 0.01388889 0
vt 0.01388889 1
vt 0.02777778 0
vt 0.02777778 1
vt 0.04166667 0
vt 0.04166667 1
vt 0.05555556 0
vt 0.05555556 1
vt 0.06944445 0
vt 0.06944445 1
vt 0.08333334 0
vt 0.08333334 1
vt 0.09722222 0
vt 0.09722222 1
vt 0.11111111 0
vt 0.11111111 1
vt 0.12500000 0
vt 0.12500000 1
vt 0.13888890 0
vt 0.13888890 1
vt 0.15277778 0
vt 0.15277778 1
vt 0.16666667 0
vt 0.16666667 1
vt 0.18055555 0
vt 0.18055555 1
vt 0.19444445 0
vt 0.19444445 1
vt 0.20833333 0
vt 0.20833333 1
vt 0.22222222 0
vt 0.22222222 1
vt 0.23611110 0
vt 0.23611110 1
vt 0.25000000 0
vt 0.25000000 1
vt 0.26388890 0
vt 0.26388890 1
vt 0.27777779 0
vt 0.27777779 1
vt 0.29166666 0
vt 0.29166666 1
vt 0.30555555 0
vt 0.30555555 1
vt 0.31944445 0
vt 0.31944445 1
vt 0.33333334 0
vt 0.33333334 1
vt 0.34722221 0
vt 0.34722221 1
vt 0.36111110 0
vt 0.36111110 1
vt 0.37500000 0
vt 0.37500000 1
vt 0.38888890 0
vt 0.38888890 1
vt 0.40277779 0
vt 0.40277779 1
vt 0.41666666 0
vt 0.41666666 1
vt 0.43055555 0
vt 0.43055555 1
vt 0.44444445 0
vt 0.44444445 1
vt 0.45833334 0
vt 0.45833334 1
vt 0.47222221 0
vt 0.47222221 1
vt 0.48611110 0
vt 0.48611110 1
vt 0.50000000 0
vt 0.50000000 1
vt 0.51388890 0
vt 0.51388890 1
vt 0.52777779 0
vt 0.52777779 1
vt 0.54166669 0
vt 0.54166669 1
vt 0.55555558 0
vt 0.55555558 1
vt 0.56944442 0
vt 0.56944442 1
vt 0.58333331 0
vt 0.58333331 1
vt 0.59722221 0
vt 0.59722221 1
vt 0.61111110 0
vt 0.61111110 1
vt 0.62500000 0
vt 0.62500000 1
vt 0.63888890 0
vt 0.63888890 1
vt 0.65277779 0
vt 0.65277779 1
vt 0.66666669 0
vt 0.66666669 1
vt 0.68055558 0
vt 0.68055558 1
vt 0.69444442 0
vt 0.69444442 1
vt 0.70833331 0
vt 0.70833331 1
vt 0.72222221 0
vt 0.72222221 1
vt 0.73611110 0
vt 0.73611110 1
vt 0.75000000 0
vt 0.75000000 1
vt 0.76388890 0
vt 0.76388890 1
vt 0.77777779 0
vt 0.77777779 1
vt 0.79166669 0
vt 0.79166669 1
vt 0.80555558 0
vt 0.80555558 1
vt 0.81944442 0
vt 0.81944442 1
vt 0.83333331 0
vt 0.83333331 1
vt 0.84722221 0
vt 0.84722221 1
vt 0.86111110 0
vt 0.86111110 1
vt 0.87500000 0
vt 0.87500000 1
vt 0.88888890 0
vt 0.88888890 1
vt 0.90277779 0
vt 0.90277779 1
vt 0.91666669 0
vt 0.91666669 1
vt 0.93055558 0
vt 0.93055558 1
vt 0.94444442 0
vt 0.94444442 1
vt 0.95833331 0
vt 0.95833331 1
vt 0.97222221 0
vt 0.97222221 1
vt 0.98611110 0
vt 0.98611110 1
vt 0.33101770 0.96427500
vt 0.43428466 0.68055141
vt 0.45027083 0.68559182
vt 0.29119653 0.94778055
vt 0.41879866 0.67413688
vt 0.45693886 0.99219108
vt 0.48325402 0.69140762
vt 0.50000000 0.69213879
vt 0.41420543 0.98656511
vt 0.46663547 0.68921977
vt 0.37212497 0.97723609
vt 0.21661243 0.90471941
vt 0.38979372 0.65739089
vt 0.40393060 0.66639704
vt 0.18241718 0.87848043
vt 0.37649557 0.64718682
vt 0.09528061 0.21661243
vt 0.34260914 0.38979372
vt 0.33360294 0.40393060
vt 0.12151954 0.18241718
vt 0.35281315 0.37649557
vt 0.90471941 0.78338754
vt 0.65739089 0.61020631
vt 0.66639704 0.59606940
vt 0.87848043 0.81758279
vt 0.64718682 0.62350440
vt 0.62787503 0.97723609
vt 0.54972917 0.68559182
vt 0.56571531 0.68055141
vt 0.58579457 0.98656511
vt 0.53336453 0.68921977
vt 0.54306114 0.99219108
vt 0.51674598 0.69140762
vt 0.50000000 0.99407113
vt 0.25296444 0.92787814
vt 0.12151954 0.81758279
vt 0.09528061 0.78338754
vt 0.34260914 0.61020631
vt 0.07212184 0.74703556
vt 0.33360294 0.59606940
vt 0.15063894 0.15063894
vt 0.36413735 0.36413735
vt 0.21661243 0.09528061
vt 0.38979372 0.34260914
vt 0.37649557 0.35281315
vt 0.25296444 0.07212184
vt 0.40393060 0.33360294
vt 0.29119653 0.05221947
vt 0.41879866 0.32586312
vt 0.33101770 0.03572499
vt 0.43428466 0.31944862
vt 0.37212497 0.02276392
vt 0.45027083 0.31440818
vt 0.41420543 0.01343490
vt 0.46663547 0.31078023
vt 0.45693886 0.00780894
vt 0.48325402 0.30859238
vt 0.50000000 0.00592885
vt 0.50000000 0.30786121
vt 0.54306114 0.00780894
vt 0.51674598 0.30859238
vt 0.58579457 0.01343490
vt 0.53336453 0.31078023
vt 0.62787503 0.02276392
vt 0.54972917 0.31440818
vt 0.66898227 0.03572499
vt 0.56571531 0.31944862
vt 0.84936106 0.84936106
vt 0.63586265 0.63586265
vt 0.78338754 0.90471941
vt 0.61020631 0.65739089
vt 0.62350440 0.64718682
vt 0.74703556 0.92787814
vt 0.59606940 0.66639704
vt 0.70880347 0.94778055
vt 0.58120137 0.67413688
vt 0.66898227 0.96427500
vt 0.35281315 0.62350440
vt 0.36413735 0.63586265
vt 0.18241718 0.12151954
vt 0.81758279 0.12151954
vt 0.62350440 0.35281315
vt 0.61020631 0.34260914
vt 0.84936106 0.15063894
vt 0.63586265 0.36413735
vt 0.81758279 0.87848043
vt 0.15063894 0.84936106
vt 0.70880347 0.05221947
vt 0.58120137 0.32586312
vt 0.74703556 0.07212184
vt 0.59606940 0.33360294
vt 0.78338754 0.09528061
vt 0.87848043 0.18241718
vt 0.64718682 0.37649557
vt 0.90471941 0.21661243
vt 0.65739089 0.38979372
vt 0.92787814 0.25296444
vt 0.66639704 0.40393060
vt 0.96427500 0.66898227
vt 0.68055141 0.56571531
vt 0.68559182 0.54972917
vt 0.94778055 0.70880347
vt 0.67413688 0.58120137
vt 0.92787814 0.74703556
vt 0.03572499 0.66898227
vt 0.31944862 0.56571531
vt 0.32586312 0.58120137
vt 0.02276392 0.62787503
vt 0.31440818 0.54972917
vt 0.01343490 0.58579457
vt 0.31078023 0.53336453
vt 0.00780894 0.54306114
vt 0.30859238 0.51674598
vt 0.00592885 0.50000000
vt 0.30786121 0.50000000
vt 0.00780894 0.45693886
vt 0.30859238 0.48325402
vt 0.03572499 0.33101770
vt 0.31944862 0.43428466
vt 0.31440818 0.45027083
vt 0.05221947 0.29119653
vt 0.32586312 0.41879866
vt 0.07212184 0.25296444
vt 0.94778055 0.29119653
vt 0.67413688 0.41879866
vt 0.96427500 0.33101770
vt 0.68055141 0.43428466
vt 0.97723609 0.37212497
vt 0.68559182 0.45027083
vt 0.98656511 0.58579457
vt 0.68921977 0.53336453
vt 0.69140762 0.51674598
vt 0.97723609 0.62787503
vt 0.05221947 0.70880347
vt 0.01343490 0.41420543
vt 0.31078023 0.46663547
vt 0.02276392 0.37212497
vt 0.99407113 0.50000000
vt 0.99219108 0.54306114
vt 0.98656511 0.41420543
vt 0.68921977 0.46663547
vt 0.99219108 0.45693886
vt 0.69140762 0.48325402
vt 0.69213879 0.50000000
vt 0.98611110 1
vt 1 1
vt 1 0
vt 0.97222221 1
vt 0.98611110 0
vt 0.95833331 1
vt 0.97222221 0
vt 0.94444442 1
vt 0.95833331 0
vt 0.93055558 1
vt 0.94444442 0
vt 0.91666669 1
vt 0.93055558 0
vt 0.90277779 1
vt 0.91666669 0
vt 0.88888890 1
vt 0.90277779 0
vt 0.87500000 1
vt 0.88888890 0
vt 0.86111110 1
vt 0.87500000 0
vt 0.84722221 1
vt 0.86111110 0
vt 0.83333331 1
vt 0.84722221 0
vt 0.81944442 1
vt 0.83333331 0
vt 0.80555558 1
vt 0.81944442 0
vt 0.79166669 1
vt 0.80555558 0
vt 0.77777779 1
vt 0.79166669 0
vt 0.76388890 1
vt 0.77777779 0
vt 0.75000000 1
vt 0.76388890 0
vt 0.73611110 1
vt 0.75000000 0
vt 0.72222221 1
vt 0.73611110 0
vt 0.70833331 1
vt 0.72222221 0
vt 0.69444442 1
vt 0.70833331 0
vt 0.68055558 1
vt 0.69444442 0
vt 0.66666669 1
vt 0.68055558 0
vt 0.65277779 1
vt 0.66666669 0
vt 0.63888890 1
vt 0.65277779 0
vt 0.62500000 1
vt 0.63888890 0
vt 0.61111110 1
vt 0.62500000 0
vt 0.59722221 1
vt 0.61111110 0
vt 0.58333331 1
vt 0.59722221 0
vt 0.56944442 1
vt 0.58333331 0
vt 0.55555558 1
vt 0.56944442 0
vt 0.54166669 1
vt 0.55555558 0
vt 0.52777779 1
vt 0.54166669 0
vt 0.51388890 1
vt 0.52777779 0
vt 0.50000000 1
vt 0.51388890 0
vt 0.48611110 1
vt 0.50000000 0
vt 0.47222221 1
vt 0.48611110 0
vt 0.45833334 1
vt 0.47222221 0
vt 0.44444445 1
vt 0.45833334 0
vt 0.43055555 1
vt 0.44444445 0
vt 0.41666666 1
vt 0.43055555 0
vt 0.40277779 1
vt 0.41666666 0
vt 0.38888890 1
vt 0.40277779 0
vt 0.37500000 1
vt 0.38888890 0
vt 0.36111110 1
vt 0.37500000 0
vt 0.34722221 1
vt 0.36111110 0
vt 0.33333334 1
vt 0.34722221 0
vt 0.31944445 1
vt 0.33333334 0
vt 0.30555555 1
vt 0.31944445 0
vt 0.29166666 1
vt 0.30555555 0
vt 0.27777779 1
vt 0.29166666 0
vt 0.26388890 1
vt 0.27777779 0
vt 0.25000000 1
vt 0.26388890 0
vt 0.23611110 1
vt 0.25000000 0
vt 0.22222222 1
vt 0.23611110 0
vt 0.20833333 1
vt 0.22222222 0
vt 0.19444445 1
vt 0.20833333 0
vt 0.18055555 1
vt 0.19444445 0
vt 0.16666667 1
vt 0.18055555 0
vt 0.15277778 1
vt 0.16666667 0
vt 0.13888890 1
vt 0.15277778 0
vt 0.12500000 1
vt 0.13888890 0
vt 0.11111111 1
vt 0.12500000 0
vt 0.09722222 1
vt 0.11111111 0
vt 0.08333334 1
vt 0.09722222 0
vt 0.06944445 1
vt 0.08333334 0
vt 0.05555556 1
vt 0.06944445 0
vt 0.04166667 1
vt 0.05555556 0
vt 0.02777778 1
vt 0.04166667 0
vt 0.01388889 1
vt 0.02777778 0
vt 0.01388889 0
vt 0.25296444 0.07212184
vt 0.34472048 0.23104802
vt 0.32187068 0.24560496
vt 0.29119653 0.05221947
vt 0.36875209 0.21853796
vt 0.33101770 0.03572499
vt 0.39378256 0.20817000
vt 0.37212497 0.02276392
vt 0.41962141 0.20002304
vt 0.62787503 0.02276392
vt 0.58037859 0.20002304
vt 0.55392802 0.19415908
vt 0.66898227 0.03572499
vt 0.60621744 0.20817000
vt 0.70880347 0.05221947
vt 0.74703556 0.07212184
vt 0.65527952 0.23104802
vt 0.78338754 0.09528061
vt 0.67812932 0.24560496
vt 0.81758279 0.12151954
vt 0.69962347 0.26209798
vt 0.84936106 0.15063894
vt 0.71959835 0.28040162
vt 0.90471941 0.21661243
vt 0.75439507 0.32187068
vt 0.73790199 0.30037650
vt 0.92787814 0.25296444
vt 0.76895201 0.34472048
vt 0.74703556 0.92787814
vt 0.65527952 0.76895201
vt 0.67812932 0.75439507
vt 0.70880347 0.94778055
vt 0.63124788 0.78146207
vt 0.62787503 0.97723609
vt 0.58037859 0.79997694
vt 0.60621744 0.79183000
vt 0.58579457 0.98656511
vt 0.55392802 0.80584091
vt 0.41420543 0.01343490
vt 0.44607198 0.19415908
vt 0.58579457 0.01343490
vt 0.52706701 0.19062276
vt 0.63124788 0.21853796
vt 0.87848043 0.18241718
vt 0.94778055 0.29119653
vt 0.78146207 0.36875209
vt 0.81758279 0.87848043
vt 0.69962347 0.73790199
vt 0.71959835 0.71959835
vt 0.78338754 0.90471941
vt 0.66898227 0.96427500
vt 0.54306114 0.99219108
vt 0.52706701 0.80937725
vt 0.37212497 0.97723609
vt 0.41962141 0.79997694
vt 0.44607198 0.80584091
vt 0.33101770 0.96427500
vt 0.39378256 0.79183000
vt 0.29119653 0.94778055
vt 0.25296444 0.92787814
vt 0.34472048 0.76895201
vt 0.21661243 0.90471941
vt 0.32187068 0.75439507
vt 0.03572499 0.33101770
vt 0.20817000 0.39378256
vt 0.20002304 0.41962141
vt 0.05221947 0.29119653
vt 0.21853796 0.36875209
vt 0.18241718 0.12151954
vt 0.30037650 0.26209798
vt 0.28040162 0.28040162
vt 0.21661243 0.09528061
vt 0.45693886 0.00780894
vt 0.47293299 0.19062276
vt 0.50000000 0.00592885
vt 0.50000000 0.18944100
vt 0.54306114 0.00780894
vt 0.96427500 0.66898227
vt 0.79183000 0.60621744
vt 0.79997694 0.58037859
vt 0.94778055 0.70880347
vt 0.78146207 0.63124788
vt 0.90471941 0.78338754
vt 0.75439507 0.67812932
vt 0.76895201 0.65527952
vt 0.87848043 0.81758279
vt 0.73790199 0.69962347
vt 0.84936106 0.84936106
vt 0.50000000 0.99407113
vt 0.50000000 0.81055903
vt 0.45693886 0.99219108
vt 0.47293299 0.80937725
vt 0.41420543 0.98656511
vt 0.36875209 0.78146207
vt 0.18241718 0.87848043
vt 0.30037650 0.73790199
vt 0.15063894 0.84936106
vt 0.28040162 0.71959835
vt 0.09528061 0.78338754
vt 0.24560496 0.67812932
vt 0.26209798 0.69962347
vt 0.07212184 0.74703556
vt 0.23104802 0.65527952
vt 0.07212184 0.25296444
vt 0.23104802 0.34472048
vt 0.09528061 0.21661243
vt 0.24560496 0.32187068
vt 0.12151954 0.18241718
vt 0.26209798 0.30037650
vt 0.15063894 0.15063894
vt 0.96427500 0.33101770
vt 0.79183000 0.39378256
vt 0.97723609 0.37212497
vt 0.79997694 0.41962141
vt 0.92787814 0.74703556
vt 0.12151954 0.81758279
vt 0.05221947 0.70880347
vt 0.21853796 0.63124788
vt 0.03572499 0.66898227
vt 0.20817000 0.60621744
vt 0.02276392 0.62787503
vt 0.20002304 0.58037859
vt 0.02276392 0.37212497
vt 0.19415908 0.44607198
vt 0.98656511 0.41420543
vt 0.80584091 0.44607198
vt 0.01343490 0.58579457
vt 0.19415908 0.55392802
vt 0.99219108 0.45693886
vt 0.80937725 0.47293299
vt 0.99407113 0.50000000
vt 0.81055903 0.50000000
vt 0.00780894 0.54306114
vt 0.19062276 0.52706701
vt 0.00592885 0.50000000
vt 0.18944100 0.50000000
vt 0.00780894 0.45693886
vt 0.19062276 0.47293299
vt 0.01343490 0.41420543
vt 0.98656511 0.58579457
vt 0.80584091 0.55392802
vt 0.80937725 0.52706701
vt 0.97723609 0.62787503
vt 0.99219108 0.54306114
vt 0.98611110 1
vt 1 1
vt 1 0
vt 0.97222221 1
vt 0.98611110 0
vt 0.95833331 1
vt 0.97222221 0
vt 0.94444442 1
vt 0.95833331 0
vt 0.93055558 1
vt 0.94444442 0
vt 0.91666669 1
vt 0.93055558 0
vt 0.90277779 1
vt 0.91666669 0
vt 0.88888890 1
vt 0.90277779 0
vt 0.87500000 1
vt 0.88888890 0
vt 0.86111110 1
vt 0.87500000 0
vt 0.84722221 1
vt 0.86111110 0
vt 0.83333331 1
vt 0.84722221 0
vt 0.81944442 1
vt 0.83333331 0
vt 0.80555558 1
vt 0.81944442 0
vt 0.79166669 1
vt 0.80555558 0
vt 0.77777779 1
vt 0.79166669 0
vt 0.76388890 1
vt 0.77777779 0
vt 0.75000000 1
vt 0.76388890 0
vt 0.73611110 1
vt 0.75000000 0
vt 0.72222221 1
vt 0.73611110 0
vt 0.70833331 1
vt 0.72222221 0
vt 0.69444442 1
vt 0.70833331 0
vt 0.68055558 1
vt 0.69444442 0
vt 0.66666669 1
vt 0.68055558 0
vt 0.65277779 1
vt 0.66666669 0
vt 0.63888890 1
vt 0.65277779 0
vt 0.62500000 1
vt 0.63888890 0
vt 0.61111110 1
vt 0.62500000 0
vt 0.59722221 1
vt 0.61111110 0
vt 0.58333331 1
vt 0.59722221 0
vt 0.56944442 1
vt 0.58333331 0
vt 0.55555558 1
vt 0.56944442 0
vt 0.54166669 1
vt 0.55555558 0
vt 0.52777779 1
vt 0.54166669 0
vt 0.51388890 1
vt 0.52777779 0
vt 0.50000000 1
vt 0.51388890 0
vt 0.48611110 1
vt 0.50000000 0
vt 0.47222221 1
vt 0.48611110 0
vt 0.45833334 1
vt 0.47222221 0
vt 0.44444445 1
vt 0.45833334 0
vt 0.43055555 1
vt 0.44444445 0
vt 0.41666666 1
vt 0.43055555 0
vt 0.40277779 1
vt 0.41666666 0
vt 0.38888890 1
vt 0.40277779 0
vt 0.37500000 1
vt 0.38888890 0
vt 0.36111110 1
vt 0.37500000 0
vt 0.34722221 1
vt 0.36111110 0
vt 0.33333334 1
vt 0.34722221 0
vt 0.31944445 1
vt 0.33333334 0
vt 0.30555555 1
vt 0.31944445 0
vt 0.29166666 1
vt 0.30555555 0
vt 0.27777779 1
vt 0.29166666 0
vt 0.26388890 1
vt 0.27777779 0
vt 0.25000000 1
vt 0.26388890 0
vt 0.23611110 1
vt 0.25000000 0
vt 0.22222222 1
vt 0.23611110 0
vt 0.20833333 1
vt 0.22222222 0
vt 0.19444445 1
vt 0.20833333 0
vt 0.18055555 1
vt 0.19444445 0
vt 0.16666667 1
vt 0.18055555 0
vt 0.15277778 1
vt 0.16666667 0
vt 0.13888890 1
vt 0.15277778 0
vt 0.12500000 1
vt 0.13888890 0
vt 0.11111111 1
vt 0.12500000 0
vt 0.09722222 1
vt 0.11111111 0
vt 0.08333334 1
vt 0.09722222 0
vt 0.06944445 1
vt 0.08333334 0
vt 0.05555556 1
vt 0.06944445 0
vt 0.04166667 1
vt 0.05555556 0
vt 0.02777778 1
vt 0.04166667 0
vt 0.01388889 1
vt 0.02777778 0
vt 0.01388889 0
vt 0 1
vt 0 0
vt 0.01388889 0
vt 0.01388889 1
vt 0.02777778 0
vt 0.02777778 1
vt 0.04166667 0
vt 0.04166667 1
vt 0.05555556 0
vt 0.05555556 1
vt 0.06944445 0
vt 0.06944445 1
vt 0.08333334 0
vt 0.08333334 1
vt 0.09722222 0
vt 0.09722222 1
vt 0.11111111 0
vt 0.11111111 1
vt 0.12500000 0
vt 0.12500000 1
vt 0.13888890 0
vt 0.13888890 1
vt 0.15277778 0
vt 0.15277778 1
vt 0.16666667 0
vt 0.16666667 1
vt 0.18055555 0
vt 0.18055555 1
vt 0.19444445 0
vt 0.19444445 1
vt 0.20833333 0
vt 0.20833333 1
vt 0.22222222 0
vt 0.22222222 1
vt 0.23611110 0
vt 0.23611110 1
vt 0.25000000 0
vt 0.25000000 1
vt 0.26388890 0
vt 0.26388890 1
vt 0.27777779 0
vt 0.27777779 1
vt 0.29166666 0
vt 0.29166666 1
vt 0.30555555 0
vt 0.30555555 1
vt 0.31944445 0
vt 0.31944445 1
vt 0.33333334 0
vt 0.33333334 1
vt 0.34722221 0
vt 0.34722221 1
vt 0.36111110 0
vt 0.36111110 1
vt 0.37500000 0
vt 0.37500000 1
vt 0.38888890 0
vt 0.38888890 1
vt 0.40277779 0
vt 0.40277779 1
vt 0.41666666 0
vt 0.41666666 1
vt 0.43055555 0
vt 0.43055555 1
vt 0.44444445 0
vt 0.44444445 1
vt 0.45833334 0
vt 0.45833334 1
vt 0.47222221 0
vt 0.48611110 1
vt 0.47222221 1
vt 0.47711593 0
vt 0.48611110 0
vt 0.50000000 0
vt 0.50000000 1
vt 0.51388890 0
vt 0.51388890 1
vt 0.52777779 0
vt 0.52777779 1
vt 0.54166669 0
vt 0.54166669 1
vt 0.55555558 0
vt 0.55555558 1
vt 0.56944442 0
vt 0.56944442 1
vt 0.58333331 0
vt 0.58333331 1
vt 0.59722221 0
vt 0.59722221 1
vt 0.61111110 0
vt 0.61111110 1
vt 0.62500000 0
vt 0.62500000 1
vt 0.63888890 0
vt 0.63888890 1
vt 0.65277779 0
vt 0.65277779 1
vt 0.66666669 0
vt 0.66666669 1
vt 0.68055558 0
vt 0.68055558 1
vt 0.69444442 0
vt 0.69444442 1
vt 0.70833331 0
vt 0.70833331 1
vt 0.72222221 0
vt 0.72222221 1
vt 0.73611110 0
vt 0.73611110 1
vt 0.75000000 0
vt 0.75000000 1
vt 0.76388890 0
vt 0.76388890 1
vt 0.77777779 0
vt 0.77777779 1
vt 0.79166669 0
vt 0.79166669 1
vt 0.80555558 0
vt 0.80555558 1
vt 0.81944442 0
vt 0.81944442 1
vt 0.83333331 0
vt 0.83333331 1
vt 0.84722221 0
vt 0.84722221 1
vt 0.86111110 0
vt 0.86111110 1
vt 0.87500000 0
vt 0.87500000 1
vt 0.88888890 0
vt 0.88888890 1
vt 0.90277779 0
vt 0.90277779 1
vt 0.91666669 0
vt 0.91666669 1
vt 0.93055558 0
vt 0.93055558 1
vt 0.94444442 0
vt 0.94444442 1
vt 0.95833331 0
vt 0.95833331 1
vt 0.97222221 0
vt 0.97222221 1
vt 0.98611110 0
vt 0.98611110 1
vt 0.37212497 0.97723609
vt 0.45027083 0.68559182
vt 0.46663547 0.68921977
vt 0.33101770 0.96427500
vt 0.43428466 0.68055141
vt 0.90471941 0.78338754
vt 0.65739089 0.61020631
vt 0.66639704 0.59606940
vt 0.87848043 0.81758279
vt 0.64718682 0.62350440
vt 0.78338754 0.90471941
vt 0.61020631 0.65739089
vt 0.62350440 0.64718682
vt 0.74703556 0.92787814
vt 0.59606940 0.66639704
vt 0.62787503 0.97723609
vt 0.54972917 0.68559182
vt 0.56571531 0.68055141
vt 0.58579457 0.98656511
vt 0.53336453 0.68921977
vt 0.29119653 0.94778055
vt 0.41879866 0.67413688
vt 0.12151954 0.81758279
vt 0.09528061 0.78338754
vt 0.34260914 0.61020631
vt 0.07212184 0.74703556
vt 0.33360294 0.59606940
vt 0.62787503 0.02276392
vt 0.54972917 0.31440818
vt 0.53336453 0.31078023
vt 0.66898227 0.03572499
vt 0.56571531 0.31944862
vt 0.98897272 0.57079536
vt 0.68921977 0.53336453
vt 0.69140762 0.51674598
vt 0.97723609 0.62787503
vt 0.68559182 0.54972917
vt 0.68791676 0.54005748
vt 0.84936106 0.84936106
vt 0.63586265 0.63586265
vt 0.70880347 0.94778055
vt 0.58120137 0.67413688
vt 0.66898227 0.96427500
vt 0.25296444 0.92787814
vt 0.40393060 0.66639704
vt 0.21661243 0.90471941
vt 0.38979372 0.65739089
vt 0.18241718 0.87848043
vt 0.37649557 0.64718682
vt 0.35281315 0.62350440
vt 0.36413735 0.63586265
vt 0.09528061 0.21661243
vt 0.34260914 0.38979372
vt 0.33360294 0.40393060
vt 0.12151954 0.18241718
vt 0.35281315 0.37649557
vt 0.37212497 0.02276392
vt 0.45027083 0.31440818
vt 0.43428466 0.31944862
vt 0.41420543 0.01343490
vt 0.46663547 0.31078023
vt 0.70880347 0.05221947
vt 0.58120137 0.32586312
vt 0.87848043 0.18241718
vt 0.90471941 0.21661243
vt 0.65739089 0.38979372
vt 0.92787814 0.25296444
vt 0.66639704 0.40393060
vt 0.99219108 0.54306114
vt 0.98656511 0.58579457
vt 0.81758279 0.87848043
vt 0.15063894 0.84936106
vt 0.15063894 0.15063894
vt 0.36413735 0.36413735
vt 0.18241718 0.12151954
vt 0.37649557 0.35281315
vt 0.21661243 0.09528061
vt 0.38979372 0.34260914
vt 0.25296444 0.07212184
vt 0.40393060 0.33360294
vt 0.29119653 0.05221947
vt 0.41879866 0.32586312
vt 0.33101770 0.03572499
vt 0.74703556 0.07212184
vt 0.59606940 0.33360294
vt 0.78338754 0.09528061
vt 0.61020631 0.34260914
vt 0.81758279 0.12151954
vt 0.62350440 0.35281315
vt 0.64718682 0.37649557
vt 0.63586265 0.36413735
vt 0.96427500 0.66898227
vt 0.68055141 0.56571531
vt 0.54306114 0.99219108
vt 0.51674598 0.69140762
vt 0.50000000 0.99407113
vt 0.50000000 0.69213879
vt 0.45693886 0.99219108
vt 0.48325402 0.69140762
vt 0.41420543 0.98656511
vt 0.84936106 0.15063894
vt 0.94778055 0.70880347
vt 0.67413688 0.58120137
vt 0.45693886 0.00780894
vt 0.48325402 0.30859238
vt 0.50000000 0.00592885
vt 0.50000000 0.30786121
vt 0.54306114 0.00780894
vt 0.51674598 0.30859238
vt 0.58579457 0.01343490
vt 0.92787814 0.74703556
vt 0.03572499 0.66898227
vt 0.31944862 0.56571531
vt 0.32586312 0.58120137
vt 0.02276392 0.62787503
vt 0.31440818 0.54972917
vt 0.05221947 0.70880347
vt 0.01343490 0.58579457
vt 0.31078023 0.53336453
vt 0.00780894 0.54306114
vt 0.30859238 0.51674598
vt 0.00592885 0.50000000
vt 0.30786121 0.50000000
vt 0.00780894 0.45693886
vt 0.30859238 0.48325402
vt 0.01343490 0.41420543
vt 0.31078023 0.46663547
vt 0.02276392 0.37212497
vt 0.31440818 0.45027083
vt 0.03572499 0.33101770
vt 0.31944862 0.43428466
vt 0.05221947 0.29119653
vt 0.32586312 0.41879866
vt 0.07212184 0.25296444
vt 0.96427500 0.33101770
vt 0.68055141 0.43428466
vt 0.67413688 0.41879866
vt 0.97723609 0.37212497
vt 0.68559182 0.45027083
vt 0.99407113 0.50000000
vt 0.94778055 0.29119653
vt 0.98656511 0.41420543
vt 0.68921977 0.46663547
vt 0.99219108 0.45693886
vt 0.69140762 0.48325402
vt 0.69213879 0.50000000
vt 0.98611110 1
vt 1 1
vt 1 0
vt 0.97222221 1
vt 0.98611110 0
vt 0.95833331 1
vt 0.97222221 0
vt 0.94444442 1
vt 0.95833331 0
vt 0.93055558 1
vt 0.94444442 0
vt 0.91666669 1
vt 0.93055558 0
vt 0.90277779 1
vt 0.91666669 0
vt 0.88888890 1
vt 0.90277779 0
vt 0.87500000 1
vt 0.88888890 0
vt 0.86111110 1
vt 0.87500000 0
vt 0.84722221 1
vt 0.86111110 0
vt 0.83333331 1
vt 0.84722221 0
vt 0.81944442 1
vt 0.83333331 0
vt 0.80555558 1
vt 0.81944442 0
vt 0.79166669 1
vt 0.80555558 0
vt 0.77777779 1
vt 0.79166669 0
vt 0.76388890 1
vt 0.77777779 0
vt 0.75000000 1
vt 0.76388890 0
vt 0.73611110 1
vt 0.75000000 0
vt 0.72222221 1
vt 0.73611110 0
vt 0.70833331 1
vt 0.72222221 0
vt 0.69444442 1
vt 0.70833331 0
vt 0.68055558 1
vt 0.69444442 0
vt 0.66666669 1
vt 0.68055558 0
vt 0.65277779 1
vt 0.66666669 0
vt 0.63888890 1
vt 0.65277779 0
vt 0.62500000 1
vt 0.63888890 0
vt 0.61111110 1
vt 0.62500000 0
vt 0.59722221 1
vt 0.61111110 0
vt 0.58333331 1
vt 0.59722221 0
vt 0.56944442 1
vt 0.58333331 0
vt 0.55555558 1
vt 0.56944442 0
vt 0.54166669 1
vt 0.55555558 0
vt 0.52777779 1
vt 0.54166669 0
vt 0.51388890 1
vt 0.52777779 0
vt 0.50000000 1
vt 0.51388890 0
vt 0.48611110 1
vt 0.50000000 0
vt 0.47222221 1
vt 0.48611110 0
vt 0.45833334 1
vt 0.46657386 1
vt 0.46657386 0
vt 0.47222221 0
vt 0.44444445 1
vt 0.45833334 0
vt 0.43055555 1
vt 0.44444445 0
vt 0.41666666 1
vt 0.43055555 0
vt 0.40277779 1
vt 0.41666666 0
vt 0.38888890 1
vt 0.40277779 0
vt 0.37500000 1
vt 0.38888890 0
vt 0.36111110 1
vt 0.37500000 0
vt 0.34722221 1
vt 0.36111110 0
vt 0.33333334 1
vt 0.34722221 0
vt 0.31944445 1
vt 0.33333334 0
vt 0.30555555 1
vt 0.31944445 0
vt 0.29166666 1
vt 0.30555555 0
vt 0.27777779 1
vt 0.29166666 0
vt 0.26388890 1
vt 0.27777779 0
vt 0.25000000 1
vt 0.26388890 0
vt 0.23611110 1
vt 0.25000000 0
vt 0.22222222 1
vt 0.23611110 0
vt 0.20833333 1
vt 0.22222222 0
vt 0.19444445 1
vt 0.20833333 0
vt 0.18055555 1
vt 0.19444445 0
vt 0.16666667 1
vt 0.18055555 0
vt 0.15277778 1
vt 0.16666667 0
vt 0.13888890 1
vt 0.15277778 0
vt 0.12500000 1
vt 0.13888890 0
vt 0.11111111 1
vt 0.12500000 0
vt 0.09722222 1
vt 0.11111111 0
vt 0.08333334 1
vt 0.09722222 0
vt 0.06944445 1
vt 0.08333334 0
vt 0.05555556 1
vt 0.06944445 0
vt 0.04166667 1
vt 0.05555556 0
vt 0.02777778 1
vt 0.04166667 0
vt 0.01388889 1
vt 0.02777778 0
vt 0.01388889 0
vt 0.81758279 0.12151954
vt 0.69962347 0.26209798
vt 0.67812932 0.24560496
vt 0.84936106 0.15063894
vt 0.71959835 0.28040162
vt 0.87848043 0.18241718
vt 0.73790199 0.30037650
vt 0.90471941 0.21661243
vt 0.75439507 0.32187068
vt 0.92787814 0.25296444
vt 0.76895201 0.34472048
vt 0.74703556 0.07212184
vt 0.65527952 0.23104802
vt 0.63124788 0.21853796
vt 0.78338754 0.09528061
vt 0.18241718 0.12151954
vt 0.30037650 0.26209798
vt 0.28040162 0.28040162
vt 0.21661243 0.09528061
vt 0.32187068 0.24560496
vt 0.33101770 0.03572499
vt 0.39378256 0.20817000
vt 0.36875209 0.21853796
vt 0.37212497 0.02276392
vt 0.41962141 0.20002304
vt 0.45693886 0.00780894
vt 0.47293299 0.19062276
vt 0.44607198 0.19415908
vt 0.50000000 0.00592885
vt 0.50000000 0.18944100
vt 0.54306114 0.00780894
vt 0.52706701 0.19062276
vt 0.58579457 0.01343490
vt 0.55392802 0.19415908
vt 0.62787503 0.02276392
vt 0.58037859 0.20002304
vt 0.66898227 0.03572499
vt 0.60621744 0.20817000
vt 0.81758279 0.87848043
vt 0.69962347 0.73790199
vt 0.71959835 0.71959835
vt 0.78338754 0.90471941
vt 0.67812932 0.75439507
vt 0.18241718 0.87848043
vt 0.30037650 0.73790199
vt 0.32187068 0.75439507
vt 0.15063894 0.84936106
vt 0.28040162 0.71959835
vt 0.09528061 0.21661243
vt 0.24560496 0.32187068
vt 0.23104802 0.34472048
vt 0.12151954 0.18241718
vt 0.26209798 0.30037650
vt 0.15063894 0.15063894
vt 0.25296444 0.07212184
vt 0.34472048 0.23104802
vt 0.29119653 0.05221947
vt 0.41420543 0.01343490
vt 0.70880347 0.05221947
vt 0.94778055 0.29119653
vt 0.78146207 0.36875209
vt 0.90471941 0.78338754
vt 0.75439507 0.67812932
vt 0.76895201 0.65527952
vt 0.87848043 0.81758279
vt 0.73790199 0.69962347
vt 0.84936106 0.84936106
vt 0.74703556 0.92787814
vt 0.65527952 0.76895201
vt 0.70880347 0.94778055
vt 0.63124788 0.78146207
vt 0.12151954 0.81758279
vt 0.26209798 0.69962347
vt 0.09528061 0.78338754
vt 0.24560496 0.67812932
vt 0.07212184 0.74703556
vt 0.23104802 0.65527952
vt 0.07212184 0.25296444
vt 0.21853796 0.36875209
vt 0.92787814 0.74703556
vt 0.78146207 0.63124788
vt 0.62787503 0.97723609
vt 0.58037859 0.79997694
vt 0.60621744 0.79183000
vt 0.58579457 0.98656511
vt 0.55392802 0.80584091
vt 0.25296444 0.92787814
vt 0.34472048 0.76895201
vt 0.36875209 0.78146207
vt 0.21661243 0.90471941
vt 0.66898227 0.96427500
vt 0.54306114 0.99219108
vt 0.52706701 0.80937725
vt 0.50000000 0.99407113
vt 0.50000000 0.81055903
vt 0.45693886 0.99219108
vt 0.47293299 0.80937725
vt 0.41420543 0.98656511
vt 0.44607198 0.80584091
vt 0.37212497 0.97723609
vt 0.41962141 0.79997694
vt 0.33101770 0.96427500
vt 0.39378256 0.79183000
vt 0.03572499 0.33101770
vt 0.20817000 0.39378256
vt 0.20002304 0.41962141
vt 0.05221947 0.29119653
vt 0.29119653 0.94778055
vt 0.05221947 0.70880347
vt 0.21853796 0.63124788
vt 0.96427500 0.33101770
vt 0.79183000 0.39378256
vt 0.97723609 0.37212497
vt 0.79997694 0.41962141
vt 0.03572499 0.66898227
vt 0.20817000 0.60621744
vt 0.02276392 0.62787503
vt 0.20002304 0.58037859
vt 0.01343490 0.58579457
vt 0.19415908 0.55392802
vt 0.00780894 0.54306114
vt 0.19062276 0.52706701
vt 0.00780894 0.45693886
vt 0.19062276 0.47293299
vt 0.18944100 0.50000000
vt 0.01343490 0.41420543
vt 0.19415908 0.44607198
vt 0.02276392 0.37212497
vt 0.96427500 0.66898227
vt 0.79183000 0.60621744
vt 0.79997694 0.58037859
vt 0.94778055 0.70880347
vt 0.00592885 0.50000000
vt 0.98321456 0.60300493
vt 0.97723609 0.62787503
vt 0.98656511 0.41420543
vt 0.80584091 0.44607198
vt 0.99219108 0.45693886
vt 0.80937725 0.47293299
vt 0.98656511 0.58579457
vt 0.80584091 0.55392802
vt 0.80937725 0.52706701
vt 0.99407113 0.50000000
vt 0.81055903 0.50000000
vt 0.99219108 0.54306114
vt 0.98611110 1
vt 1 1
vt 1 0
vt 0.97222221 1
vt 0.98611110 0
vt 0.95833331 1
vt 0.97222221 0
vt 0.94444442 1
vt 0.95833331 0
vt 0.93055558 1
vt 0.94444442 0
vt 0.91666669 1
vt 0.93055558 0
vt 0.90277779 1
vt 0.91666669 0
vt 0.88888890 1
vt 0.90277779 0
vt 0.87500000 1
vt 0.88888890 0
vt 0.86111110 1
vt 0.87500000 0
vt 0.84722221 1
vt 0.86111110 0
vt 0.83333331 1
vt 0.84722221 0
vt 0.81944442 1
vt 0.83333331 0
vt 0.80555558 1
vt 0.81944442 0
vt 0.79166669 1
vt 0.80555558 0
vt 0.77777779 1
vt 0.79166669 0
vt 0.76388890 1
vt 0.77777779 0
vt 0.75000000 1
vt 0.76388890 0
vt 0.73611110 1
vt 0.75000000 0
vt 0.72222221 1
vt 0.73611110 0
vt 0.70833331 1
vt 0.72222221 0
vt 0.69444442 1
vt 0.70833331 0
vt 0.68055558 1
vt 0.69444442 0
vt 0.66666669 1
vt 0.68055558 0
vt 0.65277779 1
vt 0.66666669 0
vt 0.63888890 1
vt 0.65277779 0
vt 0.62500000 1
vt 0.63888890 0
vt 0.61111110 1
vt 0.62500000 0
vt 0.59722221 1
vt 0.61111110 0
vt 0.58333331 1
vt 0.59722221 0
vt 0.56944442 1
vt 0.58333331 0
vt 0.55555558 1
vt 0.56944442 0
vt 0.54166669 1
vt 0.55555558 0
vt 0.52777779 1
vt 0.54166669 0
vt 0.51388890 1
vt 0.52777779 0
vt 0.50000000 1
vt 0.51388890 0
vt 0.48611110 1
vt 0.50000000 0
vt 0.47222221 1
vt 0.48611110 0
vt 0.45833334 1
vt 0.47222221 0
vt 0.44444445 1
vt 0.45833334 0
vt 0.43055555 1
vt 0.44444445 0
vt 0.41666666 1
vt 0.43055555 0
vt 0.40277779 1
vt 0.41666666 0
vt 0.38888890 1
vt 0.40277779 0
vt 0.37500000 1
vt 0.38888890 0
vt 0.36111110 1
vt 0.37500000 0
vt 0.34722221 1
vt 0.36111110 0
vt 0.33333334 1
vt 0.34722221 0
vt 0.31944445 1
vt 0.33333334 0
vt 0.30555555 1
vt 0.31944445 0
vt 0.29166666 1
vt 0.30555555 0
vt 0.27777779 1
vt 0.29166666 0
vt 0.26388890 1
vt 0.27777779 0
vt 0.25000000 1
vt 0.26388890 0
vt 0.23611110 1
vt 0.25000000 0
vt 0.22222222 1
vt 0.23611110 0
vt 0.20833333 1
vt 0.22222222 0
vt 0.19444445 1
vt 0.20833333 0
vt 0.18055555 1
vt 0.19444445 0
vt 0.16666667 1
vt 0.18055555 0
vt 0.15277778 1
vt 0.16666667 0
vt 0.13888890 1
vt 0.15277778 0
vt 0.12500000 1
vt 0.13888890 0
vt 0.11111111 1
vt 0.12500000 0
vt 0.09722222 1
vt 0.11111111 0
vt 0.08333334 1
vt 0.09722222 0
vt 0.06944445 1
vt 0.08333334 0
vt 0.05555556 1
vt 0.06944445 0
vt 0.04166667 1
vt 0.05555556 0
vt 0.02777778 1
vt 0.04166667 0
vt 0.01388889 1
vt 0.02777778 0
vt 0.01388889 0
vt 0 1
vt 0 0
vt 0.01388889 0
vt 0.01388889 1
vt 0.02777778 0
vt 0.02777778 1
vt 0.04166667 0
vt 0.04166667 1
vt 0.05555556 0
vt 0.05555556 1
vt 0.06944445 0
vt 0.06944445 1
vt 0.08333334 0
vt 0.08333334 1
vt 0.09722222 0
vt 0.09722222 1
vt 0.11111111 0
vt 0.11111111 1
vt 0.12500000 0
vt 0.12500000 1
vt 0.13888890 0
vt 0.13888890 1
vt 0.15277778 0
vt 0.15277778 1
vt 0.16666667 0
vt 0.16666667 1
vt 0.18055555 0
vt 0.18055555 1
vt 0.19444445 0
vt 0.19444445 1
vt 0.20833333 0
vt 0.20833333 1
vt 0.22222222 0
vt 0.22222222 1
vt 0.23611110 0
vt 0.23611110 1
vt 0.25000000 0
vt 0.25000000 1
vt 0.26388890 0
vt 0.26388890 1
vt 0.27777779 0
vt 0.27777779 1
vt 0.29166666 0
vt 0.29166666 1
vt 0.30555555 0
vt 0.30555555 1
vt 0.31944445 0
vt 0.31944445 1
vt 0.33333334 0
vt 0.33333334 1
vt 0.34722221 0
vt 0.34722221 1
vt 0.36111110 0
vt 0.36111110 1
vt 0.37500000 0
vt 0.37500000 1
vt 0.38888890 0
vt 0.38888890 1
vt 0.40277779 0
vt 0.40277779 1
vt 0.41666666 0
vt 0.41666666 1
vt 0.43055555 0
vt 0.43055555 1
vt 0.44444445 0
vt 0.44444445 1
vt 0.45833334 0
vt 0.45833334 1
vt 0.47222221 0
vt 0.47222221 1
vt 0.48611110 0
vt 0.48611110 1
vt 0.50000000 0
vt 0.50000000 1
vt 0.51388890 0
vt 0.51388890 1
vt 0.52777779 0
vt 0.52777779 1
vt 0.54166669 0
vt 0.54166669 1
vt 0.55555558 0
vt 0.55555558 1
vt 0.56944442 0
vt 0.56944442 1
vt 0.58333331 0
vt 0.58333331 1
vt 0.59722221 0
vt 0.59722221 1
vt 0.61111110 0
vt 0.61111110 1
vt 0.62500000 0
vt 0.62500000 1
vt 0.63888890 0
vt 0.63888890 1
vt 0.65277779 0
vt 0.65277779 1
vt 0.66666669 0
vt 0.66666669 1
vt 0.68055558 0
vt 0.68055558 1
vt 0.69444442 0
vt 0.69444442 1
vt 0.70833331 0
vt 0.70833331 1
vt 0.72222221 0
vt 0.72222221 1
vt 0.73611110 0
vt 0.73611110 1
vt 0.75000000 0
vt 0.75000000 1
vt 0.76388890 0
vt 0.76388890 1
vt 0.77777779 0
vt 0.77777779 1
vt 0.79166669 0
vt 0.79166669 1
vt 0.80555558 0
vt 0.80555558 1
vt 0.81944442 0
vt 0.81944442 1
vt 0.83333331 0
vt 0.83333331 1
vt 0.84722221 0
vt 0.84722221 1
vt 0.86111110 0
vt 0.86111110 1
vt 0.87500000 0
vt 0.87500000 1
vt 0.88888890 0
vt 0.88888890 1
vt 0.90277779 0
vt 0.90277779 1
vt 0.91666669 0
vt 0.91666669 1
vt 0.93055558 0
vt 0.93055558 1
vt 0.94444442 0
vt 0.94444442 1
vt 0.95833331 0
vt 0.95833331 1
vt 0.97222221 0
vt 0.97222221 1
vt 0.98611110 0
vt 0.98611110 1
vt 0.96427500 0.66898227
vt 0.68055141 0.56571531
vt 0.68559182 0.54972917
vt 0.94778055 0.70880347
vt 0.67413688 0.58120137
vt 0.87848043 0.81758279
vt 0.64718682 0.62350440
vt 0.65739089 0.61020631
vt 0.84936106 0.84936106
vt 0.63586265 0.63586265
vt 0.70880347 0.94778055
vt 0.58120137 0.67413688
vt 0.59606940 0.66639704
vt 0.66898227 0.96427500
vt 0.56571531 0.68055141
vt 0.54306114 0.99219108
vt 0.51674598 0.69140762
vt 0.53336453 0.68921977
vt 0.50000000 0.99407113
vt 0.50000000 0.69213879
vt 0.45693886 0.99219108
vt 0.48325402 0.69140762
vt 0.41420543 0.98656511
vt 0.46663547 0.68921977
vt 0.29119653 0.94778055
vt 0.41879866 0.67413688
vt 0.43428466 0.68055141
vt 0.25296444 0.92787814
vt 0.40393060 0.66639704
vt 0.15063894 0.84936106
vt 0.12151954 0.81758279
vt 0.35281315 0.62350440
vt 0.09528061 0.78338754
vt 0.34260914 0.61020631
vt 0.02276392 0.62787503
vt 0.31440818 0.54972917
vt 0.31944862 0.56571531
vt 0.01343490 0.58579457
vt 0.31078023 0.53336453
vt 0.81758279 0.12151954
vt 0.62350440 0.35281315
vt 0.61020631 0.34260914
vt 0.84936106 0.15063894
vt 0.63586265 0.36413735
vt 0.97723609 0.37212497
vt 0.68559182 0.45027083
vt 0.68055141 0.43428466
vt 0.98656511 0.41420543
vt 0.68921977 0.46663547
vt 0.97723609 0.62787503
vt 0.68921977 0.53336453
vt 0.92787814 0.74703556
vt 0.66639704 0.59606940
vt 0.90471941 0.78338754
vt 0.81758279 0.87848043
vt 0.62350440 0.64718682
vt 0.78338754 0.90471941
vt 0.61020631 0.65739089
vt 0.74703556 0.92787814
vt 0.62787503 0.97723609
vt 0.54972917 0.68559182
vt 0.58579457 0.98656511
vt 0.37212497 0.97723609
vt 0.45027083 0.68559182
vt 0.33101770 0.96427500
vt 0.21661243 0.90471941
vt 0.38979372 0.65739089
vt 0.18241718 0.87848043
vt 0.37649557 0.64718682
vt 0.36413735 0.63586265
vt 0.07212184 0.74703556
vt 0.33360294 0.59606940
vt 0.05221947 0.70880347
vt 0.32586312 0.58120137
vt 0.03572499 0.66898227
vt 0.03572499 0.33101770
vt 0.31944862 0.43428466
vt 0.31440818 0.45027083
vt 0.05221947 0.29119653
vt 0.32586312 0.41879866
vt 0.09528061 0.21661243
vt 0.34260914 0.38979372
vt 0.33360294 0.40393060
vt 0.12151954 0.18241718
vt 0.35281315 0.37649557
vt 0.66898227 0.03572499
vt 0.56571531 0.31944862
vt 0.54972917 0.31440818
vt 0.70880347 0.05221947
vt 0.58120137 0.32586312
vt 0.78338754 0.09528061
vt 0.59606940 0.33360294
vt 0.87848043 0.18241718
vt 0.64718682 0.37649557
vt 0.90471941 0.21661243
vt 0.65739089 0.38979372
vt 0.92787814 0.25296444
vt 0.66639704 0.40393060
vt 0.94778055 0.29119653
vt 0.67413688 0.41879866
vt 0.96427500 0.33101770
vt 0.99219108 0.54306114
vt 0.69140762 0.51674598
vt 0.69213879 0.50000000
vt 0.98656511 0.58579457
vt 0.00780894 0.54306114
vt 0.30859238 0.51674598
vt 0.00592885 0.50000000
vt 0.30786121 0.50000000
vt 0.02276392 0.37212497
vt 0.31078023 0.46663547
vt 0.07212184 0.25296444
vt 0.62787503 0.02276392
vt 0.53336453 0.31078023
vt 0.15063894 0.15063894
vt 0.36413735 0.36413735
vt 0.18241718 0.12151954
vt 0.37649557 0.35281315
vt 0.33101770 0.03572499
vt 0.43428466 0.31944862
vt 0.41879866 0.32586312
vt 0.37212497 0.02276392
vt 0.45027083 0.31440818
vt 0.74703556 0.07212184
vt 0.00780894 0.45693886
vt 0.30859238 0.48325402
vt 0.01343490 0.41420543
vt 0.29119653 0.05221947
vt 0.40393060 0.33360294
vt 0.54306114 0.00780894
vt 0.51674598 0.30859238
vt 0.50000000 0.30786121
vt 0.58579457 0.01343490
vt 0.41420543 0.01343490
vt 0.46663547 0.31078023
vt 0.45693886 0.00780894
vt 0.48325402 0.30859238
vt 0.50000000 0.00592885
vt 0.99219108 0.45693886
vt 0.69140762 0.48325402
vt 0.99407113 0.50000000
vt 0.21661243 0.09528061
vt 0.38979372 0.34260914
vt 0.25296444 0.07212184
vt 0.98611110 1
vt 1 1
vt 1 0
vt 0.97222221 1
vt 0.98611110 0
vt 0.95833331 1
vt 0.97222221 0
vt 0.94444442 1
vt 0.95833331 0
vt 0.93055558 1
vt 0.94444442 0
vt 0.91666669 1
vt 0.93055558 0
vt 0.90277779 1
vt 0.91666669 0
vt 0.88888890 1
vt 0.90277779 0
vt 0.87500000 1
vt 0.88888890 0
vt 0.86111110 1
vt 0.87500000 0
vt 0.84722221 1
vt 0.86111110 0
vt 0.83333331 1
vt 0.84722221 0
vt 0.81944442 1
vt 0.83333331 0
vt 0.80555558 1
vt 0.81944442 0
vt 0.79166669 1
vt 0.80555558 0
vt 0.77777779 1
vt 0.79166669 0
vt 0.76388890 1
vt 0.77777779 0
vt 0.75000000 1
vt 0.76388890 0
vt 0.73611110 1
vt 0.75000000 0
vt 0.72222221 1
vt 0.73611110 0
vt 0.70833331 1
vt 0.72222221 0
vt 0.69444442 1
vt 0.70833331 0
vt 0.68055558 1
vt 0.69444442 0
vt 0.66666669 1
vt 0.68055558 0
vt 0.65277779 1
vt 0.66666669 0
vt 0.63888890 1
vt 0.65277779 0
vt 0.62500000 1
vt 0.63888890 0
vt 0.61111110 1
vt 0.62500000 0
vt 0.59722221 1
vt 0.61111110 0
vt 0.58333331 1
vt 0.59722221 0
vt 0.56944442 1
vt 0.58333331 0
vt 0.55555558 1
vt 0.56944442 0
vt 0.54166669 1
vt 0.55555558 0
vt 0.52777779 1
vt 0.54166669 0
vt 0.51388890 1
vt 0.52777779 0
vt 0.50000000 1
vt 0.51388890 0
vt 0.48611110 1
vt 0.50000000 0
vt 0.47222221 1
vt 0.48611110 0
vt 0.45833334 1
vt 0.47222221 0
vt 0.44444445 1
vt 0.45833334 0
vt 0.43055555 1
vt 0.44444445 0
vt 0.41666666 1
vt 0.43055555 0
vt 0.40277779 1
vt 0.41666666 0
vt 0.38888890 1
vt 0.40277779 0
vt 0.37500000 1
vt 0.38888890 0
vt 0.36111110 1
vt 0.37500000 0
vt 0.34722221 1
vt 0.36111110 0
vt 0.33333334 1
vt 0.34722221 0
vt 0.31944445 1
vt 0.33333334 0
vt 0.30555555 1
vt 0.31944445 0
vt 0.29166666 1
vt 0.30555555 0
vt 0.27777779 1
vt 0.29166666 0
vt 0.26388890 1
vt 0.27777779 0
vt 0.25000000 1
vt 0.26388890 0
vt 0.23611110 1
vt 0.25000000 0
vt 0.22222222 1
vt 0.23611110 0
vt 0.20833333 1
vt 0.22222222 0
vt 0.19444445 1
vt 0.20833333 0
vt 0.18055555 1
vt 0.19444445 0
vt 0.16666667 1
vt 0.18055555 0
vt 0.15277778 1
vt 0.16666667 0
vt 0.13888890 1
vt 0.15277778 0
vt 0.12500000 1
vt 0.13888890 0
vt 0.11111111 1
vt 0.12500000 0
vt 0.09722222 1
vt 0.11111111 0
vt 0.08333334 1
vt 0.09722222 0
vt 0.06944445 1
vt 0.08333334 0
vt 0.05555556 1
vt 0.06944445 0
vt 0.04166667 1
vt 0.05555556 0
vt 0.02777778 1
vt 0.04166667 0
vt 0.01388889 1
vt 0.02777778 0
vt 0.01388889 0
vt 0.37212497 0.97723609
vt 0.41962141 0.79997694
vt 0.44607198 0.80584091
vt 0.33101770 0.96427500
vt 0.39378256 0.79183000
vt 0.29119653 0.94778055
vt 0.36875209 0.78146207
vt 0.94778055 0.70880347
vt 0.78146207 0.63124788
vt 0.79183000 0.60621744
vt 0.92787814 0.74703556
vt 0.76895201 0.65527952
vt 0.90471941 0.78338754
vt 0.75439507 0.67812932
vt 0.87848043 0.81758279
vt 0.73790199 0.69962347
vt 0.62787503 0.97723609
vt 0.58037859 0.79997694
vt 0.60621744 0.79183000
vt 0.58579457 0.98656511
vt 0.55392802 0.80584091
vt 0.25296444 0.92787814
vt 0.34472048 0.76895201
vt 0.96427500 0.66898227
vt 0.79997694 0.58037859
vt 0.84936106 0.84936106
vt 0.71959835 0.71959835
vt 0.74703556 0.92787814
vt 0.65527952 0.76895201
vt 0.67812932 0.75439507
vt 0.70880347 0.94778055
vt 0.63124788 0.78146207
vt 0.66898227 0.96427500
vt 0.54306114 0.99219108
vt 0.52706701 0.80937725
vt 0.50000000 0.99407113
vt 0.50000000 0.81055903
vt 0.45693886 0.99219108
vt 0.47293299 0.80937725
vt 0.41420543 0.98656511
vt 0.21661243 0.90471941
vt 0.32187068 0.75439507
vt 0.18241718 0.87848043
vt 0.30037650 0.73790199
vt 0.15063894 0.84936106
vt 0.28040162 0.71959835
vt 0.03572499 0.66898227
vt 0.20817000 0.60621744
vt 0.21853796 0.63124788
vt 0.02276392 0.62787503
vt 0.20002304 0.58037859
vt 0.07212184 0.25296444
vt 0.09528061 0.21661243
vt 0.24560496 0.32187068
vt 0.12151954 0.18241718
vt 0.26209798 0.30037650
vt 0.78338754 0.09528061
vt 0.67812932 0.24560496
vt 0.65527952 0.23104802
vt 0.81758279 0.12151954
vt 0.69962347 0.26209798
vt 0.92787814 0.25296444
vt 0.76895201 0.34472048
vt 0.75439507 0.32187068
vt 0.94778055 0.29119653
vt 0.78146207 0.36875209
vt 0.81758279 0.87848043
vt 0.69962347 0.73790199
vt 0.78338754 0.90471941
vt 0.01343490 0.58579457
vt 0.19415908 0.55392802
vt 0.00780894 0.54306114
vt 0.19062276 0.52706701
vt 0.00592885 0.50000000
vt 0.18944100 0.50000000
vt 0.03572499 0.33101770
vt 0.05221947 0.29119653
vt 0.21853796 0.36875209
vt 0.23104802 0.34472048
vt 0.15063894 0.15063894
vt 0.28040162 0.28040162
vt 0.21661243 0.09528061
vt 0.25296444 0.07212184
vt 0.34472048 0.23104802
vt 0.29119653 0.05221947
vt 0.36875209 0.21853796
vt 0.37212497 0.02276392
vt 0.41962141 0.20002304
vt 0.39378256 0.20817000
vt 0.41420543 0.01343490
vt 0.44607198 0.19415908
vt 0.62787503 0.02276392
vt 0.58037859 0.20002304
vt 0.55392802 0.19415908
vt 0.66898227 0.03572499
vt 0.60621744 0.20817000
vt 0.74703556 0.07212184
vt 0.63124788 0.21853796
vt 0.90471941 0.21661243
vt 0.73790199 0.30037650
vt 0.99219108 0.54306114
vt 0.80937725 0.52706701
vt 0.81055903 0.50000000
vt 0.98656511 0.58579457
vt 0.80584091 0.55392802
vt 0.97723609 0.62787503
vt 0.07212184 0.74703556
vt 0.23104802 0.65527952
vt 0.24560496 0.67812932
vt 0.05221947 0.70880347
vt 0.00780894 0.45693886
vt 0.19062276 0.47293299
vt 0.01343490 0.41420543
vt 0.19415908 0.44607198
vt 0.02276392 0.37212497
vt 0.20002304 0.41962141
vt 0.20817000 0.39378256
vt 0.33101770 0.03572499
vt 0.45693886 0.00780894
vt 0.47293299 0.19062276
vt 0.58579457 0.01343490
vt 0.52706701 0.19062276
vt 0.84936106 0.15063894
vt 0.71959835 0.28040162
vt 0.87848043 0.18241718
vt 0.96427500 0.33101770
vt 0.79183000 0.39378256
vt 0.97723609 0.37212497
vt 0.79997694 0.41962141
vt 0.09528061 0.78338754
vt 0.26209798 0.69962347
vt 0.18241718 0.12151954
vt 0.30037650 0.26209798
vt 0.32187068 0.24560496
vt 0.70880347 0.05221947
vt 0.98656511 0.41420543
vt 0.80584091 0.44607198
vt 0.99219108 0.45693886
vt 0.80937725 0.47293299
vt 0.99407113 0.50000000
vt 0.12151954 0.81758279
vt 0.50000000 0.00592885
vt 0.50000000 0.18944100
vt 0.54306114 0.00780894
vt 0.98611110 1
vt 1 1
vt 1 0
vt 0.97222221 1
vt 0.98611110 0
vt 0.95833331 1
vt 0.97222221 0
vt 0.94444442 1
vt 0.95833331 0
vt 0.93055558 1
vt 0.94444442 0
vt 0.91666669 1
vt 0.93055558 0
vt 0.90277779 1
vt 0.91666669 0
vt 0.88888890 1
vt 0.90277779 0
vt 0.87500000 1
vt 0.88888890 0
vt 0.86111110 1
vt 0.87500000 0
vt 0.84722221 1
vt 0.86111110 0
vt 0.83333331 1
vt 0.84722221 0
vt 0.81944442 1
vt 0.83333331 0
vt 0.80555558 1
vt 0.81944442 0
vt 0.79166669 1
vt 0.80555558 0
vt 0.77777779 1
vt 0.79166669 0
vt 0.76388890 1
vt 0.77777779 0
vt 0.75000000 1
vt 0.76388890 0
vt 0.73611110 1
vt 0.75000000 0
vt 0.72222221 1
vt 0.73611110 0
vt 0.70833331 1
vt 0.72222221 0
vt 0.69444442 1
vt 0.70833331 0
vt 0.68055558 1
vt 0.69444442 0
vt 0.66666669 1
vt 0.68055558 0
vt 0.65277779 1
vt 0.66666669 0
vt 0.63888890 1
vt 0.65277779 0
vt 0.62500000 1
vt 0.63888890 0
vt 0.61111110 1
vt 0.62500000 0
vt 0.59722221 1
vt 0.61111110 0
vt 0.58333331 1
vt 0.59722221 0
vt 0.56944442 1
vt 0.58333331 0
vt 0.55555558 1
vt 0.56944442 0
vt 0.54166669 1
vt 0.55555558 0
vt 0.52777779 1
vt 0.54166669 0
vt 0.51388890 1
vt 0.52777779 0
vt 0.50000000 1
vt 0.51388890 0
vt 0.48611110 1
vt 0.50000000 0
vt 0.47222221 1
vt 0.48611110 0
vt 0.45833334 1
vt 0.47222221 0
vt 0.44444445 1
vt 0.45833334 0
vt 0.43055555 1
vt 0.44444445 0
vt 0.41666666 1
vt 0.43055555 0
vt 0.40277779 1
vt 0.41666666 0
vt 0.38888890 1
vt 0.40277779 0
vt 0.37500000 1
vt 0.38888890 0
vt 0.36111110 1
vt 0.37500000 0
vt 0.34722221 1
vt 0.36111110 0
vt 0.33333334 1
vt 0.34722221 0
vt 0.31944445 1
vt 0.33333334 0
vt 0.30555555 1
vt 0.31944445 0
vt 0.29166666 1
vt 0.30555555 0
vt 0.27777779 1
vt 0.29166666 0
vt 0.26388890 1
vt 0.27777779 0
vt 0.25000000 1
vt 0.26388890 0
vt 0.23611110 1
vt 0.25000000 0
vt 0.22222222 1
vt 0.23611110 0
vt 0.20833333 1
vt 0.22222222 0
vt 0.19444445 1
vt 0.20833333 0
vt 0.18055555 1
vt 0.19444445 0
vt 0.16666667 1
vt 0.18055555 0
vt 0.15277778 1
vt 0.16666667 0
vt 0.13888890 1
vt 0.15277778 0
vt 0.12500000 1
vt 0.13888890 0
vt 0.11111111 1
vt 0.12500000 0
vt 0.09722222 1
vt 0.11111111 0
vt 0.08333334 1
vt 0.09722222 0
vt 0.06944445 1
vt 0.08333334 0
vt 0.05555556 1
vt 0.06944445 0
vt 0.04166667 1
vt 0.05555556 0
vt 0.02777778 1
vt 0.04166667 0
vt 0.01388889 1
vt 0.02777778 0
vt 0.01388889 0
vt 0 1
vt 0 0
vt 0.01388889 0
vt 0.01388889 1
vt 0.02777778 0
vt 0.02777778 1
vt 0.04166667 0
vt 0.04166667 1
vt 0.05555556 0
vt 0.05555556 1
vt 0.06944445 0
vt 0.06944445 1
vt 0.08333334 0
vt 0.08333334 1
vt 0.09722222 0
vt 0.09722222 1
vt 0.11111111 0
vt 0.11111111 1
vt 0.12500000 0
vt 0.12500000 1
vt 0.13888890 0
vt 0.13888890 1
vt 0.15277778 0
vt 0.15277778 1
vt 0.16666667 0
vt 0.16666667 1
vt 0.18055555 0
vt 0.18055555 1
vt 0.19444445 0
vt 0.19444445 1
vt 0.20833333 0
vt 0.20833333 1
vt 0.22222222 0
vt 0.22222222 1
vt 0.23611110 0
vt 0.23611110 1
vt 0.25000000 0
vt 0.25000000 1
vt 0.26388890 0
vt 0.26388890 1
vt 0.27777779 0
vt 0.27777779 1
vt 0.29166666 0
vt 0.29166666 1
vt 0.30555555 0
vt 0.30555555 1
vt 0.31944445 0
vt 0.31944445 1
vt 0.33333334 0
vt 0.33333334 1
vt 0.34722221 0
vt 0.34722221 1
vt 0.36111110 0
vt 0.36111110 1
vt 0.37500000 0
vt 0.37500000 1
vt 0.38888890 0
vt 0.38888890 1
vt 0.40277779 0
vt 0.40277779 1
vt 0.41666666 0
vt 0.41666666 1
vt 0.43055555 0
vt 0.43055555 1
vt 0.44444445 0
vt 0.44444445 1
vt 0.45833334 0
vt 0.45833334 1
vt 0.47222221 0
vt 0.47222221 1
vt 0.48611110 0
vt 0.48611110 1
vt 0.50000000 0
vt 0.50000000 1
vt 0.51388890 0
vt 0.51388890 1
vt 0.52777779 0
vt 0.52777779 1
vt 0.54166669 0
vt 0.54166669 1
vt 0.55555558 0
vt 0.55555558 1
vt 0.56944442 0
vt 0.56944442 1
vt 0.58333331 0
vt 0.58333331 1
vt 0.59722221 0
vt 0.59722221 1
vt 0.61111110 0
vt 0.61111110 1
vt 0.62500000 0
vt 0.62500000 1
vt 0.63888890 0
vt 0.63888890 1
vt 0.65277779 0
vt 0.65277779 1
vt 0.66666669 0
vt 0.66666669 1
vt 0.68055558 0
vt 0.68055558 1
vt 0.69444442 0
vt 0.69444442 1
vt 0.70833331 0
vt 0.70833331 1
vt 0.72222221 0
vt 0.72222221 1
vt 0.73611110 0
vt 0.73611110 1
vt 0.75000000 0
vt 0.75000000 1
vt 0.76388890 0
vt 0.76388890 1
vt 0.77777779 0
vt 0.77777779 1
vt 0.79166669 0
vt 0.79166669 1
vt 0.80555558 0
vt 0.80555558 1
vt 0.81944442 0
vt 0.81944442 1
vt 0.83333331 0
vt 0.83333331 1
vt 0.84722221 0
vt 0.84722221 1
vt 0.86111110 0
vt 0.86111110 1
vt 0.87500000 0
vt 0.87500000 1
vt 0.88888890 0
vt 0.88888890 1
vt 0.90277779 0
vt 0.90277779 1
vt 0.91666669 0
vt 0.91666669 1
vt 0.93055558 0
vt 0.93055558 1
vt 0.94444442 0
vt 0.94444442 1
vt 0.95833331 0
vt 0.95833331 1
vt 0.97222221 0
vt 0.97222221 1
vt 0.98611110 0
vt 0.98611110 1
vt 0.70880347 0.94778055
vt 0.58120137 0.67413688
vt 0.59606940 0.66639704
vt 0.66898227 0.96427500
vt 0.56571531 0.68055141
vt 0.29119653 0.94778055
vt 0.41879866 0.67413688
vt 0.43428466 0.68055141
vt 0.25296444 0.92787814
vt 0.40393060 0.66639704
vt 0.74703556 0.92787814
vt 0.61020631 0.65739089
vt 0.45693886 0.99219108
vt 0.48325402 0.69140762
vt 0.50000000 0.69213879
vt 0.41420543 0.98656511
vt 0.46663547 0.68921977
vt 0.21661243 0.90471941
vt 0.38979372 0.65739089
vt 0.15063894 0.15063894
vt 0.36413735 0.36413735
vt 0.35281315 0.37649557
vt 0.18241718 0.12151954
vt 0.37649557 0.35281315
vt 0.94778055 0.29119653
vt 0.67413688 0.41879866
vt 0.66639704 0.40393060
vt 0.96427500 0.33101770
vt 0.68055141 0.43428466
vt 0.94778055 0.70880347
vt 0.67413688 0.58120137
vt 0.68055141 0.56571531
vt 0.92787814 0.74703556
vt 0.66639704 0.59606940
vt 0.84936106 0.84936106
vt 0.81758279 0.87848043
vt 0.62350440 0.64718682
vt 0.78338754 0.90471941
vt 0.62787503 0.97723609
vt 0.54972917 0.68559182
vt 0.37212497 0.97723609
vt 0.45027083 0.68559182
vt 0.33101770 0.96427500
vt 0.18241718 0.87848043
vt 0.37649557 0.64718682
vt 0.15063894 0.84936106
vt 0.36413735 0.63586265
vt 0.12151954 0.81758279
vt 0.35281315 0.62350440
vt 0.09528061 0.78338754
vt 0.34260914 0.61020631
vt 0.05221947 0.70880347
vt 0.32586312 0.58120137
vt 0.33360294 0.59606940
vt 0.03572499 0.66898227
vt 0.31944862 0.56571531
vt 0.09528061 0.21661243
vt 0.34260914 0.38979372
vt 0.33360294 0.40393060
vt 0.12151954 0.18241718
vt 0.21661243 0.09528061
vt 0.38979372 0.34260914
vt 0.90471941 0.21661243
vt 0.65739089 0.38979372
vt 0.64718682 0.37649557
vt 0.92787814 0.25296444
vt 0.97723609 0.37212497
vt 0.68559182 0.45027083
vt 0.99219108 0.45693886
vt 0.69140762 0.48325402
vt 0.68921977 0.46663547
vt 0.99407113 0.50000000
vt 0.69213879 0.50000000
vt 0.97723609 0.62787503
vt 0.68559182 0.54972917
vt 0.68921977 0.53336453
vt 0.96427500 0.66898227
vt 0.90471941 0.78338754
vt 0.65739089 0.61020631
vt 0.87848043 0.81758279
vt 0.64718682 0.62350440
vt 0.63586265 0.63586265
vt 0.54306114 0.99219108
vt 0.51674598 0.69140762
vt 0.53336453 0.68921977
vt 0.50000000 0.99407113
vt 0.07212184 0.74703556
vt 0.02276392 0.62787503
vt 0.31440818 0.54972917
vt 0.01343490 0.58579457
vt 0.31078023 0.53336453
vt 0.05221947 0.29119653
vt 0.32586312 0.41879866
vt 0.31944862 0.43428466
vt 0.07212184 0.25296444
vt 0.25296444 0.07212184
vt 0.40393060 0.33360294
vt 0.29119653 0.05221947
vt 0.41879866 0.32586312
vt 0.33101770 0.03572499
vt 0.43428466 0.31944862
vt 0.37212497 0.02276392
vt 0.45027083 0.31440818
vt 0.45693886 0.00780894
vt 0.48325402 0.30859238
vt 0.46663547 0.31078023
vt 0.50000000 0.00592885
vt 0.50000000 0.30786121
vt 0.78338754 0.09528061
vt 0.61020631 0.34260914
vt 0.59606940 0.33360294
vt 0.81758279 0.12151954
vt 0.62350440 0.35281315
vt 0.84936106 0.15063894
vt 0.63586265 0.36413735
vt 0.87848043 0.18241718
vt 0.98656511 0.41420543
vt 0.99219108 0.54306114
vt 0.69140762 0.51674598
vt 0.98656511 0.58579457
vt 0.58579457 0.98656511
vt 0.02276392 0.37212497
vt 0.31440818 0.45027083
vt 0.31078023 0.46663547
vt 0.03572499 0.33101770
vt 0.41420543 0.01343490
vt 0.00780894 0.54306114
vt 0.30859238 0.51674598
vt 0.00592885 0.50000000
vt 0.30786121 0.50000000
vt 0.70880347 0.05221947
vt 0.58120137 0.32586312
vt 0.56571531 0.31944862
vt 0.74703556 0.07212184
vt 0.00780894 0.45693886
vt 0.30859238 0.48325402
vt 0.01343490 0.41420543
vt 0.62787503 0.02276392
vt 0.54972917 0.31440818
vt 0.53336453 0.31078023
vt 0.66898227 0.03572499
vt 0.54306114 0.00780894
vt 0.51674598 0.30859238
vt 0.58579457 0.01343490
vt 0.98611110 1
vt 1 1
vt 1 0
vt 0.97222221 1
vt 0.98611110 0
vt 0.95833331 1
vt 0.97222221 0
vt 0.94444442 1
vt 0.95833331 0
vt 0.93055558 1
vt 0.94444442 0
vt 0.91666669 1
vt 0.93055558 0
vt 0.90277779 1
vt 0.91666669 0
vt 0.88888890 1
vt 0.90277779 0
vt 0.87500000 1
vt 0.88888890 0
vt 0.86111110 1
vt 0.87500000 0
vt 0.84722221 1
vt 0.86111110 0
vt 0.83333331 1
vt 0.84722221 0
vt 0.81944442 1
vt 0.83333331 0
vt 0.80555558 1
vt 0.81944442 0
vt 0.79166669 1
vt 0.80555558 0
vt 0.77777779 1
vt 0.79166669 0
vt 0.76388890 1
vt 0.77777779 0
vt 0.75000000 1
vt 0.76388890 0
vt 0.73611110 1
vt 0.75000000 0
vt 0.72222221 1
vt 0.73611110 0
vt 0.70833331 1
vt 0.72222221 0
vt 0.69444442 1
vt 0.70833331 0
vt 0.68055558 1
vt 0.69444442 0
vt 0.66666669 1
vt 0.68055558 0
vt 0.65277779 1
vt 0.66666669 0
vt 0.63888890 1
vt 0.65277779 0
vt 0.62500000 1
vt 0.63888890 0
vt 0.61111110 1
vt 0.62500000 0
vt 0.59722221 1
vt 0.61111110 0
vt 0.58333331 1
vt 0.59722221 0
vt 0.56944442 1
vt 0.58333331 0
vt 0.55555558 1
vt 0.56944442 0
vt 0.54166669 1
vt 0.55555558 0
vt 0.52777779 1
vt 0.54166669 0
vt 0.51388890 1
vt 0.52777779 0
vt 0.50000000 1
vt 0.51388890 0
vt 0.48611110 1
vt 0.50000000 0
vt 0.47222221 1
vt 0.48611110 0
vt 0.45833334 1
vt 0.47222221 0
vt 0.44444445 1
vt 0.45833334 0
vt 0.43055555 1
vt 0.44444445 0
vt 0.41666666 1
vt 0.43055555 0
vt 0.40277779 1
vt 0.41666666 0
vt 0.38888890 1
vt 0.40277779 0
vt 0.37500000 1
vt 0.38888890 0
vt 0.36111110 1
vt 0.37500000 0
vt 0.34722221 1
vt 0.36111110 0
vt 0.33333334 1
vt 0.34722221 0
vt 0.31944445 1
vt 0.33333334 0
vt 0.30555555 1
vt 0.31944445 0
vt 0.29166666 1
vt 0.30555555 0
vt 0.27777779 1
vt 0.29166666 0
vt 0.26388890 1
vt 0.27777779 0
vt 0.25000000 1
vt 0.26388890 0
vt 0.23611110 1
vt 0.25000000 0
vt 0.22222222 1
vt 0.23611110 0
vt 0.20833333 1
vt 0.22222222 0
vt 0.19444445 1
vt 0.20833333 0
vt 0.18055555 1
vt 0.19444445 0
vt 0.16666667 1
vt 0.18055555 0
vt 0.15277778 1
vt 0.16666667 0
vt 0.13888890 1
vt 0.15277778 0
vt 0.12500000 1
vt 0.13888890 0
vt 0.11111111 1
vt 0.12500000 0
vt 0.09722222 1
vt 0.11111111 0
vt 0.08333334 1
vt 0.09722222 0
vt 0.06944445 1
vt 0.08333334 0
vt 0.05555556 1
vt 0.06944445 0
vt 0.04166667 1
vt 0.05555556 0
vt 0.02777778 1
vt 0.04166667 0
vt 0.01388889 1
vt 0.02777778 0
vt 0.01388889 0
vt 0.62787503 0.02276392
vt 0.58037859 0.20002304
vt 0.55392802 0.19415908
vt 0.66898227 0.03572499
vt 0.60621744 0.20817000
vt 0.97723609 0.62787503
vt 0.79997694 0.58037859
vt 0.80584091 0.55392802
vt 0.96427500 0.66898227
vt 0.79183000 0.60621744
vt 0.02276392 0.37212497
vt 0.20002304 0.41962141
vt 0.19415908 0.44607198
vt 0.03572499 0.33101770
vt 0.20817000 0.39378256
vt 0.70880347 0.05221947
vt 0.63124788 0.21853796
vt 0.78338754 0.09528061
vt 0.67812932 0.24560496
vt 0.65527952 0.23104802
vt 0.81758279 0.12151954
vt 0.69962347 0.26209798
vt 0.94778055 0.70880347
vt 0.78146207 0.63124788
vt 0.37212497 0.97723609
vt 0.41962141 0.79997694
vt 0.44607198 0.80584091
vt 0.33101770 0.96427500
vt 0.39378256 0.79183000
vt 0.05221947 0.29119653
vt 0.21853796 0.36875209
vt 0.74703556 0.07212184
vt 0.84936106 0.15063894
vt 0.71959835 0.28040162
vt 0.92787814 0.74703556
vt 0.76895201 0.65527952
vt 0.90471941 0.78338754
vt 0.75439507 0.67812932
vt 0.87848043 0.81758279
vt 0.73790199 0.69962347
vt 0.29119653 0.94778055
vt 0.36875209 0.78146207
vt 0.00780894 0.54306114
vt 0.19062276 0.52706701
vt 0.19415908 0.55392802
vt 0.00592885 0.50000000
vt 0.18944100 0.50000000
vt 0.00780894 0.45693886
vt 0.19062276 0.47293299
vt 0.01343490 0.41420543
vt 0.07212184 0.25296444
vt 0.23104802 0.34472048
vt 0.09528061 0.21661243
vt 0.24560496 0.32187068
vt 0.12151954 0.18241718
vt 0.26209798 0.30037650
vt 0.21661243 0.09528061
vt 0.32187068 0.24560496
vt 0.30037650 0.26209798
vt 0.25296444 0.07212184
vt 0.34472048 0.23104802
vt 0.37212497 0.02276392
vt 0.41962141 0.20002304
vt 0.39378256 0.20817000
vt 0.41420543 0.01343490
vt 0.44607198 0.19415908
vt 0.45693886 0.00780894
vt 0.47293299 0.19062276
vt 0.50000000 0.00592885
vt 0.50000000 0.18944100
vt 0.54306114 0.00780894
vt 0.52706701 0.19062276
vt 0.58579457 0.01343490
vt 0.87848043 0.18241718
vt 0.73790199 0.30037650
vt 0.90471941 0.21661243
vt 0.75439507 0.32187068
vt 0.99219108 0.54306114
vt 0.80937725 0.52706701
vt 0.81055903 0.50000000
vt 0.98656511 0.58579457
vt 0.74703556 0.92787814
vt 0.65527952 0.76895201
vt 0.67812932 0.75439507
vt 0.70880347 0.94778055
vt 0.63124788 0.78146207
vt 0.62787503 0.97723609
vt 0.58037859 0.79997694
vt 0.60621744 0.79183000
vt 0.58579457 0.98656511
vt 0.55392802 0.80584091
vt 0.54306114 0.99219108
vt 0.52706701 0.80937725
vt 0.50000000 0.99407113
vt 0.50000000 0.81055903
vt 0.45693886 0.99219108
vt 0.47293299 0.80937725
vt 0.41420543 0.98656511
vt 0.25296444 0.92787814
vt 0.34472048 0.76895201
vt 0.21661243 0.90471941
vt 0.32187068 0.75439507
vt 0.18241718 0.87848043
vt 0.30037650 0.73790199
vt 0.29119653 0.05221947
vt 0.36875209 0.21853796
vt 0.33101770 0.03572499
vt 0.84936106 0.84936106
vt 0.71959835 0.71959835
vt 0.81758279 0.87848043
vt 0.69962347 0.73790199
vt 0.78338754 0.90471941
vt 0.66898227 0.96427500
vt 0.15063894 0.84936106
vt 0.28040162 0.71959835
vt 0.12151954 0.81758279
vt 0.26209798 0.69962347
vt 0.02276392 0.62787503
vt 0.20002304 0.58037859
vt 0.20817000 0.60621744
vt 0.01343490 0.58579457
vt 0.15063894 0.15063894
vt 0.28040162 0.28040162
vt 0.18241718 0.12151954
vt 0.09528061 0.78338754
vt 0.24560496 0.67812932
vt 0.07212184 0.74703556
vt 0.23104802 0.65527952
vt 0.05221947 0.70880347
vt 0.21853796 0.63124788
vt 0.03572499 0.66898227
vt 0.97723609 0.37212497
vt 0.79997694 0.41962141
vt 0.79183000 0.39378256
vt 0.98656511 0.41420543
vt 0.80584091 0.44607198
vt 0.92787814 0.25296444
vt 0.76895201 0.34472048
vt 0.94778055 0.29119653
vt 0.78146207 0.36875209
vt 0.96427500 0.33101770
vt 0.99219108 0.45693886
vt 0.80937725 0.47293299
vt 0.99407113 0.50000000
vt 0.98611110 1
vt 1 1
vt 1 0
vt 0.97222221 1
vt 0.98611110 0
vt 0.95833331 1
vt 0.97222221 0
vt 0.94444442 1
vt 0.95833331 0
vt 0.93055558 1
vt 0.94444442 0
vt 0.91666669 1
vt 0.93055558 0
vt 0.90277779 1
vt 0.91666669 0
vt 0.88888890 1
vt 0.90277779 0
vt 0.87500000 1
vt 0.88888890 0
vt 0.86111110 1
vt 0.87500000 0
vt 0.84722221 1
vt 0.86111110 0
vt 0.83333331 1
vt 0.84722221 0
vt 0.81944442 1
vt 0.83333331 0
vt 0.80555558 1
vt 0.81944442 0
vt 0.79166669 1
vt 0.80555558 0
vt 0.77777779 1
vt 0.79166669 0
vt 0.76388890 1
vt 0.77777779 0
vt 0.75000000 1
vt 0.76388890 0
vt 0.73611110 1
vt 0.75000000 0
vt 0.72222221 1
vt 0.73611110 0
vt 0.70833331 1
vt 0.72222221 0
vt 0.69444442 1
vt 0.70833331 0
vt 0.68055558 1
vt 0.69444442 0
vt 0.66666669 1
vt 0.68055558 0
vt 0.65277779 1
vt 0.66666669 0
vt 0.63888890 1
vt 0.65277779 0
vt 0.62500000 1
vt 0.63888890 0
vt 0.61111110 1
vt 0.62500000 0
vt 0.59722221 1
vt 0.61111110 0
vt 0.58333331 1
vt 0.59722221 0
vt 0.56944442 1
vt 0.58333331 0
vt 0.55555558 1
vt 0.56944442 0
vt 0.54166669 1
vt 0.55555558 0
vt 0.52777779 1
vt 0.54166669 0
vt 0.51388890 1
vt 0.52777779 0
vt 0.50000000 1
vt 0.51388890 0
vt 0.48611110 1
vt 0.50000000 0
vt 0.47222221 1
vt 0.48611110 0
vt 0.45833334 1
vt 0.47222221 0
vt 0.44444445 1
vt 0.45833334 0
vt 0.43055555 1
vt 0.44444445 0
vt 0.41666666 1
vt 0.43055555 0
vt 0.40277779 1
vt 0.41666666 0
vt 0.38888890 1
vt 0.40277779 0
vt 0.37500000 1
vt 0.38888890 0
vt 0.36111110 1
vt 0.37500000 0
vt 0.34722221 1
vt 0.36111110 0
vt 0.33333334 1
vt 0.34722221 0
vt 0.31944445 1
vt 0.33333334 0
vt 0.30555555 1
vt 0.31944445 0
vt 0.29166666 1
vt 0.30555555 0
vt 0.27777779 1
vt 0.29166666 0
vt 0.26388890 1
vt 0.27777779 0
vt 0.25000000 1
vt 0.26388890 0
vt 0.23611110 1
vt 0.25000000 0
vt 0.22222222 1
vt 0.23611110 0
vt 0.20833333 1
vt 0.22222222 0
vt 0.19444445 1
vt 0.20833333 0
vt 0.18055555 1
vt 0.19444445 0
vt 0.16666667 1
vt 0.18055555 0
vt 0.15277778 1
vt 0.16666667 0
vt 0.13888890 1
vt 0.15277778 0
vt 0.12500000 1
vt 0.13888890 0
vt 0.11111111 1
vt 0.12500000 0
vt 0.09722222 1
vt 0.11111111 0
vt 0.08333334 1
vt 0.09722222 0
vt 0.06944445 1
vt 0.08333334 0
vt 0.05555556 1
vt 0.06944445 0
vt 0.04166667 1
vt 0.05555556 0
vt 0.02777778 1
vt 0.04166667 0
vt 0.01388889 1
vt 0.02777778 0
vt 0.01388889 0
vt 0 1
vt 0 0
vt 0.01388889 0
vt 0.01388889 1
vt 0.02777778 0
vt 0.02777778 1
vt 0.04166667 0
vt 0.04166667 1
vt 0.05555556 0
vt 0.05555556 1
vt 0.06944445 0
vt 0.06944445 1
vt 0.08333334 0
vt 0.08333334 1
vt 0.09722222 0
vt 0.09722222 1
vt 0.11111111 0
vt 0.11111111 1
vt 0.12500000 0
vt 0.12500000 1
vt 0.13888890 0
vt 0.13888890 1
vt 0.15277778 0
vt 0.15277778 1
vt 0.16666667 0
vt 0.16666667 1
vt 0.18055555 0
vt 0.18055555 1
vt 0.19444445 0
vt 0.19444445 1
vt 0.20833333 0
vt 0.20833333 1
vt 0.22222222 0
vt 0.22222222 1
vt 0.23611110 0
vt 0.23611110 1
vt 0.25000000 0
vt 0.25000000 1
vt 0.26388890 0
vt 0.26388890 1
vt 0.27777779 0
vt 0.27777779 1
vt 0.29166666 0
vt 0.29166666 1
vt 0.30555555 0
vt 0.30555555 1
vt 0.31944445 0
vt 0.31944445 1
vt 0.33333334 0
vt 0.33333334 1
vt 0.34722221 0
vt 0.34722221 1
vt 0.36111110 0
vt 0.36111110 1
vt 0.37500000 0
vt 0.37500000 1
vt 0.38888890 0
vt 0.38888890 1
vt 0.40277779 0
vt 0.40277779 1
vt 0.41666666 0
vt 0.41666666 1
vt 0.43055555 0
vt 0.43055555 1
vt 0.44444445 0
vt 0.44444445 1
vt 0.45833334 0
vt 0.45833334 1
vt 0.47222221 0
vt 0.47222221 1
vt 0.48611110 0
vt 0.48611110 1
vt 0.50000000 0
vt 0.50000000 1
vt 0.51388890 0
vt 0.51388890 1
vt 0.52777779 0
vt 0.52777779 1
vt 0.54166669 0
vt 0.54166669 1
vt 0.55555558 0
vt 0.55555558 1
vt 0.56944442 0
vt 0.56944442 1
vt 0.58333331 0
vt 0.58333331 1
vt 0.59722221 0
vt 0.59722221 1
vt 0.61111110 0
vt 0.61111110 1
vt 0.62500000 0
vt 0.62500000 1
vt 0.63888890 0
vt 0.63888890 1
vt 0.65277779 0
vt 0.65277779 1
vt 0.66666669 0
vt 0.66666669 1
vt 0.68055558 0
vt 0.68055558 1
vt 0.69444442 0
vt 0.69444442 1
vt 0.70833331 0
vt 0.70833331 1
vt 0.72222221 0
vt 0.72222221 1
vt 0.73611110 0
vt 0.73611110 1
vt 0.75000000 0
vt 0.75000000 1
vt 0.76388890 0
vt 0.76388890 1
vt 0.77777779 0
vt 0.77777779 1
vt 0.79166669 0
vt 0.79166669 1
vt 0.80555558 0
vt 0.80555558 1
vt 0.81944442 0
vt 0.81944442 1
vt 0.83333331 0
vt 0.83333331 1
vt 0.84722221 0
vt 0.84722221 1
vt 0.86111110 0
vt 0.86111110 1
vt 0.87500000 0
vt 0.87500000 1
vt 0.88888890 0
vt 0.88888890 1
vt 0.90277779 0
vt 0.90277779 1
vt 0.91666669 0
vt 0.91666669 1
vt 0.93055558 0
vt 0.93055558 1
vt 0.94444442 0
vt 0.94444442 1
vt 0.95833331 0
vt 0.95833331 1
vt 0.97222221 0
vt 0.97222221 1
vt 0.98611110 0
vt 0.98611110 1
vt 0.70880347 0.94778055
vt 0.58120137 0.67413688
vt 0.59606940 0.66639704
vt 0.66898227 0.96427500
vt 0.56571531 0.68055141
vt 0.29119653 0.94778055
vt 0.41879866 0.67413688
vt 0.43428466 0.68055141
vt 0.25296444 0.92787814
vt 0.40393060 0.66639704
vt 0.74703556 0.92787814
vt 0.61020631 0.65739089
vt 0.45693886 0.99219108
vt 0.48325402 0.69140762
vt 0.50000000 0.69213879
vt 0.41420543 0.98656511
vt 0.46663547 0.68921977
vt 0.21661243 0.90471941
vt 0.38979372 0.65739089
vt 0.15063894 0.15063894
vt 0.36413735 0.36413735
vt 0.35281315 0.37649557
vt 0.18241718 0.12151954
vt 0.37649557 0.35281315
vt 0.94778055 0.29119653
vt 0.67413688 0.41879866
vt 0.66639704 0.40393060
vt 0.96427500 0.33101770
vt 0.68055141 0.43428466
vt 0.99219108 0.45693886
vt 0.69140762 0.48325402
vt 0.68963820 0.46910223
vt 0.94778055 0.70880347
vt 0.67413688 0.58120137
vt 0.68055141 0.56571531
vt 0.92787814 0.74703556
vt 0.66639704 0.59606940
vt 0.84936106 0.84936106
vt 0.81758279 0.87848043
vt 0.62350440 0.64718682
vt 0.78338754 0.90471941
vt 0.62787503 0.97723609
vt 0.54972917 0.68559182
vt 0.37212497 0.97723609
vt 0.45027083 0.68559182
vt 0.33101770 0.96427500
vt 0.18241718 0.87848043
vt 0.37649557 0.64718682
vt 0.15063894 0.84936106
vt 0.36413735 0.63586265
vt 0.12151954 0.81758279
vt 0.35281315 0.62350440
vt 0.09528061 0.78338754
vt 0.34260914 0.61020631
vt 0.05221947 0.70880347
vt 0.32586312 0.58120137
vt 0.33360294 0.59606940
vt 0.03572499 0.66898227
vt 0.31944862 0.56571531
vt 0.09528061 0.21661243
vt 0.34260914 0.38979372
vt 0.33360294 0.40393060
vt 0.12151954 0.18241718
vt 0.21661243 0.09528061
vt 0.38979372 0.34260914
vt 0.90471941 0.21661243
vt 0.65739089 0.38979372
vt 0.64718682 0.37649557
vt 0.92787814 0.25296444
vt 0.97723609 0.37212497
vt 0.68559182 0.45027083
vt 0.98656511 0.41420543
vt 0.68921977 0.46663547
vt 0.97723609 0.62787503
vt 0.68559182 0.54972917
vt 0.68921977 0.53336453
vt 0.96427500 0.66898227
vt 0.90471941 0.78338754
vt 0.65739089 0.61020631
vt 0.87848043 0.81758279
vt 0.64718682 0.62350440
vt 0.63586265 0.63586265
vt 0.54306114 0.99219108
vt 0.51674598 0.69140762
vt 0.53336453 0.68921977
vt 0.50000000 0.99407113
vt 0.07212184 0.74703556
vt 0.02276392 0.62787503
vt 0.31440818 0.54972917
vt 0.01343490 0.58579457
vt 0.31078023 0.53336453
vt 0.05221947 0.29119653
vt 0.32586312 0.41879866
vt 0.31944862 0.43428466
vt 0.07212184 0.25296444
vt 0.25296444 0.07212184
vt 0.40393060 0.33360294
vt 0.29119653 0.05221947
vt 0.41879866 0.32586312
vt 0.33101770 0.03572499
vt 0.43428466 0.31944862
vt 0.37212497 0.02276392
vt 0.45027083 0.31440818
vt 0.45693886 0.00780894
vt 0.48325402 0.30859238
vt 0.46663547 0.31078023
vt 0.50000000 0.00592885
vt 0.50000000 0.30786121
vt 0.78338754 0.09528061
vt 0.61020631 0.34260914
vt 0.59606940 0.33360294
vt 0.81758279 0.12151954
vt 0.62350440 0.35281315
vt 0.84936106 0.15063894
vt 0.63586265 0.36413735
vt 0.87848043 0.18241718
vt 0.99407113 0.50000000
vt 0.69213879 0.50000000
vt 0.99219108 0.54306114
vt 0.69140762 0.51674598
vt 0.98656511 0.58579457
vt 0.58579457 0.98656511
vt 0.02276392 0.37212497
vt 0.31440818 0.45027083
vt 0.31078023 0.46663547
vt 0.03572499 0.33101770
vt 0.41420543 0.01343490
vt 0.00780894 0.54306114
vt 0.30859238 0.51674598
vt 0.00592885 0.50000000
vt 0.30786121 0.50000000
vt 0.70880347 0.05221947
vt 0.58120137 0.32586312
vt 0.56571531 0.31944862
vt 0.74703556 0.07212184
vt 0.00780894 0.45693886
vt 0.30859238 0.48325402
vt 0.01343490 0.41420543
vt 0.62787503 0.02276392
vt 0.54972917 0.31440818
vt 0.53336453 0.31078023
vt 0.66898227 0.03572499
vt 0.54306114 0.00780894
vt 0.51674598 0.30859238
vt 0.58579457 0.01343490
vt 0.98611110 1
vt 1 1
vt 1 0
vt 0.97222221 1
vt 0.98611110 0
vt 0.95833331 1
vt 0.97222221 0
vt 0.94444442 1
vt 0.95833331 0
vt 0.93055558 1
vt 0.94444442 0
vt 0.91666669 1
vt 0.93055558 0
vt 0.90277779 1
vt 0.91666669 0
vt 0.88888890 1
vt 0.90277779 0
vt 0.87500000 1
vt 0.88888890 0
vt 0.86111110 1
vt 0.87500000 0
vt 0.84722221 1
vt 0.86111110 0
vt 0.83333331 1
vt 0.84722221 0
vt 0.81944442 1
vt 0.83333331 0
vt 0.80555558 1
vt 0.81944442 0
vt 0.79166669 1
vt 0.80555558 0
vt 0.77777779 1
vt 0.79166669 0
vt 0.76388890 1
vt 0.77777779 0
vt 0.75000000 1
vt 0.76388890 0
vt 0.73611110 1
vt 0.75000000 0
vt 0.72222221 1
vt 0.73611110 0
vt 0.70833331 1
vt 0.72222221 0
vt 0.69444442 1
vt 0.70833331 0
vt 0.68055558 1
vt 0.69444442 0
vt 0.66666669 1
vt 0.68055558 0
vt 0.65277779 1
vt 0.66666669 0
vt 0.63888890 1
vt 0.65277779 0
vt 0.62500000 1
vt 0.63888890 0
vt 0.61111110 1
vt 0.62500000 0
vt 0.59722221 1
vt 0.61111110 0
vt 0.58333331 1
vt 0.59722221 0
vt 0.56944442 1
vt 0.58333331 0
vt 0.55555558 1
vt 0.56944442 0
vt 0.54166669 1
vt 0.55555558 0
vt 0.52777779 1
vt 0.54166669 0
vt 0.51388890 1
vt 0.52570528 1
vt 0.52570528 0
vt 0.52777779 0
vt 0.50000000 1
vt 0.51388890 0
vt 0.48611110 1
vt 0.50000000 0
vt 0.47222221 1
vt 0.48611110 0
vt 0.45833334 1
vt 0.47222221 0
vt 0.44444445 1
vt 0.45833334 0
vt 0.43055555 1
vt 0.44444445 0
vt 0.41666666 1
vt 0.43055555 0
vt 0.40277779 1
vt 0.41666666 0
vt 0.38888890 1
vt 0.40277779 0
vt 0.37500000 1
vt 0.38888890 0
vt 0.36111110 1
vt 0.37500000 0
vt 0.34722221 1
vt 0.36111110 0
vt 0.33333334 1
vt 0.34722221 0
vt 0.31944445 1
vt 0.33333334 0
vt 0.30555555 1
vt 0.31944445 0
vt 0.29166666 1
vt 0.30555555 0
vt 0.27777779 1
vt 0.29166666 0
vt 0.26388890 1
vt 0.27777779 0
vt 0.25000000 1
vt 0.26388890 0
vt 0.23611110 1
vt 0.25000000 0
vt 0.22222222 1
vt 0.23611110 0
vt 0.20833333 1
vt 0.22222222 0
vt 0.19444445 1
vt 0.20833333 0
vt 0.18055555 1
vt 0.19444445 0
vt 0.16666667 1
vt 0.18055555 0
vt 0.15277778 1
vt 0.16666667 0
vt 0.13888890 1
vt 0.15277778 0
vt 0.12500000 1
vt 0.13888890 0
vt 0.11111111 1
vt 0.12500000 0
vt 0.09722222 1
vt 0.11111111 0
vt 0.08333334 1
vt 0.09722222 0
vt 0.06944445 1
vt 0.08333334 0
vt 0.05555556 1
vt 0.06944445 0
vt 0.04166667 1
vt 0.05555556 0
vt 0.02777778 1
vt 0.04166667 0
vt 0.01388889 1
vt 0.02777778 0
vt 0.01388889 0
vt 0.62787503 0.02276392
vt 0.58037859 0.20002304
vt 0.55392802 0.19415908
vt 0.66898227 0.03572499
vt 0.60621744 0.20817000
vt 0.97723609 0.62787503
vt 0.79997694 0.58037859
vt 0.80584091 0.55392802
vt 0.96427500 0.66898227
vt 0.79183000 0.60621744
vt 0.02276392 0.37212497
vt 0.20002304 0.41962141
vt 0.19415908 0.44607198
vt 0.03572499 0.33101770
vt 0.20817000 0.39378256
vt 0.70880347 0.05221947
vt 0.63124788 0.21853796
vt 0.78338754 0.09528061
vt 0.67812932 0.24560496
vt 0.65527952 0.23104802
vt 0.81758279 0.12151954
vt 0.69962347 0.26209798
vt 0.94778055 0.70880347
vt 0.78146207 0.63124788
vt 0.37212497 0.97723609
vt 0.41962141 0.79997694
vt 0.44607198 0.80584091
vt 0.33101770 0.96427500
vt 0.39378256 0.79183000
vt 0.05221947 0.29119653
vt 0.21853796 0.36875209
vt 0.74703556 0.07212184
vt 0.84936106 0.15063894
vt 0.71959835 0.28040162
vt 0.92787814 0.74703556
vt 0.76895201 0.65527952
vt 0.90471941 0.78338754
vt 0.75439507 0.67812932
vt 0.87848043 0.81758279
vt 0.73790199 0.69962347
vt 0.29119653 0.94778055
vt 0.36875209 0.78146207
vt 0.00780894 0.54306114
vt 0.19062276 0.52706701
vt 0.19415908 0.55392802
vt 0.00592885 0.50000000
vt 0.18944100 0.50000000
vt 0.00780894 0.45693886
vt 0.19062276 0.47293299
vt 0.01343490 0.41420543
vt 0.07212184 0.25296444
vt 0.23104802 0.34472048
vt 0.09528061 0.21661243
vt 0.24560496 0.32187068
vt 0.12151954 0.18241718
vt 0.26209798 0.30037650
vt 0.21661243 0.09528061
vt 0.32187068 0.24560496
vt 0.30037650 0.26209798
vt 0.25296444 0.07212184
vt 0.34472048 0.23104802
vt 0.37212497 0.02276392
vt 0.41962141 0.20002304
vt 0.39378256 0.20817000
vt 0.41420543 0.01343490
vt 0.44607198 0.19415908
vt 0.45693886 0.00780894
vt 0.47293299 0.19062276
vt 0.50000000 0.00592885
vt 0.50000000 0.18944100
vt 0.54306114 0.00780894
vt 0.52706701 0.19062276
vt 0.58579457 0.01343490
vt 0.87848043 0.18241718
vt 0.73790199 0.30037650
vt 0.90471941 0.21661243
vt 0.75439507 0.32187068
vt 0.99219108 0.54306114
vt 0.80937725 0.52706701
vt 0.81055903 0.50000000
vt 0.98656511 0.58579457
vt 0.74703556 0.92787814
vt 0.65527952 0.76895201
vt 0.67812932 0.75439507
vt 0.70880347 0.94778055
vt 0.63124788 0.78146207
vt 0.62787503 0.97723609
vt 0.58037859 0.79997694
vt 0.60621744 0.79183000
vt 0.58579457 0.98656511
vt 0.55392802 0.80584091
vt 0.54306114 0.99219108
vt 0.52706701 0.80937725
vt 0.50000000 0.99407113
vt 0.50000000 0.81055903
vt 0.45693886 0.99219108
vt 0.47293299 0.80937725
vt 0.41420543 0.98656511
vt 0.25296444 0.92787814
vt 0.34472048 0.76895201
vt 0.21661243 0.90471941
vt 0.32187068 0.75439507
vt 0.18241718 0.87848043
vt 0.30037650 0.73790199
vt 0.29119653 0.05221947
vt 0.36875209 0.21853796
vt 0.33101770 0.03572499
vt 0.84936106 0.84936106
vt 0.71959835 0.71959835
vt 0.81758279 0.87848043
vt 0.69962347 0.73790199
vt 0.78338754 0.90471941
vt 0.66898227 0.96427500
vt 0.15063894 0.84936106
vt 0.28040162 0.71959835
vt 0.12151954 0.81758279
vt 0.26209798 0.69962347
vt 0.02276392 0.62787503
vt 0.20002304 0.58037859
vt 0.20817000 0.60621744
vt 0.01343490 0.58579457
vt 0.15063894 0.15063894
vt 0.28040162 0.28040162
vt 0.18241718 0.12151954
vt 0.09528061 0.78338754
vt 0.24560496 0.67812932
vt 0.07212184 0.74703556
vt 0.23104802 0.65527952
vt 0.05221947 0.70880347
vt 0.21853796 0.63124788
vt 0.03572499 0.66898227
vt 0.97723609 0.37212497
vt 0.79997694 0.41962141
vt 0.79183000 0.39378256
vt 0.98656511 0.41420543
vt 0.80584091 0.44607198
vt 0.92787814 0.25296444
vt 0.76895201 0.34472048
vt 0.94778055 0.29119653
vt 0.78146207 0.36875209
vt 0.96427500 0.33101770
vt 0.98764104 0.42054859
vt 0.99219108 0.45693886
vt 0.80937725 0.47293299
vt 0.99407113 0.50000000
vt 0.98611110 1
vt 1 1
vt 1 0
vt 0.97222221 1
vt 0.98611110 0
vt 0.95833331 1
vt 0.97222221 0
vt 0.94444442 1
vt 0.95833331 0
vt 0.93055558 1
vt 0.94444442 0
vt 0.91666669 1
vt 0.93055558 0
vt 0.90277779 1
vt 0.91666669 0
vt 0.88888890 1
vt 0.90277779 0
vt 0.87500000 1
vt 0.88888890 0
vt 0.86111110 1
vt 0.87500000 0
vt 0.84722221 1
vt 0.86111110 0
vt 0.83333331 1
vt 0.84722221 0
vt 0.81944442 1
vt 0.83333331 0
vt 0.80555558 1
vt 0.81944442 0
vt 0.79166669 1
vt 0.80555558 0
vt 0.77777779 1
vt 0.79166669 0
vt 0.76388890 1
vt 0.77777779 0
vt 0.75000000 1
vt 0.76388890 0
vt 0.73611110 1
vt 0.75000000 0
vt 0.72222221 1
vt 0.73611110 0
vt 0.70833331 1
vt 0.72222221 0
vt 0.69444442 1
vt 0.70833331 0
vt 0.68055558 1
vt 0.69444442 0
vt 0.66666669 1
vt 0.68055558 0
vt 0.65277779 1
vt 0.66666669 0
vt 0.63888890 1
vt 0.65277779 0
vt 0.62500000 1
vt 0.63888890 0
vt 0.61111110 1
vt 0.62500000 0
vt 0.59722221 1
vt 0.61111110 0
vt 0.58333331 1
vt 0.59722221 0
vt 0.56944442 1
vt 0.58333331 0
vt 0.55555558 1
vt 0.56944442 0
vt 0.54166669 1
vt 0.55555558 0
vt 0.52777779 1
vt 0.54166669 0
vt 0.51388890 1
vt 0.52777779 0
vt 0.50000000 1
vt 0.51388890 0
vt 0.48611110 1
vt 0.50000000 0
vt 0.47222221 1
vt 0.48611110 0
vt 0.45833334 1
vt 0.47222221 0
vt 0.44444445 1
vt 0.45833334 0
vt 0.43055555 1
vt 0.44444445 0
vt 0.41666666 1
vt 0.43055555 0
vt 0.40277779 1
vt 0.41666666 0
vt 0.38888890 1
vt 0.40277779 0
vt 0.37500000 1
vt 0.38888890 0
vt 0.36111110 1
vt 0.37500000 0
vt 0.34722221 1
vt 0.36111110 0
vt 0.33333334 1
vt 0.34722221 0
vt 0.31944445 1
vt 0.33333334 0
vt 0.30555555 1
vt 0.31944445 0
vt 0.29166666 1
vt 0.30555555 0
vt 0.27777779 1
vt 0.29166666 0
vt 0.26388890 1
vt 0.27777779 0
vt 0.25000000 1
vt 0.26388890 0
vt 0.23611110 1
vt 0.25000000 0
vt 0.22222222 1
vt 0.23611110 0
vt 0.20833333 1
vt 0.22222222 0
vt 0.19444445 1
vt 0.20833333 0
vt 0.18055555 1
vt 0.19444445 0
vt 0.16666667 1
vt 0.18055555 0
vt 0.15277778 1
vt 0.16666667 0
vt 0.13888890 1
vt 0.15277778 0
vt 0.12500000 1
vt 0.13888890 0
vt 0.11111111 1
vt 0.12500000 0
vt 0.09722222 1
vt 0.11111111 0
vt 0.08333334 1
vt 0.09722222 0
vt 0.06944445 1
vt 0.08333334 0
vt 0.05555556 1
vt 0.06944445 0
vt 0.04166667 1
vt 0.05555556 0
vt 0.02777778 1
vt 0.04166667 0
vt 0.01388889 1
vt 0.02777778 0
vt 0.01388889 0
vt 0 1
vt 0 0
vt 0.01388889 0
vt 0.01388889 1
vt 0.02777778 0
vt 0.02777778 1
vt 0.04166667 0
vt 0.04166667 1
vt 0.05555556 0
vt 0.05555556 1
vt 0.06944445 0
vt 0.06944445 1
vt 0.08333334 0
vt 0.08333334 1
vt 0.09722222 0
vt 0.09722222 1
vt 0.11111111 0
vt 0.11111111 1
vt 0.12500000 0
vt 0.12500000 1
vt 0.13888890 0
vt 0.13888890 1
vt 0.15277778 0
vt 0.15277778 1
vt 0.16666667 0
vt 0.16666667 1
vt 0.18055555 0
vt 0.18055555 1
vt 0.19444445 0
vt 0.19444445 1
vt 0.20833333 0
vt 0.20833333 1
vt 0.22222222 0
vt 0.22222222 1
vt 0.23611110 0
vt 0.23611110 1
vt 0.25000000 0
vt 0.25000000 1
vt 0.26388890 0
vt 0.26388890 1
vt 0.27777779 0
vt 0.27777779 1
vt 0.29166666 0
vt 0.29166666 1
vt 0.30555555 0
vt 0.30555555 1
vt 0.31944445 0
vt 0.31944445 1
vt 0.33333334 0
vt 0.33333334 1
vt 0.34722221 0
vt 0.34722221 1
vt 0.36111110 0
vt 0.36111110 1
vt 0.37500000 0
vt 0.37500000 1
vt 0.38888890 0
vt 0.38888890 1
vt 0.40277779 0
vt 0.40277779 1
vt 0.41666666 0
vt 0.41666666 1
vt 0.43055555 0
vt 0.43055555 1
vt 0.44444445 0
vt 0.44444445 1
vt 0.45833334 0
vt 0.45833334 1
vt 0.47222221 0
vt 0.47222221 1
vt 0.48611110 0
vt 0.48611110 1
vt 0.50000000 0
vt 0.50000000 1
vt 0.51388890 0
vt 0.51388890 1
vt 0.52777779 0
vt 0.52777779 1
vt 0.54166669 0
vt 0.54166669 1
vt 0.55555558 0
vt 0.55555558 1
vt 0.56944442 0
vt 0.56944442 1
vt 0.58333331 0
vt 0.58333331 1
vt 0.59722221 0
vt 0.59722221 1
vt 0.61111110 0
vt 0.61111110 1
vt 0.62500000 0
vt 0.62500000 1
vt 0.63888890 0
vt 0.63888890 1
vt 0.65277779 0
vt 0.65277779 1
vt 0.66666669 0
vt 0.66666669 1
vt 0.68055558 0
vt 0.68055558 1
vt 0.69444442 0
vt 0.69444442 1
vt 0.70833331 0
vt 0.70833331 1
vt 0.72222221 0
vt 0.72222221 1
vt 0.73611110 0
vt 0.73611110 1
vt 0.75000000 0
vt 0.75000000 1
vt 0.76388890 0
vt 0.76388890 1
vt 0.77777779 0
vt 0.77777779 1
vt 0.79166669 0
vt 0.79166669 1
vt 0.80555558 0
vt 0.80555558 1
vt 0.81944442 0
vt 0.81944442 1
vt 0.83333331 0
vt 0.83333331 1
vt 0.84722221 0
vt 0.84722221 1
vt 0.86111110 0
vt 0.86111110 1
vt 0.87500000 0
vt 0.87500000 1
vt 0.88888890 0
vt 0.88888890 1
vt 0.90277779 0
vt 0.90277779 1
vt 0.91666669 0
vt 0.91666669 1
vt 0.93055558 0
vt 0.93055558 1
vt 0.94444442 0
vt 0.94444442 1
vt 0.95833331 0
vt 0.95833331 1
vt 0.97222221 0
vt 0.97222221 1
vt 0.98611110 0
vt 0.98611110 1
vt 0.97723609 0.62787503
vt 0.68559182 0.54972917
vt 0.68921977 0.53336453
vt 0.96427500 0.66898227
vt 0.68055141 0.56571531
vt 0.94778055 0.70880347
vt 0.67413688 0.58120137
vt 0.87848043 0.81758279
vt 0.64718682 0.62350440
vt 0.65739089 0.61020631
vt 0.84936106 0.84936106
vt 0.63586265 0.63586265
vt 0.70880347 0.94778055
vt 0.58120137 0.67413688
vt 0.59606940 0.66639704
vt 0.66898227 0.96427500
vt 0.56571531 0.68055141
vt 0.54306114 0.99219108
vt 0.51674598 0.69140762
vt 0.53336453 0.68921977
vt 0.50000000 0.99407113
vt 0.50000000 0.69213879
vt 0.45693886 0.99219108
vt 0.48325402 0.69140762
vt 0.41420543 0.98656511
vt 0.46663547 0.68921977
vt 0.29119653 0.94778055
vt 0.41879866 0.67413688
vt 0.43428466 0.68055141
vt 0.25296444 0.92787814
vt 0.40393060 0.66639704
vt 0.15063894 0.84936106
vt 0.12151954 0.81758279
vt 0.35281315 0.62350440
vt 0.09528061 0.78338754
vt 0.34260914 0.61020631
vt 0.05221947 0.70880347
vt 0.32586312 0.58120137
vt 0.33360294 0.59606940
vt 0.03572499 0.66898227
vt 0.31944862 0.56571531
vt 0.81758279 0.12151954
vt 0.62350440 0.35281315
vt 0.61020631 0.34260914
vt 0.84936106 0.15063894
vt 0.63586265 0.36413735
vt 0.97723609 0.37212497
vt 0.68559182 0.45027083
vt 0.68055141 0.43428466
vt 0.98656511 0.41420543
vt 0.68921977 0.46663547
vt 0.92787814 0.74703556
vt 0.66639704 0.59606940
vt 0.81758279 0.87848043
vt 0.62350440 0.64718682
vt 0.78338754 0.90471941
vt 0.61020631 0.65739089
vt 0.74703556 0.92787814
vt 0.62787503 0.97723609
vt 0.54972917 0.68559182
vt 0.58579457 0.98656511
vt 0.37212497 0.97723609
vt 0.45027083 0.68559182
vt 0.33101770 0.96427500
vt 0.21661243 0.90471941
vt 0.38979372 0.65739089
vt 0.18241718 0.87848043
vt 0.37649557 0.64718682
vt 0.36413735 0.63586265
vt 0.07212184 0.74703556
vt 0.02276392 0.62787503
vt 0.31440818 0.54972917
vt 0.01343490 0.58579457
vt 0.31078023 0.53336453
vt 0.03572499 0.33101770
vt 0.31944862 0.43428466
vt 0.31440818 0.45027083
vt 0.05221947 0.29119653
vt 0.32586312 0.41879866
vt 0.09528061 0.21661243
vt 0.34260914 0.38979372
vt 0.33360294 0.40393060
vt 0.12151954 0.18241718
vt 0.35281315 0.37649557
vt 0.66898227 0.03572499
vt 0.56571531 0.31944862
vt 0.54972917 0.31440818
vt 0.70880347 0.05221947
vt 0.58120137 0.32586312
vt 0.78338754 0.09528061
vt 0.59606940 0.33360294
vt 0.87848043 0.18241718
vt 0.64718682 0.37649557
vt 0.90471941 0.21661243
vt 0.65739089 0.38979372
vt 0.92787814 0.25296444
vt 0.66639704 0.40393060
vt 0.94778055 0.29119653
vt 0.67413688 0.41879866
vt 0.96427500 0.33101770
vt 0.99219108 0.54306114
vt 0.69140762 0.51674598
vt 0.69213879 0.50000000
vt 0.98656511 0.58579457
vt 0.90471941 0.78338754
vt 0.00780894 0.54306114
vt 0.30859238 0.51674598
vt 0.00592885 0.50000000
vt 0.30786121 0.50000000
vt 0.02276392 0.37212497
vt 0.31078023 0.46663547
vt 0.07212184 0.25296444
vt 0.62787503 0.02276392
vt 0.53336453 0.31078023
vt 0.15063894 0.15063894
vt 0.36413735 0.36413735
vt 0.18241718 0.12151954
vt 0.37649557 0.35281315
vt 0.33101770 0.03572499
vt 0.43428466 0.31944862
vt 0.41879866 0.32586312
vt 0.37212497 0.02276392
vt 0.45027083 0.31440818
vt 0.74703556 0.07212184
vt 0.00780894 0.45693886
vt 0.30859238 0.48325402
vt 0.01343490 0.41420543
vt 0.29119653 0.05221947
vt 0.40393060 0.33360294
vt 0.54306114 0.00780894
vt 0.51674598 0.30859238
vt 0.50000000 0.30786121
vt 0.58579457 0.01343490
vt 0.41420543 0.01343490
vt 0.46663547 0.31078023
vt 0.45693886 0.00780894
vt 0.48325402 0.30859238
vt 0.50000000 0.00592885
vt 0.99219108 0.45693886
vt 0.69140762 0.48325402
vt 0.99407113 0.50000000
vt 0.21661243 0.09528061
vt 0.38979372 0.34260914
vt 0.25296444 0.07212184
vt 0.98611110 1
vt 1 1
vt 1 0
vt 0.97222221 1
vt 0.98611110 0
vt 0.95833331 1
vt 0.97222221 0
vt 0.94444442 1
vt 0.95833331 0
vt 0.93055558 1
vt 0.94444442 0
vt 0.91666669 1
vt 0.93055558 0
vt 0.90277779 1
vt 0.91666669 0
vt 0.88888890 1
vt 0.90277779 0
vt 0.87500000 1
vt 0.88888890 0
vt 0.86111110 1
vt 0.87500000 0
vt 0.84722221 1
vt 0.86111110 0
vt 0.83333331 1
vt 0.84722221 0
vt 0.81944442 1
vt 0.83333331 0
vt 0.80555558 1
vt 0.81944442 0
vt 0.79166669 1
vt 0.80555558 0
vt 0.77777779 1
vt 0.79166669 0
vt 0.76388890 1
vt 0.77777779 0
vt 0.75000000 1
vt 0.76388890 0
vt 0.73611110 1
vt 0.75000000 0
vt 0.72222221 1
vt 0.73611110 0
vt 0.70833331 1
vt 0.72222221 0
vt 0.69444442 1
vt 0.70833331 0
vt 0.68055558 1
vt 0.69444442 0
vt 0.66666669 1
vt 0.68055558 0
vt 0.65277779 1
vt 0.66666669 0
vt 0.63888890 1
vt 0.65277779 0
vt 0.62500000 1
vt 0.63888890 0
vt 0.61111110 1
vt 0.62500000 0
vt 0.59722221 1
vt 0.61111110 0
vt 0.58333331 1
vt 0.59722221 0
vt 0.56944442 1
vt 0.58333331 0
vt 0.55555558 1
vt 0.56944442 0
vt 0.54166669 1
vt 0.55555558 0
vt 0.52777779 1
vt 0.54166669 0
vt 0.51388890 1
vt 0.52777779 0
vt 0.50000000 1
vt 0.51388890 0
vt 0.48611110 1
vt 0.50000000 0
vt 0.47222221 1
vt 0.48611110 0
vt 0.45833334 1
vt 0.47222221 0
vt 0.44444445 1
vt 0.45833334 0
vt 0.43055555 1
vt 0.44444445 0
vt 0.41666666 1
vt 0.43055555 0
vt 0.40277779 1
vt 0.41666666 0
vt 0.38888890 1
vt 0.40277779 0
vt 0.37500000 1
vt 0.38888890 0
vt 0.36111110 1
vt 0.37500000 0
vt 0.34722221 1
vt 0.36111110 0
vt 0.33333334 1
vt 0.34722221 0
vt 0.31944445 1
vt 0.33333334 0
vt 0.30555555 1
vt 0.31944445 0
vt 0.29166666 1
vt 0.30555555 0
vt 0.27777779 1
vt 0.29166666 0
vt 0.26388890 1
vt 0.27777779 0
vt 0.25000000 1
vt 0.26388890 0
vt 0.23611110 1
vt 0.25000000 0
vt 0.22222222 1
vt 0.23611110 0
vt 0.20833333 1
vt 0.22222222 0
vt 0.19444445 1
vt 0.20833333 0
vt 0.18055555 1
vt 0.19444445 0
vt 0.16666667 1
vt 0.18055555 0
vt 0.15277778 1
vt 0.16666667 0
vt 0.13888890 1
vt 0.15277778 0
vt 0.12500000 1
vt 0.13888890 0
vt 0.11111111 1
vt 0.12500000 0
vt 0.09722222 1
vt 0.11111111 0
vt 0.08333334 1
vt 0.09722222 0
vt 0.06944445 1
vt 0.08333334 0
vt 0.05555556 1
vt 0.06944445 0
vt 0.04166667 1
vt 0.05555556 0
vt 0.02777778 1
vt 0.04166667 0
vt 0.01388889 1
vt 0.02777778 0
vt 0.01388889 0
vt 0.96427500 0.66898227
vt 0.94778055 0.70880347
vt 0.78146207 0.63124788
vt 0.92787814 0.74703556
vt 0.76895201 0.65527952
vt 0.37212497 0.97723609
vt 0.41962141 0.79997694
vt 0.44607198 0.80584091
vt 0.33101770 0.96427500
vt 0.39378256 0.79183000
vt 0.79183000 0.60621744
vt 0.79997694 0.58037859
vt 0.90471941 0.78338754
vt 0.75439507 0.67812932
vt 0.87848043 0.81758279
vt 0.73790199 0.69962347
vt 0.29119653 0.94778055
vt 0.36875209 0.78146207
vt 0.54306114 0.99219108
vt 0.52706701 0.80937725
vt 0.55392802 0.80584091
vt 0.50000000 0.99407113
vt 0.50000000 0.81055903
vt 0.45693886 0.99219108
vt 0.47293299 0.80937725
vt 0.41420543 0.98656511
vt 0.25296444 0.92787814
vt 0.34472048 0.76895201
vt 0.21661243 0.90471941
vt 0.32187068 0.75439507
vt 0.18241718 0.87848043
vt 0.30037650 0.73790199
vt 0.03572499 0.66898227
vt 0.20817000 0.60621744
vt 0.21853796 0.63124788
vt 0.02276392 0.62787503
vt 0.20002304 0.58037859
vt 0.07212184 0.25296444
vt 0.09528061 0.21661243
vt 0.24560496 0.32187068
vt 0.12151954 0.18241718
vt 0.26209798 0.30037650
vt 0.78338754 0.09528061
vt 0.67812932 0.24560496
vt 0.65527952 0.23104802
vt 0.81758279 0.12151954
vt 0.69962347 0.26209798
vt 0.92787814 0.25296444
vt 0.76895201 0.34472048
vt 0.75439507 0.32187068
vt 0.94778055 0.29119653
vt 0.78146207 0.36875209
vt 0.99219108 0.54306114
vt 0.80937725 0.52706701
vt 0.81055903 0.50000000
vt 0.98656511 0.58579457
vt 0.80584091 0.55392802
vt 0.97723609 0.62787503
vt 0.74703556 0.92787814
vt 0.65527952 0.76895201
vt 0.67812932 0.75439507
vt 0.70880347 0.94778055
vt 0.63124788 0.78146207
vt 0.62787503 0.97723609
vt 0.58037859 0.79997694
vt 0.60621744 0.79183000
vt 0.58579457 0.98656511
vt 0.01343490 0.58579457
vt 0.19415908 0.55392802
vt 0.00780894 0.54306114
vt 0.19062276 0.52706701
vt 0.00592885 0.50000000
vt 0.18944100 0.50000000
vt 0.03572499 0.33101770
vt 0.05221947 0.29119653
vt 0.21853796 0.36875209
vt 0.23104802 0.34472048
vt 0.15063894 0.15063894
vt 0.28040162 0.28040162
vt 0.21661243 0.09528061
vt 0.25296444 0.07212184
vt 0.34472048 0.23104802
vt 0.29119653 0.05221947
vt 0.36875209 0.21853796
vt 0.37212497 0.02276392
vt 0.41962141 0.20002304
vt 0.39378256 0.20817000
vt 0.41420543 0.01343490
vt 0.44607198 0.19415908
vt 0.62787503 0.02276392
vt 0.58037859 0.20002304
vt 0.55392802 0.19415908
vt 0.66898227 0.03572499
vt 0.60621744 0.20817000
vt 0.74703556 0.07212184
vt 0.63124788 0.21853796
vt 0.90471941 0.21661243
vt 0.73790199 0.30037650
vt 0.84936106 0.84936106
vt 0.71959835 0.71959835
vt 0.81758279 0.87848043
vt 0.69962347 0.73790199
vt 0.78338754 0.90471941
vt 0.66898227 0.96427500
vt 0.15063894 0.84936106
vt 0.28040162 0.71959835
vt 0.12151954 0.81758279
vt 0.26209798 0.69962347
vt 0.07212184 0.74703556
vt 0.23104802 0.65527952
vt 0.24560496 0.67812932
vt 0.05221947 0.70880347
vt 0.00780894 0.45693886
vt 0.19062276 0.47293299
vt 0.01343490 0.41420543
vt 0.19415908 0.44607198
vt 0.02276392 0.37212497
vt 0.20002304 0.41962141
vt 0.20817000 0.39378256
vt 0.33101770 0.03572499
vt 0.45693886 0.00780894
vt 0.47293299 0.19062276
vt 0.58579457 0.01343490
vt 0.52706701 0.19062276
vt 0.84936106 0.15063894
vt 0.71959835 0.28040162
vt 0.87848043 0.18241718
vt 0.96427500 0.33101770
vt 0.79183000 0.39378256
vt 0.97723609 0.37212497
vt 0.79997694 0.41962141
vt 0.09528061 0.78338754
vt 0.18241718 0.12151954
vt 0.30037650 0.26209798
vt 0.32187068 0.24560496
vt 0.70880347 0.05221947
vt 0.98656511 0.41420543
vt 0.80584091 0.44607198
vt 0.99219108 0.45693886
vt 0.80937725 0.47293299
vt 0.99407113 0.50000000
vt 0.50000000 0.00592885
vt 0.50000000 0.18944100
vt 0.54306114 0.00780894
vt 0.98611110 1
vt 1 1
vt 1 0
vt 0.97222221 1
vt 0.98611110 0
vt 0.95833331 1
vt 0.97222221 0
vt 0.94444442 1
vt 0.95833331 0
vt 0.93055558 1
vt 0.94444442 0
vt 0.91666669 1
vt 0.93055558 0
vt 0.90277779 1
vt 0.91666669 0
vt 0.88888890 1
vt 0.90277779 0
vt 0.87500000 1
vt 0.88888890 0
vt 0.86111110 1
vt 0.87500000 0
vt 0.84722221 1
vt 0.86111110 0
vt 0.83333331 1
vt 0.84722221 0
vt 0.81944442 1
vt 0.83333331 0
vt 0.80555558 1
vt 0.81944442 0
vt 0.79166669 1
vt 0.80555558 0
vt 0.77777779 1
vt 0.79166669 0
vt 0.76388890 1
vt 0.77777779 0
vt 0.75000000 1
vt 0.76388890 0
vt 0.73611110 1
vt 0.75000000 0
vt 0.72222221 1
vt 0.73611110 0
vt 0.70833331 1
vt 0.72222221 0
vt 0.69444442 1
vt 0.70833331 0
vt 0.68055558 1
vt 0.69444442 0
vt 0.66666669 1
vt 0.68055558 0
vt 0.65277779 1
vt 0.66666669 0
vt 0.63888890 1
vt 0.65277779 0
vt 0.62500000 1
vt 0.63888890 0
vt 0.61111110 1
vt 0.62500000 0
vt 0.59722221 1
vt 0.61111110 0
vt 0.58333331 1
vt 0.59722221 0
vt 0.56944442 1
vt 0.58333331 0
vt 0.55555558 1
vt 0.56944442 0
vt 0.54166669 1
vt 0.55555558 0
vt 0.52777779 1
vt 0.54166669 0
vt 0.51388890 1
vt 0.52777779 0
vt 0.50000000 1
vt 0.51388890 0
vt 0.48611110 1
vt 0.50000000 0
vt 0.47222221 1
vt 0.48611110 0
vt 0.45833334 1
vt 0.47222221 0
vt 0.44444445 1
vt 0.45833334 0
vt 0.43055555 1
vt 0.44444445 0
vt 0.41666666 1
vt 0.43055555 0
vt 0.40277779 1
vt 0.41666666 0
vt 0.38888890 1
vt 0.40277779 0
vt 0.37500000 1
vt 0.38888890 0
vt 0.36111110 1
vt 0.37500000 0
vt 0.34722221 1
vt 0.36111110 0
vt 0.33333334 1
vt 0.34722221 0
vt 0.31944445 1
vt 0.33333334 0
vt 0.30555555 1
vt 0.31944445 0
vt 0.29166666 1
vt 0.30555555 0
vt 0.27777779 1
vt 0.29166666 0
vt 0.26388890 1
vt 0.27777779 0
vt 0.25000000 1
vt 0.26388890 0
vt 0.23611110 1
vt 0.25000000 0
vt 0.22222222 1
vt 0.23611110 0
vt 0.20833333 1
vt 0.22222222 0
vt 0.19444445 1
vt 0.20833333 0
vt 0.18055555 1
vt 0.19444445 0
vt 0.16666667 1
vt 0.18055555 0
vt 0.15277778 1
vt 0.16666667 0
vt 0.13888890 1
vt 0.15277778 0
vt 0.12500000 1
vt 0.13888890 0
vt 0.11111111 1
vt 0.12500000 0
vt 0.09722222 1
vt 0.11111111 0
vt 0.08333334 1
vt 0.09722222 0
vt 0.06944445 1
vt 0.08333334 0
vt 0.05555556 1
vt 0.06944445 0
vt 0.04166667 1
vt 0.05555556 0
vt 0.02777778 1
vt 0.04166667 0
vt 0.01388889 1
vt 0.02777778 0
vt 0.01388889 0
vt 0.96820438 0.70214611
vt 0.94646662 0.70214611
vt 0.94646662 0
vt 0.81512368 1
vt 0.92472893 0.70214611
vt 0.90299118 0
vt 0.92472893 0
vt 0.88125342 0.70214611
vt 0.90299118 0.70214611
vt 0.85951573 0.70214611
vt 0.85951573 0
vt 0.83777797 0.70214611
vt 1 1
vt 0 0
vt 0.83777797 0
vt 0.81512368 0.51724136
vt 1 0
vt 0.98994213 0.70214611
vt 0.96820438 0
vt 0.88125342 0
vt 0 0.51724136
vt 0.98994213 0
vt 1 1
vt 0 0.71248645
vt 0 0.77040952
vt 0 0.60352212
vt 1 0
vt 0 0.01339447
vt 0 0
vt 0 1
vt 1 1
vt 0 1
vt 0 0
vt 1 0
vt 1 0.00000000
vt 0.00000000 0.00000000
vt -0.00000000 0.98967278
vt 1 0.99403578
vt -0.00000000 0
vt -0.00000000 1
vt 1 0.60087317
vt 1 0.01333568
vt 1 0.70935917
vt 1 0.76702809
vt 1 1
vt 1 0
vt 0 0
vt 0 1
vt 1 0.59564435
vt 1 0.01321964
vt 1 0.70318633
vt 1 0.76035345
vt 1 1
vt 1 0
vt 1 1
vt 0 1
vt 0 0
vt 1 0
vt 1 1
vt 0 0.70625931
vt 0 0.76367617
vt 0 0.59824735
vt 1 0
vt 0 0.01327740
vt 0 0
vt 0 1
vt 1 0
vt 0 0
vt 0 0.98971075
vt 1 0.99403578
vt 1 0
vt 1 1
vt 0 0.59050578
vt 0 0.01310559
vt 0 0.69712001
vt 0 0.75379390
vt 0 1
vt 0 0
vt 1 1
vt 0 1
vt 0 0
vt 1 0
vt 0 1
vt 1 0.70014006
vt 1 0.75705945
vt 1 0.59306395
vt 0 0
vt 1 0.01316237
vt 1 0
vt 1 1
vt 1 0
vt 0 0
vt 0 0.98974806
vt 1 0.99403578
vt 1 0
vt 1 1
vt 0 0.58545512
vt 0 0.01299350
vt 0 0.69115746
vt 0 0.74734664
vt 0 1
vt 0 0
vt 1 1
vt 0 1
vt 0 0
vt 1 0
vt 0 1
vt 1 0.69412595
vt 1 0.75055641
vt 1 0.58796960
vt 0 0
vt 1 0.01304930
vt 1 0
vt 1 1
vt 0.00000000 0.00000000
vt 1 0.00000000
vt 1 0.98978472
vt 0 0.99403578
vt 0.09168811 0.80283147
vt 0.24343933 0.80283147
vt 0.24343933 0.78034270
vt 0.38590357 0.80283147
vt 0.38590357 0.78034270
vt 0.60515296 0.80283147
vt 0.75661695 0.80283147
vt 0.75661695 0.78034270
vt 0.89917696 0.80283147
vt 0.89917696 0.78034270
vt 0.09168811 0.78034270
vt 0.24343933 0.73803717
vt 0.89917696 0.73803717
vt 0.09168811 0.73803717
vt 0.24343933 0.50891936
vt 0.38590357 0.73803717
vt 0.38590357 0.50891936
vt 0.75661695 0.73803717
vt 0.89917696 0.50891936
vt 0.38590357 0.25931671
vt 0.60515296 0.50891936
vt 0.75661695 0.50891936
vt 0.75661695 0.25931671
vt 0.89917696 0.25931671
vt 0.09168811 0.25931671
vt 0.24343933 0.25931671
vt 0.24343933 0.24261716
vt 0.38590357 0.24261716
vt 0.49945369 0.25931671
vt 0.49945369 0.24261716
vt 0.60515296 0.25931671
vt 0.60515296 0.24261716
vt 0.75661695 0.24261716
vt 0.89917696 0.24261716
vt 0.09168811 0.24261716
vt 0.24343933 0.20743677
vt 0.38590357 0.20743677
vt 0.39082083 0.22777271
vt 0.39046204 0.22758773
vt 0.39520061 0.22302303
vt 0.39500317 0.22374386
vt 0.39551094 0.22147529
vt 0.39537030 0.22226490
vt 0.39011154 0.22733071
vt 0.39299315 0.22733071
vt 0.39264268 0.22758773
vt 0.39333269 0.22700365
vt 0.39396864 0.22614978
vt 0.39365867 0.22660899
vt 0.39570102 0.21982573
vt 0.39562148 0.22066015
vt 0.49945369 0.20743677
vt 0.39576501 0.21812449
vt 0.39537030 0.21398407
vt 0.39551094 0.21477368
vt 0.38810155 0.22374386
vt 0.38790408 0.22302303
vt 0.38944602 0.22660899
vt 0.38913608 0.22614978
vt 0.38977200 0.22700365
vt 0.39155236 0.22792156
vt 0.39118519 0.22788428
vt 0.39228389 0.22777271
vt 0.39191952 0.22788428
vt 0.39426020 0.22562948
vt 0.39574897 0.21897836
vt 0.39570102 0.21642324
vt 0.39574897 0.21727061
vt 0.39562148 0.21558882
vt 0.38832527 0.22442192
vt 0.38884452 0.22562948
vt 0.38857356 0.22505206
vt 0.39477944 0.22442192
vt 0.39453116 0.22505206
vt 0.39365867 0.20963998
vt 0.39396864 0.21009919
vt 0.38735574 0.21897836
vt 0.38773438 0.22226490
vt 0.38759375 0.22147529
vt 0.39500317 0.21250512
vt 0.39520061 0.21322595
vt 0.39453116 0.21119691
vt 0.39477944 0.21182705
vt 0.39333269 0.20924532
vt 0.39228389 0.20847626
vt 0.39264268 0.20866124
vt 0.39191952 0.20836470
vt 0.38790408 0.21322595
vt 0.38810155 0.21250512
vt 0.38740370 0.21982573
vt 0.38748324 0.22066015
vt 0.39426020 0.21061949
vt 0.39011154 0.20891826
vt 0.39046204 0.20866124
vt 0.38913608 0.21009919
vt 0.38944602 0.20963998
vt 0.38832527 0.21182705
vt 0.38759375 0.21477368
vt 0.38773438 0.21398407
vt 0.39299315 0.20891826
vt 0.39082083 0.20847626
vt 0.38977200 0.20924532
vt 0.38740370 0.21642324
vt 0.38748324 0.21558882
vt 0.38857356 0.21119691
vt 0.38884452 0.21061949
vt 0.38733971 0.21812449
vt 0.38735574 0.21727061
vt 0.39118519 0.20836470
vt 0.39155236 0.20832741
vt 0.89917696 0.20743677
vt 0.60370678 0.21144466
vt 0.60390425 0.21072383
vt 0.60320640 0.21804444
vt 0.60315841 0.21719708
vt 0.60353708 0.22048362
vt 0.60339642 0.21969400
vt 0.60412794 0.21004577
vt 0.60339642 0.21299240
vt 0.60353708 0.21220279
vt 0.60328591 0.21887887
vt 0.60437626 0.20941563
vt 0.60464722 0.20883821
vt 0.60320640 0.21464196
vt 0.60328591 0.21380754
vt 0.60314238 0.21634319
vt 0.60315841 0.21548933
vt 0.60464722 0.22384819
vt 0.60515296 0.20743677
vt 0.60390425 0.22196257
vt 0.60370678 0.22124174
vt 0.60437626 0.22327077
vt 0.60412794 0.22264063
vt 0.60493875 0.22436850
vt 0.60493875 0.20831791
vt 0.60524869 0.22482771
vt 0.61100328 0.22124174
vt 0.61080587 0.22196257
vt 0.60662353 0.22599143
vt 0.60626471 0.22580644
vt 0.60879582 0.22554943
vt 0.60844535 0.22580644
vt 0.61117297 0.22048362
vt 0.61142415 0.21887887
vt 0.61131364 0.21969400
vt 0.60591424 0.22554943
vt 0.60735506 0.22614028
vt 0.60698789 0.22610299
vt 0.60808659 0.22599143
vt 0.60772222 0.22610299
vt 0.60913539 0.22522236
vt 0.60977131 0.22436850
vt 0.60946137 0.22482771
vt 0.61033386 0.22327077
vt 0.61006290 0.22384819
vt 0.61058211 0.22264063
vt 0.61150366 0.21804444
vt 0.75661695 0.20743677
vt 0.61156768 0.21634319
vt 0.61117297 0.21220279
vt 0.61131364 0.21299240
vt 0.60557467 0.22522236
vt 0.61155164 0.21719708
vt 0.61150366 0.21464196
vt 0.61155164 0.21548933
vt 0.61142415 0.21380754
vt 0.61058211 0.21004577
vt 0.61080587 0.21072383
vt 0.60946137 0.20785870
vt 0.60977131 0.20831791
vt 0.61033386 0.20941563
vt 0.60913539 0.20746404
vt 0.61100328 0.21144466
vt 0.61006290 0.20883821
vt 0.38453144 0.74724633
vt 0.38461098 0.74641192
vt 0.38472149 0.74559677
vt 0.38453144 0.75064880
vt 0.38448346 0.74980146
vt 0.38503182 0.74404901
vt 0.38522929 0.74332821
vt 0.38486212 0.74480712
vt 0.38446745 0.74894756
vt 0.38448346 0.74809366
vt 0.38545302 0.74265015
vt 0.38570130 0.74202001
vt 0.38522929 0.75456691
vt 0.38503182 0.75384611
vt 0.38472149 0.75229836
vt 0.38461098 0.75148320
vt 0.38486212 0.75308800
vt 0.38597226 0.75645256
vt 0.38570130 0.75587511
vt 0.38545302 0.75524497
vt 0.61315656 0.73784178
vt 0.61281699 0.73751473
vt 0.61210775 0.73707271
vt 0.61246651 0.73725772
vt 0.61137623 0.73692387
vt 0.61174339 0.73696119
vt 0.61064470 0.73707271
vt 0.61100906 0.73696119
vt 0.60993540 0.73751473
vt 0.61028588 0.73725772
vt 0.60515296 0.73803717
vt 0.60959584 0.73784178
vt 0.61552483 0.74842221
vt 0.61544532 0.74925661
vt 0.60722756 0.74501973
vt 0.60730708 0.74418527
vt 0.60515296 0.78034270
vt 0.61064470 0.75636917
vt 0.61028588 0.75618422
vt 0.61281699 0.75592721
vt 0.61246651 0.75618422
vt 0.61379248 0.75474626
vt 0.61348253 0.75520545
vt 0.61533481 0.75007176
vt 0.61558884 0.74672097
vt 0.60741758 0.74337018
vt 0.60722756 0.74842221
vt 0.60993540 0.75592721
vt 0.61315656 0.75560009
vt 0.61408406 0.75422597
vt 0.61460328 0.75301838
vt 0.61435503 0.75364852
vt 0.61502445 0.75161952
vt 0.61482704 0.75234032
vt 0.61519414 0.75086135
vt 0.61557281 0.74757481
vt 0.61552483 0.74501973
vt 0.61557281 0.74586707
vt 0.60772794 0.74182242
vt 0.60792542 0.74110156
vt 0.60755825 0.74258053
vt 0.60716355 0.74672097
vt 0.60717958 0.74586707
vt 0.60717958 0.74757481
vt 0.60926986 0.75520545
vt 0.60895991 0.75474626
vt 0.60959584 0.75560009
vt 0.61137623 0.75651801
vt 0.61100906 0.75648075
vt 0.61210775 0.75636917
vt 0.61174339 0.75648075
vt 0.61482704 0.74110156
vt 0.61502445 0.74182242
vt 0.60866839 0.75422597
vt 0.60839742 0.75364852
vt 0.61533481 0.74337018
vt 0.61544532 0.74418527
vt 0.61519414 0.74258053
vt 0.61348253 0.73823643
vt 0.61379248 0.73869568
vt 0.60866839 0.73921597
vt 0.60895991 0.73869568
vt 0.60814911 0.74042350
vt 0.60839742 0.73979336
vt 0.60741758 0.75007176
vt 0.60730708 0.74925661
vt 0.60814911 0.75301838
vt 0.61408406 0.73921597
vt 0.60926986 0.73823643
vt 0.60755825 0.75086135
vt 0.60792542 0.75234032
vt 0.60772794 0.75161952
vt 0.61435503 0.73979336
vt 0.61460328 0.74042350
vt 0.89944142 0.80371261
vt 0.89975142 0.80325335
vt 0.89914989 0.80423290
vt 0.09631079 0.26361275
vt 0.09658175 0.26419017
vt 0.09683003 0.26482031
vt 0.09538330 0.26223856
vt 0.09570928 0.26263320
vt 0.09433448 0.26146951
vt 0.09469327 0.26165450
vt 0.09601923 0.27914301
vt 0.09570928 0.27960223
vt 0.09658175 0.27804530
vt 0.09631079 0.27862272
vt 0.09705376 0.26549837
vt 0.09601923 0.26309243
vt 0.09504376 0.26191148
vt 0.09397011 0.26135793
vt 0.09168811 0.50891936
vt 0.09683003 0.27741516
vt 0.09725122 0.27601627
vt 0.09705376 0.27673709
vt 0.09725122 0.26621920
vt 0.09360296 0.26132065
vt 0.09287143 0.26146951
vt 0.09323580 0.26135793
vt 0.09287143 0.28076595
vt 0.09251264 0.28058097
vt 0.09360296 0.28091481
vt 0.09323580 0.28087753
vt 0.09433448 0.28076595
vt 0.09397011 0.28087753
vt 0.09538330 0.27999690
vt 0.09504376 0.28032395
vt 0.09742092 0.27525815
vt 0.09182261 0.26223856
vt 0.09216214 0.26191148
vt 0.09216214 0.28032395
vt 0.09469327 0.28058097
vt 0.09779958 0.27197161
vt 0.09775161 0.27281898
vt 0.09767206 0.26858208
vt 0.09775161 0.26941648
vt 0.09251264 0.26165450
vt 0.09767206 0.27365339
vt 0.09781560 0.27111772
vt 0.09779958 0.27026385
vt 0.09742092 0.26697731
vt 0.09756155 0.26776692
vt 0.09756155 0.27446851
vt 0.52857977 0.73803717
vt 0.52857977 0.78034270
vt 0.52857977 0.80283147
vt 0.52857977 0.90395159
vt 0.67617673 0.96991783
vt 0.89840692 0.81735724
vt 0.74888867 0.98471314
vt 0.82186061 0.98832738
vt 0.89820945 0.80683935
vt 0.89840692 0.80611849
vt 0.89803976 0.81587827
vt 0.89789915 0.81508869
vt 0.89863062 0.81803530
vt 0.89502442 0.99186325
vt 0.89914989 0.81924284
vt 0.89863062 0.80544043
vt 0.89887893 0.80481029
vt 0.89789915 0.80838710
vt 0.89803976 0.80759746
vt 0.89770907 0.81003666
vt 0.89778858 0.80920219
vt 0.89820945 0.81663638
vt 0.89887893 0.81866544
vt 0.89778858 0.81427354
vt 0.89764506 0.81173790
vt 0.89766109 0.81088400
vt 0.89770907 0.81343913
vt 0.89766109 0.81259173
vt 0.90041691 0.82094413
vt 0.90007740 0.82061702
vt 0.90149057 0.82149768
vt 0.90112621 0.82138610
vt 0.96871823 0.98415560
vt 0.90329856 0.82094413
vt 0.97551304 0.80283147
vt 0.90508479 0.80544043
vt 0.90530854 0.80611849
vt 0.90427399 0.80371261
vt 0.90456557 0.80423290
vt 0.89975142 0.82022238
vt 0.90076739 0.82120115
vt 0.90294802 0.82120115
vt 0.90427399 0.81976318
vt 0.90396404 0.82022238
vt 0.90550601 0.80683935
vt 0.90483654 0.80481029
vt 0.90222490 0.82149768
vt 0.90185773 0.82153493
vt 0.90258926 0.82138610
vt 0.90363806 0.82061702
vt 0.90508479 0.81803530
vt 0.90483654 0.81866544
vt 0.90592682 0.81427354
vt 0.90581632 0.81508869
vt 0.90567571 0.80759746
vt 0.90581632 0.80838710
vt 0.90363806 0.80285871
vt 0.90396404 0.80325335
vt 0.90456557 0.81924284
vt 0.90550601 0.81663638
vt 0.90530854 0.81735724
vt 0.90592682 0.80920219
vt 0.90567571 0.81587827
vt 0.90605432 0.81259173
vt 0.90600640 0.81343913
vt 0.90600640 0.81003666
vt 0.90605432 0.81088400
vt 0.89944142 0.81976318
vt 0.90607035 0.81173790
vt 0.97635573 0.78034270
vt 0.90258926 0.80208963
vt 0.90294802 0.80227464
vt 0.90007740 0.80285871
vt 0.90329856 0.80253166
vt 0.90222490 0.80197811
vt 0.90041691 0.80253166
vt 0.90149057 0.80197811
vt 0.90185773 0.80194080
vt 0.90076739 0.80227464
vt 0.90112621 0.80208963
vt 0.97794104 0.73803717
vt 0.90250522 0.27513513
vt 0.90221363 0.27461484
vt 0.90169442 0.27340728
vt 0.90147066 0.27272922
vt 0.90194267 0.27403742
vt 0.90314114 0.27598900
vt 0.90281516 0.27559435
vt 0.98652679 0.50891936
vt 0.90814853 0.27340728
vt 0.90790027 0.27403742
vt 0.90194267 0.26018226
vt 0.90221363 0.25960484
vt 0.90127319 0.26221129
vt 0.90147066 0.26149046
vt 0.90418994 0.27675807
vt 0.90383118 0.27657309
vt 0.90733773 0.27513513
vt 0.90702778 0.27559435
vt 0.90762931 0.27461484
vt 0.90856975 0.27200836
vt 0.90837228 0.27272922
vt 0.99407113 0.30759132
vt 0.90873945 0.27125025
vt 0.90169442 0.26081240
vt 0.90110350 0.26296940
vt 0.90127319 0.27200836
vt 0.90348065 0.27631608
vt 0.90492147 0.27690691
vt 0.90455431 0.27686962
vt 0.90565300 0.27675807
vt 0.90528864 0.27686962
vt 0.90636230 0.27631608
vt 0.90601176 0.27657309
vt 0.90670180 0.27598900
vt 0.90085238 0.26457417
vt 0.90096289 0.26375905
vt 0.95798069 0.25931671
vt 0.90733773 0.25908455
vt 0.90762931 0.25960484
vt 0.90085238 0.26964551
vt 0.90077281 0.26881108
vt 0.90814853 0.26081240
vt 0.90837228 0.26149046
vt 0.90790027 0.26018226
vt 0.90077281 0.26540861
vt 0.90070879 0.26710984
vt 0.90072483 0.26625597
vt 0.90110350 0.27125025
vt 0.90096289 0.27046064
vt 0.90911812 0.26796371
vt 0.90907013 0.26881108
vt 0.90899056 0.26457417
vt 0.90907013 0.26540861
vt 0.90072483 0.26796371
vt 0.90899056 0.26964551
vt 0.90888005 0.27046064
vt 0.90913415 0.26710984
vt 0.90911812 0.26625597
vt 0.90873945 0.26296940
vt 0.90888005 0.26375905
vt 0.90856975 0.26221129
vt 0.94549596 0.24261716
vt 0.90601176 0.25764659
vt 0.90702778 0.25862533
vt 0.90565300 0.25746161
vt 0.90670180 0.25823069
vt 0.90636230 0.25790361
vt 0.90492147 0.25731277
vt 0.90528864 0.25735006
vt 0.90418994 0.25746161
vt 0.90455431 0.25735006
vt 0.90314114 0.25823069
vt 0.90348065 0.25790361
vt 0.90383118 0.25764659
vt 0.90250522 0.25908455
vt 0.90281516 0.25862533
vt 0.91919488 0.20743677
vt 0.89917696 0.18066080
vt 0.84530669 0.10860393
vt 0.69920582 0.07846814
vt 0.62725061 0.03354768
vt 0.60808659 0.20669498
vt 0.60844535 0.20687996
vt 0.61554211 0.02830625
vt 0.60772222 0.20658341
vt 0.60879582 0.20713697
vt 0.60591424 0.20713697
vt 0.60626471 0.20687996
vt 0.50575197 0.00592885
vt 0.60698789 0.20658341
vt 0.60735506 0.20654613
vt 0.60662353 0.20669498
vt 0.60557467 0.20746404
vt 0.49287927 0.00614617
vt 0.38308877 0.02852357
vt 0.37138906 0.03475985
vt 0.29943353 0.07967941
vt 0.09168811 0.20743677
vt 0.15314113 0.10973683
vt 0.08141007 0.20743677
vt 0.05558072 0.24261716
vt 0.04331995 0.25931671
vt 0.09089512 0.26361275
vt 0.09118667 0.26309243
vt 0.09062416 0.26419017
vt 0.09149663 0.26263320
vt 0.09037588 0.26482031
vt 0.08995469 0.26621920
vt 0.09015215 0.26549837
vt 0.08978499 0.26697731
vt 0.01338849 0.50891936
vt 0.09037588 0.27741516
vt 0.09015215 0.27673709
vt 0.09118667 0.27914301
vt 0.09089512 0.27862272
vt 0.08953384 0.26858208
vt 0.08964436 0.26776692
vt 0.00592885 0.31024456
vt 0.09062416 0.27804530
vt 0.09182261 0.27999690
vt 0.09149663 0.27960223
vt 0.08945430 0.26941648
vt 0.08939030 0.27111772
vt 0.08940633 0.27026385
vt 0.08940633 0.27197161
vt 0.08953384 0.27365339
vt 0.08945430 0.27281898
vt 0.08978499 0.27525815
vt 0.08964436 0.27446851
vt 0.08995469 0.27601627
vt 0.02199116 0.73803717
vt 0.02357961 0.78034270
vt 0.02442399 0.80283147
vt 0.09893009 0.80387092
vt 0.09928889 0.80405593
vt 0.09856573 0.80375940
vt 0.10142566 0.80722171
vt 0.10164937 0.80789977
vt 0.10061485 0.80549389
vt 0.10090642 0.80601418
vt 0.10184684 0.80862063
vt 0.10117737 0.80659157
vt 0.09997892 0.80464000
vt 0.10030490 0.80503464
vt 0.09963939 0.80431294
vt 0.09641823 0.80464000
vt 0.09675776 0.80431294
vt 0.09578229 0.80549389
vt 0.09609225 0.80503464
vt 0.03131506 0.98636353
vt 0.09675776 0.82272542
vt 0.09641823 0.82239830
vt 0.09746706 0.82316738
vt 0.09710826 0.82298243
vt 0.10500929 0.99407113
vt 0.09783142 0.82327896
vt 0.17798162 0.99045694
vt 0.10061485 0.82154447
vt 0.10030490 0.82200366
vt 0.09497149 0.81981659
vt 0.09474777 0.81913853
vt 0.09578229 0.82154447
vt 0.09549073 0.82102418
vt 0.09609225 0.82200366
vt 0.09963939 0.82272542
vt 0.09928889 0.82298243
vt 0.09783142 0.80375940
vt 0.09819858 0.80372208
vt 0.09710826 0.80405593
vt 0.09521978 0.80659157
vt 0.09549073 0.80601418
vt 0.09455031 0.81841767
vt 0.09521978 0.82044673
vt 0.09856573 0.82327896
vt 0.09819858 0.82331622
vt 0.09893009 0.82316738
vt 0.09997892 0.82239830
vt 0.10142566 0.81981659
vt 0.10117737 0.82044673
vt 0.10184684 0.81841767
vt 0.10164937 0.81913853
vt 0.09746706 0.80387092
vt 0.09497149 0.80722171
vt 0.09455031 0.80862063
vt 0.09474777 0.80789977
vt 0.09412947 0.81098348
vt 0.09423998 0.81016839
vt 0.09438062 0.81765956
vt 0.09423998 0.81686997
vt 0.10090642 0.82102418
vt 0.25114504 0.98692107
vt 0.10226768 0.81605482
vt 0.10215718 0.81686997
vt 0.10201653 0.80937874
vt 0.10215718 0.81016839
vt 0.09438062 0.80937874
vt 0.10201653 0.81765956
vt 0.10239520 0.81437302
vt 0.10234722 0.81522042
vt 0.10241123 0.81351918
vt 0.10226768 0.81098348
vt 0.10234722 0.81181794
vt 0.09400196 0.81266528
vt 0.09404992 0.81181794
vt 0.09398592 0.81351918
vt 0.09412947 0.81605482
vt 0.09404992 0.81522042
vt 0.10239520 0.81266528
vt 0.09400196 0.81437302
vt 0.32377845 0.97214174
vt 0.46746412 0.90613049
vt 0.47113448 0.80283147
vt 0.47113448 0.78034270
vt 0.39282873 0.75064880
vt 0.39274919 0.75148320
vt 0.39012089 0.75815380
vt 0.38977042 0.75841081
vt 0.39109638 0.75697285
vt 0.39078641 0.75743204
vt 0.39138794 0.75645256
vt 0.39263868 0.75229836
vt 0.47113448 0.73803717
vt 0.39289275 0.74894756
vt 0.39287671 0.74980146
vt 0.38941160 0.73929936
vt 0.38977042 0.73948431
vt 0.38794857 0.75859576
vt 0.38758978 0.75841081
vt 0.39046043 0.75782675
vt 0.39232835 0.75384611
vt 0.39213088 0.75456691
vt 0.39249805 0.75308800
vt 0.39282873 0.74724633
vt 0.39287671 0.74809366
vt 0.39078641 0.74046308
vt 0.39109638 0.74092227
vt 0.39012089 0.73974133
vt 0.38723928 0.75815380
vt 0.39190716 0.75524497
vt 0.39165887 0.75587511
vt 0.39249805 0.74480712
vt 0.39263868 0.74559677
vt 0.39138794 0.74144256
vt 0.39046043 0.74006838
vt 0.38868010 0.73915046
vt 0.38904724 0.73918778
vt 0.38657376 0.75743204
vt 0.38626382 0.75697285
vt 0.38689974 0.75782675
vt 0.38868010 0.75874466
vt 0.38831294 0.75870734
vt 0.38941160 0.75859576
vt 0.38904724 0.75870734
vt 0.39274919 0.74641192
vt 0.39213088 0.74332821
vt 0.39232835 0.74404901
vt 0.39165887 0.74202001
vt 0.39190716 0.74265015
vt 0.38794857 0.73929936
vt 0.38831294 0.73918778
vt 0.38723928 0.73974133
vt 0.38758978 0.73948431
vt 0.38597226 0.74144256
vt 0.38626382 0.74092227
vt 0.38689974 0.74006838
vt 0.38657376 0.74046308
vt 0.47113448 0.50891936
vt 0.47496417 0.80283147
vt 0.47496417 0.90268373
vt 0.47879386 0.90092379
vt 0.47879386 0.80283147
vt 0.47879386 0.78034270
vt 0.47496417 0.78034270
vt 0.47879386 0.73803717
vt 0.47496417 0.73803717
vt 0.47879386 0.50891936
vt 0.48262355 0.80283147
vt 0.48262355 0.89916378
vt 0.48645324 0.89740384
vt 0.48645324 0.80283147
vt 0.48645324 0.78034270
vt 0.48262355 0.78034270
vt 0.48645324 0.73803717
vt 0.48262355 0.73803717
vt 0.48645324 0.50891936
vt 0.49028292 0.80283147
vt 0.49028292 0.89564389
vt 0.49411258 0.89388388
vt 0.49411258 0.80283147
vt 0.49411258 0.78034270
vt 0.49028292 0.78034270
vt 0.49411258 0.73803717
vt 0.49028292 0.73803717
vt 0.49411258 0.50891936
vt 0.49945369 0.50891936
vt 0.49794227 0.50371891
vt 0.49028292 0.50371891
vt 0.49411258 0.50371891
vt 0.49028292 0.50891936
vt 0.48262355 0.50371891
vt 0.48645324 0.50371891
vt 0.48262355 0.50891936
vt 0.47496417 0.50371891
vt 0.47879386 0.50371891
vt 0.47496417 0.50891936
vt 0.47113448 0.50371891
vt 0.49794227 0.73803717
vt 0.49945369 0.73803717
vt 0.49794227 0.78034270
vt 0.49945369 0.78034270
vt 0.49794227 0.80283147
vt 0.49945369 0.80283147
vt 0.49794227 0.89212394
vt 0.50000000 0.89117831
vt 0.50177199 0.80283147
vt 0.50177199 0.78034270
vt 0.50177199 0.73803717
vt 0.50177199 0.50891936
vt 0.50943130 0.80283147
vt 0.50560164 0.80283147
vt 0.50560164 0.89368188
vt 0.50943130 0.78034270
vt 0.50560164 0.78034270
vt 0.50943130 0.73803717
vt 0.50560164 0.73803717
vt 0.50943130 0.50891936
vt 0.51709068 0.80283147
vt 0.51326102 0.80283147
vt 0.51326102 0.89710510
vt 0.51709068 0.78034270
vt 0.51326102 0.78034270
vt 0.51709068 0.73803717
vt 0.51326102 0.73803717
vt 0.51709068 0.50891936
vt 0.52475005 0.80283147
vt 0.52092040 0.80283147
vt 0.52092040 0.90052831
vt 0.52475005 0.78034270
vt 0.52092040 0.78034270
vt 0.52475005 0.73803717
vt 0.52092040 0.73803717
vt 0.52475005 0.50891936
vt 0.52092040 0.50371891
vt 0.52475005 0.50371891
vt 0.52092040 0.50891936
vt 0.51326102 0.50371891
vt 0.51709068 0.50371891
vt 0.51326102 0.50891936
vt 0.50560164 0.50371891
vt 0.50943130 0.50371891
vt 0.50560164 0.50891936
vt 0.50177199 0.50371891
vt 0.52857977 0.50371891
vt 0.52857977 0.50891936
vt 0.52475005 0.90223998
vt 0.51709068 0.89881670
vt 0.50943130 0.89539349
vt 0.50177199 0.89197022
vt 0.49794227 0.50891936
vt 0.47113448 0.90444374
vt 0.09168811 0.19343777
vt 0.60524869 0.20785870
vt 1 1
vt 0 1
vt 0 0
vt 1 0
vt -0.00000000 0
vt -0.00000000 1
vt 1 0.58731562
vt 1 0.01303479
vt 1 0.69335383
vt 1 0.74972153
vt 1 1
vt 1 0
vt 0 1
vt 1 0.69030869
vt 1 0.74642879
vt 1 0.58473611
vt 0 0
vt 1 0.01297754
vt 1 0
vt 1 1
vt 0 0.00000000
vt -0.00000000 0.99403578
vt 1 0.98967004
vt 1 0.00000000
vt 1 1
vt 0 1
vt 0 0
vt 1 0
vt -0.00000000 0
vt -0.00000000 1
vt 1 0.59254342
vt 1 0.01315081
vt 1 0.69952554
vt 1 0.75639498
vt 1 1
vt 1 0
vt 0 1
vt 1 0.69642603
vt 1 0.75304347
vt 1 0.58991796
vt 0 0
vt 1 0.01309254
vt 1 0
vt 1 1
vt 0 0.00000000
vt 0 0.99403578
vt 1 0.98963135
vt 1 0.00000000
vt 1 1
vt 0 1
vt 0 0
vt 1 0
vt -0.00000000 0
vt -0.00000000 1
vt 1 0.59786516
vt 1 0.01326892
vt 1 0.70580810
vt 1 0.76318830
vt 1 1
vt 1 0
vt 0 1
vt 1 0.70265275
vt 1 0.75977641
vt 1 0.59519237
vt 0 0
vt 1 0.01320960
vt 1 0
vt 1 1
vt 0 0.00000000
vt 0.00000000 0.99403578
vt 1 0.98959196
vt 1 0.00000000
vt 0.99396938 0.00985167
vt 0.99396938 1
vt 0.88189846 0.70214611
vt 0.64788961 0.70214611
vt 0.76489401 0.70214611
vt 0.76489401 0
vt 0.41388074 0.70214611
vt 0.53088516 0.70214611
vt 0.88189846 0
vt 0.99403578 0
vt 0.64788961 0
vt 0.29687631 0.70214611
vt 0.17987187 0.70214611
vt 0.41388074 0
vt 0.53088516 0
vt 0.29687631 0
vt 0 1
vt 0.06286744 0.70214611
vt 0 0
vt 0.06286744 0
vt 0.17987187 0
vt 1 0
vt 1 1
vt 0 1
vt 0 0
vt 0 0.00000000
vt -0.00000000 0.99403578
vt 1 0.98955184
vt 1 0.00000000
vt 1 0
vt 1 1
vt 0 0.60328335
vt 0 0.01338917
vt 0 0.71220452
vt 0 0.77010471
vt 0 1
vt 0 0
vt 0 1
vt 1 0.70899189
vt 1 0.76663089
vt 1 0.60056204
vt 0.00000000 0
vt 1 0.01332878
vt 1 0
vt 1 1
vn 0.99619472 0.08715574 0
vn 1 0.00000000 0
vn 1 0.00000000 0
vn 0.98480773 0.17364818 0
vn 0.99619472 0.08715574 0
vn 0.96592581 0.25881904 0
vn 0.98480773 0.17364818 0
vn 0.93969262 0.34202015 0
vn 0.96592581 0.25881904 0
vn 0.90630782 0.42261827 0
vn 0.93969262 0.34202015 0
vn 0.86602539 0.50000000 0
vn 0.90630782 0.42261827 0
vn 0.81915206 0.57357645 0
vn 0.86602539 0.50000000 0
vn 0.76604444 0.64278764 0
vn 0.81915206 0.57357645 0
vn 0.70710677 0.70710677 0
vn 0.76604444 0.64278764 0
vn 0.64278764 0.76604444 0
vn 0.70710677 0.70710677 0
vn 0.57357645 0.81915206 0
vn 0.64278764 0.76604444 0
vn 0.50000000 0.86602539 0
vn 0.57357645 0.81915206 0
vn 0.42261827 0.90630782 0
vn 0.50000000 0.86602539 0
vn 0.34202015 0.93969262 0
vn 0.42261827 0.90630782 0
vn 0.25881904 0.96592581 0
vn 0.34202015 0.93969262 0
vn 0.17364818 0.98480773 0
vn 0.25881904 0.96592581 0
vn 0.08715574 0.99619472 0
vn 0.17364818 0.98480773 0
vn -0.00000000 1 0
vn 0.08715574 0.99619472 0
vn -0.08715574 0.99619472 0
vn -0.00000000 1 0
vn -0.17364818 0.98480773 0
vn -0.08715574 0.99619472 0
vn -0.25881904 0.96592581 0
vn -0.17364818 0.98480773 0
vn -0.34202015 0.93969262 0
vn -0.25881904 0.96592581 0
vn -0.42261827 0.90630782 0
vn -0.34202015 0.93969262 0
vn -0.50000000 0.86602539 0
vn -0.42261827 0.90630782 0
vn -0.57357645 0.81915206 0
vn -0.50000000 0.86602539 0
vn -0.64278764 0.76604444 0
vn -0.57357645 0.81915206 0
vn -0.70710677 0.70710677 0
vn -0.64278764 0.76604444 0
vn -0.76604444 0.64278764 0
vn -0.70710677 0.70710677 0
vn -0.81915206 0.57357645 0
vn -0.76604444 0.64278764 0
vn -0.86602539 0.50000000 0
vn -0.81915206 0.57357645 0
vn -0.90630782 0.42261827 0
vn -0.86602539 0.50000000 0
vn -0.93969262 0.34202015 0
vn -0.90630782 0.42261827 0
vn -0.96592581 0.25881904 0
vn -0.93969262 0.34202015 0
vn -0.98480773 0.17364818 0
vn -0.96592581 0.25881904 0
vn -0.99619472 0.08715574 0
vn -0.98480773 0.17364818 0
vn -1 0 0
vn -0.99619472 0.08715574 0
vn -0.99619472 -0.08715574 0
vn -1 0 0
vn -0.98480773 -0.17364818 0
vn -0.99619472 -0.08715574 0
vn -0.96592581 -0.25881904 0
vn -0.98480773 -0.17364818 0
vn -0.93969262 -0.34202015 0
vn -0.96592581 -0.25881904 0
vn -0.90630782 -0.42261827 0
vn -0.93969262 -0.34202015 0
vn -0.86602539 -0.50000000 0
vn -0.90630782 -0.42261827 0
vn -0.81915206 -0.57357645 0
vn -0.86602539 -0.50000000 0
vn -0.76604444 -0.64278764 0
vn -0.81915206 -0.57357645 0
vn -0.70710677 -0.70710677 0
vn -0.76604444 -0.64278764 0
vn -0.64278764 -0.76604444 0
vn -0.70710677 -0.70710677 0
vn -0.57357645 -0.81915206 0
vn -0.64278764 -0.76604444 0
vn -0.50000000 -0.86602539 0
vn -0.57357645 -0.81915206 0
vn -0.42261827 -0.90630782 0
vn -0.50000000 -0.86602539 0
vn -0.34202015 -0.93969262 0
vn -0.42261827 -0.90630782 0
vn -0.25881904 -0.96592581 0
vn -0.34202015 -0.93969262 0
vn -0.17364818 -0.98480773 0
vn -0.25881904 -0.96592581 0
vn -0.08715574 -0.99619472 0
vn -0.17364818 -0.98480773 0
vn 0.00000000 -1 0
vn -0.08715574 -0.99619472 0
vn 0.08715574 -0.99619472 0
vn 0.00000000 -1 0
vn 0.17364818 -0.98480773 0
vn 0.08715574 -0.99619472 0
vn 0.25881904 -0.96592581 0
vn 0.17364818 -0.98480773 0
vn 0.34202015 -0.93969262 0
vn 0.25881904 -0.96592581 0
vn 0.42261827 -0.90630782 0
vn 0.34202015 -0.93969262 0
vn 0.50000000 -0.86602539 0
vn 0.42261827 -0.90630782 0
vn 0.57357645 -0.81915206 0
vn 0.50000000 -0.86602539 0
vn 0.64278764 -0.76604444 0
vn 0.57357645 -0.81915206 0
vn 0.70710677 -0.70710677 0
vn 0.64278764 -0.76604444 0
vn 0.76604444 -0.64278764 0
vn 0.70710677 -0.70710677 0
vn 0.81915206 -0.57357645 0
vn 0.76604444 -0.64278764 0
vn 0.86602539 -0.50000000 0
vn 0.81915206 -0.57357645 0
vn 0.90630782 -0.42261827 0
vn 0.86602539 -0.50000000 0
vn 0.93969262 -0.34202015 0
vn 0.90630782 -0.42261827 0
vn 0.96592581 -0.25881904 0
vn 0.93969262 -0.34202015 0
vn 0.98480773 -0.17364818 0
vn 0.96592581 -0.25881904 0
vn 0.99619472 -0.08715574 0
vn 0.98480773 -0.17364818 0
vn 0.99619472 -0.08715574 0
vn 0 0 1
vn 0 0 1
vn 0 0 1
vn 0 0 1
vn 0 0 1
vn 0 0 1
vn 0 0 1
vn 0 0 1
vn 0 0 1
vn 0 0 1
vn 0 0 1
vn 0 0 1
vn 0 0 1
vn 0 0 1
vn 0 0 1
vn 0 0 1
vn 0 0 1
vn 0 0 1
vn 0 0 1
vn 0 0 1
vn 0 0 1
vn 0 0 1
vn 0 0 1
vn 0 0 1
vn 0 0 1
vn 0 0 1
vn 0 0 1
vn 0 0 1
vn 0 0 1
vn 0 0 1
vn 0 0 1
vn 0 0 1
vn 0 0 1
vn 0 0 1
vn 0 0 1
vn 0 0 1
vn 0 0 1
vn 0 0 1
vn 0 0 1
vn 0 0 1
vn 0 0 1
vn 0 0 1
vn 0 0 1
vn 0 0 1
vn 0 0 1
vn 0 0 1
vn 0 0 1
vn 0 0 1
vn 0 0 1
vn 0 0 1
vn 0 0 1
vn 0 0 1
vn 0 0 1
vn 0 0 1
vn 0 0 1
vn 0 0 1
vn 0 0 1
vn 0 0 1
vn 0 0 1
vn 0 0 1
vn 0 0 1
vn 0 0 1
vn 0 0 1
vn 0 0 1
vn 0 0 1
vn 0 0 1
vn 0 0 1
vn 0 0 1
vn 0 0 1
vn 0 0 1
vn 0 0 1
vn 0 0 1
vn 0 0 1
vn 0 0 1
vn 0 0 1
vn 0 0 1
vn 0 0 1
vn 0 0 1
vn 0 0 1
vn 0 0 1
vn 0 0 1
vn 0 0 1
vn 0 0 1
vn 0 0 1
vn 0 0 1
vn 0 0 1
vn 0 0 1
vn 0 0 1
vn 0 0 1
vn 0 0 1
vn 0 0 1
vn 0 0 1
vn 0 0 1
vn 0 0 1
vn 0 0 1
vn 0 0 1
vn 0 0 1
vn 0 0 1
vn 0 0 1
vn 0 0 1
vn 0 0 1
vn 0 0 1
vn 0 0 1
vn 0 0 1
vn 0 0 1
vn 0 0 1
vn 0 0 1
vn 0 0 1
vn 0 0 1
vn 0 0 1
vn 0 0 1
vn 0 0 1
vn 0 0 1
vn 0 0 1
vn 0 0 1
vn 0 0 1
vn 0 0 1
vn 0 0 1
vn 0 0 1
vn 0 0 1
vn 0 0 1
vn 0 0 1
vn 0 0 1
vn 0 0 1
vn 0 0 1
vn 0 0 1
vn 0 0 1
vn 0 0 1
vn 0 0 1
vn 0 0 1
vn 0 0 1
vn 0 0 1
vn 0 0 1
vn 0 0 1
vn 0 0 1
vn 0 0 1
vn 0 0 1
vn 0 0 1
vn 0 0 1
vn 0 0 1
vn 0 0 1
vn 0 0 1
vn 0 0 1
vn 0 0 1
vn 0 0 1
vn -1 0 0
vn -1 0 0
vn -0.99619472 0.08715574 0
vn -0.99619472 0.08715574 0
vn -0.98480773 0.17364818 0
vn -0.98480773 0.17364818 0
vn -0.96592581 0.25881904 0
vn -0.96592581 0.25881904 0
vn -0.93969262 0.34202015 0
vn -0.93969262 0.34202015 0
vn -0.90630782 0.42261827 0
vn -0.90630782 0.42261827 0
vn -0.86602539 0.50000000 0
vn -0.86602539 0.50000000 0
vn -0.81915206 0.57357645 0
vn -0.81915206 0.57357645 0
vn -0.76604444 0.64278764 0
vn -0.76604444 0.64278764 0
vn -0.70710677 0.70710677 0
vn -0.70710677 0.70710677 0
vn -0.64278764 0.76604444 0
vn -0.64278764 0.76604444 0
vn -0.57357645 0.81915206 0
vn -0.57357645 0.81915206 0
vn -0.50000000 0.86602539 0
vn -0.50000000 0.86602539 0
vn -0.42261827 0.90630782 0
vn -0.42261827 0.90630782 0
vn -0.34202015 0.93969262 0
vn -0.34202015 0.93969262 0
vn -0.25881904 0.96592581 0
vn -0.25881904 0.96592581 0
vn -0.17364818 0.98480773 0
vn -0.17364818 0.98480773 0
vn -0.08715574 0.99619472 0
vn -0.08715574 0.99619472 0
vn -0.00000000 1 0
vn -0.00000000 1 0
vn 0.08715574 0.99619472 0
vn 0.08715574 0.99619472 0
vn 0.17364818 0.98480773 0
vn 0.17364818 0.98480773 0
vn 0.25881904 0.96592581 0
vn 0.25881904 0.96592581 0
vn 0.34202015 0.93969262 0
vn 0.34202015 0.93969262 0
vn 0.42261827 0.90630782 0
vn 0.42261827 0.90630782 0
vn 0.50000000 0.86602539 0
vn 0.50000000 0.86602539 0
vn 0.57357645 0.81915206 0
vn 0.57357645 0.81915206 0
vn 0.64278764 0.76604444 0
vn 0.64278764 0.76604444 0
vn 0.70710677 0.70710677 0
vn 0.70710677 0.70710677 0
vn 0.76604444 0.64278764 0
vn 0.76604444 0.64278764 0
vn 0.81915206 0.57357645 0
vn 0.81915206 0.57357645 0
vn 0.86602539 0.50000000 0
vn 0.86602539 0.50000000 0
vn 0.90630782 0.42261827 0
vn 0.90630782 0.42261827 0
vn 0.93969262 0.34202015 0
vn 0.93969262 0.34202015 0
vn 0.96592581 0.25881904 0
vn 0.96592581 0.25881904 0
vn 0.97984868 0.19974115 0
vn 0.98480773 0.17364818 0
vn 0.98480773 0.17364818 0
vn 0.99619472 0.08715574 0
vn 0.99619472 0.08715574 0
vn 1 0.00000000 0
vn 1 0.00000000 0
vn 0.99619472 -0.08715574 0
vn 0.99619472 -0.08715574 0
vn 0.98480773 -0.17364818 0
vn 0.98480773 -0.17364818 0
vn 0.96592581 -0.25881904 0
vn 0.96592581 -0.25881904 0
vn 0.93969262 -0.34202015 0
vn 0.93969262 -0.34202015 0
vn 0.90630782 -0.42261827 0
vn 0.90630782 -0.42261827 0
vn 0.86602539 -0.50000000 0
vn 0.86602539 -0.50000000 0
vn 0.81915206 -0.57357645 0
vn 0.81915206 -0.57357645 0
vn 0.76604444 -0.64278764 0
vn 0.76604444 -0.64278764 0
vn 0.70710677 -0.70710677 0
vn 0.70710677 -0.70710677 0
vn 0.64278764 -0.76604444 0
vn 0.64278764 -0.76604444 0
vn 0.57357645 -0.81915206 0
vn 0.57357645 -0.81915206 0
vn 0.50000000 -0.86602539 0
vn 0.50000000 -0.86602539 0
vn 0.42261827 -0.90630782 0
vn 0.42261827 -0.90630782 0
vn 0.34202015 -0.93969262 0
vn 0.34202015 -0.93969262 0
vn 0.25881904 -0.96592581 0
vn 0.25881904 -0.96592581 0
vn 0.17364818 -0.98480773 0
vn 0.17364818 -0.98480773 0
vn 0.08715574 -0.99619472 0
vn 0.08715574 -0.99619472 0
vn 0.00000000 -1 0
vn 0.00000000 -1 0
vn -0.08715574 -0.99619472 0
vn -0.08715574 -0.99619472 0
vn -0.17364818 -0.98480773 0
vn -0.17364818 -0.98480773 0
vn -0.25881904 -0.96592581 0
vn -0.25881904 -0.96592581 0
vn -0.34202015 -0.93969262 0
vn -0.34202015 -0.93969262 0
vn -0.42261827 -0.90630782 0
vn -0.42261827 -0.90630782 0
vn -0.50000000 -0.86602539 0
vn -0.50000000 -0.86602539 0
vn -0.57357645 -0.81915206 0
vn -0.57357645 -0.81915206 0
vn -0.64278764 -0.76604444 0
vn -0.64278764 -0.76604444 0
vn -0.70710677 -0.70710677 0
vn -0.70710677 -0.70710677 0
vn -0.76604444 -0.64278764 0
vn -0.76604444 -0.64278764 0
vn -0.81915206 -0.57357645 0
vn -0.81915206 -0.57357645 0
vn -0.86602539 -0.50000000 0
vn -0.86602539 -0.50000000 0
vn -0.90630782 -0.42261827 0
vn -0.90630782 -0.42261827 0
vn -0.93969262 -0.34202015 0
vn -0.93969262 -0.34202015 0
vn -0.96592581 -0.25881904 0
vn -0.96592581 -0.25881904 0
vn -0.98480773 -0.17364818 0
vn -0.98480773 -0.17364818 0
vn -0.99619472 -0.08715574 0
vn -0.99619472 -0.08715574 0
vn 0 0 1
vn 0 0 1
vn 0 0 1
vn 0 0 1
vn 0 0 1
vn 0 0 1
vn 0 0 1
vn 0 0 1
vn 0 0 1
vn 0 0 1
vn 0 0 1
vn 0 0 1
vn 0 0 1
vn 0 0 1
vn 0 0 1
vn 0 0 1
vn 0 0 1
vn 0 0 1
vn 0 0 1
vn 0 0 1
vn 0 0 1
vn 0 0 1
vn 0 0 1
vn 0 0 1
vn 0 0 1
vn 0 0 1
vn 0 0 1
vn 0 0 1
vn 0 0 1
vn 0 0 1
vn 0 0 1
vn 0 0 1
vn 0 0 1
vn 0 0 1
vn 0 0 1
vn 0 0 1
vn 0 0 1
vn 0 0 1
vn 0 0 1
vn 0 0 1
vn 0 0 1
vn 0 0 1
vn 0 0 1
vn 0 0 1
vn 0 0 1
vn 0 0 1
vn 0 0 1
vn 0 0 1
vn 0 0 1
vn 0 0 1
vn 0 0 1
vn 0 0 1
vn 0 0 1
vn 0 0 1
vn 0 0 1
vn 0 0 1
vn 0 0 1
vn 0 0 1
vn 0 0 1
vn 0 0 1
vn 0 0 1
vn 0 0 1
vn 0 0 1
vn 0 0 1
vn 0 0 1
vn 0 0 1
vn 0 0 1
vn 0 0 1
vn 0 0 1
vn 0 0 1
vn 0 0 1
vn 0 0 1
vn 0 0 1
vn 0 0 1
vn 0 0 1
vn 0 0 1
vn 0 0 1
vn 0 0 1
vn 0 0 1
vn 0 0 1
vn 0 0 1
vn 0 0 1
vn 0 0 1
vn 0 0 1
vn 0 0 1
vn 0 0 1
vn 0 0 1
vn 0 0 1
vn 0 0 1
vn 0 0 1
vn 0 0 1
vn 0 0 1
vn 0 0 1
vn 0 0 1
vn 0 0 1
vn 0 0 1
vn 0 0 1
vn 0 0 1
vn 0 0 1
vn 0 0 1
vn 0 0 1
vn 0 0 1
vn 0 0 1
vn 0 0 1
vn 0 0 1
vn 0 0 1
vn 0 0 1
vn 0 0 1
vn 0 0 1
vn 0 0 1
vn 0 0 1
vn 0 0 1
vn 0 0 1
vn 0 0 1
vn 0 0 1
vn 0 0 1
vn 0 0 1
vn 0 0 1
vn 0 0 1
vn 0 0 1
vn 0 0 1
vn 0 0 1
vn 0 0 1
vn 0 0 1
vn 0 0 1
vn 0 0 1
vn 0 0 1
vn 0 0 1
vn 0 0 1
vn 0 0 1
vn 0 0 1
vn 0 0 1
vn 0 0 1
vn 0 0 1
vn 0 0 1
vn 0 0 1
vn 0 0 1
vn 0 0 1
vn 0 0 1
vn 0 0 1
vn 0 0 1
vn 0 0 1
vn 0 0 1
vn 0 0 1
vn -0.99619472 0.08715574 0
vn -1 0 0
vn -1 0 0
vn -0.98480773 0.17364818 0
vn -0.99619472 0.08715574 0
vn -0.96592581 0.25881904 0
vn -0.98480773 0.17364818 0
vn -0.93969262 0.34202015 0
vn -0.96592581 0.25881904 0
vn -0.90630782 0.42261827 0
vn -0.93969262 0.34202015 0
vn -0.86602539 0.50000000 0
vn -0.90630782 0.42261827 0
vn -0.81915206 0.57357645 0
vn -0.86602539 0.50000000 0
vn -0.76604444 0.64278764 0
vn -0.81915206 0.57357645 0
vn -0.70710677 0.70710677 0
vn -0.76604444 0.64278764 0
vn -0.64278764 0.76604444 0
vn -0.70710677 0.70710677 0
vn -0.57357645 0.81915206 0
vn -0.64278764 0.76604444 0
vn -0.50000000 0.86602539 0
vn -0.57357645 0.81915206 0
vn -0.42261827 0.90630782 0
vn -0.50000000 0.86602539 0
vn -0.34202015 0.93969262 0
vn -0.42261827 0.90630782 0
vn -0.25881904 0.96592581 0
vn -0.34202015 0.93969262 0
vn -0.17364818 0.98480773 0
vn -0.25881904 0.96592581 0
vn -0.08715574 0.99619472 0
vn -0.17364818 0.98480773 0
vn 0.00000000 1 0
vn -0.08715574 0.99619472 0
vn 0.08715574 0.99619472 0
vn 0.00000000 1 0
vn 0.17364818 0.98480773 0
vn 0.08715574 0.99619472 0
vn 0.25881904 0.96592581 0
vn 0.17364818 0.98480773 0
vn 0.34202015 0.93969262 0
vn 0.25881904 0.96592581 0
vn 0.42261827 0.90630782 0
vn 0.34202015 0.93969262 0
vn 0.50000000 0.86602539 0
vn 0.42261827 0.90630782 0
vn 0.57357645 0.81915206 0
vn 0.50000000 0.86602539 0
vn 0.64278764 0.76604444 0
vn 0.57357645 0.81915206 0
vn 0.70710677 0.70710677 0
vn 0.64278764 0.76604444 0
vn 0.76604444 0.64278764 0
vn 0.70710677 0.70710677 0
vn 0.81915206 0.57357645 0
vn 0.76604444 0.64278764 0
vn 0.86602539 0.50000000 0
vn 0.81915206 0.57357645 0
vn 0.90630782 0.42261827 0
vn 0.86602539 0.50000000 0
vn 0.93969262 0.34202015 0
vn 0.90630782 0.42261827 0
vn 0.96592581 0.25881904 0
vn 0.93969262 0.34202015 0
vn 0.98480773 0.17364818 0
vn 0.96592581 0.25881904 0
vn 0.99619472 0.08715574 0
vn 0.98480773 0.17364818 0
vn 1 -0.00000000 0
vn 0.99619472 0.08715574 0
vn 0.99619472 -0.08715574 0
vn 1 -0.00000000 0
vn 0.98480773 -0.17364818 0
vn 0.99619472 -0.08715574 0
vn 0.96592581 -0.25881904 0
vn 0.98480773 -0.17364818 0
vn 0.93969262 -0.34202015 0
vn 0.96592581 -0.25881904 0
vn 0.90630782 -0.42261827 0
vn 0.93969262 -0.34202015 0
vn 0.86602539 -0.50000000 0
vn 0.90630782 -0.42261827 0
vn 0.81915206 -0.57357645 0
vn 0.86602539 -0.50000000 0
vn 0.76604444 -0.64278764 0
vn 0.81915206 -0.57357645 0
vn 0.70710677 -0.70710677 0
vn 0.76604444 -0.64278764 0
vn 0.64278764 -0.76604444 0
vn 0.70710677 -0.70710677 0
vn 0.57357645 -0.81915206 0
vn 0.64278764 -0.76604444 0
vn 0.50000000 -0.86602539 0
vn 0.57357645 -0.81915206 0
vn 0.42261827 -0.90630782 0
vn 0.50000000 -0.86602539 0
vn 0.34202015 -0.93969262 0
vn 0.42261827 -0.90630782 0
vn 0.25881904 -0.96592581 0
vn 0.34202015 -0.93969262 0
vn 0.17364818 -0.98480773 0
vn 0.25881904 -0.96592581 0
vn 0.08715574 -0.99619472 0
vn 0.17364818 -0.98480773 0
vn -0.00000000 -1 0
vn 0.08715574 -0.99619472 0
vn -0.08715574 -0.99619472 0
vn -0.00000000 -1 0
vn -0.17364818 -0.98480773 0
vn -0.08715574 -0.99619472 0
vn -0.25881904 -0.96592581 0
vn -0.17364818 -0.98480773 0
vn -0.34202015 -0.93969262 0
vn -0.25881904 -0.96592581 0
vn -0.42261827 -0.90630782 0
vn -0.34202015 -0.93969262 0
vn -0.50000000 -0.86602539 0
vn -0.42261827 -0.90630782 0
vn -0.57357645 -0.81915206 0
vn -0.50000000 -0.86602539 0
vn -0.64278764 -0.76604444 0
vn -0.57357645 -0.81915206 0
vn -0.70710677 -0.70710677 0
vn -0.64278764 -0.76604444 0
vn -0.76604444 -0.64278764 0
vn -0.70710677 -0.70710677 0
vn -0.81915206 -0.57357645 0
vn -0.76604444 -0.64278764 0
vn -0.86602539 -0.50000000 0
vn -0.81915206 -0.57357645 0
vn -0.90630782 -0.42261827 0
vn -0.86602539 -0.50000000 0
vn -0.93969262 -0.34202015 0
vn -0.90630782 -0.42261827 0
vn -0.96592581 -0.25881904 0
vn -0.93969262 -0.34202015 0
vn -0.98480773 -0.17364818 0
vn -0.96592581 -0.25881904 0
vn -0.99619472 -0.08715574 0
vn -0.98480773 -0.17364818 0
vn -0.99619472 -0.08715574 0
vn 0 0 1
vn 0 0 1
vn 0 0 1
vn 0 0 1
vn 0 0 1
vn 0 0 1
vn 0 0 1
vn 0 0 1
vn 0 0 1
vn 0 0 1
vn 0 0 1
vn 0 0 1
vn 0 0 1
vn 0 0 1
vn 0 0 1
vn 0 0 1
vn 0 0 1
vn 0 0 1
vn 0 0 1
vn 0 0 1
vn 0 0 1
vn 0 0 1
vn 0 0 1
vn 0 0 1
vn 0 0 1
vn 0 0 1
vn 0 0 1
vn 0 0 1
vn 0 0 1
vn 0 0 1
vn 0 0 1
vn 0 0 1
vn 0 0 1
vn 0 0 1
vn 0 0 1
vn 0 0 1
vn 0 0 1
vn 0 0 1
vn 0 0 1
vn 0 0 1
vn 0 0 1
vn 0 0 1
vn 0 0 1
vn 0 0 1
vn 0 0 1
vn 0 0 1
vn 0 0 1
vn 0 0 1
vn 0 0 1
vn 0 0 1
vn 0 0 1
vn 0 0 1
vn 0 0 1
vn 0 0 1
vn 0 0 1
vn 0 0 1
vn 0 0 1
vn 0 0 1
vn 0 0 1
vn 0 0 1
vn 0 0 1
vn 0 0 1
vn 0 0 1
vn 0 0 1
vn 0 0 1
vn 0 0 1
vn 0 0 1
vn 0 0 1
vn 0 0 1
vn 0 0 1
vn 0 0 1
vn 0 0 1
vn 0 0 1
vn 0 0 1
vn 0 0 1
vn 0 0 1
vn 0 0 1
vn 0 0 1
vn 0 0 1
vn 0 0 1
vn 0 0 1
vn 0 0 1
vn 0 0 1
vn 0 0 1
vn 0 0 1
vn 0 0 1
vn 0 0 1
vn 0 0 1
vn 0 0 1
vn 0 0 1
vn 0 0 1
vn 0 0 1
vn 0 0 1
vn 0 0 1
vn 0 0 1
vn 0 0 1
vn 0 0 1
vn 0 0 1
vn 0 0 1
vn 0 0 1
vn 0 0 1
vn 0 0 1
vn 0 0 1
vn 0 0 1
vn 0 0 1
vn 0 0 1
vn 0 0 1
vn 0 0 1
vn 0 0 1
vn 0 0 1
vn 0 0 1
vn 0 0 1
vn 0 0 1
vn 0 0 1
vn 0 0 1
vn 0 0 1
vn 0 0 1
vn 0 0 1
vn 0 0 1
vn 0 0 1
vn 0 0 1
vn 0 0 1
vn 0 0 1
vn 0 0 1
vn 0 0 1
vn 0 0 1
vn 0 0 1
vn 0 0 1
vn 0 0 1
vn 0 0 1
vn 0 0 1
vn 0 0 1
vn 0 0 1
vn 0 0 1
vn 0 0 1
vn 0 0 1
vn 0 0 1
vn 0 0 1
vn 0 0 1
vn 0 0 1
vn 0 0 1
vn 0 0 1
vn 0 0 1
vn 0 0 1
vn 0 0 1
vn 0 0 1
vn 0 0 1
vn 0 0 1
vn 0 0 1
vn 0 0 1
vn 0 0 1
vn 0 0 1
vn 0 0 1
vn 0 0 1
vn 0 0 1
vn 0 0 1
vn 0 0 1
vn 0 0 1
vn 0 0 1
vn 0 0 1
vn 0 0 1
vn 0 0 1
vn 0 0 1
vn 0 0 1
vn 0 0 1
vn 0 0 1
vn 0 0 1
vn 0 0 1
vn 0 0 1
vn 0 0 1
vn 0 0 1
vn 0 0 1
vn 0 0 1
vn 0 0 1
vn 0 0 1
vn 0 0 1
vn 0 0 1
vn 0 0 1
vn 0 0 1
vn 0 0 1
vn 0 0 1
vn 0 0 1
vn 0 0 1
vn 0 0 1
vn 0 0 1
vn 0 0 1
vn 0 0 1
vn 0 0 1
vn 0 0 1
vn 0 0 1
vn 0 0 1
vn 0 0 1
vn 0 0 1
vn 0 0 1
vn 0 0 1
vn 0 0 1
vn 0 0 1
vn 0 0 1
vn 0 0 1
vn 0 0 1
vn 0 0 1
vn 0 0 1
vn 0 0 1
vn 0 0 1
vn 0 0 1
vn 0 0 1
vn 0 0 1
vn 0 0 1
vn 0 0 1
vn 0 0 1
vn 0 0 1
vn 0 0 1
vn 0 0 1
vn 0 0 1
vn 0 0 1
vn 0 0 1
vn 0 0 1
vn 0 0 1
vn 0 0 1
vn 0 0 1
vn 0 0 1
vn 0 0 1
vn 0 0 1
vn 0 0 1
vn 0 0 1
vn 0 0 1
vn 0 0 1
vn 0 0 1
vn 0 0 1
vn 0 0 1
vn 0 0 1
vn 0 0 1
vn 0 0 1
vn 0 0 1
vn 0 0 1
vn 0 0 1
vn 0 0 1
vn 0 0 1
vn 0 0 1
vn 0 0 1
vn 0 0 1
vn 0 0 1
vn 0 0 1
vn 0 0 1
vn 0 0 1
vn 0 0 1
vn 0 0 1
vn 0 0 1
vn 0 0 1
vn 0 0 1
vn 0 0 1
vn 0 0 1
vn 0 0 1
vn 0 0 1
vn 0 0 1
vn 0 0 1
vn 0 0 1
vn 0 0 1
vn 0 0 1
vn 0 0 1
vn 0 0 1
vn 0 0 1
vn 0 0 1
vn 0 0 1
vn 0 0 1
vn 0 0 1
vn 0 0 1
vn 0 0 1
vn 0 0 1
vn 0 0 1
vn 0 0 1
vn 0 0 1
vn 0 0 1
vn 0 0 1
vn 0 0 1
vn 0 0 1
vn 0 0 1
vn 0 0 1
vn 0 0 1
vn 0 0 1
vn 0 0 1
vn 0 0 1
vn 0 0 1
vn 0 0 1
vn 0 0 1
vn 0 0 1
vn 0 0 1
vn 0 0 1
vn 0 0 1
vn 0 0 1
vn 0 0 1
vn 0 0 1
vn 0 0 1
vn 0 0 1
vn 0 0 1
vn 0 0 1
vn 0 0 1
vn 0 0 1
vn 0 0 1
vn 0 0 1
vn 0 0 1
vn 0 0 1
vn 0 0 1
vn 0 0 1
vn 0 0 1
vn 0 0 1
vn 0 0 1
vn 0 0 1
vn 0 0 1
vn 0 0 1
vn 0 0 1
vn 0 0 1
vn 0 0 1
vn 0 0 1
vn 0 0 1
vn 0 0 1
vn 0 0 1
vn 0 0 1
vn 0 0 1
vn 0 0 1
vn 0 0 1
vn 0 0 1
vn 0 0 1
vn 0 0 1
vn 0 0 1
vn 0 0 1
vn 0 0 1
vn 0 0 1
vn 0 0 1
vn 0 0 1
vn 0 0 1
vn 0 0 1
vn 0 0 1
vn 0 0 1
vn 0 0 1
vn 0 0 1
vn 0 0 1
vn 0 0 1
vn 0 0 1
vn 0 0 1
vn 0 0 1
vn 0 0 1
vn 0 0 1
vn 0 0 1
vn 0 0 1
vn 0 0 1
vn 0 0 1
vn 0 0 1
vn 0 0 1
vn 0 0 1
vn 0 0 1
vn 0 0 1
vn 0 0 1
vn 0 0 1
vn 0 0 1
vn 0 0 1
vn 0 0 1
vn 0 0 1
vn 0 0 1
vn 0 0 1
vn 0 0 1
vn 0 0 1
vn 0 0 1
vn 0 0 1
vn 0 0 1
vn 0 0 1
vn 0 0 1
vn 0 0 1
vn 0 0 1
vn 0 0 1
vn 0 0 1
vn 0 0 1
vn 0 0 1
vn 0 0 1
vn 0 0 1
vn 0 0 1
vn 0 0 1
vn 0 0 1
vn 0 0 1
vn 0 0 1
vn 0 0 1
vn 0 0 1
vn 0 0 1
vn 0 0 1
vn 0 0 1
vn 0 0 1
vn 0 0 1
vn 0 0 1
vn 0 0 1
vn 0 0 1
vn 0 0 1
vn 0 0 1
vn 0 0 1
vn 0 0 1
vn 0 0 1
vn 0 0 1
vn 0 0 1
vn 0 0 1
vn 0 0 1
vn 0 0 1
vn 0 0 1
vn 0 0 1
vn 0 0 1
vn 0 0 1
vn 0 0 1
vn 0 0 1
vn 0 0 1
vn 0 0 1
vn 0 0 1
vn 0 0 1
vn 0 0 1
vn 0 0 1
vn 0 0 1
vn 0 0 1
vn 0 0 1
vn 0 0 1
vn 0 0 1
vn 0 0 1
vn 0 0 1
vn 0 0 1
vn 0 0 1
vn 0 0 1
vn 0 0 1
vn 0 0 1
vn 0 0 1
vn 0 0 1
vn 0 0 1
vn 0 0 1
vn 0 0 1
vn 0 0 1
vn 0 0 1
vn 0 0 1
vn 0 0 1
vn 0 0 1
vn 0 0 1
vn 0 0 1
vn 0 0 1
vn 0 0 1
vn 0 0 1
vn 0 0 1
vn 0 0 1
vn 0 0 1
vn 0 0 1
vn 0 0 1
vn 0 0 1
vn 0 0 1
vn 0 0 1
vn 0 0 1
vn 0 0 1
vn 0 0 1
vn 0 0 1
vn 0 0 1
vn 0 0 1
vn 0 0 1
vn 0 0 1
vn 0 0 1
vn 0 0 1
vn 0 0 1
vn 0 0 1
vn 0 0 1
vn 0 0 1
vn 0 0 1
vn 0 0 1
vn 0 0 1
vn 0 0 1
vn 0 0 1
vn 0 0 1
vn 0 0 1
vn 0 0 1
vn 0 0 1
vn 0 0 1
vn 0 0 1
vn 0 0 1
vn 0 0 1
vn 0 0 1
vn 0 0 1
vn 0 0 1
vn 0 0 1
vn 0 0 1
vn 0 0 1
vn 0 0 1
vn 0 0 1
vn 0 0 1
vn 0 0 1
vn 0 0 1
vn 0 0 1
vn 0 0 1
vn 0 0 1
vn 0 0 1
vn 0 0 1
vn 0 0 1
vn 0 0 1
vn 0 0 1
vn 0 0 1
vn 0 0 1
vn 0 0 1
vn 0 0 1
vn 0 0 1
vn 0 0 1
vn 0 0 1
vn 0 0 1
vn 0 0 1
vn 0 0 1
vn 0 0 1
vn 0 0 1
vn 0 0 1
vn 0 0 1
vn 0 0 1
vn 0 0 1
vn 0 0 1
vn 0 0 1
vn 0 0 1
vn 0 0 1
vn 0 0 1
vn 0 0 1
vn 0 0 1
vn 0 0 1
vn 0 0 1
vn 0 0 1
vn 0 0 1
vn 0 0 1
vn 0 0 1
vn 0 0 1
vn 0 0 1
vn 0 0 1
vn 0 0 1
vn 0 0 1
vn 0 0 1
vn 0 0 1
vn 0 0 1
vn 0 0 1
vn 0 0 1
vn 0 0 1
vn 0 0 1
vn 0 0 1
vn 0 0 1
vn 0 0 1
vn 0 0 1
vn 0 0 1
vn 0 0 1
vn 0 0 1
vn 0 0 1
vn 0 0 1
vn 0 0 1
vn 0 0 1
vn 0 0 1
vn 0 0 1
vn 0 0 1
vn 0 0 1
vn 0 0 1
vn 0 0 1
vn 0 0 1
vn 0 0 1
vn 0 0 1
vn 0 0 1
vn 0 0 1
vn 0 0 1
vn 0 0 1
vn 0 0 1
vn 0 0 1
vn 0 0 1
vn 0 0 1
vn 0 0 1
vn 0 0 1
vn 0 0 1
vn 0 0 1
vn 0 0 1
vn 0 0 1
vn 0 0 1
vn 0 0 1
vn 0 0 1
vn 0 0 1
vn 0 0 1
vn 0 0 1
vn 0 0 1
vn 0 0 1
vn 0 0 1
vn 0 0 1
vn 0 0 1
vn 0 0 1
vn 0 0 1
vn 0 0 1
vn 0 0 1
vn 0 0 1
vn 0 0 1
vn 0 0 1
vn 0 0 1
vn 0 0 1
vn 0 0 1
vn 0 0 1
vn 0 0 1
vn 0 0 1
vn 0 0 1
vn 0 0 1
vn 0 0 1
vn 0 0 1
vn 0 0 1
vn 0 0 1
vn 0 0 1
vn 0 0 1
vn 0 0 1
vn 0 0 1
vn 0 0 1
vn 0 0 1
vn 0 0 1
vn 0 0 1
vn 0 0 1
vn 0 0 1
vn 0 0 1
vn 0 0 1
vn 0 0 1
vn 0 0 1
vn 0 0 1
vn 0 0 1
vn 0 0 1
vn 0 0 1
vn 0 0 1
vn 0 0 1
vn 0 0 1
vn 0 0 1
vn 0 0 1
vn 0 0 1
vn 0 0 1
vn 0 0 1
vn 0 0 1
vn 0 0 1
vn 0 0 1
vn 0 0 1
vn 0 0 1
vn 0 0 1
vn 0 0 1
vn 0 0 1
vn 0 0 1
vn 0 0 1
vn 0 0 1
vn 0 0 1
vn 0 0 1
vn 0 0 1
vn 0 0 1
vn 0 0 1
vn 0 0 1
vn 0 0 1
vn 0 0 1
vn 0 0 1
vn 0 0 1
vn 0 0 1
vn 0 0 1
vn 0 0 1
vn 0 0 1
vn 0 0 1
vn 0 0 1
vn 0 0 1
vn 0 0 1
vn 0 0 1
vn 0 0 1
vn 0 0 1
vn 0 0 1
vn 0 0 1
vn 0 0 1
vn 0 0 1
vn 0 0 1
vn 0 0 1
vn 0 0 1
vn 0 0 1
vn 0 0 1
vn 0 0 1
vn 0 0 1
vn 0 0 1
vn 0 0 1
vn 0 0 1
vn 0.08716089 0.99619424 0
vn 0.08716089 0.99619424 0
vn 0.08716089 0.99619424 0
vn 0.08716089 0.99619424 0
vn 0.02077618 0.99978417 0
vn 0.02077618 0.99978417 0
vn 0.02077618 0.99978417 0
vn 0.02077618 0.99978417 0
vn 0.02129209 0.99977332 0
vn 0.02129209 0.99977332 0
vn 0.02129209 0.99977332 0
vn 0.02129209 0.99977332 0
vn -0.04492702 0.99899030 0
vn -0.04492702 0.99899030 0
vn -0.04492702 0.99899030 0
vn -0.04492702 0.99899030 0
vn -0.99620926 0.08698931 0
vn -0.99620926 0.08698931 0
vn -0.99620926 0.08698931 0
vn -0.99620926 0.08698931 0
vn -0.99620926 0.08698931 0
vn -0.99620926 0.08698931 0
vn -0.99620926 0.08698931 0
vn -0.99620926 0.08698931 0
vn -0.99620926 0.08698931 0
vn -0.99620926 0.08698931 0
vn -0.99620926 0.08698931 0
vn -0.99620926 0.08698931 0
vn -0.50536901 -0.86290336 0
vn -0.50536901 -0.86290336 0
vn -0.50536901 -0.86290336 0
vn -0.50536901 -0.86290336 0
vn -0.50536901 -0.86290336 0
vn -0.50536901 -0.86290336 0
vn -0.50536901 -0.86290336 0
vn -0.50536901 -0.86290336 0
vn -0.50536901 -0.86290336 0
vn -0.50536901 -0.86290336 0
vn -0.50536901 -0.86290336 0
vn -0.50536901 -0.86290336 0
vn -0.08800370 -0.99612015 0
vn -0.08800370 -0.99612015 0
vn -0.08800370 -0.99612015 0
vn -0.08800370 -0.99612015 0
vn -0.25925207 -0.96580970 0
vn -0.25925207 -0.96580970 0
vn -0.25925207 -0.96580970 0
vn -0.25925207 -0.96580970 0
vn -0.22340521 -0.97472566 0
vn -0.22340521 -0.97472566 0
vn -0.22340521 -0.97472566 0
vn -0.22340521 -0.97472566 0
vn -0.08730571 -0.99618155 0
vn -0.08730571 -0.99618155 0
vn -0.08730571 -0.99618155 0
vn -0.08730571 -0.99618155 0
vn -0.00725891 -0.99997365 0
vn -0.00725891 -0.99997365 0
vn -0.00725891 -0.99997365 0
vn -0.00725891 -0.99997365 0
vn 0.08730601 -0.99618155 0
vn 0.08730601 -0.99618155 0
vn 0.08730601 -0.99618155 0
vn 0.08730601 -0.99618155 0
vn 0.18902013 -0.98197323 0
vn 0.18902013 -0.98197323 0
vn 0.18902013 -0.98197323 0
vn 0.18902013 -0.98197323 0
vn 0.25925815 -0.96580803 0
vn 0.25925815 -0.96580803 0
vn 0.25925815 -0.96580803 0
vn 0.25925815 -0.96580803 0
vn 0.08834613 -0.99608982 0
vn 0.08834613 -0.99608982 0
vn 0.08834613 -0.99608982 0
vn 0.08834613 -0.99608982 0
vn 0.49857289 -0.86684781 0
vn 0.49857289 -0.86684781 0
vn 0.49857289 -0.86684781 0
vn 0.49857289 -0.86684781 0
vn 0.49857289 -0.86684781 0
vn 0.49857289 -0.86684781 0
vn 0.49857289 -0.86684781 0
vn 0.49857289 -0.86684781 0
vn 0.49857289 -0.86684781 0
vn 0.49857289 -0.86684781 0
vn 0.49857289 -0.86684781 0
vn 0.49857289 -0.86684781 0
vn 0.99622411 0.08681925 0
vn 0.99622411 0.08681925 0
vn 0.99622411 0.08681925 0
vn 0.99622411 0.08681925 0
vn 0.99622411 0.08681925 0
vn 0.99622411 0.08681925 0
vn 0.99622411 0.08681925 0
vn 0.99622411 0.08681925 0
vn 0.99622411 0.08681925 0
vn 0.99622411 0.08681925 0
vn 0.99622411 0.08681925 0
vn 0.99622411 0.08681925 0
vn 0.04492725 0.99899024 0
vn 0.04492725 0.99899024 0
vn 0.04492725 0.99899024 0
vn 0.04492725 0.99899024 0
vn -0.02077607 0.99978417 0
vn -0.02077607 0.99978417 0
vn -0.02077607 0.99978417 0
vn -0.02077607 0.99978417 0
vn -0.02129220 0.99977332 0
vn -0.02129220 0.99977332 0
vn -0.02129220 0.99977332 0
vn -0.02129220 0.99977332 0
vn -0.08716089 0.99619424 0
vn -0.08716089 0.99619424 0
vn -0.08716089 0.99619424 0
vn -0.08716089 0.99619424 0
vn 0.19385788 0.98102963 0
vn 0.19385788 0.98102963 0
vn 0.19385788 0.98102963 0
vn 0.19385788 0.98102963 0
vn 0.19385788 0.98102963 0
vn -0.99999827 0.00184937 0
vn -0.99999827 0.00184937 0
vn -0.99999827 0.00184937 0
vn -0.99999827 0.00184937 0
vn -0.99999827 0.00184937 0
vn -0.99999827 0.00184937 0
vn -0.99999827 0.00184937 0
vn -0.99999827 0.00184937 0
vn -0.99999827 0.00184937 0
vn 0 0 1
vn 0 0 1
vn 0 0 1
vn 0 0 1
vn 0 0 1
vn 1 0 0
vn 1 0 0
vn 1 0 0
vn 1 0 0
vn 1 0 0
vn 1 0 0
vn 1 0 0
vn 1 0 0
vn 0 -1 0
vn 0 -1 0
vn 0 -1 0
vn 0 -1 0
vn 0 -1 0
vn -1 0 0
vn -1 0 0
vn -0.99619472 0.08715574 0
vn -0.99619472 0.08715574 0
vn -0.98480773 0.17364818 0
vn -0.98480773 0.17364818 0
vn -0.96592581 0.25881904 0
vn -0.96592581 0.25881904 0
vn -0.93969262 0.34202015 0
vn -0.93969262 0.34202015 0
vn -0.90630782 0.42261827 0
vn -0.90630782 0.42261827 0
vn -0.86602539 0.50000000 0
vn -0.86602539 0.50000000 0
vn -0.81915206 0.57357645 0
vn -0.81915206 0.57357645 0
vn -0.76604444 0.64278764 0
vn -0.76604444 0.64278764 0
vn -0.70710677 0.70710677 0
vn -0.70710677 0.70710677 0
vn -0.64278764 0.76604444 0
vn -0.64278764 0.76604444 0
vn -0.57357645 0.81915206 0
vn -0.57357645 0.81915206 0
vn -0.50000000 0.86602539 0
vn -0.50000000 0.86602539 0
vn -0.42261827 0.90630782 0
vn -0.42261827 0.90630782 0
vn -0.34202015 0.93969262 0
vn -0.34202015 0.93969262 0
vn -0.25881904 0.96592581 0
vn -0.25881904 0.96592581 0
vn -0.17364818 0.98480773 0
vn -0.17364818 0.98480773 0
vn -0.08715574 0.99619472 0
vn -0.08715574 0.99619472 0
vn -0.00000000 1 0
vn -0.00000000 1 0
vn 0.08715574 0.99619472 0
vn 0.08715574 0.99619472 0
vn 0.17364818 0.98480773 0
vn 0.17364818 0.98480773 0
vn 0.25881904 0.96592581 0
vn 0.25881904 0.96592581 0
vn 0.34202015 0.93969262 0
vn 0.34202015 0.93969262 0
vn 0.42261827 0.90630782 0
vn 0.42261827 0.90630782 0
vn 0.50000000 0.86602539 0
vn 0.50000000 0.86602539 0
vn 0.57357645 0.81915206 0
vn 0.57357645 0.81915206 0
vn 0.64278764 0.76604444 0
vn 0.64278764 0.76604444 0
vn 0.70710677 0.70710677 0
vn 0.70710677 0.70710677 0
vn 0.76604444 0.64278764 0
vn 0.76604444 0.64278764 0
vn 0.81915206 0.57357645 0
vn 0.81915206 0.57357645 0
vn 0.86602539 0.50000000 0
vn 0.86602539 0.50000000 0
vn 0.90630782 0.42261827 0
vn 0.90630782 0.42261827 0
vn 0.93969262 0.34202015 0
vn 0.93969262 0.34202015 0
vn 0.96592581 0.25881904 0
vn 0.96592581 0.25881904 0
vn 0.98480773 0.17364818 0
vn 0.98480773 0.17364818 0
vn 0.99619472 0.08715574 0
vn 0.99619472 0.08715574 0
vn 1 0 0
vn 1 0 0
vn 0.99619472 -0.08715574 0
vn 0.99619472 -0.08715574 0
vn 0.98480773 -0.17364818 0
vn 0.98480773 -0.17364818 0
vn 0.96592581 -0.25881904 0
vn 0.96592581 -0.25881904 0
vn 0.93969262 -0.34202015 0
vn 0.93969262 -0.34202015 0
vn 0.90630782 -0.42261827 0
vn 0.90630782 -0.42261827 0
vn 0.86602539 -0.50000000 0
vn 0.86602539 -0.50000000 0
vn 0.81915206 -0.57357645 0
vn 0.81915206 -0.57357645 0
vn 0.76604444 -0.64278764 0
vn 0.76604444 -0.64278764 0
vn 0.70710677 -0.70710677 0
vn 0.70710677 -0.70710677 0
vn 0.64278764 -0.76604444 0
vn 0.64278764 -0.76604444 0
vn 0.57357645 -0.81915206 0
vn 0.57357645 -0.81915206 0
vn 0.50000000 -0.86602539 0
vn 0.50000000 -0.86602539 0
vn 0.42261827 -0.90630782 0
vn 0.42261827 -0.90630782 0
vn 0.34202015 -0.93969262 0
vn 0.34202015 -0.93969262 0
vn 0.25881904 -0.96592581 0
vn 0.25881904 -0.96592581 0
vn 0.17364818 -0.98480773 0
vn 0.17364818 -0.98480773 0
vn 0.08715574 -0.99619472 0
vn 0.08715574 -0.99619472 0
vn 0.00000000 -1 0
vn 0.00000000 -1 0
vn -0.08715574 -0.99619472 0
vn -0.08715574 -0.99619472 0
vn -0.17364818 -0.98480773 0
vn -0.17364818 -0.98480773 0
vn -0.25881904 -0.96592581 0
vn -0.25881904 -0.96592581 0
vn -0.34202015 -0.93969262 0
vn -0.34202015 -0.93969262 0
vn -0.42261827 -0.90630782 0
vn -0.42261827 -0.90630782 0
vn -0.50000000 -0.86602539 0
vn -0.50000000 -0.86602539 0
vn -0.57357645 -0.81915206 0
vn -0.57357645 -0.81915206 0
vn -0.64278764 -0.76604444 0
vn -0.64278764 -0.76604444 0
vn -0.70710677 -0.70710677 0
vn -0.70710677 -0.70710677 0
vn -0.76604444 -0.64278764 0
vn -0.76604444 -0.64278764 0
vn -0.81915206 -0.57357645 0
vn -0.81915206 -0.57357645 0
vn -0.86602539 -0.50000000 0
vn -0.86602539 -0.50000000 0
vn -0.90630782 -0.42261827 0
vn -0.90630782 -0.42261827 0
vn -0.93969262 -0.34202015 0
vn -0.93969262 -0.34202015 0
vn -0.96592581 -0.25881904 0
vn -0.96592581 -0.25881904 0
vn -0.98480773 -0.17364818 0
vn -0.98480773 -0.17364818 0
vn -0.99619472 -0.08715574 0
vn -0.99619472 -0.08715574 0
vn 0 0 1
vn 0 0 1
vn 0 0 1
vn 0 0 1
vn 0 0 1
vn 0 0 1
vn 0 0 1
vn 0 0 1
vn 0 0 1
vn 0 0 1
vn 0 0 1
vn 0 0 1
vn 0 0 1
vn 0 0 1
vn 0 0 1
vn 0 0 1
vn 0 0 1
vn 0 0 1
vn 0 0 1
vn 0 0 1
vn 0 0 1
vn 0 0 1
vn 0 0 1
vn 0 0 1
vn 0 0 1
vn 0 0 1
vn 0 0 1
vn 0 0 1
vn 0 0 1
vn 0 0 1
vn 0 0 1
vn 0 0 1
vn 0 0 1
vn 0 0 1
vn 0 0 1
vn 0 0 1
vn 0 0 1
vn 0 0 1
vn 0 0 1
vn 0 0 1
vn 0 0 1
vn 0 0 1
vn 0 0 1
vn 0 0 1
vn 0 0 1
vn 0 0 1
vn 0 0 1
vn 0 0 1
vn 0 0 1
vn 0 0 1
vn 0 0 1
vn 0 0 1
vn 0 0 1
vn 0 0 1
vn 0 0 1
vn 0 0 1
vn 0 0 1
vn 0 0 1
vn 0 0 1
vn 0 0 1
vn 0 0 1
vn 0 0 1
vn 0 0 1
vn 0 0 1
vn 0 0 1
vn 0 0 1
vn 0 0 1
vn 0 0 1
vn 0 0 1
vn 0 0 1
vn 0 0 1
vn 0 0 1
vn 0 0 1
vn 0 0 1
vn 0 0 1
vn 0 0 1
vn 0 0 1
vn 0 0 1
vn 0 0 1
vn 0 0 1
vn 0 0 1
vn 0 0 1
vn 0 0 1
vn 0 0 1
vn 0 0 1
vn 0 0 1
vn 0 0 1
vn 0 0 1
vn 0 0 1
vn 0 0 1
vn 0 0 1
vn 0 0 1
vn 0 0 1
vn 0 0 1
vn 0 0 1
vn 0 0 1
vn 0 0 1
vn 0 0 1
vn 0 0 1
vn 0 0 1
vn 0 0 1
vn 0 0 1
vn 0 0 1
vn 0 0 1
vn 0 0 1
vn 0 0 1
vn 0 0 1
vn 0 0 1
vn 0 0 1
vn 0 0 1
vn 0 0 1
vn 0 0 1
vn 0 0 1
vn 0 0 1
vn 0 0 1
vn 0 0 1
vn 0 0 1
vn 0 0 1
vn 0 0 1
vn 0 0 1
vn 0 0 1
vn 0 0 1
vn 0 0 1
vn 0 0 1
vn 0 0 1
vn 0 0 1
vn 0 0 1
vn 0 0 1
vn 0 0 1
vn 0 0 1
vn 0 0 1
vn 0 0 1
vn 0 0 1
vn 0 0 1
vn 0 0 1
vn 0 0 1
vn 0 0 1
vn 0 0 1
vn 0 0 1
vn 0 0 1
vn 0 0 1
vn 0 0 1
vn 0 0 1
vn 0 0 1
vn 0.99619472 0.08715574 0
vn 1 0.00000000 0
vn 1 0.00000000 0
vn 0.98480773 0.17364818 0
vn 0.99619472 0.08715574 0
vn 0.96592581 0.25881904 0
vn 0.98480773 0.17364818 0
vn 0.93969262 0.34202015 0
vn 0.96592581 0.25881904 0
vn 0.90630782 0.42261827 0
vn 0.93969262 0.34202015 0
vn 0.86602539 0.50000000 0
vn 0.90630782 0.42261827 0
vn 0.81915206 0.57357645 0
vn 0.86602539 0.50000000 0
vn 0.76604444 0.64278764 0
vn 0.81915206 0.57357645 0
vn 0.70710677 0.70710677 0
vn 0.76604444 0.64278764 0
vn 0.64278764 0.76604444 0
vn 0.70710677 0.70710677 0
vn 0.57357645 0.81915206 0
vn 0.64278764 0.76604444 0
vn 0.50000000 0.86602539 0
vn 0.57357645 0.81915206 0
vn 0.42261827 0.90630782 0
vn 0.50000000 0.86602539 0
vn 0.34202015 0.93969262 0
vn 0.42261827 0.90630782 0
vn 0.25881904 0.96592581 0
vn 0.34202015 0.93969262 0
vn 0.17364818 0.98480773 0
vn 0.25881904 0.96592581 0
vn 0.08715574 0.99619472 0
vn 0.17364818 0.98480773 0
vn -0.00000000 1 0
vn 0.08715574 0.99619472 0
vn -0.08715574 0.99619472 0
vn -0.00000000 1 0
vn -0.17364818 0.98480773 0
vn -0.08715574 0.99619472 0
vn -0.25881904 0.96592581 0
vn -0.17364818 0.98480773 0
vn -0.34202015 0.93969262 0
vn -0.25881904 0.96592581 0
vn -0.42261827 0.90630782 0
vn -0.34202015 0.93969262 0
vn -0.50000000 0.86602539 0
vn -0.42261827 0.90630782 0
vn -0.57357645 0.81915206 0
vn -0.50000000 0.86602539 0
vn -0.64278764 0.76604444 0
vn -0.57357645 0.81915206 0
vn -0.70710677 0.70710677 0
vn -0.64278764 0.76604444 0
vn -0.76604444 0.64278764 0
vn -0.70710677 0.70710677 0
vn -0.81915206 0.57357645 0
vn -0.76604444 0.64278764 0
vn -0.86602539 0.50000000 0
vn -0.81915206 0.57357645 0
vn -0.90630782 0.42261827 0
vn -0.86602539 0.50000000 0
vn -0.93969262 0.34202015 0
vn -0.90630782 0.42261827 0
vn -0.96592581 0.25881904 0
vn -0.93969262 0.34202015 0
vn -0.98480773 0.17364818 0
vn -0.96592581 0.25881904 0
vn -0.99619472 0.08715574 0
vn -0.98480773 0.17364818 0
vn -1 0 0
vn -0.99619472 0.08715574 0
vn -0.99619472 -0.08715574 0
vn -1 0 0
vn -0.98480773 -0.17364818 0
vn -0.99619472 -0.08715574 0
vn -0.96592581 -0.25881904 0
vn -0.98480773 -0.17364818 0
vn -0.93969262 -0.34202015 0
vn -0.96592581 -0.25881904 0
vn -0.90630782 -0.42261827 0
vn -0.93969262 -0.34202015 0
vn -0.86602539 -0.50000000 0
vn -0.90630782 -0.42261827 0
vn -0.81915206 -0.57357645 0
vn -0.86602539 -0.50000000 0
vn -0.76604444 -0.64278764 0
vn -0.81915206 -0.57357645 0
vn -0.70710677 -0.70710677 0
vn -0.76604444 -0.64278764 0
vn -0.64278764 -0.76604444 0
vn -0.70710677 -0.70710677 0
vn -0.57357645 -0.81915206 0
vn -0.64278764 -0.76604444 0
vn -0.50000000 -0.86602539 0
vn -0.57357645 -0.81915206 0
vn -0.42261827 -0.90630782 0
vn -0.50000000 -0.86602539 0
vn -0.34202015 -0.93969262 0
vn -0.42261827 -0.90630782 0
vn -0.25881904 -0.96592581 0
vn -0.34202015 -0.93969262 0
vn -0.17364818 -0.98480773 0
vn -0.25881904 -0.96592581 0
vn -0.08715574 -0.99619472 0
vn -0.17364818 -0.98480773 0
vn 0.00000000 -1 0
vn -0.08715574 -0.99619472 0
vn 0.08715574 -0.99619472 0
vn 0.00000000 -1 0
vn 0.17364818 -0.98480773 0
vn 0.08715574 -0.99619472 0
vn 0.25881904 -0.96592581 0
vn 0.17364818 -0.98480773 0
vn 0.34202015 -0.93969262 0
vn 0.25881904 -0.96592581 0
vn 0.42261827 -0.90630782 0
vn 0.34202015 -0.93969262 0
vn 0.50000000 -0.86602539 0
vn 0.42261827 -0.90630782 0
vn 0.57357645 -0.81915206 0
vn 0.50000000 -0.86602539 0
vn 0.64278764 -0.76604444 0
vn 0.57357645 -0.81915206 0
vn 0.70710677 -0.70710677 0
vn 0.64278764 -0.76604444 0
vn 0.76604444 -0.64278764 0
vn 0.70710677 -0.70710677 0
vn 0.81915206 -0.57357645 0
vn 0.76604444 -0.64278764 0
vn 0.86602539 -0.50000000 0
vn 0.81915206 -0.57357645 0
vn 0.90630782 -0.42261827 0
vn 0.86602539 -0.50000000 0
vn 0.93969262 -0.34202015 0
vn 0.90630782 -0.42261827 0
vn 0.96592581 -0.25881904 0
vn 0.93969262 -0.34202015 0
vn 0.98480773 -0.17364818 0
vn 0.96592581 -0.25881904 0
vn 0.99619472 -0.08715574 0
vn 0.98480773 -0.17364818 0
vn 0.99619472 -0.08715574 0
vn 0 0 1
vn 0 0 1
vn 0 0 1
vn 0 0 1
vn 0 0 1
vn 0 0 1
vn 0 0 1
vn 0 0 1
vn 0 0 1
vn 0 0 1
vn 0 0 1
vn 0 0 1
vn 0 0 1
vn 0 0 1
vn 0 0 1
vn 0 0 1
vn 0 0 1
vn 0 0 1
vn 0 0 1
vn 0 0 1
vn 0 0 1
vn 0 0 1
vn 0 0 1
vn 0 0 1
vn 0 0 1
vn 0 0 1
vn 0 0 1
vn 0 0 1
vn 0 0 1
vn 0 0 1
vn 0 0 1
vn 0 0 1
vn 0 0 1
vn 0 0 1
vn 0 0 1
vn 0 0 1
vn 0 0 1
vn 0 0 1
vn 0 0 1
vn 0 0 1
vn 0 0 1
vn 0 0 1
vn 0 0 1
vn 0 0 1
vn 0 0 1
vn 0 0 1
vn 0 0 1
vn 0 0 1
vn 0 0 1
vn 0 0 1
vn 0 0 1
vn 0 0 1
vn 0 0 1
vn 0 0 1
vn 0 0 1
vn 0 0 1
vn 0 0 1
vn 0 0 1
vn 0 0 1
vn 0 0 1
vn 0 0 1
vn 0 0 1
vn 0 0 1
vn 0 0 1
vn 0 0 1
vn 0 0 1
vn 0 0 1
vn 0 0 1
vn 0 0 1
vn 0 0 1
vn 0 0 1
vn 0 0 1
vn 0 0 1
vn 0 0 1
vn 0 0 1
vn 0 0 1
vn 0 0 1
vn 0 0 1
vn 0 0 1
vn 0 0 1
vn 0 0 1
vn 0 0 1
vn 0 0 1
vn 0 0 1
vn 0 0 1
vn 0 0 1
vn 0 0 1
vn 0 0 1
vn 0 0 1
vn 0 0 1
vn 0 0 1
vn 0 0 1
vn 0 0 1
vn 0 0 1
vn 0 0 1
vn 0 0 1
vn 0 0 1
vn 0 0 1
vn 0 0 1
vn 0 0 1
vn 0 0 1
vn 0 0 1
vn 0 0 1
vn 0 0 1
vn 0 0 1
vn 0 0 1
vn 0 0 1
vn 0 0 1
vn 0 0 1
vn 0 0 1
vn 0 0 1
vn 0 0 1
vn 0 0 1
vn 0 0 1
vn 0 0 1
vn 0 0 1
vn 0 0 1
vn 0 0 1
vn 0 0 1
vn 0 0 1
vn 0 0 1
vn 0 0 1
vn 0 0 1
vn 0 0 1
vn 0 0 1
vn 0 0 1
vn 0 0 1
vn 0 0 1
vn 0 0 1
vn 0 0 1
vn 0 0 1
vn 0 0 1
vn 0 0 1
vn 0 0 1
vn 0 0 1
vn 0 0 1
vn 0 0 1
vn 0 0 1
vn 0 0 1
vn 0 0 1
vn 0 0 1
vn 0 0 1
vn 0 0 1
vn 0 0 1
vn -0.99619472 0.08715574 0
vn -1 0 0
vn -1 0 0
vn -0.98480773 0.17364818 0
vn -0.99619472 0.08715574 0
vn -0.96592581 0.25881904 0
vn -0.98480773 0.17364818 0
vn -0.93969262 0.34202015 0
vn -0.96592581 0.25881904 0
vn -0.90630782 0.42261827 0
vn -0.93969262 0.34202015 0
vn -0.86602539 0.50000000 0
vn -0.90630782 0.42261827 0
vn -0.81915206 0.57357645 0
vn -0.86602539 0.50000000 0
vn -0.76604444 0.64278764 0
vn -0.81915206 0.57357645 0
vn -0.70710677 0.70710677 0
vn -0.76604444 0.64278764 0
vn -0.64278764 0.76604444 0
vn -0.70710677 0.70710677 0
vn -0.57357645 0.81915206 0
vn -0.64278764 0.76604444 0
vn -0.50000000 0.86602539 0
vn -0.57357645 0.81915206 0
vn -0.42261827 0.90630782 0
vn -0.50000000 0.86602539 0
vn -0.34202015 0.93969262 0
vn -0.42261827 0.90630782 0
vn -0.25881904 0.96592581 0
vn -0.34202015 0.93969262 0
vn -0.17364818 0.98480773 0
vn -0.25881904 0.96592581 0
vn -0.08715574 0.99619472 0
vn -0.17364818 0.98480773 0
vn 0.00000000 1 0
vn -0.08715574 0.99619472 0
vn 0.08715574 0.99619472 0
vn 0.00000000 1 0
vn 0.17364818 0.98480773 0
vn 0.08715574 0.99619472 0
vn 0.25881904 0.96592581 0
vn 0.17364818 0.98480773 0
vn 0.34202015 0.93969262 0
vn 0.25881904 0.96592581 0
vn 0.42261827 0.90630782 0
vn 0.34202015 0.93969262 0
vn 0.50000000 0.86602539 0
vn 0.42261827 0.90630782 0
vn 0.57357645 0.81915206 0
vn 0.50000000 0.86602539 0
vn 0.64278764 0.76604444 0
vn 0.57357645 0.81915206 0
vn 0.70710677 0.70710677 0
vn 0.64278764 0.76604444 0
vn 0.76604444 0.64278764 0
vn 0.70710677 0.70710677 0
vn 0.81915206 0.57357645 0
vn 0.76604444 0.64278764 0
vn 0.86602539 0.50000000 0
vn 0.81915206 0.57357645 0
vn 0.90630782 0.42261827 0
vn 0.86602539 0.50000000 0
vn 0.93969262 0.34202015 0
vn 0.90630782 0.42261827 0
vn 0.96592581 0.25881904 0
vn 0.93969262 0.34202015 0
vn 0.98480773 0.17364818 0
vn 0.96592581 0.25881904 0
vn 0.99619472 0.08715574 0
vn 0.98480773 0.17364818 0
vn 1 -0.00000000 0
vn 0.99619472 0.08715574 0
vn 0.99619472 -0.08715574 0
vn 1 -0.00000000 0
vn 0.98480773 -0.17364818 0
vn 0.99619472 -0.08715574 0
vn 0.96592581 -0.25881904 0
vn 0.98480773 -0.17364818 0
vn 0.93969262 -0.34202015 0
vn 0.96592581 -0.25881904 0
vn 0.90630782 -0.42261827 0
vn 0.93969262 -0.34202015 0
vn 0.86602539 -0.50000000 0
vn 0.90630782 -0.42261827 0
vn 0.81915206 -0.57357645 0
vn 0.86602539 -0.50000000 0
vn 0.76604444 -0.64278764 0
vn 0.81915206 -0.57357645 0
vn 0.70710677 -0.70710677 0
vn 0.76604444 -0.64278764 0
vn 0.64278764 -0.76604444 0
vn 0.70710677 -0.70710677 0
vn 0.57357645 -0.81915206 0
vn 0.64278764 -0.76604444 0
vn 0.50000000 -0.86602539 0
vn 0.57357645 -0.81915206 0
vn 0.42261827 -0.90630782 0
vn 0.50000000 -0.86602539 0
vn 0.34202015 -0.93969262 0
vn 0.42261827 -0.90630782 0
vn 0.25881904 -0.96592581 0
vn 0.34202015 -0.93969262 0
vn 0.17364818 -0.98480773 0
vn 0.25881904 -0.96592581 0
vn 0.08715574 -0.99619472 0
vn 0.17364818 -0.98480773 0
vn -0.00000000 -1 0
vn 0.08715574 -0.99619472 0
vn -0.08715574 -0.99619472 0
vn -0.00000000 -1 0
vn -0.17364818 -0.98480773 0
vn -0.08715574 -0.99619472 0
vn -0.25881904 -0.96592581 0
vn -0.17364818 -0.98480773 0
vn -0.34202015 -0.93969262 0
vn -0.25881904 -0.96592581 0
vn -0.42261827 -0.90630782 0
vn -0.34202015 -0.93969262 0
vn -0.50000000 -0.86602539 0
vn -0.42261827 -0.90630782 0
vn -0.57357645 -0.81915206 0
vn -0.50000000 -0.86602539 0
vn -0.64278764 -0.76604444 0
vn -0.57357645 -0.81915206 0
vn -0.70710677 -0.70710677 0
vn -0.64278764 -0.76604444 0
vn -0.76604444 -0.64278764 0
vn -0.70710677 -0.70710677 0
vn -0.81915206 -0.57357645 0
vn -0.76604444 -0.64278764 0
vn -0.86602539 -0.50000000 0
vn -0.81915206 -0.57357645 0
vn -0.90630782 -0.42261827 0
vn -0.86602539 -0.50000000 0
vn -0.93969262 -0.34202015 0
vn -0.90630782 -0.42261827 0
vn -0.96592581 -0.25881904 0
vn -0.93969262 -0.34202015 0
vn -0.98480773 -0.17364818 0
vn -0.96592581 -0.25881904 0
vn -0.99619472 -0.08715574 0
vn -0.98480773 -0.17364818 0
vn -0.99619472 -0.08715574 0
vn -1 0 0
vn -1 0 0
vn -0.99619472 0.08715574 0
vn -0.99619472 0.08715574 0
vn -0.98480773 0.17364818 0
vn -0.98480773 0.17364818 0
vn -0.96592581 0.25881904 0
vn -0.96592581 0.25881904 0
vn -0.93969262 0.34202015 0
vn -0.93969262 0.34202015 0
vn -0.90630782 0.42261827 0
vn -0.90630782 0.42261827 0
vn -0.86602539 0.50000000 0
vn -0.86602539 0.50000000 0
vn -0.81915206 0.57357645 0
vn -0.81915206 0.57357645 0
vn -0.76604444 0.64278764 0
vn -0.76604444 0.64278764 0
vn -0.70710677 0.70710677 0
vn -0.70710677 0.70710677 0
vn -0.64278764 0.76604444 0
vn -0.64278764 0.76604444 0
vn -0.57357645 0.81915206 0
vn -0.57357645 0.81915206 0
vn -0.50000000 0.86602539 0
vn -0.50000000 0.86602539 0
vn -0.42261827 0.90630782 0
vn -0.42261827 0.90630782 0
vn -0.34202015 0.93969262 0
vn -0.34202015 0.93969262 0
vn -0.25881904 0.96592581 0
vn -0.25881904 0.96592581 0
vn -0.17364818 0.98480773 0
vn -0.17364818 0.98480773 0
vn -0.08715574 0.99619472 0
vn -0.08715574 0.99619472 0
vn -0.00000000 1 0
vn -0.00000000 1 0
vn 0.08715574 0.99619472 0
vn 0.08715574 0.99619472 0
vn 0.17364818 0.98480773 0
vn 0.17364818 0.98480773 0
vn 0.25881904 0.96592581 0
vn 0.25881904 0.96592581 0
vn 0.34202015 0.93969262 0
vn 0.34202015 0.93969262 0
vn 0.42261827 0.90630782 0
vn 0.42261827 0.90630782 0
vn 0.50000000 0.86602539 0
vn 0.50000000 0.86602539 0
vn 0.57357645 0.81915206 0
vn 0.57357645 0.81915206 0
vn 0.64278764 0.76604444 0
vn 0.64278764 0.76604444 0
vn 0.70710677 0.70710677 0
vn 0.70710677 0.70710677 0
vn 0.76604444 0.64278764 0
vn 0.76604444 0.64278764 0
vn 0.81915206 0.57357645 0
vn 0.81915206 0.57357645 0
vn 0.86602539 0.50000000 0
vn 0.86602539 0.50000000 0
vn 0.90630782 0.42261827 0
vn 0.90630782 0.42261827 0
vn 0.93969262 0.34202015 0
vn 0.93969262 0.34202015 0
vn 0.96592581 0.25881904 0
vn 0.96592581 0.25881904 0
vn 0.98480773 0.17364818 0
vn 0.98480773 0.17364818 0
vn 0.99619472 0.08715574 0
vn 0.99619472 0.08715574 0
vn 1 0 0
vn 1 0 0
vn 0.99619472 -0.08715574 0
vn 0.99619472 -0.08715574 0
vn 0.98480773 -0.17364818 0
vn 0.98480773 -0.17364818 0
vn 0.96592581 -0.25881904 0
vn 0.96592581 -0.25881904 0
vn 0.93969262 -0.34202015 0
vn 0.93969262 -0.34202015 0
vn 0.90630782 -0.42261827 0
vn 0.90630782 -0.42261827 0
vn 0.86602539 -0.50000000 0
vn 0.86602539 -0.50000000 0
vn 0.81915206 -0.57357645 0
vn 0.81915206 -0.57357645 0
vn 0.76604444 -0.64278764 0
vn 0.76604444 -0.64278764 0
vn 0.70710677 -0.70710677 0
vn 0.70710677 -0.70710677 0
vn 0.64278764 -0.76604444 0
vn 0.64278764 -0.76604444 0
vn 0.57357645 -0.81915206 0
vn 0.57357645 -0.81915206 0
vn 0.50000000 -0.86602539 0
vn 0.50000000 -0.86602539 0
vn 0.42261827 -0.90630782 0
vn 0.42261827 -0.90630782 0
vn 0.34202015 -0.93969262 0
vn 0.34202015 -0.93969262 0
vn 0.25881904 -0.96592581 0
vn 0.25881904 -0.96592581 0
vn 0.17364818 -0.98480773 0
vn 0.17364818 -0.98480773 0
vn 0.08715574 -0.99619472 0
vn 0.08715574 -0.99619472 0
vn 0.00000000 -1 0
vn 0.00000000 -1 0
vn -0.08715574 -0.99619472 0
vn -0.08715574 -0.99619472 0
vn -0.17364818 -0.98480773 0
vn -0.17364818 -0.98480773 0
vn -0.25881904 -0.96592581 0
vn -0.25881904 -0.96592581 0
vn -0.34202015 -0.93969262 0
vn -0.34202015 -0.93969262 0
vn -0.42261827 -0.90630782 0
vn -0.42261827 -0.90630782 0
vn -0.50000000 -0.86602539 0
vn -0.50000000 -0.86602539 0
vn -0.57357645 -0.81915206 0
vn -0.57357645 -0.81915206 0
vn -0.64278764 -0.76604444 0
vn -0.64278764 -0.76604444 0
vn -0.70710677 -0.70710677 0
vn -0.70710677 -0.70710677 0
vn -0.76604444 -0.64278764 0
vn -0.76604444 -0.64278764 0
vn -0.81915206 -0.57357645 0
vn -0.81915206 -0.57357645 0
vn -0.86602539 -0.50000000 0
vn -0.86602539 -0.50000000 0
vn -0.90630782 -0.42261827 0
vn -0.90630782 -0.42261827 0
vn -0.93969262 -0.34202015 0
vn -0.93969262 -0.34202015 0
vn -0.96592581 -0.25881904 0
vn -0.96592581 -0.25881904 0
vn -0.98480773 -0.17364818 0
vn -0.98480773 -0.17364818 0
vn -0.99619472 -0.08715574 0
vn -0.99619472 -0.08715574 0
vn 0 0 1
vn 0 0 1
vn 0 0 1
vn 0 0 1
vn 0 0 1
vn 0 0 1
vn 0 0 1
vn 0 0 1
vn 0 0 1
vn 0 0 1
vn 0 0 1
vn 0 0 1
vn 0 0 1
vn 0 0 1
vn 0 0 1
vn 0 0 1
vn 0 0 1
vn 0 0 1
vn 0 0 1
vn 0 0 1
vn 0 0 1
vn 0 0 1
vn 0 0 1
vn 0 0 1
vn 0 0 1
vn 0 0 1
vn 0 0 1
vn 0 0 1
vn 0 0 1
vn 0 0 1
vn 0 0 1
vn 0 0 1
vn 0 0 1
vn 0 0 1
vn 0 0 1
vn 0 0 1
vn 0 0 1
vn 0 0 1
vn 0 0 1
vn 0 0 1
vn 0 0 1
vn 0 0 1
vn 0 0 1
vn 0 0 1
vn 0 0 1
vn 0 0 1
vn 0 0 1
vn 0 0 1
vn 0 0 1
vn 0 0 1
vn 0 0 1
vn 0 0 1
vn 0 0 1
vn 0 0 1
vn 0 0 1
vn 0 0 1
vn 0 0 1
vn 0 0 1
vn 0 0 1
vn 0 0 1
vn 0 0 1
vn 0 0 1
vn 0 0 1
vn 0 0 1
vn 0 0 1
vn 0 0 1
vn 0 0 1
vn 0 0 1
vn 0 0 1
vn 0 0 1
vn 0 0 1
vn 0 0 1
vn 0 0 1
vn 0 0 1
vn 0 0 1
vn 0 0 1
vn 0 0 1
vn 0 0 1
vn 0 0 1
vn 0 0 1
vn 0 0 1
vn 0 0 1
vn 0 0 1
vn 0 0 1
vn 0 0 1
vn 0 0 1
vn 0 0 1
vn 0 0 1
vn 0 0 1
vn 0 0 1
vn 0 0 1
vn 0 0 1
vn 0 0 1
vn 0 0 1
vn 0 0 1
vn 0 0 1
vn 0 0 1
vn 0 0 1
vn 0 0 1
vn 0 0 1
vn 0 0 1
vn 0 0 1
vn 0 0 1
vn 0 0 1
vn 0 0 1
vn 0 0 1
vn 0 0 1
vn 0 0 1
vn 0 0 1
vn 0 0 1
vn 0 0 1
vn 0 0 1
vn 0 0 1
vn 0 0 1
vn 0 0 1
vn 0 0 1
vn 0 0 1
vn 0 0 1
vn 0 0 1
vn 0 0 1
vn 0 0 1
vn 0 0 1
vn 0 0 1
vn 0 0 1
vn 0 0 1
vn 0 0 1
vn 0 0 1
vn 0 0 1
vn 0 0 1
vn 0 0 1
vn 0 0 1
vn 0 0 1
vn 0 0 1
vn 0 0 1
vn 0 0 1
vn 0 0 1
vn 0 0 1
vn 0 0 1
vn 0 0 1
vn 0 0 1
vn 0 0 1
vn 0 0 1
vn 0 0 1
vn 0 0 1
vn 0.99619472 0.08715574 0
vn 1 0.00000000 0
vn 1 0.00000000 0
vn 0.98480773 0.17364818 0
vn 0.99619472 0.08715574 0
vn 0.96592581 0.25881904 0
vn 0.98480773 0.17364818 0
vn 0.93969262 0.34202015 0
vn 0.96592581 0.25881904 0
vn 0.90630782 0.42261827 0
vn 0.93969262 0.34202015 0
vn 0.86602539 0.50000000 0
vn 0.90630782 0.42261827 0
vn 0.81915206 0.57357645 0
vn 0.86602539 0.50000000 0
vn 0.76604444 0.64278764 0
vn 0.81915206 0.57357645 0
vn 0.70710677 0.70710677 0
vn 0.76604444 0.64278764 0
vn 0.64278764 0.76604444 0
vn 0.70710677 0.70710677 0
vn 0.57357645 0.81915206 0
vn 0.64278764 0.76604444 0
vn 0.50000000 0.86602539 0
vn 0.57357645 0.81915206 0
vn 0.42261827 0.90630782 0
vn 0.50000000 0.86602539 0
vn 0.34202015 0.93969262 0
vn 0.42261827 0.90630782 0
vn 0.25881904 0.96592581 0
vn 0.34202015 0.93969262 0
vn 0.17364818 0.98480773 0
vn 0.25881904 0.96592581 0
vn 0.08715574 0.99619472 0
vn 0.17364818 0.98480773 0
vn -0.00000000 1 0
vn 0.08715574 0.99619472 0
vn -0.08715574 0.99619472 0
vn -0.00000000 1 0
vn -0.17364818 0.98480773 0
vn -0.08715574 0.99619472 0
vn -0.25881904 0.96592581 0
vn -0.17364818 0.98480773 0
vn -0.34202015 0.93969262 0
vn -0.25881904 0.96592581 0
vn -0.42261827 0.90630782 0
vn -0.34202015 0.93969262 0
vn -0.50000000 0.86602539 0
vn -0.42261827 0.90630782 0
vn -0.57357645 0.81915206 0
vn -0.50000000 0.86602539 0
vn -0.64278764 0.76604444 0
vn -0.57357645 0.81915206 0
vn -0.70710677 0.70710677 0
vn -0.64278764 0.76604444 0
vn -0.76604444 0.64278764 0
vn -0.70710677 0.70710677 0
vn -0.81915206 0.57357645 0
vn -0.76604444 0.64278764 0
vn -0.86602539 0.50000000 0
vn -0.81915206 0.57357645 0
vn -0.90630782 0.42261827 0
vn -0.86602539 0.50000000 0
vn -0.93969262 0.34202015 0
vn -0.90630782 0.42261827 0
vn -0.96592581 0.25881904 0
vn -0.93969262 0.34202015 0
vn -0.98480773 0.17364818 0
vn -0.96592581 0.25881904 0
vn -0.99619472 0.08715574 0
vn -0.98480773 0.17364818 0
vn -1 0 0
vn -0.99619472 0.08715574 0
vn -0.99619472 -0.08715574 0
vn -1 0 0
vn -0.98480773 -0.17364818 0
vn -0.99619472 -0.08715574 0
vn -0.96592581 -0.25881904 0
vn -0.98480773 -0.17364818 0
vn -0.93969262 -0.34202015 0
vn -0.96592581 -0.25881904 0
vn -0.90630782 -0.42261827 0
vn -0.93969262 -0.34202015 0
vn -0.86602539 -0.50000000 0
vn -0.90630782 -0.42261827 0
vn -0.81915206 -0.57357645 0
vn -0.86602539 -0.50000000 0
vn -0.76604444 -0.64278764 0
vn -0.81915206 -0.57357645 0
vn -0.70710677 -0.70710677 0
vn -0.76604444 -0.64278764 0
vn -0.64278764 -0.76604444 0
vn -0.70710677 -0.70710677 0
vn -0.57357645 -0.81915206 0
vn -0.64278764 -0.76604444 0
vn -0.50000000 -0.86602539 0
vn -0.57357645 -0.81915206 0
vn -0.42261827 -0.90630782 0
vn -0.50000000 -0.86602539 0
vn -0.34202015 -0.93969262 0
vn -0.42261827 -0.90630782 0
vn -0.25881904 -0.96592581 0
vn -0.34202015 -0.93969262 0
vn -0.17364818 -0.98480773 0
vn -0.25881904 -0.96592581 0
vn -0.08715574 -0.99619472 0
vn -0.17364818 -0.98480773 0
vn 0.00000000 -1 0
vn -0.08715574 -0.99619472 0
vn 0.08715574 -0.99619472 0
vn 0.00000000 -1 0
vn 0.17364818 -0.98480773 0
vn 0.08715574 -0.99619472 0
vn 0.25881904 -0.96592581 0
vn 0.17364818 -0.98480773 0
vn 0.34202015 -0.93969262 0
vn 0.25881904 -0.96592581 0
vn 0.42261827 -0.90630782 0
vn 0.34202015 -0.93969262 0
vn 0.50000000 -0.86602539 0
vn 0.42261827 -0.90630782 0
vn 0.57357645 -0.81915206 0
vn 0.50000000 -0.86602539 0
vn 0.64278764 -0.76604444 0
vn 0.57357645 -0.81915206 0
vn 0.70710677 -0.70710677 0
vn 0.64278764 -0.76604444 0
vn 0.76604444 -0.64278764 0
vn 0.70710677 -0.70710677 0
vn 0.81915206 -0.57357645 0
vn 0.76604444 -0.64278764 0
vn 0.86602539 -0.50000000 0
vn 0.81915206 -0.57357645 0
vn 0.90630782 -0.42261827 0
vn 0.86602539 -0.50000000 0
vn 0.93969262 -0.34202015 0
vn 0.90630782 -0.42261827 0
vn 0.96592581 -0.25881904 0
vn 0.93969262 -0.34202015 0
vn 0.98480773 -0.17364818 0
vn 0.96592581 -0.25881904 0
vn 0.99619472 -0.08715574 0
vn 0.98480773 -0.17364818 0
vn 0.99619472 -0.08715574 0
vn 0 0 1
vn 0 0 1
vn 0 0 1
vn 0 0 1
vn 0 0 1
vn 0 0 1
vn 0 0 1
vn 0 0 1
vn 0 0 1
vn 0 0 1
vn 0 0 1
vn 0 0 1
vn 0 0 1
vn 0 0 1
vn 0 0 1
vn 0 0 1
vn 0 0 1
vn 0 0 1
vn 0 0 1
vn 0 0 1
vn 0 0 1
vn 0 0 1
vn 0 0 1
vn 0 0 1
vn 0 0 1
vn 0 0 1
vn 0 0 1
vn 0 0 1
vn 0 0 1
vn 0 0 1
vn 0 0 1
vn 0 0 1
vn 0 0 1
vn 0 0 1
vn 0 0 1
vn 0 0 1
vn 0 0 1
vn 0 0 1
vn 0 0 1
vn 0 0 1
vn 0 0 1
vn 0 0 1
vn 0 0 1
vn 0 0 1
vn 0 0 1
vn 0 0 1
vn 0 0 1
vn 0 0 1
vn 0 0 1
vn 0 0 1
vn 0 0 1
vn 0 0 1
vn 0 0 1
vn 0 0 1
vn 0 0 1
vn 0 0 1
vn 0 0 1
vn 0 0 1
vn 0 0 1
vn 0 0 1
vn 0 0 1
vn 0 0 1
vn 0 0 1
vn 0 0 1
vn 0 0 1
vn 0 0 1
vn 0 0 1
vn 0 0 1
vn 0 0 1
vn 0 0 1
vn 0 0 1
vn 0 0 1
vn 0 0 1
vn 0 0 1
vn 0 0 1
vn 0 0 1
vn 0 0 1
vn 0 0 1
vn 0 0 1
vn 0 0 1
vn 0 0 1
vn 0 0 1
vn 0 0 1
vn 0 0 1
vn 0 0 1
vn 0 0 1
vn 0 0 1
vn 0 0 1
vn 0 0 1
vn 0 0 1
vn 0 0 1
vn 0 0 1
vn 0 0 1
vn 0 0 1
vn 0 0 1
vn 0 0 1
vn 0 0 1
vn 0 0 1
vn 0 0 1
vn 0 0 1
vn 0 0 1
vn 0 0 1
vn 0 0 1
vn 0 0 1
vn 0 0 1
vn 0 0 1
vn 0 0 1
vn 0 0 1
vn 0 0 1
vn 0 0 1
vn 0 0 1
vn 0 0 1
vn 0 0 1
vn 0 0 1
vn 0 0 1
vn 0 0 1
vn 0 0 1
vn 0 0 1
vn 0 0 1
vn 0 0 1
vn 0 0 1
vn 0 0 1
vn 0 0 1
vn 0 0 1
vn 0 0 1
vn 0 0 1
vn 0 0 1
vn 0 0 1
vn 0 0 1
vn 0 0 1
vn 0 0 1
vn 0 0 1
vn 0 0 1
vn 0 0 1
vn 0 0 1
vn 0 0 1
vn 0 0 1
vn 0 0 1
vn 0 0 1
vn 0 0 1
vn 0 0 1
vn 0 0 1
vn 0 0 1
vn 0 0 1
vn -0.99619472 0.08715574 0
vn -1 0 0
vn -1 0 0
vn -0.98480773 0.17364818 0
vn -0.99619472 0.08715574 0
vn -0.96592581 0.25881904 0
vn -0.98480773 0.17364818 0
vn -0.93969262 0.34202015 0
vn -0.96592581 0.25881904 0
vn -0.90630782 0.42261827 0
vn -0.93969262 0.34202015 0
vn -0.86602539 0.50000000 0
vn -0.90630782 0.42261827 0
vn -0.81915206 0.57357645 0
vn -0.86602539 0.50000000 0
vn -0.76604444 0.64278764 0
vn -0.81915206 0.57357645 0
vn -0.70710677 0.70710677 0
vn -0.76604444 0.64278764 0
vn -0.64278764 0.76604444 0
vn -0.70710677 0.70710677 0
vn -0.57357645 0.81915206 0
vn -0.64278764 0.76604444 0
vn -0.50000000 0.86602539 0
vn -0.57357645 0.81915206 0
vn -0.42261827 0.90630782 0
vn -0.50000000 0.86602539 0
vn -0.34202015 0.93969262 0
vn -0.42261827 0.90630782 0
vn -0.25881904 0.96592581 0
vn -0.34202015 0.93969262 0
vn -0.17364818 0.98480773 0
vn -0.25881904 0.96592581 0
vn -0.08715574 0.99619472 0
vn -0.17364818 0.98480773 0
vn 0.00000000 1 0
vn -0.08715574 0.99619472 0
vn 0.08715574 0.99619472 0
vn 0.00000000 1 0
vn 0.17364818 0.98480773 0
vn 0.08715574 0.99619472 0
vn 0.25881904 0.96592581 0
vn 0.17364818 0.98480773 0
vn 0.34202015 0.93969262 0
vn 0.25881904 0.96592581 0
vn 0.42261827 0.90630782 0
vn 0.34202015 0.93969262 0
vn 0.50000000 0.86602539 0
vn 0.42261827 0.90630782 0
vn 0.57357645 0.81915206 0
vn 0.50000000 0.86602539 0
vn 0.64278764 0.76604444 0
vn 0.57357645 0.81915206 0
vn 0.70710677 0.70710677 0
vn 0.64278764 0.76604444 0
vn 0.76604444 0.64278764 0
vn 0.70710677 0.70710677 0
vn 0.81915206 0.57357645 0
vn 0.76604444 0.64278764 0
vn 0.86602539 0.50000000 0
vn 0.81915206 0.57357645 0
vn 0.90630782 0.42261827 0
vn 0.86602539 0.50000000 0
vn 0.93969262 0.34202015 0
vn 0.90630782 0.42261827 0
vn 0.96592581 0.25881904 0
vn 0.93969262 0.34202015 0
vn 0.98480773 0.17364818 0
vn 0.96592581 0.25881904 0
vn 0.99619472 0.08715574 0
vn 0.98480773 0.17364818 0
vn 1 -0.00000000 0
vn 0.99619472 0.08715574 0
vn 0.99619472 -0.08715574 0
vn 1 -0.00000000 0
vn 0.98480773 -0.17364818 0
vn 0.99619472 -0.08715574 0
vn 0.96592581 -0.25881904 0
vn 0.98480773 -0.17364818 0
vn 0.93969262 -0.34202015 0
vn 0.96592581 -0.25881904 0
vn 0.90630782 -0.42261827 0
vn 0.93969262 -0.34202015 0
vn 0.86602539 -0.50000000 0
vn 0.90630782 -0.42261827 0
vn 0.81915206 -0.57357645 0
vn 0.86602539 -0.50000000 0
vn 0.76604444 -0.64278764 0
vn 0.81915206 -0.57357645 0
vn 0.70710677 -0.70710677 0
vn 0.76604444 -0.64278764 0
vn 0.64278764 -0.76604444 0
vn 0.70710677 -0.70710677 0
vn 0.57357645 -0.81915206 0
vn 0.64278764 -0.76604444 0
vn 0.50000000 -0.86602539 0
vn 0.57357645 -0.81915206 0
vn 0.42261827 -0.90630782 0
vn 0.50000000 -0.86602539 0
vn 0.34202015 -0.93969262 0
vn 0.42261827 -0.90630782 0
vn 0.25881904 -0.96592581 0
vn 0.34202015 -0.93969262 0
vn 0.17364818 -0.98480773 0
vn 0.25881904 -0.96592581 0
vn 0.08715574 -0.99619472 0
vn 0.17364818 -0.98480773 0
vn -0.00000000 -1 0
vn 0.08715574 -0.99619472 0
vn -0.08715574 -0.99619472 0
vn -0.00000000 -1 0
vn -0.17364818 -0.98480773 0
vn -0.08715574 -0.99619472 0
vn -0.25881904 -0.96592581 0
vn -0.17364818 -0.98480773 0
vn -0.34202015 -0.93969262 0
vn -0.25881904 -0.96592581 0
vn -0.42261827 -0.90630782 0
vn -0.34202015 -0.93969262 0
vn -0.50000000 -0.86602539 0
vn -0.42261827 -0.90630782 0
vn -0.57357645 -0.81915206 0
vn -0.50000000 -0.86602539 0
vn -0.64278764 -0.76604444 0
vn -0.57357645 -0.81915206 0
vn -0.70710677 -0.70710677 0
vn -0.64278764 -0.76604444 0
vn -0.76604444 -0.64278764 0
vn -0.70710677 -0.70710677 0
vn -0.81915206 -0.57357645 0
vn -0.76604444 -0.64278764 0
vn -0.86602539 -0.50000000 0
vn -0.81915206 -0.57357645 0
vn -0.90630782 -0.42261827 0
vn -0.86602539 -0.50000000 0
vn -0.93969262 -0.34202015 0
vn -0.90630782 -0.42261827 0
vn -0.96592581 -0.25881904 0
vn -0.93969262 -0.34202015 0
vn -0.98480773 -0.17364818 0
vn -0.96592581 -0.25881904 0
vn -0.99619472 -0.08715574 0
vn -0.98480773 -0.17364818 0
vn -0.99619472 -0.08715574 0
vn -1 0 0
vn -1 0 0
vn -0.99619472 0.08715574 0
vn -0.99619472 0.08715574 0
vn -0.98480773 0.17364818 0
vn -0.98480773 0.17364818 0
vn -0.96592581 0.25881904 0
vn -0.96592581 0.25881904 0
vn -0.93969262 0.34202015 0
vn -0.93969262 0.34202015 0
vn -0.90630782 0.42261827 0
vn -0.90630782 0.42261827 0
vn -0.86602539 0.50000000 0
vn -0.86602539 0.50000000 0
vn -0.81915206 0.57357645 0
vn -0.81915206 0.57357645 0
vn -0.76604444 0.64278764 0
vn -0.76604444 0.64278764 0
vn -0.70710677 0.70710677 0
vn -0.70710677 0.70710677 0
vn -0.64278764 0.76604444 0
vn -0.64278764 0.76604444 0
vn -0.57357645 0.81915206 0
vn -0.57357645 0.81915206 0
vn -0.50000000 0.86602539 0
vn -0.50000000 0.86602539 0
vn -0.42261827 0.90630782 0
vn -0.42261827 0.90630782 0
vn -0.34202015 0.93969262 0
vn -0.34202015 0.93969262 0
vn -0.25881904 0.96592581 0
vn -0.25881904 0.96592581 0
vn -0.17364818 0.98480773 0
vn -0.17364818 0.98480773 0
vn -0.08715574 0.99619472 0
vn -0.08715574 0.99619472 0
vn -0.00000000 1 0
vn -0.00000000 1 0
vn 0.08715574 0.99619472 0
vn 0.08715574 0.99619472 0
vn 0.17364818 0.98480773 0
vn 0.17364818 0.98480773 0
vn 0.25881904 0.96592581 0
vn 0.25881904 0.96592581 0
vn 0.34202015 0.93969262 0
vn 0.34202015 0.93969262 0
vn 0.42261827 0.90630782 0
vn 0.42261827 0.90630782 0
vn 0.50000000 0.86602539 0
vn 0.50000000 0.86602539 0
vn 0.57357645 0.81915206 0
vn 0.57357645 0.81915206 0
vn 0.64278764 0.76604444 0
vn 0.64278764 0.76604444 0
vn 0.70710677 0.70710677 0
vn 0.70710677 0.70710677 0
vn 0.76604444 0.64278764 0
vn 0.76604444 0.64278764 0
vn 0.81915206 0.57357645 0
vn 0.81915206 0.57357645 0
vn 0.86602539 0.50000000 0
vn 0.86602539 0.50000000 0
vn 0.90630782 0.42261827 0
vn 0.90630782 0.42261827 0
vn 0.93969262 0.34202015 0
vn 0.93969262 0.34202015 0
vn 0.96592581 0.25881904 0
vn 0.96592581 0.25881904 0
vn 0.98480773 0.17364818 0
vn 0.99619472 0.08715574 0
vn 0.98480773 0.17364818 0
vn 0.98968077 0.14328985 0
vn 0.99619472 0.08715574 0
vn 1 0.00000000 0
vn 1 0.00000000 0
vn 0.99619472 -0.08715574 0
vn 0.99619472 -0.08715574 0
vn 0.98480773 -0.17364818 0
vn 0.98480773 -0.17364818 0
vn 0.96592581 -0.25881904 0
vn 0.96592581 -0.25881904 0
vn 0.93969262 -0.34202015 0
vn 0.93969262 -0.34202015 0
vn 0.90630782 -0.42261827 0
vn 0.90630782 -0.42261827 0
vn 0.86602539 -0.50000000 0
vn 0.86602539 -0.50000000 0
vn 0.81915206 -0.57357645 0
vn 0.81915206 -0.57357645 0
vn 0.76604444 -0.64278764 0
vn 0.76604444 -0.64278764 0
vn 0.70710677 -0.70710677 0
vn 0.70710677 -0.70710677 0
vn 0.64278764 -0.76604444 0
vn 0.64278764 -0.76604444 0
vn 0.57357645 -0.81915206 0
vn 0.57357645 -0.81915206 0
vn 0.50000000 -0.86602539 0
vn 0.50000000 -0.86602539 0
vn 0.42261827 -0.90630782 0
vn 0.42261827 -0.90630782 0
vn 0.34202015 -0.93969262 0
vn 0.34202015 -0.93969262 0
vn 0.25881904 -0.96592581 0
vn 0.25881904 -0.96592581 0
vn 0.17364818 -0.98480773 0
vn 0.17364818 -0.98480773 0
vn 0.08715574 -0.99619472 0
vn 0.08715574 -0.99619472 0
vn 0.00000000 -1 0
vn 0.00000000 -1 0
vn -0.08715574 -0.99619472 0
vn -0.08715574 -0.99619472 0
vn -0.17364818 -0.98480773 0
vn -0.17364818 -0.98480773 0
vn -0.25881904 -0.96592581 0
vn -0.25881904 -0.96592581 0
vn -0.34202015 -0.93969262 0
vn -0.34202015 -0.93969262 0
vn -0.42261827 -0.90630782 0
vn -0.42261827 -0.90630782 0
vn -0.50000000 -0.86602539 0
vn -0.50000000 -0.86602539 0
vn -0.57357645 -0.81915206 0
vn -0.57357645 -0.81915206 0
vn -0.64278764 -0.76604444 0
vn -0.64278764 -0.76604444 0
vn -0.70710677 -0.70710677 0
vn -0.70710677 -0.70710677 0
vn -0.76604444 -0.64278764 0
vn -0.76604444 -0.64278764 0
vn -0.81915206 -0.57357645 0
vn -0.81915206 -0.57357645 0
vn -0.86602539 -0.50000000 0
vn -0.86602539 -0.50000000 0
vn -0.90630782 -0.42261827 0
vn -0.90630782 -0.42261827 0
vn -0.93969262 -0.34202015 0
vn -0.93969262 -0.34202015 0
vn -0.96592581 -0.25881904 0
vn -0.96592581 -0.25881904 0
vn -0.98480773 -0.17364818 0
vn -0.98480773 -0.17364818 0
vn -0.99619472 -0.08715574 0
vn -0.99619472 -0.08715574 0
vn 0 0 1
vn 0 0 1
vn 0 0 1
vn 0 0 1
vn 0 0 1
vn 0 0 1
vn 0 0 1
vn 0 0 1
vn 0 0 1
vn 0 0 1
vn 0 0 1
vn 0 0 1
vn 0 0 1
vn 0 0 1
vn 0 0 1
vn 0 0 1
vn 0 0 1
vn 0 0 1
vn 0 0 1
vn 0 0 1
vn 0 0 1
vn 0 0 1
vn 0 0 1
vn 0 0 1
vn 0 0 1
vn 0 0 1
vn 0 0 1
vn 0 0 1
vn 0 0 1
vn 0 0 1
vn 0 0 1
vn 0 0 1
vn 0 0 1
vn 0 0 1
vn 0 0 1
vn 0 0 1
vn 0 0 1
vn 0 0 1
vn 0 0 1
vn 0 0 1
vn 0 0 1
vn 0 0 1
vn 0 0 1
vn 0 0 1
vn 0 0 1
vn 0 0 1
vn 0 0 1
vn 0 0 1
vn 0 0 1
vn 0 0 1
vn 0 0 1
vn 0 0 1
vn 0 0 1
vn 0 0 1
vn 0 0 1
vn 0 0 1
vn 0 0 1
vn 0 0 1
vn 0 0 1
vn 0 0 1
vn 0 0 1
vn 0 0 1
vn 0 0 1
vn 0 0 1
vn 0 0 1
vn 0 0 1
vn 0 0 1
vn 0 0 1
vn 0 0 1
vn 0 0 1
vn 0 0 1
vn 0 0 1
vn 0 0 1
vn 0 0 1
vn 0 0 1
vn 0 0 1
vn 0 0 1
vn 0 0 1
vn 0 0 1
vn 0 0 1
vn 0 0 1
vn 0 0 1
vn 0 0 1
vn 0 0 1
vn 0 0 1
vn 0 0 1
vn 0 0 1
vn 0 0 1
vn 0 0 1
vn 0 0 1
vn 0 0 1
vn 0 0 1
vn 0 0 1
vn 0 0 1
vn 0 0 1
vn 0 0 1
vn 0 0 1
vn 0 0 1
vn 0 0 1
vn 0 0 1
vn 0 0 1
vn 0 0 1
vn 0 0 1
vn 0 0 1
vn 0 0 1
vn 0 0 1
vn 0 0 1
vn 0 0 1
vn 0 0 1
vn 0 0 1
vn 0 0 1
vn 0 0 1
vn 0 0 1
vn 0 0 1
vn 0 0 1
vn 0 0 1
vn 0 0 1
vn 0 0 1
vn 0 0 1
vn 0 0 1
vn 0 0 1
vn 0 0 1
vn 0 0 1
vn 0 0 1
vn 0 0 1
vn 0 0 1
vn 0 0 1
vn 0 0 1
vn 0 0 1
vn 0 0 1
vn 0 0 1
vn 0 0 1
vn 0 0 1
vn 0 0 1
vn 0 0 1
vn 0 0 1
vn 0 0 1
vn 0 0 1
vn 0 0 1
vn 0 0 1
vn 0 0 1
vn 0 0 1
vn 0 0 1
vn 0 0 1
vn 0 0 1
vn 0 0 1
vn 0.99619472 0.08715574 0
vn 1 0.00000000 0
vn 1 0.00000000 0
vn 0.98480773 0.17364818 0
vn 0.99619472 0.08715574 0
vn 0.96592581 0.25881904 0
vn 0.98480773 0.17364818 0
vn 0.93969262 0.34202015 0
vn 0.96592581 0.25881904 0
vn 0.90630782 0.42261827 0
vn 0.93969262 0.34202015 0
vn 0.86602539 0.50000000 0
vn 0.90630782 0.42261827 0
vn 0.81915206 0.57357645 0
vn 0.86602539 0.50000000 0
vn 0.76604444 0.64278764 0
vn 0.81915206 0.57357645 0
vn 0.70710677 0.70710677 0
vn 0.76604444 0.64278764 0
vn 0.64278764 0.76604444 0
vn 0.70710677 0.70710677 0
vn 0.57357645 0.81915206 0
vn 0.64278764 0.76604444 0
vn 0.50000000 0.86602539 0
vn 0.57357645 0.81915206 0
vn 0.42261827 0.90630782 0
vn 0.50000000 0.86602539 0
vn 0.34202015 0.93969262 0
vn 0.42261827 0.90630782 0
vn 0.25881904 0.96592581 0
vn 0.34202015 0.93969262 0
vn 0.17364818 0.98480773 0
vn 0.25881904 0.96592581 0
vn 0.08715574 0.99619472 0
vn 0.17364818 0.98480773 0
vn -0.00000000 1 0
vn 0.08715574 0.99619472 0
vn -0.08715574 0.99619472 0
vn -0.00000000 1 0
vn -0.17364818 0.98480773 0
vn -0.08715574 0.99619472 0
vn -0.25881904 0.96592581 0
vn -0.17364818 0.98480773 0
vn -0.34202015 0.93969262 0
vn -0.25881904 0.96592581 0
vn -0.42261827 0.90630782 0
vn -0.34202015 0.93969262 0
vn -0.50000000 0.86602539 0
vn -0.42261827 0.90630782 0
vn -0.57357645 0.81915206 0
vn -0.50000000 0.86602539 0
vn -0.64278764 0.76604444 0
vn -0.57357645 0.81915206 0
vn -0.70710677 0.70710677 0
vn -0.64278764 0.76604444 0
vn -0.76604444 0.64278764 0
vn -0.70710677 0.70710677 0
vn -0.81915206 0.57357645 0
vn -0.76604444 0.64278764 0
vn -0.86602539 0.50000000 0
vn -0.81915206 0.57357645 0
vn -0.90630782 0.42261827 0
vn -0.86602539 0.50000000 0
vn -0.93969262 0.34202015 0
vn -0.90630782 0.42261827 0
vn -0.96592581 0.25881904 0
vn -0.93969262 0.34202015 0
vn -0.98480773 0.17364818 0
vn -0.96592581 0.25881904 0
vn -0.99619472 0.08715574 0
vn -0.98480773 0.17364818 0
vn -1 -0.00000000 0
vn -0.99619472 0.08715574 0
vn -0.99619472 -0.08715574 0
vn -1 -0.00000000 0
vn -0.98480773 -0.17364818 0
vn -0.99619472 -0.08715574 0
vn -0.96592581 -0.25881904 0
vn -0.97802621 -0.20848198 0
vn -0.97802621 -0.20848198 0
vn -0.98480773 -0.17364818 0
vn -0.93969262 -0.34202015 0
vn -0.96592581 -0.25881904 0
vn -0.90630782 -0.42261827 0
vn -0.93969262 -0.34202015 0
vn -0.86602539 -0.50000000 0
vn -0.90630782 -0.42261827 0
vn -0.81915206 -0.57357645 0
vn -0.86602539 -0.50000000 0
vn -0.76604444 -0.64278764 0
vn -0.81915206 -0.57357645 0
vn -0.70710677 -0.70710677 0
vn -0.76604444 -0.64278764 0
vn -0.64278764 -0.76604444 0
vn -0.70710677 -0.70710677 0
vn -0.57357645 -0.81915206 0
vn -0.64278764 -0.76604444 0
vn -0.50000000 -0.86602539 0
vn -0.57357645 -0.81915206 0
vn -0.42261827 -0.90630782 0
vn -0.50000000 -0.86602539 0
vn -0.34202015 -0.93969262 0
vn -0.42261827 -0.90630782 0
vn -0.25881904 -0.96592581 0
vn -0.34202015 -0.93969262 0
vn -0.17364818 -0.98480773 0
vn -0.25881904 -0.96592581 0
vn -0.08715574 -0.99619472 0
vn -0.17364818 -0.98480773 0
vn 0.00000000 -1 0
vn -0.08715574 -0.99619472 0
vn 0.08715574 -0.99619472 0
vn 0.00000000 -1 0
vn 0.17364818 -0.98480773 0
vn 0.08715574 -0.99619472 0
vn 0.25881904 -0.96592581 0
vn 0.17364818 -0.98480773 0
vn 0.34202015 -0.93969262 0
vn 0.25881904 -0.96592581 0
vn 0.42261827 -0.90630782 0
vn 0.34202015 -0.93969262 0
vn 0.50000000 -0.86602539 0
vn 0.42261827 -0.90630782 0
vn 0.57357645 -0.81915206 0
vn 0.50000000 -0.86602539 0
vn 0.64278764 -0.76604444 0
vn 0.57357645 -0.81915206 0
vn 0.70710677 -0.70710677 0
vn 0.64278764 -0.76604444 0
vn 0.76604444 -0.64278764 0
vn 0.70710677 -0.70710677 0
vn 0.81915206 -0.57357645 0
vn 0.76604444 -0.64278764 0
vn 0.86602539 -0.50000000 0
vn 0.81915206 -0.57357645 0
vn 0.90630782 -0.42261827 0
vn 0.86602539 -0.50000000 0
vn 0.93969262 -0.34202015 0
vn 0.90630782 -0.42261827 0
vn 0.96592581 -0.25881904 0
vn 0.93969262 -0.34202015 0
vn 0.98480773 -0.17364818 0
vn 0.96592581 -0.25881904 0
vn 0.99619472 -0.08715574 0
vn 0.98480773 -0.17364818 0
vn 0.99619472 -0.08715574 0
vn 0 0 1
vn 0 0 1
vn 0 0 1
vn 0 0 1
vn 0 0 1
vn 0 0 1
vn 0 0 1
vn 0 0 1
vn 0 0 1
vn 0 0 1
vn 0 0 1
vn 0 0 1
vn 0 0 1
vn 0 0 1
vn 0 0 1
vn 0 0 1
vn 0 0 1
vn 0 0 1
vn 0 0 1
vn 0 0 1
vn 0 0 1
vn 0 0 1
vn 0 0 1
vn 0 0 1
vn 0 0 1
vn 0 0 1
vn 0 0 1
vn 0 0 1
vn 0 0 1
vn 0 0 1
vn 0 0 1
vn 0 0 1
vn 0 0 1
vn 0 0 1
vn 0 0 1
vn 0 0 1
vn 0 0 1
vn 0 0 1
vn 0 0 1
vn 0 0 1
vn 0 0 1
vn 0 0 1
vn 0 0 1
vn 0 0 1
vn 0 0 1
vn 0 0 1
vn 0 0 1
vn 0 0 1
vn 0 0 1
vn 0 0 1
vn 0 0 1
vn 0 0 1
vn 0 0 1
vn 0 0 1
vn 0 0 1
vn 0 0 1
vn 0 0 1
vn 0 0 1
vn 0 0 1
vn 0 0 1
vn 0 0 1
vn 0 0 1
vn 0 0 1
vn 0 0 1
vn 0 0 1
vn 0 0 1
vn 0 0 1
vn 0 0 1
vn 0 0 1
vn 0 0 1
vn 0 0 1
vn 0 0 1
vn 0 0 1
vn 0 0 1
vn 0 0 1
vn 0 0 1
vn 0 0 1
vn 0 0 1
vn 0 0 1
vn 0 0 1
vn 0 0 1
vn 0 0 1
vn 0 0 1
vn 0 0 1
vn 0 0 1
vn 0 0 1
vn 0 0 1
vn 0 0 1
vn 0 0 1
vn 0 0 1
vn 0 0 1
vn 0 0 1
vn 0 0 1
vn 0 0 1
vn 0 0 1
vn 0 0 1
vn 0 0 1
vn 0 0 1
vn 0 0 1
vn 0 0 1
vn 0 0 1
vn 0 0 1
vn 0 0 1
vn 0 0 1
vn 0 0 1
vn 0 0 1
vn 0 0 1
vn 0 0 1
vn 0 0 1
vn 0 0 1
vn 0 0 1
vn 0 0 1
vn 0 0 1
vn 0 0 1
vn 0 0 1
vn 0 0 1
vn 0 0 1
vn 0 0 1
vn 0 0 1
vn 0 0 1
vn 0 0 1
vn 0 0 1
vn 0 0 1
vn 0 0 1
vn 0 0 1
vn 0 0 1
vn 0 0 1
vn 0 0 1
vn 0 0 1
vn 0 0 1
vn 0 0 1
vn 0 0 1
vn 0 0 1
vn 0 0 1
vn 0 0 1
vn 0 0 1
vn 0 0 1
vn 0 0 1
vn 0 0 1
vn 0 0 1
vn 0 0 1
vn 0 0 1
vn 0 0 1
vn 0 0 1
vn 0 0 1
vn -0.99619472 0.08715574 0
vn -1 0 0
vn -1 0 0
vn -0.98480773 0.17364818 0
vn -0.99619472 0.08715574 0
vn -0.96592581 0.25881904 0
vn -0.98480773 0.17364818 0
vn -0.93969262 0.34202015 0
vn -0.96592581 0.25881904 0
vn -0.90630782 0.42261827 0
vn -0.93969262 0.34202015 0
vn -0.86602539 0.50000000 0
vn -0.90630782 0.42261827 0
vn -0.81915206 0.57357645 0
vn -0.86602539 0.50000000 0
vn -0.76604444 0.64278764 0
vn -0.81915206 0.57357645 0
vn -0.70710677 0.70710677 0
vn -0.76604444 0.64278764 0
vn -0.64278764 0.76604444 0
vn -0.70710677 0.70710677 0
vn -0.57357645 0.81915206 0
vn -0.64278764 0.76604444 0
vn -0.50000000 0.86602539 0
vn -0.57357645 0.81915206 0
vn -0.42261827 0.90630782 0
vn -0.50000000 0.86602539 0
vn -0.34202015 0.93969262 0
vn -0.42261827 0.90630782 0
vn -0.25881904 0.96592581 0
vn -0.34202015 0.93969262 0
vn -0.17364818 0.98480773 0
vn -0.25881904 0.96592581 0
vn -0.08715574 0.99619472 0
vn -0.17364818 0.98480773 0
vn 0.00000000 1 0
vn -0.08715574 0.99619472 0
vn 0.08715574 0.99619472 0
vn 0.00000000 1 0
vn 0.17364818 0.98480773 0
vn 0.08715574 0.99619472 0
vn 0.25881904 0.96592581 0
vn 0.17364818 0.98480773 0
vn 0.34202015 0.93969262 0
vn 0.25881904 0.96592581 0
vn 0.42261827 0.90630782 0
vn 0.34202015 0.93969262 0
vn 0.50000000 0.86602539 0
vn 0.42261827 0.90630782 0
vn 0.57357645 0.81915206 0
vn 0.50000000 0.86602539 0
vn 0.64278764 0.76604444 0
vn 0.57357645 0.81915206 0
vn 0.70710677 0.70710677 0
vn 0.64278764 0.76604444 0
vn 0.76604444 0.64278764 0
vn 0.70710677 0.70710677 0
vn 0.81915206 0.57357645 0
vn 0.76604444 0.64278764 0
vn 0.86602539 0.50000000 0
vn 0.81915206 0.57357645 0
vn 0.90630782 0.42261827 0
vn 0.86602539 0.50000000 0
vn 0.93969262 0.34202015 0
vn 0.90630782 0.42261827 0
vn 0.96592581 0.25881904 0
vn 0.93969262 0.34202015 0
vn 0.98480773 0.17364818 0
vn 0.96592581 0.25881904 0
vn 0.99619472 0.08715574 0
vn 0.98480773 0.17364818 0
vn 1 -0.00000000 0
vn 0.99619472 0.08715574 0
vn 0.99619472 -0.08715574 0
vn 1 -0.00000000 0
vn 0.98480773 -0.17364818 0
vn 0.99619472 -0.08715574 0
vn 0.96592581 -0.25881904 0
vn 0.98480773 -0.17364818 0
vn 0.93969262 -0.34202015 0
vn 0.96592581 -0.25881904 0
vn 0.90630782 -0.42261827 0
vn 0.93969262 -0.34202015 0
vn 0.86602539 -0.50000000 0
vn 0.90630782 -0.42261827 0
vn 0.81915206 -0.57357645 0
vn 0.86602539 -0.50000000 0
vn 0.76604444 -0.64278764 0
vn 0.81915206 -0.57357645 0
vn 0.70710677 -0.70710677 0
vn 0.76604444 -0.64278764 0
vn 0.64278764 -0.76604444 0
vn 0.70710677 -0.70710677 0
vn 0.57357645 -0.81915206 0
vn 0.64278764 -0.76604444 0
vn 0.50000000 -0.86602539 0
vn 0.57357645 -0.81915206 0
vn 0.42261827 -0.90630782 0
vn 0.50000000 -0.86602539 0
vn 0.34202015 -0.93969262 0
vn 0.42261827 -0.90630782 0
vn 0.25881904 -0.96592581 0
vn 0.34202015 -0.93969262 0
vn 0.17364818 -0.98480773 0
vn 0.25881904 -0.96592581 0
vn 0.08715574 -0.99619472 0
vn 0.17364818 -0.98480773 0
vn -0.00000000 -1 0
vn 0.08715574 -0.99619472 0
vn -0.08715574 -0.99619472 0
vn -0.00000000 -1 0
vn -0.17364818 -0.98480773 0
vn -0.08715574 -0.99619472 0
vn -0.25881904 -0.96592581 0
vn -0.17364818 -0.98480773 0
vn -0.34202015 -0.93969262 0
vn -0.25881904 -0.96592581 0
vn -0.42261827 -0.90630782 0
vn -0.34202015 -0.93969262 0
vn -0.50000000 -0.86602539 0
vn -0.42261827 -0.90630782 0
vn -0.57357645 -0.81915206 0
vn -0.50000000 -0.86602539 0
vn -0.64278764 -0.76604444 0
vn -0.57357645 -0.81915206 0
vn -0.70710677 -0.70710677 0
vn -0.64278764 -0.76604444 0
vn -0.76604444 -0.64278764 0
vn -0.70710677 -0.70710677 0
vn -0.81915206 -0.57357645 0
vn -0.76604444 -0.64278764 0
vn -0.86602539 -0.50000000 0
vn -0.81915206 -0.57357645 0
vn -0.90630782 -0.42261827 0
vn -0.86602539 -0.50000000 0
vn -0.93969262 -0.34202015 0
vn -0.90630782 -0.42261827 0
vn -0.96592581 -0.25881904 0
vn -0.93969262 -0.34202015 0
vn -0.98480773 -0.17364818 0
vn -0.96592581 -0.25881904 0
vn -0.99619472 -0.08715574 0
vn -0.98480773 -0.17364818 0
vn -0.99619472 -0.08715574 0
vn -1 0 0
vn -1 0 0
vn -0.99619472 0.08715574 0
vn -0.99619472 0.08715574 0
vn -0.98480773 0.17364818 0
vn -0.98480773 0.17364818 0
vn -0.96592581 0.25881904 0
vn -0.96592581 0.25881904 0
vn -0.93969262 0.34202015 0
vn -0.93969262 0.34202015 0
vn -0.90630782 0.42261827 0
vn -0.90630782 0.42261827 0
vn -0.86602539 0.50000000 0
vn -0.86602539 0.50000000 0
vn -0.81915206 0.57357645 0
vn -0.81915206 0.57357645 0
vn -0.76604444 0.64278764 0
vn -0.76604444 0.64278764 0
vn -0.70710677 0.70710677 0
vn -0.70710677 0.70710677 0
vn -0.64278764 0.76604444 0
vn -0.64278764 0.76604444 0
vn -0.57357645 0.81915206 0
vn -0.57357645 0.81915206 0
vn -0.50000000 0.86602539 0
vn -0.50000000 0.86602539 0
vn -0.42261827 0.90630782 0
vn -0.42261827 0.90630782 0
vn -0.34202015 0.93969262 0
vn -0.34202015 0.93969262 0
vn -0.25881904 0.96592581 0
vn -0.25881904 0.96592581 0
vn -0.17364818 0.98480773 0
vn -0.17364818 0.98480773 0
vn -0.08715574 0.99619472 0
vn -0.08715574 0.99619472 0
vn -0.00000000 1 0
vn -0.00000000 1 0
vn 0.08715574 0.99619472 0
vn 0.08715574 0.99619472 0
vn 0.17364818 0.98480773 0
vn 0.17364818 0.98480773 0
vn 0.25881904 0.96592581 0
vn 0.25881904 0.96592581 0
vn 0.34202015 0.93969262 0
vn 0.34202015 0.93969262 0
vn 0.42261827 0.90630782 0
vn 0.42261827 0.90630782 0
vn 0.50000000 0.86602539 0
vn 0.50000000 0.86602539 0
vn 0.57357645 0.81915206 0
vn 0.57357645 0.81915206 0
vn 0.64278764 0.76604444 0
vn 0.64278764 0.76604444 0
vn 0.70710677 0.70710677 0
vn 0.70710677 0.70710677 0
vn 0.76604444 0.64278764 0
vn 0.76604444 0.64278764 0
vn 0.81915206 0.57357645 0
vn 0.81915206 0.57357645 0
vn 0.86602539 0.50000000 0
vn 0.86602539 0.50000000 0
vn 0.90630782 0.42261827 0
vn 0.90630782 0.42261827 0
vn 0.93969262 0.34202015 0
vn 0.93969262 0.34202015 0
vn 0.96592581 0.25881904 0
vn 0.96592581 0.25881904 0
vn 0.98480773 0.17364818 0
vn 0.98480773 0.17364818 0
vn 0.99619472 0.08715574 0
vn 0.99619472 0.08715574 0
vn 1 0 0
vn 1 0 0
vn 0.99619472 -0.08715574 0
vn 0.99619472 -0.08715574 0
vn 0.98480773 -0.17364818 0
vn 0.98480773 -0.17364818 0
vn 0.96592581 -0.25881904 0
vn 0.96592581 -0.25881904 0
vn 0.93969262 -0.34202015 0
vn 0.93969262 -0.34202015 0
vn 0.90630782 -0.42261827 0
vn 0.90630782 -0.42261827 0
vn 0.86602539 -0.50000000 0
vn 0.86602539 -0.50000000 0
vn 0.81915206 -0.57357645 0
vn 0.81915206 -0.57357645 0
vn 0.76604444 -0.64278764 0
vn 0.76604444 -0.64278764 0
vn 0.70710677 -0.70710677 0
vn 0.70710677 -0.70710677 0
vn 0.64278764 -0.76604444 0
vn 0.64278764 -0.76604444 0
vn 0.57357645 -0.81915206 0
vn 0.57357645 -0.81915206 0
vn 0.50000000 -0.86602539 0
vn 0.50000000 -0.86602539 0
vn 0.42261827 -0.90630782 0
vn 0.42261827 -0.90630782 0
vn 0.34202015 -0.93969262 0
vn 0.34202015 -0.93969262 0
vn 0.25881904 -0.96592581 0
vn 0.25881904 -0.96592581 0
vn 0.17364818 -0.98480773 0
vn 0.17364818 -0.98480773 0
vn 0.08715574 -0.99619472 0
vn 0.08715574 -0.99619472 0
vn 0.00000000 -1 0
vn 0.00000000 -1 0
vn -0.08715574 -0.99619472 0
vn -0.08715574 -0.99619472 0
vn -0.17364818 -0.98480773 0
vn -0.17364818 -0.98480773 0
vn -0.25881904 -0.96592581 0
vn -0.25881904 -0.96592581 0
vn -0.34202015 -0.93969262 0
vn -0.34202015 -0.93969262 0
vn -0.42261827 -0.90630782 0
vn -0.42261827 -0.90630782 0
vn -0.50000000 -0.86602539 0
vn -0.50000000 -0.86602539 0
vn -0.57357645 -0.81915206 0
vn -0.57357645 -0.81915206 0
vn -0.64278764 -0.76604444 0
vn -0.64278764 -0.76604444 0
vn -0.70710677 -0.70710677 0
vn -0.70710677 -0.70710677 0
vn -0.76604444 -0.64278764 0
vn -0.76604444 -0.64278764 0
vn -0.81915206 -0.57357645 0
vn -0.81915206 -0.57357645 0
vn -0.86602539 -0.50000000 0
vn -0.86602539 -0.50000000 0
vn -0.90630782 -0.42261827 0
vn -0.90630782 -0.42261827 0
vn -0.93969262 -0.34202015 0
vn -0.93969262 -0.34202015 0
vn -0.96592581 -0.25881904 0
vn -0.96592581 -0.25881904 0
vn -0.98480773 -0.17364818 0
vn -0.98480773 -0.17364818 0
vn -0.99619472 -0.08715574 0
vn -0.99619472 -0.08715574 0
vn 0 0 1
vn 0 0 1
vn 0 0 1
vn 0 0 1
vn 0 0 1
vn 0 0 1
vn 0 0 1
vn 0 0 1
vn 0 0 1
vn 0 0 1
vn 0 0 1
vn 0 0 1
vn 0 0 1
vn 0 0 1
vn 0 0 1
vn 0 0 1
vn 0 0 1
vn 0 0 1
vn 0 0 1
vn 0 0 1
vn 0 0 1
vn 0 0 1
vn 0 0 1
vn 0 0 1
vn 0 0 1
vn 0 0 1
vn 0 0 1
vn 0 0 1
vn 0 0 1
vn 0 0 1
vn 0 0 1
vn 0 0 1
vn 0 0 1
vn 0 0 1
vn 0 0 1
vn 0 0 1
vn 0 0 1
vn 0 0 1
vn 0 0 1
vn 0 0 1
vn 0 0 1
vn 0 0 1
vn 0 0 1
vn 0 0 1
vn 0 0 1
vn 0 0 1
vn 0 0 1
vn 0 0 1
vn 0 0 1
vn 0 0 1
vn 0 0 1
vn 0 0 1
vn 0 0 1
vn 0 0 1
vn 0 0 1
vn 0 0 1
vn 0 0 1
vn 0 0 1
vn 0 0 1
vn 0 0 1
vn 0 0 1
vn 0 0 1
vn 0 0 1
vn 0 0 1
vn 0 0 1
vn 0 0 1
vn 0 0 1
vn 0 0 1
vn 0 0 1
vn 0 0 1
vn 0 0 1
vn 0 0 1
vn 0 0 1
vn 0 0 1
vn 0 0 1
vn 0 0 1
vn 0 0 1
vn 0 0 1
vn 0 0 1
vn 0 0 1
vn 0 0 1
vn 0 0 1
vn 0 0 1
vn 0 0 1
vn 0 0 1
vn 0 0 1
vn 0 0 1
vn 0 0 1
vn 0 0 1
vn 0 0 1
vn 0 0 1
vn 0 0 1
vn 0 0 1
vn 0 0 1
vn 0 0 1
vn 0 0 1
vn 0 0 1
vn 0 0 1
vn 0 0 1
vn 0 0 1
vn 0 0 1
vn 0 0 1
vn 0 0 1
vn 0 0 1
vn 0 0 1
vn 0 0 1
vn 0 0 1
vn 0 0 1
vn 0 0 1
vn 0 0 1
vn 0 0 1
vn 0 0 1
vn 0 0 1
vn 0 0 1
vn 0 0 1
vn 0 0 1
vn 0 0 1
vn 0 0 1
vn 0 0 1
vn 0 0 1
vn 0 0 1
vn 0 0 1
vn 0 0 1
vn 0 0 1
vn 0 0 1
vn 0 0 1
vn 0 0 1
vn 0 0 1
vn 0 0 1
vn 0 0 1
vn 0 0 1
vn 0 0 1
vn 0 0 1
vn 0 0 1
vn 0 0 1
vn 0 0 1
vn 0 0 1
vn 0 0 1
vn 0 0 1
vn 0 0 1
vn 0 0 1
vn 0 0 1
vn 0 0 1
vn 0 0 1
vn 0.99619472 0.08715574 0
vn 1 0.00000000 0
vn 1 0.00000000 0
vn 0.98480773 0.17364818 0
vn 0.99619472 0.08715574 0
vn 0.96592581 0.25881904 0
vn 0.98480773 0.17364818 0
vn 0.93969262 0.34202015 0
vn 0.96592581 0.25881904 0
vn 0.90630782 0.42261827 0
vn 0.93969262 0.34202015 0
vn 0.86602539 0.50000000 0
vn 0.90630782 0.42261827 0
vn 0.81915206 0.57357645 0
vn 0.86602539 0.50000000 0
vn 0.76604444 0.64278764 0
vn 0.81915206 0.57357645 0
vn 0.70710677 0.70710677 0
vn 0.76604444 0.64278764 0
vn 0.64278764 0.76604444 0
vn 0.70710677 0.70710677 0
vn 0.57357645 0.81915206 0
vn 0.64278764 0.76604444 0
vn 0.50000000 0.86602539 0
vn 0.57357645 0.81915206 0
vn 0.42261827 0.90630782 0
vn 0.50000000 0.86602539 0
vn 0.34202015 0.93969262 0
vn 0.42261827 0.90630782 0
vn 0.25881904 0.96592581 0
vn 0.34202015 0.93969262 0
vn 0.17364818 0.98480773 0
vn 0.25881904 0.96592581 0
vn 0.08715574 0.99619472 0
vn 0.17364818 0.98480773 0
vn -0.00000000 1 0
vn 0.08715574 0.99619472 0
vn -0.08715574 0.99619472 0
vn -0.00000000 1 0
vn -0.17364818 0.98480773 0
vn -0.08715574 0.99619472 0
vn -0.25881904 0.96592581 0
vn -0.17364818 0.98480773 0
vn -0.34202015 0.93969262 0
vn -0.25881904 0.96592581 0
vn -0.42261827 0.90630782 0
vn -0.34202015 0.93969262 0
vn -0.50000000 0.86602539 0
vn -0.42261827 0.90630782 0
vn -0.57357645 0.81915206 0
vn -0.50000000 0.86602539 0
vn -0.64278764 0.76604444 0
vn -0.57357645 0.81915206 0
vn -0.70710677 0.70710677 0
vn -0.64278764 0.76604444 0
vn -0.76604444 0.64278764 0
vn -0.70710677 0.70710677 0
vn -0.81915206 0.57357645 0
vn -0.76604444 0.64278764 0
vn -0.86602539 0.50000000 0
vn -0.81915206 0.57357645 0
vn -0.90630782 0.42261827 0
vn -0.86602539 0.50000000 0
vn -0.93969262 0.34202015 0
vn -0.90630782 0.42261827 0
vn -0.96592581 0.25881904 0
vn -0.93969262 0.34202015 0
vn -0.98480773 0.17364818 0
vn -0.96592581 0.25881904 0
vn -0.99619472 0.08715574 0
vn -0.98480773 0.17364818 0
vn -1 0 0
vn -0.99619472 0.08715574 0
vn -0.99619472 -0.08715574 0
vn -1 0 0
vn -0.98480773 -0.17364818 0
vn -0.99619472 -0.08715574 0
vn -0.96592581 -0.25881904 0
vn -0.98480773 -0.17364818 0
vn -0.93969262 -0.34202015 0
vn -0.96592581 -0.25881904 0
vn -0.90630782 -0.42261827 0
vn -0.93969262 -0.34202015 0
vn -0.86602539 -0.50000000 0
vn -0.90630782 -0.42261827 0
vn -0.81915206 -0.57357645 0
vn -0.86602539 -0.50000000 0
vn -0.76604444 -0.64278764 0
vn -0.81915206 -0.57357645 0
vn -0.70710677 -0.70710677 0
vn -0.76604444 -0.64278764 0
vn -0.64278764 -0.76604444 0
vn -0.70710677 -0.70710677 0
vn -0.57357645 -0.81915206 0
vn -0.64278764 -0.76604444 0
vn -0.50000000 -0.86602539 0
vn -0.57357645 -0.81915206 0
vn -0.42261827 -0.90630782 0
vn -0.50000000 -0.86602539 0
vn -0.34202015 -0.93969262 0
vn -0.42261827 -0.90630782 0
vn -0.25881904 -0.96592581 0
vn -0.34202015 -0.93969262 0
vn -0.17364818 -0.98480773 0
vn -0.25881904 -0.96592581 0
vn -0.08715574 -0.99619472 0
vn -0.17364818 -0.98480773 0
vn 0.00000000 -1 0
vn -0.08715574 -0.99619472 0
vn 0.08715574 -0.99619472 0
vn 0.00000000 -1 0
vn 0.17364818 -0.98480773 0
vn 0.08715574 -0.99619472 0
vn 0.25881904 -0.96592581 0
vn 0.17364818 -0.98480773 0
vn 0.34202015 -0.93969262 0
vn 0.25881904 -0.96592581 0
vn 0.42261827 -0.90630782 0
vn 0.34202015 -0.93969262 0
vn 0.50000000 -0.86602539 0
vn 0.42261827 -0.90630782 0
vn 0.57357645 -0.81915206 0
vn 0.50000000 -0.86602539 0
vn 0.64278764 -0.76604444 0
vn 0.57357645 -0.81915206 0
vn 0.70710677 -0.70710677 0
vn 0.64278764 -0.76604444 0
vn 0.76604444 -0.64278764 0
vn 0.70710677 -0.70710677 0
vn 0.81915206 -0.57357645 0
vn 0.76604444 -0.64278764 0
vn 0.86602539 -0.50000000 0
vn 0.81915206 -0.57357645 0
vn 0.90630782 -0.42261827 0
vn 0.86602539 -0.50000000 0
vn 0.93969262 -0.34202015 0
vn 0.90630782 -0.42261827 0
vn 0.96592581 -0.25881904 0
vn 0.93969262 -0.34202015 0
vn 0.98480773 -0.17364818 0
vn 0.96592581 -0.25881904 0
vn 0.99619472 -0.08715574 0
vn 0.98480773 -0.17364818 0
vn 0.99619472 -0.08715574 0
vn 0 0 1
vn 0 0 1
vn 0 0 1
vn 0 0 1
vn 0 0 1
vn 0 0 1
vn 0 0 1
vn 0 0 1
vn 0 0 1
vn 0 0 1
vn 0 0 1
vn 0 0 1
vn 0 0 1
vn 0 0 1
vn 0 0 1
vn 0 0 1
vn 0 0 1
vn 0 0 1
vn 0 0 1
vn 0 0 1
vn 0 0 1
vn 0 0 1
vn 0 0 1
vn 0 0 1
vn 0 0 1
vn 0 0 1
vn 0 0 1
vn 0 0 1
vn 0 0 1
vn 0 0 1
vn 0 0 1
vn 0 0 1
vn 0 0 1
vn 0 0 1
vn 0 0 1
vn 0 0 1
vn 0 0 1
vn 0 0 1
vn 0 0 1
vn 0 0 1
vn 0 0 1
vn 0 0 1
vn 0 0 1
vn 0 0 1
vn 0 0 1
vn 0 0 1
vn 0 0 1
vn 0 0 1
vn 0 0 1
vn 0 0 1
vn 0 0 1
vn 0 0 1
vn 0 0 1
vn 0 0 1
vn 0 0 1
vn 0 0 1
vn 0 0 1
vn 0 0 1
vn 0 0 1
vn 0 0 1
vn 0 0 1
vn 0 0 1
vn 0 0 1
vn 0 0 1
vn 0 0 1
vn 0 0 1
vn 0 0 1
vn 0 0 1
vn 0 0 1
vn 0 0 1
vn 0 0 1
vn 0 0 1
vn 0 0 1
vn 0 0 1
vn 0 0 1
vn 0 0 1
vn 0 0 1
vn 0 0 1
vn 0 0 1
vn 0 0 1
vn 0 0 1
vn 0 0 1
vn 0 0 1
vn 0 0 1
vn 0 0 1
vn 0 0 1
vn 0 0 1
vn 0 0 1
vn 0 0 1
vn 0 0 1
vn 0 0 1
vn 0 0 1
vn 0 0 1
vn 0 0 1
vn 0 0 1
vn 0 0 1
vn 0 0 1
vn 0 0 1
vn 0 0 1
vn 0 0 1
vn 0 0 1
vn 0 0 1
vn 0 0 1
vn 0 0 1
vn 0 0 1
vn 0 0 1
vn 0 0 1
vn 0 0 1
vn 0 0 1
vn 0 0 1
vn 0 0 1
vn 0 0 1
vn 0 0 1
vn 0 0 1
vn 0 0 1
vn 0 0 1
vn 0 0 1
vn 0 0 1
vn 0 0 1
vn 0 0 1
vn 0 0 1
vn 0 0 1
vn 0 0 1
vn 0 0 1
vn 0 0 1
vn 0 0 1
vn 0 0 1
vn 0 0 1
vn 0 0 1
vn 0 0 1
vn 0 0 1
vn 0 0 1
vn 0 0 1
vn 0 0 1
vn 0 0 1
vn 0 0 1
vn 0 0 1
vn 0 0 1
vn 0 0 1
vn 0 0 1
vn 0 0 1
vn 0 0 1
vn 0 0 1
vn 0 0 1
vn -0.99619472 0.08715574 0
vn -1 0 0
vn -1 0 0
vn -0.98480773 0.17364818 0
vn -0.99619472 0.08715574 0
vn -0.96592581 0.25881904 0
vn -0.98480773 0.17364818 0
vn -0.93969262 0.34202015 0
vn -0.96592581 0.25881904 0
vn -0.90630782 0.42261827 0
vn -0.93969262 0.34202015 0
vn -0.86602539 0.50000000 0
vn -0.90630782 0.42261827 0
vn -0.81915206 0.57357645 0
vn -0.86602539 0.50000000 0
vn -0.76604444 0.64278764 0
vn -0.81915206 0.57357645 0
vn -0.70710677 0.70710677 0
vn -0.76604444 0.64278764 0
vn -0.64278764 0.76604444 0
vn -0.70710677 0.70710677 0
vn -0.57357645 0.81915206 0
vn -0.64278764 0.76604444 0
vn -0.50000000 0.86602539 0
vn -0.57357645 0.81915206 0
vn -0.42261827 0.90630782 0
vn -0.50000000 0.86602539 0
vn -0.34202015 0.93969262 0
vn -0.42261827 0.90630782 0
vn -0.25881904 0.96592581 0
vn -0.34202015 0.93969262 0
vn -0.17364818 0.98480773 0
vn -0.25881904 0.96592581 0
vn -0.08715574 0.99619472 0
vn -0.17364818 0.98480773 0
vn 0.00000000 1 0
vn -0.08715574 0.99619472 0
vn 0.08715574 0.99619472 0
vn 0.00000000 1 0
vn 0.17364818 0.98480773 0
vn 0.08715574 0.99619472 0
vn 0.25881904 0.96592581 0
vn 0.17364818 0.98480773 0
vn 0.34202015 0.93969262 0
vn 0.25881904 0.96592581 0
vn 0.42261827 0.90630782 0
vn 0.34202015 0.93969262 0
vn 0.50000000 0.86602539 0
vn 0.42261827 0.90630782 0
vn 0.57357645 0.81915206 0
vn 0.50000000 0.86602539 0
vn 0.64278764 0.76604444 0
vn 0.57357645 0.81915206 0
vn 0.70710677 0.70710677 0
vn 0.64278764 0.76604444 0
vn 0.76604444 0.64278764 0
vn 0.70710677 0.70710677 0
vn 0.81915206 0.57357645 0
vn 0.76604444 0.64278764 0
vn 0.86602539 0.50000000 0
vn 0.81915206 0.57357645 0
vn 0.90630782 0.42261827 0
vn 0.86602539 0.50000000 0
vn 0.93969262 0.34202015 0
vn 0.90630782 0.42261827 0
vn 0.96592581 0.25881904 0
vn 0.93969262 0.34202015 0
vn 0.98480773 0.17364818 0
vn 0.96592581 0.25881904 0
vn 0.99619472 0.08715574 0
vn 0.98480773 0.17364818 0
vn 1 -0.00000000 0
vn 0.99619472 0.08715574 0
vn 0.99619472 -0.08715574 0
vn 1 -0.00000000 0
vn 0.98480773 -0.17364818 0
vn 0.99619472 -0.08715574 0
vn 0.96592581 -0.25881904 0
vn 0.98480773 -0.17364818 0
vn 0.93969262 -0.34202015 0
vn 0.96592581 -0.25881904 0
vn 0.90630782 -0.42261827 0
vn 0.93969262 -0.34202015 0
vn 0.86602539 -0.50000000 0
vn 0.90630782 -0.42261827 0
vn 0.81915206 -0.57357645 0
vn 0.86602539 -0.50000000 0
vn 0.76604444 -0.64278764 0
vn 0.81915206 -0.57357645 0
vn 0.70710677 -0.70710677 0
vn 0.76604444 -0.64278764 0
vn 0.64278764 -0.76604444 0
vn 0.70710677 -0.70710677 0
vn 0.57357645 -0.81915206 0
vn 0.64278764 -0.76604444 0
vn 0.50000000 -0.86602539 0
vn 0.57357645 -0.81915206 0
vn 0.42261827 -0.90630782 0
vn 0.50000000 -0.86602539 0
vn 0.34202015 -0.93969262 0
vn 0.42261827 -0.90630782 0
vn 0.25881904 -0.96592581 0
vn 0.34202015 -0.93969262 0
vn 0.17364818 -0.98480773 0
vn 0.25881904 -0.96592581 0
vn 0.08715574 -0.99619472 0
vn 0.17364818 -0.98480773 0
vn -0.00000000 -1 0
vn 0.08715574 -0.99619472 0
vn -0.08715574 -0.99619472 0
vn -0.00000000 -1 0
vn -0.17364818 -0.98480773 0
vn -0.08715574 -0.99619472 0
vn -0.25881904 -0.96592581 0
vn -0.17364818 -0.98480773 0
vn -0.34202015 -0.93969262 0
vn -0.25881904 -0.96592581 0
vn -0.42261827 -0.90630782 0
vn -0.34202015 -0.93969262 0
vn -0.50000000 -0.86602539 0
vn -0.42261827 -0.90630782 0
vn -0.57357645 -0.81915206 0
vn -0.50000000 -0.86602539 0
vn -0.64278764 -0.76604444 0
vn -0.57357645 -0.81915206 0
vn -0.70710677 -0.70710677 0
vn -0.64278764 -0.76604444 0
vn -0.76604444 -0.64278764 0
vn -0.70710677 -0.70710677 0
vn -0.81915206 -0.57357645 0
vn -0.76604444 -0.64278764 0
vn -0.86602539 -0.50000000 0
vn -0.81915206 -0.57357645 0
vn -0.90630782 -0.42261827 0
vn -0.86602539 -0.50000000 0
vn -0.93969262 -0.34202015 0
vn -0.90630782 -0.42261827 0
vn -0.96592581 -0.25881904 0
vn -0.93969262 -0.34202015 0
vn -0.98480773 -0.17364818 0
vn -0.96592581 -0.25881904 0
vn -0.99619472 -0.08715574 0
vn -0.98480773 -0.17364818 0
vn -0.99619472 -0.08715574 0
vn -1 0 0
vn -1 0 0
vn -0.99619472 0.08715574 0
vn -0.99619472 0.08715574 0
vn -0.98480773 0.17364818 0
vn -0.98480773 0.17364818 0
vn -0.96592581 0.25881904 0
vn -0.96592581 0.25881904 0
vn -0.93969262 0.34202015 0
vn -0.93969262 0.34202015 0
vn -0.90630782 0.42261827 0
vn -0.90630782 0.42261827 0
vn -0.86602539 0.50000000 0
vn -0.86602539 0.50000000 0
vn -0.81915206 0.57357645 0
vn -0.81915206 0.57357645 0
vn -0.76604444 0.64278764 0
vn -0.76604444 0.64278764 0
vn -0.70710677 0.70710677 0
vn -0.70710677 0.70710677 0
vn -0.64278764 0.76604444 0
vn -0.64278764 0.76604444 0
vn -0.57357645 0.81915206 0
vn -0.57357645 0.81915206 0
vn -0.50000000 0.86602539 0
vn -0.50000000 0.86602539 0
vn -0.42261827 0.90630782 0
vn -0.42261827 0.90630782 0
vn -0.34202015 0.93969262 0
vn -0.34202015 0.93969262 0
vn -0.25881904 0.96592581 0
vn -0.25881904 0.96592581 0
vn -0.17364818 0.98480773 0
vn -0.17364818 0.98480773 0
vn -0.08715574 0.99619472 0
vn -0.08715574 0.99619472 0
vn -0.00000000 1 0
vn -0.00000000 1 0
vn 0.08715574 0.99619472 0
vn 0.08715574 0.99619472 0
vn 0.17364818 0.98480773 0
vn 0.17364818 0.98480773 0
vn 0.25881904 0.96592581 0
vn 0.25881904 0.96592581 0
vn 0.34202015 0.93969262 0
vn 0.34202015 0.93969262 0
vn 0.42261827 0.90630782 0
vn 0.42261827 0.90630782 0
vn 0.50000000 0.86602539 0
vn 0.50000000 0.86602539 0
vn 0.57357645 0.81915206 0
vn 0.57357645 0.81915206 0
vn 0.64278764 0.76604444 0
vn 0.64278764 0.76604444 0
vn 0.70710677 0.70710677 0
vn 0.70710677 0.70710677 0
vn 0.76604444 0.64278764 0
vn 0.76604444 0.64278764 0
vn 0.81915206 0.57357645 0
vn 0.81915206 0.57357645 0
vn 0.86602539 0.50000000 0
vn 0.86602539 0.50000000 0
vn 0.90630782 0.42261827 0
vn 0.90630782 0.42261827 0
vn 0.93969262 0.34202015 0
vn 0.93969262 0.34202015 0
vn 0.96592581 0.25881904 0
vn 0.96592581 0.25881904 0
vn 0.98480773 0.17364818 0
vn 0.98480773 0.17364818 0
vn 0.99619472 0.08715574 0
vn 0.99619472 0.08715574 0
vn 1 0 0
vn 1 0 0
vn 0.99619472 -0.08715574 0
vn 0.99619472 -0.08715574 0
vn 0.98480773 -0.17364818 0
vn 0.98480773 -0.17364818 0
vn 0.96592581 -0.25881904 0
vn 0.96592581 -0.25881904 0
vn 0.93969262 -0.34202015 0
vn 0.93969262 -0.34202015 0
vn 0.90630782 -0.42261827 0
vn 0.90630782 -0.42261827 0
vn 0.86602539 -0.50000000 0
vn 0.86602539 -0.50000000 0
vn 0.81915206 -0.57357645 0
vn 0.81915206 -0.57357645 0
vn 0.76604444 -0.64278764 0
vn 0.76604444 -0.64278764 0
vn 0.70710677 -0.70710677 0
vn 0.70710677 -0.70710677 0
vn 0.64278764 -0.76604444 0
vn 0.64278764 -0.76604444 0
vn 0.57357645 -0.81915206 0
vn 0.57357645 -0.81915206 0
vn 0.50000000 -0.86602539 0
vn 0.50000000 -0.86602539 0
vn 0.42261827 -0.90630782 0
vn 0.42261827 -0.90630782 0
vn 0.34202015 -0.93969262 0
vn 0.34202015 -0.93969262 0
vn 0.25881904 -0.96592581 0
vn 0.25881904 -0.96592581 0
vn 0.17364818 -0.98480773 0
vn 0.17364818 -0.98480773 0
vn 0.08715574 -0.99619472 0
vn 0.08715574 -0.99619472 0
vn 0.00000000 -1 0
vn 0.00000000 -1 0
vn -0.08715574 -0.99619472 0
vn -0.08715574 -0.99619472 0
vn -0.17364818 -0.98480773 0
vn -0.17364818 -0.98480773 0
vn -0.25881904 -0.96592581 0
vn -0.25881904 -0.96592581 0
vn -0.34202015 -0.93969262 0
vn -0.34202015 -0.93969262 0
vn -0.42261827 -0.90630782 0
vn -0.42261827 -0.90630782 0
vn -0.50000000 -0.86602539 0
vn -0.50000000 -0.86602539 0
vn -0.57357645 -0.81915206 0
vn -0.57357645 -0.81915206 0
vn -0.64278764 -0.76604444 0
vn -0.64278764 -0.76604444 0
vn -0.70710677 -0.70710677 0
vn -0.70710677 -0.70710677 0
vn -0.76604444 -0.64278764 0
vn -0.76604444 -0.64278764 0
vn -0.81915206 -0.57357645 0
vn -0.81915206 -0.57357645 0
vn -0.86602539 -0.50000000 0
vn -0.86602539 -0.50000000 0
vn -0.90630782 -0.42261827 0
vn -0.90630782 -0.42261827 0
vn -0.93969262 -0.34202015 0
vn -0.93969262 -0.34202015 0
vn -0.96592581 -0.25881904 0
vn -0.96592581 -0.25881904 0
vn -0.98480773 -0.17364818 0
vn -0.98480773 -0.17364818 0
vn -0.99619472 -0.08715574 0
vn -0.99619472 -0.08715574 0
vn 0 0 1
vn 0 0 1
vn 0 0 1
vn 0 0 1
vn 0 0 1
vn 0 0 1
vn 0 0 1
vn 0 0 1
vn 0 0 1
vn 0 0 1
vn 0 0 1
vn 0 0 1
vn 0 0 1
vn 0 0 1
vn 0 0 1
vn 0 0 1
vn 0 0 1
vn 0 0 1
vn 0 0 1
vn 0 0 1
vn 0 0 1
vn 0 0 1
vn 0 0 1
vn 0 0 1
vn 0 0 1
vn 0 0 1
vn 0 0 1
vn 0 0 1
vn 0 0 1
vn 0 0 1
vn 0 0 1
vn 0 0 1
vn 0 0 1
vn 0 0 1
vn 0 0 1
vn 0 0 1
vn 0 0 1
vn 0 0 1
vn 0 0 1
vn 0 0 1
vn 0 0 1
vn 0 0 1
vn 0 0 1
vn 0 0 1
vn 0 0 1
vn 0 0 1
vn 0 0 1
vn 0 0 1
vn 0 0 1
vn 0 0 1
vn 0 0 1
vn 0 0 1
vn 0 0 1
vn 0 0 1
vn 0 0 1
vn 0 0 1
vn 0 0 1
vn 0 0 1
vn 0 0 1
vn 0 0 1
vn 0 0 1
vn 0 0 1
vn 0 0 1
vn 0 0 1
vn 0 0 1
vn 0 0 1
vn 0 0 1
vn 0 0 1
vn 0 0 1
vn 0 0 1
vn 0 0 1
vn 0 0 1
vn 0 0 1
vn 0 0 1
vn 0 0 1
vn 0 0 1
vn 0 0 1
vn 0 0 1
vn 0 0 1
vn 0 0 1
vn 0 0 1
vn 0 0 1
vn 0 0 1
vn 0 0 1
vn 0 0 1
vn 0 0 1
vn 0 0 1
vn 0 0 1
vn 0 0 1
vn 0 0 1
vn 0 0 1
vn 0 0 1
vn 0 0 1
vn 0 0 1
vn 0 0 1
vn 0 0 1
vn 0 0 1
vn 0 0 1
vn 0 0 1
vn 0 0 1
vn 0 0 1
vn 0 0 1
vn 0 0 1
vn 0 0 1
vn 0 0 1
vn 0 0 1
vn 0 0 1
vn 0 0 1
vn 0 0 1
vn 0 0 1
vn 0 0 1
vn 0 0 1
vn 0 0 1
vn 0 0 1
vn 0 0 1
vn 0 0 1
vn 0 0 1
vn 0 0 1
vn 0 0 1
vn 0 0 1
vn 0 0 1
vn 0 0 1
vn 0 0 1
vn 0 0 1
vn 0 0 1
vn 0 0 1
vn 0 0 1
vn 0 0 1
vn 0 0 1
vn 0 0 1
vn 0 0 1
vn 0 0 1
vn 0 0 1
vn 0 0 1
vn 0 0 1
vn 0 0 1
vn 0 0 1
vn 0 0 1
vn 0 0 1
vn 0 0 1
vn 0 0 1
vn 0 0 1
vn 0 0 1
vn 0 0 1
vn 0.99619472 0.08715574 0
vn 1 0.00000000 0
vn 1 0.00000000 0
vn 0.98480773 0.17364818 0
vn 0.99619472 0.08715574 0
vn 0.96592581 0.25881904 0
vn 0.98480773 0.17364818 0
vn 0.93969262 0.34202015 0
vn 0.96592581 0.25881904 0
vn 0.90630782 0.42261827 0
vn 0.93969262 0.34202015 0
vn 0.86602539 0.50000000 0
vn 0.90630782 0.42261827 0
vn 0.81915206 0.57357645 0
vn 0.86602539 0.50000000 0
vn 0.76604444 0.64278764 0
vn 0.81915206 0.57357645 0
vn 0.70710677 0.70710677 0
vn 0.76604444 0.64278764 0
vn 0.64278764 0.76604444 0
vn 0.70710677 0.70710677 0
vn 0.57357645 0.81915206 0
vn 0.64278764 0.76604444 0
vn 0.50000000 0.86602539 0
vn 0.57357645 0.81915206 0
vn 0.42261827 0.90630782 0
vn 0.50000000 0.86602539 0
vn 0.34202015 0.93969262 0
vn 0.42261827 0.90630782 0
vn 0.25881904 0.96592581 0
vn 0.34202015 0.93969262 0
vn 0.17364818 0.98480773 0
vn 0.25881904 0.96592581 0
vn 0.08715574 0.99619472 0
vn 0.17364818 0.98480773 0
vn -0.00000000 1 0
vn 0.08715574 0.99619472 0
vn -0.08715574 0.99619472 0
vn -0.00000000 1 0
vn -0.17364818 0.98480773 0
vn -0.08715574 0.99619472 0
vn -0.25881904 0.96592581 0
vn -0.17364818 0.98480773 0
vn -0.34202015 0.93969262 0
vn -0.25881904 0.96592581 0
vn -0.42261827 0.90630782 0
vn -0.34202015 0.93969262 0
vn -0.50000000 0.86602539 0
vn -0.42261827 0.90630782 0
vn -0.57357645 0.81915206 0
vn -0.50000000 0.86602539 0
vn -0.64278764 0.76604444 0
vn -0.57357645 0.81915206 0
vn -0.70710677 0.70710677 0
vn -0.64278764 0.76604444 0
vn -0.76604444 0.64278764 0
vn -0.70710677 0.70710677 0
vn -0.81915206 0.57357645 0
vn -0.76604444 0.64278764 0
vn -0.86602539 0.50000000 0
vn -0.81915206 0.57357645 0
vn -0.90630782 0.42261827 0
vn -0.86602539 0.50000000 0
vn -0.93969262 0.34202015 0
vn -0.90630782 0.42261827 0
vn -0.96592581 0.25881904 0
vn -0.93969262 0.34202015 0
vn -0.98480773 0.17364818 0
vn -0.96592581 0.25881904 0
vn -0.99619472 0.08715574 0
vn -0.98480773 0.17364818 0
vn -1 0 0
vn -0.99619472 0.08715574 0
vn -0.99619472 -0.08715574 0
vn -1 0 0
vn -0.98480773 -0.17364818 0
vn -0.99619472 -0.08715574 0
vn -0.96592581 -0.25881904 0
vn -0.98480773 -0.17364818 0
vn -0.93969262 -0.34202015 0
vn -0.96592581 -0.25881904 0
vn -0.90630782 -0.42261827 0
vn -0.93969262 -0.34202015 0
vn -0.86602539 -0.50000000 0
vn -0.90630782 -0.42261827 0
vn -0.81915206 -0.57357645 0
vn -0.86602539 -0.50000000 0
vn -0.76604444 -0.64278764 0
vn -0.81915206 -0.57357645 0
vn -0.70710677 -0.70710677 0
vn -0.76604444 -0.64278764 0
vn -0.64278764 -0.76604444 0
vn -0.70710677 -0.70710677 0
vn -0.57357645 -0.81915206 0
vn -0.64278764 -0.76604444 0
vn -0.50000000 -0.86602539 0
vn -0.57357645 -0.81915206 0
vn -0.42261827 -0.90630782 0
vn -0.50000000 -0.86602539 0
vn -0.34202015 -0.93969262 0
vn -0.42261827 -0.90630782 0
vn -0.25881904 -0.96592581 0
vn -0.34202015 -0.93969262 0
vn -0.17364818 -0.98480773 0
vn -0.25881904 -0.96592581 0
vn -0.08715574 -0.99619472 0
vn -0.17364818 -0.98480773 0
vn 0.00000000 -1 0
vn -0.08715574 -0.99619472 0
vn 0.08715574 -0.99619472 0
vn 0.00000000 -1 0
vn 0.17364818 -0.98480773 0
vn 0.08715574 -0.99619472 0
vn 0.25881904 -0.96592581 0
vn 0.17364818 -0.98480773 0
vn 0.34202015 -0.93969262 0
vn 0.25881904 -0.96592581 0
vn 0.42261827 -0.90630782 0
vn 0.34202015 -0.93969262 0
vn 0.50000000 -0.86602539 0
vn 0.42261827 -0.90630782 0
vn 0.57357645 -0.81915206 0
vn 0.50000000 -0.86602539 0
vn 0.64278764 -0.76604444 0
vn 0.57357645 -0.81915206 0
vn 0.70710677 -0.70710677 0
vn 0.64278764 -0.76604444 0
vn 0.76604444 -0.64278764 0
vn 0.70710677 -0.70710677 0
vn 0.81915206 -0.57357645 0
vn 0.76604444 -0.64278764 0
vn 0.86602539 -0.50000000 0
vn 0.81915206 -0.57357645 0
vn 0.90630782 -0.42261827 0
vn 0.86602539 -0.50000000 0
vn 0.93969262 -0.34202015 0
vn 0.90630782 -0.42261827 0
vn 0.96592581 -0.25881904 0
vn 0.93969262 -0.34202015 0
vn 0.98480773 -0.17364818 0
vn 0.96592581 -0.25881904 0
vn 0.99619472 -0.08715574 0
vn 0.98480773 -0.17364818 0
vn 0.99619472 -0.08715574 0
vn 0 0 1
vn 0 0 1
vn 0 0 1
vn 0 0 1
vn 0 0 1
vn 0 0 1
vn 0 0 1
vn 0 0 1
vn 0 0 1
vn 0 0 1
vn 0 0 1
vn 0 0 1
vn 0 0 1
vn 0 0 1
vn 0 0 1
vn 0 0 1
vn 0 0 1
vn 0 0 1
vn 0 0 1
vn 0 0 1
vn 0 0 1
vn 0 0 1
vn 0 0 1
vn 0 0 1
vn 0 0 1
vn 0 0 1
vn 0 0 1
vn 0 0 1
vn 0 0 1
vn 0 0 1
vn 0 0 1
vn 0 0 1
vn 0 0 1
vn 0 0 1
vn 0 0 1
vn 0 0 1
vn 0 0 1
vn 0 0 1
vn 0 0 1
vn 0 0 1
vn 0 0 1
vn 0 0 1
vn 0 0 1
vn 0 0 1
vn 0 0 1
vn 0 0 1
vn 0 0 1
vn 0 0 1
vn 0 0 1
vn 0 0 1
vn 0 0 1
vn 0 0 1
vn 0 0 1
vn 0 0 1
vn 0 0 1
vn 0 0 1
vn 0 0 1
vn 0 0 1
vn 0 0 1
vn 0 0 1
vn 0 0 1
vn 0 0 1
vn 0 0 1
vn 0 0 1
vn 0 0 1
vn 0 0 1
vn 0 0 1
vn 0 0 1
vn 0 0 1
vn 0 0 1
vn 0 0 1
vn 0 0 1
vn 0 0 1
vn 0 0 1
vn 0 0 1
vn 0 0 1
vn 0 0 1
vn 0 0 1
vn 0 0 1
vn 0 0 1
vn 0 0 1
vn 0 0 1
vn 0 0 1
vn 0 0 1
vn 0 0 1
vn 0 0 1
vn 0 0 1
vn 0 0 1
vn 0 0 1
vn 0 0 1
vn 0 0 1
vn 0 0 1
vn 0 0 1
vn 0 0 1
vn 0 0 1
vn 0 0 1
vn 0 0 1
vn 0 0 1
vn 0 0 1
vn 0 0 1
vn 0 0 1
vn 0 0 1
vn 0 0 1
vn 0 0 1
vn 0 0 1
vn 0 0 1
vn 0 0 1
vn 0 0 1
vn 0 0 1
vn 0 0 1
vn 0 0 1
vn 0 0 1
vn 0 0 1
vn 0 0 1
vn 0 0 1
vn 0 0 1
vn 0 0 1
vn 0 0 1
vn 0 0 1
vn 0 0 1
vn 0 0 1
vn 0 0 1
vn 0 0 1
vn 0 0 1
vn 0 0 1
vn 0 0 1
vn 0 0 1
vn 0 0 1
vn 0 0 1
vn 0 0 1
vn 0 0 1
vn 0 0 1
vn 0 0 1
vn 0 0 1
vn 0 0 1
vn 0 0 1
vn 0 0 1
vn 0 0 1
vn 0 0 1
vn 0 0 1
vn 0 0 1
vn 0 0 1
vn 0 0 1
vn 0 0 1
vn -0.99619472 0.08715574 0
vn -1 0 0
vn -1 0 0
vn -0.98480773 0.17364818 0
vn -0.99619472 0.08715574 0
vn -0.96592581 0.25881904 0
vn -0.98480773 0.17364818 0
vn -0.93969262 0.34202015 0
vn -0.96592581 0.25881904 0
vn -0.90630782 0.42261827 0
vn -0.93969262 0.34202015 0
vn -0.86602539 0.50000000 0
vn -0.90630782 0.42261827 0
vn -0.81915206 0.57357645 0
vn -0.86602539 0.50000000 0
vn -0.76604444 0.64278764 0
vn -0.81915206 0.57357645 0
vn -0.70710677 0.70710677 0
vn -0.76604444 0.64278764 0
vn -0.64278764 0.76604444 0
vn -0.70710677 0.70710677 0
vn -0.57357645 0.81915206 0
vn -0.64278764 0.76604444 0
vn -0.50000000 0.86602539 0
vn -0.57357645 0.81915206 0
vn -0.42261827 0.90630782 0
vn -0.50000000 0.86602539 0
vn -0.34202015 0.93969262 0
vn -0.42261827 0.90630782 0
vn -0.25881904 0.96592581 0
vn -0.34202015 0.93969262 0
vn -0.17364818 0.98480773 0
vn -0.25881904 0.96592581 0
vn -0.08715574 0.99619472 0
vn -0.17364818 0.98480773 0
vn 0.00000000 1 0
vn -0.08715574 0.99619472 0
vn 0.08715574 0.99619472 0
vn 0.00000000 1 0
vn 0.17364818 0.98480773 0
vn 0.08715574 0.99619472 0
vn 0.25881904 0.96592581 0
vn 0.17364818 0.98480773 0
vn 0.34202015 0.93969262 0
vn 0.25881904 0.96592581 0
vn 0.42261827 0.90630782 0
vn 0.34202015 0.93969262 0
vn 0.50000000 0.86602539 0
vn 0.42261827 0.90630782 0
vn 0.57357645 0.81915206 0
vn 0.50000000 0.86602539 0
vn 0.64278764 0.76604444 0
vn 0.57357645 0.81915206 0
vn 0.70710677 0.70710677 0
vn 0.64278764 0.76604444 0
vn 0.76604444 0.64278764 0
vn 0.70710677 0.70710677 0
vn 0.81915206 0.57357645 0
vn 0.76604444 0.64278764 0
vn 0.86602539 0.50000000 0
vn 0.81915206 0.57357645 0
vn 0.90630782 0.42261827 0
vn 0.86602539 0.50000000 0
vn 0.93969262 0.34202015 0
vn 0.90630782 0.42261827 0
vn 0.96592581 0.25881904 0
vn 0.93969262 0.34202015 0
vn 0.98480773 0.17364818 0
vn 0.96592581 0.25881904 0
vn 0.99619472 0.08715574 0
vn 0.98480773 0.17364818 0
vn 1 -0.00000000 0
vn 0.99619472 0.08715574 0
vn 0.99619472 -0.08715574 0
vn 1 -0.00000000 0
vn 0.98480773 -0.17364818 0
vn 0.99619472 -0.08715574 0
vn 0.96592581 -0.25881904 0
vn 0.98480773 -0.17364818 0
vn 0.93969262 -0.34202015 0
vn 0.96592581 -0.25881904 0
vn 0.90630782 -0.42261827 0
vn 0.93969262 -0.34202015 0
vn 0.86602539 -0.50000000 0
vn 0.90630782 -0.42261827 0
vn 0.81915206 -0.57357645 0
vn 0.86602539 -0.50000000 0
vn 0.76604444 -0.64278764 0
vn 0.81915206 -0.57357645 0
vn 0.70710677 -0.70710677 0
vn 0.76604444 -0.64278764 0
vn 0.64278764 -0.76604444 0
vn 0.70710677 -0.70710677 0
vn 0.57357645 -0.81915206 0
vn 0.64278764 -0.76604444 0
vn 0.50000000 -0.86602539 0
vn 0.57357645 -0.81915206 0
vn 0.42261827 -0.90630782 0
vn 0.50000000 -0.86602539 0
vn 0.34202015 -0.93969262 0
vn 0.42261827 -0.90630782 0
vn 0.25881904 -0.96592581 0
vn 0.34202015 -0.93969262 0
vn 0.17364818 -0.98480773 0
vn 0.25881904 -0.96592581 0
vn 0.08715574 -0.99619472 0
vn 0.17364818 -0.98480773 0
vn -0.00000000 -1 0
vn 0.08715574 -0.99619472 0
vn -0.08715574 -0.99619472 0
vn -0.00000000 -1 0
vn -0.17364818 -0.98480773 0
vn -0.08715574 -0.99619472 0
vn -0.25881904 -0.96592581 0
vn -0.17364818 -0.98480773 0
vn -0.34202015 -0.93969262 0
vn -0.25881904 -0.96592581 0
vn -0.42261827 -0.90630782 0
vn -0.34202015 -0.93969262 0
vn -0.50000000 -0.86602539 0
vn -0.42261827 -0.90630782 0
vn -0.57357645 -0.81915206 0
vn -0.50000000 -0.86602539 0
vn -0.64278764 -0.76604444 0
vn -0.57357645 -0.81915206 0
vn -0.70710677 -0.70710677 0
vn -0.64278764 -0.76604444 0
vn -0.76604444 -0.64278764 0
vn -0.70710677 -0.70710677 0
vn -0.81915206 -0.57357645 0
vn -0.76604444 -0.64278764 0
vn -0.86602539 -0.50000000 0
vn -0.81915206 -0.57357645 0
vn -0.90630782 -0.42261827 0
vn -0.86602539 -0.50000000 0
vn -0.93969262 -0.34202015 0
vn -0.90630782 -0.42261827 0
vn -0.96592581 -0.25881904 0
vn -0.93969262 -0.34202015 0
vn -0.98480773 -0.17364818 0
vn -0.96592581 -0.25881904 0
vn -0.99619472 -0.08715574 0
vn -0.98480773 -0.17364818 0
vn -0.99619472 -0.08715574 0
vn -1 0 0
vn -1 0 0
vn -0.99619472 0.08715574 0
vn -0.99619472 0.08715574 0
vn -0.98480773 0.17364818 0
vn -0.98480773 0.17364818 0
vn -0.96592581 0.25881904 0
vn -0.96592581 0.25881904 0
vn -0.93969262 0.34202015 0
vn -0.93969262 0.34202015 0
vn -0.90630782 0.42261827 0
vn -0.90630782 0.42261827 0
vn -0.86602539 0.50000000 0
vn -0.86602539 0.50000000 0
vn -0.81915206 0.57357645 0
vn -0.81915206 0.57357645 0
vn -0.76604444 0.64278764 0
vn -0.76604444 0.64278764 0
vn -0.70710677 0.70710677 0
vn -0.70710677 0.70710677 0
vn -0.64278764 0.76604444 0
vn -0.64278764 0.76604444 0
vn -0.57357645 0.81915206 0
vn -0.57357645 0.81915206 0
vn -0.50000000 0.86602539 0
vn -0.50000000 0.86602539 0
vn -0.42261827 0.90630782 0
vn -0.42261827 0.90630782 0
vn -0.34202015 0.93969262 0
vn -0.34202015 0.93969262 0
vn -0.25881904 0.96592581 0
vn -0.25881904 0.96592581 0
vn -0.17364818 0.98480773 0
vn -0.17364818 0.98480773 0
vn -0.08715574 0.99619472 0
vn -0.08715574 0.99619472 0
vn -0.00000000 1 0
vn -0.00000000 1 0
vn 0.08715574 0.99619472 0
vn 0.08715574 0.99619472 0
vn 0.17364818 0.98480773 0
vn 0.17364818 0.98480773 0
vn 0.25881904 0.96592581 0
vn 0.25881904 0.96592581 0
vn 0.34202015 0.93969262 0
vn 0.34202015 0.93969262 0
vn 0.42261827 0.90630782 0
vn 0.42261827 0.90630782 0
vn 0.50000000 0.86602539 0
vn 0.50000000 0.86602539 0
vn 0.57357645 0.81915206 0
vn 0.57357645 0.81915206 0
vn 0.64278764 0.76604444 0
vn 0.64278764 0.76604444 0
vn 0.70710677 0.70710677 0
vn 0.70710677 0.70710677 0
vn 0.76604444 0.64278764 0
vn 0.76604444 0.64278764 0
vn 0.81915206 0.57357645 0
vn 0.81915206 0.57357645 0
vn 0.86602539 0.50000000 0
vn 0.86602539 0.50000000 0
vn 0.90630782 0.42261827 0
vn 0.90630782 0.42261827 0
vn 0.93969262 0.34202015 0
vn 0.93969262 0.34202015 0
vn 0.96592581 0.25881904 0
vn 0.96592581 0.25881904 0
vn 0.98480773 0.17364818 0
vn 0.98480773 0.17364818 0
vn 0.99619472 0.08715574 0
vn 0.99619472 0.08715574 0
vn 1 0 0
vn 1 0 0
vn 0.99619472 -0.08715574 0
vn 0.99619472 -0.08715574 0
vn 0.98480773 -0.17364818 0
vn 0.98480773 -0.17364818 0
vn 0.96592581 -0.25881904 0
vn 0.96592581 -0.25881904 0
vn 0.93969262 -0.34202015 0
vn 0.93969262 -0.34202015 0
vn 0.90630782 -0.42261827 0
vn 0.90630782 -0.42261827 0
vn 0.86602539 -0.50000000 0
vn 0.86602539 -0.50000000 0
vn 0.81915206 -0.57357645 0
vn 0.81915206 -0.57357645 0
vn 0.76604444 -0.64278764 0
vn 0.76604444 -0.64278764 0
vn 0.70710677 -0.70710677 0
vn 0.70710677 -0.70710677 0
vn 0.64278764 -0.76604444 0
vn 0.64278764 -0.76604444 0
vn 0.57357645 -0.81915206 0
vn 0.57357645 -0.81915206 0
vn 0.50000000 -0.86602539 0
vn 0.50000000 -0.86602539 0
vn 0.42261827 -0.90630782 0
vn 0.42261827 -0.90630782 0
vn 0.34202015 -0.93969262 0
vn 0.34202015 -0.93969262 0
vn 0.25881904 -0.96592581 0
vn 0.25881904 -0.96592581 0
vn 0.17364818 -0.98480773 0
vn 0.17364818 -0.98480773 0
vn 0.08715574 -0.99619472 0
vn 0.08715574 -0.99619472 0
vn 0.00000000 -1 0
vn 0.00000000 -1 0
vn -0.08715574 -0.99619472 0
vn -0.08715574 -0.99619472 0
vn -0.17364818 -0.98480773 0
vn -0.17364818 -0.98480773 0
vn -0.25881904 -0.96592581 0
vn -0.25881904 -0.96592581 0
vn -0.34202015 -0.93969262 0
vn -0.34202015 -0.93969262 0
vn -0.42261827 -0.90630782 0
vn -0.42261827 -0.90630782 0
vn -0.50000000 -0.86602539 0
vn -0.50000000 -0.86602539 0
vn -0.57357645 -0.81915206 0
vn -0.57357645 -0.81915206 0
vn -0.64278764 -0.76604444 0
vn -0.64278764 -0.76604444 0
vn -0.70710677 -0.70710677 0
vn -0.70710677 -0.70710677 0
vn -0.76604444 -0.64278764 0
vn -0.76604444 -0.64278764 0
vn -0.81915206 -0.57357645 0
vn -0.81915206 -0.57357645 0
vn -0.86602539 -0.50000000 0
vn -0.86602539 -0.50000000 0
vn -0.90630782 -0.42261827 0
vn -0.90630782 -0.42261827 0
vn -0.93969262 -0.34202015 0
vn -0.93969262 -0.34202015 0
vn -0.96592581 -0.25881904 0
vn -0.96592581 -0.25881904 0
vn -0.98480773 -0.17364818 0
vn -0.98480773 -0.17364818 0
vn -0.99619472 -0.08715574 0
vn -0.99619472 -0.08715574 0
vn 0 0 1
vn 0 0 1
vn 0 0 1
vn 0 0 1
vn 0 0 1
vn 0 0 1
vn 0 0 1
vn 0 0 1
vn 0 0 1
vn 0 0 1
vn 0 0 1
vn 0 0 1
vn 0 0 1
vn 0 0 1
vn 0 0 1
vn 0 0 1
vn 0 0 1
vn 0 0 1
vn 0 0 1
vn 0 0 1
vn 0 0 1
vn 0 0 1
vn 0 0 1
vn 0 0 1
vn 0 0 1
vn 0 0 1
vn 0 0 1
vn 0 0 1
vn 0 0 1
vn 0 0 1
vn 0 0 1
vn 0 0 1
vn 0 0 1
vn 0 0 1
vn 0 0 1
vn 0 0 1
vn 0 0 1
vn 0 0 1
vn 0 0 1
vn 0 0 1
vn 0 0 1
vn 0 0 1
vn 0 0 1
vn 0 0 1
vn 0 0 1
vn 0 0 1
vn 0 0 1
vn 0 0 1
vn 0 0 1
vn 0 0 1
vn 0 0 1
vn 0 0 1
vn 0 0 1
vn 0 0 1
vn 0 0 1
vn 0 0 1
vn 0 0 1
vn 0 0 1
vn 0 0 1
vn 0 0 1
vn 0 0 1
vn 0 0 1
vn 0 0 1
vn 0 0 1
vn 0 0 1
vn 0 0 1
vn 0 0 1
vn 0 0 1
vn 0 0 1
vn 0 0 1
vn 0 0 1
vn 0 0 1
vn 0 0 1
vn 0 0 1
vn 0 0 1
vn 0 0 1
vn 0 0 1
vn 0 0 1
vn 0 0 1
vn 0 0 1
vn 0 0 1
vn 0 0 1
vn 0 0 1
vn 0 0 1
vn 0 0 1
vn 0 0 1
vn 0 0 1
vn 0 0 1
vn 0 0 1
vn 0 0 1
vn 0 0 1
vn 0 0 1
vn 0 0 1
vn 0 0 1
vn 0 0 1
vn 0 0 1
vn 0 0 1
vn 0 0 1
vn 0 0 1
vn 0 0 1
vn 0 0 1
vn 0 0 1
vn 0 0 1
vn 0 0 1
vn 0 0 1
vn 0 0 1
vn 0 0 1
vn 0 0 1
vn 0 0 1
vn 0 0 1
vn 0 0 1
vn 0 0 1
vn 0 0 1
vn 0 0 1
vn 0 0 1
vn 0 0 1
vn 0 0 1
vn 0 0 1
vn 0 0 1
vn 0 0 1
vn 0 0 1
vn 0 0 1
vn 0 0 1
vn 0 0 1
vn 0 0 1
vn 0 0 1
vn 0 0 1
vn 0 0 1
vn 0 0 1
vn 0 0 1
vn 0 0 1
vn 0 0 1
vn 0 0 1
vn 0 0 1
vn 0 0 1
vn 0 0 1
vn 0 0 1
vn 0 0 1
vn 0 0 1
vn 0 0 1
vn 0 0 1
vn 0 0 1
vn 0 0 1
vn 0 0 1
vn 0 0 1
vn 0.99619472 0.08715574 0
vn 1 0.00000000 0
vn 1 0.00000000 0
vn 0.98480773 0.17364818 0
vn 0.99619472 0.08715574 0
vn 0.96592581 0.25881904 0
vn 0.98480773 0.17364818 0
vn 0.93969262 0.34202015 0
vn 0.96592581 0.25881904 0
vn 0.90630782 0.42261827 0
vn 0.93969262 0.34202015 0
vn 0.86602539 0.50000000 0
vn 0.90630782 0.42261827 0
vn 0.81915206 0.57357645 0
vn 0.86602539 0.50000000 0
vn 0.76604444 0.64278764 0
vn 0.81915206 0.57357645 0
vn 0.70710677 0.70710677 0
vn 0.76604444 0.64278764 0
vn 0.64278764 0.76604444 0
vn 0.70710677 0.70710677 0
vn 0.57357645 0.81915206 0
vn 0.64278764 0.76604444 0
vn 0.50000000 0.86602539 0
vn 0.57357645 0.81915206 0
vn 0.42261827 0.90630782 0
vn 0.50000000 0.86602539 0
vn 0.34202015 0.93969262 0
vn 0.42261827 0.90630782 0
vn 0.25881904 0.96592581 0
vn 0.34202015 0.93969262 0
vn 0.17364818 0.98480773 0
vn 0.25881904 0.96592581 0
vn 0.08715574 0.99619472 0
vn 0.17364818 0.98480773 0
vn -0.00000000 1 0
vn 0.08715574 0.99619472 0
vn -0.08715574 0.99619472 0
vn -0.00000000 1 0
vn -0.17364818 0.98480773 0
vn -0.08715574 0.99619472 0
vn -0.25881904 0.96592581 0
vn -0.17364818 0.98480773 0
vn -0.34202015 0.93969262 0
vn -0.25881904 0.96592581 0
vn -0.42261827 0.90630782 0
vn -0.34202015 0.93969262 0
vn -0.50000000 0.86602539 0
vn -0.42261827 0.90630782 0
vn -0.57357645 0.81915206 0
vn -0.50000000 0.86602539 0
vn -0.64278764 0.76604444 0
vn -0.57357645 0.81915206 0
vn -0.70710677 0.70710677 0
vn -0.64278764 0.76604444 0
vn -0.76604444 0.64278764 0
vn -0.70710677 0.70710677 0
vn -0.81915206 0.57357645 0
vn -0.76604444 0.64278764 0
vn -0.86602539 0.50000000 0
vn -0.81915206 0.57357645 0
vn -0.90630782 0.42261827 0
vn -0.86602539 0.50000000 0
vn -0.93969262 0.34202015 0
vn -0.90630782 0.42261827 0
vn -0.96592581 0.25881904 0
vn -0.93969262 0.34202015 0
vn -0.98480773 0.17364818 0
vn -0.96592581 0.25881904 0
vn -0.99619472 0.08715574 0
vn -0.98698545 0.16080968 0
vn -0.98698545 0.16080968 0
vn -0.98480773 0.17364818 0
vn -1 -0.00000000 0
vn -0.99619472 0.08715574 0
vn -0.99619472 -0.08715574 0
vn -1 -0.00000000 0
vn -0.98480773 -0.17364818 0
vn -0.99619472 -0.08715574 0
vn -0.96592581 -0.25881904 0
vn -0.98480773 -0.17364818 0
vn -0.93969262 -0.34202015 0
vn -0.96592581 -0.25881904 0
vn -0.90630782 -0.42261827 0
vn -0.93969262 -0.34202015 0
vn -0.86602539 -0.50000000 0
vn -0.90630782 -0.42261827 0
vn -0.81915206 -0.57357645 0
vn -0.86602539 -0.50000000 0
vn -0.76604444 -0.64278764 0
vn -0.81915206 -0.57357645 0
vn -0.70710677 -0.70710677 0
vn -0.76604444 -0.64278764 0
vn -0.64278764 -0.76604444 0
vn -0.70710677 -0.70710677 0
vn -0.57357645 -0.81915206 0
vn -0.64278764 -0.76604444 0
vn -0.50000000 -0.86602539 0
vn -0.57357645 -0.81915206 0
vn -0.42261827 -0.90630782 0
vn -0.50000000 -0.86602539 0
vn -0.34202015 -0.93969262 0
vn -0.42261827 -0.90630782 0
vn -0.25881904 -0.96592581 0
vn -0.34202015 -0.93969262 0
vn -0.17364818 -0.98480773 0
vn -0.25881904 -0.96592581 0
vn -0.08715574 -0.99619472 0
vn -0.17364818 -0.98480773 0
vn 0.00000000 -1 0
vn -0.08715574 -0.99619472 0
vn 0.08715574 -0.99619472 0
vn 0.00000000 -1 0
vn 0.17364818 -0.98480773 0
vn 0.08715574 -0.99619472 0
vn 0.25881904 -0.96592581 0
vn 0.17364818 -0.98480773 0
vn 0.34202015 -0.93969262 0
vn 0.25881904 -0.96592581 0
vn 0.42261827 -0.90630782 0
vn 0.34202015 -0.93969262 0
vn 0.50000000 -0.86602539 0
vn 0.42261827 -0.90630782 0
vn 0.57357645 -0.81915206 0
vn 0.50000000 -0.86602539 0
vn 0.64278764 -0.76604444 0
vn 0.57357645 -0.81915206 0
vn 0.70710677 -0.70710677 0
vn 0.64278764 -0.76604444 0
vn 0.76604444 -0.64278764 0
vn 0.70710677 -0.70710677 0
vn 0.81915206 -0.57357645 0
vn 0.76604444 -0.64278764 0
vn 0.86602539 -0.50000000 0
vn 0.81915206 -0.57357645 0
vn 0.90630782 -0.42261827 0
vn 0.86602539 -0.50000000 0
vn 0.93969262 -0.34202015 0
vn 0.90630782 -0.42261827 0
vn 0.96592581 -0.25881904 0
vn 0.93969262 -0.34202015 0
vn 0.98480773 -0.17364818 0
vn 0.96592581 -0.25881904 0
vn 0.99619472 -0.08715574 0
vn 0.98480773 -0.17364818 0
vn 0.99619472 -0.08715574 0
vn 0 0 1
vn 0 0 1
vn 0 0 1
vn 0 0 1
vn 0 0 1
vn 0 0 1
vn 0 0 1
vn 0 0 1
vn 0 0 1
vn 0 0 1
vn 0 0 1
vn 0 0 1
vn 0 0 1
vn 0 0 1
vn 0 0 1
vn 0 0 1
vn 0 0 1
vn 0 0 1
vn 0 0 1
vn 0 0 1
vn 0 0 1
vn 0 0 1
vn 0 0 1
vn 0 0 1
vn 0 0 1
vn 0 0 1
vn 0 0 1
vn 0 0 1
vn 0 0 1
vn 0 0 1
vn 0 0 1
vn 0 0 1
vn 0 0 1
vn 0 0 1
vn 0 0 1
vn 0 0 1
vn 0 0 1
vn 0 0 1
vn 0 0 1
vn 0 0 1
vn 0 0 1
vn 0 0 1
vn 0 0 1
vn 0 0 1
vn 0 0 1
vn 0 0 1
vn 0 0 1
vn 0 0 1
vn 0 0 1
vn 0 0 1
vn 0 0 1
vn 0 0 1
vn 0 0 1
vn 0 0 1
vn 0 0 1
vn 0 0 1
vn 0 0 1
vn 0 0 1
vn 0 0 1
vn 0 0 1
vn 0 0 1
vn 0 0 1
vn 0 0 1
vn 0 0 1
vn 0 0 1
vn 0 0 1
vn 0 0 1
vn 0 0 1
vn 0 0 1
vn 0 0 1
vn 0 0 1
vn 0 0 1
vn 0 0 1
vn 0 0 1
vn 0 0 1
vn 0 0 1
vn 0 0 1
vn 0 0 1
vn 0 0 1
vn 0 0 1
vn 0 0 1
vn 0 0 1
vn 0 0 1
vn 0 0 1
vn 0 0 1
vn 0 0 1
vn 0 0 1
vn 0 0 1
vn 0 0 1
vn 0 0 1
vn 0 0 1
vn 0 0 1
vn 0 0 1
vn 0 0 1
vn 0 0 1
vn 0 0 1
vn 0 0 1
vn 0 0 1
vn 0 0 1
vn 0 0 1
vn 0 0 1
vn 0 0 1
vn 0 0 1
vn 0 0 1
vn 0 0 1
vn 0 0 1
vn 0 0 1
vn 0 0 1
vn 0 0 1
vn 0 0 1
vn 0 0 1
vn 0 0 1
vn 0 0 1
vn 0 0 1
vn 0 0 1
vn 0 0 1
vn 0 0 1
vn 0 0 1
vn 0 0 1
vn 0 0 1
vn 0 0 1
vn 0 0 1
vn 0 0 1
vn 0 0 1
vn 0 0 1
vn 0 0 1
vn 0 0 1
vn 0 0 1
vn 0 0 1
vn 0 0 1
vn 0 0 1
vn 0 0 1
vn 0 0 1
vn 0 0 1
vn 0 0 1
vn 0 0 1
vn 0 0 1
vn 0 0 1
vn 0 0 1
vn 0 0 1
vn 0 0 1
vn 0 0 1
vn 0 0 1
vn 0 0 1
vn 0 0 1
vn -0.99619472 0.08715574 0
vn -1 0 0
vn -1 0 0
vn -0.98480773 0.17364818 0
vn -0.99619472 0.08715574 0
vn -0.96592581 0.25881904 0
vn -0.98480773 0.17364818 0
vn -0.93969262 0.34202015 0
vn -0.96592581 0.25881904 0
vn -0.90630782 0.42261827 0
vn -0.93969262 0.34202015 0
vn -0.86602539 0.50000000 0
vn -0.90630782 0.42261827 0
vn -0.81915206 0.57357645 0
vn -0.86602539 0.50000000 0
vn -0.76604444 0.64278764 0
vn -0.81915206 0.57357645 0
vn -0.70710677 0.70710677 0
vn -0.76604444 0.64278764 0
vn -0.64278764 0.76604444 0
vn -0.70710677 0.70710677 0
vn -0.57357645 0.81915206 0
vn -0.64278764 0.76604444 0
vn -0.50000000 0.86602539 0
vn -0.57357645 0.81915206 0
vn -0.42261827 0.90630782 0
vn -0.50000000 0.86602539 0
vn -0.34202015 0.93969262 0
vn -0.42261827 0.90630782 0
vn -0.25881904 0.96592581 0
vn -0.34202015 0.93969262 0
vn -0.17364818 0.98480773 0
vn -0.25881904 0.96592581 0
vn -0.08715574 0.99619472 0
vn -0.17364818 0.98480773 0
vn 0.00000000 1 0
vn -0.08715574 0.99619472 0
vn 0.08715574 0.99619472 0
vn 0.00000000 1 0
vn 0.17364818 0.98480773 0
vn 0.08715574 0.99619472 0
vn 0.25881904 0.96592581 0
vn 0.17364818 0.98480773 0
vn 0.34202015 0.93969262 0
vn 0.25881904 0.96592581 0
vn 0.42261827 0.90630782 0
vn 0.34202015 0.93969262 0
vn 0.50000000 0.86602539 0
vn 0.42261827 0.90630782 0
vn 0.57357645 0.81915206 0
vn 0.50000000 0.86602539 0
vn 0.64278764 0.76604444 0
vn 0.57357645 0.81915206 0
vn 0.70710677 0.70710677 0
vn 0.64278764 0.76604444 0
vn 0.76604444 0.64278764 0
vn 0.70710677 0.70710677 0
vn 0.81915206 0.57357645 0
vn 0.76604444 0.64278764 0
vn 0.86602539 0.50000000 0
vn 0.81915206 0.57357645 0
vn 0.90630782 0.42261827 0
vn 0.86602539 0.50000000 0
vn 0.93969262 0.34202015 0
vn 0.90630782 0.42261827 0
vn 0.96592581 0.25881904 0
vn 0.93969262 0.34202015 0
vn 0.98480773 0.17364818 0
vn 0.96592581 0.25881904 0
vn 0.99619472 0.08715574 0
vn 0.98480773 0.17364818 0
vn 1 -0.00000000 0
vn 0.99619472 0.08715574 0
vn 0.99619472 -0.08715574 0
vn 1 -0.00000000 0
vn 0.98480773 -0.17364818 0
vn 0.99619472 -0.08715574 0
vn 0.96592581 -0.25881904 0
vn 0.98480773 -0.17364818 0
vn 0.93969262 -0.34202015 0
vn 0.96592581 -0.25881904 0
vn 0.90630782 -0.42261827 0
vn 0.93969262 -0.34202015 0
vn 0.86602539 -0.50000000 0
vn 0.90630782 -0.42261827 0
vn 0.81915206 -0.57357645 0
vn 0.86602539 -0.50000000 0
vn 0.76604444 -0.64278764 0
vn 0.81915206 -0.57357645 0
vn 0.70710677 -0.70710677 0
vn 0.76604444 -0.64278764 0
vn 0.64278764 -0.76604444 0
vn 0.70710677 -0.70710677 0
vn 0.57357645 -0.81915206 0
vn 0.64278764 -0.76604444 0
vn 0.50000000 -0.86602539 0
vn 0.57357645 -0.81915206 0
vn 0.42261827 -0.90630782 0
vn 0.50000000 -0.86602539 0
vn 0.34202015 -0.93969262 0
vn 0.42261827 -0.90630782 0
vn 0.25881904 -0.96592581 0
vn 0.34202015 -0.93969262 0
vn 0.17364818 -0.98480773 0
vn 0.25881904 -0.96592581 0
vn 0.08715574 -0.99619472 0
vn 0.17364818 -0.98480773 0
vn -0.00000000 -1 0
vn 0.08715574 -0.99619472 0
vn -0.08715574 -0.99619472 0
vn -0.00000000 -1 0
vn -0.17364818 -0.98480773 0
vn -0.08715574 -0.99619472 0
vn -0.25881904 -0.96592581 0
vn -0.17364818 -0.98480773 0
vn -0.34202015 -0.93969262 0
vn -0.25881904 -0.96592581 0
vn -0.42261827 -0.90630782 0
vn -0.34202015 -0.93969262 0
vn -0.50000000 -0.86602539 0
vn -0.42261827 -0.90630782 0
vn -0.57357645 -0.81915206 0
vn -0.50000000 -0.86602539 0
vn -0.64278764 -0.76604444 0
vn -0.57357645 -0.81915206 0
vn -0.70710677 -0.70710677 0
vn -0.64278764 -0.76604444 0
vn -0.76604444 -0.64278764 0
vn -0.70710677 -0.70710677 0
vn -0.81915206 -0.57357645 0
vn -0.76604444 -0.64278764 0
vn -0.86602539 -0.50000000 0
vn -0.81915206 -0.57357645 0
vn -0.90630782 -0.42261827 0
vn -0.86602539 -0.50000000 0
vn -0.93969262 -0.34202015 0
vn -0.90630782 -0.42261827 0
vn -0.96592581 -0.25881904 0
vn -0.93969262 -0.34202015 0
vn -0.98480773 -0.17364818 0
vn -0.96592581 -0.25881904 0
vn -0.99619472 -0.08715574 0
vn -0.98480773 -0.17364818 0
vn -0.99619472 -0.08715574 0
vn -1 0 0
vn -1 0 0
vn -0.99619472 0.08715574 0
vn -0.99619472 0.08715574 0
vn -0.98480773 0.17364818 0
vn -0.98480773 0.17364818 0
vn -0.96592581 0.25881904 0
vn -0.96592581 0.25881904 0
vn -0.93969262 0.34202015 0
vn -0.93969262 0.34202015 0
vn -0.90630782 0.42261827 0
vn -0.90630782 0.42261827 0
vn -0.86602539 0.50000000 0
vn -0.86602539 0.50000000 0
vn -0.81915206 0.57357645 0
vn -0.81915206 0.57357645 0
vn -0.76604444 0.64278764 0
vn -0.76604444 0.64278764 0
vn -0.70710677 0.70710677 0
vn -0.70710677 0.70710677 0
vn -0.64278764 0.76604444 0
vn -0.64278764 0.76604444 0
vn -0.57357645 0.81915206 0
vn -0.57357645 0.81915206 0
vn -0.50000000 0.86602539 0
vn -0.50000000 0.86602539 0
vn -0.42261827 0.90630782 0
vn -0.42261827 0.90630782 0
vn -0.34202015 0.93969262 0
vn -0.34202015 0.93969262 0
vn -0.25881904 0.96592581 0
vn -0.25881904 0.96592581 0
vn -0.17364818 0.98480773 0
vn -0.17364818 0.98480773 0
vn -0.08715574 0.99619472 0
vn -0.08715574 0.99619472 0
vn -0.00000000 1 0
vn -0.00000000 1 0
vn 0.08715574 0.99619472 0
vn 0.08715574 0.99619472 0
vn 0.17364818 0.98480773 0
vn 0.17364818 0.98480773 0
vn 0.25881904 0.96592581 0
vn 0.25881904 0.96592581 0
vn 0.34202015 0.93969262 0
vn 0.34202015 0.93969262 0
vn 0.42261827 0.90630782 0
vn 0.42261827 0.90630782 0
vn 0.50000000 0.86602539 0
vn 0.50000000 0.86602539 0
vn 0.57357645 0.81915206 0
vn 0.57357645 0.81915206 0
vn 0.64278764 0.76604444 0
vn 0.64278764 0.76604444 0
vn 0.70710677 0.70710677 0
vn 0.70710677 0.70710677 0
vn 0.76604444 0.64278764 0
vn 0.76604444 0.64278764 0
vn 0.81915206 0.57357645 0
vn 0.81915206 0.57357645 0
vn 0.86602539 0.50000000 0
vn 0.86602539 0.50000000 0
vn 0.90630782 0.42261827 0
vn 0.90630782 0.42261827 0
vn 0.93969262 0.34202015 0
vn 0.93969262 0.34202015 0
vn 0.96592581 0.25881904 0
vn 0.96592581 0.25881904 0
vn 0.98480773 0.17364818 0
vn 0.98480773 0.17364818 0
vn 0.99619472 0.08715574 0
vn 0.99619472 0.08715574 0
vn 1 0 0
vn 1 0 0
vn 0.99619472 -0.08715574 0
vn 0.99619472 -0.08715574 0
vn 0.98480773 -0.17364818 0
vn 0.98480773 -0.17364818 0
vn 0.96592581 -0.25881904 0
vn 0.96592581 -0.25881904 0
vn 0.93969262 -0.34202015 0
vn 0.93969262 -0.34202015 0
vn 0.90630782 -0.42261827 0
vn 0.90630782 -0.42261827 0
vn 0.86602539 -0.50000000 0
vn 0.86602539 -0.50000000 0
vn 0.81915206 -0.57357645 0
vn 0.81915206 -0.57357645 0
vn 0.76604444 -0.64278764 0
vn 0.76604444 -0.64278764 0
vn 0.70710677 -0.70710677 0
vn 0.70710677 -0.70710677 0
vn 0.64278764 -0.76604444 0
vn 0.64278764 -0.76604444 0
vn 0.57357645 -0.81915206 0
vn 0.57357645 -0.81915206 0
vn 0.50000000 -0.86602539 0
vn 0.50000000 -0.86602539 0
vn 0.42261827 -0.90630782 0
vn 0.42261827 -0.90630782 0
vn 0.34202015 -0.93969262 0
vn 0.34202015 -0.93969262 0
vn 0.25881904 -0.96592581 0
vn 0.25881904 -0.96592581 0
vn 0.17364818 -0.98480773 0
vn 0.17364818 -0.98480773 0
vn 0.08715574 -0.99619472 0
vn 0.08715574 -0.99619472 0
vn 0.00000000 -1 0
vn 0.00000000 -1 0
vn -0.08715574 -0.99619472 0
vn -0.08715574 -0.99619472 0
vn -0.17364818 -0.98480773 0
vn -0.17364818 -0.98480773 0
vn -0.25881904 -0.96592581 0
vn -0.25881904 -0.96592581 0
vn -0.34202015 -0.93969262 0
vn -0.34202015 -0.93969262 0
vn -0.42261827 -0.90630782 0
vn -0.42261827 -0.90630782 0
vn -0.50000000 -0.86602539 0
vn -0.50000000 -0.86602539 0
vn -0.57357645 -0.81915206 0
vn -0.57357645 -0.81915206 0
vn -0.64278764 -0.76604444 0
vn -0.64278764 -0.76604444 0
vn -0.70710677 -0.70710677 0
vn -0.70710677 -0.70710677 0
vn -0.76604444 -0.64278764 0
vn -0.76604444 -0.64278764 0
vn -0.81915206 -0.57357645 0
vn -0.81915206 -0.57357645 0
vn -0.86602539 -0.50000000 0
vn -0.86602539 -0.50000000 0
vn -0.90630782 -0.42261827 0
vn -0.90630782 -0.42261827 0
vn -0.93969262 -0.34202015 0
vn -0.93969262 -0.34202015 0
vn -0.96592581 -0.25881904 0
vn -0.96592581 -0.25881904 0
vn -0.98480773 -0.17364818 0
vn -0.98480773 -0.17364818 0
vn -0.99619472 -0.08715574 0
vn -0.99619472 -0.08715574 0
vn 0 0 1
vn 0 0 1
vn 0 0 1
vn 0 0 1
vn 0 0 1
vn 0 0 1
vn 0 0 1
vn 0 0 1
vn 0 0 1
vn 0 0 1
vn 0 0 1
vn 0 0 1
vn 0 0 1
vn 0 0 1
vn 0 0 1
vn 0 0 1
vn 0 0 1
vn 0 0 1
vn 0 0 1
vn 0 0 1
vn 0 0 1
vn 0 0 1
vn 0 0 1
vn 0 0 1
vn 0 0 1
vn 0 0 1
vn 0 0 1
vn 0 0 1
vn 0 0 1
vn 0 0 1
vn 0 0 1
vn 0 0 1
vn 0 0 1
vn 0 0 1
vn 0 0 1
vn 0 0 1
vn 0 0 1
vn 0 0 1
vn 0 0 1
vn 0 0 1
vn 0 0 1
vn 0 0 1
vn 0 0 1
vn 0 0 1
vn 0 0 1
vn 0 0 1
vn 0 0 1
vn 0 0 1
vn 0 0 1
vn 0 0 1
vn 0 0 1
vn 0 0 1
vn 0 0 1
vn 0 0 1
vn 0 0 1
vn 0 0 1
vn 0 0 1
vn 0 0 1
vn 0 0 1
vn 0 0 1
vn 0 0 1
vn 0 0 1
vn 0 0 1
vn 0 0 1
vn 0 0 1
vn 0 0 1
vn 0 0 1
vn 0 0 1
vn 0 0 1
vn 0 0 1
vn 0 0 1
vn 0 0 1
vn 0 0 1
vn 0 0 1
vn 0 0 1
vn 0 0 1
vn 0 0 1
vn 0 0 1
vn 0 0 1
vn 0 0 1
vn 0 0 1
vn 0 0 1
vn 0 0 1
vn 0 0 1
vn 0 0 1
vn 0 0 1
vn 0 0 1
vn 0 0 1
vn 0 0 1
vn 0 0 1
vn 0 0 1
vn 0 0 1
vn 0 0 1
vn 0 0 1
vn 0 0 1
vn 0 0 1
vn 0 0 1
vn 0 0 1
vn 0 0 1
vn 0 0 1
vn 0 0 1
vn 0 0 1
vn 0 0 1
vn 0 0 1
vn 0 0 1
vn 0 0 1
vn 0 0 1
vn 0 0 1
vn 0 0 1
vn 0 0 1
vn 0 0 1
vn 0 0 1
vn 0 0 1
vn 0 0 1
vn 0 0 1
vn 0 0 1
vn 0 0 1
vn 0 0 1
vn 0 0 1
vn 0 0 1
vn 0 0 1
vn 0 0 1
vn 0 0 1
vn 0 0 1
vn 0 0 1
vn 0 0 1
vn 0 0 1
vn 0 0 1
vn 0 0 1
vn 0 0 1
vn 0 0 1
vn 0 0 1
vn 0 0 1
vn 0 0 1
vn 0 0 1
vn 0 0 1
vn 0 0 1
vn 0 0 1
vn 0 0 1
vn 0 0 1
vn 0 0 1
vn 0 0 1
vn 0 0 1
vn 0 0 1
vn 0.99619472 0.08715574 0
vn 1 0.00000000 0
vn 1 0.00000000 0
vn 0.98480773 0.17364818 0
vn 0.99619472 0.08715574 0
vn 0.96592581 0.25881904 0
vn 0.98480773 0.17364818 0
vn 0.93969262 0.34202015 0
vn 0.96592581 0.25881904 0
vn 0.90630782 0.42261827 0
vn 0.93969262 0.34202015 0
vn 0.86602539 0.50000000 0
vn 0.90630782 0.42261827 0
vn 0.81915206 0.57357645 0
vn 0.86602539 0.50000000 0
vn 0.76604444 0.64278764 0
vn 0.81915206 0.57357645 0
vn 0.70710677 0.70710677 0
vn 0.76604444 0.64278764 0
vn 0.64278764 0.76604444 0
vn 0.70710677 0.70710677 0
vn 0.57357645 0.81915206 0
vn 0.64278764 0.76604444 0
vn 0.50000000 0.86602539 0
vn 0.57357645 0.81915206 0
vn 0.42261827 0.90630782 0
vn 0.50000000 0.86602539 0
vn 0.34202015 0.93969262 0
vn 0.42261827 0.90630782 0
vn 0.25881904 0.96592581 0
vn 0.34202015 0.93969262 0
vn 0.17364818 0.98480773 0
vn 0.25881904 0.96592581 0
vn 0.08715574 0.99619472 0
vn 0.17364818 0.98480773 0
vn -0.00000000 1 0
vn 0.08715574 0.99619472 0
vn -0.08715574 0.99619472 0
vn -0.00000000 1 0
vn -0.17364818 0.98480773 0
vn -0.08715574 0.99619472 0
vn -0.25881904 0.96592581 0
vn -0.17364818 0.98480773 0
vn -0.34202015 0.93969262 0
vn -0.25881904 0.96592581 0
vn -0.42261827 0.90630782 0
vn -0.34202015 0.93969262 0
vn -0.50000000 0.86602539 0
vn -0.42261827 0.90630782 0
vn -0.57357645 0.81915206 0
vn -0.50000000 0.86602539 0
vn -0.64278764 0.76604444 0
vn -0.57357645 0.81915206 0
vn -0.70710677 0.70710677 0
vn -0.64278764 0.76604444 0
vn -0.76604444 0.64278764 0
vn -0.70710677 0.70710677 0
vn -0.81915206 0.57357645 0
vn -0.76604444 0.64278764 0
vn -0.86602539 0.50000000 0
vn -0.81915206 0.57357645 0
vn -0.90630782 0.42261827 0
vn -0.86602539 0.50000000 0
vn -0.93969262 0.34202015 0
vn -0.90630782 0.42261827 0
vn -0.96592581 0.25881904 0
vn -0.93969262 0.34202015 0
vn -0.98480773 0.17364818 0
vn -0.96592581 0.25881904 0
vn -0.99619472 0.08715574 0
vn -0.98480773 0.17364818 0
vn -1 0 0
vn -0.99619472 0.08715574 0
vn -0.99619472 -0.08715574 0
vn -1 0 0
vn -0.98480773 -0.17364818 0
vn -0.99619472 -0.08715574 0
vn -0.96592581 -0.25881904 0
vn -0.98480773 -0.17364818 0
vn -0.93969262 -0.34202015 0
vn -0.96592581 -0.25881904 0
vn -0.90630782 -0.42261827 0
vn -0.93969262 -0.34202015 0
vn -0.86602539 -0.50000000 0
vn -0.90630782 -0.42261827 0
vn -0.81915206 -0.57357645 0
vn -0.86602539 -0.50000000 0
vn -0.76604444 -0.64278764 0
vn -0.81915206 -0.57357645 0
vn -0.70710677 -0.70710677 0
vn -0.76604444 -0.64278764 0
vn -0.64278764 -0.76604444 0
vn -0.70710677 -0.70710677 0
vn -0.57357645 -0.81915206 0
vn -0.64278764 -0.76604444 0
vn -0.50000000 -0.86602539 0
vn -0.57357645 -0.81915206 0
vn -0.42261827 -0.90630782 0
vn -0.50000000 -0.86602539 0
vn -0.34202015 -0.93969262 0
vn -0.42261827 -0.90630782 0
vn -0.25881904 -0.96592581 0
vn -0.34202015 -0.93969262 0
vn -0.17364818 -0.98480773 0
vn -0.25881904 -0.96592581 0
vn -0.08715574 -0.99619472 0
vn -0.17364818 -0.98480773 0
vn 0.00000000 -1 0
vn -0.08715574 -0.99619472 0
vn 0.08715574 -0.99619472 0
vn 0.00000000 -1 0
vn 0.17364818 -0.98480773 0
vn 0.08715574 -0.99619472 0
vn 0.25881904 -0.96592581 0
vn 0.17364818 -0.98480773 0
vn 0.34202015 -0.93969262 0
vn 0.25881904 -0.96592581 0
vn 0.42261827 -0.90630782 0
vn 0.34202015 -0.93969262 0
vn 0.50000000 -0.86602539 0
vn 0.42261827 -0.90630782 0
vn 0.57357645 -0.81915206 0
vn 0.50000000 -0.86602539 0
vn 0.64278764 -0.76604444 0
vn 0.57357645 -0.81915206 0
vn 0.70710677 -0.70710677 0
vn 0.64278764 -0.76604444 0
vn 0.76604444 -0.64278764 0
vn 0.70710677 -0.70710677 0
vn 0.81915206 -0.57357645 0
vn 0.76604444 -0.64278764 0
vn 0.86602539 -0.50000000 0
vn 0.81915206 -0.57357645 0
vn 0.90630782 -0.42261827 0
vn 0.86602539 -0.50000000 0
vn 0.93969262 -0.34202015 0
vn 0.90630782 -0.42261827 0
vn 0.96592581 -0.25881904 0
vn 0.93969262 -0.34202015 0
vn 0.98480773 -0.17364818 0
vn 0.96592581 -0.25881904 0
vn 0.99619472 -0.08715574 0
vn 0.98480773 -0.17364818 0
vn 0.99619472 -0.08715574 0
vn 0 0 1
vn 0 0 1
vn 0 0 1
vn 0 0 1
vn 0 0 1
vn 0 0 1
vn 0 0 1
vn 0 0 1
vn 0 0 1
vn 0 0 1
vn 0 0 1
vn 0 0 1
vn 0 0 1
vn 0 0 1
vn 0 0 1
vn 0 0 1
vn 0 0 1
vn 0 0 1
vn 0 0 1
vn 0 0 1
vn 0 0 1
vn 0 0 1
vn 0 0 1
vn 0 0 1
vn 0 0 1
vn 0 0 1
vn 0 0 1
vn 0 0 1
vn 0 0 1
vn 0 0 1
vn 0 0 1
vn 0 0 1
vn 0 0 1
vn 0 0 1
vn 0 0 1
vn 0 0 1
vn 0 0 1
vn 0 0 1
vn 0 0 1
vn 0 0 1
vn 0 0 1
vn 0 0 1
vn 0 0 1
vn 0 0 1
vn 0 0 1
vn 0 0 1
vn 0 0 1
vn 0 0 1
vn 0 0 1
vn 0 0 1
vn 0 0 1
vn 0 0 1
vn 0 0 1
vn 0 0 1
vn 0 0 1
vn 0 0 1
vn 0 0 1
vn 0 0 1
vn 0 0 1
vn 0 0 1
vn 0 0 1
vn 0 0 1
vn 0 0 1
vn 0 0 1
vn 0 0 1
vn 0 0 1
vn 0 0 1
vn 0 0 1
vn 0 0 1
vn 0 0 1
vn 0 0 1
vn 0 0 1
vn 0 0 1
vn 0 0 1
vn 0 0 1
vn 0 0 1
vn 0 0 1
vn 0 0 1
vn 0 0 1
vn 0 0 1
vn 0 0 1
vn 0 0 1
vn 0 0 1
vn 0 0 1
vn 0 0 1
vn 0 0 1
vn 0 0 1
vn 0 0 1
vn 0 0 1
vn 0 0 1
vn 0 0 1
vn 0 0 1
vn 0 0 1
vn 0 0 1
vn 0 0 1
vn 0 0 1
vn 0 0 1
vn 0 0 1
vn 0 0 1
vn 0 0 1
vn 0 0 1
vn 0 0 1
vn 0 0 1
vn 0 0 1
vn 0 0 1
vn 0 0 1
vn 0 0 1
vn 0 0 1
vn 0 0 1
vn 0 0 1
vn 0 0 1
vn 0 0 1
vn 0 0 1
vn 0 0 1
vn 0 0 1
vn 0 0 1
vn 0 0 1
vn 0 0 1
vn 0 0 1
vn 0 0 1
vn 0 0 1
vn 0 0 1
vn 0 0 1
vn 0 0 1
vn 0 0 1
vn 0 0 1
vn 0 0 1
vn 0 0 1
vn 0 0 1
vn 0 0 1
vn 0 0 1
vn 0 0 1
vn 0 0 1
vn 0 0 1
vn 0 0 1
vn 0 0 1
vn 0 0 1
vn 0 0 1
vn 0 0 1
vn 0 0 1
vn 0 0 1
vn 0 0 1
vn 0 0 1
vn 0 0 1
vn -0.99619472 0.08715574 0
vn -1 0 0
vn -1 0 0
vn -0.98480773 0.17364818 0
vn -0.99619472 0.08715574 0
vn -0.96592581 0.25881904 0
vn -0.98480773 0.17364818 0
vn -0.93969262 0.34202015 0
vn -0.96592581 0.25881904 0
vn -0.90630782 0.42261827 0
vn -0.93969262 0.34202015 0
vn -0.86602539 0.50000000 0
vn -0.90630782 0.42261827 0
vn -0.81915206 0.57357645 0
vn -0.86602539 0.50000000 0
vn -0.76604444 0.64278764 0
vn -0.81915206 0.57357645 0
vn -0.70710677 0.70710677 0
vn -0.76604444 0.64278764 0
vn -0.64278764 0.76604444 0
vn -0.70710677 0.70710677 0
vn -0.57357645 0.81915206 0
vn -0.64278764 0.76604444 0
vn -0.50000000 0.86602539 0
vn -0.57357645 0.81915206 0
vn -0.42261827 0.90630782 0
vn -0.50000000 0.86602539 0
vn -0.34202015 0.93969262 0
vn -0.42261827 0.90630782 0
vn -0.25881904 0.96592581 0
vn -0.34202015 0.93969262 0
vn -0.17364818 0.98480773 0
vn -0.25881904 0.96592581 0
vn -0.08715574 0.99619472 0
vn -0.17364818 0.98480773 0
vn 0.00000000 1 0
vn -0.08715574 0.99619472 0
vn 0.08715574 0.99619472 0
vn 0.00000000 1 0
vn 0.17364818 0.98480773 0
vn 0.08715574 0.99619472 0
vn 0.25881904 0.96592581 0
vn 0.17364818 0.98480773 0
vn 0.34202015 0.93969262 0
vn 0.25881904 0.96592581 0
vn 0.42261827 0.90630782 0
vn 0.34202015 0.93969262 0
vn 0.50000000 0.86602539 0
vn 0.42261827 0.90630782 0
vn 0.57357645 0.81915206 0
vn 0.50000000 0.86602539 0
vn 0.64278764 0.76604444 0
vn 0.57357645 0.81915206 0
vn 0.70710677 0.70710677 0
vn 0.64278764 0.76604444 0
vn 0.76604444 0.64278764 0
vn 0.70710677 0.70710677 0
vn 0.81915206 0.57357645 0
vn 0.76604444 0.64278764 0
vn 0.86602539 0.50000000 0
vn 0.81915206 0.57357645 0
vn 0.90630782 0.42261827 0
vn 0.86602539 0.50000000 0
vn 0.93969262 0.34202015 0
vn 0.90630782 0.42261827 0
vn 0.96592581 0.25881904 0
vn 0.93969262 0.34202015 0
vn 0.98480773 0.17364818 0
vn 0.96592581 0.25881904 0
vn 0.99619472 0.08715574 0
vn 0.98480773 0.17364818 0
vn 1 -0.00000000 0
vn 0.99619472 0.08715574 0
vn 0.99619472 -0.08715574 0
vn 1 -0.00000000 0
vn 0.98480773 -0.17364818 0
vn 0.99619472 -0.08715574 0
vn 0.96592581 -0.25881904 0
vn 0.98480773 -0.17364818 0
vn 0.93969262 -0.34202015 0
vn 0.96592581 -0.25881904 0
vn 0.90630782 -0.42261827 0
vn 0.93969262 -0.34202015 0
vn 0.86602539 -0.50000000 0
vn 0.90630782 -0.42261827 0
vn 0.81915206 -0.57357645 0
vn 0.86602539 -0.50000000 0
vn 0.76604444 -0.64278764 0
vn 0.81915206 -0.57357645 0
vn 0.70710677 -0.70710677 0
vn 0.76604444 -0.64278764 0
vn 0.64278764 -0.76604444 0
vn 0.70710677 -0.70710677 0
vn 0.57357645 -0.81915206 0
vn 0.64278764 -0.76604444 0
vn 0.50000000 -0.86602539 0
vn 0.57357645 -0.81915206 0
vn 0.42261827 -0.90630782 0
vn 0.50000000 -0.86602539 0
vn 0.34202015 -0.93969262 0
vn 0.42261827 -0.90630782 0
vn 0.25881904 -0.96592581 0
vn 0.34202015 -0.93969262 0
vn 0.17364818 -0.98480773 0
vn 0.25881904 -0.96592581 0
vn 0.08715574 -0.99619472 0
vn 0.17364818 -0.98480773 0
vn -0.00000000 -1 0
vn 0.08715574 -0.99619472 0
vn -0.08715574 -0.99619472 0
vn -0.00000000 -1 0
vn -0.17364818 -0.98480773 0
vn -0.08715574 -0.99619472 0
vn -0.25881904 -0.96592581 0
vn -0.17364818 -0.98480773 0
vn -0.34202015 -0.93969262 0
vn -0.25881904 -0.96592581 0
vn -0.42261827 -0.90630782 0
vn -0.34202015 -0.93969262 0
vn -0.50000000 -0.86602539 0
vn -0.42261827 -0.90630782 0
vn -0.57357645 -0.81915206 0
vn -0.50000000 -0.86602539 0
vn -0.64278764 -0.76604444 0
vn -0.57357645 -0.81915206 0
vn -0.70710677 -0.70710677 0
vn -0.64278764 -0.76604444 0
vn -0.76604444 -0.64278764 0
vn -0.70710677 -0.70710677 0
vn -0.81915206 -0.57357645 0
vn -0.76604444 -0.64278764 0
vn -0.86602539 -0.50000000 0
vn -0.81915206 -0.57357645 0
vn -0.90630782 -0.42261827 0
vn -0.86602539 -0.50000000 0
vn -0.93969262 -0.34202015 0
vn -0.90630782 -0.42261827 0
vn -0.96592581 -0.25881904 0
vn -0.93969262 -0.34202015 0
vn -0.98480773 -0.17364818 0
vn -0.96592581 -0.25881904 0
vn -0.99619472 -0.08715574 0
vn -0.98480773 -0.17364818 0
vn -0.99619472 -0.08715574 0
vn -0.18872465 0.98203003 0
vn -0.18872465 0.98203003 0
vn -0.18872465 0.98203003 0
vn -0.18872465 0.98203003 0
vn -0.18872465 0.98203003 0
vn -0.18872465 0.98203003 0
vn -0.18872465 0.98203003 0
vn -0.18872465 0.98203003 0
vn -0.18872465 0.98203003 0
vn -0.18872465 0.98203003 0
vn -0.18872465 0.98203003 0
vn -0.18872465 0.98203003 0
vn -0.18872465 0.98203003 0
vn -0.18872465 0.98203003 0
vn -0.18872465 0.98203003 0
vn -0.18872465 0.98203003 0
vn -0.18872465 0.98203003 0
vn -0.18872465 0.98203003 0
vn -0.18872465 0.98203003 0
vn -0.18872465 0.98203003 0
vn -0.18872465 0.98203003 0
vn -0.18872465 0.98203003 0
vn 1 0 0
vn 1 0 0
vn 1 0 0
vn 1 0 0
vn 1 0 0
vn 1 0 0
vn 1 0 0
vn 1 0 0
vn 0 1 0
vn 0 1 0
vn 0 1 0
vn 0 1 0
vn 0 0 -1
vn 0 0 -1
vn 0 0 -1
vn 0 0 -1
vn -1 0 0
vn -1 0 0
vn -1 0 0
vn -1 0 0
vn -1 0 0
vn -1 0 0
vn -1 0 0
vn -1 0 0
vn -1 0 0
vn -1 0 0
vn -1 0 0
vn -1 0 0
vn -1 0 0
vn -1 0 0
vn -1 0 0
vn -1 0 0
vn 0 1 0
vn 0 1 0
vn 0 1 0
vn 0 1 0
vn 1 0 0
vn 1 0 0
vn 1 0 0
vn 1 0 0
vn 1 0 0
vn 1 0 0
vn 1 0 0
vn 1 0 0
vn 0 0 -1
vn 0 0 -1
vn 0 0 -1
vn 0 0 -1
vn -1 0 0
vn -1 0 0
vn -1 0 0
vn -1 0 0
vn -1 0 0
vn -1 0 0
vn -1 0 0
vn -1 0 0
vn 0 1 0
vn 0 1 0
vn 0 1 0
vn 0 1 0
vn 1 0 0
vn 1 0 0
vn 1 0 0
vn 1 0 0
vn 1 0 0
vn 1 0 0
vn 1 0 0
vn 1 0 0
vn 0.00000000 0 -1
vn 0.00000000 0 -1
vn 0.00000000 0 -1
vn 0.00000000 0 -1
vn -1 0 0
vn -1 0 0
vn -1 0 0
vn -1 0 0
vn -1 0 0
vn -1 0 0
vn -1 0 0
vn -1 0 0
vn 0 1 0
vn 0 1 0
vn 0 1 0
vn 0 1 0
vn 1 0 0
vn 1 0 0
vn 1 0 0
vn 1 0 0
vn 1 0 0
vn 1 0 0
vn 1 0 0
vn 1 0 0
vn 0 0 -1
vn 0 0 -1
vn 0 0 -1
vn 0 0 -1
vn 0 0 -1
vn 0 0 -1
vn 0 0 -1
vn 0 0 -1
vn 0 0 -1
vn 0 0 -1
vn 0 0 -1
vn 0 0 -1
vn 0 0 -1
vn 0 0 -1
vn 0 0 -1
vn 0 0 -1
vn 0 0 -1
vn 0 0 -1
vn 0 0 -1
vn 0 0 -1
vn 0 0 -1
vn 0 0 -1
vn 0 0 -1
vn 0 0 -1
vn 0 0 -1
vn 0 0 -1
vn 0 0 -1
vn 0 0 -1
vn 0 0 -1
vn 0 0 -1
vn 0 0 -1
vn 0 0 -1
vn 0 0 -1
vn 0 0 -1
vn 0 0 -1
vn 0 0 -1
vn 0 0 -1
vn 0 0 -1
vn 0 0 -1
vn 0 0 -1
vn 0 0 -1
vn 0 0 -1
vn 0 0 -1
vn 0 0 -1
vn 0 0 -1
vn 0 0 -1
vn 0 0 -1
vn 0 0 -1
vn 0 0 -1
vn 0 0 -1
vn 0 0 -1
vn 0 0 -1
vn 0 0 -1
vn 0 0 -1
vn 0 0 -1
vn 0 0 -1
vn 0 0 -1
vn 0 0 -1
vn 0 0 -1
vn 0 0 -1
vn 0 0 -1
vn 0 0 -1
vn 0 0 -1
vn 0 0 -1
vn 0 0 -1
vn 0 0 -1
vn 0 0 -1
vn 0 0 -1
vn 0 0 -1
vn 0 0 -1
vn 0 0 -1
vn 0 0 -1
vn 0 0 -1
vn 0 0 -1
vn 0 0 -1
vn 0 0 -1
vn 0 0 -1
vn 0 0 -1
vn 0 0 -1
vn 0 0 -1
vn 0 0 -1
vn 0 0 -1
vn 0 0 -1
vn 0 0 -1
vn 0 0 -1
vn 0 0 -1
vn 0 0 -1
vn 0 0 -1
vn 0 0 -1
vn 0 0 -1
vn 0 0 -1
vn 0 0 -1
vn 0 0 -1
vn 0 0 -1
vn 0 0 -1
vn 0 0 -1
vn 0 0 -1
vn 0 0 -1
vn 0 0 -1
vn 0 0 -1
vn 0 0 -1
vn 0 0 -1
vn 0 0 -1
vn 0 0 -1
vn 0 0 -1
vn 0 0 -1
vn 0 0 -1
vn 0 0 -1
vn 0 0 -1
vn 0 0 -1
vn 0 0 -1
vn 0 0 -1
vn 0 0 -1
vn 0 0 -1
vn 0 0 -1
vn 0 0 -1
vn 0 0 -1
vn 0 0 -1
vn 0 0 -1
vn 0 0 -1
vn 0 0 -1
vn 0 0 -1
vn 0 0 -1
vn 0 0 -1
vn 0 0 -1
vn 0 0 -1
vn 0 0 -1
vn 0 0 -1
vn 0 0 -1
vn 0 0 -1
vn 0 0 -1
vn 0 0 -1
vn 0 0 -1
vn 0 0 -1
vn 0 0 -1
vn 0 0 -1
vn 0 0 -1
vn 0 0 -1
vn 0 0 -1
vn 0 0 -1
vn 0 0 -1
vn 0 0 -1
vn 0 0 -1
vn 0 0 -1
vn 0 0 -1
vn 0 0 -1
vn 0 0 -1
vn 0 0 -1
vn 0 0 -1
vn 0 0 -1
vn 0 0 -1
vn 0 0 -1
vn 0 0 -1
vn 0 0 -1
vn 0 0 -1
vn 0 0 -1
vn 0 0 -1
vn 0 0 -1
vn 0 0 -1
vn 0 0 -1
vn 0 0 -1
vn 0 0 -1
vn 0 0 -1
vn 0 0 -1
vn 0 0 -1
vn 0 0 -1
vn 0 0 -1
vn 0 0 -1
vn 0 0 -1
vn 0 0 -1
vn 0 0 -1
vn 0 0 -1
vn 0 0 -1
vn 0 0 -1
vn 0 0 -1
vn 0 0 -1
vn 0 0 -1
vn 0 0 -1
vn 0 0 -1
vn 0 0 -1
vn 0 0 -1
vn 0 0 -1
vn 0 0 -1
vn 0 0 -1
vn 0 0 -1
vn 0 0 -1
vn 0 0 -1
vn 0 0 -1
vn 0 0 -1
vn 0 0 -1
vn 0 0 -1
vn 0 0 -1
vn 0 0 -1
vn 0 0 -1
vn 0 0 -1
vn 0 0 -1
vn 0 0 -1
vn 0 0 -1
vn 0 0 -1
vn 0 0 -1
vn 0 0 -1
vn 0 0 -1
vn 0 0 -1
vn 0 0 -1
vn 0 0 -1
vn 0 0 -1
vn 0 0 -1
vn 0 0 -1
vn 0 0 -1
vn 0 0 -1
vn 0 0 -1
vn 0 0 -1
vn 0 0 -1
vn 0 0 -1
vn 0 0 -1
vn 0 0 -1
vn 0 0 -1
vn 0 0 -1
vn 0 0 -1
vn 0 0 -1
vn 0 0 -1
vn 0 0 -1
vn 0 0 -1
vn 0 0 -1
vn 0 0 -1
vn 0 0 -1
vn 0 0 -1
vn 0 0 -1
vn 0 0 -1
vn 0 0 -1
vn 0 0 -1
vn 0 0 -1
vn 0 0 -1
vn 0 0 -1
vn 0 0 -1
vn 0 0 -1
vn 0 0 -1
vn 0 0 -1
vn 0 0 -1
vn 0 0 -1
vn 0 0 -1
vn 0 0 -1
vn 0 0 -1
vn 0 0 -1
vn 0 0 -1
vn 0 0 -1
vn 0 0 -1
vn 0 0 -1
vn 0 0 -1
vn 0 0 -1
vn 0 0 -1
vn 0 0 -1
vn 0 0 -1
vn 0 0 -1
vn 0 0 -1
vn 0 0 -1
vn 0 0 -1
vn 0 0 -1
vn 0 0 -1
vn 0 0 -1
vn 0 0 -1
vn 0 0 -1
vn 0 0 -1
vn 0 0 -1
vn 0 0 -1
vn 0 0 -1
vn 0 0 -1
vn 0 0 -1
vn 0 0 -1
vn 0 0 -1
vn 0 0 -1
vn 0 0 -1
vn 0 0 -1
vn 0 0 -1
vn 0 0 -1
vn 0 0 -1
vn 0 0 -1
vn 0 0 -1
vn 0 0 -1
vn 0 0 -1
vn 0 0 -1
vn 0 0 -1
vn 0 0 -1
vn 0 0 -1
vn 0 0 -1
vn 0 0 -1
vn 0 0 -1
vn 0 0 -1
vn 0 0 -1
vn 0 0 -1
vn 0 0 -1
vn 0 0 -1
vn 0 0 -1
vn 0 0 -1
vn 0 0 -1
vn 0 0 -1
vn 0 0 -1
vn 0 0 -1
vn 0 0 -1
vn 0 0 -1
vn 0 0 -1
vn 0 0 -1
vn 0 0 -1
vn 0 0 -1
vn 0 0 -1
vn 0 0 -1
vn 0 0 -1
vn 0 0 -1
vn 0 0 -1
vn 0 0 -1
vn 0 0 -1
vn 0 0 -1
vn 0 0 -1
vn 0 0 -1
vn 0 0 -1
vn 0 0 -1
vn 0 0 -1
vn 0 0 -1
vn 0 0 -1
vn 0 0 -1
vn 0 0 -1
vn 0 0 -1
vn 0 0 -1
vn 0 0 -1
vn 0 0 -1
vn 0 0 -1
vn 0 0 -1
vn 0 0 -1
vn 0 0 -1
vn 0 0 -1
vn 0 0 -1
vn 0 0 -1
vn 0 0 -1
vn 0 0 -1
vn 0 0 -1
vn 0 0 -1
vn 0 0 -1
vn 0 0 -1
vn 0 0 -1
vn 0 0 -1
vn 0 0 -1
vn 0 0 -1
vn 0 0 -1
vn 0 0 -1
vn 0 0 -1
vn 0 0 -1
vn 0 0 -1
vn 0 0 -1
vn 0 0 -1
vn 0 0 -1
vn 0 0 -1
vn 0 0 -1
vn 0 0 -1
vn 0 0 -1
vn 0 0 -1
vn 0 0 -1
vn 0 0 -1
vn 0 0 -1
vn 0 0 -1
vn 0 0 -1
vn 0 0 -1
vn 0 0 -1
vn 0 0 -1
vn 0 0 -1
vn 0 0 -1
vn 0 0 -1
vn 0 0 -1
vn 0 0 -1
vn 0 0 -1
vn 0 0 -1
vn 0 0 -1
vn 0 0 -1
vn 0 0 -1
vn 0 0 -1
vn 0 0 -1
vn 0 0 -1
vn 0 0 -1
vn 0 0 -1
vn 0 0 -1
vn 0 0 -1
vn 0 0 -1
vn 0 0 -1
vn 0 0 -1
vn 0 0 -1
vn 0 0 -1
vn 0 0 -1
vn 0 0 -1
vn 0 0 -1
vn 0 0 -1
vn 0 0 -1
vn 0 0 -1
vn 0 0 -1
vn 0 0 -1
vn 0 0 -1
vn 0 0 -1
vn 0 0 -1
vn 0 0 -1
vn 0 0 -1
vn 0 0 -1
vn 0 0 -1
vn 0 0 -1
vn 0 0 -1
vn 0 0 -1
vn 0 0 -1
vn 0 0 -1
vn 0 0 -1
vn 0 0 -1
vn 0 0 -1
vn 0 0 -1
vn 0 0 -1
vn 0 0 -1
vn 0 0 -1
vn 0 0 -1
vn 0 0 -1
vn 0 0 -1
vn 0 0 -1
vn 0 0 -1
vn 0 0 -1
vn 0 0 -1
vn 0 0 -1
vn 0 0 -1
vn 0 0 -1
vn 0 0 -1
vn 0 0 -1
vn 0 0 -1
vn 0 0 -1
vn 0 0 -1
vn 0 0 -1
vn 0 0 -1
vn 0 0 -1
vn 0 0 -1
vn 0 0 -1
vn 0 0 -1
vn 0 0 -1
vn 0 0 -1
vn 0 0 -1
vn 0 0 -1
vn 0 0 -1
vn 0 0 -1
vn 0 0 -1
vn 0 0 -1
vn 0 0 -1
vn 0 0 -1
vn 0 0 -1
vn 0 0 -1
vn 0 0 -1
vn 0 0 -1
vn 0 0 -1
vn 0 0 -1
vn 0 0 -1
vn 0 0 -1
vn 0 0 -1
vn 0 0 -1
vn 0 0 -1
vn 0 0 -1
vn 0 0 -1
vn 0 0 -1
vn 0 0 -1
vn 0 0 -1
vn 0 0 -1
vn 0 0 -1
vn 0 0 -1
vn 0 0 -1
vn 0 0 -1
vn 0 0 -1
vn 0 0 -1
vn 0 0 -1
vn 0 0 -1
vn 0 0 -1
vn 0 0 -1
vn 0 0 -1
vn 0 0 -1
vn 0 0 -1
vn 0 0 -1
vn 0 0 -1
vn 0 0 -1
vn 0 0 -1
vn 0 0 -1
vn 0 0 -1
vn 0 0 -1
vn 0 0 -1
vn 0 0 -1
vn 0 0 -1
vn 0 0 -1
vn 0 0 -1
vn 0 0 -1
vn 0 0 -1
vn 0 0 -1
vn 0 0 -1
vn 0 0 -1
vn 0 0 -1
vn 0 0 -1
vn 0 0 -1
vn 0 0 -1
vn 0 0 -1
vn 0 0 -1
vn 0 0 -1
vn 0 0 -1
vn 0 0 -1
vn 0 0 -1
vn 0 0 -1
vn 0 0 -1
vn 0 0 -1
vn 0 0 -1
vn 0 0 -1
vn 0 0 -1
vn 0 0 -1
vn 0 0 -1
vn 0 0 -1
vn 0 0 -1
vn 0 0 -1
vn 0 0 -1
vn 0 0 -1
vn 0 0 -1
vn 0 0 -1
vn 0 0 -1
vn 0 0 -1
vn 0 0 -1
vn 0 0 -1
vn 0 0 -1
vn 0 0 -1
vn 0 0 -1
vn 0 0 -1
vn 0 0 -1
vn 0 0 -1
vn 0 0 -1
vn 0 0 -1
vn 0 0 -1
vn 0 0 -1
vn 0 0 -1
vn 0 0 -1
vn 0 0 -1
vn 0 0 -1
vn 0 0 -1
vn 0 0 -1
vn 0 0 -1
vn 0 0 -1
vn 0 0 -1
vn 0 0 -1
vn 0 0 -1
vn 0 0 -1
vn 0 0 -1
vn 0 0 -1
vn 0 0 -1
vn 0 0 -1
vn 0 0 -1
vn 0 0 -1
vn 0 0 -1
vn 0 0 -1
vn 0 0 -1
vn 0 0 -1
vn 0 0 -1
vn 0 0 -1
vn 0 0 -1
vn 0 0 -1
vn 0 0 -1
vn 0 0 -1
vn 0 0 -1
vn 0 0 -1
vn 0 0 -1
vn 0 0 -1
vn 0 0 -1
vn 0 0 -1
vn 0 0 -1
vn 0 0 -1
vn 0 0 -1
vn 0 0 -1
vn 0 0 -1
vn 0 0 -1
vn 0 0 -1
vn 0 0 -1
vn 0 0 -1
vn 0 0 -1
vn 0 0 -1
vn 0 0 -1
vn 0 0 -1
vn 0 0 -1
vn 0 0 -1
vn 0 0 -1
vn 0 0 -1
vn 0 0 -1
vn 0 0 -1
vn 0 0 -1
vn 0 0 -1
vn 0 0 -1
vn 0 0 -1
vn 0 0 -1
vn 0 0 -1
vn 0 0 -1
vn 0 0 -1
vn 0 0 -1
vn 0 0 -1
vn 0 0 -1
vn 0 0 -1
vn 0 0 -1
vn 0 0 -1
vn 0 0 -1
vn 0 0 -1
vn 0 0 -1
vn 0 0 -1
vn 0 0 -1
vn 0 0 -1
vn 0 0 -1
vn 0 0 -1
vn 0 0 -1
vn 0 0 -1
vn 0 0 -1
vn 0 0 -1
vn 0 0 -1
vn 0 0 -1
vn 0 0 -1
vn 0 0 -1
vn 0 0 -1
vn 0 0 -1
vn 0 0 -1
vn 0 0 -1
vn 0 0 -1
vn 0 0 -1
vn 0 0 -1
vn 0 0 -1
vn 0 0 -1
vn 0 0 -1
vn 0 0 -1
vn 0 0 -1
vn 0 0 -1
vn 0 0 -1
vn 0 0 -1
vn 0 0 -1
vn 0 0 -1
vn 0 0 -1
vn 0 0 -1
vn 0 0 -1
vn 0 0 -1
vn 0 0 -1
vn 0 0 -1
vn 0 0 -1
vn 0 0 -1
vn 0 0 -1
vn 0 0 -1
vn 0 0 -1
vn 0 0 -1
vn 0 0 -1
vn 0 0 -1
vn 0 0 -1
vn 0 0 -1
vn 0 0 -1
vn 0 0 -1
vn 0 0 -1
vn 0 0 -1
vn 0 0 -1
vn 0 0 -1
vn 0 0 -1
vn 0 0 -1
vn 0 0 -1
vn 0 0 -1
vn 0 0 -1
vn 0 0 -1
vn 0 0 -1
vn 0 0 -1
vn 0 0 -1
vn 0 0 -1
vn 0 0 -1
vn 0 0 -1
vn 0 0 -1
vn 0 0 -1
vn 0 0 -1
vn 0 0 -1
vn 0 0 -1
vn 0 0 -1
vn 0 0 -1
vn 0 0 -1
vn 0 0 -1
vn 0 0 -1
vn 0 0 -1
vn 0 0 -1
vn 0 0 -1
vn 0 0 -1
vn 0 0 -1
vn 0 0 -1
vn 0 0 -1
vn 0 0 -1
vn 0 0 -1
vn 0 0 -1
vn 0 0 -1
vn 0 0 -1
vn 0 0 -1
vn 0 0 -1
vn 0 0 -1
vn 0 0 -1
vn 0 0 -1
vn 0 0 -1
vn 0 0 -1
vn 0 0 -1
vn 0 0 -1
vn 0 0 -1
vn 0 0 -1
vn 0 0 -1
vn 0 0 -1
vn 0 0 -1
vn 0 0 -1
vn 0 0 -1
vn 0 0 -1
vn 0 0 -1
vn 0 0 -1
vn 0 0 -1
vn 0 0 -1
vn 0 0 -1
vn 0 0 -1
vn 0 0 -1
vn 0 0 -1
vn 0 0 -1
vn 0 0 -1
vn 0 0 -1
vn 0 0 -1
vn 0 0 -1
vn 0 0 -1
vn 0 0 -1
vn 0 0 -1
vn 0 0 -1
vn 0 0 -1
vn 0 0 -1
vn 0 0 -1
vn 0 0 -1
vn 0 0 -1
vn 0 0 -1
vn 0 0 -1
vn 0 0 -1
vn 0 0 -1
vn 0 0 -1
vn 0 0 -1
vn 0 0 -1
vn 0 0 -1
vn 0 0 -1
vn 0 0 -1
vn 0 0 -1
vn 0 0 -1
vn 0 0 -1
vn 0 0 -1
vn 0 0 -1
vn 0 0 -1
vn 0 0 -1
vn 0 0 -1
vn 0 0 -1
vn 0 0 -1
vn 0 0 -1
vn 0 0 -1
vn 0 0 -1
vn 0 0 -1
vn 0 0 -1
vn 0 0 -1
vn 0 0 -1
vn 0 0 -1
vn 0 0 -1
vn 0 0 -1
vn 0 0 -1
vn 0 0 -1
vn 0 0 -1
vn 0 0 -1
vn 0 0 -1
vn 0 0 -1
vn 0 0 -1
vn 0 0 -1
vn 0 0 -1
vn 0 0 -1
vn 0 0 -1
vn 0 1 0
vn 0 1 0
vn 0 1 0
vn 0 1 0
vn -1 0 0
vn -1 0 0
vn -1 0 0
vn -1 0 0
vn -1 0 0
vn -1 0 0
vn -1 0 0
vn -1 0 0
vn 1 0 0
vn 1 0 0
vn 1 0 0
vn 1 0 0
vn 1 0 0
vn 1 0 0
vn 1 0 0
vn 1 0 0
vn 0 0 -1
vn 0 0 -1
vn 0 0 -1
vn 0 0 -1
vn 0 1 0
vn 0 1 0
vn 0 1 0
vn 0 1 0
vn -1 0 0
vn -1 0 0
vn -1 0 0
vn -1 0 0
vn -1 0 0
vn -1 0 0
vn -1 0 0
vn -1 0 0
vn 1 0 0
vn 1 0 0
vn 1 0 0
vn 1 0 0
vn 1 0 0
vn 1 0 0
vn 1 0 0
vn 1 0 0
vn 0 0 -1
vn 0 0 -1
vn 0 0 -1
vn 0 0 -1
vn 0 1 0
vn 0 1 0
vn 0 1 0
vn 0 1 0
vn -1 0 0
vn -1 0 0
vn -1 0 0
vn -1 0 0
vn -1 0 0
vn -1 0 0
vn -1 0 0
vn -1 0 0
vn 1 0 0
vn 1 0 0
vn 1 0 0
vn 1 0 0
vn 1 0 0
vn 1 0 0
vn 1 0 0
vn 1 0 0
vn 0 0 -1
vn 0 0 -1
vn 0 0 -1
vn 0 0 -1
vn 0.19385788 0.98102963 0
vn 0.19385788 0.98102963 0
vn 0.19385788 0.98102963 0
vn 0.19385788 0.98102963 0
vn 0.19385788 0.98102963 0
vn 0.19385788 0.98102963 0
vn 0.19385788 0.98102963 0
vn 0.19385788 0.98102963 0
vn 0.19385788 0.98102963 0
vn 0.19385788 0.98102963 0
vn 0.19385788 0.98102963 0
vn 0.19385788 0.98102963 0
vn 0.19385788 0.98102963 0
vn 0.19385788 0.98102963 0
vn 0.19385788 0.98102963 0
vn 0.19385788 0.98102963 0
vn 0.19385788 0.98102963 0
vn 0.19385788 0.98102963 0
vn 0.19385788 0.98102963 0
vn 0.19385788 0.98102963 0
vn 0.19385788 0.98102963 0
vn 0 1 0
vn 0 1 0
vn 0 1 0
vn 0 1 0
vn 0.00000000 0 -1
vn 0.00000000 0 -1
vn 0.00000000 0 -1
vn 0.00000000 0 -1
vn -1 0 0
vn -1 0 0
vn -1 0 0
vn -1 0 0
vn -1 0 0
vn -1 0 0
vn -1 0 0
vn -1 0 0
vn 1 0 0
vn 1 0 0
vn 1 0 0
vn 1 0 0
vn 1 0 0
vn 1 0 0
vn 1 0 0
vn 1 0 0
f 1/1/1 2/2/2 3/3/3
f 4/4/4 1/1/1 5/5/5
f 6/6/6 4/4/4 7/7/7
f 8/8/8 6/6/6 9/9/9
f 10/10/10 8/8/8 11/11/11
f 12/12/12 10/10/10 13/13/13
f 14/14/14 12/12/12 15/15/15
f 16/16/16 14/14/14 17/17/17
f 18/18/18 16/16/16 19/19/19
f 20/20/20 18/18/18 21/21/21
f 22/22/22 20/20/20 23/23/23
f 24/24/24 22/22/22 25/25/25
f 26/26/26 24/24/24 27/27/27
f 28/28/28 26/26/26 29/29/29
f 30/30/30 28/28/28 31/31/31
f 32/32/32 30/30/30 33/33/33
f 34/34/34 32/32/32 35/35/35
f 36/36/36 34/34/34 37/37/37
f 38/38/38 36/36/36 39/39/39
f 40/40/40 38/38/38 41/41/41
f 42/42/42 40/40/40 43/43/43
f 44/44/44 42/42/42 45/45/45
f 46/46/46 44/44/44 47/47/47
f 48/48/48 46/46/46 49/49/49
f 50/50/50 48/48/48 51/51/51
f 52/52/52 50/50/50 53/53/53
f 54/54/54 52/52/52 55/55/55
f 56/56/56 54/54/54 57/57/57
f 58/58/58 56/56/56 59/59/59
f 60/60/60 58/58/58 61/61/61
f 62/62/62 60/60/60 63/63/63
f 64/64/64 62/62/62 65/65/65
f 66/66/66 64/64/64 67/67/67
f 68/68/68 66/66/66 69/69/69
f 70/70/70 68/68/68 71/71/71
f 72/72/72 70/70/70 73/73/73
f 74/74/74 72/72/72 75/75/75
f 76/76/76 74/74/74 77/77/77
f 78/78/78 76/76/76 79/79/79
f 80/80/80 78/78/78 81/81/81
f 82/82/82 80/80/80 83/83/83
f 84/84/84 82/82/82 85/85/85
f 86/86/86 84/84/84 87/87/87
f 88/88/88 86/86/86 89/89/89
f 90/90/90 88/88/88 91/91/91
f 92/92/92 90/90/90 93/93/93
f 94/94/94 92/92/92 95/95/95
f 96/96/96 94/94/94 97/97/97
f 98/98/98 96/96/96 99/99/99
f 100/100/100 98/98/98 101/101/101
f 102/102/102 100/100/100 103/103/103
f 104/104/104 102/102/102 105/105/105
f 106/106/106 104/104/104 107/107/107
f 108/108/108 106/106/106 109/109/109
f 110/110/110 108/108/108 111/111/111
f 112/112/112 110/110/110 113/113/113
f 114/114/114 112/112/112 115/115/115
f 116/116/116 114/114/114 117/117/117
f 118/118/118 116/116/116 119/119/119
f 120/120/120 118/118/118 121/121/121
f 122/122/122 120/120/120 123/123/123
f 124/124/124 122/122/122 125/125/125
f 126/126/126 124/124/124 127/127/127
f 128/128/128 126/126/126 129/129/129
f 130/130/130 128/128/128 131/131/131
f 132/132/132 130/130/130 133/133/133
f 134/134/134 132/132/132 135/135/135
f 136/136/136 134/134/134 137/137/137
f 138/138/138 136/136/136 139/139/139
f 140/140/140 138/138/138 141/141/141
f 142/142/142 140/140/140 143/143/143
f 2/2/2 142/142/142 144/144/144
f 144/144/144 3/3/3 2/2/2
f 143/143/143 144/144/144 142/142/142
f 141/141/141 143/143/143 140/140/140
f 139/139/139 141/141/141 138/138/138
f 137/137/137 139/139/139 136/136/136
f 135/135/135 137/137/137 134/134/134
f 133/133/133 135/135/135 132/132/132
f 131/131/131 133/133/133 130/130/130
f 129/129/129 131/131/131 128/128/128
f 127/127/127 129/129/129 126/126/126
f 125/125/125 127/127/127 124/124/124
f 123/123/123 125/125/125 122/122/122
f 121/121/121 123/123/123 120/120/120
f 119/119/119 121/121/121 118/118/118
f 117/117/117 119/119/119 116/116/116
f 115/115/115 117/117/117 114/114/114
f 113/113/113 115/115/115 112/112/112
f 111/111/111 113/113/113 110/110/110
f 109/109/109 111/111/111 108/108/108
f 107/107/107 109/109/109 106/106/106
f 105/105/105 107/107/107 104/104/104
f 103/103/103 105/105/105 102/102/102
f 101/101/101 103/103/103 100/100/100
f 99/99/99 101/101/101 98/98/98
f 97/97/97 99/99/99 96/96/96
f 95/95/95 97/97/97 94/94/94
f 93/93/93 95/95/95 92/92/92
f 91/91/91 93/93/93 90/90/90
f 89/89/89 91/91/91 88/88/88
f 87/87/87 89/89/89 86/86/86
f 85/85/85 87/87/87 84/84/84
f 83/83/83 85/85/85 82/82/82
f 81/81/81 83/83/83 80/80/80
f 79/79/79 81/81/81 78/78/78
f 77/77/77 79/79/79 76/76/76
f 75/75/75 77/77/77 74/74/74
f 73/73/73 75/75/75 72/72/72
f 71/71/71 73/73/73 70/70/70
f 69/69/69 71/71/71 68/68/68
f 67/67/67 69/69/69 66/66/66
f 65/65/65 67/67/67 64/64/64
f 63/63/63 65/65/65 62/62/62
f 61/61/61 63/63/63 60/60/60
f 59/59/59 61/61/61 58/58/58
f 57/57/57 59/59/59 56/56/56
f 55/55/55 57/57/57 54/54/54
f 53/53/53 55/55/55 52/52/52
f 51/51/51 53/53/53 50/50/50
f 49/49/49 51/51/51 48/48/48
f 47/47/47 49/49/49 46/46/46
f 45/45/45 47/47/47 44/44/44
f 43/43/43 45/45/45 42/42/42
f 41/41/41 43/43/43 40/40/40
f 39/39/39 41/41/41 38/38/38
f 37/37/37 39/39/39 36/36/36
f 35/35/35 37/37/37 34/34/34
f 33/33/33 35/35/35 32/32/32
f 31/31/31 33/33/33 30/30/30
f 29/29/29 31/31/31 28/28/28
f 27/27/27 29/29/29 26/26/26
f 25/25/25 27/27/27 24/24/24
f 23/23/23 25/25/25 22/22/22
f 21/21/21 23/23/23 20/20/20
f 19/19/19 21/21/21 18/18/18
f 17/17/17 19/19/19 16/16/16
f 15/15/15 17/17/17 14/14/14
f 13/13/13 15/15/15 12/12/12
f 11/11/11 13/13/13 10/10/10
f 9/9/9 11/11/11 8/8/8
f 7/7/7 9/9/9 6/6/6
f 5/5/5 7/7/7 4/4/4
f 3/3/3 5/5/5 1/1/1
f 145/145/145 117/146/146 115/147/147
f 145/145/145 146/148/148 119/149/149
f 147/150/150 45/151/151 43/152/152
f 147/150/150 148/153/153 47/154/154
f 149/155/155 89/156/156 87/157/157
f 150/158/158 91/159/159 89/156/156
f 151/160/160 97/161/161 95/162/162
f 151/160/160 152/163/163 99/164/164
f 153/165/165 105/166/166 103/167/167
f 153/165/165 154/168/168 107/169/169
f 119/149/149 117/146/146 145/145/145
f 146/148/148 155/170/170 121/171/171
f 156/172/172 157/173/173 133/174/174
f 157/173/173 158/175/175 135/176/176
f 159/177/177 17/178/178 15/179/179
f 160/180/180 19/181/181 17/178/178
f 161/182/182 33/183/183 31/184/184
f 161/182/182 162/185/185 35/186/186
f 47/154/154 45/151/151 147/150/150
f 148/153/153 163/187/187 49/188/188
f 164/189/189 165/190/190 61/191/191
f 165/190/190 166/192/192 63/193/193
f 89/156/156 149/155/155 150/158/158
f 150/158/158 167/194/194 93/195/195
f 99/164/164 97/161/161 151/160/160
f 152/163/163 168/196/196 101/197/197
f 169/198/198 103/167/167 101/197/197
f 107/169/169 105/166/166 153/165/165
f 121/171/171 119/149/149 146/148/148
f 170/199/199 123/200/200 121/171/171
f 171/201/201 125/202/202 123/200/200
f 171/201/201 172/203/203 127/204/204
f 156/172/172 131/205/205 129/206/206
f 135/176/176 133/174/174 157/173/173
f 17/178/178 159/177/177 160/180/180
f 160/180/180 173/207/207 21/208/208
f 173/207/207 174/209/209 23/210/210
f 174/209/209 175/211/211 25/212/212
f 176/213/213 27/214/214 25/212/212
f 176/213/213 177/215/215 29/216/216
f 178/217/217 31/184/184 29/216/216
f 35/186/186 33/183/183 161/182/182
f 49/188/188 47/154/154 148/153/153
f 179/218/218 51/219/219 49/188/188
f 180/220/220 53/221/221 51/219/219
f 180/220/220 181/222/222 55/223/223
f 164/189/189 59/224/224 57/225/225
f 63/193/193 61/191/191 165/190/190
f 93/195/195 91/159/159 150/158/158
f 167/194/194 182/226/226 95/162/162
f 101/197/197 99/164/164 152/163/163
f 103/167/167 169/198/198 153/165/165
f 121/171/171 155/170/170 170/199/199
f 127/204/204 125/202/202 171/201/201
f 183/227/227 129/206/206 127/204/204
f 133/174/174 131/205/205 156/172/172
f 21/208/208 19/181/181 160/180/180
f 25/212/212 23/210/210 174/209/209
f 29/216/216 27/214/214 176/213/213
f 31/184/184 178/217/217 161/182/182
f 49/188/188 163/187/187 179/218/218
f 55/223/223 53/221/221 180/220/220
f 184/228/228 57/225/225 55/223/223
f 61/191/191 59/224/224 164/189/189
f 95/162/162 93/195/195 167/194/194
f 101/197/197 168/196/196 169/198/198
f 185/229/229 109/230/230 107/169/169
f 185/229/229 186/231/231 111/232/232
f 187/233/233 113/234/234 111/232/232
f 187/233/233 188/235/235 115/147/147
f 123/200/200 170/199/199 171/201/201
f 129/206/206 183/227/227 156/172/172
f 23/210/210 21/208/208 173/207/207
f 29/216/216 177/215/215 178/217/217
f 189/236/236 37/237/237 35/186/186
f 189/236/236 190/238/238 39/239/239
f 191/240/240 41/241/241 39/239/239
f 191/240/240 192/242/242 43/152/152
f 51/219/219 179/218/218 180/220/220
f 57/225/225 184/228/228 164/189/189
f 193/243/243 83/244/244 81/245/245
f 193/243/243 194/246/246 85/247/247
f 95/162/162 182/226/226 151/160/160
f 111/232/232 109/230/230 185/229/229
f 115/147/147 113/234/234 187/233/233
f 127/204/204 172/203/203 183/227/227
f 25/212/212 175/211/211 176/213/213
f 39/239/239 37/237/237 189/236/236
f 43/152/152 41/241/241 191/240/240
f 55/223/223 181/222/222 184/228/228
f 85/247/247 83/244/244 193/243/243
f 194/246/246 195/248/248 87/157/157
f 107/169/169 154/168/168 185/229/229
f 115/147/147 188/235/235 145/145/145
f 196/249/249 139/250/250 137/251/251
f 196/249/249 197/252/252 141/253/253
f 198/254/254 143/255/255 141/253/253
f 198/254/254 199/256/256 144/257/257
f 200/258/258 3/259/259 144/257/257
f 200/258/258 201/260/260 5/261/261
f 35/186/186 162/185/185 189/236/236
f 43/152/152 192/242/242 147/150/150
f 87/157/157 85/247/247 194/246/246
f 111/232/232 186/231/231 187/233/233
f 202/262/262 137/251/251 135/176/176
f 141/253/253 139/250/250 196/249/249
f 144/257/257 143/255/255 198/254/254
f 5/261/261 3/259/259 200/258/258
f 203/263/263 7/264/264 5/261/261
f 203/263/263 204/265/265 9/266/266
f 205/267/267 11/268/268 9/266/266
f 205/267/267 206/269/269 13/270/270
f 207/271/271 15/179/179 13/270/270
f 39/239/239 190/238/238 191/240/240
f 208/272/272 67/273/273 65/274/274
f 208/272/272 209/275/275 69/276/276
f 87/157/157 195/248/248 149/155/155
f 137/251/251 202/262/262 196/249/249
f 144/257/257 199/256/256 200/258/258
f 9/266/266 7/264/264 203/263/263
f 13/270/270 11/268/268 205/267/267
f 15/179/179 207/271/271 159/177/177
f 210/277/277 65/274/274 63/193/193
f 69/276/276 67/273/273 208/272/272
f 211/278/278 212/279/279 81/245/245
f 135/176/176 158/175/175 202/262/262
f 5/261/261 201/260/260 203/263/263
f 13/270/270 206/269/269 207/271/271
f 65/274/274 210/277/277 208/272/272
f 213/280/280 71/281/281 69/276/276
f 213/280/280 214/282/282 73/283/283
f 215/284/284 79/285/285 77/286/286
f 79/285/285 215/284/284 211/278/278
f 141/253/253 197/252/252 198/254/254
f 63/193/193 166/192/192 210/277/277
f 73/283/283 71/281/281 213/280/280
f 216/287/287 75/288/288 73/283/283
f 216/287/287 217/289/289 77/286/286
f 81/245/245 79/285/285 211/278/278
f 9/266/266 204/265/265 205/267/267
f 73/283/283 214/282/282 216/287/287
f 77/286/286 217/289/289 215/284/284
f 69/276/276 209/275/275 213/280/280
f 81/245/245 212/279/279 193/243/243
f 77/286/286 75/288/288 216/287/287
f 218/290/290 200/291/291 199/292/292
f 219/293/293 199/292/292 198/294/294
f 220/295/295 198/294/294 197/296/296
f 221/297/297 197/296/296 196/298/298
f 222/299/299 196/298/298 202/300/300
f 223/301/301 202/300/300 158/302/302
f 224/303/303 158/302/302 157/304/304
f 225/305/305 157/304/304 156/306/306
f 226/307/307 156/306/306 183/308/308
f 227/309/309 183/308/308 172/310/310
f 228/311/311 172/310/310 171/312/312
f 229/313/313 171/312/312 170/314/314
f 230/315/315 170/314/314 155/316/316
f 231/317/317 155/316/316 146/318/318
f 232/319/319 146/318/318 145/320/320
f 233/321/321 145/320/320 188/322/322
f 234/323/323 188/322/322 187/324/324
f 235/325/325 187/324/324 186/326/326
f 236/327/327 186/326/326 185/328/328
f 237/329/329 185/328/328 154/330/330
f 238/331/331 154/330/330 153/332/332
f 239/333/333 153/332/332 169/334/334
f 240/335/335 169/334/334 168/336/336
f 241/337/337 168/336/336 152/338/338
f 242/339/339 152/338/338 151/340/340
f 243/341/341 151/340/340 182/342/342
f 244/343/343 182/342/342 167/344/344
f 245/345/345 167/344/344 150/346/346
f 246/347/347 150/346/346 149/348/348
f 247/349/349 149/348/348 195/350/350
f 248/351/351 195/350/350 194/352/352
f 249/353/353 194/352/352 193/354/354
f 250/355/355 193/354/354 212/356/356
f 251/357/357 212/356/356 211/358/358
f 211/358/358 252/359/359 251/357/357
f 252/359/359 215/360/360 217/361/361
f 253/362/362 217/361/361 216/363/363
f 254/364/364 216/363/363 214/365/365
f 255/366/366 214/365/365 213/367/367
f 256/368/368 213/367/367 209/369/369
f 257/370/370 209/369/369 208/371/371
f 258/372/372 208/371/371 210/373/373
f 259/374/374 210/373/373 166/375/375
f 260/376/376 166/375/375 165/377/377
f 261/378/378 165/377/377 164/379/379
f 262/380/380 164/379/379 184/381/381
f 263/382/382 184/381/381 181/383/383
f 264/384/384 181/383/383 180/385/385
f 265/386/386 180/385/385 179/387/387
f 266/388/388 179/387/387 163/389/389
f 267/390/390 163/389/389 148/391/391
f 268/392/392 148/391/391 147/393/393
f 269/394/394 147/393/393 192/395/395
f 270/396/396 192/395/395 191/397/397
f 271/398/398 191/397/397 190/399/399
f 272/400/400 190/399/399 189/401/401
f 273/402/402 189/401/401 162/403/403
f 274/404/404 162/403/403 161/405/405
f 275/406/406 161/405/405 178/407/407
f 276/408/408 178/407/407 177/409/409
f 277/410/410 177/409/409 176/411/411
f 278/412/412 176/411/411 175/413/413
f 279/414/414 175/413/413 174/415/415
f 280/416/416 174/415/415 173/417/417
f 281/418/418 173/417/417 160/419/419
f 282/420/420 160/419/419 159/421/421
f 283/422/422 159/421/421 207/423/423
f 284/424/424 207/423/423 206/425/425
f 285/426/426 206/425/425 205/427/427
f 286/428/428 205/427/427 204/429/429
f 287/430/430 204/429/429 203/431/431
f 288/432/432 203/431/431 201/433/433
f 289/434/434 201/433/433 200/291/291
f 200/291/291 218/290/290 289/434/434
f 201/433/433 289/434/434 288/432/432
f 203/431/431 288/432/432 287/430/430
f 204/429/429 287/430/430 286/428/428
f 205/427/427 286/428/428 285/426/426
f 206/425/425 285/426/426 284/424/424
f 207/423/423 284/424/424 283/422/422
f 159/421/421 283/422/422 282/420/420
f 160/419/419 282/420/420 281/418/418
f 173/417/417 281/418/418 280/416/416
f 174/415/415 280/416/416 279/414/414
f 175/413/413 279/414/414 278/412/412
f 176/411/411 278/412/412 277/410/410
f 177/409/409 277/410/410 276/408/408
f 178/407/407 276/408/408 275/406/406
f 161/405/405 275/406/406 274/404/404
f 162/403/403 274/404/404 273/402/402
f 189/401/401 273/402/402 272/400/400
f 190/399/399 272/400/400 271/398/398
f 191/397/397 271/398/398 270/396/396
f 192/395/395 270/396/396 269/394/394
f 147/393/393 269/394/394 268/392/392
f 148/391/391 268/392/392 267/390/390
f 163/389/389 267/390/390 266/388/388
f 179/387/387 266/388/388 265/386/386
f 180/385/385 265/386/386 264/384/384
f 181/383/383 264/384/384 263/382/382
f 184/381/381 263/382/382 262/380/380
f 164/379/379 262/380/380 261/378/378
f 165/377/377 261/378/378 260/376/376
f 166/375/375 260/376/376 259/374/374
f 210/373/373 259/374/374 258/372/372
f 208/371/371 258/372/372 257/370/370
f 209/369/369 257/370/370 256/368/368
f 213/367/367 256/368/368 255/366/366
f 214/365/365 255/366/366 254/364/364
f 216/363/363 254/364/364 253/362/362
f 217/361/361 253/362/362 252/359/359
f 211/358/358 215/360/360 252/359/359
f 212/356/356 251/357/357 250/355/355
f 193/354/354 250/355/355 249/353/353
f 194/352/352 249/353/353 248/351/351
f 195/350/350 248/351/351 247/349/349
f 149/348/348 247/349/349 246/347/347
f 150/346/346 246/347/347 245/345/345
f 167/344/344 245/345/345 244/343/343
f 182/342/342 244/343/343 243/341/341
f 151/340/340 243/341/341 242/339/339
f 152/338/338 242/339/339 241/337/337
f 168/336/336 241/337/337 240/335/335
f 169/334/334 240/335/335 239/333/333
f 153/332/332 239/333/333 238/331/331
f 154/330/330 238/331/331 237/329/329
f 185/328/328 237/329/329 236/327/327
f 186/326/326 236/327/327 235/325/325
f 187/324/324 235/325/325 234/323/323
f 188/322/322 234/323/323 233/321/321
f 145/320/320 233/321/321 232/319/319
f 146/318/318 232/319/319 231/317/317
f 155/316/316 231/317/317 230/315/315
f 170/314/314 230/315/315 229/313/313
f 171/312/312 229/313/313 228/311/311
f 172/310/310 228/311/311 227/309/309
f 183/308/308 227/309/309 226/307/307
f 156/306/306 226/307/307 225/305/305
f 157/304/304 225/305/305 224/303/303
f 158/302/302 224/303/303 223/301/301
f 202/300/300 223/301/301 222/299/299
f 196/298/298 222/299/299 221/297/297
f 197/296/296 221/297/297 220/295/295
f 198/294/294 220/295/295 219/293/293
f 199/292/292 219/293/293 218/290/290
f 52/435/435 290/436/436 291/437/437
f 52/435/435 54/438/438 292/439/439
f 292/439/439 290/436/436 52/435/435
f 56/440/440 293/441/441 292/439/439
f 58/442/442 294/443/443 293/441/441
f 58/442/442 60/444/444 295/445/445
f 48/446/446 296/447/447 297/448/448
f 48/446/446 50/449/449 291/437/437
f 292/439/439 54/438/438 56/440/440
f 295/445/445 294/443/443 58/442/442
f 20/450/450 298/451/451 299/452/452
f 20/450/450 22/453/453 300/454/454
f 28/455/455 301/456/456 302/457/457
f 28/455/455 30/458/458 303/459/459
f 34/460/460 304/461/461 305/462/462
f 34/460/460 36/463/463 306/464/464
f 38/465/465 307/466/466 306/464/464
f 38/465/465 40/467/467 308/468/468
f 42/469/469 309/470/470 308/468/468
f 42/469/469 44/471/471 310/472/472
f 291/437/437 296/447/447 48/446/446
f 293/441/441 56/440/440 58/442/442
f 92/473/473 311/474/474 312/475/475
f 92/473/473 94/476/476 313/477/477
f 124/478/478 314/479/479 315/480/480
f 124/478/478 126/481/481 316/482/482
f 14/483/483 317/484/484 318/485/485
f 14/483/483 16/486/486 319/487/487
f 16/486/486 18/488/488 299/452/452
f 300/454/454 298/451/451 20/450/450
f 24/489/489 320/490/490 300/454/454
f 24/489/489 26/491/491 302/457/457
f 303/459/459 301/456/456 28/455/455
f 30/458/458 32/492/492 305/462/462
f 306/464/464 304/461/461 34/460/460
f 308/468/468 307/466/466 38/465/465
f 310/472/472 309/470/470 42/469/469
f 44/471/471 46/493/493 297/448/448
f 291/437/437 50/449/449 52/435/435
f 60/444/444 62/494/494 321/495/495
f 86/496/496 322/497/497 323/498/498
f 86/496/496 88/499/499 324/500/500
f 88/499/499 90/501/501 312/475/475
f 313/477/477 311/474/474 92/473/473
f 96/502/502 325/503/503 313/477/477
f 96/502/502 98/504/504 326/505/505
f 316/482/482 314/479/479 124/478/478
f 128/506/506 327/507/507 316/482/482
f 130/508/508 328/509/509 327/507/507
f 130/508/508 132/510/510 329/511/511
f 12/512/512 318/485/485 330/513/513
f 319/487/487 317/484/484 14/483/483
f 299/452/452 18/488/488 20/450/450
f 302/457/457 320/490/490 24/489/489
f 305/462/462 303/459/459 30/458/458
f 306/464/464 36/463/463 38/465/465
f 297/448/448 310/472/472 44/471/471
f 321/495/495 295/445/445 60/444/444
f 84/514/514 323/498/498 331/515/515
f 324/500/500 322/497/497 86/496/496
f 312/475/475 90/501/501 92/473/473
f 326/505/505 325/503/503 96/502/502
f 102/516/516 332/517/517 333/518/518
f 102/516/516 104/519/519 334/520/520
f 120/521/521 335/522/522 336/523/523
f 120/521/521 122/524/524 315/480/480
f 316/482/482 126/481/481 128/506/506
f 329/511/511 328/509/509 130/508/508
f 318/485/485 12/512/512 14/483/483
f 300/454/454 22/453/453 24/489/489
f 305/462/462 32/492/492 34/460/460
f 297/448/448 46/493/493 48/446/446
f 323/498/498 84/514/514 86/496/496
f 313/477/477 94/476/476 96/502/502
f 100/525/525 333/518/518 326/505/505
f 334/520/520 332/517/517 102/516/516
f 106/526/526 337/527/527 334/520/520
f 106/526/526 108/528/528 338/529/529
f 110/530/530 339/531/531 338/529/529
f 110/530/530 112/532/532 340/533/533
f 114/534/534 341/535/535 340/533/533
f 114/534/534 116/536/536 342/537/537
f 315/480/480 335/522/522 120/521/521
f 327/507/507 128/506/506 130/508/508
f 8/538/538 343/539/539 344/540/540
f 8/538/538 10/541/541 330/513/513
f 299/452/452 319/487/487 16/486/486
f 308/468/468 40/467/467 42/469/469
f 312/475/475 324/500/500 88/499/499
f 333/518/518 100/525/525 102/516/516
f 338/529/529 337/527/527 106/526/526
f 340/533/533 339/531/531 110/530/530
f 342/537/537 341/535/535 114/534/534
f 116/536/536 118/542/542 336/523/523
f 315/480/480 122/524/524 124/478/478
f 132/510/510 134/543/543 345/544/544
f 330/513/513 343/539/539 8/538/538
f 302/457/457 26/491/491 28/455/455
f 64/545/545 346/546/546 321/495/495
f 64/545/545 66/547/547 347/548/548
f 326/505/505 98/504/504 100/525/525
f 338/529/529 108/528/528 110/530/530
f 336/523/523 342/537/537 116/536/536
f 345/544/544 329/511/511 132/510/510
f 330/513/513 10/541/541 12/512/512
f 347/548/548 346/546/546 64/545/545
f 334/520/520 104/519/519 106/526/526
f 336/523/523 118/542/542 120/521/521
f 136/549/549 348/550/550 345/544/544
f 136/549/549 138/551/551 349/552/552
f 140/553/553 350/554/554 349/552/552
f 140/553/553 142/555/555 351/556/556
f 1/557/557 352/558/558 353/559/559
f 1/557/557 4/560/560 354/561/561
f 6/562/562 344/540/540 354/561/561
f 321/495/495 62/494/494 64/545/545
f 80/563/563 355/564/564 356/565/565
f 80/563/563 82/566/566 331/515/515
f 340/533/533 112/532/532 114/534/534
f 349/552/552 348/550/550 136/549/549
f 351/556/556 350/554/554 140/553/553
f 142/555/555 2/567/567 353/559/559
f 354/561/561 352/558/558 1/557/557
f 344/540/540 6/562/562 8/538/538
f 331/515/515 355/564/564 80/563/563
f 345/544/544 134/543/543 136/549/549
f 353/559/559 351/556/556 142/555/555
f 354/561/561 4/560/560 6/562/562
f 68/568/568 357/569/569 347/548/548
f 68/568/568 70/570/570 358/571/571
f 76/572/572 359/573/573 360/574/574
f 76/572/572 78/575/575 356/565/565
f 331/515/515 82/566/566 84/514/514
f 353/559/559 2/567/567 1/557/557
f 358/571/571 357/569/569 68/568/568
f 70/570/570 72/576/576 361/577/577
f 74/578/578 360/574/574 361/577/577
f 356/565/565 359/573/573 76/572/572
f 349/552/552 138/551/551 140/553/553
f 361/577/577 358/571/571 70/570/570
f 360/574/574 74/578/578 76/572/572
f 347/548/548 66/547/547 68/568/568
f 356/565/565 78/575/575 80/563/563
f 361/577/577 72/576/576 74/578/578
f 358/579/579 361/580/580 362/581/581
f 357/582/582 358/579/579 363/583/583
f 347/584/584 357/582/582 364/585/585
f 346/586/586 347/584/584 365/587/587
f 321/588/588 346/586/586 366/589/589
f 295/590/590 321/588/588 367/591/591
f 294/592/592 295/590/590 368/593/593
f 293/594/594 294/592/592 369/595/595
f 292/596/596 293/594/594 370/597/597
f 290/598/598 292/596/596 371/599/599
f 291/600/600 290/598/598 372/601/601
f 296/602/602 291/600/600 373/603/603
f 297/604/604 296/602/602 374/605/605
f 310/606/606 297/604/604 375/607/607
f 309/608/608 310/606/606 376/609/609
f 308/610/610 309/608/608 377/611/611
f 307/612/612 308/610/610 378/613/613
f 306/614/614 307/612/612 379/615/615
f 304/616/616 306/614/614 380/617/617
f 305/618/618 304/616/616 381/619/619
f 303/620/620 305/618/618 382/621/621
f 301/622/622 303/620/620 383/623/623
f 302/624/624 301/622/622 384/625/625
f 320/626/626 302/624/624 385/627/627
f 300/628/628 320/626/626 386/629/629
f 298/630/630 300/628/628 387/631/631
f 299/632/632 298/630/630 388/633/633
f 319/634/634 299/632/632 389/635/635
f 317/636/636 319/634/634 390/637/637
f 318/638/638 317/636/636 391/639/639
f 330/640/640 318/638/638 392/641/641
f 343/642/642 330/640/640 393/643/643
f 344/644/644 343/642/642 394/645/645
f 354/646/646 344/644/644 395/647/647
f 352/648/648 354/646/646 396/649/649
f 353/650/650 352/648/648 397/651/651
f 351/652/652 353/650/650 398/653/653
f 350/654/654 351/652/652 399/655/655
f 349/656/656 350/654/654 400/657/657
f 348/658/658 349/656/656 401/659/659
f 345/660/660 348/658/658 402/661/661
f 329/662/662 345/660/660 403/663/663
f 328/664/664 329/662/662 404/665/665
f 327/666/666 328/664/664 405/667/667
f 316/668/668 327/666/666 406/669/669
f 314/670/670 316/668/668 407/671/671
f 315/672/672 314/670/670 408/673/673
f 335/674/674 315/672/672 409/675/675
f 336/676/676 335/674/674 410/677/677
f 342/678/678 336/676/676 411/679/679
f 341/680/680 342/678/678 412/681/681
f 340/682/682 341/680/680 413/683/683
f 339/684/684 340/682/682 414/685/685
f 338/686/686 339/684/684 415/687/687
f 337/688/688 338/686/686 416/689/689
f 334/690/690 337/688/688 417/691/691
f 332/692/692 334/690/690 418/693/693
f 333/694/694 332/692/692 419/695/695
f 326/696/696 333/694/694 420/697/697
f 325/698/698 326/696/696 421/699/699
f 313/700/700 325/698/698 422/701/701
f 311/702/702 313/700/700 423/703/703
f 312/704/704 311/702/702 424/705/705
f 324/706/706 312/704/704 425/707/707
f 322/708/708 324/706/706 426/709/709
f 323/710/710 322/708/708 427/711/711
f 331/712/712 323/710/710 428/713/713
f 355/714/714 331/712/712 429/715/715
f 356/716/716 355/714/714 430/717/717
f 359/718/718 356/716/716 431/719/719
f 360/720/720 359/718/718 432/721/721
f 361/580/580 360/720/720 433/722/722
f 433/722/722 362/581/581 361/580/580
f 432/721/721 433/722/722 360/720/720
f 431/719/719 432/721/721 359/718/718
f 430/717/717 431/719/719 356/716/716
f 429/715/715 430/717/717 355/714/714
f 428/713/713 429/715/715 331/712/712
f 427/711/711 428/713/713 323/710/710
f 426/709/709 427/711/711 322/708/708
f 425/707/707 426/709/709 324/706/706
f 424/705/705 425/707/707 312/704/704
f 423/703/703 424/705/705 311/702/702
f 422/701/701 423/703/703 313/700/700
f 421/699/699 422/701/701 325/698/698
f 420/697/697 421/699/699 326/696/696
f 419/695/695 420/697/697 333/694/694
f 418/693/693 419/695/695 332/692/692
f 417/691/691 418/693/693 334/690/690
f 416/689/689 417/691/691 337/688/688
f 415/687/687 416/689/689 338/686/686
f 414/685/685 415/687/687 339/684/684
f 413/683/683 414/685/685 340/682/682
f 412/681/681 413/683/683 341/680/680
f 411/679/679 412/681/681 342/678/678
f 410/677/677 411/679/679 336/676/676
f 409/675/675 410/677/677 335/674/674
f 408/673/673 409/675/675 315/672/672
f 407/671/671 408/673/673 314/670/670
f 406/669/669 407/671/671 316/668/668
f 405/667/667 406/669/669 327/666/666
f 404/665/665 405/667/667 328/664/664
f 403/663/663 404/665/665 329/662/662
f 402/661/661 403/663/663 345/660/660
f 401/659/659 402/661/661 348/658/658
f 400/657/657 401/659/659 349/656/656
f 399/655/655 400/657/657 350/654/654
f 398/653/653 399/655/655 351/652/652
f 397/651/651 398/653/653 353/650/650
f 396/649/649 397/651/651 352/648/648
f 395/647/647 396/649/649 354/646/646
f 394/645/645 395/647/647 344/644/644
f 393/643/643 394/645/645 343/642/642
f 392/641/641 393/643/643 330/640/640
f 391/639/639 392/641/641 318/638/638
f 390/637/637 391/639/639 317/636/636
f 389/635/635 390/637/637 319/634/634
f 388/633/633 389/635/635 299/632/632
f 387/631/631 388/633/633 298/630/630
f 386/629/629 387/631/631 300/628/628
f 385/627/627 386/629/629 320/626/626
f 384/625/625 385/627/627 302/624/624
f 383/623/623 384/625/625 301/622/622
f 382/621/621 383/623/623 303/620/620
f 381/619/619 382/621/621 305/618/618
f 380/617/617 381/619/619 304/616/616
f 379/615/615 380/617/617 306/614/614
f 378/613/613 379/615/615 307/612/612
f 377/611/611 378/613/613 308/610/610
f 376/609/609 377/611/611 309/608/608
f 375/607/607 376/609/609 310/606/606
f 374/605/605 375/607/607 297/604/604
f 373/603/603 374/605/605 296/602/602
f 372/601/601 373/603/603 291/600/600
f 371/599/599 372/601/601 290/598/598
f 370/597/597 371/599/599 292/596/596
f 369/595/595 370/597/597 293/594/594
f 368/593/593 369/595/595 294/592/592
f 367/591/591 368/593/593 295/590/590
f 366/589/589 367/591/591 321/588/588
f 365/587/587 366/589/589 346/586/586
f 364/585/585 365/587/587 347/584/584
f 363/583/583 364/585/585 357/582/582
f 362/581/581 363/583/583 358/579/579
f 434/723/723 435/724/724 436/725/725
f 437/726/726 438/727/727 439/728/728
f 440/729/729 434/723/723 441/730/730
f 442/731/731 437/726/726 443/732/732
f 444/733/733 440/729/729 445/734/734
f 446/735/735 447/736/736 442/731/731
f 448/737/737 442/731/731 449/738/738
f 450/739/739 451/740/740 444/733/733
f 452/741/741 448/737/737 453/742/742
f 454/743/743 450/739/739 455/744/744
f 456/745/745 452/741/741 457/746/746
f 458/747/747 459/748/748 460/749/749
f 451/740/740 240/750/750 241/751/751
f 241/751/751 444/733/733 451/740/740
f 451/740/740 231/752/752 232/753/753
f 241/751/751 242/754/754 444/733/733
f 451/740/740 238/755/755 239/756/756
f 451/740/740 234/757/757 235/758/758
f 232/753/753 233/759/759 451/740/740
f 444/733/733 243/760/760 244/761/761
f 239/756/756 240/750/750 451/740/740
f 451/740/740 236/762/762 237/763/763
f 233/759/759 234/757/757 451/740/740
f 242/754/754 243/760/760 444/733/733
f 235/758/758 236/762/762 451/740/740
f 451/740/740 227/764/764 228/765/765
f 237/763/763 238/755/755 451/740/740
f 451/740/740 229/766/766 230/767/767
f 451/740/740 226/768/768 227/764/764
f 451/740/740 224/769/769 225/770/770
f 444/733/733 245/771/771 246/772/772
f 230/767/767 231/752/752 451/740/740
f 225/770/770 226/768/768 451/740/740
f 440/729/729 444/733/733 250/773/773
f 444/733/733 248/774/774 249/775/775
f 246/772/772 247/776/776 444/733/733
f 228/765/765 229/766/766 451/740/740
f 249/775/775 250/773/773 444/733/733
f 244/761/761 245/771/771 444/733/733
f 247/776/776 248/774/774 444/733/733
f 434/723/723 270/777/777 271/778/778
f 434/723/723 264/779/779 265/780/780
f 434/723/723 269/781/781 270/777/777
f 265/780/780 266/782/782 434/723/723
f 461/783/783 276/784/784 277/785/785
f 461/783/783 274/786/786 275/787/787
f 271/778/778 461/783/783 434/723/723
f 434/723/723 267/788/788 268/789/789
f 434/723/723 263/790/790 264/779/779
f 275/787/787 276/784/784 461/783/783
f 268/789/789 269/781/781 434/723/723
f 434/723/723 262/791/791 263/790/790
f 461/783/783 279/792/792 280/793/793
f 277/785/785 278/794/794 461/783/783
f 461/783/783 272/795/795 273/796/796
f 266/782/782 267/788/788 434/723/723
f 278/794/794 279/792/792 461/783/783
f 271/778/778 272/795/795 461/783/783
f 273/796/796 274/786/786 461/783/783
f 434/723/723 260/797/797 261/798/798
f 434/723/723 258/799/799 259/800/800
f 434/723/723 256/801/801 257/802/802
f 461/783/783 281/803/803 282/804/804
f 261/798/798 262/791/791 434/723/723
f 257/802/802 258/799/799 434/723/723
f 282/804/804 283/805/805 461/783/783
f 259/800/800 260/797/797 434/723/723
f 434/723/723 440/729/729 254/806/806
f 280/793/793 281/803/803 461/783/783
f 254/806/806 255/807/807 434/723/723
f 440/729/729 252/808/808 253/809/809
f 255/807/807 256/801/801 434/723/723
f 440/729/729 251/810/810 252/808/808
f 253/809/809 254/806/806 440/729/729
f 459/748/748 462/811/811 463/812/812
f 459/748/748 464/813/813 462/811/811
f 459/748/748 465/814/814 466/815/815
f 454/743/743 467/816/816 468/817/817
f 454/743/743 469/818/818 470/819/819
f 459/748/748 471/820/820 464/813/813
f 459/748/748 472/821/821 473/822/822
f 466/815/815 474/823/823 459/748/748
f 454/743/743 475/824/824 476/825/825
f 454/743/743 477/826/826 478/827/827
f 470/819/819 467/816/816 454/743/743
f 473/822/822 471/820/820 459/748/748
f 459/748/748 479/828/828 465/814/814
f 478/827/827 475/824/824 454/743/743
f 468/817/817 480/829/829 454/743/743
f 454/743/743 463/812/812 481/830/830
f 474/823/823 472/821/821 459/748/748
f 482/831/831 454/743/743 483/832/832
f 480/829/829 477/826/826 454/743/743
f 463/812/812 454/743/743 459/748/748
f 459/748/748 484/833/833 485/834/834
f 454/743/743 486/835/835 483/832/832
f 481/830/830 469/818/818 454/743/743
f 485/834/834 487/836/836 459/748/748
f 483/832/832 488/837/837 482/831/831
f 454/743/743 489/838/838 490/839/839
f 454/743/743 491/840/840 492/841/841
f 487/836/836 479/828/828 459/748/748
f 459/748/748 493/842/842 494/843/843
f 490/839/839 486/835/835 454/743/743
f 476/825/825 491/840/840 454/743/743
f 494/843/843 495/844/844 459/748/748
f 492/841/841 489/838/838 454/743/743
f 495/844/844 496/845/845 459/748/748
f 482/831/831 497/846/846 498/847/847
f 496/845/845 484/833/833 459/748/748
f 458/747/747 499/848/848 500/849/849
f 488/837/837 497/846/846 482/831/831
f 500/849/849 459/748/748 458/747/747
f 500/849/849 493/842/842 459/748/748
f 458/747/747 501/850/850 502/851/851
f 502/851/851 499/848/848 458/747/747
f 503/852/852 504/853/853 505/854/854
f 503/852/852 506/855/855 507/856/856
f 503/852/852 508/857/857 509/858/858
f 503/852/852 510/859/859 511/860/860
f 507/856/856 504/853/853 503/852/852
f 511/860/860 508/857/857 503/852/852
f 505/854/854 512/861/861 503/852/852
f 503/852/852 513/862/862 514/863/863
f 512/861/861 510/859/859 503/852/852
f 509/858/858 513/862/862 503/852/852
f 515/864/864 516/865/865 517/866/866
f 515/864/864 456/745/745 518/867/867
f 517/866/866 519/868/868 515/864/864
f 456/745/745 520/869/869 518/867/867
f 456/745/745 521/870/870 522/871/871
f 456/745/745 503/852/852 523/872/872
f 518/867/867 516/865/865 515/864/864
f 523/872/872 521/870/870 456/745/745
f 522/871/871 520/869/869 456/745/745
f 443/732/732 524/873/873 525/874/874
f 443/732/732 526/875/875 527/876/876
f 443/732/732 528/877/877 529/878/878
f 443/732/732 530/879/879 531/880/880
f 527/876/876 524/873/873 443/732/732
f 529/878/878 532/881/881 443/732/732
f 443/732/732 533/882/882 534/883/883
f 531/880/880 535/884/884 443/732/732
f 449/738/738 536/885/885 537/886/886
f 449/738/738 443/732/732 538/887/887
f 532/881/881 526/875/875 443/732/732
f 535/884/884 533/882/882 443/732/732
f 537/886/886 539/888/888 449/738/738
f 449/738/738 540/889/889 541/890/890
f 443/732/732 542/891/891 538/887/887
f 534/883/883 528/877/877 443/732/732
f 541/890/890 536/885/885 449/738/738
f 525/874/874 542/891/891 443/732/732
f 538/887/887 540/889/889 449/738/738
f 543/892/892 544/893/893 545/894/894
f 546/895/895 547/896/896 548/897/897
f 546/895/895 543/892/892 549/898/898
f 543/892/892 550/899/899 551/900/900
f 545/894/894 552/901/901 543/892/892
f 546/895/895 553/902/902 547/896/896
f 543/892/892 554/903/903 549/898/898
f 543/892/892 555/904/904 550/899/899
f 552/901/901 556/905/905 543/892/892
f 549/898/898 553/902/902 546/895/895
f 556/905/905 555/904/904 543/892/892
f 546/895/895 557/906/906 558/907/907
f 546/895/895 559/908/908 560/909/909
f 551/900/900 554/903/903 543/892/892
f 543/892/892 438/727/727 561/910/910
f 546/895/895 562/911/911 563/912/912
f 546/895/895 564/913/913 557/906/906
f 560/909/909 565/914/914 546/895/895
f 546/895/895 566/915/915 567/916/916
f 561/910/910 544/893/893 543/892/892
f 563/912/912 568/917/917 546/895/895
f 546/895/895 569/918/918 570/919/919
f 565/914/914 564/913/913 546/895/895
f 548/897/897 566/915/915 546/895/895
f 570/919/919 562/911/911 546/895/895
f 567/916/916 559/908/908 546/895/895
f 558/907/907 569/918/918 546/895/895
f 571/920/920 572/921/921 573/922/922
f 571/920/920 546/895/895 574/923/923
f 574/923/923 572/921/921 571/920/920
f 575/924/924 576/925/925 577/926/926
f 578/927/927 577/926/926 579/928/928
f 575/924/924 580/929/929 576/925/925
f 579/928/928 581/930/930 578/927/927
f 575/924/924 582/931/931 580/929/929
f 581/930/930 583/932/932 578/927/927
f 575/924/924 573/922/922 582/931/931
f 577/926/926 578/927/927 575/924/924
f 584/933/933 585/934/934 586/935/935
f 584/933/933 578/927/927 587/936/936
f 587/936/936 585/934/934 584/933/933
f 447/736/736 588/937/937 589/938/938
f 447/736/736 590/939/939 588/937/937
f 447/736/736 591/940/940 592/941/941
f 442/731/731 593/942/942 594/943/943
f 447/736/736 595/944/944 590/939/939
f 592/941/941 596/945/945 447/736/736
f 594/943/943 597/946/946 442/731/731
f 442/731/731 598/947/947 599/948/948
f 589/938/938 442/731/731 447/736/736
f 447/736/736 600/949/949 591/940/940
f 597/946/946 601/950/950 442/731/731
f 589/938/938 598/947/947 442/731/731
f 447/736/736 602/951/951 600/949/949
f 447/736/736 603/952/952 604/953/953
f 599/948/948 593/942/942 442/731/731
f 604/953/953 602/951/951 447/736/736
f 442/731/731 605/954/954 606/955/955
f 596/945/945 595/944/944 447/736/736
f 447/736/736 607/956/956 608/957/957
f 447/736/736 609/958/958 610/959/959
f 442/731/731 611/960/960 612/961/961
f 606/955/955 613/962/962 442/731/731
f 608/957/957 603/952/952 447/736/736
f 447/736/736 586/935/935 609/958/958
f 613/962/962 611/960/960 442/731/731
f 610/959/959 607/956/956 447/736/736
f 601/950/950 605/954/954 442/731/731
f 438/727/727 437/726/726 614/963/963
f 437/726/726 615/964/964 616/965/965
f 616/965/965 614/963/963 437/726/726
f 438/727/727 617/966/966 618/967/967
f 437/726/726 619/968/968 615/964/964
f 618/967/967 620/969/969 438/727/727
f 437/726/726 612/961/961 619/968/968
f 614/963/963 617/966/966 438/727/727
f 446/735/735 621/970/970 622/971/971
f 446/735/735 623/972/972 624/973/973
f 622/971/971 625/974/974 446/735/735
f 446/735/735 626/975/975 627/976/976
f 446/735/735 628/977/977 629/978/978
f 624/973/973 630/979/979 446/735/735
f 627/976/976 621/970/970 446/735/735
f 452/741/741 631/980/980 632/981/981
f 633/982/982 629/978/978 634/983/983
f 446/735/735 635/984/984 628/977/977
f 630/979/979 636/985/985 446/735/735
f 446/735/735 637/986/986 626/975/975
f 448/737/737 632/981/981 638/987/987
f 452/741/741 639/988/988 631/980/980
f 629/978/978 633/982/982 446/735/735
f 625/974/974 623/972/972 446/735/735
f 448/737/737 640/989/989 641/990/990
f 448/737/737 642/991/991 643/992/992
f 448/737/737 644/993/993 645/994/994
f 632/981/981 448/737/737 452/741/741
f 636/985/985 635/984/984 446/735/735
f 446/735/735 646/995/995 647/996/996
f 446/735/735 648/997/997 649/998/998
f 641/990/990 446/735/735 448/737/737
f 448/737/737 650/999/999 651/1000/1000
f 448/737/737 652/1001/1001 642/991/991
f 638/987/987 644/993/993 448/737/737
f 647/996/996 637/986/986 446/735/735
f 649/998/998 653/1002/1002 446/735/735
f 651/1000/1000 640/989/989 448/737/737
f 645/994/994 652/1001/1001 448/737/737
f 653/1002/1002 646/995/995 446/735/735
f 643/992/992 650/999/999 448/737/737
f 641/990/990 648/997/997 446/735/735
f 654/1003/1003 633/982/982 655/1004/1004
f 655/1004/1004 656/1005/1005 654/1003/1003
f 654/1003/1003 657/1006/1006 658/1007/1007
f 654/1003/1003 659/1008/1008 660/1009/1009
f 633/982/982 661/1010/1010 655/1004/1004
f 654/1003/1003 662/1011/1011 657/1006/1006
f 656/1005/1005 659/1008/1008 654/1003/1003
f 660/1009/1009 662/1011/1011 654/1003/1003
f 633/982/982 663/1012/1012 664/1013/1013
f 664/1013/1013 661/1010/1010 633/982/982
f 515/864/864 665/1014/1014 666/1015/1015
f 515/864/864 667/1016/1016 668/1017/1017
f 515/864/864 669/1018/1018 665/1014/1014
f 666/1015/1015 667/1016/1016 515/864/864
f 670/1019/1019 671/1020/1020 672/1021/1021
f 670/1019/1019 673/1022/1022 674/1023/1023
f 670/1019/1019 675/1024/1024 676/1025/1025
f 515/864/864 677/1026/1026 669/1018/1018
f 515/864/864 672/1021/1021 678/1027/1027
f 674/1023/1023 671/1020/1020 670/1019/1019
f 670/1019/1019 679/1028/1028 680/1029/1029
f 670/1019/1019 681/1030/1030 682/1031/1031
f 670/1019/1019 683/1032/1032 684/1033/1033
f 676/1025/1025 685/1034/1034 670/1019/1019
f 670/1019/1019 654/1003/1003 686/1035/1035
f 678/1027/1027 677/1026/1026 515/864/864
f 680/1029/1029 673/1022/1022 670/1019/1019
f 684/1033/1033 681/1030/1030 670/1019/1019
f 686/1035/1035 675/1024/1024 670/1019/1019
f 672/1021/1021 515/864/864 670/1019/1019
f 685/1034/1034 683/1032/1032 670/1019/1019
f 682/1031/1031 679/1028/1028 670/1019/1019
f 456/745/745 687/1036/1036 688/1037/1037
f 456/745/745 689/1038/1038 687/1036/1036
f 688/1037/1037 452/741/741 456/745/745
f 456/745/745 690/1039/1039 689/1038/1038
f 456/745/745 691/1040/1040 692/1041/1041
f 456/745/745 668/1017/1017 693/1042/1042
f 692/1041/1041 690/1039/1039 456/745/745
f 693/1042/1042 694/1043/1043 456/745/745
f 694/1043/1043 691/1040/1040 456/745/745
f 688/1037/1037 695/1044/1044 452/741/741
f 455/744/744 444/733/733 696/1045/1045
f 444/733/733 697/1046/1046 698/1047/1047
f 698/1047/1047 696/1045/1045 444/733/733
f 459/748/748 699/1048/1048 700/1049/1049
f 459/748/748 455/744/744 701/1050/1050
f 455/744/744 702/1051/1051 703/1052/1052
f 459/748/748 704/1053/1053 699/1048/1048
f 459/748/748 705/1054/1054 706/1055/1055
f 703/1052/1052 701/1050/1050 455/744/744
f 706/1055/1055 704/1053/1053 459/748/748
f 455/744/744 707/1056/1056 702/1051/1051
f 701/1050/1050 705/1054/1054 459/748/748
f 460/749/749 700/1049/1049 708/1057/1057
f 571/920/920 709/1058/1058 710/1059/1059
f 711/1060/1060 712/1061/1061 713/1062/1062
f 711/1060/1060 571/920/920 714/1063/1063
f 571/920/920 715/1064/1064 716/1065/1065
f 710/1059/1059 717/1066/1066 571/920/920
f 571/920/920 575/924/924 718/1067/1067
f 714/1063/1063 712/1061/1061 711/1060/1060
f 571/920/920 719/1068/1068 720/1069/1069
f 717/1066/1066 715/1064/1064 571/920/920
f 718/1067/1067 721/1070/1070 571/920/920
f 711/1060/1060 722/1071/1071 723/1072/1072
f 711/1060/1060 724/1073/1073 725/1074/1074
f 720/1069/1069 714/1063/1063 571/920/920
f 721/1070/1070 709/1058/1058 571/920/920
f 436/725/725 711/1060/1060 726/1075/1075
f 711/1060/1060 727/1076/1076 728/1077/1077
f 711/1060/1060 729/1078/1078 730/1079/1079
f 711/1060/1060 731/1080/1080 722/1071/1071
f 725/1074/1074 732/1081/1081 711/1060/1060
f 711/1060/1060 733/1082/1082 734/1083/1083
f 716/1065/1065 719/1068/1068 571/920/920
f 711/1060/1060 735/1084/1084 726/1075/1075
f 730/1079/1079 727/1076/1076 711/1060/1060
f 732/1081/1081 731/1080/1080 711/1060/1060
f 713/1062/1062 733/1082/1082 711/1060/1060
f 728/1077/1077 735/1084/1084 711/1060/1060
f 734/1083/1083 724/1073/1073 711/1060/1060
f 723/1072/1072 729/1078/1078 711/1060/1060
f 436/725/725 736/1085/1085 737/1086/1086
f 436/725/725 738/1087/1087 736/1085/1085
f 737/1086/1086 441/730/730 436/725/725
f 436/725/725 739/1088/1088 740/1089/1089
f 740/1089/1089 738/1087/1087 436/725/725
f 441/730/730 741/1090/1090 742/1091/1091
f 436/725/725 743/1092/1092 739/1088/1088
f 737/1086/1086 741/1090/1090 441/730/730
f 584/933/933 445/734/734 744/1093/1093
f 445/734/734 745/1094/1094 744/1093/1093
f 445/734/734 746/1095/1095 747/1096/1096
f 584/933/933 748/1097/1097 749/1098/1098
f 445/734/734 750/1099/1099 745/1094/1094
f 747/1096/1096 751/1100/1100 445/734/734
f 584/933/933 752/1101/1101 748/1097/1097
f 584/933/933 753/1102/1102 754/1103/1103
f 744/1093/1093 755/1104/1104 584/933/933
f 445/734/734 756/1105/1105 746/1095/1095
f 749/1098/1098 757/1106/1106 584/933/933
f 755/1104/1104 753/1102/1102 584/933/933
f 445/734/734 758/1107/1107 756/1105/1105
f 445/734/734 759/1108/1108 760/1109/1109
f 754/1103/1103 752/1101/1101 584/933/933
f 760/1109/1109 758/1107/1107 445/734/734
f 584/933/933 761/1110/1110 762/1111/1111
f 584/933/933 763/1112/1112 764/1113/1113
f 751/1100/1100 750/1099/1099 445/734/734
f 445/734/734 765/1114/1114 766/1115/1115
f 445/734/734 767/1116/1116 768/1117/1117
f 445/734/734 769/1118/1118 770/1119/1119
f 584/933/933 771/1120/1120 761/1110/1110
f 764/1113/1113 772/1121/1121 584/933/933
f 766/1115/1115 759/1108/1108 445/734/734
f 770/1119/1119 767/1116/1116 445/734/734
f 772/1121/1121 771/1120/1120 584/933/933
f 768/1117/1117 765/1114/1114 445/734/734
f 441/730/730 773/1122/1122 769/1118/1118
f 757/1106/1106 763/1112/1112 584/933/933
f 441/730/730 774/1123/1123 773/1122/1122
f 769/1118/1118 445/734/734 441/730/730
f 575/924/924 578/927/927 775/1124/1124
f 775/1124/1124 776/1125/1125 575/924/924
f 575/924/924 777/1126/1126 778/1127/1127
f 776/1125/1125 779/1128/1128 575/924/924
f 578/927/927 762/1111/1111 780/1129/1129
f 779/1128/1128 777/1126/1126 575/924/924
f 780/1129/1129 781/1130/1130 578/927/927
f 781/1130/1130 775/1124/1124 578/927/927
f 782/1131/1131 783/1132/1132 670/1019/1019
f 783/1132/1132 784/1133/1133 654/1003/1003
f 784/1133/1133 785/1134/1134 633/982/982
f 785/1134/1134 786/1135/1135 446/735/735
f 584/933/933 447/736/736 787/1136/1136
f 446/735/735 786/1135/1135 787/1136/1136
f 787/1136/1136 447/736/736 446/735/735
f 697/1046/1046 445/734/734 788/1137/1137
f 584/933/933 789/1138/1138 788/1137/1137
f 788/1137/1137 445/734/734 584/933/933
f 697/1046/1046 790/1139/1139 791/1140/1140
f 697/1046/1046 792/1141/1141 793/1142/1142
f 791/1140/1140 794/1143/1143 697/1046/1046
f 795/1144/1144 796/1145/1145 797/1146/1146
f 795/1144/1144 798/1147/1147 799/1148/1148
f 794/1143/1143 792/1141/1141 697/1046/1046
f 697/1046/1046 795/1144/1144 800/1149/1149
f 795/1144/1144 801/1150/1150 802/1151/1151
f 795/1144/1144 803/1152/1152 804/1153/1153
f 795/1144/1144 805/1154/1154 796/1145/1145
f 798/1147/1147 806/1155/1155 799/1148/1148
f 697/1046/1046 807/1156/1156 790/1139/1139
f 697/1046/1046 808/1157/1157 809/1158/1158
f 800/1149/1149 810/1159/1159 697/1046/1046
f 804/1153/1153 801/1150/1150 795/1144/1144
f 795/1144/1144 811/1160/1160 812/1161/1161
f 799/1148/1148 805/1154/1154 795/1144/1144
f 697/1046/1046 813/1162/1162 814/1163/1163
f 809/1158/1158 807/1156/1156 697/1046/1046
f 810/1159/1159 815/1164/1164 697/1046/1046
f 812/1161/1161 803/1152/1152 795/1144/1144
f 798/1147/1147 816/1165/1165 806/1155/1155
f 697/1046/1046 817/1166/1166 818/1167/1167
f 697/1046/1046 819/1168/1168 813/1162/1162
f 815/1164/1164 808/1157/1157 697/1046/1046
f 797/1146/1146 811/1160/1160 795/1144/1144
f 814/1163/1163 817/1166/1166 697/1046/1046
f 802/1151/1151 800/1149/1149 795/1144/1144
f 793/1142/1142 819/1168/1168 697/1046/1046
f 820/1169/1169 821/1170/1170 822/1171/1171
f 820/1169/1169 823/1172/1172 824/1173/1173
f 824/1173/1173 821/1170/1170 820/1169/1169
f 820/1169/1169 825/1174/1174 826/1175/1175
f 798/1147/1147 827/1176/1176 828/1177/1177
f 820/1169/1169 829/1178/1178 823/1172/1172
f 820/1169/1169 830/1179/1179 825/1174/1174
f 798/1147/1147 822/1171/1171 827/1176/1176
f 826/1175/1175 829/1178/1178 820/1169/1169
f 822/1171/1171 798/1147/1147 820/1169/1169
f 831/1180/1180 832/1181/1181 830/1179/1179
f 831/1180/1180 833/1182/1182 834/1183/1183
f 831/1180/1180 835/1184/1184 836/1185/1185
f 834/1183/1183 832/1181/1181 831/1180/1180
f 831/1180/1180 837/1186/1186 835/1184/1184
f 838/1187/1187 839/1188/1188 840/1189/1189
f 838/1187/1187 841/1190/1190 842/1191/1191
f 838/1187/1187 843/1192/1192 844/1193/1193
f 460/749/749 845/1194/1194 846/1195/1195
f 836/1185/1185 833/1182/1182 831/1180/1180
f 831/1180/1180 840/1189/1189 847/1196/1196
f 842/1191/1191 839/1188/1188 838/1187/1187
f 838/1187/1187 848/1197/1197 849/1198/1198
f 838/1187/1187 850/1199/1199 851/1200/1200
f 838/1187/1187 852/1201/1201 853/1202/1202
f 844/1193/1193 854/1203/1203 838/1187/1187
f 846/1195/1195 838/1187/1187 460/749/749
f 847/1196/1196 837/1186/1186 831/1180/1180
f 849/1198/1198 841/1190/1190 838/1187/1187
f 853/1202/1202 850/1199/1199 838/1187/1187
f 846/1195/1195 843/1192/1192 838/1187/1187
f 840/1189/1189 831/1180/1180 838/1187/1187
f 854/1203/1203 852/1201/1201 838/1187/1187
f 851/1200/1200 848/1197/1197 838/1187/1187
f 855/1204/1204 856/1205/1205 838/1187/1187
f 458/747/747 838/1187/1187 856/1205/1205
f 857/1206/1206 858/1207/1207 859/1208/1208
f 859/1208/1208 860/1209/1209 857/1206/1206
f 857/1206/1206 861/1210/1210 862/1211/1211
f 860/1209/1209 863/1212/1212 864/1213/1213
f 857/1206/1206 865/1214/1214 858/1207/1207
f 862/1211/1211 866/1215/1215 857/1206/1206
f 857/1206/1206 867/1216/1216 868/1217/1217
f 860/1209/1209 869/1218/1218 863/1212/1212
f 866/1215/1215 865/1214/1214 857/1206/1206
f 868/1217/1217 870/1219/1219 857/1206/1206
f 867/1216/1216 871/1220/1220 872/1221/1221
f 867/1216/1216 873/1222/1222 874/1223/1223
f 875/1224/1224 876/1225/1225 860/1209/1209
f 859/1208/1208 869/1218/1218 860/1209/1209
f 857/1206/1206 877/1226/1226 878/1227/1227
f 872/1221/1221 868/1217/1217 867/1216/1216
f 874/1223/1223 879/1228/1228 867/1216/1216
f 860/1209/1209 880/1229/1229 875/1224/1224
f 878/1227/1227 861/1210/1210 857/1206/1206
f 879/1228/1228 871/1220/1220 867/1216/1216
f 458/747/747 876/1225/1225 881/1230/1230
f 860/1209/1209 882/1231/1231 880/1229/1229
f 870/1219/1219 877/1226/1226 857/1206/1206
f 867/1216/1216 883/1232/1232 884/1233/1233
f 876/1225/1225 885/1234/1234 881/1230/1230
f 876/1225/1225 886/1235/1235 887/1236/1236
f 864/1213/1213 882/1231/1231 860/1209/1209
f 884/1233/1233 888/1237/1237 867/1216/1216
f 482/831/831 889/1238/1238 890/1239/1239
f 887/1236/1236 885/1234/1234 876/1225/1225
f 888/1237/1237 873/1222/1222 867/1216/1216
f 867/1216/1216 891/1240/1240 892/1241/1241
f 890/1239/1239 867/1216/1216 482/831/831
f 875/1224/1224 886/1235/1235 876/1225/1225
f 890/1239/1239 891/1240/1240 867/1216/1216
f 892/1241/1241 883/1232/1232 867/1216/1216
f 454/743/743 482/831/831 893/1242/1242
f 450/739/739 454/743/743 894/1243/1243
f 451/740/740 450/739/739 895/1244/1244
f 224/769/769 451/740/740 896/1245/1245
f 222/1246/1246 897/1247/1247 898/1248/1248
f 897/1247/1247 223/1249/1249 224/769/769
f 898/1248/1248 221/1250/1250 222/1246/1246
f 222/1246/1246 223/1249/1249 897/1247/1247
f 898/1248/1248 899/1251/1251 286/1252/1252
f 899/1251/1251 461/783/783 284/1253/1253
f 286/1252/1252 287/1254/1254 898/1248/1248
f 284/1253/1253 285/1255/1255 899/1251/1251
f 898/1248/1248 218/1256/1256 219/1257/1257
f 898/1248/1248 288/1258/1258 289/1259/1259
f 285/1255/1255 286/1252/1252 899/1251/1251
f 219/1257/1257 220/1260/1260 898/1248/1248
f 287/1254/1254 288/1258/1258 898/1248/1248
f 289/1259/1259 218/1256/1256 898/1248/1248
f 434/723/723 461/783/783 900/1261/1261
f 461/783/783 901/1262/1262 900/1261/1261
f 435/724/724 900/1261/1261 902/1263/1263
f 436/725/725 435/724/724 903/1264/1264
f 571/920/920 711/1060/1060 904/1265/1265
f 711/1060/1060 905/1266/1266 904/1265/1265
f 904/1265/1265 906/1267/1267 571/920/920
f 907/1268/1268 908/1269/1269 546/895/895
f 546/895/895 908/1269/1269 909/1270/1270
f 909/1270/1270 910/1271/1271 546/895/895
f 439/728/728 438/727/727 911/1272/1272
f 438/727/727 543/892/892 911/1272/1272
f 912/1273/1273 913/1274/1274 914/1275/1275
f 912/1273/1273 915/1276/1276 916/1277/1277
f 912/1273/1273 917/1278/1278 918/1279/1279
f 914/1275/1275 919/1280/1280 912/1273/1273
f 439/728/728 920/1281/1281 530/879/879
f 916/1277/1277 439/728/728 912/1273/1273
f 919/1280/1280 917/1278/1278 912/1273/1273
f 439/728/728 921/1282/1282 920/1281/1281
f 918/1279/1279 915/1276/1276 912/1273/1273
f 916/1277/1277 921/1282/1282 439/728/728
f 913/1274/1274 922/1283/1283 923/1284/1284
f 923/1284/1284 924/1285/1285 913/1274/1274
f 913/1274/1274 925/1286/1286 922/1283/1283
f 913/1274/1274 926/1287/1287 925/1286/1286
f 927/1288/1288 928/1289/1289 929/1290/1290
f 924/1285/1285 930/1291/1291 913/1274/1274
f 913/1274/1274 931/1292/1292 932/1293/1293
f 913/1274/1274 933/1294/1294 934/1295/1295
f 929/1290/1290 913/1274/1274 927/1288/1288
f 932/1293/1293 926/1287/1287 913/1274/1274
f 929/1290/1290 933/1294/1294 913/1274/1274
f 927/1288/1288 935/1296/1296 936/1297/1297
f 934/1295/1295 931/1292/1292 913/1274/1274
f 927/1288/1288 937/1298/1298 938/1299/1299
f 927/1288/1288 939/1300/1300 940/1301/1301
f 927/1288/1288 941/1302/1302 935/1296/1296
f 938/1299/1299 928/1289/1289 927/1288/1288
f 936/1297/1297 939/1300/1300 927/1288/1288
f 940/1301/1301 937/1298/1298 927/1288/1288
f 942/1303/1303 943/1304/1304 944/1305/1305
f 453/742/742 945/1306/1306 946/1307/1307
f 453/742/742 947/1308/1308 948/1309/1309
f 944/1305/1305 949/1310/1310 942/1303/1303
f 946/1307/1307 942/1303/1303 453/742/742
f 453/742/742 950/1311/1311 951/1312/1312
f 948/1309/1309 952/1313/1313 453/742/742
f 942/1303/1303 953/1314/1314 954/1315/1315
f 946/1307/1307 943/1304/1304 942/1303/1303
f 453/742/742 955/1316/1316 956/1317/1317
f 952/1313/1313 950/1311/1311 453/742/742
f 453/742/742 449/738/738 957/1318/1318
f 949/1310/1310 953/1314/1314 942/1303/1303
f 951/1312/1312 955/1316/1316 453/742/742
f 453/742/742 958/1319/1319 959/1320/1320
f 957/1318/1318 960/1321/1321 453/742/742
f 956/1317/1317 945/1306/1306 453/742/742
f 453/742/742 961/1322/1322 962/1323/1323
f 453/742/742 963/1324/1324 958/1319/1319
f 449/738/738 964/1325/1325 957/1318/1318
f 942/1303/1303 965/1326/1326 966/1327/1327
f 942/1303/1303 967/1328/1328 968/1329/1329
f 962/1323/1323 947/1308/1308 453/742/742
f 960/1321/1321 963/1324/1324 453/742/742
f 968/1329/1329 965/1326/1326 942/1303/1303
f 959/1320/1320 961/1322/1322 453/742/742
f 966/1327/1327 941/1302/1302 927/1288/1288
f 954/1315/1315 967/1328/1328 942/1303/1303
f 966/1327/1327 969/1330/1330 942/1303/1303
f 453/742/742 942/1303/1303 970/1331/1331
f 970/1331/1331 971/1332/1332 972/1333/1333
f 457/746/746 973/1334/1334 506/855/855
f 972/1333/1333 457/746/746 970/1331/1331
f 457/746/746 974/1335/1335 973/1334/1334
f 972/1333/1333 975/1336/1336 457/746/746
f 975/1336/1336 974/1335/1335 457/746/746
f 971/1332/1332 976/1337/1337 977/1338/1338
f 971/1332/1332 978/1339/1339 979/1340/1340
f 971/1332/1332 980/1341/1341 981/1342/1342
f 971/1332/1332 982/1343/1343 976/1337/1337
f 981/1342/1342 978/1339/1339 971/1332/1332
f 971/1332/1332 983/1344/1344 984/1345/1345
f 971/1332/1332 985/1346/1346 986/1347/1347
f 979/1340/1340 982/1343/1343 971/1332/1332
f 984/1345/1345 987/1348/1348 971/1332/1332
f 986/1347/1347 988/1349/1349 971/1332/1332
f 987/1348/1348 980/1341/1341 971/1332/1332
f 988/1349/1349 989/1350/1350 971/1332/1332
f 990/1351/1351 991/1352/1352 992/1353/1353
f 989/1350/1350 983/1344/1344 971/1332/1332
f 992/1353/1353 971/1332/1332 990/1351/1351
f 990/1351/1351 993/1354/1354 994/1355/1355
f 992/1353/1353 985/1346/1346 971/1332/1332
f 990/1351/1351 995/1356/1356 993/1354/1354
f 994/1355/1355 991/1352/1352 990/1351/1351
f 996/1357/1357 997/1358/1358 998/1359/1359
f 999/1360/1360 1000/1361/1361 997/1358/1358
f 999/1360/1360 1001/1362/1362 1002/1363/1363
f 996/1357/1357 1003/1364/1364 1004/1365/1365
f 997/1358/1358 996/1357/1357 999/1360/1360
f 1002/1363/1363 1005/1366/1366 999/1360/1360
f 999/1360/1360 1006/1367/1367 1007/1368/1368
f 996/1357/1357 1008/1369/1369 1003/1364/1364
f 1005/1366/1366 1000/1361/1361 999/1360/1360
f 999/1360/1360 1009/1370/1370 1010/1371/1371
f 1006/1367/1367 1011/1372/1372 1007/1368/1368
f 1006/1367/1367 1012/1373/1373 1013/1374/1374
f 998/1359/1359 1008/1369/1369 996/1357/1357
f 999/1360/1360 1014/1375/1375 1015/1376/1376
f 1007/1368/1368 1009/1370/1370 999/1360/1360
f 1013/1374/1374 1016/1377/1377 1006/1367/1367
f 990/1351/1351 996/1357/1357 1017/1378/1378
f 1015/1376/1376 1001/1362/1362 999/1360/1360
f 1016/1377/1377 1011/1372/1372 1006/1367/1367
f 1006/1367/1367 1018/1379/1379 1019/1380/1380
f 996/1357/1357 1020/1381/1381 1017/1378/1378
f 996/1357/1357 1021/1382/1382 1022/1383/1383
f 1010/1371/1371 1014/1375/1375 999/1360/1360
f 1019/1380/1380 1023/1384/1384 1006/1367/1367
f 1017/1378/1378 1024/1385/1385 990/1351/1351
f 1022/1383/1383 1025/1386/1386 996/1357/1357
f 1023/1384/1384 1012/1373/1373 1006/1367/1367
f 1025/1386/1386 1020/1381/1381 996/1357/1357
f 1006/1367/1367 1026/1387/1387 1018/1379/1379
f 1004/1365/1365 1021/1382/1382 996/1357/1357
f 1027/1388/1388 1026/1387/1387 1006/1367/1367
f 1028/1389/1389 515/864/864 1029/1390/1390
f 1029/1390/1390 1027/1388/1388 1028/1389/1389
f 515/864/864 1028/1389/1389 1030/1391/1391
f 1030/1391/1391 670/1019/1019 515/864/864
f 1006/1367/1367 1028/1389/1389 1027/1388/1388
f 1024/1385/1385 995/1356/1356 990/1351/1351
f 977/1338/1338 972/1333/1333 971/1332/1332
f 506/855/855 503/852/852 457/746/746
f 970/1331/1331 457/746/746 453/742/742
f 927/1288/1288 969/1330/1330 966/1327/1327
f 930/1291/1291 914/1275/1275 913/1274/1274
f 530/879/879 443/732/732 439/728/728
f 912/1273/1273 439/728/728 1031/1392/1392
f 911/1272/1272 1031/1392/1392 439/728/728
f 911/1272/1272 543/892/892 910/1271/1271
f 910/1271/1271 543/892/892 546/895/895
f 546/895/895 571/920/920 907/1268/1268
f 906/1267/1267 907/1268/1268 571/920/920
f 905/1266/1266 711/1060/1060 903/1264/1264
f 903/1264/1264 711/1060/1060 436/725/725
f 902/1263/1263 903/1264/1264 435/724/724
f 900/1261/1261 435/724/724 434/723/723
f 901/1262/1262 461/783/783 899/1251/1251
f 220/1260/1260 221/1250/1250 898/1248/1248
f 896/1245/1245 897/1247/1247 224/769/769
f 895/1244/1244 896/1245/1245 451/740/740
f 894/1243/1243 895/1244/1244 450/739/739
f 893/1242/1242 894/1243/1243 454/743/743
f 893/1242/1242 482/831/831 867/1216/1216
f 881/1230/1230 501/850/850 458/747/747
f 856/1205/1205 876/1225/1225 458/747/747
f 838/1187/1187 831/1180/1180 855/1204/1204
f 830/1179/1179 820/1169/1169 831/1180/1180
f 828/1177/1177 816/1165/1165 798/1147/1147
f 818/1167/1167 698/1047/1047 697/1046/1046
f 788/1137/1137 795/1144/1144 697/1046/1046
f 787/1136/1136 789/1138/1138 584/933/933
f 446/735/735 633/982/982 785/1134/1134
f 633/982/982 654/1003/1003 784/1133/1133
f 654/1003/1003 670/1019/1019 783/1132/1132
f 670/1019/1019 1030/1391/1391 782/1131/1131
f 778/1127/1127 718/1067/1067 575/924/924
f 762/1111/1111 578/927/927 584/933/933
f 742/1091/1091 774/1123/1123 441/730/730
f 726/1075/1075 743/1092/1092 436/725/725
f 708/1057/1057 845/1194/1194 460/749/749
f 700/1049/1049 460/749/749 459/748/748
f 696/1045/1045 707/1056/1056 455/744/744
f 695/1044/1044 639/988/988 452/741/741
f 668/1017/1017 456/745/745 515/864/864
f 658/1007/1007 686/1035/1035 654/1003/1003
f 634/983/983 663/1012/1012 633/982/982
f 620/969/969 561/910/910 438/727/727
f 612/961/961 437/726/726 442/731/731
f 586/935/935 447/736/736 584/933/933
f 583/932/932 587/936/936 578/927/927
f 573/922/922 575/924/924 571/920/920
f 568/917/917 574/923/923 546/895/895
f 539/888/888 964/1325/1325 449/738/738
f 519/868/868 1029/1390/1390 515/864/864
f 514/863/863 523/872/872 503/852/852
f 498/847/847 889/1238/1238 482/831/831
f 283/805/805 284/1253/1253 461/783/783
f 250/773/773 251/810/810 440/729/729
f 460/749/749 838/1187/1187 458/747/747
f 457/746/746 503/852/852 456/745/745
f 455/744/744 459/748/748 454/743/743
f 453/742/742 457/746/746 452/741/741
f 444/733/733 455/744/744 450/739/739
f 449/738/738 453/742/742 448/737/737
f 442/731/731 448/737/737 446/735/735
f 445/734/734 697/1046/1046 444/733/733
f 443/732/732 449/738/738 442/731/731
f 441/730/730 445/734/734 440/729/729
f 439/728/728 443/732/732 437/726/726
f 436/725/725 441/730/730 434/723/723
f 1032/1393/1393 876/1394/1394 856/1395/1395
f 856/1395/1395 1033/1396/1396 1032/1393/1393
f 1034/1397/1397 860/1398/1398 876/1399/1399
f 876/1399/1399 1032/1400/1400 1034/1397/1397
f 1035/1401/1401 857/1402/1402 860/1403/1403
f 860/1403/1403 1034/1404/1404 1035/1401/1401
f 1036/1405/1405 867/1406/1406 857/1407/1407
f 857/1407/1407 1035/1408/1408 1036/1405/1405
f 897/1409/1409 896/1410/1410 1037/1411/1411
f 896/1410/1410 895/1412/1412 1038/1413/1413
f 1038/1413/1413 1037/1411/1411 896/1410/1410
f 1038/1413/1413 895/1412/1412 894/1414/1414
f 894/1414/1414 1039/1415/1415 1038/1413/1413
f 894/1414/1414 893/1416/1416 1040/1417/1417
f 1040/1417/1417 1039/1415/1415 894/1414/1414
f 1036/1418/1418 1040/1417/1417 893/1416/1416
f 893/1416/1416 867/1419/1419 1036/1418/1418
f 1037/1411/1411 1041/1420/1420 897/1409/1409
f 902/1421/1421 900/1422/1422 1042/1423/1423
f 1043/1424/1424 1042/1423/1423 900/1422/1422
f 900/1422/1422 901/1425/1425 1043/1424/1424
f 1043/1424/1424 901/1425/1425 899/1426/1426
f 899/1426/1426 1044/1427/1427 1043/1424/1424
f 899/1426/1426 898/1428/1428 1045/1429/1429
f 1045/1429/1429 1044/1427/1427 899/1426/1426
f 1041/1430/1430 1045/1429/1429 898/1428/1428
f 898/1428/1428 897/1431/1431 1041/1430/1430
f 1042/1423/1423 1046/1432/1432 902/1421/1421
f 1047/1433/1433 903/1434/1434 902/1435/1435
f 902/1435/1435 1046/1436/1436 1047/1433/1433
f 1048/1437/1437 905/1438/1438 903/1439/1439
f 903/1439/1439 1047/1440/1440 1048/1437/1437
f 1049/1441/1441 904/1442/1442 905/1443/1443
f 905/1443/1443 1048/1444/1444 1049/1441/1441
f 1050/1445/1445 906/1446/1446 904/1447/1447
f 904/1447/1447 1049/1448/1448 1050/1445/1445
f 1051/1449/1449 907/1450/1450 906/1451/1451
f 906/1451/1451 1050/1452/1452 1051/1449/1449
f 1052/1453/1453 908/1454/1454 907/1455/1455
f 907/1455/1455 1051/1456/1456 1052/1453/1453
f 1053/1457/1457 909/1458/1458 908/1459/1459
f 908/1459/1459 1052/1460/1460 1053/1457/1457
f 1054/1461/1461 910/1462/1462 909/1463/1463
f 909/1463/1463 1053/1464/1464 1054/1461/1461
f 1055/1465/1465 911/1466/1466 910/1467/1467
f 910/1467/1467 1054/1468/1468 1055/1465/1465
f 1056/1469/1469 969/1470/1470 927/1471/1471
f 913/1472/1472 1057/1473/1473 1058/1474/1474
f 1058/1474/1474 927/1471/1471 913/1472/1472
f 1059/1475/1475 1057/1473/1473 913/1472/1472
f 913/1472/1472 912/1476/1476 1059/1475/1475
f 912/1476/1476 1031/1477/1477 1060/1478/1478
f 1060/1478/1478 1059/1475/1475 912/1476/1476
f 1055/1479/1479 1060/1478/1478 1031/1477/1477
f 1031/1477/1477 911/1480/1480 1055/1479/1479
f 927/1471/1471 1058/1474/1474 1056/1469/1469
f 1061/1481/1481 996/1482/1482 990/1483/1483
f 971/1484/1484 1062/1485/1485 1063/1486/1486
f 1063/1486/1486 990/1483/1483 971/1484/1484
f 1064/1487/1487 1062/1485/1485 971/1484/1484
f 971/1484/1484 970/1488/1488 1064/1487/1487
f 942/1489/1489 1065/1490/1490 1064/1487/1487
f 1064/1487/1487 970/1488/1488 942/1489/1489
f 1056/1491/1491 1065/1490/1490 942/1489/1489
f 942/1489/1489 969/1492/1492 1056/1491/1491
f 990/1483/1483 1063/1486/1486 1061/1481/1481
f 1066/1493/1493 999/1494/1494 996/1495/1495
f 996/1495/1495 1061/1496/1496 1066/1493/1493
f 1067/1497/1497 1006/1498/1498 999/1499/1499
f 999/1499/1499 1066/1500/1500 1067/1497/1497
f 1068/1501/1501 1028/1502/1502 1006/1503/1503
f 1006/1503/1503 1067/1504/1504 1068/1501/1501
f 1069/1505/1505 1030/1506/1506 1028/1507/1507
f 1028/1507/1507 1068/1508/1508 1069/1505/1505
f 856/1509/1509 855/1510/1510 1070/1511/1511
f 1070/1511/1511 1033/1512/1512 856/1509/1509
f 1070/1511/1511 1071/1513/1513 1033/1512/1512
f 1072/1514/1514 798/1515/1515 795/1516/1516
f 1072/1514/1514 820/1517/1517 798/1515/1515
f 1072/1514/1514 831/1518/1518 820/1517/1517
f 1072/1514/1514 855/1519/1519 831/1518/1518
f 1073/1520/1520 1070/1521/1521 855/1519/1519
f 855/1519/1519 1072/1514/1514 1073/1520/1520
f 795/1516/1516 788/1522/1522 1072/1514/1514
f 1074/1523/1523 1075/1524/1524 1076/1525/1525
f 1076/1525/1525 1072/1526/1526 1074/1523/1523
f 1076/1525/1525 1073/1527/1527 1072/1526/1526
f 1075/1528/1528 784/1529/1529 783/1530/1530
f 1075/1528/1528 785/1531/1531 784/1529/1529
f 1074/1532/1532 786/1533/1533 785/1531/1531
f 785/1531/1531 1075/1528/1528 1074/1532/1532
f 1074/1532/1532 787/1534/1534 786/1533/1533
f 783/1530/1530 782/1535/1535 1075/1528/1528
f 1074/1536/1536 1072/1537/1537 789/1538/1538
f 1072/1537/1537 788/1539/1539 789/1538/1538
f 789/1538/1538 787/1540/1540 1074/1536/1536
f 497/1541/1541 1077/1542/1542 1078/1543/1543
f 498/1544/1544 1078/1543/1543 1079/1545/1545
f 889/1546/1546 1079/1545/1545 1080/1547/1547
f 890/1548/1548 1080/1547/1547 1081/1549/1549
f 891/1550/1550 1081/1549/1549 1082/1551/1551
f 892/1552/1552 1082/1551/1551 1083/1553/1553
f 883/1554/1554 1083/1553/1553 1084/1555/1555
f 884/1556/1556 1084/1555/1555 1085/1557/1557
f 888/1558/1558 1085/1557/1557 1086/1559/1559
f 873/1560/1560 1086/1559/1559 1087/1561/1561
f 874/1562/1562 1087/1561/1561 1088/1563/1563
f 879/1564/1564 1088/1563/1563 1089/1565/1565
f 871/1566/1566 1089/1565/1565 1090/1567/1567
f 872/1568/1568 1090/1567/1567 1091/1569/1569
f 868/1570/1570 1091/1569/1569 1092/1571/1571
f 870/1572/1572 1092/1571/1571 1093/1573/1573
f 877/1574/1574 1093/1573/1573 1094/1575/1575
f 878/1576/1576 1094/1575/1575 1095/1577/1577
f 861/1578/1578 1095/1577/1577 1096/1579/1579
f 862/1580/1580 1096/1579/1579 1097/1581/1581
f 866/1582/1582 1097/1581/1581 1098/1583/1583
f 865/1584/1584 1098/1583/1583 1099/1585/1585
f 858/1586/1586 1099/1585/1585 1100/1587/1587
f 859/1588/1588 1100/1587/1587 1101/1589/1589
f 869/1590/1590 1101/1589/1589 1102/1591/1591
f 863/1592/1592 1102/1591/1591 1103/1593/1593
f 864/1594/1594 1103/1593/1593 1104/1595/1595
f 882/1596/1596 1104/1595/1595 1105/1597/1597
f 880/1598/1598 1105/1597/1597 1106/1599/1599
f 875/1600/1600 1106/1599/1599 1107/1601/1601
f 886/1602/1602 1107/1601/1601 1108/1603/1603
f 887/1604/1604 1108/1603/1603 1109/1605/1605
f 885/1606/1606 1109/1605/1605 1110/1607/1607
f 881/1608/1608 1110/1607/1607 1111/1609/1609
f 501/1610/1610 1111/1609/1609 1112/1611/1611
f 502/1612/1612 1112/1611/1611 1113/1613/1613
f 499/1614/1614 1113/1613/1613 1114/1615/1615
f 500/1616/1616 1114/1615/1615 1115/1617/1617
f 493/1618/1618 1115/1617/1617 1116/1619/1619
f 494/1620/1620 1116/1619/1619 1117/1621/1621
f 495/1622/1622 1117/1621/1621 1118/1623/1623
f 496/1624/1624 1118/1623/1623 1119/1625/1625
f 484/1626/1626 1119/1625/1625 1120/1627/1627
f 485/1628/1628 1120/1627/1627 1121/1629/1629
f 487/1630/1630 1121/1629/1629 1122/1631/1631
f 479/1632/1632 1122/1631/1631 1123/1633/1633
f 465/1634/1634 1123/1633/1633 1124/1635/1635
f 466/1636/1636 1124/1635/1635 1125/1637/1637
f 474/1638/1638 1125/1637/1637 1126/1639/1639
f 472/1640/1640 1126/1639/1639 1127/1641/1641
f 473/1642/1642 1127/1641/1641 1128/1643/1643
f 471/1644/1644 1128/1643/1643 1129/1645/1645
f 464/1646/1646 1129/1645/1645 1130/1647/1647
f 462/1648/1648 1130/1647/1647 1131/1649/1649
f 463/1650/1650 1131/1649/1649 1132/1651/1651
f 481/1652/1652 1132/1651/1651 1133/1653/1653
f 469/1654/1654 1133/1653/1653 1134/1655/1655
f 470/1656/1656 1134/1655/1655 1135/1657/1657
f 467/1658/1658 1135/1657/1657 1136/1659/1659
f 468/1660/1660 1136/1659/1659 1137/1661/1661
f 480/1662/1662 1137/1661/1661 1138/1663/1663
f 477/1664/1664 1138/1663/1663 1139/1665/1665
f 478/1666/1666 1139/1665/1665 1140/1667/1667
f 475/1668/1668 1140/1667/1667 1141/1669/1669
f 476/1670/1670 1141/1669/1669 1142/1671/1671
f 491/1672/1672 1142/1671/1671 1143/1673/1673
f 492/1674/1674 1143/1673/1673 1144/1675/1675
f 489/1676/1676 1144/1675/1675 1145/1677/1677
f 490/1678/1678 1145/1677/1677 1146/1679/1679
f 486/1680/1680 1146/1679/1679 1147/1681/1681
f 483/1682/1682 1147/1681/1681 1148/1683/1683
f 488/1684/1684 1148/1683/1683 1077/1542/1542
f 1077/1542/1542 497/1541/1541 488/1684/1684
f 1148/1683/1683 488/1684/1684 483/1682/1682
f 1147/1681/1681 483/1682/1682 486/1680/1680
f 1146/1679/1679 486/1680/1680 490/1678/1678
f 1145/1677/1677 490/1678/1678 489/1676/1676
f 1144/1675/1675 489/1676/1676 492/1674/1674
f 1143/1673/1673 492/1674/1674 491/1672/1672
f 1142/1671/1671 491/1672/1672 476/1670/1670
f 1141/1669/1669 476/1670/1670 475/1668/1668
f 1140/1667/1667 475/1668/1668 478/1666/1666
f 1139/1665/1665 478/1666/1666 477/1664/1664
f 1138/1663/1663 477/1664/1664 480/1662/1662
f 1137/1661/1661 480/1662/1662 468/1660/1660
f 1136/1659/1659 468/1660/1660 467/1658/1658
f 1135/1657/1657 467/1658/1658 470/1656/1656
f 1134/1655/1655 470/1656/1656 469/1654/1654
f 1133/1653/1653 469/1654/1654 481/1652/1652
f 1132/1651/1651 481/1652/1652 463/1650/1650
f 1131/1649/1649 463/1650/1650 462/1648/1648
f 1130/1647/1647 462/1648/1648 464/1646/1646
f 1129/1645/1645 464/1646/1646 471/1644/1644
f 1128/1643/1643 471/1644/1644 473/1642/1642
f 1127/1641/1641 473/1642/1642 472/1640/1640
f 1126/1639/1639 472/1640/1640 474/1638/1638
f 1125/1637/1637 474/1638/1638 466/1636/1636
f 1124/1635/1635 466/1636/1636 465/1634/1634
f 1123/1633/1633 465/1634/1634 479/1632/1632
f 1122/1631/1631 479/1632/1632 487/1630/1630
f 1121/1629/1629 487/1630/1630 485/1628/1628
f 1120/1627/1627 485/1628/1628 484/1626/1626
f 1119/1625/1625 484/1626/1626 496/1624/1624
f 1118/1623/1623 496/1624/1624 495/1622/1622
f 1117/1621/1621 495/1622/1622 494/1620/1620
f 1116/1619/1619 494/1620/1620 493/1618/1618
f 1115/1617/1617 493/1618/1618 500/1616/1616
f 1114/1615/1615 500/1616/1616 499/1614/1614
f 1113/1613/1613 499/1614/1614 502/1612/1612
f 1112/1611/1611 502/1612/1612 501/1610/1610
f 1111/1609/1609 501/1610/1610 881/1608/1608
f 1110/1607/1607 881/1608/1608 885/1606/1606
f 1109/1605/1605 885/1606/1606 887/1604/1604
f 1108/1603/1603 887/1604/1604 886/1602/1602
f 1107/1601/1601 886/1602/1602 875/1600/1600
f 1106/1599/1599 875/1600/1600 880/1598/1598
f 1105/1597/1597 880/1598/1598 882/1596/1596
f 1104/1595/1595 882/1596/1596 864/1594/1594
f 1103/1593/1593 864/1594/1594 863/1592/1592
f 1102/1591/1591 863/1592/1592 869/1590/1590
f 1101/1589/1589 869/1590/1590 859/1588/1588
f 1100/1587/1587 859/1588/1588 858/1586/1586
f 1099/1585/1585 858/1586/1586 865/1584/1584
f 1098/1583/1583 865/1584/1584 866/1582/1582
f 1097/1581/1581 866/1582/1582 862/1580/1580
f 1096/1579/1579 862/1580/1580 861/1578/1578
f 1095/1577/1577 861/1578/1578 878/1576/1576
f 1094/1575/1575 878/1576/1576 877/1574/1574
f 1093/1573/1573 877/1574/1574 870/1572/1572
f 1092/1571/1571 870/1572/1572 868/1570/1570
f 1091/1569/1569 868/1570/1570 872/1568/1568
f 1090/1567/1567 872/1568/1568 871/1566/1566
f 1089/1565/1565 871/1566/1566 879/1564/1564
f 1088/1563/1563 879/1564/1564 874/1562/1562
f 1087/1561/1561 874/1562/1562 873/1560/1560
f 1086/1559/1559 873/1560/1560 888/1558/1558
f 1085/1557/1557 888/1558/1558 884/1556/1556
f 1084/1555/1555 884/1556/1556 883/1554/1554
f 1083/1553/1553 883/1554/1554 892/1552/1552
f 1082/1551/1551 892/1552/1552 891/1550/1550
f 1081/1549/1549 891/1550/1550 890/1548/1548
f 1080/1547/1547 890/1548/1548 889/1546/1546
f 1079/1545/1545 889/1546/1546 498/1544/1544
f 1078/1543/1543 498/1544/1544 497/1541/1541
f 1142/1685/1685 1149/1686/1686 1150/1687/1687
f 1141/1688/1688 1151/1689/1689 1149/1686/1686
f 1149/1686/1686 1142/1685/1685 1141/1688/1688
f 1141/1688/1688 1140/1690/1690 1152/1691/1691
f 1138/1692/1692 1153/1693/1693 1154/1694/1694
f 1138/1692/1692 1137/1695/1695 1155/1696/1696
f 1137/1695/1695 1136/1697/1697 1156/1698/1698
f 1136/1697/1697 1135/1699/1699 1157/1700/1700
f 1134/1701/1701 1158/1702/1702 1157/1700/1700
f 1134/1701/1701 1133/1703/1703 1159/1704/1704
f 1132/1705/1705 1160/1706/1706 1159/1704/1704
f 1132/1705/1705 1131/1707/1707 1161/1708/1708
f 1130/1709/1709 1162/1710/1710 1161/1708/1708
f 1130/1709/1709 1129/1711/1711 1163/1712/1712
f 1128/1713/1713 1164/1714/1714 1163/1712/1712
f 1128/1713/1713 1127/1715/1715 1165/1716/1716
f 1152/1691/1691 1151/1689/1689 1141/1688/1688
f 1140/1690/1690 1139/1717/1717 1154/1694/1694
f 1155/1696/1696 1153/1693/1693 1138/1692/1692
f 1157/1700/1700 1156/1698/1698 1136/1697/1697
f 1159/1704/1704 1158/1702/1702 1134/1701/1701
f 1161/1708/1708 1160/1706/1706 1132/1705/1705
f 1163/1712/1712 1162/1710/1710 1130/1709/1709
f 1165/1716/1716 1164/1714/1714 1128/1713/1713
f 1123/1718/1718 1166/1719/1719 1167/1720/1720
f 1123/1718/1718 1122/1721/1721 1168/1722/1722
f 1154/1694/1694 1152/1691/1691 1140/1690/1690
f 1156/1698/1698 1155/1696/1696 1137/1695/1695
f 1159/1704/1704 1133/1703/1703 1132/1705/1705
f 1163/1712/1712 1129/1711/1711 1128/1713/1713
f 1126/1723/1723 1169/1724/1724 1165/1716/1716
f 1125/1725/1725 1170/1726/1726 1169/1724/1724
f 1124/1727/1727 1167/1720/1720 1170/1726/1726
f 1168/1722/1722 1166/1719/1719 1123/1718/1718
f 1091/1728/1728 1171/1729/1729 1172/1730/1730
f 1091/1728/1728 1090/1731/1731 1173/1732/1732
f 1154/1694/1694 1139/1717/1717 1138/1692/1692
f 1161/1708/1708 1131/1707/1707 1130/1709/1709
f 1169/1724/1724 1126/1723/1723 1125/1725/1725
f 1167/1720/1720 1124/1727/1727 1123/1718/1718
f 1121/1733/1733 1174/1734/1734 1168/1722/1722
f 1121/1733/1733 1120/1735/1735 1175/1736/1736
f 1094/1737/1737 1176/1738/1738 1177/1739/1739
f 1094/1737/1737 1093/1740/1740 1178/1741/1741
f 1092/1742/1742 1172/1730/1730 1178/1741/1741
f 1173/1732/1732 1171/1729/1729 1091/1728/1728
f 1088/1743/1743 1179/1744/1744 1180/1745/1745
f 1088/1743/1743 1087/1746/1746 1181/1747/1747
f 1157/1700/1700 1135/1699/1699 1134/1701/1701
f 1170/1726/1726 1125/1725/1725 1124/1727/1727
f 1175/1736/1736 1174/1734/1734 1121/1733/1733
f 1120/1735/1735 1119/1748/1748 1182/1749/1749
f 1098/1750/1750 1183/1751/1751 1184/1752/1752
f 1098/1750/1750 1097/1753/1753 1185/1754/1754
f 1096/1755/1755 1186/1756/1756 1185/1754/1754
f 1096/1755/1755 1095/1757/1757 1177/1739/1739
f 1178/1741/1741 1176/1738/1738 1094/1737/1737
f 1172/1730/1730 1092/1742/1742 1091/1728/1728
f 1089/1758/1758 1180/1745/1745 1173/1732/1732
f 1181/1747/1747 1179/1744/1744 1088/1743/1743
f 1079/1759/1759 1187/1760/1760 1188/1761/1761
f 1079/1759/1759 1078/1762/1762 1189/1763/1763
f 1077/1764/1764 1190/1765/1765 1189/1763/1763
f 1077/1764/1764 1148/1766/1766 1191/1767/1767
f 1145/1768/1768 1192/1769/1769 1193/1770/1770
f 1145/1768/1768 1144/1771/1771 1194/1772/1772
f 1144/1771/1771 1143/1773/1773 1150/1687/1687
f 1165/1716/1716 1127/1715/1715 1126/1723/1723
f 1182/1749/1749 1175/1736/1736 1120/1735/1735
f 1118/1774/1774 1195/1775/1775 1182/1749/1749
f 1117/1776/1776 1196/1777/1777 1195/1775/1775
f 1117/1776/1776 1116/1778/1778 1197/1779/1779
f 1105/1780/1780 1198/1781/1781 1199/1782/1782
f 1105/1780/1780 1104/1783/1783 1200/1784/1784
f 1185/1754/1754 1183/1751/1751 1098/1750/1750
f 1177/1739/1739 1186/1756/1756 1096/1755/1755
f 1178/1741/1741 1093/1740/1740 1092/1742/1742
f 1180/1745/1745 1089/1758/1758 1088/1743/1743
f 1085/1785/1785 1201/1786/1786 1202/1787/1787
f 1085/1785/1785 1084/1788/1788 1203/1789/1789
f 1189/1763/1763 1187/1760/1760 1079/1759/1759
f 1191/1767/1767 1190/1765/1765 1077/1764/1764
f 1147/1790/1790 1204/1791/1791 1191/1767/1767
f 1147/1790/1790 1146/1792/1792 1193/1770/1770
f 1194/1772/1772 1192/1769/1769 1145/1768/1768
f 1150/1687/1687 1143/1773/1773 1142/1685/1685
f 1182/1749/1749 1119/1748/1748 1118/1774/1774
f 1197/1779/1779 1196/1777/1777 1117/1776/1776
f 1107/1793/1793 1205/1794/1794 1206/1795/1795
f 1107/1793/1793 1106/1796/1796 1199/1782/1782
f 1200/1784/1784 1198/1781/1781 1105/1780/1780
f 1104/1783/1783 1103/1797/1797 1207/1798/1798
f 1102/1799/1799 1208/1800/1800 1207/1798/1798
f 1102/1799/1799 1101/1801/1801 1209/1802/1802
f 1101/1801/1801 1100/1803/1803 1210/1804/1804
f 1100/1803/1803 1099/1805/1805 1184/1752/1752
f 1185/1754/1754 1097/1753/1753 1096/1755/1755
f 1173/1732/1732 1090/1731/1731 1089/1758/1758
f 1086/1806/1806 1202/1787/1787 1181/1747/1747
f 1203/1789/1789 1201/1786/1786 1085/1785/1785
f 1189/1763/1763 1078/1762/1762 1077/1764/1764
f 1193/1770/1770 1204/1791/1791 1147/1790/1790
f 1150/1687/1687 1194/1772/1772 1144/1771/1771
f 1195/1775/1775 1118/1774/1774 1117/1776/1776
f 1199/1782/1782 1205/1794/1794 1107/1793/1793
f 1207/1798/1798 1200/1784/1784 1104/1783/1783
f 1209/1802/1802 1208/1800/1800 1102/1799/1799
f 1184/1752/1752 1210/1804/1804 1100/1803/1803
f 1177/1739/1739 1095/1757/1757 1094/1737/1737
f 1202/1787/1787 1086/1806/1806 1085/1785/1785
f 1083/1807/1807 1211/1808/1808 1203/1789/1789
f 1083/1807/1807 1082/1809/1809 1212/1810/1810
f 1081/1811/1811 1213/1812/1812 1212/1810/1810
f 1081/1811/1811 1080/1813/1813 1188/1761/1761
f 1191/1767/1767 1148/1766/1766 1147/1790/1790
f 1168/1722/1722 1122/1721/1721 1121/1733/1733
f 1115/1814/1814 1214/1815/1815 1197/1779/1779
f 1115/1814/1814 1114/1816/1816 1215/1817/1817
f 1111/1818/1818 1216/1819/1819 1217/1820/1820
f 1111/1818/1818 1110/1821/1821 1218/1822/1822
f 1199/1782/1782 1106/1796/1796 1105/1780/1780
f 1210/1804/1804 1209/1802/1802 1101/1801/1801
f 1181/1747/1747 1087/1746/1746 1086/1806/1806
f 1212/1810/1810 1211/1808/1808 1083/1807/1807
f 1188/1761/1761 1213/1812/1812 1081/1811/1811
f 1193/1770/1770 1146/1792/1792 1145/1768/1768
f 1215/1817/1817 1214/1815/1815 1115/1814/1814
f 1113/1823/1823 1219/1824/1824 1215/1817/1817
f 1113/1823/1823 1112/1825/1825 1217/1820/1820
f 1218/1822/1822 1216/1819/1819 1111/1818/1818
f 1109/1826/1826 1220/1827/1827 1218/1822/1822
f 1109/1826/1826 1108/1828/1828 1206/1795/1795
f 1207/1798/1798 1103/1797/1797 1102/1799/1799
f 1203/1789/1789 1084/1788/1788 1083/1807/1807
f 1188/1761/1761 1080/1813/1813 1079/1759/1759
f 1215/1817/1817 1114/1816/1816 1113/1823/1823
f 1217/1820/1820 1112/1825/1825 1111/1818/1818
f 1206/1795/1795 1220/1827/1827 1109/1826/1826
f 1184/1752/1752 1099/1805/1805 1098/1750/1750
f 1197/1779/1779 1116/1778/1778 1115/1814/1814
f 1218/1822/1822 1110/1821/1821 1109/1826/1826
f 1212/1810/1810 1082/1809/1809 1081/1811/1811
f 1206/1795/1795 1108/1828/1828 1107/1793/1793
f 1217/1820/1820 1219/1824/1824 1113/1823/1823
f 1221/1829/1829 1222/1830/1830 1190/1831/1831
f 1223/1832/1832 1221/1829/1829 1191/1833/1833
f 1224/1834/1834 1223/1832/1832 1204/1835/1835
f 1225/1836/1836 1224/1834/1834 1193/1837/1837
f 1226/1838/1838 1225/1836/1836 1192/1839/1839
f 1227/1840/1840 1226/1838/1838 1194/1841/1841
f 1228/1842/1842 1227/1840/1840 1150/1843/1843
f 1229/1844/1844 1228/1842/1842 1149/1845/1845
f 1230/1846/1846 1229/1844/1844 1151/1847/1847
f 1231/1848/1848 1230/1846/1846 1152/1849/1849
f 1232/1850/1850 1231/1848/1848 1154/1851/1851
f 1233/1852/1852 1232/1850/1850 1153/1853/1853
f 1234/1854/1854 1233/1852/1852 1155/1855/1855
f 1235/1856/1856 1234/1854/1854 1156/1857/1857
f 1236/1858/1858 1235/1856/1856 1157/1859/1859
f 1237/1860/1860 1236/1858/1858 1158/1861/1861
f 1238/1862/1862 1237/1860/1860 1159/1863/1863
f 1239/1864/1864 1238/1862/1862 1160/1865/1865
f 1240/1866/1866 1239/1864/1864 1161/1867/1867
f 1241/1868/1868 1240/1866/1866 1162/1869/1869
f 1242/1870/1870 1241/1868/1868 1163/1871/1871
f 1243/1872/1872 1242/1870/1870 1164/1873/1873
f 1244/1874/1874 1243/1872/1872 1165/1875/1875
f 1245/1876/1876 1244/1874/1874 1169/1877/1877
f 1246/1878/1878 1245/1876/1876 1170/1879/1879
f 1247/1880/1880 1246/1878/1878 1167/1881/1881
f 1248/1882/1882 1247/1880/1880 1166/1883/1883
f 1249/1884/1884 1248/1882/1882 1168/1885/1885
f 1250/1886/1886 1249/1884/1884 1174/1887/1887
f 1251/1888/1888 1250/1886/1886 1175/1889/1889
f 1252/1890/1890 1251/1888/1888 1182/1891/1891
f 1253/1892/1892 1252/1890/1890 1195/1893/1893
f 1254/1894/1894 1253/1892/1892 1196/1895/1895
f 1255/1896/1896 1254/1894/1894 1197/1897/1897
f 1256/1898/1898 1255/1896/1896 1214/1899/1899
f 1257/1900/1900 1256/1898/1898 1215/1901/1901
f 1258/1902/1902 1257/1900/1900 1219/1903/1903
f 1259/1904/1904 1258/1902/1902 1217/1905/1905
f 1260/1906/1906 1259/1904/1904 1216/1907/1907
f 1261/1908/1908 1260/1906/1906 1218/1909/1909
f 1262/1910/1910 1261/1908/1908 1220/1911/1911
f 1263/1912/1912 1262/1910/1910 1206/1913/1913
f 1264/1914/1914 1263/1912/1912 1205/1915/1915
f 1265/1916/1916 1264/1914/1914 1199/1917/1917
f 1266/1918/1918 1265/1916/1916 1198/1919/1919
f 1267/1920/1920 1266/1918/1918 1200/1921/1921
f 1268/1922/1922 1267/1920/1920 1207/1923/1923
f 1269/1924/1924 1268/1922/1922 1208/1925/1925
f 1270/1926/1926 1269/1924/1924 1209/1927/1927
f 1271/1928/1928 1270/1926/1926 1210/1929/1929
f 1272/1930/1930 1271/1928/1928 1184/1931/1931
f 1273/1932/1932 1272/1930/1930 1183/1933/1933
f 1274/1934/1934 1273/1932/1932 1185/1935/1935
f 1275/1936/1936 1274/1934/1934 1186/1937/1937
f 1276/1938/1938 1275/1936/1936 1177/1939/1939
f 1277/1940/1940 1276/1938/1938 1176/1941/1941
f 1278/1942/1942 1277/1940/1940 1178/1943/1943
f 1279/1944/1944 1278/1942/1942 1172/1945/1945
f 1280/1946/1946 1279/1944/1944 1171/1947/1947
f 1281/1948/1948 1280/1946/1946 1173/1949/1949
f 1282/1950/1950 1281/1948/1948 1180/1951/1951
f 1283/1952/1952 1282/1950/1950 1179/1953/1953
f 1284/1954/1954 1283/1952/1952 1181/1955/1955
f 1285/1956/1956 1284/1954/1954 1202/1957/1957
f 1286/1958/1958 1285/1956/1956 1201/1959/1959
f 1287/1960/1960 1286/1958/1958 1203/1961/1961
f 1288/1962/1962 1287/1960/1960 1211/1963/1963
f 1289/1964/1964 1288/1962/1962 1212/1965/1965
f 1290/1966/1966 1289/1964/1964 1213/1967/1967
f 1291/1968/1968 1290/1966/1966 1188/1969/1969
f 1292/1970/1970 1291/1968/1968 1187/1971/1971
f 1222/1830/1830 1292/1970/1970 1189/1972/1972
f 1189/1972/1972 1190/1831/1831 1222/1830/1830
f 1187/1971/1971 1189/1972/1972 1292/1970/1970
f 1188/1969/1969 1187/1971/1971 1291/1968/1968
f 1213/1967/1967 1188/1969/1969 1290/1966/1966
f 1212/1965/1965 1213/1967/1967 1289/1964/1964
f 1211/1963/1963 1212/1965/1965 1288/1962/1962
f 1203/1961/1961 1211/1963/1963 1287/1960/1960
f 1201/1959/1959 1203/1961/1961 1286/1958/1958
f 1202/1957/1957 1201/1959/1959 1285/1956/1956
f 1181/1955/1955 1202/1957/1957 1284/1954/1954
f 1179/1953/1953 1181/1955/1955 1283/1952/1952
f 1180/1951/1951 1179/1953/1953 1282/1950/1950
f 1173/1949/1949 1180/1951/1951 1281/1948/1948
f 1171/1947/1947 1173/1949/1949 1280/1946/1946
f 1172/1945/1945 1171/1947/1947 1279/1944/1944
f 1178/1943/1943 1172/1945/1945 1278/1942/1942
f 1176/1941/1941 1178/1943/1943 1277/1940/1940
f 1177/1939/1939 1176/1941/1941 1276/1938/1938
f 1186/1937/1937 1177/1939/1939 1275/1936/1936
f 1185/1935/1935 1186/1937/1937 1274/1934/1934
f 1183/1933/1933 1185/1935/1935 1273/1932/1932
f 1184/1931/1931 1183/1933/1933 1272/1930/1930
f 1210/1929/1929 1184/1931/1931 1271/1928/1928
f 1209/1927/1927 1210/1929/1929 1270/1926/1926
f 1208/1925/1925 1209/1927/1927 1269/1924/1924
f 1207/1923/1923 1208/1925/1925 1268/1922/1922
f 1200/1921/1921 1207/1923/1923 1267/1920/1920
f 1198/1919/1919 1200/1921/1921 1266/1918/1918
f 1199/1917/1917 1198/1919/1919 1265/1916/1916
f 1205/1915/1915 1199/1917/1917 1264/1914/1914
f 1206/1913/1913 1205/1915/1915 1263/1912/1912
f 1220/1911/1911 1206/1913/1913 1262/1910/1910
f 1218/1909/1909 1220/1911/1911 1261/1908/1908
f 1216/1907/1907 1218/1909/1909 1260/1906/1906
f 1217/1905/1905 1216/1907/1907 1259/1904/1904
f 1219/1903/1903 1217/1905/1905 1258/1902/1902
f 1215/1901/1901 1219/1903/1903 1257/1900/1900
f 1214/1899/1899 1215/1901/1901 1256/1898/1898
f 1197/1897/1897 1214/1899/1899 1255/1896/1896
f 1196/1895/1895 1197/1897/1897 1254/1894/1894
f 1195/1893/1893 1196/1895/1895 1253/1892/1892
f 1182/1891/1891 1195/1893/1893 1252/1890/1890
f 1175/1889/1889 1182/1891/1891 1251/1888/1888
f 1174/1887/1887 1175/1889/1889 1250/1886/1886
f 1168/1885/1885 1174/1887/1887 1249/1884/1884
f 1166/1883/1883 1168/1885/1885 1248/1882/1882
f 1167/1881/1881 1166/1883/1883 1247/1880/1880
f 1170/1879/1879 1167/1881/1881 1246/1878/1878
f 1169/1877/1877 1170/1879/1879 1245/1876/1876
f 1165/1875/1875 1169/1877/1877 1244/1874/1874
f 1164/1873/1873 1165/1875/1875 1243/1872/1872
f 1163/1871/1871 1164/1873/1873 1242/1870/1870
f 1162/1869/1869 1163/1871/1871 1241/1868/1868
f 1161/1867/1867 1162/1869/1869 1240/1866/1866
f 1160/1865/1865 1161/1867/1867 1239/1864/1864
f 1159/1863/1863 1160/1865/1865 1238/1862/1862
f 1158/1861/1861 1159/1863/1863 1237/1860/1860
f 1157/1859/1859 1158/1861/1861 1236/1858/1858
f 1156/1857/1857 1157/1859/1859 1235/1856/1856
f 1155/1855/1855 1156/1857/1857 1234/1854/1854
f 1153/1853/1853 1155/1855/1855 1233/1852/1852
f 1154/1851/1851 1153/1853/1853 1232/1850/1850
f 1152/1849/1849 1154/1851/1851 1231/1848/1848
f 1151/1847/1847 1152/1849/1849 1230/1846/1846
f 1149/1845/1845 1151/1847/1847 1229/1844/1844
f 1150/1843/1843 1149/1845/1845 1228/1842/1842
f 1194/1841/1841 1150/1843/1843 1227/1840/1840
f 1192/1839/1839 1194/1841/1841 1226/1838/1838
f 1193/1837/1837 1192/1839/1839 1225/1836/1836
f 1204/1835/1835 1193/1837/1837 1224/1834/1834
f 1191/1833/1833 1204/1835/1835 1223/1832/1832
f 1190/1831/1831 1191/1833/1833 1221/1829/1829
f 1233/1973/1973 1293/1974/1974 1294/1975/1975
f 1234/1976/1976 1295/1977/1977 1293/1974/1974
f 1234/1976/1976 1235/1978/1978 1296/1979/1979
f 1235/1978/1978 1236/1980/1980 1297/1981/1981
f 1269/1982/1982 1298/1983/1983 1299/1984/1984
f 1270/1985/1985 1300/1986/1986 1298/1983/1983
f 1272/1987/1987 1301/1988/1988 1302/1989/1989
f 1272/1987/1987 1273/1990/1990 1303/1991/1991
f 1293/1974/1974 1233/1973/1973 1234/1976/1976
f 1297/1981/1981 1296/1979/1979 1235/1978/1978
f 1242/1992/1992 1304/1993/1993 1305/1994/1994
f 1242/1992/1992 1243/1995/1995 1306/1996/1996
f 1244/1997/1997 1245/1998/1998 1307/1999/1999
f 1245/1998/1998 1246/2000/2000 1308/2001/2001
f 1247/2002/2002 1309/2003/2003 1308/2001/2001
f 1247/2002/2002 1248/2004/2004 1310/2005/2005
f 1250/2006/2006 1311/2007/2007 1312/2008/2008
f 1250/2006/2006 1251/2009/2009 1313/2010/2010
f 1267/2011/2011 1314/2012/2012 1315/2013/2013
f 1267/2011/2011 1268/2014/2014 1299/1984/1984
f 1298/1983/1983 1269/1982/1982 1270/1985/1985
f 1270/1985/1985 1271/2015/2015 1302/1989/1989
f 1303/1991/1991 1301/1988/1988 1272/1987/1987
f 1273/1990/1990 1274/2016/2016 1316/2017/2017
f 1278/2018/2018 1317/2019/2019 1318/2020/2020
f 1278/2018/2018 1279/2021/2021 1319/2022/2022
f 1280/2023/2023 1281/2024/2024 1320/2025/2025
f 1281/2024/2024 1282/2026/2026 1321/2027/2027
f 1296/1979/1979 1295/1977/1977 1234/1976/1976
f 1236/1980/1980 1237/2028/2028 1322/2029/2029
f 1241/2030/2030 1305/1994/1994 1323/2031/2031
f 1306/1996/1996 1304/1993/1993 1242/1992/1992
f 1244/1997/1997 1324/2032/2032 1306/1996/1996
f 1308/2001/2001 1307/1999/1999 1245/1998/1998
f 1310/2005/2005 1309/2003/2003 1247/2002/2002
f 1249/2033/2033 1312/2008/2008 1310/2005/2005
f 1313/2010/2010 1311/2007/2007 1250/2006/2006
f 1251/2009/2009 1252/2034/2034 1325/2035/2035
f 1261/2036/2036 1326/2037/2037 1327/2038/2038
f 1261/2036/2036 1262/2039/2039 1328/2040/2040
f 1264/2041/2041 1329/2042/2042 1330/2043/2043
f 1264/2041/2041 1265/2044/2044 1331/2045/2045
f 1265/2044/2044 1266/2046/2046 1315/2013/2013
f 1299/1984/1984 1314/2012/2012 1267/2011/2011
f 1302/1989/1989 1300/1986/1986 1270/1985/1985
f 1316/2017/2017 1303/1991/1991 1273/1990/1990
f 1275/2047/2047 1332/2048/2048 1316/2017/2017
f 1275/2047/2047 1276/2049/2049 1333/2050/2050
f 1277/2051/2051 1318/2020/2020 1333/2050/2050
f 1319/2022/2022 1317/2019/2019 1278/2018/2018
f 1280/2023/2023 1334/2052/2052 1319/2022/2022
f 1321/2027/2027 1320/2025/2025 1281/2024/2024
f 1283/2053/2053 1335/2054/2054 1321/2027/2027
f 1283/2053/2053 1284/2055/2055 1336/2056/2056
f 1286/2057/2057 1337/2058/2058 1338/2059/2059
f 1286/2057/2057 1287/2060/2060 1339/2061/2061
f 1231/2062/2062 1340/2063/2063 1341/2064/2064
f 1231/2062/2062 1232/2065/2065 1294/1975/1975
f 1322/2029/2029 1297/1981/1981 1236/1980/1980
f 1237/2028/2028 1238/2066/2066 1342/2067/2067
f 1239/2068/2068 1343/2069/2069 1342/2067/2067
f 1239/2068/2068 1240/2070/2070 1323/2031/2031
f 1305/1994/1994 1241/2030/2030 1242/1992/1992
f 1307/1999/1999 1324/2032/2032 1244/1997/1997
f 1310/2005/2005 1248/2004/2004 1249/2033/2033
f 1325/2035/2035 1313/2010/2010 1251/2009/2009
f 1328/2040/2040 1326/2037/2037 1261/2036/2036
f 1262/2039/2039 1263/2071/2071 1330/2043/2043
f 1331/2045/2045 1329/2042/2042 1264/2041/2041
f 1315/2013/2013 1266/2046/2046 1267/2011/2011
f 1302/1989/1989 1271/2015/2015 1272/1987/1987
f 1333/2050/2050 1332/2048/2048 1275/2047/2047
f 1318/2020/2020 1277/2051/2051 1278/2018/2018
f 1320/2025/2025 1334/2052/2052 1280/2023/2023
f 1336/2056/2056 1335/2054/2054 1283/2053/2053
f 1285/2072/2072 1338/2059/2059 1336/2056/2056
f 1339/2061/2061 1337/2058/2058 1286/2057/2057
f 1287/2060/2060 1288/2073/2073 1344/2074/2074
f 1225/2075/2075 1345/2076/2076 1346/2077/2077
f 1225/2075/2075 1226/2078/2078 1347/2079/2079
f 1228/2080/2080 1348/2081/2081 1349/2082/2082
f 1228/2080/2080 1229/2083/2083 1350/2084/2084
f 1229/2083/2083 1230/2085/2085 1341/2064/2064
f 1294/1975/1975 1340/2063/2063 1231/2062/2062
f 1342/2067/2067 1322/2029/2029 1237/2028/2028
f 1323/2031/2031 1343/2069/2069 1239/2068/2068
f 1306/1996/1996 1243/1995/1995 1244/1997/1997
f 1312/2008/2008 1249/2033/2033 1250/2006/2006
f 1330/2043/2043 1328/2040/2040 1262/2039/2039
f 1315/2013/2013 1331/2045/2045 1265/2044/2044
f 1316/2017/2017 1274/2016/2016 1275/2047/2047
f 1319/2022/2022 1279/2021/2021 1280/2023/2023
f 1336/2056/2056 1284/2055/2055 1285/2072/2072
f 1344/2074/2074 1339/2061/2061 1287/2060/2060
f 1289/2086/2086 1351/2087/2087 1344/2074/2074
f 1289/2086/2086 1290/2088/2088 1352/2089/2089
f 1291/2090/2090 1353/2091/2091 1352/2089/2089
f 1291/2090/2090 1292/2092/2092 1354/2093/2093
f 1223/2094/2094 1355/2095/2095 1356/2096/2096
f 1223/2094/2094 1224/2097/2097 1346/2077/2077
f 1347/2079/2079 1345/2076/2076 1225/2075/2075
f 1226/2078/2078 1227/2098/2098 1349/2082/2082
f 1350/2084/2084 1348/2081/2081 1228/2080/2080
f 1341/2064/2064 1230/2085/2085 1231/2062/2062
f 1342/2067/2067 1238/2066/2066 1239/2068/2068
f 1308/2001/2001 1246/2000/2000 1247/2002/2002
f 1253/2099/2099 1357/2100/2100 1325/2035/2035
f 1253/2099/2099 1254/2101/2101 1358/2102/2102
f 1259/2103/2103 1359/2104/2104 1360/2105/2105
f 1259/2103/2103 1260/2106/2106 1327/2038/2038
f 1330/2043/2043 1263/2071/2071 1264/2041/2041
f 1333/2050/2050 1276/2049/2049 1277/2051/2051
f 1338/2059/2059 1285/2072/2072 1286/2057/2057
f 1352/2089/2089 1351/2087/2087 1289/2086/2086
f 1354/2093/2093 1353/2091/2091 1291/2090/2090
f 1292/2092/2092 1222/2107/2107 1361/2108/2108
f 1221/2109/2109 1356/2096/2096 1361/2108/2108
f 1346/2077/2077 1355/2095/2095 1223/2094/2094
f 1349/2082/2082 1347/2079/2079 1226/2078/2078
f 1341/2064/2064 1350/2084/2084 1229/2083/2083
f 1323/2031/2031 1240/2070/2070 1241/2030/2030
f 1358/2102/2102 1357/2100/2100 1253/2099/2099
f 1258/2110/2110 1360/2105/2105 1362/2111/2111
f 1327/2038/2038 1359/2104/2104 1259/2103/2103
f 1299/1984/1984 1268/2014/2014 1269/1982/1982
f 1344/2074/2074 1288/2073/2073 1289/2086/2086
f 1361/2108/2108 1354/2093/2093 1292/2092/2092
f 1356/2096/2096 1221/2109/2109 1223/2094/2094
f 1349/2082/2082 1227/2098/2098 1228/2080/2080
f 1325/2035/2035 1252/2034/2034 1253/2099/2099
f 1360/2105/2105 1258/2110/2110 1259/2103/2103
f 1321/2027/2027 1282/2026/2026 1283/2053/2053
f 1361/2108/2108 1222/2107/2107 1221/2109/2109
f 1294/1975/1975 1232/2065/2065 1233/1973/1973
f 1255/2112/2112 1363/2113/2113 1358/2102/2102
f 1255/2112/2112 1256/2114/2114 1364/2115/2115
f 1327/2038/2038 1260/2106/2106 1261/2036/2036
f 1346/2077/2077 1224/2097/2097 1225/2075/2075
f 1364/2115/2115 1363/2113/2113 1255/2112/2112
f 1256/2114/2114 1257/2116/2116 1362/2111/2111
f 1352/2089/2089 1290/2088/2088 1291/2090/2090
f 1362/2111/2111 1364/2115/2115 1256/2114/2114
f 1358/2102/2102 1254/2101/2101 1255/2112/2112
f 1362/2111/2111 1257/2116/2116 1258/2110/2110
f 1364/2117/2117 1362/2118/2118 1365/2119/2119
f 1363/2120/2120 1364/2117/2117 1366/2121/2121
f 1358/2122/2122 1363/2120/2120 1367/2123/2123
f 1357/2124/2124 1358/2122/2122 1368/2125/2125
f 1325/2126/2126 1357/2124/2124 1369/2127/2127
f 1313/2128/2128 1325/2126/2126 1370/2129/2129
f 1311/2130/2130 1313/2128/2128 1371/2131/2131
f 1312/2132/2132 1311/2130/2130 1372/2133/2133
f 1310/2134/2134 1312/2132/2132 1373/2135/2135
f 1309/2136/2136 1310/2134/2134 1374/2137/2137
f 1308/2138/2138 1309/2136/2136 1375/2139/2139
f 1307/2140/2140 1308/2138/2138 1376/2141/2141
f 1324/2142/2142 1307/2140/2140 1377/2143/2143
f 1306/2144/2144 1324/2142/2142 1378/2145/2145
f 1304/2146/2146 1306/2144/2144 1379/2147/2147
f 1305/2148/2148 1304/2146/2146 1380/2149/2149
f 1323/2150/2150 1305/2148/2148 1381/2151/2151
f 1343/2152/2152 1323/2150/2150 1382/2153/2153
f 1342/2154/2154 1343/2152/2152 1383/2155/2155
f 1322/2156/2156 1342/2154/2154 1384/2157/2157
f 1297/2158/2158 1322/2156/2156 1385/2159/2159
f 1296/2160/2160 1297/2158/2158 1386/2161/2161
f 1295/2162/2162 1296/2160/2160 1387/2163/2163
f 1293/2164/2164 1295/2162/2162 1388/2165/2165
f 1294/2166/2166 1293/2164/2164 1389/2167/2167
f 1340/2168/2168 1294/2166/2166 1390/2169/2169
f 1341/2170/2170 1340/2168/2168 1391/2171/2171
f 1350/2172/2172 1341/2170/2170 1392/2173/2173
f 1348/2174/2174 1350/2172/2172 1393/2175/2175
f 1349/2176/2176 1348/2174/2174 1394/2177/2177
f 1347/2178/2178 1349/2176/2176 1395/2179/2179
f 1345/2180/2180 1347/2178/2178 1396/2181/2181
f 1346/2182/2182 1345/2180/2180 1397/2183/2183
f 1355/2184/2184 1346/2182/2182 1398/2185/2185
f 1356/2186/2186 1355/2184/2184 1399/2187/2187
f 1361/2188/2188 1356/2186/2186 1400/2189/2189
f 1354/2190/2190 1361/2188/2188 1401/2191/2191
f 1353/2192/2192 1354/2190/2190 1402/2193/2193
f 1352/2194/2194 1353/2192/2192 1403/2195/2195
f 1351/2196/2196 1352/2194/2194 1404/2197/2197
f 1344/2198/2198 1351/2196/2196 1405/2199/2199
f 1339/2200/2200 1344/2198/2198 1406/2201/2201
f 1337/2202/2202 1339/2200/2200 1407/2203/2203
f 1338/2204/2204 1337/2202/2202 1408/2205/2205
f 1336/2206/2206 1338/2204/2204 1409/2207/2207
f 1335/2208/2208 1336/2206/2206 1410/2209/2209
f 1321/2210/2210 1335/2208/2208 1411/2211/2211
f 1320/2212/2212 1321/2210/2210 1412/2213/2213
f 1334/2214/2214 1320/2212/2212 1413/2215/2215
f 1319/2216/2216 1334/2214/2214 1414/2217/2217
f 1317/2218/2218 1319/2216/2216 1415/2219/2219
f 1318/2220/2220 1317/2218/2218 1416/2221/2221
f 1333/2222/2222 1318/2220/2220 1417/2223/2223
f 1332/2224/2224 1333/2222/2222 1418/2225/2225
f 1316/2226/2226 1332/2224/2224 1419/2227/2227
f 1303/2228/2228 1316/2226/2226 1420/2229/2229
f 1301/2230/2230 1303/2228/2228 1421/2231/2231
f 1302/2232/2232 1301/2230/2230 1422/2233/2233
f 1300/2234/2234 1302/2232/2232 1423/2235/2235
f 1298/2236/2236 1300/2234/2234 1424/2237/2237
f 1299/2238/2238 1298/2236/2236 1425/2239/2239
f 1314/2240/2240 1299/2238/2238 1426/2241/2241
f 1315/2242/2242 1314/2240/2240 1427/2243/2243
f 1331/2244/2244 1315/2242/2242 1428/2245/2245
f 1329/2246/2246 1331/2244/2244 1429/2247/2247
f 1330/2248/2248 1329/2246/2246 1430/2249/2249
f 1328/2250/2250 1330/2248/2248 1431/2251/2251
f 1326/2252/2252 1328/2250/2250 1432/2253/2253
f 1327/2254/2254 1326/2252/2252 1433/2255/2255
f 1359/2256/2256 1327/2254/2254 1434/2257/2257
f 1360/2258/2258 1359/2256/2256 1435/2259/2259
f 1362/2118/2118 1360/2258/2258 1436/2260/2260
f 1436/2260/2260 1365/2119/2119 1362/2118/2118
f 1435/2259/2259 1436/2260/2260 1360/2258/2258
f 1434/2257/2257 1435/2259/2259 1359/2256/2256
f 1433/2255/2255 1434/2257/2257 1327/2254/2254
f 1432/2253/2253 1433/2255/2255 1326/2252/2252
f 1431/2251/2251 1432/2253/2253 1328/2250/2250
f 1430/2249/2249 1431/2251/2251 1330/2248/2248
f 1429/2247/2247 1430/2249/2249 1329/2246/2246
f 1428/2245/2245 1429/2247/2247 1331/2244/2244
f 1427/2243/2243 1428/2245/2245 1315/2242/2242
f 1426/2241/2241 1427/2243/2243 1314/2240/2240
f 1425/2239/2239 1426/2241/2241 1299/2238/2238
f 1424/2237/2237 1425/2239/2239 1298/2236/2236
f 1423/2235/2235 1424/2237/2237 1300/2234/2234
f 1422/2233/2233 1423/2235/2235 1302/2232/2232
f 1421/2231/2231 1422/2233/2233 1301/2230/2230
f 1420/2229/2229 1421/2231/2231 1303/2228/2228
f 1419/2227/2227 1420/2229/2229 1316/2226/2226
f 1418/2225/2225 1419/2227/2227 1332/2224/2224
f 1417/2223/2223 1418/2225/2225 1333/2222/2222
f 1416/2221/2221 1417/2223/2223 1318/2220/2220
f 1415/2219/2219 1416/2221/2221 1317/2218/2218
f 1414/2217/2217 1415/2219/2219 1319/2216/2216
f 1413/2215/2215 1414/2217/2217 1334/2214/2214
f 1412/2213/2213 1413/2215/2215 1320/2212/2212
f 1411/2211/2211 1412/2213/2213 1321/2210/2210
f 1410/2209/2209 1411/2211/2211 1335/2208/2208
f 1409/2207/2207 1410/2209/2209 1336/2206/2206
f 1408/2205/2205 1409/2207/2207 1338/2204/2204
f 1407/2203/2203 1408/2205/2205 1337/2202/2202
f 1406/2201/2201 1407/2203/2203 1339/2200/2200
f 1405/2199/2199 1406/2201/2201 1344/2198/2198
f 1404/2197/2197 1405/2199/2199 1351/2196/2196
f 1403/2195/2195 1404/2197/2197 1352/2194/2194
f 1402/2193/2193 1403/2195/2195 1353/2192/2192
f 1401/2191/2191 1402/2193/2193 1354/2190/2190
f 1400/2189/2189 1401/2191/2191 1361/2188/2188
f 1399/2187/2187 1400/2189/2189 1356/2186/2186
f 1398/2185/2185 1399/2187/2187 1355/2184/2184
f 1397/2183/2183 1398/2185/2185 1346/2182/2182
f 1396/2181/2181 1397/2183/2183 1345/2180/2180
f 1395/2179/2179 1396/2181/2181 1347/2178/2178
f 1394/2177/2177 1395/2179/2179 1349/2176/2176
f 1393/2175/2175 1394/2177/2177 1348/2174/2174
f 1392/2173/2173 1393/2175/2175 1350/2172/2172
f 1391/2171/2171 1392/2173/2173 1341/2170/2170
f 1390/2169/2169 1391/2171/2171 1340/2168/2168
f 1389/2167/2167 1390/2169/2169 1294/2166/2166
f 1388/2165/2165 1389/2167/2167 1293/2164/2164
f 1387/2163/2163 1388/2165/2165 1295/2162/2162
f 1386/2161/2161 1387/2163/2163 1296/2160/2160
f 1385/2159/2159 1386/2161/2161 1297/2158/2158
f 1384/2157/2157 1385/2159/2159 1322/2156/2156
f 1383/2155/2155 1384/2157/2157 1342/2154/2154
f 1382/2153/2153 1383/2155/2155 1343/2152/2152
f 1381/2151/2151 1382/2153/2153 1323/2150/2150
f 1380/2149/2149 1381/2151/2151 1305/2148/2148
f 1379/2147/2147 1380/2149/2149 1304/2146/2146
f 1378/2145/2145 1379/2147/2147 1306/2144/2144
f 1377/2143/2143 1378/2145/2145 1324/2142/2142
f 1376/2141/2141 1377/2143/2143 1307/2140/2140
f 1375/2139/2139 1376/2141/2141 1308/2138/2138
f 1374/2137/2137 1375/2139/2139 1309/2136/2136
f 1373/2135/2135 1374/2137/2137 1310/2134/2134
f 1372/2133/2133 1373/2135/2135 1312/2132/2132
f 1371/2131/2131 1372/2133/2133 1311/2130/2130
f 1370/2129/2129 1371/2131/2131 1313/2128/2128
f 1369/2127/2127 1370/2129/2129 1325/2126/2126
f 1368/2125/2125 1369/2127/2127 1357/2124/2124
f 1367/2123/2123 1368/2125/2125 1358/2122/2122
f 1366/2121/2121 1367/2123/2123 1363/2120/2120
f 1365/2119/2119 1366/2121/2121 1364/2117/2117
f 516/2261/2261 1437/2262/2262 1438/2263/2263
f 517/2264/2264 1438/2263/2263 1439/2265/2265
f 519/2266/2266 1439/2265/2265 1440/2267/2267
f 1029/2268/2268 1440/2267/2267 1441/2269/2269
f 1027/2270/2270 1441/2269/2269 1442/2271/2271
f 1026/2272/2272 1442/2271/2271 1443/2273/2273
f 1018/2274/2274 1443/2273/2273 1444/2275/2275
f 1019/2276/2276 1444/2275/2275 1445/2277/2277
f 1023/2278/2278 1445/2277/2277 1446/2279/2279
f 1012/2280/2280 1446/2279/2279 1447/2281/2281
f 1013/2282/2282 1447/2281/2281 1448/2283/2283
f 1016/2284/2284 1448/2283/2283 1449/2285/2285
f 1011/2286/2286 1449/2285/2285 1450/2287/2287
f 1007/2288/2288 1450/2287/2287 1451/2289/2289
f 1009/2290/2290 1451/2289/2289 1452/2291/2291
f 1010/2292/2292 1452/2291/2291 1453/2293/2293
f 1014/2294/2294 1453/2293/2293 1454/2295/2295
f 1015/2296/2296 1454/2295/2295 1455/2297/2297
f 1001/2298/2298 1455/2297/2297 1456/2299/2299
f 1002/2300/2300 1456/2299/2299 1457/2301/2301
f 1005/2302/2302 1457/2301/2301 1458/2303/2303
f 1000/2304/2304 1458/2303/2303 1459/2305/2305
f 997/2306/2306 1459/2305/2305 1460/2307/2307
f 998/2308/2308 1460/2307/2307 1461/2309/2309
f 1008/2310/2310 1461/2309/2309 1462/2311/2311
f 1003/2312/2312 1462/2311/2311 1463/2313/2313
f 1004/2314/2314 1463/2313/2313 1464/2315/2315
f 1021/2316/2316 1464/2315/2315 1465/2317/2317
f 1022/2318/2318 1465/2317/2317 1466/2319/2319
f 1025/2320/2320 1466/2319/2319 1467/2321/2321
f 1020/2322/2322 1467/2321/2321 1468/2323/2323
f 1017/2324/2324 1468/2323/2323 1469/2325/2325
f 1024/2326/2326 1469/2325/2325 1470/2327/2327
f 995/2328/2328 1470/2327/2327 1471/2329/2329
f 993/2330/2330 1471/2329/2329 1472/2331/2331
f 994/2332/2332 1472/2331/2331 1473/2333/2333
f 991/2334/2334 1473/2333/2333 1474/2335/2335
f 992/2336/2336 1474/2335/2335 1475/2337/2337
f 985/2338/2338 1475/2337/2337 1476/2339/2339
f 986/2340/2340 1476/2339/2339 1477/2341/2341
f 988/2342/2342 1477/2341/2341 1478/2343/2343
f 989/2344/2344 1478/2343/2343 1479/2345/2345
f 983/2346/2346 1479/2345/2345 1480/2347/2347
f 984/2348/2348 1480/2347/2347 1481/2349/2349
f 987/2350/2350 1481/2349/2349 1482/2351/2351
f 980/2352/2352 1482/2351/2351 1483/2353/2353
f 981/2354/2354 1483/2353/2353 1484/2355/2355
f 978/2356/2356 1484/2355/2355 1485/2357/2357
f 979/2358/2358 1485/2357/2357 1486/2359/2359
f 982/2360/2360 1486/2359/2359 1487/2361/2361
f 976/2362/2362 1487/2361/2361 1488/2363/2363
f 977/2364/2364 1488/2363/2363 1489/2365/2365
f 972/2366/2366 1489/2365/2365 1490/2367/2367
f 975/2368/2368 1490/2367/2367 1491/2369/2369
f 974/2370/2370 1491/2369/2369 1492/2371/2371
f 973/2372/2372 1492/2371/2371 1493/2373/2373
f 506/2374/2374 1493/2373/2373 1494/2375/2375
f 507/2376/2376 1494/2375/2375 1495/2377/2377
f 504/2378/2378 1495/2377/2377 1496/2379/2379
f 505/2380/2380 1496/2379/2379 1497/2381/2381
f 512/2382/2382 1497/2381/2381 1498/2383/2383
f 510/2384/2384 1498/2383/2383 1499/2385/2385
f 511/2386/2386 1499/2385/2385 1500/2387/2387
f 508/2388/2388 1500/2387/2387 1501/2389/2389
f 509/2390/2390 1501/2389/2389 1502/2391/2391
f 513/2392/2392 1502/2391/2391 1503/2393/2393
f 514/2394/2394 1503/2393/2393 1504/2395/2395
f 523/2396/2396 1504/2395/2395 1505/2397/2397
f 521/2398/2398 1505/2397/2397 1506/2399/2399
f 522/2400/2400 1506/2399/2399 1507/2401/2401
f 520/2402/2402 1507/2401/2401 1508/2403/2403
f 518/2404/2404 1508/2403/2403 1437/2262/2262
f 1437/2262/2262 516/2261/2261 518/2404/2404
f 1508/2403/2403 518/2404/2404 520/2402/2402
f 1507/2401/2401 520/2402/2402 522/2400/2400
f 1506/2399/2399 522/2400/2400 521/2398/2398
f 1505/2397/2397 521/2398/2398 523/2396/2396
f 1504/2395/2395 523/2396/2396 514/2394/2394
f 1503/2393/2393 514/2394/2394 513/2392/2392
f 1502/2391/2391 513/2392/2392 509/2390/2390
f 1501/2389/2389 509/2390/2390 508/2388/2388
f 1500/2387/2387 508/2388/2388 511/2386/2386
f 1499/2385/2385 511/2386/2386 510/2384/2384
f 1498/2383/2383 510/2384/2384 512/2382/2382
f 1497/2381/2381 512/2382/2382 505/2380/2380
f 1496/2379/2379 505/2380/2380 504/2378/2378
f 1495/2377/2377 504/2378/2378 507/2376/2376
f 1494/2375/2375 507/2376/2376 506/2374/2374
f 1493/2373/2373 506/2374/2374 973/2372/2372
f 1492/2371/2371 973/2372/2372 974/2370/2370
f 1491/2369/2369 974/2370/2370 975/2368/2368
f 1490/2367/2367 975/2368/2368 972/2366/2366
f 1489/2365/2365 972/2366/2366 977/2364/2364
f 1488/2363/2363 977/2364/2364 976/2362/2362
f 1487/2361/2361 976/2362/2362 982/2360/2360
f 1486/2359/2359 982/2360/2360 979/2358/2358
f 1485/2357/2357 979/2358/2358 978/2356/2356
f 1484/2355/2355 978/2356/2356 981/2354/2354
f 1483/2353/2353 981/2354/2354 980/2352/2352
f 1482/2351/2351 980/2352/2352 987/2350/2350
f 1481/2349/2349 987/2350/2350 984/2348/2348
f 1480/2347/2347 984/2348/2348 983/2346/2346
f 1479/2345/2345 983/2346/2346 989/2344/2344
f 1478/2343/2343 989/2344/2344 988/2342/2342
f 1477/2341/2341 988/2342/2342 986/2340/2340
f 1476/2339/2339 986/2340/2340 985/2338/2338
f 1475/2337/2337 985/2338/2338 992/2336/2336
f 1474/2335/2335 992/2336/2336 991/2334/2334
f 1473/2333/2333 991/2334/2334 994/2332/2332
f 1472/2331/2331 994/2332/2332 993/2330/2330
f 1471/2329/2329 993/2330/2330 995/2328/2328
f 1470/2327/2327 995/2328/2328 1024/2326/2326
f 1469/2325/2325 1024/2326/2326 1017/2324/2324
f 1468/2323/2323 1017/2324/2324 1020/2322/2322
f 1467/2321/2321 1020/2322/2322 1025/2320/2320
f 1466/2319/2319 1025/2320/2320 1022/2318/2318
f 1465/2317/2317 1022/2318/2318 1021/2316/2316
f 1464/2315/2315 1021/2316/2316 1004/2314/2314
f 1463/2313/2313 1004/2314/2314 1003/2312/2312
f 1462/2311/2311 1003/2312/2312 1008/2310/2310
f 1461/2309/2309 1008/2310/2310 998/2308/2308
f 1460/2307/2307 998/2308/2308 997/2306/2306
f 1459/2305/2305 997/2306/2306 1000/2304/2304
f 1458/2303/2303 1000/2304/2304 1005/2302/2302
f 1457/2301/2301 1005/2302/2302 1002/2300/2300
f 1456/2299/2299 1002/2300/2300 1001/2298/2298
f 1455/2297/2297 1001/2298/2298 1015/2296/2296
f 1454/2295/2295 1015/2296/2296 1014/2294/2294
f 1453/2293/2293 1014/2294/2294 1010/2292/2292
f 1452/2291/2291 1010/2292/2292 1009/2290/2290
f 1451/2289/2289 1009/2290/2290 1007/2288/2288
f 1450/2287/2287 1007/2288/2288 1011/2286/2286
f 1449/2285/2285 1011/2286/2286 1016/2284/2284
f 1448/2283/2283 1016/2284/2284 1013/2282/2282
f 1447/2281/2281 1013/2282/2282 1012/2280/2280
f 1446/2279/2279 1012/2280/2280 1023/2278/2278
f 1445/2277/2277 1023/2278/2278 1019/2276/2276
f 1444/2275/2275 1019/2276/2276 1018/2274/2274
f 1443/2273/2273 1018/2274/2274 1026/2272/2272
f 1442/2271/2271 1026/2272/2272 1027/2270/2270
f 1441/2269/2269 1027/2270/2270 1029/2268/2268
f 1440/2267/2267 1029/2268/2268 519/2266/2266
f 1439/2265/2265 519/2266/2266 517/2264/2264
f 1438/2263/2263 517/2264/2264 516/2261/2261
f 1451/2405/2405 1509/2406/2406 1510/2407/2407
f 1451/2405/2405 1450/2408/2408 1511/2409/2409
f 1454/2410/2410 1512/2411/2411 1513/2412/2412
f 1454/2410/2410 1453/2413/2413 1514/2414/2414
f 1452/2415/2415 1510/2407/2407 1514/2414/2414
f 1511/2409/2409 1509/2406/2406 1451/2405/2405
f 1448/2416/2416 1515/2417/2417 1516/2418/2418
f 1448/2416/2416 1447/2419/2419 1517/2420/2420
f 1502/2421/2421 1518/2422/2422 1519/2423/2423
f 1501/2424/2424 1520/2425/2425 1518/2422/2422
f 1466/2426/2426 1521/2427/2427 1522/2428/2428
f 1465/2429/2429 1523/2430/2430 1521/2427/2427
f 1458/2431/2431 1524/2432/2432 1525/2433/2433
f 1458/2431/2431 1457/2434/2434 1526/2435/2435
f 1456/2436/2436 1527/2437/2437 1526/2435/2435
f 1456/2436/2436 1455/2438/2438 1513/2412/2412
f 1514/2414/2414 1512/2411/2411 1454/2410/2410
f 1510/2407/2407 1452/2415/2415 1451/2405/2405
f 1449/2439/2439 1516/2418/2418 1511/2409/2409
f 1517/2420/2420 1515/2417/2417 1448/2416/2416
f 1445/2440/2440 1444/2441/2441 1528/2442/2442
f 1444/2441/2441 1443/2443/2443 1529/2444/2444
f 1518/2422/2422 1502/2421/2421 1501/2424/2424
f 1501/2424/2424 1500/2445/2445 1530/2446/2446
f 1498/2447/2447 1531/2448/2448 1532/2449/2449
f 1498/2447/2447 1497/2450/2450 1533/2451/2451
f 1497/2450/2450 1496/2452/2452 1534/2453/2453
f 1496/2452/2452 1495/2454/2454 1535/2455/2455
f 1494/2456/2456 1536/2457/2457 1535/2455/2455
f 1494/2456/2456 1493/2458/2458 1537/2459/2459
f 1492/2460/2460 1538/2461/2461 1537/2459/2459
f 1492/2460/2460 1491/2462/2462 1539/2463/2463
f 1490/2464/2464 1540/2465/2465 1539/2463/2463
f 1490/2464/2464 1489/2466/2466 1541/2467/2467
f 1488/2468/2468 1542/2469/2469 1541/2467/2467
f 1488/2468/2468 1487/2470/2470 1543/2471/2471
f 1521/2427/2427 1466/2426/2426 1465/2429/2429
f 1465/2429/2429 1464/2472/2472 1544/2473/2473
f 1462/2474/2474 1545/2475/2475 1546/2476/2476
f 1462/2474/2474 1461/2477/2477 1547/2478/2478
f 1461/2477/2477 1460/2479/2479 1548/2480/2480
f 1460/2479/2479 1459/2481/2481 1525/2433/2433
f 1526/2435/2435 1524/2432/2432 1458/2431/2431
f 1513/2412/2412 1527/2437/2437 1456/2436/2436
f 1514/2414/2414 1453/2413/2413 1452/2415/2415
f 1516/2418/2418 1449/2439/2439 1448/2416/2416
f 1445/2440/2440 1549/2482/2482 1550/2483/2483
f 1529/2444/2444 1528/2442/2442 1444/2441/2441
f 1530/2446/2446 1520/2425/2425 1501/2424/2424
f 1500/2445/2445 1499/2484/2484 1532/2449/2449
f 1533/2451/2451 1531/2448/2448 1498/2447/2447
f 1535/2455/2455 1534/2453/2453 1496/2452/2452
f 1537/2459/2459 1536/2457/2457 1494/2456/2456
f 1539/2463/2463 1538/2461/2461 1492/2460/2460
f 1541/2467/2467 1540/2465/2465 1490/2464/2464
f 1543/2471/2471 1542/2469/2469 1488/2468/2468
f 1483/2485/2485 1551/2486/2486 1552/2487/2487
f 1483/2485/2485 1482/2488/2488 1553/2489/2489
f 1544/2473/2473 1523/2430/2430 1465/2429/2429
f 1464/2472/2472 1463/2490/2490 1546/2476/2476
f 1547/2478/2478 1545/2475/2475 1462/2474/2474
f 1525/2433/2433 1548/2480/2480 1460/2479/2479
f 1526/2435/2435 1457/2434/2434 1456/2436/2436
f 1511/2409/2409 1450/2408/2408 1449/2439/2439
f 1446/2491/2491 1550/2483/2483 1517/2420/2420
f 1528/2442/2442 1549/2482/2482 1445/2440/2440
f 1532/2449/2449 1530/2446/2446 1500/2445/2445
f 1534/2453/2453 1533/2451/2451 1497/2450/2450
f 1537/2459/2459 1493/2458/2458 1492/2460/2460
f 1541/2467/2467 1489/2466/2466 1488/2468/2468
f 1486/2492/2492 1554/2493/2493 1543/2471/2471
f 1485/2494/2494 1555/2495/2495 1554/2493/2493
f 1484/2496/2496 1552/2487/2487 1555/2495/2495
f 1553/2489/2489 1551/2486/2486 1483/2485/2485
f 1546/2476/2476 1544/2473/2473 1464/2472/2472
f 1548/2480/2480 1547/2478/2478 1461/2477/2477
f 1513/2412/2412 1455/2438/2438 1454/2410/2410
f 1550/2483/2483 1446/2491/2491 1445/2440/2440
f 1532/2449/2449 1499/2484/2484 1498/2447/2447
f 1539/2463/2463 1491/2462/2462 1490/2464/2464
f 1554/2493/2493 1486/2492/2492 1485/2494/2494
f 1552/2487/2487 1484/2496/2496 1483/2485/2485
f 1481/2497/2497 1556/2498/2498 1553/2489/2489
f 1481/2497/2497 1480/2499/2499 1557/2500/2500
f 1546/2476/2476 1463/2490/2490 1462/2474/2474
f 1517/2420/2420 1447/2419/2419 1446/2491/2491
f 1535/2455/2455 1495/2454/2454 1494/2456/2456
f 1555/2495/2495 1485/2494/2494 1484/2496/2496
f 1557/2500/2500 1556/2498/2498 1481/2497/2497
f 1480/2499/2499 1479/2501/2501 1558/2502/2502
f 1469/2503/2503 1559/2504/2504 1560/2505/2505
f 1469/2503/2503 1468/2506/2506 1561/2507/2507
f 1467/2508/2508 1522/2428/2428 1561/2507/2507
f 1525/2433/2433 1459/2481/2481 1458/2431/2431
f 1441/2509/2509 1562/2510/2510 1563/2511/2511
f 1441/2509/2509 1440/2512/2512 1564/2513/2513
f 1439/2514/2514 1565/2515/2515 1564/2513/2513
f 1439/2514/2514 1438/2516/2516 1566/2517/2517
f 1437/2518/2518 1567/2519/2519 1566/2517/2517
f 1437/2518/2518 1508/2520/2520 1568/2521/2521
f 1505/2522/2522 1569/2523/2523 1570/2524/2524
f 1505/2522/2522 1504/2525/2525 1571/2526/2526
f 1504/2525/2525 1503/2527/2527 1519/2423/2423
f 1543/2471/2471 1487/2470/2470 1486/2492/2492
f 1558/2502/2502 1557/2500/2500 1480/2499/2499
f 1478/2528/2528 1572/2529/2529 1558/2502/2502
f 1477/2530/2530 1573/2531/2531 1572/2529/2529
f 1477/2530/2530 1476/2532/2532 1574/2533/2533
f 1471/2534/2534 1575/2535/2535 1576/2536/2536
f 1471/2534/2534 1470/2537/2537 1560/2505/2505
f 1561/2507/2507 1559/2504/2504 1469/2503/2503
f 1522/2428/2428 1467/2508/2508 1466/2426/2426
f 1442/2538/2538 1563/2511/2511 1529/2444/2444
f 1564/2513/2513 1562/2510/2510 1441/2509/2509
f 1566/2517/2517 1565/2515/2515 1439/2514/2514
f 1568/2521/2521 1567/2519/2519 1437/2518/2518
f 1507/2539/2539 1577/2540/2540 1568/2521/2521
f 1507/2539/2539 1506/2541/2541 1570/2524/2524
f 1571/2526/2526 1569/2523/2523 1505/2522/2522
f 1519/2423/2423 1503/2527/2527 1502/2421/2421
f 1558/2502/2502 1479/2501/2501 1478/2528/2528
f 1574/2533/2533 1573/2531/2531 1477/2530/2530
f 1473/2542/2542 1472/2543/2543 1576/2536/2536
f 1560/2505/2505 1575/2535/2535 1471/2534/2534
f 1561/2507/2507 1468/2506/2506 1467/2508/2508
f 1563/2511/2511 1442/2538/2538 1441/2509/2509
f 1566/2517/2517 1438/2516/2516 1437/2518/2518
f 1570/2524/2524 1577/2540/2540 1507/2539/2539
f 1519/2423/2423 1571/2526/2526 1504/2525/2525
f 1572/2529/2529 1478/2528/2528 1477/2530/2530
f 1576/2536/2536 1472/2543/2543 1471/2534/2534
f 1529/2444/2444 1443/2443/2443 1442/2538/2538
f 1568/2521/2521 1508/2520/2520 1507/2539/2539
f 1553/2489/2489 1482/2488/2488 1481/2497/2497
f 1475/2544/2544 1578/2545/2545 1574/2533/2533
f 1475/2544/2544 1474/2546/2546 1579/2547/2547
f 1560/2505/2505 1470/2537/2537 1469/2503/2503
f 1570/2524/2524 1506/2541/2541 1505/2522/2522
f 1579/2547/2547 1578/2545/2545 1475/2544/2544
f 1473/2542/2542 1580/2548/2548 1579/2547/2547
f 1564/2513/2513 1440/2512/2512 1439/2514/2514
f 1579/2547/2547 1474/2546/2546 1473/2542/2542
f 1574/2533/2533 1476/2532/2532 1475/2544/2544
f 1576/2536/2536 1580/2548/2548 1473/2542/2542
f 1581/2549/2549 1582/2550/2550 1567/2551/2551
f 1583/2552/2552 1581/2549/2549 1568/2553/2553
f 1584/2554/2554 1583/2552/2552 1577/2555/2555
f 1585/2556/2556 1584/2554/2554 1570/2557/2557
f 1586/2558/2558 1585/2556/2556 1569/2559/2559
f 1587/2560/2560 1586/2558/2558 1571/2561/2561
f 1588/2562/2562 1587/2560/2560 1519/2563/2563
f 1589/2564/2564 1588/2562/2562 1518/2565/2565
f 1590/2566/2566 1589/2564/2564 1520/2567/2567
f 1591/2568/2568 1590/2566/2566 1530/2569/2569
f 1592/2570/2570 1591/2568/2568 1532/2571/2571
f 1593/2572/2572 1592/2570/2570 1531/2573/2573
f 1594/2574/2574 1593/2572/2572 1533/2575/2575
f 1595/2576/2576 1594/2574/2574 1534/2577/2577
f 1596/2578/2578 1595/2576/2576 1535/2579/2579
f 1597/2580/2580 1596/2578/2578 1536/2581/2581
f 1598/2582/2582 1597/2580/2580 1537/2583/2583
f 1599/2584/2584 1598/2582/2582 1538/2585/2585
f 1600/2586/2586 1599/2584/2584 1539/2587/2587
f 1601/2588/2588 1600/2586/2586 1540/2589/2589
f 1602/2590/2590 1601/2588/2588 1541/2591/2591
f 1603/2592/2592 1602/2590/2590 1542/2593/2593
f 1604/2594/2594 1603/2592/2592 1543/2595/2595
f 1605/2596/2596 1604/2594/2594 1554/2597/2597
f 1606/2598/2598 1605/2596/2596 1555/2599/2599
f 1607/2600/2600 1606/2598/2598 1552/2601/2601
f 1608/2602/2602 1607/2600/2600 1551/2603/2603
f 1609/2604/2604 1608/2602/2602 1553/2605/2605
f 1610/2606/2606 1609/2604/2604 1556/2607/2607
f 1611/2608/2608 1610/2606/2606 1557/2609/2609
f 1612/2610/2610 1611/2608/2608 1558/2611/2611
f 1613/2612/2612 1612/2610/2610 1572/2613/2613
f 1614/2614/2614 1613/2612/2612 1573/2615/2615
f 1615/2616/2616 1614/2614/2614 1574/2617/2617
f 1616/2618/2618 1615/2616/2616 1578/2619/2619
f 1617/2620/2620 1616/2618/2618 1579/2621/2621
f 1618/2622/2622 1617/2620/2620 1580/2623/2623
f 1619/2624/2624 1618/2622/2622 1576/2625/2625
f 1620/2626/2626 1619/2624/2624 1575/2627/2627
f 1621/2628/2628 1620/2626/2626 1560/2629/2629
f 1622/2630/2630 1621/2628/2628 1559/2631/2631
f 1623/2632/2632 1622/2630/2630 1561/2633/2633
f 1624/2634/2634 1623/2632/2632 1522/2635/2635
f 1625/2636/2636 1624/2634/2634 1521/2637/2637
f 1626/2638/2638 1625/2636/2636 1523/2639/2639
f 1627/2640/2640 1626/2638/2638 1544/2641/2641
f 1628/2642/2642 1627/2640/2640 1546/2643/2643
f 1629/2644/2644 1628/2642/2642 1545/2645/2645
f 1630/2646/2646 1629/2644/2644 1547/2647/2647
f 1631/2648/2648 1630/2646/2646 1548/2649/2649
f 1632/2650/2650 1631/2648/2648 1525/2651/2651
f 1633/2652/2652 1632/2650/2650 1524/2653/2653
f 1634/2654/2654 1633/2652/2652 1526/2655/2655
f 1635/2656/2656 1634/2654/2654 1527/2657/2657
f 1636/2658/2658 1635/2656/2656 1513/2659/2659
f 1637/2660/2660 1636/2658/2658 1512/2661/2661
f 1638/2662/2662 1637/2660/2660 1514/2663/2663
f 1639/2664/2664 1638/2662/2662 1510/2665/2665
f 1640/2666/2666 1639/2664/2664 1509/2667/2667
f 1641/2668/2668 1640/2666/2666 1511/2669/2669
f 1642/2670/2670 1641/2668/2668 1516/2671/2671
f 1643/2672/2672 1642/2670/2670 1515/2673/2673
f 1644/2674/2674 1643/2672/2672 1517/2675/2675
f 1645/2676/2676 1644/2674/2674 1550/2677/2677
f 1646/2678/2678 1645/2676/2676 1549/2679/2679
f 1647/2680/2680 1646/2678/2678 1528/2681/2681
f 1648/2682/2682 1647/2680/2680 1529/2683/2683
f 1649/2684/2684 1648/2682/2682 1563/2685/2685
f 1650/2686/2686 1649/2684/2684 1562/2687/2687
f 1651/2688/2688 1650/2686/2686 1564/2689/2689
f 1652/2690/2690 1651/2688/2688 1565/2691/2691
f 1582/2550/2550 1652/2690/2690 1566/2692/2692
f 1566/2692/2692 1567/2551/2551 1582/2550/2550
f 1565/2691/2691 1566/2692/2692 1652/2690/2690
f 1564/2689/2689 1565/2691/2691 1651/2688/2688
f 1562/2687/2687 1564/2689/2689 1650/2686/2686
f 1563/2685/2685 1562/2687/2687 1649/2684/2684
f 1529/2683/2683 1563/2685/2685 1648/2682/2682
f 1528/2681/2681 1529/2683/2683 1647/2680/2680
f 1549/2679/2679 1528/2681/2681 1646/2678/2678
f 1550/2677/2677 1549/2679/2679 1645/2676/2676
f 1517/2675/2675 1550/2677/2677 1644/2674/2674
f 1515/2673/2673 1517/2675/2675 1643/2672/2672
f 1516/2671/2671 1515/2673/2673 1642/2670/2670
f 1511/2669/2669 1516/2671/2671 1641/2668/2668
f 1509/2667/2667 1511/2669/2669 1640/2666/2666
f 1510/2665/2665 1509/2667/2667 1639/2664/2664
f 1514/2663/2663 1510/2665/2665 1638/2662/2662
f 1512/2661/2661 1514/2663/2663 1637/2660/2660
f 1513/2659/2659 1512/2661/2661 1636/2658/2658
f 1527/2657/2657 1513/2659/2659 1635/2656/2656
f 1526/2655/2655 1527/2657/2657 1634/2654/2654
f 1524/2653/2653 1526/2655/2655 1633/2652/2652
f 1525/2651/2651 1524/2653/2653 1632/2650/2650
f 1548/2649/2649 1525/2651/2651 1631/2648/2648
f 1547/2647/2647 1548/2649/2649 1630/2646/2646
f 1545/2645/2645 1547/2647/2647 1629/2644/2644
f 1546/2643/2643 1545/2645/2645 1628/2642/2642
f 1544/2641/2641 1546/2643/2643 1627/2640/2640
f 1523/2639/2639 1544/2641/2641 1626/2638/2638
f 1521/2637/2637 1523/2639/2639 1625/2636/2636
f 1522/2635/2635 1521/2637/2637 1624/2634/2634
f 1561/2633/2633 1522/2635/2635 1623/2632/2632
f 1559/2631/2631 1561/2633/2633 1622/2630/2630
f 1560/2629/2629 1559/2631/2631 1621/2628/2628
f 1575/2627/2627 1560/2629/2629 1620/2626/2626
f 1576/2625/2625 1575/2627/2627 1619/2624/2624
f 1580/2623/2623 1576/2625/2625 1618/2622/2622
f 1579/2621/2621 1580/2623/2623 1617/2620/2620
f 1578/2619/2619 1579/2621/2621 1616/2618/2618
f 1574/2617/2617 1578/2619/2619 1615/2616/2616
f 1573/2615/2615 1574/2617/2617 1614/2614/2614
f 1572/2613/2613 1573/2615/2615 1613/2612/2612
f 1558/2611/2611 1572/2613/2613 1612/2610/2610
f 1557/2609/2609 1558/2611/2611 1611/2608/2608
f 1556/2607/2607 1557/2609/2609 1610/2606/2606
f 1553/2605/2605 1556/2607/2607 1609/2604/2604
f 1551/2603/2603 1553/2605/2605 1608/2602/2602
f 1552/2601/2601 1551/2603/2603 1607/2600/2600
f 1555/2599/2599 1552/2601/2601 1606/2598/2598
f 1554/2597/2597 1555/2599/2599 1605/2596/2596
f 1543/2595/2595 1554/2597/2597 1604/2594/2594
f 1542/2593/2593 1543/2595/2595 1603/2592/2592
f 1541/2591/2591 1542/2593/2593 1602/2590/2590
f 1540/2589/2589 1541/2591/2591 1601/2588/2588
f 1539/2587/2587 1540/2589/2589 1600/2586/2586
f 1538/2585/2585 1539/2587/2587 1599/2584/2584
f 1537/2583/2583 1538/2585/2585 1598/2582/2582
f 1536/2581/2581 1537/2583/2583 1597/2580/2580
f 1535/2579/2579 1536/2581/2581 1596/2578/2578
f 1534/2577/2577 1535/2579/2579 1595/2576/2576
f 1533/2575/2575 1534/2577/2577 1594/2574/2574
f 1531/2573/2573 1533/2575/2575 1593/2572/2572
f 1532/2571/2571 1531/2573/2573 1592/2570/2570
f 1530/2569/2569 1532/2571/2571 1591/2568/2568
f 1520/2567/2567 1530/2569/2569 1590/2566/2566
f 1518/2565/2565 1520/2567/2567 1589/2564/2564
f 1519/2563/2563 1518/2565/2565 1588/2562/2562
f 1571/2561/2561 1519/2563/2563 1587/2560/2560
f 1569/2559/2559 1571/2561/2561 1586/2558/2558
f 1570/2557/2557 1569/2559/2559 1585/2556/2556
f 1577/2555/2555 1570/2557/2557 1584/2554/2554
f 1568/2553/2553 1577/2555/2555 1583/2552/2552
f 1567/2551/2551 1568/2553/2553 1581/2549/2549
f 1593/2693/2693 1653/2694/2694 1654/2695/2695
f 1594/2696/2696 1655/2697/2697 1653/2694/2694
f 1594/2696/2696 1595/2698/2698 1656/2699/2699
f 1595/2698/2698 1596/2700/2700 1657/2701/2701
f 1653/2694/2694 1593/2693/2693 1594/2696/2696
f 1657/2701/2701 1656/2699/2699 1595/2698/2698
f 1602/2702/2702 1658/2703/2703 1659/2704/2704
f 1602/2702/2702 1603/2705/2705 1660/2706/2706
f 1604/2707/2707 1605/2708/2708 1661/2709/2709
f 1605/2708/2708 1606/2710/2710 1662/2711/2711
f 1607/2712/2712 1663/2713/2713 1662/2711/2711
f 1607/2712/2712 1608/2714/2714 1664/2715/2715
f 1610/2716/2716 1665/2717/2717 1666/2718/2718
f 1610/2716/2716 1611/2719/2719 1667/2720/2720
f 1629/2721/2721 1668/2722/2722 1669/2723/2723
f 1630/2724/2724 1670/2725/2725 1668/2722/2722
f 1632/2726/2726 1671/2727/2727 1672/2728/2728
f 1632/2726/2726 1633/2729/2729 1673/2730/2730
f 1656/2699/2699 1655/2697/2697 1594/2696/2696
f 1596/2700/2700 1597/2731/2731 1674/2732/2732
f 1601/2733/2733 1659/2704/2704 1675/2734/2734
f 1660/2706/2706 1658/2703/2703 1602/2702/2702
f 1604/2707/2707 1676/2735/2735 1660/2706/2706
f 1662/2711/2711 1661/2709/2709 1605/2708/2708
f 1664/2715/2715 1663/2713/2713 1607/2712/2712
f 1609/2736/2736 1666/2718/2718 1664/2715/2715
f 1667/2720/2720 1665/2717/2717 1610/2716/2716
f 1611/2719/2719 1612/2737/2737 1677/2738/2738
f 1627/2739/2739 1678/2740/2740 1679/2741/2741
f 1627/2739/2739 1628/2742/2742 1669/2723/2723
f 1668/2722/2722 1629/2721/2721 1630/2724/2724
f 1630/2724/2724 1631/2743/2743 1672/2728/2728
f 1673/2730/2730 1671/2727/2727 1632/2726/2726
f 1633/2729/2729 1634/2744/2744 1680/2745/2745
f 1638/2746/2746 1681/2747/2747 1682/2748/2748
f 1638/2746/2746 1639/2749/2749 1683/2750/2750
f 1640/2751/2751 1641/2752/2752 1684/2753/2753
f 1641/2752/2752 1642/2754/2754 1685/2755/2755
f 1585/2756/2756 1686/2757/2757 1687/2758/2758
f 1585/2756/2756 1586/2759/2759 1688/2760/2760
f 1591/2761/2761 1689/2762/2762 1690/2763/2763
f 1591/2761/2761 1592/2764/2764 1654/2695/2695
f 1674/2732/2732 1657/2701/2701 1596/2700/2700
f 1597/2731/2731 1598/2765/2765 1691/2766/2766
f 1599/2767/2767 1692/2768/2768 1691/2766/2766
f 1599/2767/2767 1600/2769/2769 1675/2734/2734
f 1659/2704/2704 1601/2733/2733 1602/2702/2702
f 1661/2709/2709 1676/2735/2735 1604/2707/2707
f 1664/2715/2715 1608/2714/2714 1609/2736/2736
f 1677/2738/2738 1667/2720/2720 1611/2719/2719
f 1621/2770/2770 1693/2771/2771 1694/2772/2772
f 1621/2770/2770 1622/2773/2773 1695/2774/2774
f 1624/2775/2775 1696/2776/2776 1697/2777/2777
f 1624/2775/2775 1625/2778/2778 1698/2779/2779
f 1625/2778/2778 1626/2780/2780 1679/2741/2741
f 1669/2723/2723 1678/2740/2740 1627/2739/2739
f 1672/2728/2728 1670/2725/2725 1630/2724/2724
f 1680/2745/2745 1673/2730/2730 1633/2729/2729
f 1635/2781/2781 1699/2782/2782 1680/2745/2745
f 1635/2781/2781 1636/2783/2783 1700/2784/2784
f 1637/2785/2785 1682/2748/2748 1700/2784/2784
f 1683/2750/2750 1681/2747/2747 1638/2746/2746
f 1640/2751/2751 1701/2786/2786 1683/2750/2750
f 1685/2755/2755 1684/2753/2753 1641/2752/2752
f 1643/2787/2787 1702/2788/2788 1685/2755/2755
f 1643/2787/2787 1644/2789/2789 1703/2790/2790
f 1646/2791/2791 1704/2792/2792 1705/2793/2793
f 1646/2791/2791 1647/2794/2794 1706/2795/2795
f 1688/2760/2760 1686/2757/2757 1585/2756/2756
f 1586/2759/2759 1587/2796/2796 1707/2797/2797
f 1588/2798/2798 1708/2799/2799 1707/2797/2797
f 1588/2798/2798 1589/2800/2800 1709/2801/2801
f 1589/2800/2800 1590/2802/2802 1690/2763/2763
f 1654/2695/2695 1689/2762/2762 1591/2761/2761
f 1691/2766/2766 1674/2732/2732 1597/2731/2731
f 1675/2734/2734 1692/2768/2768 1599/2767/2767
f 1660/2706/2706 1603/2705/2705 1604/2707/2707
f 1666/2718/2718 1609/2736/2736 1610/2716/2716
f 1613/2803/2803 1710/2804/2804 1677/2738/2738
f 1613/2803/2803 1614/2805/2805 1711/2806/2806
f 1695/2774/2774 1693/2771/2771 1621/2770/2770
f 1622/2773/2773 1623/2807/2807 1697/2777/2777
f 1698/2779/2779 1696/2776/2776 1624/2775/2775
f 1679/2741/2741 1626/2780/2780 1627/2739/2739
f 1672/2728/2728 1631/2743/2743 1632/2726/2726
f 1700/2784/2784 1699/2782/2782 1635/2781/2781
f 1682/2748/2748 1637/2785/2785 1638/2746/2746
f 1684/2753/2753 1701/2786/2786 1640/2751/2751
f 1703/2790/2790 1702/2788/2788 1643/2787/2787
f 1645/2808/2808 1705/2793/2793 1703/2790/2790
f 1706/2795/2795 1704/2792/2792 1646/2791/2791
f 1647/2794/2794 1648/2809/2809 1712/2810/2810
f 1649/2811/2811 1713/2812/2812 1712/2810/2810
f 1649/2811/2811 1650/2813/2813 1714/2814/2814
f 1584/2815/2815 1687/2758/2758 1715/2816/2816
f 1707/2797/2797 1688/2760/2760 1586/2759/2759
f 1709/2801/2801 1708/2799/2799 1588/2798/2798
f 1690/2763/2763 1590/2802/2802 1591/2761/2761
f 1691/2766/2766 1598/2765/2765 1599/2767/2767
f 1662/2711/2711 1606/2710/2710 1607/2712/2712
f 1711/2806/2806 1710/2804/2804 1613/2803/2803
f 1614/2805/2805 1615/2817/2817 1716/2818/2818
f 1697/2777/2777 1695/2774/2774 1622/2773/2773
f 1679/2741/2741 1698/2779/2779 1625/2778/2778
f 1680/2745/2745 1634/2744/2744 1635/2781/2781
f 1683/2750/2750 1639/2749/2749 1640/2751/2751
f 1703/2790/2790 1644/2789/2789 1645/2808/2808
f 1712/2810/2810 1706/2795/2795 1647/2794/2794
f 1714/2814/2814 1713/2812/2812 1649/2811/2811
f 1650/2813/2813 1651/2819/2819 1717/2820/2820
f 1687/2758/2758 1584/2815/2815 1585/2756/2756
f 1690/2763/2763 1709/2801/2801 1589/2800/2800
f 1675/2734/2734 1600/2769/2769 1601/2733/2733
f 1716/2818/2818 1711/2806/2806 1614/2805/2805
f 1697/2777/2777 1623/2807/2807 1624/2775/2775
f 1700/2784/2784 1636/2783/2783 1637/2785/2785
f 1705/2793/2793 1645/2808/2808 1646/2791/2791
f 1717/2820/2820 1714/2814/2814 1650/2813/2813
f 1707/2797/2797 1587/2796/2796 1588/2798/2798
f 1677/2738/2738 1612/2737/2737 1613/2803/2803
f 1616/2821/2821 1718/2822/2822 1716/2818/2818
f 1616/2821/2821 1617/2823/2823 1719/2824/2824
f 1669/2723/2723 1628/2742/2742 1629/2721/2721
f 1712/2810/2810 1648/2809/2809 1649/2811/2811
f 1652/2825/2825 1720/2826/2826 1717/2820/2820
f 1652/2825/2825 1582/2827/2827 1721/2828/2828
f 1581/2829/2829 1722/2830/2830 1721/2828/2828
f 1581/2829/2829 1583/2831/2831 1715/2816/2816
f 1654/2695/2695 1592/2764/2764 1593/2693/2693
f 1719/2824/2824 1718/2822/2822 1616/2821/2821
f 1619/2832/2832 1723/2833/2833 1724/2834/2834
f 1619/2832/2832 1620/2835/2835 1694/2772/2772
f 1685/2755/2755 1642/2754/2754 1643/2787/2787
f 1721/2828/2828 1720/2826/2826 1652/2825/2825
f 1715/2816/2816 1722/2830/2830 1581/2829/2829
f 1716/2818/2818 1615/2817/2817 1616/2821/2821
f 1618/2836/2836 1724/2834/2834 1719/2824/2824
f 1694/2772/2772 1723/2833/2833 1619/2832/2832
f 1717/2820/2820 1651/2819/2819 1652/2825/2825
f 1715/2816/2816 1583/2831/2831 1584/2815/2815
f 1724/2834/2834 1618/2836/2836 1619/2832/2832
f 1721/2828/2828 1582/2827/2827 1581/2829/2829
f 1694/2772/2772 1620/2835/2835 1621/2770/2770
f 1719/2824/2824 1617/2823/2823 1618/2836/2836
f 1718/2837/2837 1719/2838/2838 1725/2839/2839
f 1716/2840/2840 1718/2837/2837 1726/2841/2841
f 1711/2842/2842 1716/2840/2840 1727/2843/2843
f 1710/2844/2844 1711/2842/2842 1728/2845/2845
f 1677/2846/2846 1710/2844/2844 1729/2847/2847
f 1667/2848/2848 1677/2846/2846 1730/2849/2849
f 1665/2850/2850 1667/2848/2848 1731/2851/2851
f 1666/2852/2852 1665/2850/2850 1732/2853/2853
f 1664/2854/2854 1666/2852/2852 1733/2855/2855
f 1663/2856/2856 1664/2854/2854 1734/2857/2857
f 1662/2858/2858 1663/2856/2856 1735/2859/2859
f 1661/2860/2860 1662/2858/2858 1736/2861/2861
f 1676/2862/2862 1661/2860/2860 1737/2863/2863
f 1660/2864/2864 1676/2862/2862 1738/2865/2865
f 1658/2866/2866 1660/2864/2864 1739/2867/2867
f 1659/2868/2868 1658/2866/2866 1740/2869/2869
f 1675/2870/2870 1659/2868/2868 1741/2871/2871
f 1692/2872/2872 1675/2870/2870 1742/2873/2873
f 1691/2874/2874 1692/2872/2872 1743/2875/2875
f 1674/2876/2876 1691/2874/2874 1744/2877/2877
f 1657/2878/2878 1674/2876/2876 1745/2879/2879
f 1656/2880/2880 1657/2878/2878 1746/2881/2881
f 1655/2882/2882 1656/2880/2880 1747/2883/2883
f 1653/2884/2884 1655/2882/2882 1748/2885/2885
f 1654/2886/2886 1653/2884/2884 1749/2887/2887
f 1689/2888/2888 1654/2886/2886 1750/2889/2889
f 1690/2890/2890 1689/2888/2888 1751/2891/2891
f 1709/2892/2892 1690/2890/2890 1752/2893/2893
f 1708/2894/2894 1709/2892/2892 1753/2895/2895
f 1707/2896/2896 1708/2894/2894 1754/2897/2897
f 1688/2898/2898 1707/2896/2896 1755/2899/2899
f 1686/2900/2900 1688/2898/2898 1756/2901/2901
f 1687/2902/2902 1686/2900/2900 1757/2903/2903
f 1715/2904/2904 1687/2902/2902 1758/2905/2905
f 1722/2906/2906 1715/2904/2904 1759/2907/2907
f 1721/2908/2908 1722/2906/2906 1760/2909/2909
f 1720/2910/2910 1721/2908/2908 1761/2911/2911
f 1717/2912/2912 1720/2910/2910 1762/2913/2913
f 1714/2914/2914 1717/2912/2912 1763/2915/2915
f 1713/2916/2916 1714/2914/2914 1764/2917/2917
f 1712/2918/2918 1713/2916/2916 1765/2919/2919
f 1706/2920/2920 1712/2918/2918 1766/2921/2921
f 1704/2922/2922 1706/2920/2920 1767/2923/2923
f 1705/2924/2924 1704/2922/2922 1768/2925/2925
f 1703/2926/2926 1705/2924/2924 1769/2927/2927
f 1702/2928/2928 1703/2926/2926 1770/2929/2929
f 1685/2930/2930 1702/2928/2928 1771/2931/2931
f 1684/2932/2932 1685/2930/2930 1772/2933/2933
f 1701/2934/2934 1684/2932/2932 1773/2935/2935
f 1683/2936/2936 1701/2934/2934 1774/2937/2937
f 1681/2938/2938 1683/2936/2936 1775/2939/2939
f 1682/2940/2940 1681/2938/2938 1776/2941/2941
f 1700/2942/2942 1682/2940/2940 1777/2943/2943
f 1699/2944/2944 1700/2942/2942 1778/2945/2945
f 1680/2946/2946 1699/2944/2944 1779/2947/2947
f 1673/2948/2948 1680/2946/2946 1780/2949/2949
f 1671/2950/2950 1673/2948/2948 1781/2951/2951
f 1672/2952/2952 1671/2950/2950 1782/2953/2953
f 1670/2954/2954 1672/2952/2952 1783/2955/2955
f 1668/2956/2956 1670/2954/2954 1784/2957/2957
f 1669/2958/2958 1668/2956/2956 1785/2959/2959
f 1678/2960/2960 1669/2958/2958 1786/2961/2961
f 1679/2962/2962 1678/2960/2960 1787/2963/2963
f 1698/2964/2964 1679/2962/2962 1788/2965/2965
f 1696/2966/2966 1698/2964/2964 1789/2967/2967
f 1697/2968/2968 1696/2966/2966 1790/2969/2969
f 1695/2970/2970 1697/2968/2968 1791/2971/2971
f 1693/2972/2972 1695/2970/2970 1792/2973/2973
f 1694/2974/2974 1693/2972/2972 1793/2975/2975
f 1723/2976/2976 1694/2974/2974 1794/2977/2977
f 1724/2978/2978 1723/2976/2976 1795/2979/2979
f 1719/2838/2838 1724/2978/2978 1796/2980/2980
f 1796/2980/2980 1725/2839/2839 1719/2838/2838
f 1795/2979/2979 1796/2980/2980 1724/2978/2978
f 1794/2977/2977 1795/2979/2979 1723/2976/2976
f 1793/2975/2975 1794/2977/2977 1694/2974/2974
f 1792/2973/2973 1793/2975/2975 1693/2972/2972
f 1791/2971/2971 1792/2973/2973 1695/2970/2970
f 1790/2969/2969 1791/2971/2971 1697/2968/2968
f 1789/2967/2967 1790/2969/2969 1696/2966/2966
f 1788/2965/2965 1789/2967/2967 1698/2964/2964
f 1787/2963/2963 1788/2965/2965 1679/2962/2962
f 1786/2961/2961 1787/2963/2963 1678/2960/2960
f 1785/2959/2959 1786/2961/2961 1669/2958/2958
f 1784/2957/2957 1785/2959/2959 1668/2956/2956
f 1783/2955/2955 1784/2957/2957 1670/2954/2954
f 1782/2953/2953 1783/2955/2955 1672/2952/2952
f 1781/2951/2951 1782/2953/2953 1671/2950/2950
f 1780/2949/2949 1781/2951/2951 1673/2948/2948
f 1779/2947/2947 1780/2949/2949 1680/2946/2946
f 1778/2945/2945 1779/2947/2947 1699/2944/2944
f 1777/2943/2943 1778/2945/2945 1700/2942/2942
f 1776/2941/2941 1777/2943/2943 1682/2940/2940
f 1775/2939/2939 1776/2941/2941 1681/2938/2938
f 1774/2937/2937 1775/2939/2939 1683/2936/2936
f 1773/2935/2935 1774/2937/2937 1701/2934/2934
f 1772/2933/2933 1773/2935/2935 1684/2932/2932
f 1771/2931/2931 1772/2933/2933 1685/2930/2930
f 1770/2929/2929 1771/2931/2931 1702/2928/2928
f 1769/2927/2927 1770/2929/2929 1703/2926/2926
f 1768/2925/2925 1769/2927/2927 1705/2924/2924
f 1767/2923/2923 1768/2925/2925 1704/2922/2922
f 1766/2921/2921 1767/2923/2923 1706/2920/2920
f 1765/2919/2919 1766/2921/2921 1712/2918/2918
f 1764/2917/2917 1765/2919/2919 1713/2916/2916
f 1763/2915/2915 1764/2917/2917 1714/2914/2914
f 1762/2913/2913 1763/2915/2915 1717/2912/2912
f 1761/2911/2911 1762/2913/2913 1720/2910/2910
f 1760/2909/2909 1761/2911/2911 1721/2908/2908
f 1759/2907/2907 1760/2909/2909 1722/2906/2906
f 1758/2905/2905 1759/2907/2907 1715/2904/2904
f 1757/2903/2903 1758/2905/2905 1687/2902/2902
f 1756/2901/2901 1757/2903/2903 1686/2900/2900
f 1755/2899/2899 1756/2901/2901 1688/2898/2898
f 1754/2897/2897 1755/2899/2899 1707/2896/2896
f 1753/2895/2895 1754/2897/2897 1708/2894/2894
f 1752/2893/2893 1753/2895/2895 1709/2892/2892
f 1751/2891/2891 1752/2893/2893 1690/2890/2890
f 1750/2889/2889 1751/2891/2891 1689/2888/2888
f 1749/2887/2887 1750/2889/2889 1654/2886/2886
f 1748/2885/2885 1749/2887/2887 1653/2884/2884
f 1747/2883/2883 1748/2885/2885 1655/2882/2882
f 1746/2881/2881 1747/2883/2883 1656/2880/2880
f 1745/2879/2879 1746/2881/2881 1657/2878/2878
f 1744/2877/2877 1745/2879/2879 1674/2876/2876
f 1743/2875/2875 1744/2877/2877 1691/2874/2874
f 1742/2873/2873 1743/2875/2875 1692/2872/2872
f 1741/2871/2871 1742/2873/2873 1675/2870/2870
f 1740/2869/2869 1741/2871/2871 1659/2868/2868
f 1739/2867/2867 1740/2869/2869 1658/2866/2866
f 1738/2865/2865 1739/2867/2867 1660/2864/2864
f 1737/2863/2863 1738/2865/2865 1676/2862/2862
f 1736/2861/2861 1737/2863/2863 1661/2860/2860
f 1735/2859/2859 1736/2861/2861 1662/2858/2858
f 1734/2857/2857 1735/2859/2859 1663/2856/2856
f 1733/2855/2855 1734/2857/2857 1664/2854/2854
f 1732/2853/2853 1733/2855/2855 1666/2852/2852
f 1731/2851/2851 1732/2853/2853 1665/2850/2850
f 1730/2849/2849 1731/2851/2851 1667/2848/2848
f 1729/2847/2847 1730/2849/2849 1677/2846/2846
f 1728/2845/2845 1729/2847/2847 1710/2844/2844
f 1727/2843/2843 1728/2845/2845 1711/2842/2842
f 1726/2841/2841 1727/2843/2843 1716/2840/2840
f 1725/2839/2839 1726/2841/2841 1718/2837/2837
f 540/2981/2981 1797/2982/2982 1798/2983/2983
f 541/2984/2984 1798/2983/2983 1799/2985/2985
f 536/2986/2986 1799/2985/2985 1800/2987/2987
f 537/2988/2988 1800/2987/2987 1801/2989/2989
f 539/2990/2990 1801/2989/2989 1802/2991/2991
f 964/2992/2992 1802/2991/2991 1803/2993/2993
f 957/2994/2994 1803/2993/2993 1804/2995/2995
f 960/2996/2996 1804/2995/2995 1805/2997/2997
f 963/2998/2998 1805/2997/2997 1806/2999/2999
f 958/3000/3000 1806/2999/2999 1807/3001/3001
f 959/3002/3002 1807/3001/3001 1808/3003/3003
f 961/3004/3004 1808/3003/3003 1809/3005/3005
f 962/3006/3006 1809/3005/3005 1810/3007/3007
f 947/3008/3008 1810/3007/3007 1811/3009/3009
f 948/3010/3010 1811/3009/3009 1812/3011/3011
f 952/3012/3012 1812/3011/3011 1813/3013/3013
f 950/3014/3014 1813/3013/3013 1814/3015/3015
f 951/3016/3016 1814/3015/3015 1815/3017/3017
f 955/3018/3018 1815/3017/3017 1816/3019/3019
f 956/3020/3020 1816/3019/3019 1817/3021/3021
f 945/3022/3022 1817/3021/3021 1818/3023/3023
f 946/3024/3024 1818/3023/3023 1819/3025/3025
f 943/3026/3026 1819/3025/3025 1820/3027/3027
f 944/3028/3028 1820/3027/3027 1821/3029/3029
f 949/3030/3030 1821/3029/3029 1822/3031/3031
f 953/3032/3032 1822/3031/3031 1823/3033/3033
f 954/3034/3034 1823/3033/3033 1824/3035/3035
f 967/3036/3036 1824/3035/3035 1825/3037/3037
f 968/3038/3038 1825/3037/3037 1826/3039/3039
f 965/3040/3040 1826/3039/3039 1827/3041/3041
f 966/3042/3042 1827/3041/3041 1828/3043/3043
f 941/3044/3044 1828/3043/3043 1829/3045/3045
f 935/3046/3046 1829/3045/3045 1830/3047/3047
f 936/3048/3048 1830/3047/3047 1831/3049/3049
f 940/3050/3050 939/3051/3051 1832/3052/3052
f 939/3051/3051 1831/3049/3049 1832/3052/3052
f 940/3050/3050 1833/3053/3053 1834/3054/3054
f 937/3055/3055 1834/3054/3054 1835/3056/3056
f 938/3057/3057 1835/3056/3056 1836/3058/3058
f 928/3059/3059 1836/3058/3058 1837/3060/3060
f 929/3061/3061 1837/3060/3060 1838/3062/3062
f 933/3063/3063 1838/3062/3062 1839/3064/3064
f 934/3065/3065 1839/3064/3064 1840/3066/3066
f 931/3067/3067 1840/3066/3066 1841/3068/3068
f 932/3069/3069 1841/3068/3068 1842/3070/3070
f 926/3071/3071 1842/3070/3070 1843/3072/3072
f 925/3073/3073 1843/3072/3072 1844/3074/3074
f 922/3075/3075 1844/3074/3074 1845/3076/3076
f 923/3077/3077 1845/3076/3076 1846/3078/3078
f 924/3079/3079 1846/3078/3078 1847/3080/3080
f 930/3081/3081 1847/3080/3080 1848/3082/3082
f 914/3083/3083 1848/3082/3082 1849/3084/3084
f 919/3085/3085 1849/3084/3084 1850/3086/3086
f 917/3087/3087 1850/3086/3086 1851/3088/3088
f 918/3089/3089 1851/3088/3088 1852/3090/3090
f 915/3091/3091 1852/3090/3090 1853/3092/3092
f 916/3093/3093 1853/3092/3092 1854/3094/3094
f 921/3095/3095 1854/3094/3094 1855/3096/3096
f 920/3097/3097 1855/3096/3096 1856/3098/3098
f 530/3099/3099 1856/3098/3098 1857/3100/3100
f 531/3101/3101 1857/3100/3100 1858/3102/3102
f 535/3103/3103 1858/3102/3102 1859/3104/3104
f 533/3105/3105 1859/3104/3104 1860/3106/3106
f 534/3107/3107 1860/3106/3106 1861/3108/3108
f 528/3109/3109 1861/3108/3108 1862/3110/3110
f 529/3111/3111 1862/3110/3110 1863/3112/3112
f 532/3113/3113 1863/3112/3112 1864/3114/3114
f 526/3115/3115 1864/3114/3114 1865/3116/3116
f 527/3117/3117 1865/3116/3116 1866/3118/3118
f 524/3119/3119 1866/3118/3118 1867/3120/3120
f 525/3121/3121 1867/3120/3120 1868/3122/3122
f 542/3123/3123 1868/3122/3122 1869/3124/3124
f 538/3125/3125 1869/3124/3124 1797/2982/2982
f 1797/2982/2982 540/2981/2981 538/3125/3125
f 1869/3124/3124 538/3125/3125 542/3123/3123
f 1868/3122/3122 542/3123/3123 525/3121/3121
f 1867/3120/3120 525/3121/3121 524/3119/3119
f 1866/3118/3118 524/3119/3119 527/3117/3117
f 1865/3116/3116 527/3117/3117 526/3115/3115
f 1864/3114/3114 526/3115/3115 532/3113/3113
f 1863/3112/3112 532/3113/3113 529/3111/3111
f 1862/3110/3110 529/3111/3111 528/3109/3109
f 1861/3108/3108 528/3109/3109 534/3107/3107
f 1860/3106/3106 534/3107/3107 533/3105/3105
f 1859/3104/3104 533/3105/3105 535/3103/3103
f 1858/3102/3102 535/3103/3103 531/3101/3101
f 1857/3100/3100 531/3101/3101 530/3099/3099
f 1856/3098/3098 530/3099/3099 920/3097/3097
f 1855/3096/3096 920/3097/3097 921/3095/3095
f 1854/3094/3094 921/3095/3095 916/3093/3093
f 1853/3092/3092 916/3093/3093 915/3091/3091
f 1852/3090/3090 915/3091/3091 918/3089/3089
f 1851/3088/3088 918/3089/3089 917/3087/3087
f 1850/3086/3086 917/3087/3087 919/3085/3085
f 1849/3084/3084 919/3085/3085 914/3083/3083
f 1848/3082/3082 914/3083/3083 930/3081/3081
f 1847/3080/3080 930/3081/3081 924/3079/3079
f 1846/3078/3078 924/3079/3079 923/3077/3077
f 1845/3076/3076 923/3077/3077 922/3075/3075
f 1844/3074/3074 922/3075/3075 925/3073/3073
f 1843/3072/3072 925/3073/3073 926/3071/3071
f 1842/3070/3070 926/3071/3071 932/3069/3069
f 1841/3068/3068 932/3069/3069 931/3067/3067
f 1840/3066/3066 931/3067/3067 934/3065/3065
f 1839/3064/3064 934/3065/3065 933/3063/3063
f 1838/3062/3062 933/3063/3063 929/3061/3061
f 1837/3060/3060 929/3061/3061 928/3059/3059
f 1836/3058/3058 928/3059/3059 938/3057/3057
f 1835/3056/3056 938/3057/3057 937/3055/3055
f 1834/3054/3054 937/3055/3055 940/3050/3050
f 1832/3052/3052 1833/3053/3053 940/3050/3050
f 1831/3049/3049 939/3051/3051 936/3048/3048
f 1830/3047/3047 936/3048/3048 935/3046/3046
f 1829/3045/3045 935/3046/3046 941/3044/3044
f 1828/3043/3043 941/3044/3044 966/3042/3042
f 1827/3041/3041 966/3042/3042 965/3040/3040
f 1826/3039/3039 965/3040/3040 968/3038/3038
f 1825/3037/3037 968/3038/3038 967/3036/3036
f 1824/3035/3035 967/3036/3036 954/3034/3034
f 1823/3033/3033 954/3034/3034 953/3032/3032
f 1822/3031/3031 953/3032/3032 949/3030/3030
f 1821/3029/3029 949/3030/3030 944/3028/3028
f 1820/3027/3027 944/3028/3028 943/3026/3026
f 1819/3025/3025 943/3026/3026 946/3024/3024
f 1818/3023/3023 946/3024/3024 945/3022/3022
f 1817/3021/3021 945/3022/3022 956/3020/3020
f 1816/3019/3019 956/3020/3020 955/3018/3018
f 1815/3017/3017 955/3018/3018 951/3016/3016
f 1814/3015/3015 951/3016/3016 950/3014/3014
f 1813/3013/3013 950/3014/3014 952/3012/3012
f 1812/3011/3011 952/3012/3012 948/3010/3010
f 1811/3009/3009 948/3010/3010 947/3008/3008
f 1810/3007/3007 947/3008/3008 962/3006/3006
f 1809/3005/3005 962/3006/3006 961/3004/3004
f 1808/3003/3003 961/3004/3004 959/3002/3002
f 1807/3001/3001 959/3002/3002 958/3000/3000
f 1806/2999/2999 958/3000/3000 963/2998/2998
f 1805/2997/2997 963/2998/2998 960/2996/2996
f 1804/2995/2995 960/2996/2996 957/2994/2994
f 1803/2993/2993 957/2994/2994 964/2992/2992
f 1802/2991/2991 964/2992/2992 539/2990/2990
f 1801/2989/2989 539/2990/2990 537/2988/2988
f 1800/2987/2987 537/2988/2988 536/2986/2986
f 1799/2985/2985 536/2986/2986 541/2984/2984
f 1798/2983/2983 541/2984/2984 540/2981/2981
f 1812/3126/3126 1870/3127/3127 1871/3128/3128
f 1812/3126/3126 1811/3129/3129 1872/3130/3130
f 1826/3131/3131 1873/3132/3132 1874/3133/3133
f 1825/3134/3134 1875/3135/3135 1873/3132/3132
f 1822/3136/3136 1876/3137/3137 1877/3138/3138
f 1822/3136/3136 1821/3139/3139 1878/3140/3140
f 1818/3141/3141 1879/3142/3142 1880/3143/3143
f 1818/3141/3141 1817/3144/3144 1881/3145/3145
f 1872/3130/3130 1870/3127/3127 1812/3126/3126
f 1811/3129/3129 1810/3146/3146 1882/3147/3147
f 1805/3148/3148 1804/3149/3149 1883/3150/3150
f 1804/3149/3149 1803/3151/3151 1884/3152/3152
f 1849/3153/3153 1885/3154/3154 1886/3155/3155
f 1849/3153/3153 1848/3156/3156 1887/3157/3157
f 1832/3158/3158 1888/3159/3159 1889/3160/3160
f 1830/3161/3161 1890/3162/3162 1891/3163/3163
f 1873/3132/3132 1826/3131/3131 1825/3134/3134
f 1825/3134/3134 1824/3164/3164 1892/3165/3165
f 1878/3140/3140 1876/3137/3137 1822/3136/3136
f 1821/3139/3139 1820/3166/3166 1893/3167/3167
f 1819/3168/3168 1880/3143/3143 1893/3167/3167
f 1881/3145/3145 1879/3142/3142 1818/3141/3141
f 1882/3147/3147 1872/3130/3130 1811/3129/3129
f 1809/3169/3169 1894/3170/3170 1882/3147/3147
f 1808/3171/3171 1895/3172/3172 1894/3170/3170
f 1808/3171/3171 1807/3173/3173 1896/3174/3174
f 1805/3148/3148 1897/3175/3175 1898/3176/3176
f 1884/3152/3152 1883/3150/3150 1804/3149/3149
f 1863/3177/3177 1899/3178/3178 1900/3179/3179
f 1862/3180/3180 1901/3181/3181 1899/3178/3178
f 1855/3182/3182 1902/3183/3183 1903/3184/3184
f 1855/3182/3182 1854/3185/3185 1904/3186/3186
f 1887/3157/3157 1885/3154/3154 1849/3153/3153
f 1848/3156/3156 1847/3187/3187 1905/3188/3188
f 1842/3189/3189 1841/3190/3190 1906/3191/3191
f 1841/3190/3190 1840/3192/3192 1907/3193/3193
f 1889/3160/3160 1833/3194/3194 1832/3158/3158
f 1891/3163/3163 1831/3195/3195 1830/3161/3161
f 1892/3165/3165 1875/3135/3135 1825/3134/3134
f 1824/3164/3164 1823/3196/3196 1877/3138/3138
f 1893/3167/3167 1878/3140/3140 1821/3139/3139
f 1880/3143/3143 1819/3168/3168 1818/3141/3141
f 1882/3147/3147 1810/3146/3146 1809/3169/3169
f 1896/3174/3174 1895/3172/3172 1808/3171/3171
f 1806/3197/3197 1898/3176/3176 1896/3174/3174
f 1883/3150/3150 1897/3175/3175 1805/3148/3148
f 1899/3178/3178 1863/3177/3177 1862/3180/3180
f 1862/3180/3180 1861/3198/3198 1908/3199/3199
f 1861/3198/3198 1860/3200/3200 1909/3201/3201
f 1860/3200/3200 1859/3202/3202 1910/3203/3203
f 1858/3204/3204 1911/3205/3205 1910/3203/3203
f 1858/3204/3204 1857/3206/3206 1912/3207/3207
f 1856/3208/3208 1903/3184/3184 1912/3207/3207
f 1904/3186/3186 1902/3183/3183 1855/3182/3182
f 1905/3188/3188 1887/3157/3157 1848/3156/3156
f 1846/3209/3209 1913/3210/3210 1905/3188/3188
f 1845/3211/3211 1914/3212/3212 1913/3210/3210
f 1845/3211/3211 1844/3213/3213 1915/3214/3214
f 1842/3189/3189 1916/3215/3215 1917/3216/3216
f 1907/3193/3193 1906/3191/3191 1841/3190/3190
f 1891/3163/3163 1888/3159/3159 1831/3195/3195
f 1829/3217/3217 1918/3218/3218 1890/3162/3162
f 1877/3138/3138 1892/3165/3165 1824/3164/3164
f 1893/3167/3167 1820/3166/3166 1819/3168/3168
f 1816/3219/3219 1919/3220/3220 1881/3145/3145
f 1816/3219/3219 1815/3221/3221 1920/3222/3222
f 1814/3223/3223 1921/3224/3224 1920/3222/3222
f 1814/3223/3223 1813/3225/3225 1871/3128/3128
f 1894/3170/3170 1809/3169/3169 1808/3171/3171
f 1898/3176/3176 1806/3197/3197 1805/3148/3148
f 1908/3199/3199 1901/3181/3181 1862/3180/3180
f 1910/3203/3203 1909/3201/3201 1860/3200/3200
f 1912/3207/3207 1911/3205/3205 1858/3204/3204
f 1903/3184/3184 1856/3208/3208 1855/3182/3182
f 1905/3188/3188 1847/3187/3187 1846/3209/3209
f 1915/3214/3214 1914/3212/3212 1845/3211/3211
f 1843/3226/3226 1917/3216/3216 1915/3214/3214
f 1906/3191/3191 1916/3215/3215 1842/3189/3189
f 1890/3162/3162 1830/3161/3161 1829/3217/3217
f 1829/3217/3217 1828/3227/3227 1922/3228/3228
f 1877/3138/3138 1823/3196/3196 1822/3136/3136
f 1920/3222/3222 1919/3220/3220 1816/3219/3219
f 1871/3128/3128 1921/3224/3224 1814/3223/3223
f 1896/3174/3174 1807/3173/3173 1806/3197/3197
f 1909/3201/3201 1908/3199/3199 1861/3198/3198
f 1912/3207/3207 1857/3206/3206 1856/3208/3208
f 1853/3229/3229 1923/3230/3230 1904/3186/3186
f 1853/3229/3229 1852/3231/3231 1924/3232/3232
f 1851/3233/3233 1925/3234/3234 1924/3232/3232
f 1851/3233/3233 1850/3235/3235 1886/3155/3155
f 1913/3210/3210 1846/3209/3209 1845/3211/3211
f 1917/3216/3216 1843/3226/3226 1842/3189/3189
f 1922/3228/3228 1918/3218/3218 1829/3217/3217
f 1828/3227/3227 1827/3236/3236 1874/3133/3133
f 1881/3145/3145 1817/3144/3144 1816/3219/3219
f 1871/3128/3128 1813/3225/3225 1812/3126/3126
f 1801/3237/3237 1926/3238/3238 1927/3239/3239
f 1801/3237/3237 1800/3240/3240 1928/3241/3241
f 1910/3203/3203 1859/3202/3202 1858/3204/3204
f 1924/3232/3232 1923/3230/3230 1853/3229/3229
f 1886/3155/3155 1925/3234/3234 1851/3233/3233
f 1915/3214/3214 1844/3213/3213 1843/3226/3226
f 1874/3133/3133 1922/3228/3228 1828/3227/3227
f 1920/3222/3222 1815/3221/3221 1814/3223/3223
f 1802/3242/3242 1927/3239/3239 1884/3152/3152
f 1928/3241/3241 1926/3238/3238 1801/3237/3237
f 1799/3243/3243 1929/3244/3244 1928/3241/3241
f 1799/3243/3243 1798/3245/3245 1930/3246/3246
f 1797/3247/3247 1931/3248/3248 1930/3246/3246
f 1797/3247/3247 1869/3249/3249 1932/3250/3250
f 1904/3186/3186 1854/3185/3185 1853/3229/3229
f 1886/3155/3155 1850/3235/3235 1849/3153/3153
f 1874/3133/3133 1827/3236/3236 1826/3131/3131
f 1927/3239/3239 1802/3242/3242 1801/3237/3237
f 1930/3246/3246 1929/3244/3244 1799/3243/3243
f 1932/3250/3250 1931/3248/3248 1797/3247/3247
f 1868/3251/3251 1933/3252/3252 1932/3250/3250
f 1868/3251/3251 1867/3253/3253 1934/3254/3254
f 1866/3255/3255 1935/3256/3256 1934/3254/3254
f 1866/3255/3255 1865/3257/3257 1936/3258/3258
f 1864/3259/3259 1900/3179/3179 1936/3258/3258
f 1924/3232/3232 1852/3231/3231 1851/3233/3233
f 1838/3260/3260 1937/3261/3261 1938/3262/3262
f 1838/3260/3260 1837/3263/3263 1939/3264/3264
f 1834/3265/3265 1833/3194/3194 1889/3160/3160
f 1884/3152/3152 1803/3151/3151 1802/3242/3242
f 1930/3246/3246 1798/3245/3245 1797/3247/3247
f 1934/3254/3254 1933/3252/3252 1868/3251/3251
f 1936/3258/3258 1935/3256/3256 1866/3255/3255
f 1900/3179/3179 1864/3259/3259 1863/3177/3177
f 1839/3266/3266 1938/3262/3262 1907/3193/3193
f 1939/3264/3264 1937/3261/3261 1838/3260/3260
f 1832/3158/3158 1831/3195/3195 1888/3159/3159
f 1932/3250/3250 1869/3249/3249 1868/3251/3251
f 1936/3258/3258 1865/3257/3257 1864/3259/3259
f 1938/3262/3262 1839/3266/3266 1838/3260/3260
f 1836/3267/3267 1940/3268/3268 1939/3264/3264
f 1836/3267/3267 1835/3269/3269 1941/3270/3270
f 1928/3241/3241 1800/3240/3240 1799/3243/3243
f 1907/3193/3193 1840/3192/3192 1839/3266/3266
f 1941/3270/3270 1940/3268/3268 1836/3267/3267
f 1834/3265/3265 1942/3271/3271 1941/3270/3270
f 1934/3254/3254 1867/3253/3253 1866/3255/3255
f 1941/3270/3270 1835/3269/3269 1834/3265/3265
f 1939/3264/3264 1837/3263/3263 1836/3267/3267
f 1889/3160/3160 1942/3271/3271 1834/3265/3265
f 1943/3272/3272 1944/3273/3273 1931/3274/3274
f 1945/3275/3275 1943/3272/3272 1932/3276/3276
f 1946/3277/3277 1945/3275/3275 1933/3278/3278
f 1947/3279/3279 1946/3277/3277 1934/3280/3280
f 1948/3281/3281 1947/3279/3279 1935/3282/3282
f 1949/3283/3283 1948/3281/3281 1936/3284/3284
f 1950/3285/3285 1949/3283/3283 1900/3286/3286
f 1951/3287/3287 1950/3285/3285 1899/3288/3288
f 1952/3289/3289 1951/3287/3287 1901/3290/3290
f 1953/3291/3291 1952/3289/3289 1908/3292/3292
f 1954/3293/3293 1953/3291/3291 1909/3294/3294
f 1955/3295/3295 1954/3293/3293 1910/3296/3296
f 1956/3297/3297 1955/3295/3295 1911/3298/3298
f 1957/3299/3299 1956/3297/3297 1912/3300/3300
f 1958/3301/3301 1957/3299/3299 1903/3302/3302
f 1959/3303/3303 1958/3301/3301 1902/3304/3304
f 1960/3305/3305 1959/3303/3303 1904/3306/3306
f 1961/3307/3307 1960/3305/3305 1923/3308/3308
f 1962/3309/3309 1961/3307/3307 1924/3310/3310
f 1963/3311/3311 1962/3309/3309 1925/3312/3312
f 1964/3313/3313 1963/3311/3311 1886/3314/3314
f 1965/3315/3315 1964/3313/3313 1885/3316/3316
f 1966/3317/3317 1965/3315/3315 1887/3318/3318
f 1967/3319/3319 1966/3317/3317 1905/3320/3320
f 1968/3321/3321 1967/3319/3319 1913/3322/3322
f 1969/3323/3323 1968/3321/3321 1914/3324/3324
f 1970/3325/3325 1969/3323/3323 1915/3326/3326
f 1971/3327/3327 1970/3325/3325 1917/3328/3328
f 1972/3329/3329 1971/3327/3327 1916/3330/3330
f 1973/3331/3331 1972/3329/3329 1906/3332/3332
f 1974/3333/3333 1973/3331/3331 1907/3334/3334
f 1975/3335/3335 1974/3333/3333 1938/3336/3336
f 1976/3337/3337 1975/3335/3335 1937/3338/3338
f 1977/3339/3339 1976/3337/3337 1939/3340/3340
f 1978/3341/3341 1977/3339/3339 1940/3342/3342
f 1979/3343/3343 1978/3341/3341 1941/3344/3344
f 1980/3345/3345 1979/3343/3343 1942/3346/3346
f 1981/3347/3347 1980/3345/3345 1889/3348/3348
f 1982/3349/3349 1983/3350/3350 1891/3351/3351
f 1888/3352/3352 1891/3351/3351 1983/3350/3350
f 1983/3350/3350 1981/3347/3347 1888/3352/3352
f 1984/3353/3353 1982/3349/3349 1890/3354/3354
f 1985/3355/3355 1984/3353/3353 1918/3356/3356
f 1986/3357/3357 1985/3355/3355 1922/3358/3358
f 1987/3359/3359 1986/3357/3357 1874/3360/3360
f 1988/3361/3361 1987/3359/3359 1873/3362/3362
f 1989/3363/3363 1988/3361/3361 1875/3364/3364
f 1990/3365/3365 1989/3363/3363 1892/3366/3366
f 1991/3367/3367 1990/3365/3365 1877/3368/3368
f 1992/3369/3369 1991/3367/3367 1876/3370/3370
f 1993/3371/3371 1992/3369/3369 1878/3372/3372
f 1994/3373/3373 1993/3371/3371 1893/3374/3374
f 1995/3375/3375 1994/3373/3373 1880/3376/3376
f 1996/3377/3377 1995/3375/3375 1879/3378/3378
f 1997/3379/3379 1996/3377/3377 1881/3380/3380
f 1998/3381/3381 1997/3379/3379 1919/3382/3382
f 1999/3383/3383 1998/3381/3381 1920/3384/3384
f 2000/3385/3385 1999/3383/3383 1921/3386/3386
f 2001/3387/3387 2000/3385/3385 1871/3388/3388
f 2002/3389/3389 2001/3387/3387 1870/3390/3390
f 2003/3391/3391 2002/3389/3389 1872/3392/3392
f 2004/3393/3393 2003/3391/3391 1882/3394/3394
f 2005/3395/3395 2004/3393/3393 1894/3396/3396
f 2006/3397/3397 2005/3395/3395 1895/3398/3398
f 2007/3399/3399 2006/3397/3397 1896/3400/3400
f 2008/3401/3401 2007/3399/3399 1898/3402/3402
f 2009/3403/3403 2008/3401/3401 1897/3404/3404
f 2010/3405/3405 2009/3403/3403 1883/3406/3406
f 2011/3407/3407 2010/3405/3405 1884/3408/3408
f 2012/3409/3409 2011/3407/3407 1927/3410/3410
f 2013/3411/3411 2012/3409/3409 1926/3412/3412
f 2014/3413/3413 2013/3411/3411 1928/3414/3414
f 2015/3415/3415 2014/3413/3413 1929/3416/3416
f 1944/3273/3273 2015/3415/3415 1930/3417/3417
f 1930/3417/3417 1931/3274/3274 1944/3273/3273
f 1929/3416/3416 1930/3417/3417 2015/3415/3415
f 1928/3414/3414 1929/3416/3416 2014/3413/3413
f 1926/3412/3412 1928/3414/3414 2013/3411/3411
f 1927/3410/3410 1926/3412/3412 2012/3409/3409
f 1884/3408/3408 1927/3410/3410 2011/3407/3407
f 1883/3406/3406 1884/3408/3408 2010/3405/3405
f 1897/3404/3404 1883/3406/3406 2009/3403/3403
f 1898/3402/3402 1897/3404/3404 2008/3401/3401
f 1896/3400/3400 1898/3402/3402 2007/3399/3399
f 1895/3398/3398 1896/3400/3400 2006/3397/3397
f 1894/3396/3396 1895/3398/3398 2005/3395/3395
f 1882/3394/3394 1894/3396/3396 2004/3393/3393
f 1872/3392/3392 1882/3394/3394 2003/3391/3391
f 1870/3390/3390 1872/3392/3392 2002/3389/3389
f 1871/3388/3388 1870/3390/3390 2001/3387/3387
f 1921/3386/3386 1871/3388/3388 2000/3385/3385
f 1920/3384/3384 1921/3386/3386 1999/3383/3383
f 1919/3382/3382 1920/3384/3384 1998/3381/3381
f 1881/3380/3380 1919/3382/3382 1997/3379/3379
f 1879/3378/3378 1881/3380/3380 1996/3377/3377
f 1880/3376/3376 1879/3378/3378 1995/3375/3375
f 1893/3374/3374 1880/3376/3376 1994/3373/3373
f 1878/3372/3372 1893/3374/3374 1993/3371/3371
f 1876/3370/3370 1878/3372/3372 1992/3369/3369
f 1877/3368/3368 1876/3370/3370 1991/3367/3367
f 1892/3366/3366 1877/3368/3368 1990/3365/3365
f 1875/3364/3364 1892/3366/3366 1989/3363/3363
f 1873/3362/3362 1875/3364/3364 1988/3361/3361
f 1874/3360/3360 1873/3362/3362 1987/3359/3359
f 1922/3358/3358 1874/3360/3360 1986/3357/3357
f 1918/3356/3356 1922/3358/3358 1985/3355/3355
f 1890/3354/3354 1918/3356/3356 1984/3353/3353
f 1891/3351/3351 1890/3354/3354 1982/3349/3349
f 1889/3348/3348 1888/3352/3352 1981/3347/3347
f 1942/3346/3346 1889/3348/3348 1980/3345/3345
f 1941/3344/3344 1942/3346/3346 1979/3343/3343
f 1940/3342/3342 1941/3344/3344 1978/3341/3341
f 1939/3340/3340 1940/3342/3342 1977/3339/3339
f 1937/3338/3338 1939/3340/3340 1976/3337/3337
f 1938/3336/3336 1937/3338/3338 1975/3335/3335
f 1907/3334/3334 1938/3336/3336 1974/3333/3333
f 1906/3332/3332 1907/3334/3334 1973/3331/3331
f 1916/3330/3330 1906/3332/3332 1972/3329/3329
f 1917/3328/3328 1916/3330/3330 1971/3327/3327
f 1915/3326/3326 1917/3328/3328 1970/3325/3325
f 1914/3324/3324 1915/3326/3326 1969/3323/3323
f 1913/3322/3322 1914/3324/3324 1968/3321/3321
f 1905/3320/3320 1913/3322/3322 1967/3319/3319
f 1887/3318/3318 1905/3320/3320 1966/3317/3317
f 1885/3316/3316 1887/3318/3318 1965/3315/3315
f 1886/3314/3314 1885/3316/3316 1964/3313/3313
f 1925/3312/3312 1886/3314/3314 1963/3311/3311
f 1924/3310/3310 1925/3312/3312 1962/3309/3309
f 1923/3308/3308 1924/3310/3310 1961/3307/3307
f 1904/3306/3306 1923/3308/3308 1960/3305/3305
f 1902/3304/3304 1904/3306/3306 1959/3303/3303
f 1903/3302/3302 1902/3304/3304 1958/3301/3301
f 1912/3300/3300 1903/3302/3302 1957/3299/3299
f 1911/3298/3298 1912/3300/3300 1956/3297/3297
f 1910/3296/3296 1911/3298/3298 1955/3295/3295
f 1909/3294/3294 1910/3296/3296 1954/3293/3293
f 1908/3292/3292 1909/3294/3294 1953/3291/3291
f 1901/3290/3290 1908/3292/3292 1952/3289/3289
f 1899/3288/3288 1901/3290/3290 1951/3287/3287
f 1900/3286/3286 1899/3288/3288 1950/3285/3285
f 1936/3284/3284 1900/3286/3286 1949/3283/3283
f 1935/3282/3282 1936/3284/3284 1948/3281/3281
f 1934/3280/3280 1935/3282/3282 1947/3279/3279
f 1933/3278/3278 1934/3280/3280 1946/3277/3277
f 1932/3276/3276 1933/3278/3278 1945/3275/3275
f 1931/3274/3274 1932/3276/3276 1943/3272/3272
f 1969/3418/3418 2016/3419/3419 2017/3420/3420
f 1969/3418/3418 1970/3421/3421 2018/3422/3422
f 2018/3422/3422 2016/3419/3419 1969/3418/3418
f 1971/3423/3423 2019/3424/3424 2018/3422/3422
f 1972/3425/3425 2020/3426/3426 2019/3424/3424
f 1972/3425/3425 1973/3427/3427 2021/3428/3428
f 1967/3429/3429 2022/3430/3430 2023/3431/3431
f 1967/3429/3429 1968/3432/3432 2017/3420/3420
f 2018/3422/3422 1970/3421/3421 1971/3423/3423
f 2021/3428/3428 2020/3426/3426 1972/3425/3425
f 1953/3433/3433 2024/3434/3434 2025/3435/3435
f 1953/3433/3433 1954/3436/3436 2026/3437/3437
f 1957/3438/3438 2027/3439/3439 2028/3440/3440
f 1957/3438/3438 1958/3441/3441 2029/3442/3442
f 1960/3443/3443 2030/3444/3444 2031/3445/3445
f 1960/3443/3443 1961/3446/3446 2032/3447/3447
f 1962/3448/3448 2033/3449/3449 2032/3447/3447
f 1962/3448/3448 1963/3450/3450 2034/3451/3451
f 1964/3452/3452 2035/3453/3453 2034/3451/3451
f 1964/3452/3452 1965/3454/3454 2036/3455/3455
f 2017/3420/3420 2022/3430/3430 1967/3429/3429
f 2019/3424/3424 1971/3423/3423 1972/3425/3425
f 1990/3456/3456 2037/3457/3457 2038/3458/3458
f 1990/3456/3456 1991/3459/3459 2039/3460/3460
f 2006/3461/3461 2040/3462/3462 2041/3463/3463
f 2006/3461/3461 2007/3464/3464 2042/3465/3465
f 1950/3466/3466 2043/3467/3467 2044/3468/3468
f 1950/3466/3466 1951/3469/3469 2045/3470/3470
f 1951/3469/3469 1952/3471/3471 2025/3435/3435
f 2026/3437/3437 2024/3434/3434 1953/3433/3433
f 1955/3472/3472 2046/3473/3473 2026/3437/3437
f 1955/3472/3472 1956/3474/3474 2028/3440/3440
f 2029/3442/3442 2027/3439/3439 1957/3438/3438
f 1958/3441/3441 1959/3475/3475 2031/3445/3445
f 2032/3447/3447 2030/3444/3444 1960/3443/3443
f 2034/3451/3451 2033/3449/3449 1962/3448/3448
f 2036/3455/3455 2035/3453/3453 1964/3452/3452
f 1965/3454/3454 1966/3476/3476 2023/3431/3431
f 2017/3420/3420 1968/3432/3432 1969/3418/3418
f 1973/3427/3427 1974/3477/3477 2047/3478/3478
f 1987/3479/3479 2048/3480/3480 2049/3481/3481
f 1987/3479/3479 1988/3482/3482 2050/3483/3483
f 1988/3482/3482 1989/3484/3484 2038/3458/3458
f 2039/3460/3460 2037/3457/3457 1990/3456/3456
f 1992/3485/3485 2051/3486/3486 2039/3460/3460
f 1992/3485/3485 1993/3487/3487 2052/3488/3488
f 2042/3465/3465 2040/3462/3462 2006/3461/3461
f 2008/3489/3489 2053/3490/3490 2042/3465/3465
f 2009/3491/3491 2054/3492/3492 2053/3490/3490
f 2009/3491/3491 2010/3493/3493 2055/3494/3494
f 1949/3495/3495 2044/3468/3468 2056/3496/3496
f 2045/3470/3470 2043/3467/3467 1950/3466/3466
f 2025/3435/3435 1952/3471/3471 1953/3433/3433
f 2028/3440/3440 2046/3473/3473 1955/3472/3472
f 2031/3445/3445 2029/3442/3442 1958/3441/3441
f 2032/3447/3447 1961/3446/3446 1962/3448/3448
f 2023/3431/3431 2036/3455/3455 1965/3454/3454
f 2047/3478/3478 2021/3428/3428 1973/3427/3427
f 1986/3497/3497 2049/3481/3481 2057/3498/3498
f 2050/3483/3483 2048/3480/3480 1987/3479/3479
f 2038/3458/3458 1989/3484/3484 1990/3456/3456
f 2052/3488/3488 2051/3486/3486 1992/3485/3485
f 1995/3499/3499 2058/3500/3500 2059/3501/3501
f 1995/3499/3499 1996/3502/3502 2060/3503/3503
f 2004/3504/3504 2061/3505/3505 2062/3506/3506
f 2004/3504/3504 2005/3507/3507 2041/3463/3463
f 2042/3465/3465 2007/3464/3464 2008/3489/3489
f 2055/3494/3494 2054/3492/3492 2009/3491/3491
f 2044/3468/3468 1949/3495/3495 1950/3466/3466
f 2026/3437/3437 1954/3436/3436 1955/3472/3472
f 2031/3445/3445 1959/3475/3475 1960/3443/3443
f 2023/3431/3431 1966/3476/3476 1967/3429/3429
f 2049/3481/3481 1986/3497/3497 1987/3479/3479
f 2039/3460/3460 1991/3459/3459 1992/3485/3485
f 1994/3508/3508 2059/3501/3501 2052/3488/3488
f 2060/3503/3503 2058/3500/3500 1995/3499/3499
f 1997/3509/3509 2063/3510/3510 2060/3503/3503
f 1997/3509/3509 1998/3511/3511 2064/3512/3512
f 1999/3513/3513 2065/3514/3514 2064/3512/3512
f 1999/3513/3513 2000/3515/3515 2066/3516/3516
f 2001/3517/3517 2067/3518/3518 2066/3516/3516
f 2001/3517/3517 2002/3519/3519 2068/3520/3520
f 2041/3463/3463 2061/3505/3505 2004/3504/3504
f 2053/3490/3490 2008/3489/3489 2009/3491/3491
f 1947/3521/3521 2069/3522/3522 2070/3523/3523
f 1947/3521/3521 1948/3524/3524 2056/3496/3496
f 2025/3435/3435 2045/3470/3470 1951/3469/3469
f 2034/3451/3451 1963/3450/3450 1964/3452/3452
f 2038/3458/3458 2050/3483/3483 1988/3482/3482
f 2059/3501/3501 1994/3508/3508 1995/3499/3499
f 2064/3512/3512 2063/3510/3510 1997/3509/3509
f 2066/3516/3516 2065/3514/3514 1999/3513/3513
f 2068/3520/3520 2067/3518/3518 2001/3517/3517
f 2002/3519/3519 2003/3525/3525 2062/3506/3506
f 2041/3463/3463 2005/3507/3507 2006/3461/3461
f 2010/3493/3493 2011/3526/3526 2071/3527/3527
f 2056/3496/3496 2069/3522/3522 1947/3521/3521
f 2028/3440/3440 1956/3474/3474 1957/3438/3438
f 1975/3528/3528 2072/3529/3529 2047/3478/3478
f 1975/3528/3528 1976/3530/3530 2073/3531/3531
f 2052/3488/3488 1993/3487/3487 1994/3508/3508
f 2064/3512/3512 1998/3511/3511 1999/3513/3513
f 2062/3506/3506 2068/3520/3520 2002/3519/3519
f 2071/3527/3527 2055/3494/3494 2010/3493/3493
f 2056/3496/3496 1948/3524/3524 1949/3495/3495
f 2073/3531/3531 2072/3529/3529 1975/3528/3528
f 2060/3503/3503 1996/3502/3502 1997/3509/3509
f 2062/3506/3506 2003/3525/3525 2004/3504/3504
f 2012/3532/3532 2074/3533/3533 2071/3527/3527
f 2012/3532/3532 2013/3534/3534 2075/3535/3535
f 2014/3536/3536 2076/3537/3537 2075/3535/3535
f 2014/3536/3536 2015/3538/3538 2077/3539/3539
f 1943/3540/3540 2078/3541/3541 2079/3542/3542
f 1943/3540/3540 1945/3543/3543 2080/3544/3544
f 1946/3545/3545 2070/3523/3523 2080/3544/3544
f 2047/3478/3478 1974/3477/3477 1975/3528/3528
f 1984/3546/3546 2081/3547/3547 2082/3548/3548
f 1984/3546/3546 1985/3549/3549 2057/3498/3498
f 2066/3516/3516 2000/3515/3515 2001/3517/3517
f 2075/3535/3535 2074/3533/3533 2012/3532/3532
f 2077/3539/3539 2076/3537/3537 2014/3536/3536
f 2015/3538/3538 1944/3550/3550 2079/3542/3542
f 2080/3544/3544 2078/3541/3541 1943/3540/3540
f 2070/3523/3523 1946/3545/3545 1947/3521/3521
f 1983/3551/3551 1982/3552/3552 2082/3548/3548
f 2057/3498/3498 2081/3547/3547 1984/3546/3546
f 2071/3527/3527 2011/3526/3526 2012/3532/3532
f 2079/3542/3542 2077/3539/3539 2015/3538/3538
f 2080/3544/3544 1945/3543/3543 1946/3545/3545
f 1977/3553/3553 2083/3554/3554 2073/3531/3531
f 1977/3553/3553 1978/3555/3555 2084/3556/3556
f 1981/3557/3557 2085/3558/3558 2086/3559/3559
f 2085/3558/3558 1981/3557/3557 1983/3551/3551
f 2057/3498/3498 1985/3549/3549 1986/3497/3497
f 2079/3542/3542 1944/3550/3550 1943/3540/3540
f 2084/3556/3556 2083/3554/3554 1977/3553/3553
f 1978/3555/3555 1979/3560/3560 2087/3561/3561
f 1980/3562/3562 2086/3559/3559 2087/3561/3561
f 2082/3548/3548 2085/3558/3558 1983/3551/3551
f 2075/3535/3535 2013/3534/3534 2014/3536/3536
f 2087/3561/3561 2084/3556/3556 1978/3555/3555
f 2086/3559/3559 1980/3562/3562 1981/3557/3557
f 2073/3531/3531 1976/3530/3530 1977/3553/3553
f 2082/3548/3548 1982/3552/3552 1984/3546/3546
f 2087/3561/3561 1979/3560/3560 1980/3562/3562
f 2084/3563/3563 2087/3564/3564 2088/3565/3565
f 2083/3566/3566 2084/3563/3563 2089/3567/3567
f 2073/3568/3568 2083/3566/3566 2090/3569/3569
f 2072/3570/3570 2073/3568/3568 2091/3571/3571
f 2047/3572/3572 2072/3570/3570 2092/3573/3573
f 2021/3574/3574 2047/3572/3572 2093/3575/3575
f 2020/3576/3576 2021/3574/3574 2094/3577/3577
f 2019/3578/3578 2020/3576/3576 2095/3579/3579
f 2018/3580/3580 2019/3578/3578 2096/3581/3581
f 2016/3582/3582 2018/3580/3580 2097/3583/3583
f 2017/3584/3584 2016/3582/3582 2098/3585/3585
f 2022/3586/3586 2017/3584/3584 2099/3587/3587
f 2023/3588/3588 2022/3586/3586 2100/3589/3589
f 2036/3590/3590 2023/3588/3588 2101/3591/3591
f 2035/3592/3592 2036/3590/3590 2102/3593/3593
f 2034/3594/3594 2035/3592/3592 2103/3595/3595
f 2033/3596/3596 2034/3594/3594 2104/3597/3597
f 2032/3598/3598 2033/3596/3596 2105/3599/3599
f 2030/3600/3600 2032/3598/3598 2106/3601/3601
f 2031/3602/3602 2030/3600/3600 2107/3603/3603
f 2029/3604/3604 2031/3602/3602 2108/3605/3605
f 2027/3606/3606 2029/3604/3604 2109/3607/3607
f 2028/3608/3608 2027/3606/3606 2110/3609/3609
f 2046/3610/3610 2028/3608/3608 2111/3611/3611
f 2026/3612/3612 2046/3610/3610 2112/3613/3613
f 2024/3614/3614 2026/3612/3612 2113/3615/3615
f 2025/3616/3616 2024/3614/3614 2114/3617/3617
f 2045/3618/3618 2025/3616/3616 2115/3619/3619
f 2043/3620/3620 2045/3618/3618 2116/3621/3621
f 2044/3622/3622 2043/3620/3620 2117/3623/3623
f 2056/3624/3624 2044/3622/3622 2118/3625/3625
f 2069/3626/3626 2056/3624/3624 2119/3627/3627
f 2070/3628/3628 2069/3626/3626 2120/3629/3629
f 2080/3630/3630 2070/3628/3628 2121/3631/3631
f 2078/3632/3632 2080/3630/3630 2122/3633/3633
f 2079/3634/3634 2078/3632/3632 2123/3635/3635
f 2077/3636/3636 2079/3634/3634 2124/3637/3637
f 2076/3638/3638 2077/3636/3636 2125/3639/3639
f 2075/3640/3640 2076/3638/3638 2126/3641/3641
f 2074/3642/3642 2075/3640/3640 2127/3643/3643
f 2071/3644/3644 2074/3642/3642 2128/3645/3645
f 2055/3646/3646 2071/3644/3644 2129/3647/3647
f 2054/3648/3648 2055/3646/3646 2130/3649/3649
f 2053/3650/3650 2054/3648/3648 2131/3651/3651
f 2042/3652/3652 2053/3650/3650 2132/3653/3653
f 2040/3654/3654 2042/3652/3652 2133/3655/3655
f 2041/3656/3656 2040/3654/3654 2134/3657/3657
f 2061/3658/3658 2041/3656/3656 2135/3659/3659
f 2062/3660/3660 2061/3658/3658 2136/3661/3661
f 2068/3662/3662 2062/3660/3660 2137/3663/3663
f 2067/3664/3664 2068/3662/3662 2138/3665/3665
f 2066/3666/3666 2067/3664/3664 2139/3667/3667
f 2065/3668/3668 2066/3666/3666 2140/3669/3669
f 2064/3670/3670 2065/3668/3668 2141/3671/3671
f 2063/3672/3672 2064/3670/3670 2142/3673/3673
f 2060/3674/3674 2063/3672/3672 2143/3675/3675
f 2058/3676/3676 2060/3674/3674 2144/3677/3677
f 2059/3678/3678 2058/3676/3676 2145/3679/3679
f 2052/3680/3680 2059/3678/3678 2146/3681/3681
f 2051/3682/3682 2052/3680/3680 2147/3683/3683
f 2039/3684/3684 2051/3682/3682 2148/3685/3685
f 2037/3686/3686 2039/3684/3684 2149/3687/3687
f 2038/3688/3688 2037/3686/3686 2150/3689/3689
f 2050/3690/3690 2038/3688/3688 2151/3691/3691
f 2048/3692/3692 2050/3690/3690 2152/3693/3693
f 2049/3694/3694 2048/3692/3692 2153/3695/3695
f 2057/3696/3696 2049/3694/3694 2154/3697/3697
f 2081/3698/3698 2057/3696/3696 2155/3699/3699
f 2082/3700/3700 2081/3698/3698 2156/3701/3701
f 2085/3702/3702 2082/3700/3700 2157/3703/3703
f 2086/3704/3704 2085/3702/3702 2158/3705/3705
f 2087/3564/3564 2086/3704/3704 2159/3706/3706
f 2159/3706/3706 2088/3565/3565 2087/3564/3564
f 2158/3705/3705 2159/3706/3706 2086/3704/3704
f 2157/3703/3703 2158/3705/3705 2085/3702/3702
f 2156/3701/3701 2157/3703/3703 2082/3700/3700
f 2155/3699/3699 2156/3701/3701 2081/3698/3698
f 2154/3697/3697 2155/3699/3699 2057/3696/3696
f 2153/3695/3695 2154/3697/3697 2049/3694/3694
f 2152/3693/3693 2153/3695/3695 2048/3692/3692
f 2151/3691/3691 2152/3693/3693 2050/3690/3690
f 2150/3689/3689 2151/3691/3691 2038/3688/3688
f 2149/3687/3687 2150/3689/3689 2037/3686/3686
f 2148/3685/3685 2149/3687/3687 2039/3684/3684
f 2147/3683/3683 2148/3685/3685 2051/3682/3682
f 2146/3681/3681 2147/3683/3683 2052/3680/3680
f 2145/3679/3679 2146/3681/3681 2059/3678/3678
f 2144/3677/3677 2145/3679/3679 2058/3676/3676
f 2143/3675/3675 2144/3677/3677 2060/3674/3674
f 2142/3673/3673 2143/3675/3675 2063/3672/3672
f 2141/3671/3671 2142/3673/3673 2064/3670/3670
f 2140/3669/3669 2141/3671/3671 2065/3668/3668
f 2139/3667/3667 2140/3669/3669 2066/3666/3666
f 2138/3665/3665 2139/3667/3667 2067/3664/3664
f 2137/3663/3663 2138/3665/3665 2068/3662/3662
f 2136/3661/3661 2137/3663/3663 2062/3660/3660
f 2135/3659/3659 2136/3661/3661 2061/3658/3658
f 2134/3657/3657 2135/3659/3659 2041/3656/3656
f 2133/3655/3655 2134/3657/3657 2040/3654/3654
f 2132/3653/3653 2133/3655/3655 2042/3652/3652
f 2131/3651/3651 2132/3653/3653 2053/3650/3650
f 2130/3649/3649 2131/3651/3651 2054/3648/3648
f 2129/3647/3647 2130/3649/3649 2055/3646/3646
f 2128/3645/3645 2129/3647/3647 2071/3644/3644
f 2127/3643/3643 2128/3645/3645 2074/3642/3642
f 2126/3641/3641 2127/3643/3643 2075/3640/3640
f 2125/3639/3639 2126/3641/3641 2076/3638/3638
f 2124/3637/3637 2125/3639/3639 2077/3636/3636
f 2123/3635/3635 2124/3637/3637 2079/3634/3634
f 2122/3633/3633 2123/3635/3635 2078/3632/3632
f 2121/3631/3631 2122/3633/3633 2080/3630/3630
f 2120/3629/3629 2121/3631/3631 2070/3628/3628
f 2119/3627/3627 2120/3629/3629 2069/3626/3626
f 2118/3625/3625 2119/3627/3627 2056/3624/3624
f 2117/3623/3623 2118/3625/3625 2044/3622/3622
f 2116/3621/3621 2117/3623/3623 2043/3620/3620
f 2115/3619/3619 2116/3621/3621 2045/3618/3618
f 2114/3617/3617 2115/3619/3619 2025/3616/3616
f 2113/3615/3615 2114/3617/3617 2024/3614/3614
f 2112/3613/3613 2113/3615/3615 2026/3612/3612
f 2111/3611/3611 2112/3613/3613 2046/3610/3610
f 2110/3609/3609 2111/3611/3611 2028/3608/3608
f 2109/3607/3607 2110/3609/3609 2027/3606/3606
f 2108/3605/3605 2109/3607/3607 2029/3604/3604
f 2107/3603/3603 2108/3605/3605 2031/3602/3602
f 2106/3601/3601 2107/3603/3603 2030/3600/3600
f 2105/3599/3599 2106/3601/3601 2032/3598/3598
f 2104/3597/3597 2105/3599/3599 2033/3596/3596
f 2103/3595/3595 2104/3597/3597 2034/3594/3594
f 2102/3593/3593 2103/3595/3595 2035/3592/3592
f 2101/3591/3591 2102/3593/3593 2036/3590/3590
f 2100/3589/3589 2101/3591/3591 2023/3588/3588
f 2099/3587/3587 2100/3589/3589 2022/3586/3586
f 2098/3585/3585 2099/3587/3587 2017/3584/3584
f 2097/3583/3583 2098/3585/3585 2016/3582/3582
f 2096/3581/3581 2097/3583/3583 2018/3580/3580
f 2095/3579/3579 2096/3581/3581 2019/3578/3578
f 2094/3577/3577 2095/3579/3579 2020/3576/3576
f 2093/3575/3575 2094/3577/3577 2021/3574/3574
f 2092/3573/3573 2093/3575/3575 2047/3572/3572
f 2091/3571/3571 2092/3573/3573 2072/3570/3570
f 2090/3569/3569 2091/3571/3571 2073/3568/3568
f 2089/3567/3567 2090/3569/3569 2083/3566/3566
f 2088/3565/3565 2089/3567/3567 2084/3563/3563
f 577/3707/3707 2160/3708/3708 2161/3709/3709
f 579/3710/3710 2161/3709/3709 2162/3711/3711
f 581/3712/3712 2162/3711/3711 2163/3713/3713
f 583/3714/3714 2163/3713/3713 2164/3715/3715
f 587/3716/3716 2164/3715/3715 2165/3717/3717
f 585/3718/3718 2165/3717/3717 2166/3719/3719
f 586/3720/3720 2166/3719/3719 2167/3721/3721
f 609/3722/3722 2167/3721/3721 2168/3723/3723
f 610/3724/3724 2168/3723/3723 2169/3725/3725
f 607/3726/3726 2169/3725/3725 2170/3727/3727
f 608/3728/3728 2170/3727/3727 2171/3729/3729
f 603/3730/3730 2171/3729/3729 2172/3731/3731
f 604/3732/3732 2172/3731/3731 2173/3733/3733
f 602/3734/3734 2173/3733/3733 2174/3735/3735
f 600/3736/3736 2174/3735/3735 2175/3737/3737
f 591/3738/3738 2175/3737/3737 2176/3739/3739
f 592/3740/3740 2176/3739/3739 2177/3741/3741
f 596/3742/3742 2177/3741/3741 2178/3743/3743
f 595/3744/3744 2178/3743/3743 2179/3745/3745
f 590/3746/3746 2179/3745/3745 2180/3747/3747
f 588/3748/3748 2180/3747/3747 2181/3749/3749
f 589/3750/3750 2181/3749/3749 2182/3751/3751
f 598/3752/3752 2182/3751/3751 2183/3753/3753
f 599/3754/3754 2183/3753/3753 2184/3755/3755
f 593/3756/3756 2184/3755/3755 2185/3757/3757
f 594/3758/3758 2185/3757/3757 2186/3759/3759
f 597/3760/3760 2186/3759/3759 2187/3761/3761
f 601/3762/3762 2187/3761/3761 2188/3763/3763
f 605/3764/3764 2188/3763/3763 2189/3765/3765
f 606/3766/3766 2189/3765/3765 2190/3767/3767
f 613/3768/3768 2190/3767/3767 2191/3769/3769
f 611/3770/3770 2191/3769/3769 2192/3771/3771
f 612/3772/3772 2192/3771/3771 2193/3773/3773
f 619/3774/3774 2193/3773/3773 2194/3775/3775
f 615/3776/3776 2194/3775/3775 2195/3777/3777
f 616/3778/3778 2195/3777/3777 2196/3779/3779
f 614/3780/3780 2196/3779/3779 2197/3781/3781
f 617/3782/3782 2197/3781/3781 2198/3783/3783
f 618/3784/3784 2198/3783/3783 2199/3785/3785
f 620/3786/3786 2199/3785/3785 2200/3787/3787
f 561/3788/3788 2200/3787/3787 2201/3789/3789
f 544/3790/3790 2201/3789/3789 2202/3791/3791
f 545/3792/3792 2202/3791/3791 2203/3793/3793
f 552/3794/3794 2203/3793/3793 2204/3795/3795
f 556/3796/3796 2204/3795/3795 2205/3797/3797
f 555/3798/3798 2205/3797/3797 2206/3799/3799
f 550/3800/3800 2206/3799/3799 2207/3801/3801
f 551/3802/3802 2207/3801/3801 2208/3803/3803
f 554/3804/3804 2208/3803/3803 2209/3805/3805
f 549/3806/3806 2209/3805/3805 2210/3807/3807
f 553/3808/3808 2210/3807/3807 2211/3809/3809
f 547/3810/3810 2211/3809/3809 2212/3811/3811
f 548/3812/3812 2212/3811/3811 2213/3813/3813
f 566/3814/3814 2213/3813/3813 2214/3815/3815
f 567/3816/3816 2214/3815/3815 2215/3817/3817
f 559/3818/3818 2215/3817/3817 2216/3819/3819
f 560/3820/3820 2216/3819/3819 2217/3821/3821
f 565/3822/3822 2217/3821/3821 2218/3823/3823
f 564/3824/3824 2218/3823/3823 2219/3825/3825
f 557/3826/3826 2219/3825/3825 2220/3827/3827
f 558/3828/3828 2220/3827/3827 2221/3829/3829
f 569/3830/3830 2221/3829/3829 2222/3831/3831
f 570/3832/3832 2222/3831/3831 2223/3833/3833
f 562/3834/3834 2223/3833/3833 2224/3835/3835
f 563/3836/3836 2224/3835/3835 2225/3837/3837
f 568/3838/3838 2225/3837/3837 2226/3839/3839
f 574/3840/3840 2226/3839/3839 2227/3841/3841
f 572/3842/3842 2227/3841/3841 2228/3843/3843
f 573/3844/3844 2228/3843/3843 2229/3845/3845
f 582/3846/3846 2229/3845/3845 2230/3847/3847
f 580/3848/3848 2230/3847/3847 2231/3849/3849
f 576/3850/3850 2231/3849/3849 2160/3708/3708
f 2160/3708/3708 577/3707/3707 576/3850/3850
f 2231/3849/3849 576/3850/3850 580/3848/3848
f 2230/3847/3847 580/3848/3848 582/3846/3846
f 2229/3845/3845 582/3846/3846 573/3844/3844
f 2228/3843/3843 573/3844/3844 572/3842/3842
f 2227/3841/3841 572/3842/3842 574/3840/3840
f 2226/3839/3839 574/3840/3840 568/3838/3838
f 2225/3837/3837 568/3838/3838 563/3836/3836
f 2224/3835/3835 563/3836/3836 562/3834/3834
f 2223/3833/3833 562/3834/3834 570/3832/3832
f 2222/3831/3831 570/3832/3832 569/3830/3830
f 2221/3829/3829 569/3830/3830 558/3828/3828
f 2220/3827/3827 558/3828/3828 557/3826/3826
f 2219/3825/3825 557/3826/3826 564/3824/3824
f 2218/3823/3823 564/3824/3824 565/3822/3822
f 2217/3821/3821 565/3822/3822 560/3820/3820
f 2216/3819/3819 560/3820/3820 559/3818/3818
f 2215/3817/3817 559/3818/3818 567/3816/3816
f 2214/3815/3815 567/3816/3816 566/3814/3814
f 2213/3813/3813 566/3814/3814 548/3812/3812
f 2212/3811/3811 548/3812/3812 547/3810/3810
f 2211/3809/3809 547/3810/3810 553/3808/3808
f 2210/3807/3807 553/3808/3808 549/3806/3806
f 2209/3805/3805 549/3806/3806 554/3804/3804
f 2208/3803/3803 554/3804/3804 551/3802/3802
f 2207/3801/3801 551/3802/3802 550/3800/3800
f 2206/3799/3799 550/3800/3800 555/3798/3798
f 2205/3797/3797 555/3798/3798 556/3796/3796
f 2204/3795/3795 556/3796/3796 552/3794/3794
f 2203/3793/3793 552/3794/3794 545/3792/3792
f 2202/3791/3791 545/3792/3792 544/3790/3790
f 2201/3789/3789 544/3790/3790 561/3788/3788
f 2200/3787/3787 561/3788/3788 620/3786/3786
f 2199/3785/3785 620/3786/3786 618/3784/3784
f 2198/3783/3783 618/3784/3784 617/3782/3782
f 2197/3781/3781 617/3782/3782 614/3780/3780
f 2196/3779/3779 614/3780/3780 616/3778/3778
f 2195/3777/3777 616/3778/3778 615/3776/3776
f 2194/3775/3775 615/3776/3776 619/3774/3774
f 2193/3773/3773 619/3774/3774 612/3772/3772
f 2192/3771/3771 612/3772/3772 611/3770/3770
f 2191/3769/3769 611/3770/3770 613/3768/3768
f 2190/3767/3767 613/3768/3768 606/3766/3766
f 2189/3765/3765 606/3766/3766 605/3764/3764
f 2188/3763/3763 605/3764/3764 601/3762/3762
f 2187/3761/3761 601/3762/3762 597/3760/3760
f 2186/3759/3759 597/3760/3760 594/3758/3758
f 2185/3757/3757 594/3758/3758 593/3756/3756
f 2184/3755/3755 593/3756/3756 599/3754/3754
f 2183/3753/3753 599/3754/3754 598/3752/3752
f 2182/3751/3751 598/3752/3752 589/3750/3750
f 2181/3749/3749 589/3750/3750 588/3748/3748
f 2180/3747/3747 588/3748/3748 590/3746/3746
f 2179/3745/3745 590/3746/3746 595/3744/3744
f 2178/3743/3743 595/3744/3744 596/3742/3742
f 2177/3741/3741 596/3742/3742 592/3740/3740
f 2176/3739/3739 592/3740/3740 591/3738/3738
f 2175/3737/3737 591/3738/3738 600/3736/3736
f 2174/3735/3735 600/3736/3736 602/3734/3734
f 2173/3733/3733 602/3734/3734 604/3732/3732
f 2172/3731/3731 604/3732/3732 603/3730/3730
f 2171/3729/3729 603/3730/3730 608/3728/3728
f 2170/3727/3727 608/3728/3728 607/3726/3726
f 2169/3725/3725 607/3726/3726 610/3724/3724
f 2168/3723/3723 610/3724/3724 609/3722/3722
f 2167/3721/3721 609/3722/3722 586/3720/3720
f 2166/3719/3719 586/3720/3720 585/3718/3718
f 2165/3717/3717 585/3718/3718 587/3716/3716
f 2164/3715/3715 587/3716/3716 583/3714/3714
f 2163/3713/3713 583/3714/3714 581/3712/3712
f 2162/3711/3711 581/3712/3712 579/3710/3710
f 2161/3709/3709 579/3710/3710 577/3707/3707
f 2192/3851/3851 2232/3852/3852 2233/3853/3853
f 2192/3851/3851 2191/3854/3854 2234/3855/3855
f 2188/3856/3856 2235/3857/3857 2236/3858/3858
f 2188/3856/3856 2187/3859/3859 2237/3860/3860
f 2183/3861/3861 2238/3862/3862 2239/3863/3863
f 2183/3861/3861 2182/3864/3864 2240/3865/3865
f 2179/3866/3866 2241/3867/3867 2242/3868/3868
f 2179/3866/3866 2178/3869/3869 2243/3870/3870
f 2177/3871/3871 2244/3872/3872 2243/3870/3870
f 2177/3871/3871 2176/3873/3873 2245/3874/3874
f 2173/3875/3875 2246/3876/3876 2247/3877/3877
f 2173/3875/3875 2172/3878/3878 2248/3879/3879
f 2169/3880/3880 2168/3881/3881 2249/3882/3882
f 2168/3881/3881 2167/3883/3883 2250/3884/3884
f 2163/3885/3885 2251/3886/3886 2252/3887/3887
f 2163/3885/3885 2162/3888/3888 2253/3889/3889
f 2206/3890/3890 2254/3891/3891 2255/3892/3892
f 2206/3890/3890 2205/3893/3893 2256/3894/3894
f 2199/3895/3895 2257/3896/3896 2258/3897/3897
f 2199/3895/3895 2198/3898/3898 2259/3899/3899
f 2193/3900/3900 2233/3853/3853 2260/3901/3901
f 2234/3855/3855 2232/3852/3852 2192/3851/3851
f 2191/3854/3854 2190/3902/3902 2261/3903/3903
f 2190/3902/3902 2189/3904/3904 2236/3858/3858
f 2237/3860/3860 2235/3857/3857 2188/3856/3856
f 2187/3859/3859 2186/3905/3905 2262/3906/3906
f 2185/3907/3907 2263/3908/3908 2262/3906/3906
f 2185/3907/3907 2184/3909/3909 2239/3863/3863
f 2240/3865/3865 2238/3862/3862 2183/3861/3861
f 2182/3864/3864 2181/3910/3910 2264/3911/3911
f 2180/3912/3912 2242/3868/3868 2264/3911/3911
f 2243/3870/3870 2241/3867/3867 2179/3866/3866
f 2245/3874/3874 2244/3872/3872 2177/3871/3871
f 2176/3873/3873 2175/3913/3913 2265/3914/3914
f 2174/3915/3915 2247/3877/3877 2265/3914/3914
f 2248/3879/3879 2246/3876/3876 2173/3875/3875
f 2171/3916/3916 2266/3917/3917 2248/3879/3879
f 2170/3918/3918 2267/3919/3919 2266/3917/3917
f 2169/3880/3880 2268/3920/3920 2267/3919/3919
f 2250/3884/3884 2249/3882/3882 2168/3881/3881
f 2166/3921/3921 2269/3922/3922 2250/3884/3884
f 2166/3921/3921 2165/3923/3923 2270/3924/3924
f 2164/3925/3925 2252/3887/3887 2270/3924/3924
f 2253/3889/3889 2251/3886/3886 2163/3885/3885
f 2228/3926/3926 2271/3927/3927 2272/3928/3928
f 2228/3926/3926 2227/3929/3929 2273/3930/3930
f 2225/3931/3931 2274/3932/3932 2275/3933/3933
f 2225/3931/3931 2224/3934/3934 2276/3935/3935
f 2210/3936/3936 2277/3937/3937 2278/3938/3938
f 2210/3936/3936 2209/3939/3939 2279/3940/3940
f 2207/3941/3941 2255/3892/3892 2280/3942/3942
f 2256/3894/3894 2254/3891/3891 2206/3890/3890
f 2205/3893/3893 2204/3943/3943 2281/3944/3944
f 2204/3943/3943 2203/3945/3945 2282/3946/3946
f 2202/3947/3947 2283/3948/3948 2282/3946/3946
f 2202/3947/3947 2201/3949/3949 2284/3950/3950
f 2200/3951/3951 2258/3897/3897 2284/3950/3950
f 2259/3899/3899 2257/3896/3896 2199/3895/3895
f 2195/3952/3952 2285/3953/3953 2286/3954/3954
f 2195/3952/3952 2194/3955/3955 2260/3901/3901
f 2233/3853/3853 2193/3900/3900 2192/3851/3851
f 2236/3858/3858 2261/3903/3903 2190/3902/3902
f 2262/3906/3906 2237/3860/3860 2187/3859/3859
f 2239/3863/3863 2263/3908/3908 2185/3907/3907
f 2264/3911/3911 2240/3865/3865 2182/3864/3864
f 2242/3868/3868 2180/3912/3912 2179/3866/3866
f 2265/3914/3914 2245/3874/3874 2176/3873/3873
f 2247/3877/3877 2174/3915/3915 2173/3875/3875
f 2266/3917/3917 2171/3916/3916 2170/3918/3918
f 2249/3882/3882 2268/3920/3920 2169/3880/3880
f 2270/3924/3924 2269/3922/3922 2166/3921/3921
f 2252/3887/3887 2164/3925/3925 2163/3885/3885
f 2161/3956/3956 2287/3957/3957 2253/3889/3889
f 2161/3956/3956 2160/3958/3958 2288/3959/3959
f 2229/3960/3960 2272/3928/3928 2289/3961/3961
f 2273/3930/3930 2271/3927/3927 2228/3926/3926
f 2227/3929/3929 2226/3962/3962 2275/3933/3933
f 2276/3935/3935 2274/3932/3932 2225/3931/3931
f 2211/3963/3963 2278/3938/3938 2290/3964/3964
f 2279/3940/3940 2277/3937/3937 2210/3936/3936
f 2255/3892/3892 2207/3941/3941 2206/3890/3890
f 2282/3946/3946 2281/3944/3944 2204/3943/3943
f 2284/3950/3950 2283/3948/3948 2202/3947/3947
f 2258/3897/3897 2200/3951/3951 2199/3895/3895
f 2260/3901/3901 2285/3953/3953 2195/3952/3952
f 2261/3903/3903 2234/3855/3855 2191/3854/3854
f 2262/3906/3906 2186/3905/3905 2185/3907/3907
f 2264/3911/3911 2181/3910/3910 2180/3912/3912
f 2265/3914/3914 2175/3913/3913 2174/3915/3915
f 2267/3919/3919 2170/3918/3918 2169/3880/3880
f 2270/3924/3924 2165/3923/3923 2164/3925/3925
f 2288/3959/3959 2287/3957/3957 2161/3956/3956
f 2272/3928/3928 2229/3960/3960 2228/3926/3926
f 2275/3933/3933 2226/3962/3962 2225/3931/3931
f 2223/3965/3965 2291/3966/3966 2276/3935/3935
f 2223/3965/3965 2222/3967/3967 2292/3968/3968
f 2218/3969/3969 2293/3970/3970 2294/3971/3971
f 2218/3969/3969 2217/3972/3972 2295/3973/3973
f 2278/3938/3938 2211/3963/3963 2210/3936/3936
f 2209/3939/3939 2208/3974/3974 2280/3942/3942
f 2281/3944/3944 2256/3894/3894 2205/3893/3893
f 2284/3950/3950 2201/3949/3949 2200/3951/3951
f 2260/3901/3901 2194/3955/3955 2193/3900/3900
f 2239/3863/3863 2184/3909/3909 2183/3861/3861
f 2248/3879/3879 2172/3878/3878 2171/3916/3916
f 2253/3889/3889 2162/3888/3888 2161/3956/3956
f 2231/3975/3975 2296/3976/3976 2288/3959/3959
f 2231/3975/3975 2230/3977/3977 2289/3961/3961
f 2275/3933/3933 2273/3930/3930 2227/3929/3929
f 2292/3968/3968 2291/3966/3966 2223/3965/3965
f 2219/3978/3978 2294/3971/3971 2297/3979/3979
f 2295/3973/3973 2293/3970/3970 2218/3969/3969
f 2213/3980/3980 2298/3981/3981 2299/3982/3982
f 2213/3980/3980 2212/3983/3983 2290/3964/3964
f 2280/3942/3942 2279/3940/3940 2209/3939/3939
f 2282/3946/3946 2203/3945/3945 2202/3947/3947
f 2236/3858/3858 2189/3904/3904 2188/3856/3856
f 2250/3884/3884 2167/3883/3883 2166/3921/3921
f 2289/3961/3961 2296/3976/3976 2231/3975/3975
f 2276/3935/3935 2224/3934/3934 2223/3965/3965
f 2294/3971/3971 2219/3978/3978 2218/3969/3969
f 2217/3972/3972 2216/3984/3984 2300/3985/3985
f 2215/3986/3986 2301/3987/3987 2300/3985/3985
f 2215/3986/3986 2214/3988/3988 2299/3982/3982
f 2290/3964/3964 2298/3981/3981 2213/3980/3980
f 2280/3942/3942 2208/3974/3974 2207/3941/3941
f 2197/3989/3989 2302/3990/3990 2259/3899/3899
f 2197/3989/3989 2196/3991/3991 2286/3954/3954
f 2243/3870/3870 2178/3869/3869 2177/3871/3871
f 2289/3961/3961 2230/3977/3977 2229/3960/3960
f 2221/3992/3992 2303/3993/3993 2292/3968/3968
f 2221/3992/3992 2220/3994/3994 2297/3979/3979
f 2300/3985/3985 2295/3973/3973 2217/3972/3972
f 2299/3982/3982 2301/3987/3987 2215/3986/3986
f 2290/3964/3964 2212/3983/3983 2211/3963/3963
f 2286/3954/3954 2302/3990/3990 2197/3989/3989
f 2288/3959/3959 2160/3958/3958 2231/3975/3975
f 2297/3979/3979 2303/3993/3993 2221/3992/3992
f 2300/3985/3985 2216/3984/3984 2215/3986/3986
f 2259/3899/3899 2198/3898/3898 2197/3989/3989
f 2292/3968/3968 2222/3967/3967 2221/3992/3992
f 2299/3982/3982 2214/3988/3988 2213/3980/3980
f 2297/3979/3979 2220/3994/3994 2219/3978/3978
f 2286/3954/3954 2196/3991/3991 2195/3952/3952
f 2304/3995/3995 2305/3996/3996 2288/3997/3997
f 2306/3998/3998 2304/3995/3995 2296/3999/3999
f 2307/4000/4000 2306/3998/3998 2289/4001/4001
f 2308/4002/4002 2307/4000/4000 2272/4003/4003
f 2309/4004/4004 2308/4002/4002 2271/4005/4005
f 2310/4006/4006 2309/4004/4004 2273/4007/4007
f 2311/4008/4008 2310/4006/4006 2275/4009/4009
f 2312/4010/4010 2311/4008/4008 2274/4011/4011
f 2313/4012/4012 2312/4010/4010 2276/4013/4013
f 2314/4014/4014 2313/4012/4012 2291/4015/4015
f 2315/4016/4016 2314/4014/4014 2292/4017/4017
f 2316/4018/4018 2315/4016/4016 2303/4019/4019
f 2317/4020/4020 2316/4018/4018 2297/4021/4021
f 2318/4022/4022 2317/4020/4020 2294/4023/4023
f 2319/4024/4024 2318/4022/4022 2293/4025/4025
f 2320/4026/4026 2319/4024/4024 2295/4027/4027
f 2321/4028/4028 2320/4026/4026 2300/4029/4029
f 2322/4030/4030 2321/4028/4028 2301/4031/4031
f 2323/4032/4032 2322/4030/4030 2299/4033/4033
f 2324/4034/4034 2323/4032/4032 2298/4035/4035
f 2325/4036/4036 2324/4034/4034 2290/4037/4037
f 2326/4038/4038 2325/4036/4036 2278/4039/4039
f 2327/4040/4040 2326/4038/4038 2277/4041/4041
f 2328/4042/4042 2327/4040/4040 2279/4043/4043
f 2329/4044/4044 2328/4042/4042 2280/4045/4045
f 2330/4046/4046 2329/4044/4044 2255/4047/4047
f 2331/4048/4048 2330/4046/4046 2254/4049/4049
f 2332/4050/4050 2331/4048/4048 2256/4051/4051
f 2333/4052/4052 2332/4050/4050 2281/4053/4053
f 2334/4054/4054 2333/4052/4052 2282/4055/4055
f 2335/4056/4056 2334/4054/4054 2283/4057/4057
f 2336/4058/4058 2335/4056/4056 2284/4059/4059
f 2337/4060/4060 2336/4058/4058 2258/4061/4061
f 2338/4062/4062 2337/4060/4060 2257/4063/4063
f 2339/4064/4064 2338/4062/4062 2259/4065/4065
f 2340/4066/4066 2339/4064/4064 2302/4067/4067
f 2341/4068/4068 2340/4066/4066 2286/4069/4069
f 2342/4070/4070 2341/4068/4068 2285/4071/4071
f 2343/4072/4072 2342/4070/4070 2260/4073/4073
f 2344/4074/4074 2343/4072/4072 2233/4075/4075
f 2345/4076/4076 2344/4074/4074 2232/4077/4077
f 2346/4078/4078 2345/4076/4076 2234/4079/4079
f 2347/4080/4080 2346/4078/4078 2261/4081/4081
f 2348/4082/4082 2347/4080/4080 2236/4083/4083
f 2349/4084/4084 2348/4082/4082 2235/4085/4085
f 2350/4086/4086 2349/4084/4084 2237/4087/4087
f 2351/4088/4088 2350/4086/4086 2262/4089/4089
f 2352/4090/4090 2351/4088/4088 2263/4091/4091
f 2353/4092/4092 2352/4090/4090 2239/4093/4093
f 2354/4094/4094 2353/4092/4092 2238/4095/4095
f 2355/4096/4096 2354/4094/4094 2240/4097/4097
f 2356/4098/4098 2355/4096/4096 2264/4099/4099
f 2357/4100/4100 2356/4098/4098 2242/4101/4101
f 2358/4102/4102 2357/4100/4100 2241/4103/4103
f 2359/4104/4104 2358/4102/4102 2243/4105/4105
f 2360/4106/4106 2359/4104/4104 2244/4107/4107
f 2361/4108/4108 2360/4106/4106 2245/4109/4109
f 2362/4110/4110 2361/4108/4108 2265/4111/4111
f 2363/4112/4112 2362/4110/4110 2247/4113/4113
f 2364/4114/4114 2363/4112/4112 2246/4115/4115
f 2365/4116/4116 2364/4114/4114 2248/4117/4117
f 2366/4118/4118 2365/4116/4116 2266/4119/4119
f 2367/4120/4120 2366/4118/4118 2267/4121/4121
f 2368/4122/4122 2367/4120/4120 2268/4123/4123
f 2369/4124/4124 2368/4122/4122 2249/4125/4125
f 2370/4126/4126 2369/4124/4124 2250/4127/4127
f 2371/4128/4128 2370/4126/4126 2269/4129/4129
f 2372/4130/4130 2371/4128/4128 2270/4131/4131
f 2373/4132/4132 2372/4130/4130 2252/4133/4133
f 2374/4134/4134 2373/4132/4132 2251/4135/4135
f 2375/4136/4136 2374/4134/4134 2253/4137/4137
f 2305/3996/3996 2375/4136/4136 2287/4138/4138
f 2287/4138/4138 2288/3997/3997 2305/3996/3996
f 2253/4137/4137 2287/4138/4138 2375/4136/4136
f 2251/4135/4135 2253/4137/4137 2374/4134/4134
f 2252/4133/4133 2251/4135/4135 2373/4132/4132
f 2270/4131/4131 2252/4133/4133 2372/4130/4130
f 2269/4129/4129 2270/4131/4131 2371/4128/4128
f 2250/4127/4127 2269/4129/4129 2370/4126/4126
f 2249/4125/4125 2250/4127/4127 2369/4124/4124
f 2268/4123/4123 2249/4125/4125 2368/4122/4122
f 2267/4121/4121 2268/4123/4123 2367/4120/4120
f 2266/4119/4119 2267/4121/4121 2366/4118/4118
f 2248/4117/4117 2266/4119/4119 2365/4116/4116
f 2246/4115/4115 2248/4117/4117 2364/4114/4114
f 2247/4113/4113 2246/4115/4115 2363/4112/4112
f 2265/4111/4111 2247/4113/4113 2362/4110/4110
f 2245/4109/4109 2265/4111/4111 2361/4108/4108
f 2244/4107/4107 2245/4109/4109 2360/4106/4106
f 2243/4105/4105 2244/4107/4107 2359/4104/4104
f 2241/4103/4103 2243/4105/4105 2358/4102/4102
f 2242/4101/4101 2241/4103/4103 2357/4100/4100
f 2264/4099/4099 2242/4101/4101 2356/4098/4098
f 2240/4097/4097 2264/4099/4099 2355/4096/4096
f 2238/4095/4095 2240/4097/4097 2354/4094/4094
f 2239/4093/4093 2238/4095/4095 2353/4092/4092
f 2263/4091/4091 2239/4093/4093 2352/4090/4090
f 2262/4089/4089 2263/4091/4091 2351/4088/4088
f 2237/4087/4087 2262/4089/4089 2350/4086/4086
f 2235/4085/4085 2237/4087/4087 2349/4084/4084
f 2236/4083/4083 2235/4085/4085 2348/4082/4082
f 2261/4081/4081 2236/4083/4083 2347/4080/4080
f 2234/4079/4079 2261/4081/4081 2346/4078/4078
f 2232/4077/4077 2234/4079/4079 2345/4076/4076
f 2233/4075/4075 2232/4077/4077 2344/4074/4074
f 2260/4073/4073 2233/4075/4075 2343/4072/4072
f 2285/4071/4071 2260/4073/4073 2342/4070/4070
f 2286/4069/4069 2285/4071/4071 2341/4068/4068
f 2302/4067/4067 2286/4069/4069 2340/4066/4066
f 2259/4065/4065 2302/4067/4067 2339/4064/4064
f 2257/4063/4063 2259/4065/4065 2338/4062/4062
f 2258/4061/4061 2257/4063/4063 2337/4060/4060
f 2284/4059/4059 2258/4061/4061 2336/4058/4058
f 2283/4057/4057 2284/4059/4059 2335/4056/4056
f 2282/4055/4055 2283/4057/4057 2334/4054/4054
f 2281/4053/4053 2282/4055/4055 2333/4052/4052
f 2256/4051/4051 2281/4053/4053 2332/4050/4050
f 2254/4049/4049 2256/4051/4051 2331/4048/4048
f 2255/4047/4047 2254/4049/4049 2330/4046/4046
f 2280/4045/4045 2255/4047/4047 2329/4044/4044
f 2279/4043/4043 2280/4045/4045 2328/4042/4042
f 2277/4041/4041 2279/4043/4043 2327/4040/4040
f 2278/4039/4039 2277/4041/4041 2326/4038/4038
f 2290/4037/4037 2278/4039/4039 2325/4036/4036
f 2298/4035/4035 2290/4037/4037 2324/4034/4034
f 2299/4033/4033 2298/4035/4035 2323/4032/4032
f 2301/4031/4031 2299/4033/4033 2322/4030/4030
f 2300/4029/4029 2301/4031/4031 2321/4028/4028
f 2295/4027/4027 2300/4029/4029 2320/4026/4026
f 2293/4025/4025 2295/4027/4027 2319/4024/4024
f 2294/4023/4023 2293/4025/4025 2318/4022/4022
f 2297/4021/4021 2294/4023/4023 2317/4020/4020
f 2303/4019/4019 2297/4021/4021 2316/4018/4018
f 2292/4017/4017 2303/4019/4019 2315/4016/4016
f 2291/4015/4015 2292/4017/4017 2314/4014/4014
f 2276/4013/4013 2291/4015/4015 2313/4012/4012
f 2274/4011/4011 2276/4013/4013 2312/4010/4010
f 2275/4009/4009 2274/4011/4011 2311/4008/4008
f 2273/4007/4007 2275/4009/4009 2310/4006/4006
f 2271/4005/4005 2273/4007/4007 2309/4004/4004
f 2272/4003/4003 2271/4005/4005 2308/4002/4002
f 2289/4001/4001 2272/4003/4003 2307/4000/4000
f 2296/3999/3999 2289/4001/4001 2306/3998/3998
f 2288/3997/3997 2296/3999/3999 2304/3995/3995
f 2361/4139/4139 2376/4140/4140 2377/4141/4141
f 2361/4139/4139 2362/4142/4142 2378/4143/4143
f 2378/4143/4143 2376/4140/4140 2361/4139/4139
f 2362/4142/4142 2363/4144/4144 2379/4145/4145
f 2345/4146/4146 2380/4147/4147 2381/4148/4148
f 2345/4146/4146 2346/4149/4149 2382/4150/4150
f 2346/4149/4149 2347/4151/4151 2383/4152/4152
f 2347/4151/4151 2348/4153/4153 2384/4154/4154
f 2355/4155/4155 2385/4156/4156 2386/4157/4157
f 2355/4155/4155 2356/4158/4158 2387/4159/4159
f 2379/4145/4145 2378/4143/4143 2362/4142/4142
f 2363/4144/4144 2364/4160/4160 2388/4161/4161
f 2344/4162/4162 2381/4148/4148 2389/4163/4163
f 2382/4150/4150 2380/4147/4147 2345/4146/4146
f 2384/4154/4154 2383/4152/4152 2347/4151/4151
f 2348/4153/4153 2349/4164/4164 2390/4165/4165
f 2352/4166/4166 2391/4167/4167 2392/4168/4168
f 2352/4166/4166 2353/4169/4169 2393/4170/4170
f 2354/4171/4171 2386/4157/4157 2393/4170/4170
f 2387/4159/4159 2385/4156/4156 2355/4155/4155
f 2357/4172/4172 2394/4173/4173 2387/4159/4159
f 2357/4172/4172 2358/4174/4174 2395/4175/4175
f 2359/4176/4176 2396/4177/4177 2395/4175/4175
f 2359/4176/4176 2360/4178/4178 2377/4141/4141
f 2388/4161/4161 2379/4145/4145 2363/4144/4144
f 2365/4179/4179 2397/4180/4180 2388/4161/4161
f 2366/4181/4181 2398/4182/4182 2397/4180/4180
f 2366/4181/4181 2367/4183/4183 2399/4184/4184
f 2372/4185/4185 2400/4186/4186 2401/4187/4187
f 2372/4185/4185 2373/4188/4188 2402/4189/4189
f 2310/4190/4190 2311/4191/4191 2403/4192/4192
f 2311/4191/4191 2312/4193/4193 2404/4194/4194
f 2329/4195/4195 2405/4196/4196 2406/4197/4197
f 2329/4195/4195 2330/4198/4198 2407/4199/4199
f 2334/4200/4200 2408/4201/4201 2409/4202/4202
f 2334/4200/4200 2335/4203/4203 2410/4204/4204
f 2381/4148/4148 2344/4162/4162 2345/4146/4146
f 2390/4165/4165 2384/4154/4154 2348/4153/4153
f 2350/4205/4205 2411/4206/4206 2390/4165/4165
f 2350/4205/4205 2351/4207/4207 2392/4168/4168
f 2393/4170/4170 2391/4167/4167 2352/4166/4166
f 2386/4157/4157 2354/4171/4171 2355/4155/4155
f 2395/4175/4175 2394/4173/4173 2357/4172/4172
f 2377/4141/4141 2396/4177/4177 2359/4176/4176
f 2388/4161/4161 2364/4160/4160 2365/4179/4179
f 2399/4184/4184 2398/4182/4182 2366/4181/4181
f 2402/4189/4189 2400/4186/4186 2372/4185/4185
f 2373/4188/4188 2374/4208/4208 2412/4209/4209
f 2375/4210/4210 2413/4211/4211 2412/4209/4209
f 2375/4210/4210 2305/4212/4212 2414/4213/4213
f 2308/4214/4214 2309/4215/4215 2415/4216/4216
f 2309/4215/4215 2310/4190/4190 2416/4217/4217
f 2404/4194/4194 2403/4192/4192 2311/4191/4191
f 2312/4193/4193 2313/4218/4218 2417/4219/4219
f 2315/4220/4220 2316/4221/4221 2418/4222/4222
f 2316/4221/4221 2317/4223/4223 2419/4224/4224
f 2319/4225/4225 2420/4226/4226 2421/4227/4227
f 2319/4225/4225 2320/4228/4228 2422/4229/4229
f 2325/4230/4230 2423/4231/4231 2424/4232/4232
f 2325/4230/4230 2326/4233/4233 2425/4234/4234
f 2328/4235/4235 2406/4197/4197 2426/4236/4236
f 2407/4199/4199 2405/4196/4196 2329/4195/4195
f 2333/4237/4237 2409/4202/4202 2427/4238/4238
f 2410/4204/4204 2408/4201/4201 2334/4200/4200
f 2341/4239/4239 2428/4240/4240 2429/4241/4241
f 2341/4239/4239 2342/4242/4242 2430/4243/4243
f 2343/4244/4244 2389/4163/4163 2430/4243/4243
f 2383/4152/4152 2382/4150/4150 2346/4149/4149
f 2392/4168/4168 2411/4206/4206 2350/4205/4205
f 2393/4170/4170 2353/4169/4169 2354/4171/4171
f 2395/4175/4175 2358/4174/4174 2359/4176/4176
f 2397/4180/4180 2365/4179/4179 2366/4181/4181
f 2370/4245/4245 2431/4246/4246 2432/4247/4247
f 2370/4245/4245 2371/4248/4248 2401/4187/4187
f 2412/4209/4209 2402/4189/4189 2373/4188/4188
f 2414/4213/4213 2413/4211/4211 2375/4210/4210
f 2304/4249/4249 2433/4250/4250 2414/4213/4213
f 2304/4249/4249 2306/4251/4251 2434/4252/4252
f 2307/4253/4253 2435/4254/4254 2434/4252/4252
f 2307/4253/4253 2308/4214/4214 2436/4255/4255
f 2416/4217/4217 2415/4216/4216 2309/4215/4215
f 2417/4219/4219 2404/4194/4194 2312/4193/4193
f 2419/4224/4224 2418/4222/4222 2316/4221/4221
f 2318/4256/4256 2421/4227/4227 2419/4224/4224
f 2422/4229/4229 2420/4226/4226 2319/4225/4225
f 2320/4228/4228 2321/4257/4257 2437/4258/4258
f 2324/4259/4259 2424/4232/4232 2438/4260/4260
f 2425/4234/4234 2423/4231/4231 2325/4230/4230
f 2406/4197/4197 2328/4235/4235 2329/4195/4195
f 2330/4198/4198 2331/4261/4261 2439/4262/4262
f 2332/4263/4263 2427/4238/4238 2439/4262/4262
f 2409/4202/4202 2333/4237/4237 2334/4200/4200
f 2336/4264/4264 2440/4265/4265 2410/4204/4204
f 2336/4264/4264 2337/4266/4266 2441/4267/4267
f 2430/4243/4243 2428/4240/4240 2341/4239/4239
f 2389/4163/4163 2343/4244/4244 2344/4162/4162
f 2392/4168/4168 2351/4207/4207 2352/4166/4166
f 2377/4141/4141 2360/4178/4178 2361/4139/4139
f 2369/4268/4268 2432/4247/4247 2442/4269/4269
f 2401/4187/4187 2431/4246/4246 2370/4245/4245
f 2412/4209/4209 2374/4208/4208 2375/4210/4210
f 2434/4252/4252 2433/4250/4250 2304/4249/4249
f 2436/4255/4255 2435/4254/4254 2307/4253/4253
f 2403/4192/4192 2416/4217/4217 2310/4190/4190
f 2314/4270/4270 2443/4271/4271 2417/4219/4219
f 2314/4270/4270 2315/4220/4220 2444/4272/4272
f 2419/4224/4224 2317/4223/4223 2318/4256/4256
f 2437/4258/4258 2422/4229/4229 2320/4228/4228
f 2424/4232/4232 2324/4259/4259 2325/4230/4230
f 2326/4233/4233 2327/4273/4273 2426/4236/4236
f 2439/4262/4262 2407/4199/4199 2330/4198/4198
f 2427/4238/4238 2332/4263/4263 2333/4237/4237
f 2441/4267/4267 2440/4265/4265 2336/4264/4264
f 2337/4266/4266 2338/4274/4274 2445/4275/4275
f 2339/4276/4276 2446/4277/4277 2445/4275/4275
f 2339/4276/4276 2340/4278/4278 2429/4241/4241
f 2430/4243/4243 2342/4242/4242 2343/4244/4244
f 2387/4159/4159 2356/4158/4158 2357/4172/4172
f 2368/4279/4279 2442/4269/4269 2399/4184/4184
f 2432/4247/4247 2369/4268/4268 2370/4245/4245
f 2414/4213/4213 2305/4212/4212 2304/4249/4249
f 2415/4216/4216 2436/4255/4255 2308/4214/4214
f 2444/4272/4272 2443/4271/4271 2314/4270/4270
f 2421/4227/4227 2318/4256/4256 2319/4225/4225
f 2426/4236/4236 2425/4234/4234 2326/4233/4233
f 2439/4262/4262 2331/4261/4261 2332/4263/4263
f 2445/4275/4275 2441/4267/4267 2337/4266/4266
f 2429/4241/4241 2446/4277/4277 2339/4276/4276
f 2390/4165/4165 2349/4164/4164 2350/4205/4205
f 2442/4269/4269 2368/4279/4279 2369/4268/4268
f 2434/4252/4252 2306/4251/4251 2307/4253/4253
f 2418/4222/4222 2444/4272/4272 2315/4220/4220
f 2322/4280/4280 2447/4281/4281 2437/4258/4258
f 2322/4280/4280 2323/4282/4282 2438/4260/4260
f 2426/4236/4236 2327/4273/4273 2328/4235/4235
f 2445/4275/4275 2338/4274/4274 2339/4276/4276
f 2399/4184/4184 2367/4183/4183 2368/4279/4279
f 2417/4219/4219 2313/4218/4218 2314/4270/4270
f 2438/4260/4260 2447/4281/4281 2322/4280/4280
f 2410/4204/4204 2335/4203/4203 2336/4264/4264
f 2401/4187/4187 2371/4248/4248 2372/4185/4185
f 2438/4260/4260 2323/4282/4282 2324/4259/4259
f 2437/4258/4258 2321/4257/4257 2322/4280/4280
f 2429/4241/4241 2340/4278/4278 2341/4239/4239
f 2446/4283/4283 2429/4284/4284 2448/4285/4285
f 2445/4286/4286 2446/4283/4283 2449/4287/4287
f 2441/4288/4288 2445/4286/4286 2450/4289/4289
f 2440/4290/4290 2441/4288/4288 2451/4291/4291
f 2410/4292/4292 2440/4290/4290 2452/4293/4293
f 2408/4294/4294 2410/4292/4292 2453/4295/4295
f 2409/4296/4296 2408/4294/4294 2454/4297/4297
f 2427/4298/4298 2409/4296/4296 2455/4299/4299
f 2439/4300/4300 2427/4298/4298 2456/4301/4301
f 2407/4302/4302 2439/4300/4300 2457/4303/4303
f 2405/4304/4304 2407/4302/4302 2458/4305/4305
f 2406/4306/4306 2405/4304/4304 2459/4307/4307
f 2426/4308/4308 2406/4306/4306 2460/4309/4309
f 2425/4310/4310 2426/4308/4308 2461/4311/4311
f 2423/4312/4312 2425/4310/4310 2462/4313/4313
f 2424/4314/4314 2423/4312/4312 2463/4315/4315
f 2438/4316/4316 2424/4314/4314 2464/4317/4317
f 2447/4318/4318 2438/4316/4316 2465/4319/4319
f 2437/4320/4320 2447/4318/4318 2466/4321/4321
f 2422/4322/4322 2437/4320/4320 2467/4323/4323
f 2420/4324/4324 2422/4322/4322 2468/4325/4325
f 2421/4326/4326 2420/4324/4324 2469/4327/4327
f 2419/4328/4328 2421/4326/4326 2470/4329/4329
f 2418/4330/4330 2419/4328/4328 2471/4331/4331
f 2444/4332/4332 2418/4330/4330 2472/4333/4333
f 2443/4334/4334 2444/4332/4332 2473/4335/4335
f 2417/4336/4336 2443/4334/4334 2474/4337/4337
f 2404/4338/4338 2417/4336/4336 2475/4339/4339
f 2403/4340/4340 2404/4338/4338 2476/4341/4341
f 2416/4342/4342 2403/4340/4340 2477/4343/4343
f 2415/4344/4344 2416/4342/4342 2478/4345/4345
f 2436/4346/4346 2415/4344/4344 2479/4347/4347
f 2435/4348/4348 2436/4346/4346 2480/4349/4349
f 2434/4350/4350 2435/4348/4348 2481/4351/4351
f 2433/4352/4352 2434/4350/4350 2482/4353/4353
f 2414/4354/4354 2433/4352/4352 2483/4355/4355
f 2413/4356/4356 2414/4354/4354 2484/4357/4357
f 2412/4358/4358 2413/4356/4356 2485/4359/4359
f 2402/4360/4360 2412/4358/4358 2486/4361/4361
f 2400/4362/4362 2402/4360/4360 2487/4363/4363
f 2401/4364/4364 2400/4362/4362 2488/4365/4365
f 2431/4366/4366 2401/4364/4364 2489/4367/4367
f 2432/4368/4368 2431/4366/4366 2490/4369/4369
f 2442/4370/4370 2432/4368/4368 2491/4371/4371
f 2399/4372/4372 2442/4370/4370 2492/4373/4373
f 2398/4374/4374 2399/4372/4372 2493/4375/4375
f 2397/4376/4376 2398/4374/4374 2494/4377/4377
f 2388/4378/4378 2397/4376/4376 2495/4379/4379
f 2379/4380/4380 2388/4378/4378 2496/4381/4381
f 2378/4382/4382 2379/4380/4380 2497/4383/4383
f 2376/4384/4384 2378/4382/4382 2498/4385/4385
f 2377/4386/4386 2376/4384/4384 2499/4387/4387
f 2396/4388/4388 2377/4386/4386 2500/4389/4389
f 2395/4390/4390 2396/4388/4388 2501/4391/4391
f 2394/4392/4392 2395/4390/4390 2502/4393/4393
f 2387/4394/4394 2394/4392/4392 2503/4395/4395
f 2385/4396/4396 2387/4394/4394 2504/4397/4397
f 2386/4398/4398 2385/4396/4396 2505/4399/4399
f 2393/4400/4400 2386/4398/4398 2506/4401/4401
f 2391/4402/4402 2393/4400/4400 2507/4403/4403
f 2392/4404/4404 2391/4402/4402 2508/4405/4405
f 2411/4406/4406 2392/4404/4404 2509/4407/4407
f 2390/4408/4408 2411/4406/4406 2510/4409/4409
f 2384/4410/4410 2390/4408/4408 2511/4411/4411
f 2383/4412/4412 2384/4410/4410 2512/4413/4413
f 2382/4414/4414 2383/4412/4412 2513/4415/4415
f 2380/4416/4416 2382/4414/4414 2514/4417/4417
f 2381/4418/4418 2380/4416/4416 2515/4419/4419
f 2389/4420/4420 2381/4418/4418 2516/4421/4421
f 2430/4422/4422 2389/4420/4420 2517/4423/4423
f 2428/4424/4424 2430/4422/4422 2518/4425/4425
f 2429/4284/4284 2428/4424/4424 2519/4426/4426
f 2519/4426/4426 2448/4285/4285 2429/4284/4284
f 2518/4425/4425 2519/4426/4426 2428/4424/4424
f 2517/4423/4423 2518/4425/4425 2430/4422/4422
f 2516/4421/4421 2517/4423/4423 2389/4420/4420
f 2515/4419/4419 2516/4421/4421 2381/4418/4418
f 2514/4417/4417 2515/4419/4419 2380/4416/4416
f 2513/4415/4415 2514/4417/4417 2382/4414/4414
f 2512/4413/4413 2513/4415/4415 2383/4412/4412
f 2511/4411/4411 2512/4413/4413 2384/4410/4410
f 2510/4409/4409 2511/4411/4411 2390/4408/4408
f 2509/4407/4407 2510/4409/4409 2411/4406/4406
f 2508/4405/4405 2509/4407/4407 2392/4404/4404
f 2507/4403/4403 2508/4405/4405 2391/4402/4402
f 2506/4401/4401 2507/4403/4403 2393/4400/4400
f 2505/4399/4399 2506/4401/4401 2386/4398/4398
f 2504/4397/4397 2505/4399/4399 2385/4396/4396
f 2503/4395/4395 2504/4397/4397 2387/4394/4394
f 2502/4393/4393 2503/4395/4395 2394/4392/4392
f 2501/4391/4391 2502/4393/4393 2395/4390/4390
f 2500/4389/4389 2501/4391/4391 2396/4388/4388
f 2499/4387/4387 2500/4389/4389 2377/4386/4386
f 2498/4385/4385 2499/4387/4387 2376/4384/4384
f 2497/4383/4383 2498/4385/4385 2378/4382/4382
f 2496/4381/4381 2497/4383/4383 2379/4380/4380
f 2495/4379/4379 2496/4381/4381 2388/4378/4378
f 2494/4377/4377 2495/4379/4379 2397/4376/4376
f 2493/4375/4375 2494/4377/4377 2398/4374/4374
f 2492/4373/4373 2493/4375/4375 2399/4372/4372
f 2491/4371/4371 2492/4373/4373 2442/4370/4370
f 2490/4369/4369 2491/4371/4371 2432/4368/4368
f 2489/4367/4367 2490/4369/4369 2431/4366/4366
f 2488/4365/4365 2489/4367/4367 2401/4364/4364
f 2487/4363/4363 2488/4365/4365 2400/4362/4362
f 2486/4361/4361 2487/4363/4363 2402/4360/4360
f 2485/4359/4359 2486/4361/4361 2412/4358/4358
f 2484/4357/4357 2485/4359/4359 2413/4356/4356
f 2483/4355/4355 2484/4357/4357 2414/4354/4354
f 2482/4353/4353 2483/4355/4355 2433/4352/4352
f 2481/4351/4351 2482/4353/4353 2434/4350/4350
f 2480/4349/4349 2481/4351/4351 2435/4348/4348
f 2479/4347/4347 2480/4349/4349 2436/4346/4346
f 2478/4345/4345 2479/4347/4347 2415/4344/4344
f 2477/4343/4343 2478/4345/4345 2416/4342/4342
f 2476/4341/4341 2477/4343/4343 2403/4340/4340
f 2475/4339/4339 2476/4341/4341 2404/4338/4338
f 2474/4337/4337 2475/4339/4339 2417/4336/4336
f 2473/4335/4335 2474/4337/4337 2443/4334/4334
f 2472/4333/4333 2473/4335/4335 2444/4332/4332
f 2471/4331/4331 2472/4333/4333 2418/4330/4330
f 2470/4329/4329 2471/4331/4331 2419/4328/4328
f 2469/4327/4327 2470/4329/4329 2421/4326/4326
f 2468/4325/4325 2469/4327/4327 2420/4324/4324
f 2467/4323/4323 2468/4325/4325 2422/4322/4322
f 2466/4321/4321 2467/4323/4323 2437/4320/4320
f 2465/4319/4319 2466/4321/4321 2447/4318/4318
f 2464/4317/4317 2465/4319/4319 2438/4316/4316
f 2463/4315/4315 2464/4317/4317 2424/4314/4314
f 2462/4313/4313 2463/4315/4315 2423/4312/4312
f 2461/4311/4311 2462/4313/4313 2425/4310/4310
f 2460/4309/4309 2461/4311/4311 2426/4308/4308
f 2459/4307/4307 2460/4309/4309 2406/4306/4306
f 2458/4305/4305 2459/4307/4307 2405/4304/4304
f 2457/4303/4303 2458/4305/4305 2407/4302/4302
f 2456/4301/4301 2457/4303/4303 2439/4300/4300
f 2455/4299/4299 2456/4301/4301 2427/4298/4298
f 2454/4297/4297 2455/4299/4299 2409/4296/4296
f 2453/4295/4295 2454/4297/4297 2408/4294/4294
f 2452/4293/4293 2453/4295/4295 2410/4292/4292
f 2451/4291/4291 2452/4293/4293 2440/4290/4290
f 2450/4289/4289 2451/4291/4291 2441/4288/4288
f 2449/4287/4287 2450/4289/4289 2445/4286/4286
f 2448/4285/4285 2449/4287/4287 2446/4283/4283
f 661/4427/4427 2520/4428/4428 2521/4429/4429
f 655/4430/4430 2521/4429/4429 2522/4431/4431
f 656/4432/4432 2522/4431/4431 2523/4433/4433
f 659/4434/4434 2523/4433/4433 2524/4435/4435
f 660/4436/4436 2524/4435/4435 2525/4437/4437
f 662/4438/4438 2525/4437/4437 2526/4439/4439
f 657/4440/4440 2526/4439/4439 2527/4441/4441
f 658/4442/4442 2527/4441/4441 2528/4443/4443
f 686/4444/4444 2528/4443/4443 2529/4445/4445
f 675/4446/4446 2529/4445/4445 2530/4447/4447
f 676/4448/4448 2530/4447/4447 2531/4449/4449
f 685/4450/4450 2531/4449/4449 2532/4451/4451
f 683/4452/4452 2532/4451/4451 2533/4453/4453
f 684/4454/4454 2533/4453/4453 2534/4455/4455
f 681/4456/4456 2534/4455/4455 2535/4457/4457
f 682/4458/4458 2535/4457/4457 2536/4459/4459
f 679/4460/4460 2536/4459/4459 2537/4461/4461
f 680/4462/4462 2537/4461/4461 2538/4463/4463
f 673/4464/4464 2538/4463/4463 2539/4465/4465
f 674/4466/4466 2539/4465/4465 2540/4467/4467
f 671/4468/4468 2540/4467/4467 2541/4469/4469
f 672/4470/4470 2541/4469/4469 2542/4471/4471
f 678/4472/4472 2542/4471/4471 2543/4473/4473
f 677/4474/4474 2543/4473/4473 2544/4475/4475
f 669/4476/4476 2544/4475/4475 2545/4477/4477
f 665/4478/4478 2545/4477/4477 2546/4479/4479
f 666/4480/4480 2546/4479/4479 2547/4481/4481
f 667/4482/4482 2547/4481/4481 2548/4483/4483
f 668/4484/4484 2548/4483/4483 2549/4485/4485
f 693/4486/4486 2549/4485/4485 2550/4487/4487
f 694/4488/4488 2550/4487/4487 2551/4489/4489
f 691/4490/4490 2551/4489/4489 2552/4491/4491
f 692/4492/4492 2552/4491/4491 2553/4493/4493
f 690/4494/4494 2553/4493/4493 2554/4495/4495
f 689/4496/4496 2554/4495/4495 2555/4497/4497
f 687/4498/4498 2555/4497/4497 2556/4499/4499
f 688/4500/4500 2556/4499/4499 2557/4501/4501
f 695/4502/4502 2557/4501/4501 2558/4503/4503
f 639/4504/4504 2558/4503/4503 2559/4505/4505
f 631/4506/4506 2559/4505/4505 2560/4507/4507
f 632/4508/4508 2560/4507/4507 2561/4509/4509
f 638/4510/4510 2561/4509/4509 2562/4511/4511
f 644/4512/4512 2562/4511/4511 2563/4513/4513
f 645/4514/4514 2563/4513/4513 2564/4515/4515
f 652/4516/4516 2564/4515/4515 2565/4517/4517
f 642/4518/4518 2565/4517/4517 2566/4519/4519
f 643/4520/4520 2566/4519/4519 2567/4521/4521
f 650/4522/4522 2567/4521/4521 2568/4523/4523
f 651/4524/4524 2568/4523/4523 2569/4525/4525
f 640/4526/4526 2569/4525/4525 2570/4527/4527
f 641/4528/4528 2570/4527/4527 2571/4529/4529
f 648/4530/4530 2571/4529/4529 2572/4531/4531
f 649/4532/4532 2572/4531/4531 2573/4533/4533
f 653/4534/4534 2573/4533/4533 2574/4535/4535
f 646/4536/4536 2574/4535/4535 2575/4537/4537
f 647/4538/4538 2575/4537/4537 2576/4539/4539
f 637/4540/4540 2576/4539/4539 2577/4541/4541
f 626/4542/4542 2577/4541/4541 2578/4543/4543
f 627/4544/4544 2578/4543/4543 2579/4545/4545
f 621/4546/4546 2579/4545/4545 2580/4547/4547
f 622/4548/4548 2580/4547/4547 2581/4549/4549
f 625/4550/4550 2581/4549/4549 2582/4551/4551
f 623/4552/4552 2582/4551/4551 2583/4553/4553
f 624/4554/4554 2583/4553/4553 2584/4555/4555
f 630/4556/4556 2584/4555/4555 2585/4557/4557
f 636/4558/4558 2585/4557/4557 2586/4559/4559
f 635/4560/4560 2586/4559/4559 2587/4561/4561
f 628/4562/4562 2587/4561/4561 2588/4563/4563
f 629/4564/4564 2588/4563/4563 2589/4565/4565
f 634/4566/4566 2589/4565/4565 2590/4567/4567
f 663/4568/4568 2590/4567/4567 2591/4569/4569
f 664/4570/4570 2591/4569/4569 2520/4428/4428
f 2520/4428/4428 661/4427/4427 664/4570/4570
f 2591/4569/4569 664/4570/4570 663/4568/4568
f 2590/4567/4567 663/4568/4568 634/4566/4566
f 2589/4565/4565 634/4566/4566 629/4564/4564
f 2588/4563/4563 629/4564/4564 628/4562/4562
f 2587/4561/4561 628/4562/4562 635/4560/4560
f 2586/4559/4559 635/4560/4560 636/4558/4558
f 2585/4557/4557 636/4558/4558 630/4556/4556
f 2584/4555/4555 630/4556/4556 624/4554/4554
f 2583/4553/4553 624/4554/4554 623/4552/4552
f 2582/4551/4551 623/4552/4552 625/4550/4550
f 2581/4549/4549 625/4550/4550 622/4548/4548
f 2580/4547/4547 622/4548/4548 621/4546/4546
f 2579/4545/4545 621/4546/4546 627/4544/4544
f 2578/4543/4543 627/4544/4544 626/4542/4542
f 2577/4541/4541 626/4542/4542 637/4540/4540
f 2576/4539/4539 637/4540/4540 647/4538/4538
f 2575/4537/4537 647/4538/4538 646/4536/4536
f 2574/4535/4535 646/4536/4536 653/4534/4534
f 2573/4533/4533 653/4534/4534 649/4532/4532
f 2572/4531/4531 649/4532/4532 648/4530/4530
f 2571/4529/4529 648/4530/4530 641/4528/4528
f 2570/4527/4527 641/4528/4528 640/4526/4526
f 2569/4525/4525 640/4526/4526 651/4524/4524
f 2568/4523/4523 651/4524/4524 650/4522/4522
f 2567/4521/4521 650/4522/4522 643/4520/4520
f 2566/4519/4519 643/4520/4520 642/4518/4518
f 2565/4517/4517 642/4518/4518 652/4516/4516
f 2564/4515/4515 652/4516/4516 645/4514/4514
f 2563/4513/4513 645/4514/4514 644/4512/4512
f 2562/4511/4511 644/4512/4512 638/4510/4510
f 2561/4509/4509 638/4510/4510 632/4508/4508
f 2560/4507/4507 632/4508/4508 631/4506/4506
f 2559/4505/4505 631/4506/4506 639/4504/4504
f 2558/4503/4503 639/4504/4504 695/4502/4502
f 2557/4501/4501 695/4502/4502 688/4500/4500
f 2556/4499/4499 688/4500/4500 687/4498/4498
f 2555/4497/4497 687/4498/4498 689/4496/4496
f 2554/4495/4495 689/4496/4496 690/4494/4494
f 2553/4493/4493 690/4494/4494 692/4492/4492
f 2552/4491/4491 692/4492/4492 691/4490/4490
f 2551/4489/4489 691/4490/4490 694/4488/4488
f 2550/4487/4487 694/4488/4488 693/4486/4486
f 2549/4485/4485 693/4486/4486 668/4484/4484
f 2548/4483/4483 668/4484/4484 667/4482/4482
f 2547/4481/4481 667/4482/4482 666/4480/4480
f 2546/4479/4479 666/4480/4480 665/4478/4478
f 2545/4477/4477 665/4478/4478 669/4476/4476
f 2544/4475/4475 669/4476/4476 677/4474/4474
f 2543/4473/4473 677/4474/4474 678/4472/4472
f 2542/4471/4471 678/4472/4472 672/4470/4470
f 2541/4469/4469 672/4470/4470 671/4468/4468
f 2540/4467/4467 671/4468/4468 674/4466/4466
f 2539/4465/4465 674/4466/4466 673/4464/4464
f 2538/4463/4463 673/4464/4464 680/4462/4462
f 2537/4461/4461 680/4462/4462 679/4460/4460
f 2536/4459/4459 679/4460/4460 682/4458/4458
f 2535/4457/4457 682/4458/4458 681/4456/4456
f 2534/4455/4455 681/4456/4456 684/4454/4454
f 2533/4453/4453 684/4454/4454 683/4452/4452
f 2532/4451/4451 683/4452/4452 685/4450/4450
f 2531/4449/4449 685/4450/4450 676/4448/4448
f 2530/4447/4447 676/4448/4448 675/4446/4446
f 2529/4445/4445 675/4446/4446 686/4444/4444
f 2528/4443/4443 686/4444/4444 658/4442/4442
f 2527/4441/4441 658/4442/4442 657/4440/4440
f 2526/4439/4439 657/4440/4440 662/4438/4438
f 2525/4437/4437 662/4438/4438 660/4436/4436
f 2524/4435/4435 660/4436/4436 659/4434/4434
f 2523/4433/4433 659/4434/4434 656/4432/4432
f 2522/4431/4431 656/4432/4432 655/4430/4430
f 2521/4429/4429 655/4430/4430 661/4427/4427
f 2543/4571/4571 2592/4572/4572 2593/4573/4573
f 2543/4571/4571 2542/4574/4574 2594/4575/4575
f 2533/4576/4576 2595/4577/4577 2596/4578/4578
f 2533/4576/4576 2532/4579/4579 2597/4580/4580
f 2544/4581/4581 2593/4573/4573 2598/4582/4582
f 2594/4575/4575 2592/4572/4572 2543/4571/4571
f 2537/4583/4583 2599/4584/4584 2600/4585/4585
f 2537/4583/4583 2536/4586/4586 2601/4587/4587
f 2597/4580/4580 2595/4577/4577 2533/4576/4576
f 2532/4579/4579 2531/4588/4588 2602/4589/4589
f 2583/4590/4590 2603/4591/4591 2604/4592/4592
f 2583/4590/4590 2582/4593/4593 2605/4594/4594
f 2561/4595/4595 2606/4596/4596 2607/4597/4597
f 2561/4595/4595 2560/4598/4598 2608/4599/4599
f 2551/4600/4600 2609/4601/4601 2610/4602/4602
f 2551/4600/4600 2550/4603/4603 2611/4604/4604
f 2547/4605/4605 2546/4606/4606 2612/4607/4607
f 2546/4606/4606 2545/4608/4608 2598/4582/4582
f 2593/4573/4573 2544/4581/4581 2543/4571/4571
f 2542/4574/4574 2541/4609/4609 2613/4610/4610
f 2601/4587/4587 2599/4584/4584 2537/4583/4583
f 2536/4586/4586 2535/4611/4611 2614/4612/4612
f 2534/4613/4613 2596/4578/4578 2614/4612/4612
f 2602/4589/4589 2597/4580/4580 2532/4579/4579
f 2530/4614/4614 2615/4615/4615 2602/4589/4589
f 2529/4616/4616 2616/4617/4617 2615/4615/4615
f 2529/4616/4616 2528/4618/4618 2617/4619/4619
f 2528/4618/4618 2527/4620/4620 2618/4621/4621
f 2525/4622/4622 2619/4623/4623 2620/4624/4624
f 2525/4622/4622 2524/4625/4625 2621/4626/4626
f 2585/4627/4627 2622/4628/4628 2623/4629/4629
f 2585/4627/4627 2584/4630/4630 2604/4592/4592
f 2605/4594/4594 2603/4591/4591 2583/4590/4590
f 2582/4593/4593 2581/4631/4631 2624/4632/4632
f 2563/4633/4633 2625/4634/4634 2626/4635/4635
f 2563/4633/4633 2562/4636/4636 2607/4597/4597
f 2608/4599/4599 2606/4596/4596 2561/4595/4595
f 2560/4598/4598 2559/4637/4637 2627/4638/4638
f 2557/4639/4639 2628/4640/4640 2629/4641/4641
f 2557/4639/4639 2556/4642/4642 2630/4643/4643
f 2553/4644/4644 2631/4645/4645 2632/4646/4646
f 2553/4644/4644 2552/4647/4647 2610/4602/4602
f 2611/4604/4604 2609/4601/4601 2551/4600/4600
f 2550/4603/4603 2549/4648/4648 2633/4649/4649
f 2548/4650/4650 2634/4651/4651 2633/4649/4649
f 2548/4650/4650 2547/4605/4605 2635/4652/4652
f 2598/4582/4582 2612/4607/4607 2546/4606/4606
f 2613/4610/4610 2594/4575/4575 2542/4574/4574
f 2539/4653/4653 2636/4654/4654 2637/4655/4655
f 2539/4653/4653 2538/4656/4656 2600/4585/4585
f 2614/4612/4612 2601/4587/4587 2536/4586/4586
f 2596/4578/4578 2534/4613/4613 2533/4576/4576
f 2615/4615/4615 2530/4614/4614 2529/4616/4616
f 2618/4621/4621 2617/4619/4619 2528/4618/4618
f 2526/4657/4657 2620/4624/4624 2618/4621/4621
f 2621/4626/4626 2619/4623/4623 2525/4622/4622
f 2523/4658/4658 2638/4659/4659 2621/4626/4626
f 2523/4658/4658 2522/4660/4660 2639/4661/4661
f 2587/4662/4662 2640/4663/4663 2641/4664/4664
f 2587/4662/4662 2586/4665/4665 2623/4629/4629
f 2604/4592/4592 2622/4628/4628 2585/4627/4627
f 2624/4632/4632 2605/4594/4594 2582/4593/4593
f 2580/4666/4666 2642/4667/4667 2624/4632/4632
f 2580/4666/4666 2579/4668/4668 2643/4669/4669
f 2578/4670/4670 2644/4671/4671 2643/4669/4669
f 2578/4670/4670 2577/4672/4672 2645/4673/4673
f 2575/4674/4674 2646/4675/4675 2647/4676/4676
f 2575/4674/4674 2574/4677/4677 2648/4678/4678
f 2567/4679/4679 2649/4680/4680 2650/4681/4681
f 2567/4679/4679 2566/4682/4682 2651/4683/4683
f 2565/4684/4684 2652/4685/4685 2651/4683/4683
f 2565/4684/4684 2564/4686/4686 2626/4635/4635
f 2607/4597/4597 2625/4634/4634 2563/4633/4633
f 2627/4638/4638 2608/4599/4599 2560/4598/4598
f 2558/4687/4687 2629/4641/4641 2627/4638/4638
f 2630/4643/4643 2628/4640/4640 2557/4639/4639
f 2555/4688/4688 2653/4689/4689 2630/4643/4643
f 2555/4688/4688 2554/4690/4690 2632/4646/4646
f 2610/4602/4602 2631/4645/4645 2553/4644/4644
f 2633/4649/4649 2611/4604/4604 2550/4603/4603
f 2635/4652/4652 2634/4651/4651 2548/4650/4650
f 2598/4582/4582 2545/4608/4608 2544/4581/4581
f 2540/4691/4691 2637/4655/4655 2613/4610/4610
f 2600/4585/4585 2636/4654/4654 2539/4653/4653
f 2614/4612/4612 2535/4611/4611 2534/4613/4613
f 2617/4619/4619 2616/4617/4617 2529/4616/4616
f 2620/4624/4624 2526/4657/4657 2525/4622/4622
f 2639/4661/4661 2638/4659/4659 2523/4658/4658
f 2589/4692/4692 2654/4693/4693 2655/4694/4694
f 2589/4692/4692 2588/4695/4695 2641/4664/4664
f 2623/4629/4629 2640/4663/4663 2587/4662/4662
f 2604/4592/4592 2584/4630/4630 2583/4590/4590
f 2643/4669/4669 2642/4667/4667 2580/4666/4666
f 2645/4673/4673 2644/4671/4671 2578/4670/4670
f 2576/4696/4696 2647/4676/4676 2645/4673/4673
f 2648/4678/4678 2646/4675/4675 2575/4674/4674
f 2651/4683/4683 2649/4680/4680 2567/4679/4679
f 2626/4635/4635 2652/4685/4685 2565/4684/4684
f 2607/4597/4597 2562/4636/4636 2561/4595/4595
f 2629/4641/4641 2558/4687/4687 2557/4639/4639
f 2632/4646/4646 2653/4689/4689 2555/4688/4688
f 2610/4602/4602 2552/4647/4647 2551/4600/4600
f 2612/4607/4607 2635/4652/4652 2547/4605/4605
f 2637/4655/4655 2540/4691/4691 2539/4653/4653
f 2602/4589/4589 2531/4588/4588 2530/4614/4614
f 2621/4626/4626 2524/4625/4625 2523/4658/4658
f 2521/4697/4697 2656/4698/4698 2639/4661/4661
f 2521/4697/4697 2520/4699/4699 2657/4700/4700
f 2641/4664/4664 2654/4693/4693 2589/4692/4692
f 2623/4629/4629 2586/4665/4665 2585/4627/4627
f 2643/4669/4669 2579/4668/4668 2578/4670/4670
f 2647/4676/4676 2576/4696/4696 2575/4674/4674
f 2569/4701/4701 2658/4702/4702 2659/4703/4703
f 2569/4701/4701 2568/4704/4704 2650/4681/4681
f 2651/4683/4683 2566/4682/4682 2565/4684/4684
f 2627/4638/4638 2559/4637/4637 2558/4687/4687
f 2632/4646/4646 2554/4690/4690 2553/4644/4644
f 2613/4610/4610 2541/4609/4609 2540/4691/4691
f 2618/4621/4621 2527/4620/4620 2526/4657/4657
f 2657/4700/4700 2656/4698/4698 2521/4697/4697
f 2591/4705/4705 2660/4706/4706 2657/4700/4700
f 2591/4705/4705 2590/4707/4707 2655/4694/4694
f 2641/4664/4664 2588/4695/4695 2587/4662/4662
f 2645/4673/4673 2577/4672/4672 2576/4696/4696
f 2571/4708/4708 2661/4709/4709 2662/4710/4710
f 2571/4708/4708 2570/4711/4711 2659/4703/4703
f 2650/4681/4681 2658/4702/4702 2569/4701/4701
f 2626/4635/4635 2564/4686/4686 2563/4633/4633
f 2633/4649/4649 2549/4648/4648 2548/4650/4650
f 2639/4661/4661 2522/4660/4660 2521/4697/4697
f 2655/4694/4694 2660/4706/4706 2591/4705/4705
f 2624/4632/4632 2581/4631/4631 2580/4666/4666
f 2573/4712/4712 2663/4713/4713 2648/4678/4678
f 2573/4712/4712 2572/4714/4714 2662/4710/4710
f 2659/4703/4703 2661/4709/4709 2571/4708/4708
f 2650/4681/4681 2568/4704/4704 2567/4679/4679
f 2600/4585/4585 2538/4656/4656 2537/4583/4583
f 2655/4694/4694 2590/4707/4707 2589/4692/4692
f 2662/4710/4710 2663/4713/4713 2573/4712/4712
f 2659/4703/4703 2570/4711/4711 2569/4701/4701
f 2657/4700/4700 2520/4699/4699 2591/4705/4705
f 2662/4710/4710 2572/4714/4714 2571/4708/4708
f 2648/4678/4678 2574/4677/4677 2573/4712/4712
f 2630/4643/4643 2556/4642/4642 2555/4688/4688
f 2664/4715/4715 2665/4716/4716 2657/4717/4717
f 2666/4718/4718 2664/4715/4715 2660/4719/4719
f 2667/4720/4720 2666/4718/4718 2655/4721/4721
f 2668/4722/4722 2667/4720/4720 2654/4723/4723
f 2669/4724/4724 2668/4722/4722 2641/4725/4725
f 2670/4726/4726 2669/4724/4724 2640/4727/4727
f 2671/4728/4728 2670/4726/4726 2623/4729/4729
f 2672/4730/4730 2671/4728/4728 2622/4731/4731
f 2673/4732/4732 2672/4730/4730 2604/4733/4733
f 2674/4734/4734 2673/4732/4732 2603/4735/4735
f 2675/4736/4736 2674/4734/4734 2605/4737/4737
f 2676/4738/4738 2675/4736/4736 2624/4739/4739
f 2677/4740/4740 2676/4738/4738 2642/4741/4741
f 2678/4742/4742 2677/4740/4740 2643/4743/4743
f 2679/4744/4744 2678/4742/4742 2644/4745/4745
f 2680/4746/4746 2679/4744/4744 2645/4747/4747
f 2681/4748/4748 2680/4746/4746 2647/4749/4749
f 2682/4750/4750 2681/4748/4748 2646/4751/4751
f 2683/4752/4752 2682/4750/4750 2648/4753/4753
f 2684/4754/4754 2683/4752/4752 2663/4755/4755
f 2685/4756/4756 2684/4754/4754 2662/4757/4757
f 2686/4758/4758 2685/4756/4756 2661/4759/4759
f 2687/4760/4760 2686/4758/4758 2659/4761/4761
f 2688/4762/4762 2687/4760/4760 2658/4763/4763
f 2689/4764/4764 2688/4762/4762 2650/4765/4765
f 2690/4766/4766 2689/4764/4764 2649/4767/4767
f 2691/4768/4768 2690/4766/4766 2651/4769/4769
f 2692/4770/4770 2691/4768/4768 2652/4771/4771
f 2693/4772/4772 2692/4770/4770 2626/4773/4773
f 2694/4774/4774 2693/4772/4772 2625/4775/4775
f 2695/4776/4776 2694/4774/4774 2607/4777/4777
f 2696/4778/4778 2695/4776/4776 2606/4779/4779
f 2697/4780/4780 2696/4778/4778 2608/4781/4781
f 2698/4782/4782 2697/4780/4780 2627/4783/4783
f 2699/4784/4784 2698/4782/4782 2629/4785/4785
f 2700/4786/4786 2699/4784/4784 2628/4787/4787
f 2701/4788/4788 2700/4786/4786 2630/4789/4789
f 2702/4790/4790 2701/4788/4788 2653/4791/4791
f 2703/4792/4792 2702/4790/4790 2632/4793/4793
f 2704/4794/4794 2703/4792/4792 2631/4795/4795
f 2705/4796/4796 2704/4794/4794 2610/4797/4797
f 2706/4798/4798 2705/4796/4796 2609/4799/4799
f 2707/4800/4800 2706/4798/4798 2611/4801/4801
f 2708/4802/4802 2707/4800/4800 2633/4803/4803
f 2709/4804/4804 2708/4802/4802 2634/4805/4805
f 2710/4806/4806 2709/4804/4804 2635/4807/4807
f 2711/4808/4808 2710/4806/4806 2612/4809/4809
f 2712/4810/4810 2711/4808/4808 2598/4811/4811
f 2713/4812/4812 2712/4810/4810 2593/4813/4813
f 2714/4814/4814 2713/4812/4812 2592/4815/4815
f 2715/4816/4816 2714/4814/4814 2594/4817/4817
f 2716/4818/4818 2715/4816/4816 2613/4819/4819
f 2717/4820/4820 2716/4818/4818 2637/4821/4821
f 2718/4822/4822 2717/4820/4820 2636/4823/4823
f 2719/4824/4824 2718/4822/4822 2600/4825/4825
f 2720/4826/4826 2719/4824/4824 2599/4827/4827
f 2721/4828/4828 2720/4826/4826 2601/4829/4829
f 2722/4830/4830 2721/4828/4828 2614/4831/4831
f 2723/4832/4832 2722/4830/4830 2596/4833/4833
f 2724/4834/4834 2723/4832/4832 2595/4835/4835
f 2725/4836/4836 2724/4834/4834 2597/4837/4837
f 2726/4838/4838 2725/4836/4836 2602/4839/4839
f 2727/4840/4840 2726/4838/4838 2615/4841/4841
f 2728/4842/4842 2727/4840/4840 2616/4843/4843
f 2729/4844/4844 2728/4842/4842 2617/4845/4845
f 2730/4846/4846 2729/4844/4844 2618/4847/4847
f 2731/4848/4848 2730/4846/4846 2620/4849/4849
f 2732/4850/4850 2731/4848/4848 2619/4851/4851
f 2733/4852/4852 2732/4850/4850 2621/4853/4853
f 2734/4854/4854 2733/4852/4852 2638/4855/4855
f 2735/4856/4856 2734/4854/4854 2639/4857/4857
f 2665/4716/4716 2735/4856/4856 2656/4858/4858
f 2656/4858/4858 2657/4717/4717 2665/4716/4716
f 2639/4857/4857 2656/4858/4858 2735/4856/4856
f 2638/4855/4855 2639/4857/4857 2734/4854/4854
f 2621/4853/4853 2638/4855/4855 2733/4852/4852
f 2619/4851/4851 2621/4853/4853 2732/4850/4850
f 2620/4849/4849 2619/4851/4851 2731/4848/4848
f 2618/4847/4847 2620/4849/4849 2730/4846/4846
f 2617/4845/4845 2618/4847/4847 2729/4844/4844
f 2616/4843/4843 2617/4845/4845 2728/4842/4842
f 2615/4841/4841 2616/4843/4843 2727/4840/4840
f 2602/4839/4839 2615/4841/4841 2726/4838/4838
f 2597/4837/4837 2602/4839/4839 2725/4836/4836
f 2595/4835/4835 2597/4837/4837 2724/4834/4834
f 2596/4833/4833 2595/4835/4835 2723/4832/4832
f 2614/4831/4831 2596/4833/4833 2722/4830/4830
f 2601/4829/4829 2614/4831/4831 2721/4828/4828
f 2599/4827/4827 2601/4829/4829 2720/4826/4826
f 2600/4825/4825 2599/4827/4827 2719/4824/4824
f 2636/4823/4823 2600/4825/4825 2718/4822/4822
f 2637/4821/4821 2636/4823/4823 2717/4820/4820
f 2613/4819/4819 2637/4821/4821 2716/4818/4818
f 2594/4817/4817 2613/4819/4819 2715/4816/4816
f 2592/4815/4815 2594/4817/4817 2714/4814/4814
f 2593/4813/4813 2592/4815/4815 2713/4812/4812
f 2598/4811/4811 2593/4813/4813 2712/4810/4810
f 2612/4809/4809 2598/4811/4811 2711/4808/4808
f 2635/4807/4807 2612/4809/4809 2710/4806/4806
f 2634/4805/4805 2635/4807/4807 2709/4804/4804
f 2633/4803/4803 2634/4805/4805 2708/4802/4802
f 2611/4801/4801 2633/4803/4803 2707/4800/4800
f 2609/4799/4799 2611/4801/4801 2706/4798/4798
f 2610/4797/4797 2609/4799/4799 2705/4796/4796
f 2631/4795/4795 2610/4797/4797 2704/4794/4794
f 2632/4793/4793 2631/4795/4795 2703/4792/4792
f 2653/4791/4791 2632/4793/4793 2702/4790/4790
f 2630/4789/4789 2653/4791/4791 2701/4788/4788
f 2628/4787/4787 2630/4789/4789 2700/4786/4786
f 2629/4785/4785 2628/4787/4787 2699/4784/4784
f 2627/4783/4783 2629/4785/4785 2698/4782/4782
f 2608/4781/4781 2627/4783/4783 2697/4780/4780
f 2606/4779/4779 2608/4781/4781 2696/4778/4778
f 2607/4777/4777 2606/4779/4779 2695/4776/4776
f 2625/4775/4775 2607/4777/4777 2694/4774/4774
f 2626/4773/4773 2625/4775/4775 2693/4772/4772
f 2652/4771/4771 2626/4773/4773 2692/4770/4770
f 2651/4769/4769 2652/4771/4771 2691/4768/4768
f 2649/4767/4767 2651/4769/4769 2690/4766/4766
f 2650/4765/4765 2649/4767/4767 2689/4764/4764
f 2658/4763/4763 2650/4765/4765 2688/4762/4762
f 2659/4761/4761 2658/4763/4763 2687/4760/4760
f 2661/4759/4759 2659/4761/4761 2686/4758/4758
f 2662/4757/4757 2661/4759/4759 2685/4756/4756
f 2663/4755/4755 2662/4757/4757 2684/4754/4754
f 2648/4753/4753 2663/4755/4755 2683/4752/4752
f 2646/4751/4751 2648/4753/4753 2682/4750/4750
f 2647/4749/4749 2646/4751/4751 2681/4748/4748
f 2645/4747/4747 2647/4749/4749 2680/4746/4746
f 2644/4745/4745 2645/4747/4747 2679/4744/4744
f 2643/4743/4743 2644/4745/4745 2678/4742/4742
f 2642/4741/4741 2643/4743/4743 2677/4740/4740
f 2624/4739/4739 2642/4741/4741 2676/4738/4738
f 2605/4737/4737 2624/4739/4739 2675/4736/4736
f 2603/4735/4735 2605/4737/4737 2674/4734/4734
f 2604/4733/4733 2603/4735/4735 2673/4732/4732
f 2622/4731/4731 2604/4733/4733 2672/4730/4730
f 2623/4729/4729 2622/4731/4731 2671/4728/4728
f 2640/4727/4727 2623/4729/4729 2670/4726/4726
f 2641/4725/4725 2640/4727/4727 2669/4724/4724
f 2654/4723/4723 2641/4725/4725 2668/4722/4722
f 2655/4721/4721 2654/4723/4723 2667/4720/4720
f 2660/4719/4719 2655/4721/4721 2666/4718/4718
f 2657/4717/4717 2660/4719/4719 2664/4715/4715
f 2685/4859/4859 2736/4860/4860 2737/4861/4861
f 2685/4859/4859 2686/4862/4862 2738/4863/4863
f 2703/4864/4864 2739/4865/4865 2740/4866/4866
f 2703/4864/4864 2704/4867/4867 2741/4868/4868
f 2667/4869/4869 2742/4870/4870 2743/4871/4871
f 2667/4869/4869 2668/4872/4872 2744/4873/4873
f 2738/4863/4863 2736/4860/4860 2685/4859/4859
f 2686/4862/4862 2687/4874/4874 2745/4875/4875
f 2689/4876/4876 2746/4877/4877 2747/4878/4878
f 2689/4876/4876 2690/4879/4879 2748/4880/4880
f 2741/4868/4868 2739/4865/4865 2703/4864/4864
f 2704/4867/4867 2705/4881/4881 2749/4882/4882
f 2721/4883/4883 2750/4884/4884 2751/4885/4885
f 2721/4883/4883 2722/4886/4886 2752/4887/4887
f 2744/4873/4873 2742/4870/4870 2667/4869/4869
f 2668/4872/4872 2669/4888/4888 2753/4889/4889
f 2745/4875/4875 2738/4863/4863 2686/4862/4862
f 2687/4874/4874 2688/4890/4890 2747/4878/4878
f 2748/4880/4880 2746/4877/4877 2689/4876/4876
f 2690/4879/4879 2691/4891/4891 2754/4892/4892
f 2749/4882/4882 2741/4868/4868 2704/4867/4867
f 2705/4881/4881 2706/4893/4893 2755/4894/4894
f 2707/4895/4895 2756/4896/4896 2755/4894/4894
f 2707/4895/4895 2708/4897/4897 2757/4898/4898
f 2752/4887/4887 2750/4884/4884 2721/4883/4883
f 2722/4886/4886 2723/4899/4899 2758/4900/4900
f 2735/4901/4901 2759/4902/4902 2760/4903/4903
f 2735/4901/4901 2665/4904/4904 2761/4905/4905
f 2664/4906/4906 2762/4907/4907 2761/4905/4905
f 2664/4906/4906 2666/4908/4908 2743/4871/4871
f 2753/4889/4889 2744/4873/4873 2668/4872/4872
f 2669/4888/4888 2670/4909/4909 2763/4910/4910
f 2671/4911/4911 2764/4912/4912 2763/4910/4910
f 2671/4911/4911 2672/4913/4913 2765/4914/4914
f 2675/4915/4915 2766/4916/4916 2767/4917/4917
f 2675/4915/4915 2676/4918/4918 2768/4919/4919
f 2679/4920/4920 2769/4921/4921 2770/4922/4922
f 2679/4920/4920 2680/4923/4923 2771/4924/4924
f 2681/4925/4925 2772/4926/4926 2771/4924/4924
f 2681/4925/4925 2682/4927/4927 2773/4928/4928
f 2683/4929/4929 2774/4930/4930 2773/4928/4928
f 2683/4929/4929 2684/4931/4931 2737/4861/4861
f 2747/4878/4878 2745/4875/4875 2687/4874/4874
f 2754/4892/4892 2748/4880/4880 2690/4879/4879
f 2692/4932/4932 2775/4933/4933 2754/4892/4892
f 2692/4932/4932 2693/4934/4934 2776/4935/4935
f 2701/4936/4936 2777/4937/4937 2778/4938/4938
f 2701/4936/4936 2702/4939/4939 2740/4866/4866
f 2755/4894/4894 2749/4882/4882 2705/4881/4881
f 2757/4898/4898 2756/4896/4896 2707/4895/4895
f 2712/4940/4940 2779/4941/4941 2780/4942/4942
f 2712/4940/4940 2713/4943/4943 2781/4944/4944
f 2715/4945/4945 2782/4946/4946 2783/4947/4947
f 2715/4945/4945 2716/4948/4948 2784/4949/4949
f 2717/4950/4950 2785/4951/4951 2784/4949/4949
f 2717/4950/4950 2718/4952/4952 2786/4953/4953
f 2719/4954/4954 2787/4955/4955 2786/4953/4953
f 2719/4954/4954 2720/4956/4956 2751/4885/4885
f 2758/4900/4900 2752/4887/4887 2722/4886/4886
f 2723/4899/4899 2724/4957/4957 2788/4958/4958
f 2725/4959/4959 2789/4960/4960 2788/4958/4958
f 2725/4959/4959 2726/4961/4961 2790/4962/4962
f 2761/4905/4905 2759/4902/4902 2735/4901/4901
f 2743/4871/4871 2762/4907/4907 2664/4906/4906
f 2763/4910/4910 2753/4889/4889 2669/4888/4888
f 2765/4914/4914 2764/4912/4912 2671/4911/4911
f 2768/4919/4919 2766/4916/4916 2675/4915/4915
f 2676/4918/4918 2677/4963/4963 2791/4964/4964
f 2678/4965/4965 2770/4922/4922 2791/4964/4964
f 2771/4924/4924 2769/4921/4921 2679/4920/4920
f 2773/4928/4928 2772/4926/4926 2681/4925/4925
f 2737/4861/4861 2774/4930/4930 2683/4929/4929
f 2747/4878/4878 2688/4890/4890 2689/4876/4876
f 2776/4935/4935 2775/4933/4933 2692/4932/4932
f 2740/4866/4866 2777/4937/4937 2701/4936/4936
f 2755/4894/4894 2706/4893/4893 2707/4895/4895
f 2709/4966/4966 2792/4967/4967 2757/4898/4898
f 2709/4966/4966 2710/4968/4968 2793/4969/4969
f 2711/4970/4970 2780/4942/4942 2793/4969/4969
f 2781/4944/4944 2779/4941/4941 2712/4940/4940
f 2714/4971/4971 2783/4947/4947 2781/4944/4944
f 2784/4949/4949 2782/4946/4946 2715/4945/4945
f 2786/4953/4953 2785/4951/4951 2717/4950/4950
f 2751/4885/4885 2787/4955/4955 2719/4954/4954
f 2788/4958/4958 2758/4900/4900 2723/4899/4899
f 2790/4962/4962 2789/4960/4960 2725/4959/4959
f 2727/4972/4972 2794/4973/4973 2790/4962/4962
f 2727/4972/4972 2728/4974/4974 2795/4975/4975
f 2733/4976/4976 2796/4977/4977 2797/4978/4978
f 2733/4976/4976 2734/4979/4979 2760/4903/4903
f 2761/4905/4905 2665/4904/4904 2664/4906/4906
f 2763/4910/4910 2670/4909/4909 2671/4911/4911
f 2673/4980/4980 2798/4981/4981 2765/4914/4914
f 2673/4980/4980 2674/4982/4982 2767/4917/4917
f 2791/4964/4964 2768/4919/4919 2676/4918/4918
f 2770/4922/4922 2678/4965/4965 2679/4920/4920
f 2773/4928/4928 2682/4927/4927 2683/4929/4929
f 2754/4892/4892 2691/4891/4891 2692/4932/4932
f 2740/4866/4866 2702/4939/4939 2703/4864/4864
f 2793/4969/4969 2792/4967/4967 2709/4966/4966
f 2780/4942/4942 2711/4970/4970 2712/4940/4940
f 2783/4947/4947 2714/4971/4971 2715/4945/4945
f 2786/4953/4953 2718/4952/4952 2719/4954/4954
f 2788/4958/4958 2724/4957/4957 2725/4959/4959
f 2795/4975/4975 2794/4973/4973 2727/4972/4972
f 2728/4974/4974 2729/4983/4983 2799/4984/4984
f 2730/4985/4985 2800/4986/4986 2799/4984/4984
f 2730/4985/4985 2731/4987/4987 2801/4988/4988
f 2732/4989/4989 2797/4978/4978 2801/4988/4988
f 2760/4903/4903 2796/4977/4977 2733/4976/4976
f 2743/4871/4871 2666/4908/4908 2667/4869/4869
f 2767/4917/4917 2798/4981/4981 2673/4980/4980
f 2791/4964/4964 2677/4963/4963 2678/4965/4965
f 2737/4861/4861 2684/4931/4931 2685/4859/4859
f 2697/4990/4990 2802/4991/4991 2803/4992/4992
f 2697/4990/4990 2698/4993/4993 2804/4994/4994
f 2757/4898/4898 2708/4897/4897 2709/4966/4966
f 2781/4944/4944 2713/4943/4943 2714/4971/4971
f 2751/4885/4885 2720/4956/4956 2721/4883/4883
f 2799/4984/4984 2795/4975/4975 2728/4974/4974
f 2801/4988/4988 2800/4986/4986 2730/4985/4985
f 2797/4978/4978 2732/4989/4989 2733/4976/4976
f 2765/4914/4914 2672/4913/4913 2673/4980/4980
f 2771/4924/4924 2680/4923/4923 2681/4925/4925
f 2694/4995/4995 2805/4996/4996 2776/4935/4935
f 2694/4995/4995 2695/4997/4997 2806/4998/4998
f 2696/4999/4999 2803/4992/4992 2806/4998/4998
f 2804/4994/4994 2802/4991/4991 2697/4990/4990
f 2793/4969/4969 2710/4968/4968 2711/4970/4970
f 2790/4962/4962 2726/4961/4961 2727/4972/4972
f 2801/4988/4988 2731/4987/4987 2732/4989/4989
f 2767/4917/4917 2674/4982/4982 2675/4915/4915
f 2806/4998/4998 2805/4996/4996 2694/4995/4995
f 2803/4992/4992 2696/4999/4999 2697/4990/4990
f 2699/5000/5000 2807/5001/5001 2804/4994/4994
f 2699/5000/5000 2700/5002/5002 2778/4938/4938
f 2784/4949/4949 2716/4948/4948 2717/4950/4950
f 2760/4903/4903 2734/4979/4979 2735/4901/4901
f 2806/4998/4998 2695/4997/4997 2696/4999/4999
f 2778/4938/4938 2807/5001/5001 2699/5000/5000
f 2799/4984/4984 2729/4983/4983 2730/4985/4985
f 2804/4994/4994 2698/4993/4993 2699/5000/5000
f 2776/4935/4935 2693/4934/4934 2694/4995/4995
f 2778/4938/4938 2700/5002/5002 2701/4936/4936
f 2807/5003/5003 2778/5004/5004 2808/5005/5005
f 2804/5006/5006 2807/5003/5003 2809/5007/5007
f 2802/5008/5008 2804/5006/5006 2810/5009/5009
f 2803/5010/5010 2802/5008/5008 2811/5011/5011
f 2806/5012/5012 2803/5010/5010 2812/5013/5013
f 2805/5014/5014 2806/5012/5012 2813/5015/5015
f 2776/5016/5016 2805/5014/5014 2814/5017/5017
f 2775/5018/5018 2776/5016/5016 2815/5019/5019
f 2754/5020/5020 2775/5018/5018 2816/5021/5021
f 2748/5022/5022 2754/5020/5020 2817/5023/5023
f 2746/5024/5024 2748/5022/5022 2818/5025/5025
f 2747/5026/5026 2746/5024/5024 2819/5027/5027
f 2745/5028/5028 2747/5026/5026 2820/5029/5029
f 2738/5030/5030 2745/5028/5028 2821/5031/5031
f 2736/5032/5032 2738/5030/5030 2822/5033/5033
f 2737/5034/5034 2736/5032/5032 2823/5035/5035
f 2774/5036/5036 2737/5034/5034 2824/5037/5037
f 2773/5038/5038 2774/5036/5036 2825/5039/5039
f 2772/5040/5040 2773/5038/5038 2826/5041/5041
f 2771/5042/5042 2772/5040/5040 2827/5043/5043
f 2769/5044/5044 2771/5042/5042 2828/5045/5045
f 2770/5046/5046 2769/5044/5044 2829/5047/5047
f 2791/5048/5048 2770/5046/5046 2830/5049/5049
f 2768/5050/5050 2791/5048/5048 2831/5051/5051
f 2766/5052/5052 2768/5050/5050 2832/5053/5053
f 2767/5054/5054 2766/5052/5052 2833/5055/5055
f 2798/5056/5056 2767/5054/5054 2834/5057/5057
f 2765/5058/5058 2798/5056/5056 2835/5059/5059
f 2764/5060/5060 2765/5058/5058 2836/5061/5061
f 2763/5062/5062 2764/5060/5060 2837/5063/5063
f 2753/5064/5064 2763/5062/5062 2838/5065/5065
f 2744/5066/5066 2753/5064/5064 2839/5067/5067
f 2742/5068/5068 2744/5066/5066 2840/5069/5069
f 2743/5070/5070 2742/5068/5068 2841/5071/5071
f 2762/5072/5072 2743/5070/5070 2842/5073/5073
f 2761/5074/5074 2762/5072/5072 2843/5075/5075
f 2759/5076/5076 2761/5074/5074 2844/5077/5077
f 2760/5078/5078 2759/5076/5076 2845/5079/5079
f 2796/5080/5080 2760/5078/5078 2846/5081/5081
f 2797/5082/5082 2796/5080/5080 2847/5083/5083
f 2801/5084/5084 2797/5082/5082 2848/5085/5085
f 2800/5086/5086 2801/5084/5084 2849/5087/5087
f 2799/5088/5088 2800/5086/5086 2850/5089/5089
f 2795/5090/5090 2799/5088/5088 2851/5091/5091
f 2794/5092/5092 2795/5090/5090 2852/5093/5093
f 2790/5094/5094 2794/5092/5092 2853/5095/5095
f 2789/5096/5096 2790/5094/5094 2854/5097/5097
f 2788/5098/5098 2789/5096/5096 2855/5099/5099
f 2758/5100/5100 2788/5098/5098 2856/5101/5101
f 2752/5102/5102 2758/5100/5100 2857/5103/5103
f 2750/5104/5104 2752/5102/5102 2858/5105/5105
f 2751/5106/5106 2750/5104/5104 2859/5107/5107
f 2787/5108/5108 2751/5106/5106 2860/5109/5109
f 2786/5110/5110 2787/5108/5108 2861/5111/5111
f 2785/5112/5112 2786/5110/5110 2862/5113/5113
f 2784/5114/5114 2785/5112/5112 2863/5115/5115
f 2782/5116/5116 2784/5114/5114 2864/5117/5117
f 2783/5118/5118 2782/5116/5116 2865/5119/5119
f 2781/5120/5120 2783/5118/5118 2866/5121/5121
f 2779/5122/5122 2781/5120/5120 2867/5123/5123
f 2780/5124/5124 2779/5122/5122 2868/5125/5125
f 2793/5126/5126 2780/5124/5124 2869/5127/5127
f 2792/5128/5128 2793/5126/5126 2870/5129/5129
f 2757/5130/5130 2792/5128/5128 2871/5131/5131
f 2756/5132/5132 2757/5130/5130 2872/5133/5133
f 2755/5134/5134 2756/5132/5132 2873/5135/5135
f 2749/5136/5136 2755/5134/5134 2874/5137/5137
f 2741/5138/5138 2749/5136/5136 2875/5139/5139
f 2739/5140/5140 2741/5138/5138 2876/5141/5141
f 2740/5142/5142 2739/5140/5140 2877/5143/5143
f 2777/5144/5144 2740/5142/5142 2878/5145/5145
f 2778/5004/5004 2777/5144/5144 2879/5146/5146
f 2879/5146/5146 2808/5005/5005 2778/5004/5004
f 2878/5145/5145 2879/5146/5146 2777/5144/5144
f 2877/5143/5143 2878/5145/5145 2740/5142/5142
f 2876/5141/5141 2877/5143/5143 2739/5140/5140
f 2875/5139/5139 2876/5141/5141 2741/5138/5138
f 2874/5137/5137 2875/5139/5139 2749/5136/5136
f 2873/5135/5135 2874/5137/5137 2755/5134/5134
f 2872/5133/5133 2873/5135/5135 2756/5132/5132
f 2871/5131/5131 2872/5133/5133 2757/5130/5130
f 2870/5129/5129 2871/5131/5131 2792/5128/5128
f 2869/5127/5127 2870/5129/5129 2793/5126/5126
f 2868/5125/5125 2869/5127/5127 2780/5124/5124
f 2867/5123/5123 2868/5125/5125 2779/5122/5122
f 2866/5121/5121 2867/5123/5123 2781/5120/5120
f 2865/5119/5119 2866/5121/5121 2783/5118/5118
f 2864/5117/5117 2865/5119/5119 2782/5116/5116
f 2863/5115/5115 2864/5117/5117 2784/5114/5114
f 2862/5113/5113 2863/5115/5115 2785/5112/5112
f 2861/5111/5111 2862/5113/5113 2786/5110/5110
f 2860/5109/5109 2861/5111/5111 2787/5108/5108
f 2859/5107/5107 2860/5109/5109 2751/5106/5106
f 2858/5105/5105 2859/5107/5107 2750/5104/5104
f 2857/5103/5103 2858/5105/5105 2752/5102/5102
f 2856/5101/5101 2857/5103/5103 2758/5100/5100
f 2855/5099/5099 2856/5101/5101 2788/5098/5098
f 2854/5097/5097 2855/5099/5099 2789/5096/5096
f 2853/5095/5095 2854/5097/5097 2790/5094/5094
f 2852/5093/5093 2853/5095/5095 2794/5092/5092
f 2851/5091/5091 2852/5093/5093 2795/5090/5090
f 2850/5089/5089 2851/5091/5091 2799/5088/5088
f 2849/5087/5087 2850/5089/5089 2800/5086/5086
f 2848/5085/5085 2849/5087/5087 2801/5084/5084
f 2847/5083/5083 2848/5085/5085 2797/5082/5082
f 2846/5081/5081 2847/5083/5083 2796/5080/5080
f 2845/5079/5079 2846/5081/5081 2760/5078/5078
f 2844/5077/5077 2845/5079/5079 2759/5076/5076
f 2843/5075/5075 2844/5077/5077 2761/5074/5074
f 2842/5073/5073 2843/5075/5075 2762/5072/5072
f 2841/5071/5071 2842/5073/5073 2743/5070/5070
f 2840/5069/5069 2841/5071/5071 2742/5068/5068
f 2839/5067/5067 2840/5069/5069 2744/5066/5066
f 2838/5065/5065 2839/5067/5067 2753/5064/5064
f 2837/5063/5063 2838/5065/5065 2763/5062/5062
f 2836/5061/5061 2837/5063/5063 2764/5060/5060
f 2835/5059/5059 2836/5061/5061 2765/5058/5058
f 2834/5057/5057 2835/5059/5059 2798/5056/5056
f 2833/5055/5055 2834/5057/5057 2767/5054/5054
f 2832/5053/5053 2833/5055/5055 2766/5052/5052
f 2831/5051/5051 2832/5053/5053 2768/5050/5050
f 2830/5049/5049 2831/5051/5051 2791/5048/5048
f 2829/5047/5047 2830/5049/5049 2770/5046/5046
f 2828/5045/5045 2829/5047/5047 2769/5044/5044
f 2827/5043/5043 2828/5045/5045 2771/5042/5042
f 2826/5041/5041 2827/5043/5043 2772/5040/5040
f 2825/5039/5039 2826/5041/5041 2773/5038/5038
f 2824/5037/5037 2825/5039/5039 2774/5036/5036
f 2823/5035/5035 2824/5037/5037 2737/5034/5034
f 2822/5033/5033 2823/5035/5035 2736/5032/5032
f 2821/5031/5031 2822/5033/5033 2738/5030/5030
f 2820/5029/5029 2821/5031/5031 2745/5028/5028
f 2819/5027/5027 2820/5029/5029 2747/5026/5026
f 2818/5025/5025 2819/5027/5027 2746/5024/5024
f 2817/5023/5023 2818/5025/5025 2748/5022/5022
f 2816/5021/5021 2817/5023/5023 2754/5020/5020
f 2815/5019/5019 2816/5021/5021 2775/5018/5018
f 2814/5017/5017 2815/5019/5019 2776/5016/5016
f 2813/5015/5015 2814/5017/5017 2805/5014/5014
f 2812/5013/5013 2813/5015/5015 2806/5012/5012
f 2811/5011/5011 2812/5013/5013 2803/5010/5010
f 2810/5009/5009 2811/5011/5011 2802/5008/5008
f 2809/5007/5007 2810/5009/5009 2804/5006/5006
f 2808/5005/5005 2809/5007/5007 2807/5003/5003
f 701/5147/5147 2880/5148/5148 2881/5149/5149
f 705/5150/5150 2881/5149/5149 2882/5151/5151
f 706/5152/5152 2882/5151/5151 2883/5153/5153
f 704/5154/5154 2883/5153/5153 2884/5155/5155
f 699/5156/5156 2884/5155/5155 2885/5157/5157
f 700/5158/5158 2885/5157/5157 2886/5159/5159
f 708/5160/5160 2886/5159/5159 2887/5161/5161
f 845/5162/5162 2887/5161/5161 2888/5163/5163
f 846/5164/5164 2888/5163/5163 2889/5165/5165
f 843/5166/5166 2889/5165/5165 2890/5167/5167
f 844/5168/5168 2890/5167/5167 2891/5169/5169
f 854/5170/5170 2891/5169/5169 2892/5171/5171
f 852/5172/5172 2892/5171/5171 2893/5173/5173
f 853/5174/5174 2893/5173/5173 2894/5175/5175
f 850/5176/5176 2894/5175/5175 2895/5177/5177
f 851/5178/5178 2895/5177/5177 2896/5179/5179
f 848/5180/5180 2896/5179/5179 2897/5181/5181
f 849/5182/5182 2897/5181/5181 2898/5183/5183
f 841/5184/5184 2898/5183/5183 2899/5185/5185
f 842/5186/5186 2899/5185/5185 2900/5187/5187
f 839/5188/5188 2900/5187/5187 2901/5189/5189
f 840/5190/5190 2901/5189/5189 2902/5191/5191
f 847/5192/5192 2902/5191/5191 2903/5193/5193
f 837/5194/5194 2903/5193/5193 2904/5195/5195
f 835/5196/5196 2904/5195/5195 2905/5197/5197
f 836/5198/5198 2905/5197/5197 2906/5199/5199
f 833/5200/5200 2906/5199/5199 2907/5201/5201
f 834/5202/5202 2907/5201/5201 2908/5203/5203
f 832/5204/5204 2908/5203/5203 2909/5205/5205
f 830/5206/5206 2909/5205/5205 2910/5207/5207
f 825/5208/5208 2910/5207/5207 2911/5209/5209
f 826/5210/5210 2911/5209/5209 2912/5211/5211
f 829/5212/5212 2912/5211/5211 2913/5213/5213
f 823/5214/5214 2913/5213/5213 2914/5215/5215
f 824/5216/5216 2914/5215/5215 2915/5217/5217
f 821/5218/5218 2915/5217/5217 2916/5219/5219
f 822/5220/5220 2916/5219/5219 2917/5221/5221
f 827/5222/5222 2917/5221/5221 2918/5223/5223
f 828/5224/5224 2918/5223/5223 2919/5225/5225
f 816/5226/5226 2919/5225/5225 2920/5227/5227
f 806/5228/5228 2920/5227/5227 2921/5229/5229
f 799/5230/5230 2921/5229/5229 2922/5231/5231
f 805/5232/5232 2922/5231/5231 2923/5233/5233
f 796/5234/5234 2923/5233/5233 2924/5235/5235
f 797/5236/5236 2924/5235/5235 2925/5237/5237
f 811/5238/5238 2925/5237/5237 2926/5239/5239
f 812/5240/5240 2926/5239/5239 2927/5241/5241
f 803/5242/5242 2927/5241/5241 2928/5243/5243
f 804/5244/5244 2928/5243/5243 2929/5245/5245
f 801/5246/5246 2929/5245/5245 2930/5247/5247
f 802/5248/5248 2930/5247/5247 2931/5249/5249
f 800/5250/5250 2931/5249/5249 2932/5251/5251
f 810/5252/5252 2932/5251/5251 2933/5253/5253
f 815/5254/5254 2933/5253/5253 2934/5255/5255
f 808/5256/5256 2934/5255/5255 2935/5257/5257
f 809/5258/5258 2935/5257/5257 2936/5259/5259
f 807/5260/5260 2936/5259/5259 2937/5261/5261
f 790/5262/5262 2937/5261/5261 2938/5263/5263
f 791/5264/5264 2938/5263/5263 2939/5265/5265
f 794/5266/5266 2939/5265/5265 2940/5267/5267
f 792/5268/5268 2940/5267/5267 2941/5269/5269
f 793/5270/5270 2941/5269/5269 2942/5271/5271
f 819/5272/5272 2942/5271/5271 2943/5273/5273
f 813/5274/5274 2943/5273/5273 2944/5275/5275
f 814/5276/5276 2944/5275/5275 2945/5277/5277
f 817/5278/5278 2945/5277/5277 2946/5279/5279
f 818/5280/5280 2946/5279/5279 2947/5281/5281
f 698/5282/5282 2947/5281/5281 2948/5283/5283
f 696/5284/5284 2948/5283/5283 2949/5285/5285
f 707/5286/5286 2949/5285/5285 2950/5287/5287
f 702/5288/5288 2950/5287/5287 2951/5289/5289
f 703/5290/5290 2951/5289/5289 2880/5148/5148
f 2880/5148/5148 701/5147/5147 703/5290/5290
f 2951/5289/5289 703/5290/5290 702/5288/5288
f 2950/5287/5287 702/5288/5288 707/5286/5286
f 2949/5285/5285 707/5286/5286 696/5284/5284
f 2948/5283/5283 696/5284/5284 698/5282/5282
f 2947/5281/5281 698/5282/5282 818/5280/5280
f 2946/5279/5279 818/5280/5280 817/5278/5278
f 2945/5277/5277 817/5278/5278 814/5276/5276
f 2944/5275/5275 814/5276/5276 813/5274/5274
f 2943/5273/5273 813/5274/5274 819/5272/5272
f 2942/5271/5271 819/5272/5272 793/5270/5270
f 2941/5269/5269 793/5270/5270 792/5268/5268
f 2940/5267/5267 792/5268/5268 794/5266/5266
f 2939/5265/5265 794/5266/5266 791/5264/5264
f 2938/5263/5263 791/5264/5264 790/5262/5262
f 2937/5261/5261 790/5262/5262 807/5260/5260
f 2936/5259/5259 807/5260/5260 809/5258/5258
f 2935/5257/5257 809/5258/5258 808/5256/5256
f 2934/5255/5255 808/5256/5256 815/5254/5254
f 2933/5253/5253 815/5254/5254 810/5252/5252
f 2932/5251/5251 810/5252/5252 800/5250/5250
f 2931/5249/5249 800/5250/5250 802/5248/5248
f 2930/5247/5247 802/5248/5248 801/5246/5246
f 2929/5245/5245 801/5246/5246 804/5244/5244
f 2928/5243/5243 804/5244/5244 803/5242/5242
f 2927/5241/5241 803/5242/5242 812/5240/5240
f 2926/5239/5239 812/5240/5240 811/5238/5238
f 2925/5237/5237 811/5238/5238 797/5236/5236
f 2924/5235/5235 797/5236/5236 796/5234/5234
f 2923/5233/5233 796/5234/5234 805/5232/5232
f 2922/5231/5231 805/5232/5232 799/5230/5230
f 2921/5229/5229 799/5230/5230 806/5228/5228
f 2920/5227/5227 806/5228/5228 816/5226/5226
f 2919/5225/5225 816/5226/5226 828/5224/5224
f 2918/5223/5223 828/5224/5224 827/5222/5222
f 2917/5221/5221 827/5222/5222 822/5220/5220
f 2916/5219/5219 822/5220/5220 821/5218/5218
f 2915/5217/5217 821/5218/5218 824/5216/5216
f 2914/5215/5215 824/5216/5216 823/5214/5214
f 2913/5213/5213 823/5214/5214 829/5212/5212
f 2912/5211/5211 829/5212/5212 826/5210/5210
f 2911/5209/5209 826/5210/5210 825/5208/5208
f 2910/5207/5207 825/5208/5208 830/5206/5206
f 2909/5205/5205 830/5206/5206 832/5204/5204
f 2908/5203/5203 832/5204/5204 834/5202/5202
f 2907/5201/5201 834/5202/5202 833/5200/5200
f 2906/5199/5199 833/5200/5200 836/5198/5198
f 2905/5197/5197 836/5198/5198 835/5196/5196
f 2904/5195/5195 835/5196/5196 837/5194/5194
f 2903/5193/5193 837/5194/5194 847/5192/5192
f 2902/5191/5191 847/5192/5192 840/5190/5190
f 2901/5189/5189 840/5190/5190 839/5188/5188
f 2900/5187/5187 839/5188/5188 842/5186/5186
f 2899/5185/5185 842/5186/5186 841/5184/5184
f 2898/5183/5183 841/5184/5184 849/5182/5182
f 2897/5181/5181 849/5182/5182 848/5180/5180
f 2896/5179/5179 848/5180/5180 851/5178/5178
f 2895/5177/5177 851/5178/5178 850/5176/5176
f 2894/5175/5175 850/5176/5176 853/5174/5174
f 2893/5173/5173 853/5174/5174 852/5172/5172
f 2892/5171/5171 852/5172/5172 854/5170/5170
f 2891/5169/5169 854/5170/5170 844/5168/5168
f 2890/5167/5167 844/5168/5168 843/5166/5166
f 2889/5165/5165 843/5166/5166 846/5164/5164
f 2888/5163/5163 846/5164/5164 845/5162/5162
f 2887/5161/5161 845/5162/5162 708/5160/5160
f 2886/5159/5159 708/5160/5160 700/5158/5158
f 2885/5157/5157 700/5158/5158 699/5156/5156
f 2884/5155/5155 699/5156/5156 704/5154/5154
f 2883/5153/5153 704/5154/5154 706/5152/5152
f 2882/5151/5151 706/5152/5152 705/5150/5150
f 2881/5149/5149 705/5150/5150 701/5147/5147
f 2903/5291/5291 2952/5292/5292 2953/5293/5293
f 2903/5291/5291 2902/5294/5294 2954/5295/5295
f 2893/5296/5296 2955/5297/5297 2956/5298/5298
f 2893/5296/5296 2892/5299/5299 2957/5300/5300
f 2904/5301/5301 2953/5293/5293 2958/5302/5302
f 2954/5295/5295 2952/5292/5292 2903/5291/5291
f 2897/5303/5303 2959/5304/5304 2960/5305/5305
f 2897/5303/5303 2896/5306/5306 2961/5307/5307
f 2957/5300/5300 2955/5297/5297 2893/5296/5296
f 2892/5299/5299 2891/5308/5308 2962/5309/5309
f 2943/5310/5310 2963/5311/5311 2964/5312/5312
f 2943/5310/5310 2942/5313/5313 2965/5314/5314
f 2921/5315/5315 2966/5316/5316 2967/5317/5317
f 2921/5315/5315 2920/5318/5318 2968/5319/5319
f 2917/5320/5320 2969/5321/5321 2970/5322/5322
f 2911/5323/5323 2971/5324/5324 2972/5325/5325
f 2911/5323/5323 2910/5326/5326 2973/5327/5327
f 2907/5328/5328 2906/5329/5329 2974/5330/5330
f 2906/5329/5329 2905/5331/5331 2958/5302/5302
f 2953/5293/5293 2904/5301/5301 2903/5291/5291
f 2902/5294/5294 2901/5332/5332 2975/5333/5333
f 2961/5307/5307 2959/5304/5304 2897/5303/5303
f 2896/5306/5306 2895/5334/5334 2976/5335/5335
f 2894/5336/5336 2956/5298/5298 2976/5335/5335
f 2962/5309/5309 2957/5300/5300 2892/5299/5299
f 2890/5337/5337 2977/5338/5338 2962/5309/5309
f 2889/5339/5339 2978/5340/5340 2977/5338/5338
f 2889/5339/5339 2888/5341/5341 2979/5342/5342
f 2888/5341/5341 2887/5343/5343 2980/5344/5344
f 2885/5345/5345 2981/5346/5346 2982/5347/5347
f 2885/5345/5345 2884/5348/5348 2983/5349/5349
f 2945/5350/5350 2984/5351/5351 2985/5352/5352
f 2945/5350/5350 2944/5353/5353 2964/5312/5312
f 2965/5314/5314 2963/5311/5311 2943/5310/5310
f 2942/5313/5313 2941/5354/5354 2986/5355/5355
f 2923/5356/5356 2987/5357/5357 2988/5358/5358
f 2923/5356/5356 2922/5359/5359 2967/5317/5317
f 2968/5319/5319 2966/5316/5316 2921/5315/5315
f 2920/5318/5318 2919/5360/5360 2989/5361/5361
f 2918/5362/5362 2990/5363/5363 2989/5361/5361
f 2970/5322/5322 2918/5362/5362 2917/5320/5320
f 2913/5364/5364 2991/5365/5365 2992/5366/5366
f 2913/5364/5364 2912/5367/5367 2972/5325/5325
f 2973/5327/5327 2971/5324/5324 2911/5323/5323
f 2910/5326/5326 2909/5368/5368 2993/5369/5369
f 2908/5370/5370 2994/5371/5371 2993/5369/5369
f 2908/5370/5370 2907/5328/5328 2995/5372/5372
f 2958/5302/5302 2974/5330/5330 2906/5329/5329
f 2975/5333/5333 2954/5295/5295 2902/5294/5294
f 2899/5373/5373 2996/5374/5374 2997/5375/5375
f 2899/5373/5373 2898/5376/5376 2960/5305/5305
f 2976/5335/5335 2961/5307/5307 2896/5306/5306
f 2956/5298/5298 2894/5336/5336 2893/5296/5296
f 2977/5338/5338 2890/5337/5337 2889/5339/5339
f 2980/5344/5344 2979/5342/5342 2888/5341/5341
f 2886/5377/5377 2982/5347/5347 2980/5344/5344
f 2983/5349/5349 2981/5346/5346 2885/5345/5345
f 2883/5378/5378 2998/5379/5379 2983/5349/5349
f 2883/5378/5378 2882/5380/5380 2999/5381/5381
f 2947/5382/5382 3000/5383/5383 3001/5384/5384
f 2947/5382/5382 2946/5385/5385 2985/5352/5352
f 2964/5312/5312 2984/5351/5351 2945/5350/5350
f 2986/5355/5355 2965/5314/5314 2942/5313/5313
f 2940/5386/5386 3002/5387/5387 2986/5355/5355
f 2940/5386/5386 2939/5388/5388 3003/5389/5389
f 2938/5390/5390 3004/5391/5391 3003/5389/5389
f 2938/5390/5390 2937/5392/5392 3005/5393/5393
f 2935/5394/5394 3006/5395/5395 3007/5396/5396
f 2935/5394/5394 2934/5397/5397 3008/5398/5398
f 2927/5399/5399 3009/5400/5400 3010/5401/5401
f 2927/5399/5399 2926/5402/5402 3011/5403/5403
f 2925/5404/5404 3012/5405/5405 3011/5403/5403
f 2925/5404/5404 2924/5406/5406 2988/5358/5358
f 2967/5317/5317 2987/5357/5357 2923/5356/5356
f 2989/5361/5361 2968/5319/5319 2920/5318/5318
f 2970/5322/5322 2990/5363/5363 2918/5362/5362
f 2917/5320/5320 2916/5407/5407 3013/5408/5408
f 2915/5409/5409 3014/5410/5410 3013/5408/5408
f 2915/5409/5409 2914/5411/5411 2992/5366/5366
f 2972/5325/5325 2991/5365/5365 2913/5364/5364
f 2993/5369/5369 2973/5327/5327 2910/5326/5326
f 2995/5372/5372 2994/5371/5371 2908/5370/5370
f 2958/5302/5302 2905/5331/5331 2904/5301/5301
f 2900/5412/5412 2997/5375/5375 2975/5333/5333
f 2960/5305/5305 2996/5374/5374 2899/5373/5373
f 2976/5335/5335 2895/5334/5334 2894/5336/5336
f 2979/5342/5342 2978/5340/5340 2889/5339/5339
f 2982/5347/5347 2886/5377/5377 2885/5345/5345
f 2999/5381/5381 2998/5379/5379 2883/5378/5378
f 2949/5413/5413 3015/5414/5414 3016/5415/5415
f 2949/5413/5413 2948/5416/5416 3001/5384/5384
f 2985/5352/5352 3000/5383/5383 2947/5382/5382
f 2964/5312/5312 2944/5353/5353 2943/5310/5310
f 3003/5389/5389 3002/5387/5387 2940/5386/5386
f 3005/5393/5393 3004/5391/5391 2938/5390/5390
f 2936/5417/5417 3007/5396/5396 3005/5393/5393
f 3008/5398/5398 3006/5395/5395 2935/5394/5394
f 3011/5403/5403 3009/5400/5400 2927/5399/5399
f 2988/5358/5358 3012/5405/5405 2925/5404/5404
f 2967/5317/5317 2922/5359/5359 2921/5315/5315
f 3013/5408/5408 2969/5321/5321 2917/5320/5320
f 2992/5366/5366 3014/5410/5410 2915/5409/5409
f 2972/5325/5325 2912/5367/5367 2911/5323/5323
f 2974/5330/5330 2995/5372/5372 2907/5328/5328
f 2997/5375/5375 2900/5412/5412 2899/5373/5373
f 2962/5309/5309 2891/5308/5308 2890/5337/5337
f 2983/5349/5349 2884/5348/5348 2883/5378/5378
f 2881/5418/5418 3017/5419/5419 2999/5381/5381
f 2881/5418/5418 2880/5420/5420 3018/5421/5421
f 3001/5384/5384 3015/5414/5414 2949/5413/5413
f 2985/5352/5352 2946/5385/5385 2945/5350/5350
f 3003/5389/5389 2939/5388/5388 2938/5390/5390
f 3007/5396/5396 2936/5417/5417 2935/5394/5394
f 2929/5422/5422 3019/5423/5423 3020/5424/5424
f 2929/5422/5422 2928/5425/5425 3010/5401/5401
f 3011/5403/5403 2926/5402/5402 2925/5404/5404
f 2989/5361/5361 2919/5360/5360 2918/5362/5362
f 2992/5366/5366 2914/5411/5411 2913/5364/5364
f 2975/5333/5333 2901/5332/5332 2900/5412/5412
f 2980/5344/5344 2887/5343/5343 2886/5377/5377
f 3018/5421/5421 3017/5419/5419 2881/5418/5418
f 2951/5426/5426 3021/5427/5427 3018/5421/5421
f 2951/5426/5426 2950/5428/5428 3016/5415/5415
f 3001/5384/5384 2948/5416/5416 2947/5382/5382
f 3005/5393/5393 2937/5392/5392 2936/5417/5417
f 2931/5429/5429 3022/5430/5430 3023/5431/5431
f 2931/5429/5429 2930/5432/5432 3020/5424/5424
f 3010/5401/5401 3019/5423/5423 2929/5422/5422
f 2988/5358/5358 2924/5406/5406 2923/5356/5356
f 2993/5369/5369 2909/5368/5368 2908/5370/5370
f 2999/5381/5381 2882/5380/5380 2881/5418/5418
f 3016/5415/5415 3021/5427/5427 2951/5426/5426
f 2986/5355/5355 2941/5354/5354 2940/5386/5386
f 2933/5433/5433 3024/5434/5434 3008/5398/5398
f 2933/5433/5433 2932/5435/5435 3023/5431/5431
f 3020/5424/5424 3022/5430/5430 2931/5429/5429
f 3010/5401/5401 2928/5425/5425 2927/5399/5399
f 2960/5305/5305 2898/5376/5376 2897/5303/5303
f 3016/5415/5415 2950/5428/5428 2949/5413/5413
f 3023/5431/5431 3024/5434/5434 2933/5433/5433
f 3020/5424/5424 2930/5432/5432 2929/5422/5422
f 3018/5421/5421 2880/5420/5420 2951/5426/5426
f 3023/5431/5431 2932/5435/5435 2931/5429/5429
f 3008/5398/5398 2934/5397/5397 2933/5433/5433
f 3013/5408/5408 2916/5407/5407 2915/5409/5409
f 3025/5436/5436 3026/5437/5437 3018/5438/5438
f 3027/5439/5439 3025/5436/5436 3021/5440/5440
f 3028/5441/5441 3027/5439/5439 3016/5442/5442
f 3029/5443/5443 3028/5441/5441 3015/5444/5444
f 3030/5445/5445 3029/5443/5443 3001/5446/5446
f 3031/5447/5447 3030/5445/5445 3000/5448/5448
f 3032/5449/5449 3031/5447/5447 2985/5450/5450
f 3033/5451/5451 3032/5449/5449 2984/5452/5452
f 3034/5453/5453 3033/5451/5451 2964/5454/5454
f 3035/5455/5455 3034/5453/5453 2963/5456/5456
f 3036/5457/5457 3035/5455/5455 2965/5458/5458
f 3037/5459/5459 3036/5457/5457 2986/5460/5460
f 3038/5461/5461 3037/5459/5459 3002/5462/5462
f 3039/5463/5463 3038/5461/5461 3003/5464/5464
f 3040/5465/5465 3039/5463/5463 3004/5466/5466
f 3041/5467/5467 3040/5465/5465 3005/5468/5468
f 3042/5469/5469 3041/5467/5467 3007/5470/5470
f 3043/5471/5471 3042/5469/5469 3006/5472/5472
f 3044/5473/5473 3043/5471/5471 3008/5474/5474
f 3045/5475/5475 3044/5473/5473 3024/5476/5476
f 3046/5477/5477 3045/5475/5475 3023/5478/5478
f 3047/5479/5479 3046/5477/5477 3022/5480/5480
f 3048/5481/5481 3047/5479/5479 3020/5482/5482
f 3049/5483/5483 3048/5481/5481 3019/5484/5484
f 3050/5485/5485 3049/5483/5483 3010/5486/5486
f 3051/5487/5487 3050/5485/5485 3009/5488/5488
f 3052/5489/5489 3051/5487/5487 3011/5490/5490
f 3053/5491/5491 3052/5489/5489 3012/5492/5492
f 3054/5493/5493 3053/5491/5491 2988/5494/5494
f 3055/5495/5495 3054/5493/5493 2987/5496/5496
f 3056/5497/5497 3055/5495/5495 2967/5498/5498
f 3057/5499/5499 3056/5497/5497 2966/5500/5500
f 3058/5501/5501 3057/5499/5499 2968/5502/5502
f 3059/5503/5503 3058/5501/5501 2989/5504/5504
f 3060/5505/5505 3061/5506/5506 2970/5507/5507
f 2990/5508/5508 2970/5507/5507 3061/5506/5506
f 3061/5506/5506 3059/5503/5503 2990/5508/5508
f 3062/5509/5509 3060/5505/5505 2969/5510/5510
f 3063/5511/5511 3062/5509/5509 3013/5512/5512
f 3064/5513/5513 3063/5511/5511 3014/5514/5514
f 3065/5515/5515 3064/5513/5513 2992/5516/5516
f 3066/5517/5517 3065/5515/5515 2991/5518/5518
f 3067/5519/5519 3066/5517/5517 2972/5520/5520
f 3068/5521/5521 3067/5519/5519 2971/5522/5522
f 3069/5523/5523 3068/5521/5521 2973/5524/5524
f 3070/5525/5525 3069/5523/5523 2993/5526/5526
f 3071/5527/5527 3070/5525/5525 2994/5528/5528
f 3072/5529/5529 3071/5527/5527 2995/5530/5530
f 3073/5531/5531 3072/5529/5529 2974/5532/5532
f 3074/5533/5533 3073/5531/5531 2958/5534/5534
f 3075/5535/5535 3074/5533/5533 2953/5536/5536
f 3076/5537/5537 3075/5535/5535 2952/5538/5538
f 3077/5539/5539 3076/5537/5537 2954/5540/5540
f 3078/5541/5541 3077/5539/5539 2975/5542/5542
f 3079/5543/5543 3078/5541/5541 2997/5544/5544
f 3080/5545/5545 3079/5543/5543 2996/5546/5546
f 3081/5547/5547 3080/5545/5545 2960/5548/5548
f 3082/5549/5549 3081/5547/5547 2959/5550/5550
f 3083/5551/5551 3082/5549/5549 2961/5552/5552
f 3084/5553/5553 3083/5551/5551 2976/5554/5554
f 3085/5555/5555 3084/5553/5553 2956/5556/5556
f 3086/5557/5557 3085/5555/5555 2955/5558/5558
f 3087/5559/5559 3086/5557/5557 2957/5560/5560
f 3088/5561/5561 3087/5559/5559 2962/5562/5562
f 3089/5563/5563 3088/5561/5561 2977/5564/5564
f 3090/5565/5565 3089/5563/5563 2978/5566/5566
f 3091/5567/5567 3090/5565/5565 2979/5568/5568
f 3092/5569/5569 3091/5567/5567 2980/5570/5570
f 3093/5571/5571 3092/5569/5569 2982/5572/5572
f 3094/5573/5573 3093/5571/5571 2981/5574/5574
f 3095/5575/5575 3094/5573/5573 2983/5576/5576
f 3096/5577/5577 3095/5575/5575 2998/5578/5578
f 3097/5579/5579 3096/5577/5577 2999/5580/5580
f 3026/5437/5437 3097/5579/5579 3017/5581/5581
f 3017/5581/5581 3018/5438/5438 3026/5437/5437
f 2999/5580/5580 3017/5581/5581 3097/5579/5579
f 2998/5578/5578 2999/5580/5580 3096/5577/5577
f 2983/5576/5576 2998/5578/5578 3095/5575/5575
f 2981/5574/5574 2983/5576/5576 3094/5573/5573
f 2982/5572/5572 2981/5574/5574 3093/5571/5571
f 2980/5570/5570 2982/5572/5572 3092/5569/5569
f 2979/5568/5568 2980/5570/5570 3091/5567/5567
f 2978/5566/5566 2979/5568/5568 3090/5565/5565
f 2977/5564/5564 2978/5566/5566 3089/5563/5563
f 2962/5562/5562 2977/5564/5564 3088/5561/5561
f 2957/5560/5560 2962/5562/5562 3087/5559/5559
f 2955/5558/5558 2957/5560/5560 3086/5557/5557
f 2956/5556/5556 2955/5558/5558 3085/5555/5555
f 2976/5554/5554 2956/5556/5556 3084/5553/5553
f 2961/5552/5552 2976/5554/5554 3083/5551/5551
f 2959/5550/5550 2961/5552/5552 3082/5549/5549
f 2960/5548/5548 2959/5550/5550 3081/5547/5547
f 2996/5546/5546 2960/5548/5548 3080/5545/5545
f 2997/5544/5544 2996/5546/5546 3079/5543/5543
f 2975/5542/5542 2997/5544/5544 3078/5541/5541
f 2954/5540/5540 2975/5542/5542 3077/5539/5539
f 2952/5538/5538 2954/5540/5540 3076/5537/5537
f 2953/5536/5536 2952/5538/5538 3075/5535/5535
f 2958/5534/5534 2953/5536/5536 3074/5533/5533
f 2974/5532/5532 2958/5534/5534 3073/5531/5531
f 2995/5530/5530 2974/5532/5532 3072/5529/5529
f 2994/5528/5528 2995/5530/5530 3071/5527/5527
f 2993/5526/5526 2994/5528/5528 3070/5525/5525
f 2973/5524/5524 2993/5526/5526 3069/5523/5523
f 2971/5522/5522 2973/5524/5524 3068/5521/5521
f 2972/5520/5520 2971/5522/5522 3067/5519/5519
f 2991/5518/5518 2972/5520/5520 3066/5517/5517
f 2992/5516/5516 2991/5518/5518 3065/5515/5515
f 3014/5514/5514 2992/5516/5516 3064/5513/5513
f 3013/5512/5512 3014/5514/5514 3063/5511/5511
f 2969/5510/5510 3013/5512/5512 3062/5509/5509
f 2970/5507/5507 2969/5510/5510 3060/5505/5505
f 2989/5504/5504 2990/5508/5508 3059/5503/5503
f 2968/5502/5502 2989/5504/5504 3058/5501/5501
f 2966/5500/5500 2968/5502/5502 3057/5499/5499
f 2967/5498/5498 2966/5500/5500 3056/5497/5497
f 2987/5496/5496 2967/5498/5498 3055/5495/5495
f 2988/5494/5494 2987/5496/5496 3054/5493/5493
f 3012/5492/5492 2988/5494/5494 3053/5491/5491
f 3011/5490/5490 3012/5492/5492 3052/5489/5489
f 3009/5488/5488 3011/5490/5490 3051/5487/5487
f 3010/5486/5486 3009/5488/5488 3050/5485/5485
f 3019/5484/5484 3010/5486/5486 3049/5483/5483
f 3020/5482/5482 3019/5484/5484 3048/5481/5481
f 3022/5480/5480 3020/5482/5482 3047/5479/5479
f 3023/5478/5478 3022/5480/5480 3046/5477/5477
f 3024/5476/5476 3023/5478/5478 3045/5475/5475
f 3008/5474/5474 3024/5476/5476 3044/5473/5473
f 3006/5472/5472 3008/5474/5474 3043/5471/5471
f 3007/5470/5470 3006/5472/5472 3042/5469/5469
f 3005/5468/5468 3007/5470/5470 3041/5467/5467
f 3004/5466/5466 3005/5468/5468 3040/5465/5465
f 3003/5464/5464 3004/5466/5466 3039/5463/5463
f 3002/5462/5462 3003/5464/5464 3038/5461/5461
f 2986/5460/5460 3002/5462/5462 3037/5459/5459
f 2965/5458/5458 2986/5460/5460 3036/5457/5457
f 2963/5456/5456 2965/5458/5458 3035/5455/5455
f 2964/5454/5454 2963/5456/5456 3034/5453/5453
f 2984/5452/5452 2964/5454/5454 3033/5451/5451
f 2985/5450/5450 2984/5452/5452 3032/5449/5449
f 3000/5448/5448 2985/5450/5450 3031/5447/5447
f 3001/5446/5446 3000/5448/5448 3030/5445/5445
f 3015/5444/5444 3001/5446/5446 3029/5443/5443
f 3016/5442/5442 3015/5444/5444 3028/5441/5441
f 3021/5440/5440 3016/5442/5442 3027/5439/5439
f 3018/5438/5438 3021/5440/5440 3025/5436/5436
f 3046/5582/5582 3098/5583/5583 3099/5584/5584
f 3046/5582/5582 3047/5585/5585 3100/5586/5586
f 3065/5587/5587 3101/5588/5588 3102/5589/5589
f 3065/5587/5587 3066/5590/5590 3103/5591/5591
f 3028/5592/5592 3104/5593/5593 3105/5594/5594
f 3028/5592/5592 3029/5595/5595 3106/5596/5596
f 3100/5586/5586 3098/5583/5583 3046/5582/5582
f 3047/5585/5585 3048/5597/5597 3107/5598/5598
f 3050/5599/5599 3108/5600/5600 3109/5601/5601
f 3050/5599/5599 3051/5602/5602 3110/5603/5603
f 3103/5591/5591 3101/5588/5588 3065/5587/5587
f 3066/5590/5590 3067/5604/5604 3111/5605/5605
f 3083/5606/5606 3112/5607/5607 3113/5608/5608
f 3083/5606/5606 3084/5609/5609 3114/5610/5610
f 3106/5596/5596 3104/5593/5593 3028/5592/5592
f 3029/5595/5595 3030/5611/5611 3115/5612/5612
f 3107/5598/5598 3100/5586/5586 3047/5585/5585
f 3048/5597/5597 3049/5613/5613 3109/5601/5601
f 3110/5603/5603 3108/5600/5600 3050/5599/5599
f 3051/5602/5602 3052/5614/5614 3116/5615/5615
f 3111/5605/5605 3103/5591/5591 3066/5590/5590
f 3067/5604/5604 3068/5616/5616 3117/5617/5617
f 3069/5618/5618 3118/5619/5619 3117/5617/5617
f 3069/5618/5618 3070/5620/5620 3119/5621/5621
f 3114/5610/5610 3112/5607/5607 3083/5606/5606
f 3084/5609/5609 3085/5622/5622 3120/5623/5623
f 3097/5624/5624 3121/5625/5625 3122/5626/5626
f 3097/5624/5624 3026/5627/5627 3123/5628/5628
f 3025/5629/5629 3124/5630/5630 3123/5628/5628
f 3025/5629/5629 3027/5631/5631 3105/5594/5594
f 3115/5612/5612 3106/5596/5596 3029/5595/5595
f 3030/5611/5611 3031/5632/5632 3125/5633/5633
f 3032/5634/5634 3126/5635/5635 3125/5633/5633
f 3032/5634/5634 3033/5636/5636 3127/5637/5637
f 3036/5638/5638 3128/5639/5639 3129/5640/5640
f 3036/5638/5638 3037/5641/5641 3130/5642/5642
f 3040/5643/5643 3131/5644/5644 3132/5645/5645
f 3040/5643/5643 3041/5646/5646 3133/5647/5647
f 3042/5648/5648 3134/5649/5649 3133/5647/5647
f 3042/5648/5648 3043/5650/5650 3135/5651/5651
f 3044/5652/5652 3136/5653/5653 3135/5651/5651
f 3044/5652/5652 3045/5654/5654 3099/5584/5584
f 3109/5601/5601 3107/5598/5598 3048/5597/5597
f 3116/5615/5615 3110/5603/5603 3051/5602/5602
f 3053/5655/5655 3137/5656/5656 3116/5615/5615
f 3053/5655/5655 3054/5657/5657 3138/5658/5658
f 3063/5659/5659 3139/5660/5660 3140/5661/5661
f 3063/5659/5659 3064/5662/5662 3102/5589/5589
f 3117/5617/5617 3111/5605/5605 3067/5604/5604
f 3119/5621/5621 3118/5619/5619 3069/5618/5618
f 3074/5663/5663 3141/5664/5664 3142/5665/5665
f 3074/5663/5663 3075/5666/5666 3143/5667/5667
f 3077/5668/5668 3144/5669/5669 3145/5670/5670
f 3077/5668/5668 3078/5671/5671 3146/5672/5672
f 3079/5673/5673 3147/5674/5674 3146/5672/5672
f 3079/5673/5673 3080/5675/5675 3148/5676/5676
f 3081/5677/5677 3149/5678/5678 3148/5676/5676
f 3081/5677/5677 3082/5679/5679 3113/5608/5608
f 3120/5623/5623 3114/5610/5610 3084/5609/5609
f 3085/5622/5622 3086/5680/5680 3150/5681/5681
f 3087/5682/5682 3151/5683/5683 3150/5681/5681
f 3087/5682/5682 3088/5684/5684 3152/5685/5685
f 3123/5628/5628 3121/5625/5625 3097/5624/5624
f 3105/5594/5594 3124/5630/5630 3025/5629/5629
f 3125/5633/5633 3115/5612/5612 3030/5611/5611
f 3127/5637/5637 3126/5635/5635 3032/5634/5634
f 3130/5642/5642 3128/5639/5639 3036/5638/5638
f 3037/5641/5641 3038/5686/5686 3153/5687/5687
f 3039/5688/5688 3132/5645/5645 3153/5687/5687
f 3133/5647/5647 3131/5644/5644 3040/5643/5643
f 3135/5651/5651 3134/5649/5649 3042/5648/5648
f 3099/5584/5584 3136/5653/5653 3044/5652/5652
f 3109/5601/5601 3049/5613/5613 3050/5599/5599
f 3138/5658/5658 3137/5656/5656 3053/5655/5655
f 3102/5589/5589 3139/5660/5660 3063/5659/5659
f 3117/5617/5617 3068/5616/5616 3069/5618/5618
f 3071/5689/5689 3154/5690/5690 3119/5621/5621
f 3071/5689/5689 3072/5691/5691 3155/5692/5692
f 3073/5693/5693 3142/5665/5665 3155/5692/5692
f 3143/5667/5667 3141/5664/5664 3074/5663/5663
f 3076/5694/5694 3145/5670/5670 3143/5667/5667
f 3146/5672/5672 3144/5669/5669 3077/5668/5668
f 3148/5676/5676 3147/5674/5674 3079/5673/5673
f 3113/5608/5608 3149/5678/5678 3081/5677/5677
f 3150/5681/5681 3120/5623/5623 3085/5622/5622
f 3152/5685/5685 3151/5683/5683 3087/5682/5682
f 3089/5695/5695 3156/5696/5696 3152/5685/5685
f 3089/5695/5695 3090/5697/5697 3157/5698/5698
f 3095/5699/5699 3158/5700/5700 3159/5701/5701
f 3095/5699/5699 3096/5702/5702 3122/5626/5626
f 3123/5628/5628 3026/5627/5627 3025/5629/5629
f 3125/5633/5633 3031/5632/5632 3032/5634/5634
f 3034/5703/5703 3160/5704/5704 3127/5637/5637
f 3034/5703/5703 3035/5705/5705 3129/5640/5640
f 3153/5687/5687 3130/5642/5642 3037/5641/5641
f 3132/5645/5645 3039/5688/5688 3040/5643/5643
f 3135/5651/5651 3043/5650/5650 3044/5652/5652
f 3116/5615/5615 3052/5614/5614 3053/5655/5655
f 3102/5589/5589 3064/5662/5662 3065/5587/5587
f 3155/5692/5692 3154/5690/5690 3071/5689/5689
f 3142/5665/5665 3073/5693/5693 3074/5663/5663
f 3145/5670/5670 3076/5694/5694 3077/5668/5668
f 3148/5676/5676 3080/5675/5675 3081/5677/5677
f 3150/5681/5681 3086/5680/5680 3087/5682/5682
f 3157/5698/5698 3156/5696/5696 3089/5695/5695
f 3090/5697/5697 3091/5706/5706 3161/5707/5707
f 3092/5708/5708 3162/5709/5709 3161/5707/5707
f 3092/5708/5708 3093/5710/5710 3163/5711/5711
f 3094/5712/5712 3159/5701/5701 3163/5711/5711
f 3122/5626/5626 3158/5700/5700 3095/5699/5699
f 3105/5594/5594 3027/5631/5631 3028/5592/5592
f 3129/5640/5640 3160/5704/5704 3034/5703/5703
f 3153/5687/5687 3038/5686/5686 3039/5688/5688
f 3099/5584/5584 3045/5654/5654 3046/5582/5582
f 3058/5713/5713 3164/5714/5714 3165/5715/5715
f 3058/5713/5713 3059/5716/5716 3166/5717/5717
f 3119/5621/5621 3070/5620/5620 3071/5689/5689
f 3143/5667/5667 3075/5666/5666 3076/5694/5694
f 3113/5608/5608 3082/5679/5679 3083/5606/5606
f 3161/5707/5707 3157/5698/5698 3090/5697/5697
f 3163/5711/5711 3162/5709/5709 3092/5708/5708
f 3159/5701/5701 3094/5712/5712 3095/5699/5699
f 3127/5637/5637 3033/5636/5636 3034/5703/5703
f 3133/5647/5647 3041/5646/5646 3042/5648/5648
f 3055/5718/5718 3167/5719/5719 3138/5658/5658
f 3055/5718/5718 3056/5720/5720 3168/5721/5721
f 3057/5722/5722 3165/5715/5715 3168/5721/5721
f 3166/5717/5717 3164/5714/5714 3058/5713/5713
f 3061/5723/5723 3060/5724/5724 3169/5725/5725
f 3155/5692/5692 3072/5691/5691 3073/5693/5693
f 3152/5685/5685 3088/5684/5684 3089/5695/5695
f 3163/5711/5711 3093/5710/5710 3094/5712/5712
f 3129/5640/5640 3035/5705/5705 3036/5638/5638
f 3168/5721/5721 3167/5719/5719 3055/5718/5718
f 3165/5715/5715 3057/5722/5722 3058/5713/5713
f 3166/5717/5717 3059/5716/5716 3061/5723/5723
f 3060/5724/5724 3062/5726/5726 3140/5661/5661
f 3146/5672/5672 3078/5671/5671 3079/5673/5673
f 3122/5626/5626 3096/5702/5702 3097/5624/5624
f 3168/5721/5721 3056/5720/5720 3057/5722/5722
f 3140/5661/5661 3169/5725/5725 3060/5724/5724
f 3161/5707/5707 3091/5706/5706 3092/5708/5708
f 3169/5725/5725 3166/5717/5717 3061/5723/5723
f 3138/5658/5658 3054/5657/5657 3055/5718/5718
f 3140/5661/5661 3062/5726/5726 3063/5659/5659
f 3169/5727/5727 3140/5728/5728 3170/5729/5729
f 3166/5730/5730 3169/5727/5727 3171/5731/5731
f 3164/5732/5732 3166/5730/5730 3172/5733/5733
f 3165/5734/5734 3164/5732/5732 3173/5735/5735
f 3168/5736/5736 3165/5734/5734 3174/5737/5737
f 3167/5738/5738 3168/5736/5736 3175/5739/5739
f 3138/5740/5740 3167/5738/5738 3176/5741/5741
f 3137/5742/5742 3138/5740/5740 3177/5743/5743
f 3116/5744/5744 3137/5742/5742 3178/5745/5745
f 3110/5746/5746 3116/5744/5744 3179/5747/5747
f 3108/5748/5748 3110/5746/5746 3180/5749/5749
f 3109/5750/5750 3108/5748/5748 3181/5751/5751
f 3107/5752/5752 3109/5750/5750 3182/5753/5753
f 3100/5754/5754 3107/5752/5752 3183/5755/5755
f 3098/5756/5756 3100/5754/5754 3184/5757/5757
f 3099/5758/5758 3098/5756/5756 3185/5759/5759
f 3136/5760/5760 3099/5758/5758 3186/5761/5761
f 3135/5762/5762 3136/5760/5760 3187/5763/5763
f 3134/5764/5764 3135/5762/5762 3188/5765/5765
f 3133/5766/5766 3134/5764/5764 3189/5767/5767
f 3131/5768/5768 3133/5766/5766 3190/5769/5769
f 3132/5770/5770 3131/5768/5768 3191/5771/5771
f 3153/5772/5772 3132/5770/5770 3192/5773/5773
f 3130/5774/5774 3153/5772/5772 3193/5775/5775
f 3128/5776/5776 3130/5774/5774 3194/5777/5777
f 3129/5778/5778 3128/5776/5776 3195/5779/5779
f 3160/5780/5780 3129/5778/5778 3196/5781/5781
f 3127/5782/5782 3160/5780/5780 3197/5783/5783
f 3126/5784/5784 3127/5782/5782 3198/5785/5785
f 3125/5786/5786 3126/5784/5784 3199/5787/5787
f 3115/5788/5788 3125/5786/5786 3200/5789/5789
f 3106/5790/5790 3115/5788/5788 3201/5791/5791
f 3104/5792/5792 3106/5790/5790 3202/5793/5793
f 3105/5794/5794 3104/5792/5792 3203/5795/5795
f 3124/5796/5796 3105/5794/5794 3204/5797/5797
f 3123/5798/5798 3124/5796/5796 3205/5799/5799
f 3121/5800/5800 3123/5798/5798 3206/5801/5801
f 3122/5802/5802 3121/5800/5800 3207/5803/5803
f 3158/5804/5804 3122/5802/5802 3208/5805/5805
f 3159/5806/5806 3158/5804/5804 3209/5807/5807
f 3163/5808/5808 3159/5806/5806 3210/5809/5809
f 3162/5810/5810 3163/5808/5808 3211/5811/5811
f 3161/5812/5812 3162/5810/5810 3212/5813/5813
f 3157/5814/5814 3161/5812/5812 3213/5815/5815
f 3156/5816/5816 3157/5814/5814 3214/5817/5817
f 3152/5818/5818 3156/5816/5816 3215/5819/5819
f 3151/5820/5820 3152/5818/5818 3216/5821/5821
f 3150/5822/5822 3151/5820/5820 3217/5823/5823
f 3120/5824/5824 3150/5822/5822 3218/5825/5825
f 3114/5826/5826 3120/5824/5824 3219/5827/5827
f 3112/5828/5828 3114/5826/5826 3220/5829/5829
f 3113/5830/5830 3112/5828/5828 3221/5831/5831
f 3149/5832/5832 3113/5830/5830 3222/5833/5833
f 3148/5834/5834 3149/5832/5832 3223/5835/5835
f 3147/5836/5836 3148/5834/5834 3224/5837/5837
f 3146/5838/5838 3147/5836/5836 3225/5839/5839
f 3144/5840/5840 3146/5838/5838 3226/5841/5841
f 3145/5842/5842 3144/5840/5840 3227/5843/5843
f 3143/5844/5844 3145/5842/5842 3228/5845/5845
f 3141/5846/5846 3143/5844/5844 3229/5847/5847
f 3142/5848/5848 3141/5846/5846 3230/5849/5849
f 3155/5850/5850 3142/5848/5848 3231/5851/5851
f 3154/5852/5852 3155/5850/5850 3232/5853/5853
f 3119/5854/5854 3154/5852/5852 3233/5855/5855
f 3118/5856/5856 3119/5854/5854 3234/5857/5857
f 3117/5858/5858 3118/5856/5856 3235/5859/5859
f 3111/5860/5860 3117/5858/5858 3236/5861/5861
f 3103/5862/5862 3111/5860/5860 3237/5863/5863
f 3101/5864/5864 3103/5862/5862 3238/5865/5865
f 3102/5866/5866 3101/5864/5864 3239/5867/5867
f 3139/5868/5868 3102/5866/5866 3240/5869/5869
f 3140/5728/5728 3139/5868/5868 3241/5870/5870
f 3241/5870/5870 3170/5729/5729 3140/5728/5728
f 3240/5869/5869 3241/5870/5870 3139/5868/5868
f 3239/5867/5867 3240/5869/5869 3102/5866/5866
f 3238/5865/5865 3239/5867/5867 3101/5864/5864
f 3237/5863/5863 3238/5865/5865 3103/5862/5862
f 3236/5861/5861 3237/5863/5863 3111/5860/5860
f 3235/5859/5859 3236/5861/5861 3117/5858/5858
f 3234/5857/5857 3235/5859/5859 3118/5856/5856
f 3233/5855/5855 3234/5857/5857 3119/5854/5854
f 3232/5853/5853 3233/5855/5855 3154/5852/5852
f 3231/5851/5851 3232/5853/5853 3155/5850/5850
f 3230/5849/5849 3231/5851/5851 3142/5848/5848
f 3229/5847/5847 3230/5849/5849 3141/5846/5846
f 3228/5845/5845 3229/5847/5847 3143/5844/5844
f 3227/5843/5843 3228/5845/5845 3145/5842/5842
f 3226/5841/5841 3227/5843/5843 3144/5840/5840
f 3225/5839/5839 3226/5841/5841 3146/5838/5838
f 3224/5837/5837 3225/5839/5839 3147/5836/5836
f 3223/5835/5835 3224/5837/5837 3148/5834/5834
f 3222/5833/5833 3223/5835/5835 3149/5832/5832
f 3221/5831/5831 3222/5833/5833 3113/5830/5830
f 3220/5829/5829 3221/5831/5831 3112/5828/5828
f 3219/5827/5827 3220/5829/5829 3114/5826/5826
f 3218/5825/5825 3219/5827/5827 3120/5824/5824
f 3217/5823/5823 3218/5825/5825 3150/5822/5822
f 3216/5821/5821 3217/5823/5823 3151/5820/5820
f 3215/5819/5819 3216/5821/5821 3152/5818/5818
f 3214/5817/5817 3215/5819/5819 3156/5816/5816
f 3213/5815/5815 3214/5817/5817 3157/5814/5814
f 3212/5813/5813 3213/5815/5815 3161/5812/5812
f 3211/5811/5811 3212/5813/5813 3162/5810/5810
f 3210/5809/5809 3211/5811/5811 3163/5808/5808
f 3209/5807/5807 3210/5809/5809 3159/5806/5806
f 3208/5805/5805 3209/5807/5807 3158/5804/5804
f 3207/5803/5803 3208/5805/5805 3122/5802/5802
f 3206/5801/5801 3207/5803/5803 3121/5800/5800
f 3205/5799/5799 3206/5801/5801 3123/5798/5798
f 3204/5797/5797 3205/5799/5799 3124/5796/5796
f 3203/5795/5795 3204/5797/5797 3105/5794/5794
f 3202/5793/5793 3203/5795/5795 3104/5792/5792
f 3201/5791/5791 3202/5793/5793 3106/5790/5790
f 3200/5789/5789 3201/5791/5791 3115/5788/5788
f 3199/5787/5787 3200/5789/5789 3125/5786/5786
f 3198/5785/5785 3199/5787/5787 3126/5784/5784
f 3197/5783/5783 3198/5785/5785 3127/5782/5782
f 3196/5781/5781 3197/5783/5783 3160/5780/5780
f 3195/5779/5779 3196/5781/5781 3129/5778/5778
f 3194/5777/5777 3195/5779/5779 3128/5776/5776
f 3193/5775/5775 3194/5777/5777 3130/5774/5774
f 3192/5773/5773 3193/5775/5775 3153/5772/5772
f 3191/5771/5771 3192/5773/5773 3132/5770/5770
f 3190/5769/5769 3191/5771/5771 3131/5768/5768
f 3189/5767/5767 3190/5769/5769 3133/5766/5766
f 3188/5765/5765 3189/5767/5767 3134/5764/5764
f 3187/5763/5763 3188/5765/5765 3135/5762/5762
f 3186/5761/5761 3187/5763/5763 3136/5760/5760
f 3185/5759/5759 3186/5761/5761 3099/5758/5758
f 3184/5757/5757 3185/5759/5759 3098/5756/5756
f 3183/5755/5755 3184/5757/5757 3100/5754/5754
f 3182/5753/5753 3183/5755/5755 3107/5752/5752
f 3181/5751/5751 3182/5753/5753 3109/5750/5750
f 3180/5749/5749 3181/5751/5751 3108/5748/5748
f 3179/5747/5747 3180/5749/5749 3110/5746/5746
f 3178/5745/5745 3179/5747/5747 3116/5744/5744
f 3177/5743/5743 3178/5745/5745 3137/5742/5742
f 3176/5741/5741 3177/5743/5743 3138/5740/5740
f 3175/5739/5739 3176/5741/5741 3167/5738/5738
f 3174/5737/5737 3175/5739/5739 3168/5736/5736
f 3173/5735/5735 3174/5737/5737 3165/5734/5734
f 3172/5733/5733 3173/5735/5735 3164/5732/5732
f 3171/5731/5731 3172/5733/5733 3166/5730/5730
f 3170/5729/5729 3171/5731/5731 3169/5727/5727
f 737/5871/5871 3242/5872/5872 3243/5873/5873
f 741/5874/5874 3243/5873/5873 3244/5875/5875
f 742/5876/5876 3244/5875/5875 3245/5877/5877
f 774/5878/5878 3245/5877/5877 3246/5879/5879
f 773/5880/5880 3246/5879/5879 3247/5881/5881
f 769/5882/5882 3247/5881/5881 3248/5883/5883
f 770/5884/5884 3248/5883/5883 3249/5885/5885
f 767/5886/5886 3249/5885/5885 3250/5887/5887
f 768/5888/5888 3250/5887/5887 3251/5889/5889
f 765/5890/5890 3251/5889/5889 3252/5891/5891
f 766/5892/5892 3252/5891/5891 3253/5893/5893
f 759/5894/5894 3253/5893/5893 3254/5895/5895
f 760/5896/5896 3254/5895/5895 3255/5897/5897
f 758/5898/5898 3255/5897/5897 3256/5899/5899
f 756/5900/5900 3256/5899/5899 3257/5901/5901
f 746/5902/5902 3257/5901/5901 3258/5903/5903
f 747/5904/5904 3258/5903/5903 3259/5905/5905
f 751/5906/5906 3259/5905/5905 3260/5907/5907
f 750/5908/5908 3260/5907/5907 3261/5909/5909
f 745/5910/5910 3261/5909/5909 3262/5911/5911
f 744/5912/5912 3262/5911/5911 3263/5913/5913
f 755/5914/5914 3263/5913/5913 3264/5915/5915
f 753/5916/5916 3264/5915/5915 3265/5917/5917
f 754/5918/5918 3265/5917/5917 3266/5919/5919
f 752/5920/5920 3266/5919/5919 3267/5921/5921
f 748/5922/5922 3267/5921/5921 3268/5923/5923
f 749/5924/5924 3268/5923/5923 3269/5925/5925
f 757/5926/5926 3269/5925/5925 3270/5927/5927
f 763/5928/5928 3270/5927/5927 3271/5929/5929
f 764/5930/5930 3271/5929/5929 3272/5931/5931
f 772/5932/5932 3272/5931/5931 3273/5933/5933
f 771/5934/5934 3273/5933/5933 3274/5935/5935
f 761/5936/5936 3274/5935/5935 3275/5937/5937
f 762/5938/5938 3275/5937/5937 3276/5939/5939
f 780/5940/5940 3276/5939/5939 3277/5941/5941
f 781/5942/5942 3277/5941/5941 3278/5943/5943
f 775/5944/5944 3278/5943/5943 3279/5945/5945
f 776/5946/5946 3279/5945/5945 3280/5947/5947
f 779/5948/5948 3280/5947/5947 3281/5949/5949
f 777/5950/5950 3281/5949/5949 3282/5951/5951
f 778/5952/5952 3282/5951/5951 3283/5953/5953
f 718/5954/5954 3283/5953/5953 3284/5955/5955
f 721/5956/5956 3284/5955/5955 3285/5957/5957
f 709/5958/5958 3285/5957/5957 3286/5959/5959
f 710/5960/5960 3286/5959/5959 3287/5961/5961
f 717/5962/5962 3287/5961/5961 3288/5963/5963
f 715/5964/5964 3288/5963/5963 3289/5965/5965
f 716/5966/5966 3289/5965/5965 3290/5967/5967
f 719/5968/5968 3290/5967/5967 3291/5969/5969
f 720/5970/5970 3291/5969/5969 3292/5971/5971
f 714/5972/5972 3292/5971/5971 3293/5973/5973
f 712/5974/5974 3293/5973/5973 3294/5975/5975
f 713/5976/5976 3294/5975/5975 3295/5977/5977
f 733/5978/5978 3295/5977/5977 3296/5979/5979
f 734/5980/5980 3296/5979/5979 3297/5981/5981
f 724/5982/5982 3297/5981/5981 3298/5983/5983
f 725/5984/5984 3298/5983/5983 3299/5985/5985
f 732/5986/5986 3299/5985/5985 3300/5987/5987
f 731/5988/5988 3300/5987/5987 3301/5989/5989
f 722/5990/5990 3301/5989/5989 3302/5991/5991
f 723/5992/5992 3302/5991/5991 3303/5993/5993
f 729/5994/5994 3303/5993/5993 3304/5995/5995
f 730/5996/5996 3304/5995/5995 3305/5997/5997
f 727/5998/5998 3305/5997/5997 3306/5999/5999
f 728/6000/6000 3306/5999/5999 3307/6001/6001
f 735/6002/6002 3307/6001/6001 3308/6003/6003
f 726/6004/6004 3308/6003/6003 3309/6005/6005
f 743/6006/6006 3309/6005/6005 3310/6007/6007
f 739/6008/6008 3310/6007/6007 3311/6009/6009
f 740/6010/6010 3311/6009/6009 3312/6011/6011
f 738/6012/6012 3312/6011/6011 3313/6013/6013
f 736/6014/6014 3313/6013/6013 3242/5872/5872
f 3242/5872/5872 737/5871/5871 736/6014/6014
f 3313/6013/6013 736/6014/6014 738/6012/6012
f 3312/6011/6011 738/6012/6012 740/6010/6010
f 3311/6009/6009 740/6010/6010 739/6008/6008
f 3310/6007/6007 739/6008/6008 743/6006/6006
f 3309/6005/6005 743/6006/6006 726/6004/6004
f 3308/6003/6003 726/6004/6004 735/6002/6002
f 3307/6001/6001 735/6002/6002 728/6000/6000
f 3306/5999/5999 728/6000/6000 727/5998/5998
f 3305/5997/5997 727/5998/5998 730/5996/5996
f 3304/5995/5995 730/5996/5996 729/5994/5994
f 3303/5993/5993 729/5994/5994 723/5992/5992
f 3302/5991/5991 723/5992/5992 722/5990/5990
f 3301/5989/5989 722/5990/5990 731/5988/5988
f 3300/5987/5987 731/5988/5988 732/5986/5986
f 3299/5985/5985 732/5986/5986 725/5984/5984
f 3298/5983/5983 725/5984/5984 724/5982/5982
f 3297/5981/5981 724/5982/5982 734/5980/5980
f 3296/5979/5979 734/5980/5980 733/5978/5978
f 3295/5977/5977 733/5978/5978 713/5976/5976
f 3294/5975/5975 713/5976/5976 712/5974/5974
f 3293/5973/5973 712/5974/5974 714/5972/5972
f 3292/5971/5971 714/5972/5972 720/5970/5970
f 3291/5969/5969 720/5970/5970 719/5968/5968
f 3290/5967/5967 719/5968/5968 716/5966/5966
f 3289/5965/5965 716/5966/5966 715/5964/5964
f 3288/5963/5963 715/5964/5964 717/5962/5962
f 3287/5961/5961 717/5962/5962 710/5960/5960
f 3286/5959/5959 710/5960/5960 709/5958/5958
f 3285/5957/5957 709/5958/5958 721/5956/5956
f 3284/5955/5955 721/5956/5956 718/5954/5954
f 3283/5953/5953 718/5954/5954 778/5952/5952
f 3282/5951/5951 778/5952/5952 777/5950/5950
f 3281/5949/5949 777/5950/5950 779/5948/5948
f 3280/5947/5947 779/5948/5948 776/5946/5946
f 3279/5945/5945 776/5946/5946 775/5944/5944
f 3278/5943/5943 775/5944/5944 781/5942/5942
f 3277/5941/5941 781/5942/5942 780/5940/5940
f 3276/5939/5939 780/5940/5940 762/5938/5938
f 3275/5937/5937 762/5938/5938 761/5936/5936
f 3274/5935/5935 761/5936/5936 771/5934/5934
f 3273/5933/5933 771/5934/5934 772/5932/5932
f 3272/5931/5931 772/5932/5932 764/5930/5930
f 3271/5929/5929 764/5930/5930 763/5928/5928
f 3270/5927/5927 763/5928/5928 757/5926/5926
f 3269/5925/5925 757/5926/5926 749/5924/5924
f 3268/5923/5923 749/5924/5924 748/5922/5922
f 3267/5921/5921 748/5922/5922 752/5920/5920
f 3266/5919/5919 752/5920/5920 754/5918/5918
f 3265/5917/5917 754/5918/5918 753/5916/5916
f 3264/5915/5915 753/5916/5916 755/5914/5914
f 3263/5913/5913 755/5914/5914 744/5912/5912
f 3262/5911/5911 744/5912/5912 745/5910/5910
f 3261/5909/5909 745/5910/5910 750/5908/5908
f 3260/5907/5907 750/5908/5908 751/5906/5906
f 3259/5905/5905 751/5906/5906 747/5904/5904
f 3258/5903/5903 747/5904/5904 746/5902/5902
f 3257/5901/5901 746/5902/5902 756/5900/5900
f 3256/5899/5899 756/5900/5900 758/5898/5898
f 3255/5897/5897 758/5898/5898 760/5896/5896
f 3254/5895/5895 760/5896/5896 759/5894/5894
f 3253/5893/5893 759/5894/5894 766/5892/5892
f 3252/5891/5891 766/5892/5892 765/5890/5890
f 3251/5889/5889 765/5890/5890 768/5888/5888
f 3250/5887/5887 768/5888/5888 767/5886/5886
f 3249/5885/5885 767/5886/5886 770/5884/5884
f 3248/5883/5883 770/5884/5884 769/5882/5882
f 3247/5881/5881 769/5882/5882 773/5880/5880
f 3246/5879/5879 773/5880/5880 774/5878/5878
f 3245/5877/5877 774/5878/5878 742/5876/5876
f 3244/5875/5875 742/5876/5876 741/5874/5874
f 3243/5873/5873 741/5874/5874 737/5871/5871
f 3275/6015/6015 3314/6016/6016 3315/6017/6017
f 3274/6018/6018 3316/6019/6019 3314/6016/6016
f 3314/6016/6016 3275/6015/6015 3274/6018/6018
f 3274/6018/6018 3273/6020/6020 3317/6021/6021
f 3270/6022/6022 3318/6023/6023 3319/6024/6024
f 3270/6022/6022 3269/6025/6025 3320/6026/6026
f 3265/6027/6027 3321/6028/6028 3322/6029/6029
f 3265/6027/6027 3264/6030/6030 3323/6031/6031
f 3261/6032/6032 3324/6033/6033 3325/6034/6034
f 3261/6032/6032 3260/6035/6035 3326/6036/6036
f 3259/6037/6037 3327/6038/6038 3326/6036/6036
f 3259/6037/6037 3258/6039/6039 3328/6040/6040
f 3255/6041/6041 3329/6042/6042 3330/6043/6043
f 3255/6041/6041 3254/6044/6044 3331/6045/6045
f 3251/6046/6046 3250/6047/6047 3332/6048/6048
f 3250/6047/6047 3249/6049/6049 3333/6050/6050
f 3247/6051/6051 3334/6052/6052 3335/6053/6053
f 3247/6051/6051 3246/6054/6054 3336/6055/6055
f 3288/6056/6056 3337/6057/6057 3338/6058/6058
f 3288/6056/6056 3287/6059/6059 3339/6060/6060
f 3281/6061/6061 3340/6062/6062 3341/6063/6063
f 3281/6061/6061 3280/6064/6064 3342/6065/6065
f 3317/6021/6021 3316/6019/6019 3274/6018/6018
f 3273/6020/6020 3272/6066/6066 3343/6067/6067
f 3320/6026/6026 3318/6023/6023 3270/6022/6022
f 3269/6025/6025 3268/6068/6068 3344/6069/6069
f 3267/6070/6070 3345/6071/6071 3344/6069/6069
f 3267/6070/6070 3266/6072/6072 3322/6029/6029
f 3323/6031/6031 3321/6028/6028 3265/6027/6027
f 3264/6030/6030 3263/6073/6073 3346/6074/6074
f 3262/6075/6075 3325/6034/6034 3346/6074/6074
f 3326/6036/6036 3324/6033/6033 3261/6032/6032
f 3328/6040/6040 3327/6038/6038 3259/6037/6037
f 3258/6039/6039 3257/6076/6076 3347/6077/6077
f 3256/6078/6078 3330/6043/6043 3347/6077/6077
f 3331/6045/6045 3329/6042/6042 3255/6041/6041
f 3253/6079/6079 3348/6080/6080 3331/6045/6045
f 3252/6081/6081 3349/6082/6082 3348/6080/6080
f 3251/6046/6046 3350/6083/6083 3349/6082/6082
f 3333/6050/6050 3332/6048/6048 3250/6047/6047
f 3248/6084/6084 3335/6053/6053 3333/6050/6050
f 3336/6055/6055 3334/6052/6052 3247/6051/6051
f 3245/6085/6085 3351/6086/6086 3336/6055/6055
f 3245/6085/6085 3244/6087/6087 3352/6088/6088
f 3310/6089/6089 3353/6090/6090 3354/6091/6091
f 3310/6089/6089 3309/6092/6092 3355/6093/6093
f 3307/6094/6094 3356/6095/6095 3357/6096/6096
f 3307/6094/6094 3306/6097/6097 3358/6098/6098
f 3292/6099/6099 3359/6100/6100 3360/6101/6101
f 3292/6099/6099 3291/6102/6102 3361/6103/6103
f 3289/6104/6104 3338/6058/6058 3362/6105/6105
f 3339/6060/6060 3337/6057/6057 3288/6056/6056
f 3287/6059/6059 3286/6106/6106 3363/6107/6107
f 3286/6106/6106 3285/6108/6108 3364/6109/6109
f 3284/6110/6110 3365/6111/6111 3364/6109/6109
f 3284/6110/6110 3283/6112/6112 3366/6113/6113
f 3282/6114/6114 3341/6063/6063 3366/6113/6113
f 3342/6065/6065 3340/6062/6062 3281/6061/6061
f 3277/6115/6115 3367/6116/6116 3368/6117/6117
f 3277/6115/6115 3276/6118/6118 3315/6017/6017
f 3343/6067/6067 3317/6021/6021 3273/6020/6020
f 3272/6066/6066 3271/6119/6119 3319/6024/6024
f 3344/6069/6069 3320/6026/6026 3269/6025/6025
f 3322/6029/6029 3345/6071/6071 3267/6070/6070
f 3346/6074/6074 3323/6031/6031 3264/6030/6030
f 3325/6034/6034 3262/6075/6075 3261/6032/6032
f 3347/6077/6077 3328/6040/6040 3258/6039/6039
f 3330/6043/6043 3256/6078/6078 3255/6041/6041
f 3348/6080/6080 3253/6079/6079 3252/6081/6081
f 3332/6048/6048 3350/6083/6083 3251/6046/6046
f 3335/6053/6053 3248/6084/6084 3247/6051/6051
f 3352/6088/6088 3351/6086/6086 3245/6085/6085
f 3243/6120/6120 3369/6121/6121 3352/6088/6088
f 3243/6120/6120 3242/6122/6122 3370/6123/6123
f 3311/6124/6124 3354/6091/6091 3371/6125/6125
f 3355/6093/6093 3353/6090/6090 3310/6089/6089
f 3309/6092/6092 3308/6126/6126 3357/6096/6096
f 3358/6098/6098 3356/6095/6095 3307/6094/6094
f 3293/6127/6127 3360/6101/6101 3372/6128/6128
f 3361/6103/6103 3359/6100/6100 3292/6099/6099
f 3338/6058/6058 3289/6104/6104 3288/6056/6056
f 3364/6109/6109 3363/6107/6107 3286/6106/6106
f 3366/6113/6113 3365/6111/6111 3284/6110/6110
f 3341/6063/6063 3282/6114/6114 3281/6061/6061
f 3315/6017/6017 3367/6116/6116 3277/6115/6115
f 3319/6024/6024 3343/6067/6067 3272/6066/6066
f 3344/6069/6069 3268/6068/6068 3267/6070/6070
f 3346/6074/6074 3263/6073/6073 3262/6075/6075
f 3347/6077/6077 3257/6076/6076 3256/6078/6078
f 3349/6082/6082 3252/6081/6081 3251/6046/6046
f 3336/6055/6055 3246/6054/6054 3245/6085/6085
f 3370/6123/6123 3369/6121/6121 3243/6120/6120
f 3354/6091/6091 3311/6124/6124 3310/6089/6089
f 3357/6096/6096 3308/6126/6126 3307/6094/6094
f 3305/6129/6129 3373/6130/6130 3358/6098/6098
f 3305/6129/6129 3304/6131/6131 3374/6132/6132
f 3300/6133/6133 3375/6134/6134 3376/6135/6135
f 3300/6133/6133 3299/6136/6136 3377/6137/6137
f 3360/6101/6101 3293/6127/6127 3292/6099/6099
f 3291/6102/6102 3290/6138/6138 3362/6105/6105
f 3363/6107/6107 3339/6060/6060 3287/6059/6059
f 3366/6113/6113 3283/6112/6112 3282/6114/6114
f 3315/6017/6017 3276/6118/6118 3275/6015/6015
f 3322/6029/6029 3266/6072/6072 3265/6027/6027
f 3331/6045/6045 3254/6044/6044 3253/6079/6079
f 3352/6088/6088 3244/6087/6087 3243/6120/6120
f 3313/6139/6139 3378/6140/6140 3370/6123/6123
f 3313/6139/6139 3312/6141/6141 3371/6125/6125
f 3357/6096/6096 3355/6093/6093 3309/6092/6092
f 3374/6132/6132 3373/6130/6130 3305/6129/6129
f 3301/6142/6142 3376/6135/6135 3379/6143/6143
f 3377/6137/6137 3375/6134/6134 3300/6133/6133
f 3295/6144/6144 3380/6145/6145 3381/6146/6146
f 3295/6144/6144 3294/6147/6147 3372/6128/6128
f 3362/6105/6105 3361/6103/6103 3291/6102/6102
f 3364/6109/6109 3285/6108/6108 3284/6110/6110
f 3319/6024/6024 3271/6119/6119 3270/6022/6022
f 3333/6050/6050 3249/6049/6049 3248/6084/6084
f 3371/6125/6125 3378/6140/6140 3313/6139/6139
f 3358/6098/6098 3306/6097/6097 3305/6129/6129
f 3376/6135/6135 3301/6142/6142 3300/6133/6133
f 3299/6136/6136 3298/6148/6148 3382/6149/6149
f 3297/6150/6150 3383/6151/6151 3382/6149/6149
f 3297/6150/6150 3296/6152/6152 3381/6146/6146
f 3372/6128/6128 3380/6145/6145 3295/6144/6144
f 3362/6105/6105 3290/6138/6138 3289/6104/6104
f 3279/6153/6153 3384/6154/6154 3342/6065/6065
f 3279/6153/6153 3278/6155/6155 3368/6117/6117
f 3326/6036/6036 3260/6035/6035 3259/6037/6037
f 3371/6125/6125 3312/6141/6141 3311/6124/6124
f 3303/6156/6156 3385/6157/6157 3374/6132/6132
f 3303/6156/6156 3302/6158/6158 3379/6143/6143
f 3382/6149/6149 3377/6137/6137 3299/6136/6136
f 3381/6146/6146 3383/6151/6151 3297/6150/6150
f 3372/6128/6128 3294/6147/6147 3293/6127/6127
f 3368/6117/6117 3384/6154/6154 3279/6153/6153
f 3370/6123/6123 3242/6122/6122 3313/6139/6139
f 3379/6143/6143 3385/6157/6157 3303/6156/6156
f 3382/6149/6149 3298/6148/6148 3297/6150/6150
f 3342/6065/6065 3280/6064/6064 3279/6153/6153
f 3374/6132/6132 3304/6131/6131 3303/6156/6156
f 3381/6146/6146 3296/6152/6152 3295/6144/6144
f 3379/6143/6143 3302/6158/6158 3301/6142/6142
f 3368/6117/6117 3278/6155/6155 3277/6115/6115
f 3386/6159/6159 3387/6160/6160 3370/6161/6161
f 3388/6162/6162 3386/6159/6159 3378/6163/6163
f 3389/6164/6164 3388/6162/6162 3371/6165/6165
f 3390/6166/6166 3389/6164/6164 3354/6167/6167
f 3391/6168/6168 3390/6166/6166 3353/6169/6169
f 3392/6170/6170 3391/6168/6168 3355/6171/6171
f 3393/6172/6172 3392/6170/6170 3357/6173/6173
f 3394/6174/6174 3393/6172/6172 3356/6175/6175
f 3395/6176/6176 3394/6174/6174 3358/6177/6177
f 3396/6178/6178 3395/6176/6176 3373/6179/6179
f 3397/6180/6180 3396/6178/6178 3374/6181/6181
f 3398/6182/6182 3397/6180/6180 3385/6183/6183
f 3399/6184/6184 3398/6182/6182 3379/6185/6185
f 3400/6186/6186 3399/6184/6184 3376/6187/6187
f 3401/6188/6188 3400/6186/6186 3375/6189/6189
f 3402/6190/6190 3401/6188/6188 3377/6191/6191
f 3403/6192/6192 3402/6190/6190 3382/6193/6193
f 3404/6194/6194 3403/6192/6192 3383/6195/6195
f 3405/6196/6196 3404/6194/6194 3381/6197/6197
f 3406/6198/6198 3405/6196/6196 3380/6199/6199
f 3407/6200/6200 3406/6198/6198 3372/6201/6201
f 3408/6202/6202 3407/6200/6200 3360/6203/6203
f 3409/6204/6204 3408/6202/6202 3359/6205/6205
f 3410/6206/6206 3409/6204/6204 3361/6207/6207
f 3411/6208/6208 3410/6206/6206 3362/6209/6209
f 3412/6210/6210 3411/6208/6208 3338/6211/6211
f 3413/6212/6212 3412/6210/6210 3337/6213/6213
f 3414/6214/6214 3413/6212/6212 3339/6215/6215
f 3415/6216/6216 3414/6214/6214 3363/6217/6217
f 3416/6218/6218 3415/6216/6216 3364/6219/6219
f 3417/6220/6220 3416/6218/6218 3365/6221/6221
f 3418/6222/6222 3417/6220/6220 3366/6223/6223
f 3419/6224/6224 3418/6222/6222 3341/6225/6225
f 3420/6226/6226 3419/6224/6224 3340/6227/6227
f 3421/6228/6228 3420/6226/6226 3342/6229/6229
f 3422/6230/6230 3421/6228/6228 3384/6231/6231
f 3423/6232/6232 3422/6230/6230 3368/6233/6233
f 3424/6234/6234 3423/6232/6232 3367/6235/6235
f 3425/6236/6236 3424/6234/6234 3315/6237/6237
f 3426/6238/6238 3425/6236/6236 3314/6239/6239
f 3427/6240/6240 3426/6238/6238 3316/6241/6241
f 3428/6242/6242 3427/6240/6240 3317/6243/6243
f 3429/6244/6244 3428/6242/6242 3343/6245/6245
f 3430/6246/6246 3429/6244/6244 3319/6247/6247
f 3431/6248/6248 3430/6246/6246 3318/6249/6249
f 3432/6250/6250 3431/6248/6248 3320/6251/6251
f 3433/6252/6252 3432/6250/6250 3344/6253/6253
f 3434/6254/6254 3433/6252/6252 3345/6255/6255
f 3435/6256/6256 3434/6254/6254 3322/6257/6257
f 3436/6258/6258 3435/6256/6256 3321/6259/6259
f 3437/6260/6260 3436/6258/6258 3323/6261/6261
f 3438/6262/6262 3437/6260/6260 3346/6263/6263
f 3439/6264/6264 3438/6262/6262 3325/6265/6265
f 3440/6266/6266 3439/6264/6264 3324/6267/6267
f 3441/6268/6268 3440/6266/6266 3326/6269/6269
f 3442/6270/6270 3441/6268/6268 3327/6271/6271
f 3443/6272/6272 3442/6270/6270 3328/6273/6273
f 3444/6274/6274 3443/6272/6272 3347/6275/6275
f 3445/6276/6276 3444/6274/6274 3330/6277/6277
f 3446/6278/6278 3445/6276/6276 3329/6279/6279
f 3447/6280/6280 3446/6278/6278 3331/6281/6281
f 3448/6282/6282 3447/6280/6280 3348/6283/6283
f 3449/6284/6284 3448/6282/6282 3349/6285/6285
f 3450/6286/6286 3449/6284/6284 3350/6287/6287
f 3451/6288/6288 3450/6286/6286 3332/6289/6289
f 3452/6290/6290 3451/6288/6288 3333/6291/6291
f 3453/6292/6292 3452/6290/6290 3335/6293/6293
f 3454/6294/6294 3453/6292/6292 3334/6295/6295
f 3455/6296/6296 3454/6294/6294 3336/6297/6297
f 3456/6298/6298 3455/6296/6296 3351/6299/6299
f 3457/6300/6300 3456/6298/6298 3352/6301/6301
f 3387/6160/6160 3457/6300/6300 3369/6302/6302
f 3369/6302/6302 3370/6161/6161 3387/6160/6160
f 3352/6301/6301 3369/6302/6302 3457/6300/6300
f 3351/6299/6299 3352/6301/6301 3456/6298/6298
f 3336/6297/6297 3351/6299/6299 3455/6296/6296
f 3334/6295/6295 3336/6297/6297 3454/6294/6294
f 3335/6293/6293 3334/6295/6295 3453/6292/6292
f 3333/6291/6291 3335/6293/6293 3452/6290/6290
f 3332/6289/6289 3333/6291/6291 3451/6288/6288
f 3350/6287/6287 3332/6289/6289 3450/6286/6286
f 3349/6285/6285 3350/6287/6287 3449/6284/6284
f 3348/6283/6283 3349/6285/6285 3448/6282/6282
f 3331/6281/6281 3348/6283/6283 3447/6280/6280
f 3329/6279/6279 3331/6281/6281 3446/6278/6278
f 3330/6277/6277 3329/6279/6279 3445/6276/6276
f 3347/6275/6275 3330/6277/6277 3444/6274/6274
f 3328/6273/6273 3347/6275/6275 3443/6272/6272
f 3327/6271/6271 3328/6273/6273 3442/6270/6270
f 3326/6269/6269 3327/6271/6271 3441/6268/6268
f 3324/6267/6267 3326/6269/6269 3440/6266/6266
f 3325/6265/6265 3324/6267/6267 3439/6264/6264
f 3346/6263/6263 3325/6265/6265 3438/6262/6262
f 3323/6261/6261 3346/6263/6263 3437/6260/6260
f 3321/6259/6259 3323/6261/6261 3436/6258/6258
f 3322/6257/6257 3321/6259/6259 3435/6256/6256
f 3345/6255/6255 3322/6257/6257 3434/6254/6254
f 3344/6253/6253 3345/6255/6255 3433/6252/6252
f 3320/6251/6251 3344/6253/6253 3432/6250/6250
f 3318/6249/6249 3320/6251/6251 3431/6248/6248
f 3319/6247/6247 3318/6249/6249 3430/6246/6246
f 3343/6245/6245 3319/6247/6247 3429/6244/6244
f 3317/6243/6243 3343/6245/6245 3428/6242/6242
f 3316/6241/6241 3317/6243/6243 3427/6240/6240
f 3314/6239/6239 3316/6241/6241 3426/6238/6238
f 3315/6237/6237 3314/6239/6239 3425/6236/6236
f 3367/6235/6235 3315/6237/6237 3424/6234/6234
f 3368/6233/6233 3367/6235/6235 3423/6232/6232
f 3384/6231/6231 3368/6233/6233 3422/6230/6230
f 3342/6229/6229 3384/6231/6231 3421/6228/6228
f 3340/6227/6227 3342/6229/6229 3420/6226/6226
f 3341/6225/6225 3340/6227/6227 3419/6224/6224
f 3366/6223/6223 3341/6225/6225 3418/6222/6222
f 3365/6221/6221 3366/6223/6223 3417/6220/6220
f 3364/6219/6219 3365/6221/6221 3416/6218/6218
f 3363/6217/6217 3364/6219/6219 3415/6216/6216
f 3339/6215/6215 3363/6217/6217 3414/6214/6214
f 3337/6213/6213 3339/6215/6215 3413/6212/6212
f 3338/6211/6211 3337/6213/6213 3412/6210/6210
f 3362/6209/6209 3338/6211/6211 3411/6208/6208
f 3361/6207/6207 3362/6209/6209 3410/6206/6206
f 3359/6205/6205 3361/6207/6207 3409/6204/6204
f 3360/6203/6203 3359/6205/6205 3408/6202/6202
f 3372/6201/6201 3360/6203/6203 3407/6200/6200
f 3380/6199/6199 3372/6201/6201 3406/6198/6198
f 3381/6197/6197 3380/6199/6199 3405/6196/6196
f 3383/6195/6195 3381/6197/6197 3404/6194/6194
f 3382/6193/6193 3383/6195/6195 3403/6192/6192
f 3377/6191/6191 3382/6193/6193 3402/6190/6190
f 3375/6189/6189 3377/6191/6191 3401/6188/6188
f 3376/6187/6187 3375/6189/6189 3400/6186/6186
f 3379/6185/6185 3376/6187/6187 3399/6184/6184
f 3385/6183/6183 3379/6185/6185 3398/6182/6182
f 3374/6181/6181 3385/6183/6183 3397/6180/6180
f 3373/6179/6179 3374/6181/6181 3396/6178/6178
f 3358/6177/6177 3373/6179/6179 3395/6176/6176
f 3356/6175/6175 3358/6177/6177 3394/6174/6174
f 3357/6173/6173 3356/6175/6175 3393/6172/6172
f 3355/6171/6171 3357/6173/6173 3392/6170/6170
f 3353/6169/6169 3355/6171/6171 3391/6168/6168
f 3354/6167/6167 3353/6169/6169 3390/6166/6166
f 3371/6165/6165 3354/6167/6167 3389/6164/6164
f 3378/6163/6163 3371/6165/6165 3388/6162/6162
f 3370/6161/6161 3378/6163/6163 3386/6159/6159
f 3426/6303/6303 3427/6304/6304 3458/6305/6305
f 3427/6304/6304 3428/6306/6306 3459/6307/6307
f 3443/6308/6308 3460/6309/6309 3461/6310/6310
f 3443/6308/6308 3444/6311/6311 3462/6312/6312
f 3426/6303/6303 3463/6313/6313 3464/6314/6314
f 3459/6307/6307 3458/6305/6305 3427/6304/6304
f 3428/6306/6306 3429/6315/6315 3465/6316/6316
f 3429/6315/6315 3430/6317/6317 3466/6318/6318
f 3462/6312/6312 3460/6309/6309 3443/6308/6308
f 3444/6311/6311 3445/6319/6319 3467/6320/6320
f 3458/6305/6305 3463/6313/6313 3426/6303/6303
f 3466/6318/6318 3465/6316/6316 3429/6315/6315
f 3439/6321/6321 3468/6322/6322 3469/6323/6323
f 3439/6321/6321 3440/6324/6324 3470/6325/6325
f 3441/6326/6326 3471/6327/6327 3470/6325/6325
f 3441/6326/6326 3442/6328/6328 3461/6310/6310
f 3467/6320/6320 3462/6312/6312 3444/6311/6311
f 3445/6319/6319 3446/6329/6329 3472/6330/6330
f 3447/6331/6331 3473/6332/6332 3472/6330/6330
f 3447/6331/6331 3448/6333/6333 3474/6334/6334
f 3454/6335/6335 3475/6336/6336 3476/6337/6337
f 3454/6335/6335 3455/6338/6338 3477/6339/6339
f 3392/6340/6340 3393/6341/6341 3478/6342/6342
f 3393/6341/6341 3394/6343/6343 3479/6344/6344
f 3411/6345/6345 3480/6346/6346 3481/6347/6347
f 3411/6345/6345 3412/6348/6348 3482/6349/6349
f 3416/6350/6350 3483/6351/6351 3484/6352/6352
f 3416/6350/6350 3417/6353/6353 3485/6354/6354
f 3423/6355/6355 3486/6356/6356 3487/6357/6357
f 3423/6355/6355 3424/6358/6358 3488/6359/6359
f 3425/6360/6360 3464/6314/6314 3488/6359/6359
f 3465/6316/6316 3459/6307/6307 3428/6306/6306
f 3434/6361/6361 3489/6362/6362 3490/6363/6363
f 3434/6361/6361 3435/6364/6364 3491/6365/6365
f 3437/6366/6366 3492/6367/6367 3493/6368/6368
f 3437/6366/6366 3438/6369/6369 3469/6323/6323
f 3470/6325/6325 3468/6322/6322 3439/6321/6321
f 3461/6310/6310 3471/6327/6327 3441/6326/6326
f 3472/6330/6330 3467/6320/6320 3445/6319/6319
f 3474/6334/6334 3473/6332/6332 3447/6331/6331
f 3477/6339/6339 3475/6336/6336 3454/6335/6335
f 3455/6338/6338 3456/6370/6370 3494/6371/6371
f 3457/6372/6372 3495/6373/6373 3494/6371/6371
f 3457/6372/6372 3387/6374/6374 3496/6375/6375
f 3390/6376/6376 3391/6377/6377 3497/6378/6378
f 3391/6377/6377 3392/6340/6340 3498/6379/6379
f 3479/6344/6344 3478/6342/6342 3393/6341/6341
f 3394/6343/6343 3395/6380/6380 3499/6381/6381
f 3397/6382/6382 3398/6383/6383 3500/6384/6384
f 3398/6383/6383 3399/6385/6385 3501/6386/6386
f 3401/6387/6387 3502/6388/6388 3503/6389/6389
f 3401/6387/6387 3402/6390/6390 3504/6391/6391
f 3407/6392/6392 3505/6393/6393 3506/6394/6394
f 3407/6392/6392 3408/6395/6395 3507/6396/6396
f 3410/6397/6397 3481/6347/6347 3508/6398/6398
f 3482/6349/6349 3480/6346/6346 3411/6345/6345
f 3415/6399/6399 3484/6352/6352 3509/6400/6400
f 3485/6354/6354 3483/6351/6351 3416/6350/6350
f 3488/6359/6359 3486/6356/6356 3423/6355/6355
f 3464/6314/6314 3425/6360/6360 3426/6303/6303
f 3431/6401/6401 3510/6402/6402 3466/6318/6318
f 3431/6401/6401 3432/6403/6403 3511/6404/6404
f 3433/6405/6405 3490/6363/6363 3511/6404/6404
f 3491/6365/6365 3489/6362/6362 3434/6361/6361
f 3436/6406/6406 3493/6368/6368 3491/6365/6365
f 3469/6323/6323 3492/6367/6367 3437/6366/6366
f 3470/6325/6325 3440/6324/6324 3441/6326/6326
f 3472/6330/6330 3446/6329/6329 3447/6331/6331
f 3449/6407/6407 3512/6408/6408 3474/6334/6334
f 3449/6407/6407 3450/6409/6409 3513/6410/6410
f 3452/6411/6411 3514/6412/6412 3515/6413/6413
f 3452/6411/6411 3453/6414/6414 3476/6337/6337
f 3494/6371/6371 3477/6339/6339 3455/6338/6338
f 3496/6375/6375 3495/6373/6373 3457/6372/6372
f 3386/6415/6415 3516/6416/6416 3496/6375/6375
f 3386/6415/6415 3388/6417/6417 3517/6418/6418
f 3389/6419/6419 3518/6420/6420 3517/6418/6418
f 3389/6419/6419 3390/6376/6376 3519/6421/6421
f 3498/6379/6379 3497/6378/6378 3391/6377/6377
f 3499/6381/6381 3479/6344/6344 3394/6343/6343
f 3501/6386/6386 3500/6384/6384 3398/6383/6383
f 3400/6422/6422 3503/6389/6389 3501/6386/6386
f 3504/6391/6391 3502/6388/6388 3401/6387/6387
f 3402/6390/6390 3403/6423/6423 3520/6424/6424
f 3406/6425/6425 3506/6394/6394 3521/6426/6426
f 3507/6396/6396 3505/6393/6393 3407/6392/6392
f 3481/6347/6347 3410/6397/6397 3411/6345/6345
f 3412/6348/6348 3413/6427/6427 3522/6428/6428
f 3414/6429/6429 3509/6400/6400 3522/6428/6428
f 3484/6352/6352 3415/6399/6399 3416/6350/6350
f 3418/6430/6430 3523/6431/6431 3485/6354/6354
f 3418/6430/6430 3419/6432/6432 3524/6433/6433
f 3488/6359/6359 3424/6358/6358 3425/6360/6360
f 3511/6404/6404 3510/6402/6402 3431/6401/6401
f 3490/6363/6363 3433/6405/6405 3434/6361/6361
f 3493/6368/6368 3436/6406/6406 3437/6366/6366
f 3461/6310/6310 3442/6328/6328 3443/6308/6308
f 3513/6410/6410 3512/6408/6408 3449/6407/6407
f 3451/6434/6434 3515/6413/6413 3513/6410/6410
f 3476/6337/6337 3514/6412/6412 3452/6411/6411
f 3494/6371/6371 3456/6370/6370 3457/6372/6372
f 3517/6418/6418 3516/6416/6416 3386/6415/6415
f 3519/6421/6421 3518/6420/6420 3389/6419/6419
f 3478/6342/6342 3498/6379/6379 3392/6340/6340
f 3396/6435/6435 3525/6436/6436 3499/6381/6381
f 3396/6435/6435 3397/6382/6382 3526/6437/6437
f 3501/6386/6386 3399/6385/6385 3400/6422/6422
f 3520/6424/6424 3504/6391/6391 3402/6390/6390
f 3506/6394/6394 3406/6425/6425 3407/6392/6392
f 3408/6395/6395 3409/6438/6438 3508/6398/6398
f 3522/6428/6428 3482/6349/6349 3412/6348/6348
f 3509/6400/6400 3414/6429/6429 3415/6399/6399
f 3524/6433/6433 3523/6431/6431 3418/6430/6430
f 3419/6432/6432 3420/6439/6439 3527/6440/6440
f 3421/6441/6441 3528/6442/6442 3527/6440/6440
f 3421/6441/6441 3422/6443/6443 3487/6357/6357
f 3466/6318/6318 3430/6317/6317 3431/6401/6401
f 3491/6365/6365 3435/6364/6364 3436/6406/6406
f 3474/6334/6334 3448/6333/6333 3449/6407/6407
f 3515/6413/6413 3451/6434/6434 3452/6411/6411
f 3496/6375/6375 3387/6374/6374 3386/6415/6415
f 3497/6378/6378 3519/6421/6421 3390/6376/6376
f 3526/6437/6437 3525/6436/6436 3396/6435/6435
f 3503/6389/6389 3400/6422/6422 3401/6387/6387
f 3508/6398/6398 3507/6396/6396 3408/6395/6395
f 3522/6428/6428 3413/6427/6427 3414/6429/6429
f 3527/6440/6440 3524/6433/6433 3419/6432/6432
f 3487/6357/6357 3528/6442/6442 3421/6441/6441
f 3511/6404/6404 3432/6403/6403 3433/6405/6405
f 3513/6410/6410 3450/6409/6409 3451/6434/6434
f 3517/6418/6418 3388/6417/6417 3389/6419/6419
f 3500/6384/6384 3526/6437/6437 3397/6382/6382
f 3404/6444/6444 3529/6445/6445 3520/6424/6424
f 3404/6444/6444 3405/6446/6446 3521/6426/6426
f 3508/6398/6398 3409/6438/6438 3410/6397/6397
f 3527/6440/6440 3420/6439/6439 3421/6441/6441
f 3469/6323/6323 3438/6369/6369 3439/6321/6321
f 3499/6381/6381 3395/6380/6380 3396/6435/6435
f 3521/6426/6426 3529/6445/6445 3404/6444/6444
f 3485/6354/6354 3417/6353/6353 3418/6430/6430
f 3476/6337/6337 3453/6414/6414 3454/6335/6335
f 3521/6426/6426 3405/6446/6446 3406/6425/6425
f 3520/6424/6424 3403/6423/6423 3404/6444/6444
f 3487/6357/6357 3422/6443/6443 3423/6355/6355
f 3528/6447/6447 3487/6448/6448 3530/6449/6449
f 3527/6450/6450 3528/6447/6447 3531/6451/6451
f 3524/6452/6452 3527/6450/6450 3532/6453/6453
f 3523/6454/6454 3524/6452/6452 3533/6455/6455
f 3485/6456/6456 3523/6454/6454 3534/6457/6457
f 3483/6458/6458 3485/6456/6456 3535/6459/6459
f 3484/6460/6460 3483/6458/6458 3536/6461/6461
f 3509/6462/6462 3484/6460/6460 3537/6463/6463
f 3522/6464/6464 3509/6462/6462 3538/6465/6465
f 3482/6466/6466 3522/6464/6464 3539/6467/6467
f 3480/6468/6468 3482/6466/6466 3540/6469/6469
f 3481/6470/6470 3480/6468/6468 3541/6471/6471
f 3508/6472/6472 3481/6470/6470 3542/6473/6473
f 3507/6474/6474 3508/6472/6472 3543/6475/6475
f 3505/6476/6476 3507/6474/6474 3544/6477/6477
f 3506/6478/6478 3505/6476/6476 3545/6479/6479
f 3521/6480/6480 3506/6478/6478 3546/6481/6481
f 3529/6482/6482 3521/6480/6480 3547/6483/6483
f 3520/6484/6484 3529/6482/6482 3548/6485/6485
f 3504/6486/6486 3520/6484/6484 3549/6487/6487
f 3502/6488/6488 3504/6486/6486 3550/6489/6489
f 3503/6490/6490 3502/6488/6488 3551/6491/6491
f 3501/6492/6492 3503/6490/6490 3552/6493/6493
f 3500/6494/6494 3501/6492/6492 3553/6495/6495
f 3526/6496/6496 3500/6494/6494 3554/6497/6497
f 3525/6498/6498 3526/6496/6496 3555/6499/6499
f 3499/6500/6500 3525/6498/6498 3556/6501/6501
f 3479/6502/6502 3499/6500/6500 3557/6503/6503
f 3478/6504/6504 3479/6502/6502 3558/6505/6505
f 3498/6506/6506 3478/6504/6504 3559/6507/6507
f 3497/6508/6508 3498/6506/6506 3560/6509/6509
f 3519/6510/6510 3497/6508/6508 3561/6511/6511
f 3518/6512/6512 3519/6510/6510 3562/6513/6513
f 3517/6514/6514 3518/6512/6512 3563/6515/6515
f 3516/6516/6516 3517/6514/6514 3564/6517/6517
f 3496/6518/6518 3516/6516/6516 3565/6519/6519
f 3495/6520/6520 3496/6518/6518 3566/6521/6521
f 3494/6522/6522 3495/6520/6520 3567/6523/6523
f 3477/6524/6524 3494/6522/6522 3568/6525/6525
f 3475/6526/6526 3477/6524/6524 3569/6527/6527
f 3476/6528/6528 3475/6526/6526 3570/6529/6529
f 3514/6530/6530 3476/6528/6528 3571/6531/6531
f 3515/6532/6532 3514/6530/6530 3572/6533/6533
f 3513/6534/6534 3515/6532/6532 3573/6535/6535
f 3512/6536/6536 3513/6534/6534 3574/6537/6537
f 3474/6538/6538 3512/6536/6536 3575/6539/6539
f 3473/6540/6540 3474/6538/6538 3576/6541/6541
f 3472/6542/6542 3473/6540/6540 3577/6543/6543
f 3467/6544/6544 3472/6542/6542 3578/6545/6545
f 3462/6546/6546 3467/6544/6544 3579/6547/6547
f 3460/6548/6548 3462/6546/6546 3580/6549/6549
f 3461/6550/6550 3460/6548/6548 3581/6551/6551
f 3471/6552/6552 3461/6550/6550 3582/6553/6553
f 3470/6554/6554 3471/6552/6552 3583/6555/6555
f 3468/6556/6556 3470/6554/6554 3584/6557/6557
f 3469/6558/6558 3468/6556/6556 3585/6559/6559
f 3492/6560/6560 3469/6558/6558 3586/6561/6561
f 3493/6562/6562 3492/6560/6560 3587/6563/6563
f 3491/6564/6564 3493/6562/6562 3588/6565/6565
f 3489/6566/6566 3491/6564/6564 3589/6567/6567
f 3490/6568/6568 3489/6566/6566 3590/6569/6569
f 3511/6570/6570 3490/6568/6568 3591/6571/6571
f 3510/6572/6572 3511/6570/6570 3592/6573/6573
f 3466/6574/6574 3510/6572/6572 3593/6575/6575
f 3465/6576/6576 3466/6574/6574 3594/6577/6577
f 3459/6578/6578 3465/6576/6576 3595/6579/6579
f 3458/6580/6580 3459/6578/6578 3596/6581/6581
f 3463/6582/6582 3458/6580/6580 3597/6583/6583
f 3464/6584/6584 3463/6582/6582 3598/6585/6585
f 3488/6586/6586 3464/6584/6584 3599/6587/6587
f 3486/6588/6588 3488/6586/6586 3600/6589/6589
f 3487/6448/6448 3486/6588/6588 3601/6590/6590
f 3601/6590/6590 3530/6449/6449 3487/6448/6448
f 3600/6589/6589 3601/6590/6590 3486/6588/6588
f 3599/6587/6587 3600/6589/6589 3488/6586/6586
f 3598/6585/6585 3599/6587/6587 3464/6584/6584
f 3597/6583/6583 3598/6585/6585 3463/6582/6582
f 3596/6581/6581 3597/6583/6583 3458/6580/6580
f 3595/6579/6579 3596/6581/6581 3459/6578/6578
f 3594/6577/6577 3595/6579/6579 3465/6576/6576
f 3593/6575/6575 3594/6577/6577 3466/6574/6574
f 3592/6573/6573 3593/6575/6575 3510/6572/6572
f 3591/6571/6571 3592/6573/6573 3511/6570/6570
f 3590/6569/6569 3591/6571/6571 3490/6568/6568
f 3589/6567/6567 3590/6569/6569 3489/6566/6566
f 3588/6565/6565 3589/6567/6567 3491/6564/6564
f 3587/6563/6563 3588/6565/6565 3493/6562/6562
f 3586/6561/6561 3587/6563/6563 3492/6560/6560
f 3585/6559/6559 3586/6561/6561 3469/6558/6558
f 3584/6557/6557 3585/6559/6559 3468/6556/6556
f 3583/6555/6555 3584/6557/6557 3470/6554/6554
f 3582/6553/6553 3583/6555/6555 3471/6552/6552
f 3581/6551/6551 3582/6553/6553 3461/6550/6550
f 3580/6549/6549 3581/6551/6551 3460/6548/6548
f 3579/6547/6547 3580/6549/6549 3462/6546/6546
f 3578/6545/6545 3579/6547/6547 3467/6544/6544
f 3577/6543/6543 3578/6545/6545 3472/6542/6542
f 3576/6541/6541 3577/6543/6543 3473/6540/6540
f 3575/6539/6539 3576/6541/6541 3474/6538/6538
f 3574/6537/6537 3575/6539/6539 3512/6536/6536
f 3573/6535/6535 3574/6537/6537 3513/6534/6534
f 3572/6533/6533 3573/6535/6535 3515/6532/6532
f 3571/6531/6531 3572/6533/6533 3514/6530/6530
f 3570/6529/6529 3571/6531/6531 3476/6528/6528
f 3569/6527/6527 3570/6529/6529 3475/6526/6526
f 3568/6525/6525 3569/6527/6527 3477/6524/6524
f 3567/6523/6523 3568/6525/6525 3494/6522/6522
f 3566/6521/6521 3567/6523/6523 3495/6520/6520
f 3565/6519/6519 3566/6521/6521 3496/6518/6518
f 3564/6517/6517 3565/6519/6519 3516/6516/6516
f 3563/6515/6515 3564/6517/6517 3517/6514/6514
f 3562/6513/6513 3563/6515/6515 3518/6512/6512
f 3561/6511/6511 3562/6513/6513 3519/6510/6510
f 3560/6509/6509 3561/6511/6511 3497/6508/6508
f 3559/6507/6507 3560/6509/6509 3498/6506/6506
f 3558/6505/6505 3559/6507/6507 3478/6504/6504
f 3557/6503/6503 3558/6505/6505 3479/6502/6502
f 3556/6501/6501 3557/6503/6503 3499/6500/6500
f 3555/6499/6499 3556/6501/6501 3525/6498/6498
f 3554/6497/6497 3555/6499/6499 3526/6496/6496
f 3553/6495/6495 3554/6497/6497 3500/6494/6494
f 3552/6493/6493 3553/6495/6495 3501/6492/6492
f 3551/6491/6491 3552/6493/6493 3503/6490/6490
f 3550/6489/6489 3551/6491/6491 3502/6488/6488
f 3549/6487/6487 3550/6489/6489 3504/6486/6486
f 3548/6485/6485 3549/6487/6487 3520/6484/6484
f 3547/6483/6483 3548/6485/6485 3529/6482/6482
f 3546/6481/6481 3547/6483/6483 3521/6480/6480
f 3545/6479/6479 3546/6481/6481 3506/6478/6478
f 3544/6477/6477 3545/6479/6479 3505/6476/6476
f 3543/6475/6475 3544/6477/6477 3507/6474/6474
f 3542/6473/6473 3543/6475/6475 3508/6472/6472
f 3541/6471/6471 3542/6473/6473 3481/6470/6470
f 3540/6469/6469 3541/6471/6471 3480/6468/6468
f 3539/6467/6467 3540/6469/6469 3482/6466/6466
f 3538/6465/6465 3539/6467/6467 3522/6464/6464
f 3537/6463/6463 3538/6465/6465 3509/6462/6462
f 3536/6461/6461 3537/6463/6463 3484/6460/6460
f 3535/6459/6459 3536/6461/6461 3483/6458/6458
f 3534/6457/6457 3535/6459/6459 3485/6456/6456
f 3533/6455/6455 3534/6457/6457 3523/6454/6454
f 3532/6453/6453 3533/6455/6455 3524/6452/6452
f 3531/6451/6451 3532/6453/6453 3527/6450/6450
f 3530/6449/6449 3531/6451/6451 3528/6447/6447
f 3602/6591/6591 3603/6592/6592 3604/6593/6593
f 1075/6594/6594 3605/6595/6595 3603/6592/6592
f 3606/6596/6596 3607/6597/6597 3605/6595/6595
f 1075/6594/6594 3608/6598/6598 3609/6599/6599
f 3608/6598/6598 3610/6600/6600 3611/6601/6601
f 1075/6594/6594 3612/6602/6602 3610/6600/6600
f 1076/6603/6603 1075/6594/6594 3602/6591/6591
f 3603/6592/6592 3602/6591/6591 1075/6594/6594
f 3609/6599/6599 3605/6595/6595 1075/6594/6594
f 3610/6600/6600 3608/6598/6598 1075/6594/6594
f 1069/6604/6604 3613/6605/6605 782/6606/6606
f 3612/6602/6602 1075/6594/6594 782/6606/6606
f 3614/6607/6607 1076/6603/6603 3615/6608/6608
f 3604/6593/6593 3616/6609/6609 3602/6591/6591
f 3611/6601/6601 3617/6610/6610 3608/6598/6598
f 782/6606/6606 3613/6605/6605 3612/6602/6602
f 3602/6591/6591 3615/6608/6608 1076/6603/6603
f 782/6606/6606 1030/6611/6611 1069/6604/6604
f 3605/6595/6595 3609/6599/6599 3606/6596/6596
f 3615/6608/6608 3618/6612/6612 3614/6607/6607
f 3615/6613/6613 3619/6614/6614 3620/6615/6615
f 3615/6613/6613 3621/6616/6616 3619/6614/6614
f 3622/6617/6617 3623/6618/6618 3621/6616/6616
f 3621/6616/6616 3615/6613/6613 3622/6617/6617
f 3622/6617/6617 3624/6619/6619 3623/6618/6618
f 3620/6615/6615 3618/6620/6620 3615/6613/6613
f 3625/6621/6621 3626/6622/6622 3624/6623/6623
f 3624/6623/6623 3622/6624/6624 3625/6621/6621
f 3625/6625/6625 3622/6626/6626 3615/6627/6627
f 3615/6627/6627 3602/6628/6628 3625/6625/6625
f 3625/6629/6629 3602/6630/6630 3627/6631/6631
f 3627/6631/6631 3628/6632/6632 3625/6629/6629
f 3602/6630/6630 3629/6633/6633 3627/6631/6631
f 3602/6630/6630 3630/6634/6634 3629/6633/6633
f 3602/6630/6630 3616/6635/6635 3630/6634/6634
f 3628/6632/6632 3626/6636/6636 3625/6629/6629
f 3631/6637/6637 3605/6638/6638 3632/6639/6639
f 3632/6639/6639 3633/6640/6640 3631/6637/6637
f 3605/6638/6638 3634/6641/6641 3632/6639/6639
f 3605/6638/6638 3635/6642/6642 3634/6641/6641
f 3605/6638/6638 3607/6643/6643 3635/6642/6642
f 3633/6640/6640 3636/6644/6644 3631/6637/6637
f 3631/6645/6645 3636/6646/6646 3637/6647/6647
f 3637/6647/6647 3638/6648/6648 3631/6645/6645
f 3603/6649/6649 3639/6650/6650 3640/6651/6651
f 3603/6649/6649 3641/6652/6652 3639/6650/6650
f 3638/6653/6653 3642/6654/6654 3641/6652/6652
f 3641/6652/6652 3603/6649/6649 3638/6653/6653
f 3638/6653/6653 3637/6655/6655 3642/6654/6654
f 3640/6651/6651 3604/6656/6656 3603/6649/6649
f 3631/6657/6657 3638/6658/6658 3603/6659/6659
f 3603/6659/6659 3605/6660/6660 3631/6657/6657
f 3643/6661/6661 3608/6662/6662 3644/6663/6663
f 3644/6663/6663 3645/6664/6664 3643/6661/6661
f 3608/6662/6662 3646/6665/6665 3644/6663/6663
f 3608/6662/6662 3647/6666/6666 3646/6665/6665
f 3608/6662/6662 3617/6667/6667 3647/6666/6666
f 3645/6664/6664 3648/6668/6668 3643/6661/6661
f 3643/6669/6669 3648/6670/6670 3649/6671/6671
f 3649/6671/6671 3650/6672/6672 3643/6669/6669
f 3609/6673/6673 3651/6674/6674 3652/6675/6675
f 3609/6673/6673 3653/6676/6676 3651/6674/6674
f 3650/6677/6677 3654/6678/6678 3653/6676/6676
f 3653/6676/6676 3609/6673/6673 3650/6677/6677
f 3650/6677/6677 3649/6679/6679 3654/6678/6678
f 3652/6675/6675 3606/6680/6680 3609/6673/6673
f 3643/6681/6681 3650/6682/6682 3609/6683/6683
f 3609/6683/6683 3608/6684/6684 3643/6681/6681
f 3655/6685/6685 3612/6686/6686 3656/6687/6687
f 3656/6687/6687 3657/6688/6688 3655/6685/6685
f 3612/6686/6686 3658/6689/6689 3656/6687/6687
f 3612/6686/6686 3659/6690/6690 3658/6689/6689
f 3612/6686/6686 3613/6691/6691 3659/6690/6690
f 3657/6688/6688 3660/6692/6692 3655/6685/6685
f 3655/6693/6693 3660/6694/6694 3661/6695/6695
f 3661/6695/6695 3662/6696/6696 3655/6693/6693
f 3610/6697/6697 3663/6698/6698 3664/6699/6699
f 3610/6697/6697 3665/6700/6700 3663/6698/6698
f 3662/6701/6701 3666/6702/6702 3665/6700/6700
f 3665/6700/6700 3610/6697/6697 3662/6701/6701
f 3662/6701/6701 3661/6703/6703 3666/6702/6702
f 3664/6699/6699 3611/6704/6704 3610/6697/6697
f 3655/6705/6705 3662/6706/6706 3610/6707/6707
f 3610/6707/6707 3612/6708/6708 3655/6705/6705
f 3667/6709/6709 3668/6710/6710 3669/6711/6711
f 3668/6710/6710 3670/6712/6712 3671/6713/6713
f 3672/6714/6714 3673/6715/6715 3674/6716/6716
f 3673/6715/6715 3675/6717/6717 3676/6718/6718
f 3677/6719/6719 3669/6711/6711 3678/6720/6720
f 3674/6716/6716 3676/6718/6718 3679/6721/6721
f 3680/6722/6722 3678/6720/6720 3681/6723/6723
f 3678/6720/6720 3682/6724/6724 3683/6725/6725
f 3684/6726/6726 3679/6721/6721 3685/6727/6727
f 3681/6723/6723 3683/6725/6725 3686/6728/6728
f 3687/6729/6729 3688/6730/6730 3689/6731/6731
f 3688/6730/6730 3685/6727/6727 3690/6732/6732
f 3691/6733/6733 3692/6734/6734 3693/6735/6735
f 3692/6734/6734 3686/6728/6728 3694/6736/6736
f 3686/6728/6728 3695/6737/6737 3696/6738/6738
f 3695/6737/6737 3697/6739/6739 3698/6740/6740
f 3697/6739/6739 3689/6731/6731 3699/6741/6741
f 3689/6731/6731 3690/6732/6732 3700/6742/6742
f 3701/6743/6743 3693/6735/6735 3702/6744/6744
f 3693/6735/6735 3694/6736/6736 3703/6745/6745
f 3694/6736/6736 3582/6746/6746 3581/6747/6747
f 3696/6738/6738 3596/6748/6748 3595/6749/6749
f 3696/6738/6738 3598/6750/6750 3597/6751/6751
f 3581/6747/6747 3580/6752/6752 3694/6736/6736
f 3694/6736/6736 3588/6753/6753 3587/6754/6754
f 3696/6738/6738 3589/6755/6755 3588/6753/6753
f 3696/6738/6738 3591/6756/6756 3590/6757/6757
f 3597/6751/6751 3596/6748/6748 3696/6738/6738
f 3696/6738/6738 3600/6758/6758 3599/6759/6759
f 3696/6738/6738 3704/6760/6760 3530/6761/6761
f 3704/6760/6760 3535/6762/6762 3534/6763/6763
f 3694/6736/6736 3573/6764/6764 3572/6765/6765
f 3694/6736/6736 3578/6766/6766 3577/6767/6767
f 3580/6752/6752 3579/6768/6768 3694/6736/6736
f 3694/6736/6736 3584/6769/6769 3583/6770/6770
f 3694/6736/6736 3586/6771/6771 3585/6772/6772
f 3588/6753/6753 3694/6736/6736 3696/6738/6738
f 3696/6738/6738 3592/6773/6773 3591/6756/6756
f 3599/6759/6759 3598/6750/6750 3696/6738/6738
f 3530/6761/6761 3601/6774/6774 3696/6738/6738
f 3704/6760/6760 3532/6775/6775 3531/6776/6776
f 3534/6763/6763 3533/6777/6777 3704/6760/6760
f 3694/6736/6736 3574/6778/6778 3573/6764/6764
f 3694/6736/6736 3576/6779/6779 3575/6780/6780
f 3579/6768/6768 3578/6766/6766 3694/6736/6736
f 3585/6772/6772 3584/6769/6769 3694/6736/6736
f 3590/6757/6757 3589/6755/6755 3696/6738/6738
f 3696/6738/6738 3594/6781/6781 3593/6782/6782
f 3601/6774/6774 3600/6758/6758 3696/6738/6738
f 3533/6777/6777 3532/6775/6775 3704/6760/6760
f 3704/6760/6760 3542/6783/6783 3541/6784/6784
f 3703/6745/6745 3694/6736/6736 3567/6785/6785
f 3694/6736/6736 3571/6786/6786 3570/6787/6787
f 3575/6780/6780 3574/6778/6778 3694/6736/6736
f 3583/6770/6770 3582/6746/6746 3694/6736/6736
f 3593/6782/6782 3592/6773/6773 3696/6738/6738
f 3531/6776/6776 3530/6761/6761 3704/6760/6760
f 3704/6760/6760 3537/6788/6788 3536/6789/6789
f 3704/6760/6760 3539/6790/6790 3538/6791/6791
f 3704/6760/6760 3543/6792/6792 3542/6783/6783
f 3704/6760/6760 3546/6793/6793 3545/6794/6794
f 3704/6760/6760 3703/6745/6745 3547/6795/6795
f 3703/6745/6745 3560/6796/6796 3559/6797/6797
f 3694/6736/6736 3568/6798/6798 3567/6785/6785
f 3570/6787/6787 3569/6799/6799 3694/6736/6736
f 3577/6767/6767 3576/6779/6779 3694/6736/6736
f 3595/6749/6749 3594/6781/6781 3696/6738/6738
f 3538/6791/6791 3537/6788/6788 3704/6760/6760
f 3541/6784/6784 3540/6800/6800 3704/6760/6760
f 3547/6795/6795 3546/6793/6793 3704/6760/6760
f 3703/6745/6745 3552/6801/6801 3551/6802/6802
f 3703/6745/6745 3555/6803/6803 3554/6804/6804
f 3559/6797/6797 3558/6805/6805 3703/6745/6745
f 3703/6745/6745 3562/6806/6806 3561/6807/6807
f 3569/6799/6799 3568/6798/6798 3694/6736/6736
f 3587/6754/6754 3586/6771/6771 3694/6736/6736
f 3540/6800/6800 3539/6790/6790 3704/6760/6760
f 3545/6794/6794 3544/6808/6808 3704/6760/6760
f 3551/6802/6802 3550/6809/6809 3703/6745/6745
f 3554/6804/6804 3553/6810/6810 3703/6745/6745
f 3561/6807/6807 3560/6796/6796 3703/6745/6745
f 3703/6745/6745 3564/6811/6811 3563/6812/6812
f 3572/6765/6765 3571/6786/6786 3694/6736/6736
f 3544/6808/6808 3543/6792/6792 3704/6760/6760
f 3553/6810/6810 3552/6801/6801 3703/6745/6745
f 3703/6745/6745 3557/6813/6813 3556/6814/6814
f 3563/6812/6812 3562/6806/6806 3703/6745/6745
f 3703/6745/6745 3566/6815/6815 3565/6816/6816
f 3536/6789/6789 3535/6762/6762 3704/6760/6760
f 3703/6745/6745 3549/6817/6817 3548/6818/6818
f 3556/6814/6814 3555/6803/6803 3703/6745/6745
f 3565/6816/6816 3564/6811/6811 3703/6745/6745
f 3548/6818/6818 3547/6795/6795 3703/6745/6745
f 3558/6805/6805 3557/6813/6813 3703/6745/6745
f 3550/6809/6809 3549/6817/6817 3703/6745/6745
f 3699/6741/6741 3700/6742/6742 3705/6819/6819
f 3704/6760/6760 2478/6820/6820 2477/6821/6821
f 3696/6738/6738 2486/6822/6822 2485/6823/6823
f 3696/6738/6738 2489/6824/6824 2488/6825/6825
f 2477/6821/6821 2476/6826/6826 3704/6760/6760
f 3704/6760/6760 2480/6827/6827 2479/6828/6828
f 2485/6823/6823 3704/6760/6760 3696/6738/6738
f 2488/6825/6825 2487/6829/6829 3696/6738/6738
f 3704/6760/6760 2475/6830/6830 2474/6831/6831
f 2479/6828/6828 2478/6820/6820 3704/6760/6760
f 3704/6760/6760 2482/6832/6832 2481/6833/6833
f 3704/6760/6760 2484/6834/6834 2483/6835/6835
f 2487/6829/6829 2486/6822/6822 3696/6738/6738
f 3696/6738/6738 3698/6740/6740 2494/6836/6836
f 2474/6831/6831 3706/6837/6837 3704/6760/6760
f 2481/6833/6833 2480/6827/6827 3704/6760/6760
f 2485/6823/6823 2484/6834/6834 3704/6760/6760
f 3696/6738/6738 2491/6838/6838 2490/6839/6839
f 3696/6738/6738 2493/6840/6840 2492/6841/6841
f 3698/6740/6740 2495/6842/6842 2494/6836/6836
f 2474/6831/6831 2473/6843/6843 3706/6837/6837
f 2483/6835/6835 2482/6832/6832 3704/6760/6760
f 2492/6841/6841 2491/6838/6838 3696/6738/6738
f 3698/6740/6740 2496/6844/6844 2495/6842/6842
f 2476/6826/6826 2475/6830/6830 3704/6760/6760
f 2494/6836/6836 2493/6840/6840 3696/6738/6738
f 2490/6839/6839 2489/6824/6824 3696/6738/6738
f 3699/6741/6741 2514/6845/6845 2513/6846/6846
f 3698/6740/6740 2500/6847/6847 2499/6848/6848
f 3698/6740/6740 2506/6849/6849 2505/6850/6850
f 3699/6741/6741 2515/6851/6851 2514/6845/6845
f 3699/6741/6741 2517/6852/6852 2516/6853/6853
f 2499/6848/6848 2498/6854/6854 3698/6740/6740
f 3698/6740/6740 2502/6855/6855 2501/6856/6856
f 3698/6740/6740 2504/6857/6857 2503/6858/6858
f 3698/6740/6740 2507/6859/6859 2506/6849/6849
f 3698/6740/6740 2509/6860/6860 2508/6861/6861
f 3699/6741/6741 2511/6862/6862 2510/6863/6863
f 2513/6846/6846 2512/6864/6864 3699/6741/6741
f 3699/6741/6741 2518/6865/6865 2517/6852/6852
f 3699/6741/6741 3707/6866/6866 2448/6867/6867
f 3707/6866/6866 2453/6868/6868 2452/6869/6869
f 2498/6854/6854 2497/6870/6870 3698/6740/6740
f 2503/6858/6858 2502/6855/6855 3698/6740/6740
f 2508/6861/6861 2507/6859/6859 3698/6740/6740
f 2510/6863/6863 3698/6740/6740 3699/6741/6741
f 2516/6853/6853 2515/6851/6851 3699/6741/6741
f 2448/6867/6867 2519/6871/6871 3699/6741/6741
f 3707/6866/6866 2450/6872/6872 2449/6873/6873
f 2452/6869/6869 2451/6874/6874 3707/6866/6866
f 3707/6866/6866 2456/6875/6875 2455/6876/6876
f 3707/6866/6866 2460/6877/6877 2459/6878/6878
f 2501/6856/6856 2500/6847/6847 3698/6740/6740
f 2510/6863/6863 2509/6860/6860 3698/6740/6740
f 2519/6871/6871 2518/6865/6865 3699/6741/6741
f 2451/6874/6874 2450/6872/6872 3707/6866/6866
f 3707/6866/6866 2457/6879/6879 2456/6875/6875
f 3707/6866/6866 2461/6880/6880 2460/6877/6877
f 2505/6850/6850 2504/6857/6857 3698/6740/6740
f 2449/6873/6873 2448/6867/6867 3707/6866/6866
f 2455/6876/6876 2454/6881/6881 3707/6866/6866
f 2459/6878/6878 2458/6882/6882 3707/6866/6866
f 2512/6864/6864 2511/6862/6862 3699/6741/6741
f 2458/6882/6882 2457/6879/6879 3707/6866/6866
f 2454/6881/6881 2453/6868/6868 3707/6866/6866
f 3678/6720/6720 3204/6883/6883 3203/6884/6884
f 3203/6884/6884 3202/6885/6885 3678/6720/6720
f 3669/6711/6711 3208/6886/6886 3207/6887/6887
f 3678/6720/6720 3200/6888/6888 3199/6889/6889
f 3202/6885/6885 3201/6890/6890 3678/6720/6720
f 3678/6720/6720 3206/6891/6891 3205/6892/6892
f 3207/6887/6887 3678/6720/6720 3669/6711/6711
f 3678/6720/6720 3198/6893/6893 3197/6894/6894
f 3201/6890/6890 3200/6888/6888 3678/6720/6720
f 3207/6887/6887 3206/6891/6891 3678/6720/6720
f 3669/6711/6711 3213/6895/6895 3212/6896/6896
f 3197/6894/6894 3682/6724/6724 3678/6720/6720
f 3205/6892/6892 3204/6883/6883 3678/6720/6720
f 3669/6711/6711 3210/6897/6897 3209/6898/6898
f 3212/6896/6896 3211/6899/6899 3669/6711/6711
f 3671/6713/6713 3216/6900/6900 3215/6901/6901
f 3199/6889/6889 3198/6893/6893 3678/6720/6720
f 3211/6899/6899 3210/6897/6897 3669/6711/6711
f 3215/6901/6901 3669/6711/6711 3671/6713/6713
f 3209/6898/6898 3208/6886/6886 3669/6711/6711
f 3215/6901/6901 3214/6902/6902 3669/6711/6711
f 3214/6902/6902 3213/6895/6895 3669/6711/6711
f 3688/6730/6730 3687/6729/6729 2821/6903/6903
f 3687/6729/6729 2822/6904/6904 2821/6903/6903
f 3687/6729/6729 2824/6905/6905 2823/6906/6906
f 3687/6729/6729 2826/6907/6907 2825/6908/6908
f 3687/6729/6729 2828/6909/6909 2827/6910/6910
f 2823/6906/6906 2822/6904/6904 3687/6729/6729
f 2827/6910/6910 2826/6907/6907 3687/6729/6729
f 3687/6729/6729 2830/6911/6911 2829/6912/6912
f 3687/6729/6729 3708/6913/6913 2831/6914/6914
f 2825/6908/6908 2824/6905/6905 3687/6729/6729
f 2831/6914/6914 2830/6911/6911 3687/6729/6729
f 2829/6912/6912 2828/6909/6909 3687/6729/6729
f 3674/6716/6716 2878/6915/6915 2877/6916/6916
f 3708/6913/6913 2842/6917/6917 2841/6918/6918
f 3709/6919/6919 2860/6920/6920 2859/6921/6921
f 3709/6919/6919 2866/6922/6922 2865/6923/6923
f 3709/6919/6919 2869/6924/6924 2868/6925/6925
f 2877/6916/6916 2876/6926/6926 3674/6716/6716
f 3674/6716/6716 3684/6726/6726 2808/6927/6927
f 2841/6918/6918 2840/6928/6928 3708/6913/6913
f 3708/6913/6913 3709/6919/6919 2846/6929/6929
f 2859/6921/6921 2858/6930/6930 3709/6919/6919
f 3709/6919/6919 2867/6931/6931 2866/6922/6922
f 3709/6919/6919 2870/6932/6932 2869/6924/6924
f 3674/6716/6716 2872/6933/6933 2871/6934/6934
f 3674/6716/6716 2874/6935/6935 2873/6936/6936
f 2876/6926/6926 2875/6937/6937 3674/6716/6716
f 2808/6927/6927 2879/6938/6938 3674/6716/6716
f 3684/6726/6726 2810/6939/6939 2809/6940/6940
f 3708/6913/6913 2838/6941/6941 2837/6942/6942
f 2840/6928/6928 2839/6943/6943 3708/6913/6913
f 3708/6913/6913 2844/6944/6944 2843/6945/6945
f 2846/6929/6929 2845/6946/6946 3708/6913/6913
f 3709/6919/6919 2856/6947/6947 2855/6948/6948
f 2858/6930/6930 2857/6949/6949 3709/6919/6919
f 3709/6919/6919 2862/6950/6950 2861/6951/6951
f 3709/6919/6919 2864/6952/6952 2863/6953/6953
f 2868/6925/6925 2867/6931/6931 3709/6919/6919
f 2871/6934/6934 3709/6919/6919 3674/6716/6716
f 2875/6937/6937 2874/6935/6935 3674/6716/6716
f 2809/6940/6940 2808/6927/6927 3684/6726/6726
f 3684/6726/6726 2815/6954/6954 2814/6955/6955
f 2839/6943/6943 2838/6941/6941 3708/6913/6913
f 2845/6946/6946 2844/6944/6944 3708/6913/6913
f 3709/6919/6919 2854/6956/6956 2853/6957/6957
f 2857/6949/6949 2856/6947/6947 3709/6919/6919
f 2863/6953/6953 2862/6950/6950 3709/6919/6919
f 2871/6934/6934 2870/6932/6932 3709/6919/6919
f 2879/6938/6938 2878/6915/6915 3674/6716/6716
f 3684/6726/6726 2812/6958/6958 2811/6959/6959
f 2814/6955/6955 2813/6960/6960 3684/6726/6726
f 3684/6726/6726 2820/6961/6961 2819/6962/6962
f 3708/6913/6913 2834/6963/6963 2833/6964/6964
f 3708/6913/6913 2836/6965/6965 2835/6966/6966
f 2843/6945/6945 2842/6917/6917 3708/6913/6913
f 3709/6919/6919 2848/6967/6967 2847/6968/6968
f 2853/6957/6957 2852/6969/6969 3709/6919/6919
f 2861/6951/6951 2860/6920/6920 3709/6919/6919
f 2873/6936/6936 2872/6933/6933 3674/6716/6716
f 2813/6960/6960 2812/6958/6958 3684/6726/6726
f 2819/6962/6962 2818/6970/6970 3684/6726/6726
f 2833/6964/6964 2832/6971/6971 3708/6913/6913
f 2837/6942/6942 2836/6965/6965 3708/6913/6913
f 3709/6919/6919 2849/6972/6972 2848/6967/6967
f 3709/6919/6919 2851/6973/6973 2850/6974/6974
f 2855/6948/6948 2854/6956/6956 3709/6919/6919
f 2811/6959/6959 2810/6939/6939 3684/6726/6726
f 3684/6726/6726 2817/6975/6975 2816/6976/6976
f 3684/6726/6726 2821/6903/6903 2820/6961/6961
f 2835/6966/6966 2834/6963/6963 3708/6913/6913
f 2850/6974/6974 2849/6972/6972 3709/6919/6919
f 2865/6923/6923 2864/6952/6952 3709/6919/6919
f 2818/6970/6970 2817/6975/6975 3684/6726/6726
f 2847/6968/6968 2846/6929/6929 3709/6919/6919
f 2816/6976/6976 2815/6954/6954 3684/6726/6726
f 2852/6969/6969 2851/6973/6973 3709/6919/6919
f 3675/6717/6717 1750/6977/6977 1749/6978/6978
f 3675/6717/6717 1751/6979/6979 1750/6977/6977
f 3692/6734/6734 372/6980/6980 371/6981/6981
f 371/6981/6981 370/6982/6982 3692/6734/6734
f 3692/6734/6734 375/6983/6983 374/6984/6984
f 3692/6734/6734 378/6985/6985 377/6986/6986
f 3681/6723/6723 423/6987/6987 422/6988/6988
f 3681/6723/6723 425/6989/6989 424/6990/6990
f 370/6982/6982 369/6991/6991 3692/6734/6734
f 374/6984/6984 373/6992/6992 3692/6734/6734
f 377/6986/6986 376/6993/6993 3692/6734/6734
f 3691/6733/6733 379/6994/6994 378/6985/6985
f 422/6988/6988 3710/6995/6995 3681/6723/6723
f 3681/6723/6723 426/6996/6996 425/6989/6989
f 3681/6723/6723 428/6997/6997 427/6998/6998
f 369/6991/6991 368/6999/6999 3692/6734/6734
f 376/6993/6993 375/6983/6983 3692/6734/6734
f 3691/6733/6733 380/7000/7000 379/6994/6994
f 3691/6733/6733 382/7001/7001 381/7002/7002
f 3710/6995/6995 414/7003/7003 413/7004/7004
f 3710/6995/6995 416/7005/7005 415/7006/7006
f 3710/6995/6995 418/7007/7007 417/7008/7008
f 3710/6995/6995 421/7009/7009 420/7010/7010
f 424/6990/6990 423/6987/6987 3681/6723/6723
f 3681/6723/6723 429/7011/7011 428/6997/6997
f 373/6992/6992 372/6980/6980 3692/6734/6734
f 381/7002/7002 380/7000/7000 3691/6733/6733
f 3691/6733/6733 385/7012/7012 384/7013/7013
f 413/7004/7004 412/7014/7014 3710/6995/6995
f 417/7008/7008 416/7005/7005 3710/6995/6995
f 420/7010/7010 419/7015/7015 3710/6995/6995
f 427/6998/6998 426/6996/6996 3681/6723/6723
f 3692/6734/6734 433/7016/7016 432/7017/7017
f 3692/6734/6734 365/7018/7018 364/7019/7019
f 378/6985/6985 3692/6734/6734 3691/6733/6733
f 384/7013/7013 383/7020/7020 3691/6733/6733
f 415/7006/7006 414/7003/7003 3710/6995/6995
f 422/6988/6988 421/7009/7009 3710/6995/6995
f 3681/6723/6723 3692/6734/6734 431/7021/7021
f 3692/6734/6734 362/7022/7022 433/7016/7016
f 364/7019/7019 363/7023/7023 3692/6734/6734
f 3692/6734/6734 367/7024/7024 366/7025/7025
f 383/7020/7020 382/7001/7001 3691/6733/6733
f 419/7015/7015 418/7007/7007 3710/6995/6995
f 431/7021/7021 430/7026/7026 3681/6723/6723
f 363/7023/7023 362/7022/7022 3692/6734/6734
f 368/6999/6999 367/7024/7024 3692/6734/6734
f 430/7026/7026 429/7011/7011 3681/6723/6723
f 366/7025/7025 365/7018/7018 3692/6734/6734
f 432/7017/7017 431/7021/7021 3692/6734/6734
f 3656/7027/7027 3708/6913/6913 3687/6729/6729
f 3658/7028/7028 3709/6919/6919 3708/6913/6913
f 3659/7029/7029 3672/6714/6714 3709/6919/6919
f 3613/7030/7030 1069/7031/7031 3672/6714/6714
f 3673/6715/6715 3672/6714/6714 1069/7031/7031
f 1768/7032/7032 1068/7033/7033 1067/7034/7034
f 3673/6715/6715 1755/7035/7035 1754/7036/7036
f 1068/7033/7033 1766/7037/7037 1765/7038/7038
f 1067/7034/7034 1769/7039/7039 1768/7032/7032
f 1067/7034/7034 1066/7040/7040 1771/7041/7041
f 3675/6717/6717 1753/7042/7042 1752/7043/7043
f 1754/7036/7036 3675/6717/6717 3673/6715/6715
f 3673/6715/6715 1757/7044/7044 1756/7045/7045
f 3673/6715/6715 1759/7046/7046 1758/7047/7047
f 1765/7038/7038 3673/6715/6715 1068/7033/7033
f 1768/7032/7032 1767/7048/7048 1068/7033/7033
f 1771/7041/7041 1770/7049/7049 1067/7034/7034
f 1754/7036/7036 1753/7042/7042 3675/6717/6717
f 1758/7047/7047 1757/7044/7044 3673/6715/6715
f 1765/7038/7038 1764/7050/7050 3673/6715/6715
f 1770/7049/7049 1769/7039/7039 1067/7034/7034
f 1756/7045/7045 1755/7035/7035 3673/6715/6715
f 3673/6715/6715 1761/7051/7051 1760/7052/7052
f 3673/6715/6715 1763/7053/7053 1762/7054/7054
f 1767/7048/7048 1766/7037/7037 1068/7033/7033
f 1760/7052/7052 1759/7046/7046 3673/6715/6715
f 1764/7050/7050 1763/7053/7053 3673/6715/6715
f 1762/7054/7054 1761/7051/7051 3673/6715/6715
f 1066/7040/7040 1775/7055/7055 1774/7056/7056
f 1066/7040/7040 1778/7057/7057 1777/7058/7058
f 1066/7040/7040 1061/7059/7059 1783/7060/7060
f 1063/7061/7061 1733/7062/7062 1732/7063/7063
f 1063/7061/7061 1736/7064/7064 1735/7065/7065
f 1774/7056/7056 1773/7066/7066 1066/7040/7040
f 1777/7058/7058 1776/7067/7067 1066/7040/7040
f 1783/7060/7060 1782/7068/7068 1066/7040/7040
f 1061/7059/7059 1786/7069/7069 1785/7070/7070
f 1732/7063/7063 1731/7071/7071 1063/7061/7061
f 1735/7065/7065 1734/7072/7072 1063/7061/7061
f 1776/7067/7067 1775/7055/7055 1066/7040/7040
f 1066/7040/7040 1780/7073/7073 1779/7074/7074
f 1782/7068/7068 1781/7075/7075 1066/7040/7040
f 1785/7070/7070 1784/7076/7076 1061/7059/7059
f 1061/7059/7059 1789/7077/7077 1788/7078/7078
f 1063/7061/7061 1794/7079/7079 1793/7080/7080
f 1063/7061/7061 1730/7081/7081 1729/7082/7082
f 1734/7072/7072 1733/7062/7062 1063/7061/7061
f 1063/7061/7061 1738/7083/7083 1737/7084/7084
f 1779/7074/7074 1778/7057/7057 1066/7040/7040
f 1784/7076/7076 1783/7060/7060 1061/7059/7059
f 1788/7078/7078 1787/7085/7085 1061/7059/7059
f 1061/7059/7059 1791/7086/7086 1790/7087/7087
f 1793/7080/7080 1061/7059/7059 1063/7061/7061
f 1729/7082/7082 1728/7088/7088 1063/7061/7061
f 1737/7084/7084 1736/7064/7064 1063/7061/7061
f 1781/7075/7075 1780/7073/7073 1066/7040/7040
f 1790/7087/7087 1789/7077/7077 1061/7059/7059
f 1793/7080/7080 1792/7089/7089 1061/7059/7059
f 1063/7061/7061 1796/7090/7090 1795/7091/7091
f 1063/7061/7061 1727/7092/7092 1726/7093/7093
f 1731/7071/7071 1730/7081/7081 1063/7061/7061
f 1773/7066/7066 1772/7094/7094 1066/7040/7040
f 1792/7089/7089 1791/7086/7086 1061/7059/7059
f 1063/7061/7061 1725/7095/7095 1796/7090/7090
f 1728/7088/7088 1727/7092/7092 1063/7061/7061
f 1787/7085/7085 1786/7069/7069 1061/7059/7059
f 1726/7093/7093 1725/7095/7095 1063/7061/7061
f 1795/7091/7091 1794/7079/7079 1063/7061/7061
f 1062/7096/7096 3676/6718/6718 1738/7083/7083
f 3676/6718/6718 1741/7097/7097 1740/7098/7098
f 3676/6718/6718 3675/6717/6717 1748/7099/7099
f 3676/6718/6718 1739/7100/7100 1738/7083/7083
f 3676/6718/6718 1742/7101/7101 1741/7097/7097
f 1748/7099/7099 1747/7102/7102 3676/6718/6718
f 1740/7098/7098 1739/7100/7100 3676/6718/6718
f 3676/6718/6718 1744/7103/7103 1743/7104/7104
f 1747/7102/7102 1746/7105/7105 3676/6718/6718
f 1743/7104/7104 1742/7101/7101 3676/6718/6718
f 1746/7105/7105 1745/7106/7106 3676/6718/6718
f 1745/7106/7106 1744/7103/7103 3676/6718/6718
f 3679/6721/6721 3676/6718/6718 1062/7096/7096
f 3685/6727/6727 3679/6721/6721 1064/7107/7107
f 3685/6727/6727 2135/7108/7108 2134/7109/7109
f 3685/6727/6727 2132/7110/7110 2131/7111/7111
f 2134/7109/7109 2133/7112/7112 3685/6727/6727
f 2133/7112/7112 2132/7110/7110 3685/6727/6727
f 3685/6727/6727 2137/7113/7113 2136/7114/7114
f 1065/7115/7115 2152/7116/7116 2151/7117/7117
f 3690/6732/6732 2115/7118/7118 2114/7119/7119
f 3690/6732/6732 2118/7120/7120 2117/7121/7121
f 2136/7114/7114 2135/7108/7108 3685/6727/6727
f 3685/6727/6727 2140/7122/7122 2139/7123/7123
f 1065/7115/7115 2149/7124/7124 2148/7125/7125
f 2151/7117/7117 2150/7126/7126 1065/7115/7115
f 1065/7115/7115 2154/7127/7127 2153/7128/7128
f 1056/7129/7129 2155/7130/7130 2154/7127/7127
f 3690/6732/6732 2116/7131/7131 2115/7118/7118
f 3690/6732/6732 2119/7132/7132 2118/7120/7120
f 2131/7111/7111 2130/7133/7133 3685/6727/6727
f 2139/7123/7123 2138/7134/7134 3685/6727/6727
f 3685/6727/6727 2142/7135/7135 2141/7136/7136
f 3685/6727/6727 2144/7137/7137 2143/7138/7138
f 3685/6727/6727 2146/7139/7139 2145/7140/7140
f 1065/7115/7115 2147/7141/7141 2146/7139/7139
f 2150/7126/7126 2149/7124/7124 1065/7115/7115
f 2154/7127/7127 1065/7115/7115 1056/7129/7129
f 2117/7121/7121 2116/7131/7131 3690/6732/6732
f 3690/6732/6732 2121/7142/7142 2120/7143/7143
f 2138/7134/7134 2137/7113/7113 3685/6727/6727
f 2143/7138/7138 2142/7135/7135 3685/6727/6727
f 2146/7139/7139 3685/6727/6727 1065/7115/7115
f 2153/7128/7128 2152/7116/7116 1065/7115/7115
f 1058/7144/7144 2099/7145/7145 2098/7146/7146
f 2120/7143/7143 2119/7132/7132 3690/6732/6732
f 3685/6727/6727 2127/7147/7147 2126/7148/7148
f 2141/7136/7136 2140/7122/7122 3685/6727/6727
f 2148/7125/7125 2147/7141/7141 1065/7115/7115
f 1058/7144/7144 2096/7149/7149 2095/7150/7150
f 2098/7146/7146 2097/7151/7151 1058/7144/7144
f 3690/6732/6732 2122/7152/7152 2121/7142/7142
f 3690/6732/6732 2124/7153/7153 2123/7154/7154
f 2126/7148/7148 3690/6732/6732 3685/6727/6727
f 3685/6727/6727 2129/7155/7155 2128/7156/7156
f 2145/7140/7140 2144/7137/7137 3685/6727/6727
f 1056/7129/7129 2159/7157/7157 2158/7158/7158
f 2159/7157/7157 1056/7129/7129 1058/7144/7144
f 1058/7144/7144 2091/7159/7159 2090/7160/7160
f 2097/7151/7151 2096/7149/7149 1058/7144/7144
f 2123/7154/7154 2122/7152/7152 3690/6732/6732
f 2126/7148/7148 2125/7161/7161 3690/6732/6732
f 2130/7133/7133 2129/7155/7155 3685/6727/6727
f 1056/7129/7129 2157/7162/7162 2156/7163/7163
f 1058/7144/7144 2088/7164/7164 2159/7157/7157
f 2090/7160/7160 2089/7165/7165 1058/7144/7144
f 1058/7144/7144 2093/7166/7166 2092/7167/7167
f 2095/7150/7150 2094/7168/7168 1058/7144/7144
f 2125/7161/7161 2124/7153/7153 3690/6732/6732
f 2156/7163/7163 2155/7130/7130 1056/7129/7129
f 2089/7165/7165 2088/7164/7164 1058/7144/7144
f 2094/7168/7168 2093/7166/7166 1058/7144/7144
f 2128/7156/7156 2127/7147/7147 3685/6727/6727
f 2092/7167/7167 2091/7159/7159 1058/7144/7144
f 2158/7158/7158 2157/7162/7162 1056/7129/7129
f 1057/7169/7169 3700/6742/6742 2103/7170/7170
f 1057/7169/7169 2100/7171/7171 2099/7145/7145
f 3700/6742/6742 2104/7172/7172 2103/7170/7170
f 1057/7169/7169 2101/7173/7173 2100/7171/7171
f 2103/7170/7170 2102/7174/7174 1057/7169/7169
f 3700/6742/6742 2106/7175/7175 2105/7176/7176
f 3700/6742/6742 2108/7177/7177 2107/7178/7178
f 2102/7174/7174 2101/7173/7173 1057/7169/7169
f 2107/7178/7178 2106/7175/7175 3700/6742/6742
f 3700/6742/6742 2111/7179/7179 2110/7180/7180
f 2105/7176/7176 2104/7172/7172 3700/6742/6742
f 2110/7180/7180 2109/7181/7181 3700/6742/6742
f 3700/6742/6742 3690/6732/6732 2113/7182/7182
f 2109/7181/7181 2108/7177/7177 3700/6742/6742
f 2113/7182/7182 2112/7183/7183 3700/6742/6742
f 2112/7183/7183 2111/7179/7179 3700/6742/6742
f 3700/6742/6742 1057/7169/7169 1059/7184/7184
f 3705/6819/6819 1060/7185/7185 1055/7186/7186
f 1055/7186/7186 3707/6866/6866 3705/6819/6819
f 2461/6880/6880 3707/6866/6866 1054/7187/7187
f 1053/7188/7188 2464/7189/7189 2463/7190/7190
f 1052/7191/7191 2465/7192/7192 2464/7189/7189
f 1053/7188/7188 2462/7193/7193 2461/6880/6880
f 2464/7189/7189 1053/7188/7188 1052/7191/7191
f 1052/7191/7191 2470/7194/7194 2469/7195/7195
f 1052/7191/7191 1051/7196/7196 3706/6837/6837
f 2463/7190/7190 2462/7193/7193 1053/7188/7188
f 1052/7191/7191 2467/7197/7197 2466/7198/7198
f 2469/7195/7195 2468/7199/7199 1052/7191/7191
f 3706/6837/6837 2471/7200/7200 1052/7191/7191
f 2466/7198/7198 2465/7192/7192 1052/7191/7191
f 2471/7200/7200 2470/7194/7194 1052/7191/7191
f 2468/7199/7199 2467/7197/7197 1052/7191/7191
f 3704/6760/6760 1050/7201/7201 1049/7202/7202
f 3704/6760/6760 1051/7196/7196 1050/7201/7201
f 3703/6745/6745 1048/7203/7203 1047/7204/7204
f 3703/6745/6745 1049/7202/7202 1048/7203/7203
f 3711/7205/7205 3702/6744/6744 1046/7206/7206
f 3702/6744/6744 1047/7204/7204 1046/7206/7206
f 3701/6743/6743 3711/7205/7205 1043/7207/7207
f 3691/6733/6733 3701/6743/6743 1044/7208/7208
f 1045/7209/7209 388/7210/7210 387/7211/7211
f 1045/7209/7209 389/7212/7212 388/7210/7210
f 3691/6733/6733 387/7211/7211 386/7213/7213
f 1045/7209/7209 390/7214/7214 389/7212/7212
f 1045/7209/7209 392/7215/7215 391/7216/7216
f 387/7211/7211 3691/6733/6733 1045/7209/7209
f 1045/7209/7209 393/7217/7217 392/7215/7215
f 1037/7218/7218 406/7219/7219 405/7220/7220
f 1037/7218/7218 409/7221/7221 408/7222/7222
f 391/7216/7216 390/7214/7214 1045/7209/7209
f 1045/7209/7209 395/7223/7223 394/7224/7224
f 405/7220/7220 1041/7225/7225 1037/7218/7218
f 408/7222/7222 407/7226/7226 1037/7218/7218
f 1037/7218/7218 3710/6995/6995 411/7227/7227
f 394/7224/7224 393/7217/7217 1045/7209/7209
f 407/7226/7226 406/7219/7219 1037/7218/7218
f 411/7227/7227 410/7228/7228 1037/7218/7218
f 1045/7209/7209 396/7229/7229 395/7223/7223
f 1045/7209/7209 398/7230/7230 397/7231/7231
f 399/7232/7232 398/7230/7230 1045/7209/7209
f 1041/7225/7225 401/7233/7233 400/7234/7234
f 410/7228/7228 409/7221/7221 1037/7218/7218
f 397/7231/7231 396/7229/7229 1045/7209/7209
f 400/7234/7234 399/7232/7232 1041/7225/7225
f 1041/7225/7225 403/7235/7235 402/7236/7236
f 405/7220/7220 404/7237/7237 1041/7225/7225
f 1045/7209/7209 1041/7225/7225 399/7232/7232
f 404/7237/7237 403/7235/7235 1041/7225/7225
f 402/7236/7236 401/7233/7233 1041/7225/7225
f 3710/6995/6995 1037/7218/7218 1038/7238/7238
f 3680/6722/6722 1038/7238/7238 1039/7239/7239
f 3677/6719/6719 1039/7239/7239 1040/7240/7240
f 3668/6710/6710 1381/7241/7241 1380/7242/7242
f 3668/6710/6710 3667/6709/6709 1382/7243/7243
f 3668/6710/6710 1373/7244/7244 1372/7245/7245
f 3668/6710/6710 1376/7246/7246 1375/7247/7247
f 1382/7243/7243 1381/7241/7241 3668/6710/6710
f 1372/7245/7245 1371/7248/7248 3668/6710/6710
f 1375/7247/7247 1374/7249/7249 3668/6710/6710
f 3668/6710/6710 1378/7250/7250 1377/7251/7251
f 1380/7242/7242 1379/7252/7252 3668/6710/6710
f 3667/6709/6709 1388/7253/7253 1387/7254/7254
f 3667/6709/6709 1390/7255/7255 1389/7256/7256
f 1036/7257/7257 1415/7258/7258 1414/7259/7259
f 1036/7257/7257 1417/7260/7260 1416/7261/7261
f 1035/7262/7262 1418/7263/7263 1417/7260/7260
f 1034/7264/7264 1426/7265/7265 1425/7266/7266
f 1374/7249/7249 1373/7244/7244 3668/6710/6710
f 1379/7252/7252 1378/7250/7250 3668/6710/6710
f 1389/7256/7256 1388/7253/7253 3667/6709/6709
f 1036/7257/7257 1409/7267/7267 1408/7268/7268
f 1036/7257/7257 1412/7269/7269 1411/7270/7270
f 1414/7259/7259 1413/7271/7271 1036/7257/7257
f 1417/7260/7260 1036/7257/7257 1035/7262/7262
f 1035/7262/7262 1423/7272/7272 1422/7273/7273
f 1425/7266/7266 1035/7262/7262 1034/7264/7264
f 1377/7251/7251 1376/7246/7246 3668/6710/6710
f 3667/6709/6709 1384/7274/7274 1383/7275/7275
f 1387/7254/7254 1386/7276/7276 3667/6709/6709
f 3667/6709/6709 1392/7277/7277 1391/7278/7278
f 1408/7268/7268 1407/7279/7279 1036/7257/7257
f 1411/7270/7270 1410/7280/7280 1036/7257/7257
f 1416/7261/7261 1415/7258/7258 1036/7257/7257
f 1035/7262/7262 1420/7281/7281 1419/7282/7282
f 1422/7273/7273 1421/7283/7283 1035/7262/7262
f 1425/7266/7266 1424/7284/7284 1035/7262/7262
f 1034/7264/7264 1429/7285/7285 1428/7286/7286
f 1431/7287/7287 1430/7288/7288 1034/7264/7264
f 1383/7275/7275 1382/7243/7243 3667/6709/6709
f 1386/7276/7276 1385/7289/7289 3667/6709/6709
f 3667/6709/6709 1393/7290/7290 1392/7277/7277
f 3667/6709/6709 1395/7291/7291 1394/7292/7292
f 3667/6709/6709 1398/7293/7293 1397/7294/7294
f 1036/7257/7257 1406/7295/7295 1405/7296/7296
f 1410/7280/7280 1409/7267/7267 1036/7257/7257
f 1419/7282/7282 1418/7263/7263 1035/7262/7262
f 1424/7284/7284 1423/7272/7272 1035/7262/7262
f 1428/7286/7286 1427/7297/7297 1034/7264/7264
f 1034/7264/7264 1032/7298/7298 1431/7287/7287
f 1032/7298/7298 1434/7299/7299 1433/7300/7300
f 3668/6710/6710 1370/7301/7301 1369/7302/7302
f 1385/7289/7289 1384/7274/7274 3667/6709/6709
f 1394/7292/7292 1393/7290/7290 3667/6709/6709
f 1397/7294/7294 1396/7303/7303 3667/6709/6709
f 1407/7279/7279 1406/7295/7295 1036/7257/7257
f 1421/7283/7283 1420/7281/7281 1035/7262/7262
f 1430/7288/7288 1429/7285/7285 1034/7264/7264
f 1433/7300/7300 1432/7304/7304 1032/7298/7298
f 1032/7298/7298 1436/7305/7305 1435/7306/7306
f 3668/6710/6710 1365/7307/7307 1436/7305/7305
f 3668/6710/6710 1368/7308/7308 1367/7309/7309
f 1371/7248/7248 1370/7301/7301 3668/6710/6710
f 1396/7303/7303 1395/7291/7291 3667/6709/6709
f 3667/6709/6709 1400/7310/7310 1399/7311/7311
f 1036/7257/7257 1401/7312/7312 1400/7310/7310
f 1036/7257/7257 1404/7313/7313 1403/7314/7314
f 1413/7271/7271 1412/7269/7269 1036/7257/7257
f 1432/7304/7304 1431/7287/7287 1032/7298/7298
f 1436/7305/7305 1032/7298/7298 3668/6710/6710
f 1367/7309/7309 1366/7315/7315 3668/6710/6710
f 1391/7278/7278 1390/7255/7255 3667/6709/6709
f 1400/7310/7310 3667/6709/6709 1036/7257/7257
f 1403/7314/7314 1402/7316/7316 1036/7257/7257
f 1427/7297/7297 1426/7265/7265 1034/7264/7264
f 1366/7315/7315 1365/7307/7307 3668/6710/6710
f 1399/7311/7311 1398/7293/7293 3667/6709/6709
f 1405/7296/7296 1404/7313/7313 1036/7257/7257
f 1369/7302/7302 1368/7308/7308 3668/6710/6710
f 1435/7306/7306 1434/7299/7299 1032/7298/7298
f 3668/6710/6710 1032/7298/7298 1033/7317/7317
f 1071/7318/7318 3712/7319/7319 3670/6712/6712
f 3670/6712/6712 1033/7317/7317 1071/7318/7318
f 3670/6712/6712 3712/7319/7319 3713/7320/7320
f 3713/7320/7320 3240/7321/7321 3239/7322/7322
f 3671/6713/6713 3228/7323/7323 3227/7324/7324
f 3671/6713/6713 3231/7325/7325 3230/7326/7326
f 3713/7320/7320 3232/7327/7327 3231/7325/7325
f 3239/7322/7322 3238/7328/7328 3713/7320/7320
f 3714/7329/7329 3170/7330/7330 3241/7331/7331
f 3714/7329/7329 3186/7332/7332 3185/7333/7333
f 3671/6713/6713 3222/7334/7334 3221/7335/7335
f 3671/6713/6713 3229/7336/7336 3228/7323/7323
f 3231/7325/7325 3671/6713/6713 3713/7320/7320
f 3713/7320/7320 3236/7337/7337 3235/7338/7338
f 3238/7328/7328 3237/7339/7339 3713/7320/7320
f 3241/7331/7331 3713/7320/7320 3714/7329/7329
f 3714/7329/7329 3172/7340/7340 3171/7341/7341
f 3714/7329/7329 3182/7342/7342 3181/7343/7343
f 3185/7333/7333 3184/7344/7344 3714/7329/7329
f 3221/7335/7335 3220/7345/7345 3671/6713/6713
f 3230/7326/7326 3229/7336/7336 3671/6713/6713
f 3713/7320/7320 3234/7346/7346 3233/7347/7347
f 3237/7339/7339 3236/7337/7337 3713/7320/7320
f 3171/7341/7341 3170/7330/7330 3714/7329/7329
f 3714/7329/7329 3175/7348/7348 3174/7349/7349
f 3181/7343/7343 3180/7350/7350 3714/7329/7329
f 3184/7344/7344 3183/7351/7351 3714/7329/7329
f 3682/6724/6724 3188/7352/7352 3187/7353/7353
f 3671/6713/6713 3218/7354/7354 3217/7355/7355
f 3220/7345/7345 3219/7356/7356 3671/6713/6713
f 3671/6713/6713 3224/7357/7357 3223/7358/7358
f 3671/6713/6713 3226/7359/7359 3225/7360/7360
f 3233/7347/7347 3232/7327/7327 3713/7320/7320
f 3241/7331/7331 3240/7321/7321 3713/7320/7320
f 3174/7349/7349 3173/7361/7361 3714/7329/7329
f 3714/7329/7329 3177/7362/7362 3176/7363/7363
f 3714/7329/7329 3179/7364/7364 3178/7365/7365
f 3183/7351/7351 3182/7342/7342 3714/7329/7329
f 3187/7353/7353 3714/7329/7329 3682/6724/6724
f 3682/6724/6724 3190/7366/7366 3189/7367/7367
f 3682/6724/6724 3192/7368/7368 3191/7369/7369
f 3682/6724/6724 3196/7370/7370 3195/7371/7371
f 3219/7356/7356 3218/7354/7354 3671/6713/6713
f 3225/7360/7360 3224/7357/7357 3671/6713/6713
f 3235/7338/7338 3234/7346/7346 3713/7320/7320
f 3176/7363/7363 3175/7348/7348 3714/7329/7329
f 3180/7350/7350 3179/7364/7364 3714/7329/7329
f 3189/7367/7367 3188/7352/7352 3682/6724/6724
f 3682/6724/6724 3193/7372/7372 3192/7368/7368
f 3195/7371/7371 3194/7373/7373 3682/6724/6724
f 3223/7358/7358 3222/7334/7334 3671/6713/6713
f 3173/7361/7361 3172/7340/7340 3714/7329/7329
f 3187/7353/7353 3186/7332/7332 3714/7329/7329
f 3194/7373/7373 3193/7372/7372 3682/6724/6724
f 3227/7324/7324 3226/7359/7359 3671/6713/6713
f 3191/7369/7369 3190/7366/7366 3682/6724/6724
f 3178/7365/7365 3177/7362/7362 3714/7329/7329
f 3682/6724/6724 3714/7329/7329 3715/7374/7374
f 3716/7375/7375 3717/7376/7376 3718/7377/7377
f 3716/7375/7375 3719/7378/7378 3720/7379/7379
f 3721/7380/7380 3720/7379/7379 3722/7381/7381
f 3723/7382/7382 3722/7381/7381 3724/7383/7383
f 3725/7384/7384 3726/7385/7385 3727/7386/7386
f 3725/7384/7384 3728/7387/7387 3729/7388/7388
f 3730/7389/7389 3729/7388/7388 3731/7390/7390
f 3732/7391/7391 3731/7390/7390 3733/7392/7392
f 3734/7393/7393 3735/7394/7394 3736/7395/7395
f 3734/7393/7393 3737/7396/7396 3738/7397/7397
f 3739/7398/7398 3738/7397/7397 3740/7399/7399
f 3741/7400/7400 3740/7399/7399 3742/7401/7401
f 3743/7402/7402 3695/6737/6737 3744/7403/7403
f 3695/6737/6737 3745/7404/7404 3746/7405/7405
f 3746/7405/7405 3744/7403/7403 3695/6737/6737
f 3742/7401/7401 3746/7405/7405 3745/7404/7404
f 3745/7404/7404 3747/7406/7406 3742/7401/7401
f 3695/6737/6737 3748/7407/7407 3749/7408/7408
f 3749/7408/7408 3745/7404/7404 3695/6737/6737
f 3733/7392/7392 3749/7408/7408 3748/7407/7407
f 3748/7407/7407 3750/7409/7409 3733/7392/7392
f 3695/6737/6737 3751/7410/7410 3752/7411/7411
f 3752/7411/7411 3748/7407/7407 3695/6737/6737
f 3724/7383/7383 3752/7411/7411 3751/7410/7410
f 3751/7410/7410 3753/7412/7412 3724/7383/7383
f 3695/6737/6737 3686/6728/6728 3754/7413/7413
f 3754/7413/7413 3751/7410/7410 3695/6737/6737
f 3683/6725/6725 3715/7374/7374 3754/7413/7413
f 3754/7413/7413 3686/6728/6728 3683/6725/6725
f 3755/7414/7414 3756/7415/7415 3743/7402/7402
f 3757/7416/7416 3758/7417/7417 3756/7415/7415
f 3759/7418/7418 3760/7419/7419 3758/7417/7417
f 3759/7418/7418 3761/7420/7420 3614/7421/7421
f 3620/7422/7422 3760/7419/7419 3614/7421/7421
f 3760/7419/7419 3620/7422/7422 3619/7423/7423
f 3758/7417/7417 3619/7423/7423 3621/7424/7424
f 3756/7415/7415 3621/7424/7424 3623/7425/7425
f 3640/7426/7426 3630/7427/7427 3616/7428/7428
f 3630/7427/7427 3640/7426/7426 3639/7429/7429
f 3629/7430/7430 3639/7429/7429 3641/7431/7431
f 3627/7432/7432 3641/7431/7431 3642/7433/7433
f 3652/7434/7434 3635/7435/7435 3607/7436/7436
f 3635/7435/7435 3652/7434/7434 3651/7437/7437
f 3634/7438/7438 3651/7437/7437 3653/7439/7439
f 3632/7440/7440 3653/7439/7439 3654/7441/7441
f 3664/7442/7442 3647/7443/7443 3617/7444/7444
f 3647/7443/7443 3664/7442/7442 3663/7445/7445
f 3646/7446/7446 3663/7445/7445 3665/7447/7447
f 3644/7448/7448 3665/7447/7447 3666/7449/7449
f 3697/6739/6739 3648/7450/7450 3661/7451/7451
f 3666/7449/7449 3661/7451/7451 3648/7450/7450
f 3648/7450/7450 3645/7452/7452 3666/7449/7449
f 3697/6739/6739 3636/7453/7453 3649/7454/7454
f 3649/7454/7454 3648/7450/7450 3697/6739/6739
f 3654/7441/7441 3649/7454/7454 3636/7453/7453
f 3636/7453/7453 3633/7455/7455 3654/7441/7441
f 3697/6739/6739 3626/7456/7456 3637/7457/7457
f 3637/7457/7457 3636/7453/7453 3697/6739/6739
f 3642/7433/7433 3637/7457/7457 3626/7456/7456
f 3626/7456/7456 3628/7458/7458 3642/7433/7433
f 3695/6737/6737 3624/7459/7459 3626/7456/7456
f 3626/7456/7456 3697/6739/6739 3695/6737/6737
f 3743/7402/7402 3623/7425/7425 3624/7459/7459
f 3687/6729/6729 3697/6739/6739 3660/7460/7460
f 3624/7459/7459 3695/6737/6737 3743/7402/7402
f 3661/7451/7451 3660/7460/7460 3697/6739/6739
f 3660/7460/7460 3657/7461/7461 3687/6729/6729
f 3666/7449/7449 3645/7452/7452 3644/7448/7448
f 3665/7447/7447 3644/7448/7448 3646/7446/7446
f 3663/7445/7445 3646/7446/7446 3647/7443/7443
f 3617/7444/7444 3611/7462/7462 3664/7442/7442
f 3654/7441/7441 3633/7455/7455 3632/7440/7440
f 3653/7439/7439 3632/7440/7440 3634/7438/7438
f 3651/7437/7437 3634/7438/7438 3635/7435/7435
f 3607/7436/7436 3606/7463/7463 3652/7434/7434
f 3642/7433/7433 3628/7458/7458 3627/7432/7432
f 3641/7431/7431 3627/7432/7432 3629/7430/7430
f 3639/7429/7429 3629/7430/7430 3630/7427/7427
f 3616/7428/7428 3604/7464/7464 3640/7426/7426
f 3623/7425/7425 3743/7402/7402 3756/7415/7415
f 3621/7424/7424 3756/7415/7415 3758/7417/7417
f 3619/7423/7423 3758/7417/7417 3760/7419/7419
f 3614/7421/7421 3618/7465/7465 3620/7422/7422
f 3614/7421/7421 3760/7419/7419 3759/7418/7418
f 3758/7417/7417 3757/7416/7416 3759/7418/7418
f 3756/7415/7415 3755/7414/7414 3757/7416/7416
f 3743/7402/7402 3762/7466/7466 3755/7414/7414
f 3744/7403/7403 3762/7466/7466 3743/7402/7402
f 3742/7401/7401 3747/7406/7406 3741/7400/7400
f 3740/7399/7399 3741/7400/7400 3739/7398/7398
f 3738/7397/7397 3739/7398/7398 3734/7393/7393
f 3736/7395/7395 3737/7396/7396 3734/7393/7393
f 3733/7392/7392 3750/7409/7409 3732/7391/7391
f 3731/7390/7390 3732/7391/7391 3730/7389/7389
f 3729/7388/7388 3730/7389/7389 3725/7384/7384
f 3727/7386/7386 3728/7387/7387 3725/7384/7384
f 3724/7383/7383 3753/7412/7412 3723/7382/7382
f 3722/7381/7381 3723/7382/7382 3721/7380/7380
f 3720/7379/7379 3721/7380/7380 3716/7375/7375
f 3718/7377/7377 3719/7378/7378 3716/7375/7375
f 3715/7374/7374 3683/6725/6725 3682/6724/6724
f 3217/7355/7355 3216/6900/6900 3671/6713/6713
f 3713/7320/7320 3671/6713/6713 3670/6712/6712
f 1071/7318/7318 3763/7467/7467 3712/7319/7319
f 1033/7317/7317 3670/6712/6712 3668/6710/6710
f 1402/7316/7316 1401/7312/7312 1036/7257/7257
f 1036/7257/7257 3667/6709/6709 1040/7240/7240
f 1040/7240/7240 3667/6709/6709 3677/6719/6719
f 1039/7239/7239 3677/6719/6719 3680/6722/6722
f 1038/7238/7238 3680/6722/6722 3710/6995/6995
f 386/7213/7213 385/7012/7012 3691/6733/6733
f 1044/7208/7208 1045/7209/7209 3691/6733/6733
f 1043/7207/7207 1044/7208/7208 3701/6743/6743
f 1043/7207/7207 3711/7205/7205 1042/7468/7468
f 1046/7206/7206 1042/7468/7468 3711/7205/7205
f 1047/7204/7204 3702/6744/6744 3703/6745/6745
f 1049/7202/7202 3703/6745/6745 3704/6760/6760
f 1051/7196/7196 3704/6760/6760 3706/6837/6837
f 1054/7187/7187 1053/7188/7188 2461/6880/6880
f 1055/7186/7186 1054/7187/7187 3707/6866/6866
f 1060/7185/7185 3705/6819/6819 1059/7184/7184
f 1059/7184/7184 3705/6819/6819 3700/6742/6742
f 2099/7145/7145 1058/7144/7144 1057/7169/7169
f 2114/7119/7119 2113/7182/7182 3690/6732/6732
f 1064/7107/7107 1065/7115/7115 3685/6727/6727
f 1062/7096/7096 1064/7107/7107 3679/6721/6721
f 1738/7083/7083 1063/7061/7061 1062/7096/7096
f 1772/7094/7094 1771/7041/7041 1066/7040/7040
f 1752/7043/7043 1751/6979/6979 3675/6717/6717
f 1069/7031/7031 1068/7033/7033 3673/6715/6715
f 3672/6714/6714 3659/7029/7029 3613/7030/7030
f 3709/6919/6919 3658/7028/7028 3659/7029/7029
f 3708/6913/6913 3656/7027/7027 3658/7028/7028
f 3687/6729/6729 3657/7461/7461 3656/7027/7027
f 412/7014/7014 411/7227/7227 3710/6995/6995
f 1749/6978/6978 1748/7099/7099 3675/6717/6717
f 2832/6971/6971 2831/6914/6914 3708/6913/6913
f 2821/6903/6903 3684/6726/6726 3688/6730/6730
f 3197/6894/6894 3196/7370/7370 3682/6724/6724
f 2497/6870/6870 2496/6844/6844 3698/6740/6740
f 2471/7200/7200 3706/6837/6837 2472/7469/7469
f 2473/6843/6843 2472/7469/7469 3706/6837/6837
f 3705/6819/6819 3707/6866/6866 3699/6741/6741
f 3567/6785/6785 3566/6815/6815 3703/6745/6745
f 3703/6745/6745 3702/6744/6744 3693/6735/6735
f 3702/6744/6744 3711/7205/7205 3701/6743/6743
f 3700/6742/6742 3699/6741/6741 3689/6731/6731
f 3699/6741/6741 3698/6740/6740 3697/6739/6739
f 3698/6740/6740 3696/6738/6738 3695/6737/6737
f 3696/6738/6738 3694/6736/6736 3686/6728/6728
f 3694/6736/6736 3693/6735/6735 3692/6734/6734
f 3693/6735/6735 3701/6743/6743 3691/6733/6733
f 3690/6732/6732 3689/6731/6731 3688/6730/6730
f 3689/6731/6731 3697/6739/6739 3687/6729/6729
f 3686/6728/6728 3692/6734/6734 3681/6723/6723
f 3685/6727/6727 3688/6730/6730 3684/6726/6726
f 3683/6725/6725 3681/6723/6723 3678/6720/6720
f 3681/6723/6723 3710/6995/6995 3680/6722/6722
f 3679/6721/6721 3684/6726/6726 3674/6716/6716
f 3678/6720/6720 3680/6722/6722 3677/6719/6719
f 3676/6718/6718 3674/6716/6716 3673/6715/6715
f 3674/6716/6716 3709/6919/6919 3672/6714/6714
f 3671/6713/6713 3669/6711/6711 3668/6710/6710
f 3669/6711/6711 3677/6719/6719 3667/6709/6709
f 3764/7470/7470 3751/7471/7471 3754/7472/7472
f 3754/7472/7472 3765/7473/7473 3764/7470/7470
f 3764/7474/7474 3766/7475/7475 3723/7476/7476
f 3723/7476/7476 3753/7477/7477 3764/7474/7474
f 3766/7475/7475 3721/7478/7478 3723/7476/7476
f 3766/7475/7475 3716/7479/7479 3721/7478/7478
f 3766/7475/7475 3717/7480/7480 3716/7479/7479
f 3753/7477/7477 3751/7481/7481 3764/7474/7474
f 3767/7482/7482 3713/7483/7483 3712/7484/7484
f 3767/7482/7482 3714/7485/7485 3713/7483/7483
f 3765/7486/7486 3715/7487/7487 3714/7485/7485
f 3714/7485/7485 3767/7482/7482 3765/7486/7486
f 3765/7486/7486 3754/7488/7488 3715/7487/7487
f 3712/7484/7484 3763/7489/7489 3767/7482/7482
f 3765/7490/7490 3767/7491/7491 3766/7492/7492
f 3766/7492/7492 3764/7493/7493 3765/7490/7490
f 3768/7494/7494 3748/7495/7495 3752/7496/7496
f 3752/7496/7496 3769/7497/7497 3768/7494/7494
f 3768/7498/7498 3770/7499/7499 3732/7500/7500
f 3732/7500/7500 3750/7501/7501 3768/7498/7498
f 3770/7499/7499 3730/7502/7502 3732/7500/7500
f 3770/7499/7499 3725/7503/7503 3730/7502/7502
f 3770/7499/7499 3726/7504/7504 3725/7503/7503
f 3750/7501/7501 3748/7505/7505 3768/7498/7498
f 3771/7506/7506 3720/7507/7507 3719/7508/7508
f 3771/7506/7506 3722/7509/7509 3720/7507/7507
f 3769/7510/7510 3724/7511/7511 3722/7509/7509
f 3722/7509/7509 3771/7506/7506 3769/7510/7510
f 3769/7510/7510 3752/7512/7512 3724/7511/7511
f 3719/7508/7508 3718/7513/7513 3771/7506/7506
f 3769/7514/7514 3771/7515/7515 3770/7516/7516
f 3770/7516/7516 3768/7517/7517 3769/7514/7514
f 3772/7518/7518 3745/7519/7519 3749/7520/7520
f 3749/7520/7520 3773/7521/7521 3772/7518/7518
f 3772/7522/7522 3774/7523/7523 3741/7524/7524
f 3741/7524/7524 3747/7525/7525 3772/7522/7522
f 3774/7523/7523 3739/7526/7526 3741/7524/7524
f 3774/7523/7523 3734/7527/7527 3739/7526/7526
f 3774/7523/7523 3735/7528/7528 3734/7527/7527
f 3747/7525/7525 3745/7529/7529 3772/7522/7522
f 3775/7530/7530 3729/7531/7531 3728/7532/7532
f 3775/7530/7530 3731/7533/7533 3729/7531/7531
f 3773/7534/7534 3733/7535/7535 3731/7533/7533
f 3731/7533/7533 3775/7530/7530 3773/7534/7534
f 3773/7534/7534 3749/7536/7536 3733/7535/7535
f 3728/7532/7532 3727/7537/7537 3775/7530/7530
f 3773/7538/7538 3775/7539/7539 3774/7540/7540
f 3774/7540/7540 3772/7541/7541 3773/7538/7538
f 1070/7542/7542 1073/7543/7543 3767/7544/7544
f 1073/7543/7543 3771/7545/7545 3766/7546/7546
f 3717/7547/7547 3766/7546/7546 3771/7545/7545
f 1073/7543/7543 3775/7548/7548 3770/7549/7549
f 3763/7550/7550 1071/7551/7551 1070/7542/7542
f 3771/7545/7545 3718/7552/7552 3717/7547/7547
f 1073/7543/7543 3774/7553/7553 3775/7548/7548
f 3766/7546/7546 3767/7544/7544 1073/7543/7543
f 1073/7543/7543 3776/7554/7554 3774/7553/7553
f 3770/7549/7549 3771/7545/7545 1073/7543/7543
f 3727/7555/7555 3726/7556/7556 3770/7549/7549
f 3770/7549/7549 3775/7548/7548 3727/7555/7555
f 3735/7557/7557 3774/7553/7553 3776/7554/7554
f 1076/7558/7558 3777/7559/7559 3776/7554/7554
f 3614/7560/7560 3761/7561/7561 3777/7559/7559
f 3776/7554/7554 3736/7562/7562 3735/7557/7557
f 3777/7559/7559 1076/7558/7558 3614/7560/7560
f 3776/7554/7554 1073/7543/7543 1076/7558/7558
f 3767/7544/7544 3763/7550/7550 1070/7542/7542
f 3778/7563/7563 3779/7564/7564 3744/7565/7565
f 3744/7565/7565 3746/7566/7566 3778/7563/7563
f 3778/7567/7567 3776/7568/7568 3777/7569/7569
f 3777/7569/7569 3779/7570/7570 3778/7567/7567
f 3779/7571/7571 3777/7572/7572 3755/7573/7573
f 3755/7573/7573 3762/7574/7574 3779/7571/7571
f 3777/7572/7572 3757/7575/7575 3755/7573/7573
f 3777/7572/7572 3759/7576/7576 3757/7575/7575
f 3777/7572/7572 3761/7577/7577 3759/7576/7576
f 3762/7574/7574 3744/7578/7578 3779/7571/7571
f 3776/7579/7579 3738/7580/7580 3737/7581/7581
f 3776/7579/7579 3740/7582/7582 3738/7580/7580
f 3778/7583/7583 3742/7584/7584 3740/7582/7582
f 3740/7582/7582 3776/7579/7579 3778/7583/7583
f 3778/7583/7583 3746/7585/7585 3742/7584/7584
f 3737/7581/7581 3736/7586/7586 3776/7579/7579
